2.435736659288822636e+02 3.565829643778030231e+02 7.979030967041439437e-02 2.698629771165455549e-01
2.606312689339461599e+02 3.735077655179046587e+02 1.206786830558954637e-01 4.025916238562869398e-01
2.631377480792079950e+02 3.620518701907855075e+02 1.043185892446854141e-01 2.859947337015372182e-01
2.485253549427871178e+02 3.755228760177809022e+02 5.262414831788494313e-02 2.666309138192998751e-01
2.722103471757006901e+02 3.980028991315152211e+02 1.078286128308667963e-01 2.664509995182191560e-01
1.346490734787167582e+02 3.801327606425505223e+02 7.436726608495905846e-03 5.072510279233884839e-03
2.206485168137938615e+02 3.088534124381790775e+02 -8.820351842621670935e-02 -3.634319474644671089e-01
2.647039551084628215e+02 4.127022666059546623e+02 1.079295915412600004e-01 2.826529354257732440e-01
1.399425776610994774e+02 3.892663659083561356e+02 -3.054877732938733690e-03 -1.406954862135994513e-03
2.282731397950437895e+02 3.215950699515094016e+02 -6.899985381582524058e-02 -3.285411981277408522e-01
2.759198973821216896e+02 4.148211137280042067e+02 8.314443733867490915e-02 2.715183242816708309e-01
2.307271252355731121e+02 3.377816282044497598e+02 -6.776770327728581789e-02 -2.843555293209935053e-01
2.765986953938240731e+02 4.264803235156505252e+02 9.414401547870468456e-02 2.315158103560777114e-01
2.789791949358592547e+02 4.359907217090039921e+02 4.629404435176823207e-02 2.173840391605106614e-01
2.711558212407238670e+02 4.357990442561787745e+02 7.964476487386784598e-02 1.862903701672466161e-01
2.834726174176130939e+02 4.562066237050789255e+02 7.679818230374425847e-02 2.829014689251934112e-01
2.766672164277364345e+02 4.622586358986267214e+02 5.414068310137218343e-02 2.941964527114678263e-01
2.343991971092066251e+02 3.566952673428902472e+02 -1.487140165886330079e-01 -4.340249577485675303e-01
2.878091878747815144e+02 4.712482459879109911e+02 5.904631076917736532e-02 2.865150307593962165e-01
2.461839008205499226e+02 3.821323204595687457e+02 -1.145968390353607064e-01 -3.619730888467005969e-01
2.418501150707124054e+02 3.852938687285773653e+02 -1.331136457290864050e-01 -3.935245938120500719e-01
2.787450246571820003e+02 4.839900555258336681e+02 7.833024981592454517e-04 3.195280322904163750e-01
1.516681926866534980e+02 4.550781757766185933e+02 4.979751878834978024e-03 4.424223638912479044e-03
1.890612999620867640e+02 5.212689425762991959e+02 8.637723753794926407e-02 3.235744225297504384e-01
2.477841537476389533e+02 4.019893319698722394e+02 -1.343369318017252623e-01 -3.694939576175728102e-01
2.706058512393536262e+02 5.043707203532054564e+02 -6.837812544892139799e-02 3.667752192558141888e-01
2.774701017884672183e+02 5.094171407541363124e+02 -4.852347761888693711e-02 3.777076472112959604e-01
1.827393721638622708e+02 5.251664549816113094e+02 7.445302648666836387e-02 3.342416581454698554e-01
2.536450178949883991e+02 4.646534255241908795e+02 -2.498440381564611063e-04 -3.124204619224473997e-02
2.537232724150001104e+02 4.149783401188255993e+02 -9.576641841900396246e-02 -2.996631450667461838e-01
2.595046624701581095e+02 4.322671754929762642e+02 -9.474040164431332678e-02 -1.938481251952998974e-01
2.563951288084782050e+02 5.271289783416070804e+02 -1.995013068789897315e-01 3.894811656622165774e-01
2.542909501588278545e+02 4.282586079291406236e+02 -6.814040698493206705e-02 -2.688194157719626665e-01
2.619164983189141367e+02 5.303256350330877922e+02 -1.107712800039971496e-01 3.087458281872239030e-01
2.678757112724726994e+02 5.318047422063452814e+02 -1.252636728624818008e-01 3.446328050568360779e-01
2.602418373602213251e+02 4.405421886901415860e+02 -3.685826552856440869e-02 -2.900802252786878754e-01
2.593454212278432465e+02 4.440483019513110889e+02 -1.149651024604933375e-01 -2.144753107897063027e-01
2.747359674808388377e+02 5.366892553508998844e+02 -7.095347999097781355e-02 3.001574671571944353e-01
2.808786489335869305e+02 5.357226235885398182e+02 -7.494983594662332771e-02 3.186413485537861745e-01
2.588532640384398746e+02 4.491973925325046366e+02 -2.570958106502141058e-02 -2.657152561360853205e-01
2.584547688696421801e+02 5.447593102382699044e+02 -1.247940359509557562e-01 2.537640611970679028e-01
2.667478837868650885e+02 5.478862574232638281e+02 -1.125909012403464859e-01 2.509739344801337202e-01
2.067359720416091307e+02 5.174388103241151384e+02 5.032287356699487743e-04 -5.755801621399759399e-04
2.284690208204601447e+02 5.214521634184765162e+02 7.735749750279995347e-03 6.923508738123468689e-03
2.624813877983154953e+02 4.674323596668381242e+02 1.151475686401636778e-01 -3.074260068592740147e-01
2.808808294525032920e+02 5.539116872699333953e+02 6.257210150310318908e-03 1.375193449306053584e-01
2.193943405170377048e+02 5.527278208584064032e+02 2.211692260911110874e-01 1.115654243794779177e-01
2.682621167440715340e+02 3.004320478003594417e+02 5.862880063177997123e-04 -3.570021663007185927e-05
3.062895908032584771e+02 4.614567713942509499e+02 1.490004078819070002e-02 -4.508095769599076465e-03
4.583045173781549693e+02 4.495626263320595513e+02 -5.132587465505812803e-03 1.909073830051515866e-03
4.634101953443569641e+02 4.480200775600050633e+02 2.179329151852916775e-03 -4.065945364202727501e-03
3.150198924872474322e+02 4.710877878577627484e+02 3.737103793958110494e-03 -1.320944869134264843e-02
3.091189503636298923e+02 4.786352846116750470e+02 1.760935021474153333e-03 -6.822013066709479122e-03
3.210870384723786515e+02 4.773509446927876070e+02 4.687436689357245018e-04 -2.170531339268311698e-04
3.248273521915667175e+02 4.852880751155354346e+02 5.256737853722253089e-04 -1.812105014759218206e-03
3.065545596653374218e+02 4.939539912111525837e+02 2.694873664745275725e-03 -1.079055994594596904e-02
3.063727363676289315e+02 5.018347689482663441e+02 3.405987120696534875e-03 1.368485206661703389e-03
3.127859269683607977e+02 5.057272410426165834e+02 1.041416779466796706e-02 2.532663888738026416e-03
3.174746039854235278e+02 5.066704288348451541e+02 -5.102842333288023710e-03 -2.396560155136345793e-02
3.002743039834975889e+02 5.122184705028615781e+02 4.168230169838271250e-03 7.008624571901489247e-04
3.188344478886306206e+02 5.122683087498003260e+02 -1.579637153627072924e-02 -2.799781535333912066e-02
5.640636654578951266e+02 3.845437274592127892e+02 9.992799721753906766e-03 2.090532374701510945e-02
5.681889722483729201e+02 3.792337257198520319e+02 -2.833973667968688832e-05 -1.390700552843388178e-03
6.438834207199253115e+02 3.887505464973422704e+02 5.654028485124435593e-02 -1.149107169428274051e-03
5.423813409299555133e+02 4.053769038294954044e+02 -3.931563211804447143e-03 8.945844664325330528e-03
5.554521778309203910e+02 4.045230797801676204e+02 2.199082848915618563e-03 6.973467587812646334e-03
5.809782365510793625e+02 3.993239441697344887e+02 -1.708832647568444760e-02 -2.018115897274331411e-02
5.450937139800233808e+02 4.105215716934117154e+02 -2.924824784754086280e-03 3.791487569605133095e-03
5.581494875231494461e+02 4.031070449243106282e+02 4.558727256594601084e-04 -1.254443269529740158e-03
5.873274563202430727e+02 4.048732411594683640e+02 -4.881973523453942364e-04 -2.938081002683490739e-04
5.286318143915992778e+02 4.227098012599945491e+02 -1.488875361453867940e-04 -3.079855581560904734e-03
5.897264129338442444e+02 4.127088913494127382e+02 -7.627046630758659886e-03 -1.203637234830171824e-03
5.674413948083498553e+02 4.207219319183712969e+02 5.427913993465757064e-03 1.534398387061380745e-03
4.726678758139103707e+02 4.348128882812812321e+02 -6.653655859537029038e-02 -4.228086278569977673e-03
5.436820119973339160e+02 4.250707801366523313e+02 6.149947380615032773e-03 -3.271844025326316012e-03
5.727995788874172831e+02 4.194150524749101123e+02 9.368380370071264802e-04 -4.790333185128181799e-03
5.056769863808662535e+02 4.350446955557884507e+02 -5.944196331511486346e-03 8.174197369850623451e-03
5.387626450271786780e+02 4.298932022305799592e+02 3.494999601917868782e-03 -1.758396013525667092e-04
5.800919002555028783e+02 4.272723041126498629e+02 3.535945459832261353e-05 -5.525723280350751040e-03
5.515086281346785881e+02 4.346209515643012651e+02 1.476799376125609818e-02 1.277954424766800058e-03
5.978129575336669177e+02 3.381987540640166117e+02 -2.383461627840204322e-01 -5.140813584943871861e-01
4.951162977290164235e+02 4.436040267623382078e+02 8.053500138771596539e-04 -4.585810061320160815e-03
4.958108606376038097e+02 4.433008967136508431e+02 -1.111347059906062041e-03 -5.986442801097292474e-03
4.774299947613544646e+02 4.486796202301109133e+02 -1.712665161411653508e-02 -5.416115980655813490e-03
4.808420949169459959e+02 4.464482133465790525e+02 -2.271942396049440871e-02 -8.343787540368203387e-03
5.592512261428971669e+02 4.393372120859478969e+02 7.270273878728826522e-03 2.632000616888310190e-03
4.952621554939171915e+02 4.488012229541097895e+02 3.779555737329282680e-04 -9.922957373113589982e-03
6.220172025251987407e+02 4.381623946997982557e+02 1.561430609015560834e-02 -7.589904761634290106e-03
5.168526459495780045e+02 4.487142983464444228e+02 -1.472222032159359187e-03 -5.912667491541037830e-03
5.533674426073376935e+02 4.454351876272943969e+02 -1.458992597336099088e-03 1.196570099710193543e-03
5.259025030310033344e+02 4.519785397267318103e+02 -2.434562148222188353e-03 -2.357797168833082569e-04
5.674996422095850903e+02 4.473025238757375064e+02 5.254277612740261214e-03 3.759109264290888715e-03
5.758589596537323132e+02 4.457748959046848540e+02 -8.803260358202504368e-03 1.030471775556965341e-02
6.261688430596619810e+02 4.420363125960549269e+02 -1.145420742680376865e-02 4.139209686375372801e-03
5.464574129457051868e+02 4.532557225899323612e+02 2.503703657150325827e-03 7.194837905396890207e-03
5.581668826553526515e+02 4.533241346368092763e+02 -1.835864785522683777e-03 -9.067687096374487873e-03
4.705739650690372287e+02 4.616730560960605203e+02 2.379301719487318580e-03 -5.458776105685933348e-03
5.844259082539683732e+02 4.505736916196325978e+02 2.459000741138163762e-02 1.827068887822161022e-02
6.069804796253499717e+02 4.492641116303761919e+02 1.780957457705682929e-03 -2.251559724919109694e-04
6.479627783693907759e+02 4.425853676118663884e+02 -9.531485610053925042e-03 4.360663667383878929e-03
4.810925350619099845e+02 4.681626053905010849e+02 -1.000086620761708560e-02 -3.968224867039095265e-03
5.622494962192052981e+02 4.608090101257313336e+02 -1.017961402728342598e-03 -2.398905517947183194e-03
6.242918177321139410e+02 4.517738124331977474e+02 1.910210290720717324e-03 -1.264609677374471317e-02
6.075826522177857214e+02 4.577404906549927546e+02 1.432063719696341009e-04 -3.397752110432443982e-03
5.826017212209599165e+02 4.666975099804189995e+02 1.156221978098218115e-03 1.048527015024711346e-03
5.796284420320598656e+02 4.683100539390867993e+02 -7.219033120556091936e-04 6.292682586778784379e-03
5.427309839800342388e+02 4.760212858968333762e+02 5.442139314890717151e-03 8.933658228757210360e-04
5.712526339855514834e+02 4.727599601515965446e+02 -5.935087059186224846e-03 -6.168288056885400106e-04
5.158073062776437610e+02 4.809284319594650583e+02 4.631893070852426131e-03 7.701665361011155765e-03
5.570508364591516965e+02 4.798536235684606481e+02 7.872378426183407329e-03 8.851746740564823621e-03
5.756671201799942992e+02 4.780448262600884846e+02 3.077532591753492247e-04 -3.249192967923072994e-03
5.255358314940284572e+02 4.860734602064574688e+02 -3.568778881439321152e-04 -2.964235493453601942e-04
5.433944216529259847e+02 4.891724800128546917e+02 1.955838714385244644e-03 9.868419793400619745e-04
5.824413553820510288e+02 4.885046225060760321e+02 4.283015262397402677e-03 3.987798446310012249e-03
6.065701164990750840e+02 4.853272629211811022e+02 5.357796843273348241e-04 -1.658633270369141424e-03
8.332651332986556554e+02 3.634216065637185125e+02 -4.040414555506100956e-04 3.244815394276150209e-03
8.279841492994383998e+02 3.708525720708612994e+02 2.435987302243966535e-03 -3.603011906911528228e-03
8.151517595166899355e+02 3.867575919280557173e+02 6.811433755148196996e-03 -1.051648948067273812e-02
8.355209245129678948e+02 3.959530724635806678e+02 4.748242337271195088e-03 1.687030463774804104e-02
7.053760104185537330e+02 4.147457387367002184e+02 2.781601755807266985e-02 -3.364793841980358996e-02
6.306208839978630749e+02 4.923687022046576658e+02 -1.914800473111983037e-01 2.697129332826255776e-01
7.573513793487103385e+02 4.404054750362773802e+02 3.575374473635603480e-03 5.051702667263063959e-04
1.101908862975852344e+03 1.699187877247050551e+02 1.165068387412887124e-01 5.742526970048223572e-02
9.732287051817066867e+02 1.724441327234453070e+02 -2.719032001951263849e-02 -2.823163379284547927e-02
1.046239078602842937e+03 1.614267160791529250e+02 1.367411305587701992e-02 -1.715623060046832585e-02
1.049597979588289263e+03 1.619112432164383222e+02 1.555316661287098161e-02 -1.169047756591586225e-02
9.863758268053873053e+02 1.770615476044794150e+02 4.330186688268287606e-03 -2.361065707907725186e-02
1.069462921754722402e+03 1.634753789841364267e+02 -2.904285701662398696e-03 -1.058054055091436560e-02
1.100370813308570860e+03 1.926025643480882366e+02 2.066379703558028358e-01 1.515290750964245481e-01
1.107107727521464767e+03 1.810206203599154264e+02 1.219916006947088238e-01 1.189559751041035091e-01
1.035414491498952430e+03 2.289623316843723160e+02 1.385695341969974126e-01 2.925302484555474813e-01
9.915293374271986977e+02 1.697281424434602570e+02 -9.873727425755901566e-02 -6.367537867155638465e-02
1.055708914672414494e+03 1.869400296139754971e+02 7.009049972852927912e-02 4.080657845898907204e-02
1.111803555860423558e+03 1.670752378438139658e+02 4.193794626806464192e-03 -1.650295733481576752e-02
1.117590844937761631e+03 1.662825077158288138e+02 -4.946994508493322146e-02 1.208929771210664854e-02
1.087949121157139643e+03 1.781844365743857850e+02 -1.245349883577609278e-02 6.449234623580582873e-03
9.789220196934213618e+02 2.005309410788719049e+02 1.185140119287548264e-03 -1.971445563818951044e-02
1.000923340782941068e+03 1.848290622266127912e+02 -1.034779341218363888e-02 -3.637830793892722625e-02
1.018420068769535874e+03 2.110390340366847681e+02 9.086129025522067526e-02 2.713881894406730555e-01
1.122176218184814388e+03 1.748302144271264922e+02 -1.706474441852430437e-03 4.052375521801047237e-03
1.148134146125148845e+03 1.774195168709034078e+02 2.278556796284980299e-02 -9.448519360072587039e-03
1.158919981606383317e+03 1.957660294590203875e+02 2.622517317256957137e-01 1.425895078331408661e-02
1.010606137468462521e+03 1.968382598869954450e+02 -2.735451141489368687e-02 -7.800460314673433870e-02
1.081734295049047660e+03 1.937630491036937883e+02 -5.059241027213442349e-02 -3.059143061844929196e-03
1.125065151306758708e+03 1.867340986896890058e+02 -3.400878683344284777e-03 -6.650445828352819335e-04
1.039186316250695199e+03 2.072392768835826757e+02 1.560832287739884021e-02 3.113606821613311773e-02
1.059550895707268182e+03 1.977695118371636624e+02 1.586467996193647104e-02 -3.215695032763010719e-02
1.117816931992678064e+03 2.006604356422868420e+02 -2.581054853940168911e-02 4.223115595613784190e-02
9.994785847928501425e+02 2.042243756156318852e+02 1.503697895942639369e-02 -8.118097523089290446e-02
1.089124112265586746e+03 2.035917381906727712e+02 4.732828307461915858e-03 5.000306268589111390e-03
1.065071504506523752e+03 2.141917466892809614e+02 -5.470934547685090549e-02 -1.961410262020652981e-02
1.054287976699183218e+03 2.148017259823252800e+02 -8.259269878399299117e-03 2.787334684066929136e-02
1.075579001227051322e+03 2.220801748507750801e+02 6.167113346997788251e-03 -1.089312907776875117e-02
1.134473141125301254e+03 1.720751973411825873e+02 2.186533193166476652e-01 -2.862029819894763571e-01
1.127676906544080339e+03 2.303839708145185625e+02 -4.907904398290309500e-02 1.986861005335981145e-01
1.102926183604650532e+03 2.209786954517337563e+02 1.125868907096410493e-02 3.154012673438964798e-02
1.114258133325860399e+03 2.166926699011183928e+02 -6.988945602994262041e-03 1.826148069056983056e-02
1.127762366982264666e+03 2.087689431663680750e+02 1.954615526466735309e-02 -2.258267058613453067e-03
1.077198293840722499e+03 2.661863112015677757e+02 1.946945179802286874e-01 1.972912668894130084e-01
1.109624644315194246e+03 2.300530135730749635e+02 3.668774657754592192e-03 -1.459008028928279179e-03
1.118708310486757910e+03 2.404513438659230360e+02 -6.503326002109476034e-02 1.309641958493384661e-01
1.013889510027236724e+03 2.366635302684429689e+02 -3.701183157574569615e-02 -2.454166951663623933e-02
1.121153132096049831e+03 2.294187032136481150e+02 5.355127726049053322e-02 -1.079399147315528024e-01
1.102555079297272869e+03 2.936785502216480950e+02 2.485367598948243495e-01 2.415817200012373989e-01
1.053025426222910710e+03 2.495659344866504625e+02 1.048927002495727012e-01 -1.276665323976645949e-01
1.024071992257184093e+03 2.760648776640222763e+02 -6.670834321440533531e-04 3.991950727720337301e-03
1.046710002531532155e+03 2.812886138220489443e+02 -1.962129058822731364e-02 2.856419814021241010e-02
1.114394758632488220e+03 3.088509396455563660e+02 2.189833148217355252e-01 2.173255250624740453e-01
1.061995893339815211e+03 2.931761200959537632e+02 -1.851997367393012905e-02 4.204224312959276705e-02
1.046680888805506356e+03 2.915978795296539374e+02 -4.325443482453055800e-03 3.581813965935214117e-02
1.074529942138305159e+03 3.116669108745714425e+02 1.884818448511531297e-02 -3.698149727476970124e-03
1.056577842963328976e+03 3.177242135762061253e+02 -2.854472393284307290e-03 1.950123230301809008e-02
1.078216281952233885e+03 3.230073187325843946e+02 -9.481381449562165803e-03 1.046265411392790059e-03
1.076139445436887627e+03 3.330043680223634510e+02 -4.241405892735831615e-03 6.884079361037213560e-03
1.092146647028503594e+03 3.317520953951238312e+02 1.834261502592360663e-02 -6.454399174008876305e-03
1.175600190373956139e+03 1.476308381627656274e+02 4.452778197044086200e-02 1.767973104967854661e-02
1.165367471974672753e+03 1.745140641710419231e+02 1.161599441111365628e-02 -1.087912513198975584e-02
1.186151653774459419e+03 1.733423378446116203e+02 2.413729977145675012e-03 2.077396686089660795e-03
1.181050938969371828e+03 1.782059743760294452e+02 -3.552066777056007854e-04 -2.192482304323702461e-03
1.175615113846741224e+03 1.814080917736195886e+02 1.370161688724368717e-03 -4.937648624330576164e-03
1.186315914798505901e+03 1.791108995326454760e+02 -1.429647526105561495e-03 -1.882713830893930490e-02
1.172526550164882792e+03 1.889257221307382224e+02 -8.582176776666763408e-04 2.933131970959300221e-03
1.142871029393764275e+03 2.067604494895566347e+02 -8.110023703803823439e-03 1.677459237736241005e-02
1.153286961646184864e+03 2.092896567754527837e+02 9.459180035302851286e-02 -5.384363991302311414e-02
1.179627816972312985e+03 2.125359105138759617e+02 -1.749712130833926127e-02 6.771097253061361676e-02
1.153641108450408865e+03 2.161497825818873935e+02 1.215519435800611068e-03 2.721190122105634004e-02
1.169670276798529130e+03 2.142235937948595961e+02 1.327481186817209202e-03 -4.788223255084379164e-04
1.190813849104187511e+03 2.084358475715569909e+02 -6.761055660564746321e-03 -4.451902541633486962e-03
1.195151333086637123e+03 2.252855988289578306e+02 7.859262947658637866e-02 -7.151936237039648123e-04
1.203600191965336990e+03 2.153753692514235070e+02 1.451178366032493568e-02 -1.611558553301196961e-02
1.155026243007006997e+03 2.246087396245147261e+02 -3.874674776652412347e-03 9.116036338171640968e-03
1.162163107895850999e+03 2.288196557115937253e+02 -1.789176484684917813e-03 4.694239505637274462e-02
1.178180246271364695e+03 2.357966961134043800e+02 -1.728225010015869544e-03 6.804416821623840428e-02
1.141442600502632331e+03 2.410715436647971615e+02 1.644252209346425131e-02 3.025019753208383136e-02
1.197547705470172332e+03 2.315846906828497254e+02 2.800263568326612218e-02 4.510691062844109783e-02
1.202679765309968388e+03 2.351975624213773415e+02 8.613340893946382082e-02 -2.774507675814989055e-02
1.144339375947006374e+03 2.481349229011140096e+02 6.967655612760888587e-03 -4.247906358221715389e-03
1.183092837082089545e+03 2.498420559332907089e+02 3.648737970337660470e-03 -1.408879878763574962e-02
1.194424619140052073e+03 2.457533011530850615e+02 -3.938237671013216507e-02 1.333988492029593298e-02
1.183606940230017017e+03 2.548268171924152057e+02 -7.537256342305740167e-03 -7.394588604491259248e-04
1.215398579115906614e+03 2.537097756418419578e+02 -1.041613914986726924e-02 8.614045829054446917e-04
1.205699574034071247e+03 2.608580710990732427e+02 2.277409137473519404e-02 -1.530903102944887332e-03
1.273249668786846087e+03 2.585279555101022879e+02 -5.036870014410481855e-04 2.293871698479578274e-03
1.195010436732516382e+03 2.793033666690104724e+02 -1.340888837951680068e-02 1.401072336704774560e-02
1.132739320860001726e+03 3.245233714523151320e+02 9.409384325160075058e-02 1.050238170658164133e-01
1.181517927043400505e+03 3.345595569690764250e+02 2.420582099496366990e-01 1.397757905950687829e-01
1.193757495148706539e+03 3.112818883063251292e+02 -1.528040786773558410e-02 9.444249974336908771e-02
1.242829147779631285e+03 2.937592035022537971e+02 8.675766576734621552e-03 -4.061884445781117209e-02
1.209560751978172902e+03 3.257933015840351914e+02 2.599535170938884199e-01 4.950245571301151865e-02
1.108052272697191711e+03 3.395696234612468629e+02 -1.043645471614212603e-02 7.346209231181799471e-02
1.268869367765951210e+03 3.337276917051943883e+02 3.612473533716170082e-01 8.366914203663940175e-02
1.112952640555839707e+03 3.394409386837464808e+02 -1.458745377852543532e-03 -5.780099270995973405e-03
1.123936305214351478e+03 3.499943874783380693e+02 -1.529677516794544084e-02 6.699781942941599941e-03
1.109857465877834557e+03 3.546175826796244905e+02 -5.452596177686399107e-03 7.702027489620710474e-03
1.205241534636552160e+03 3.508261855706704182e+02 1.217122881232558657e-01 4.342958020916089235e-02
1.302479201374697141e+03 3.605042444944027125e+02 -6.954487576088620726e-02 2.777172844490751746e-01
1.247280258661396829e+03 3.510090803439638307e+02 3.046779111487755154e-01 -3.498531186295789075e-02
1.254816931357558133e+03 3.476133036441393074e+02 3.349896644872050189e-01 -1.579224254978607855e-01
1.145783475012983899e+03 3.772469050734504208e+02 -9.558879130175831212e-03 2.003422407519038495e-02
1.272776619832314282e+03 3.771887259300695519e+02 -4.778772290819688351e-03 -1.439852654729774882e-02
1.189961128500371387e+03 3.911904858205191431e+02 1.339494265234501651e-02 -5.785438996187199090e-03
1.203789115637101304e+03 3.940028008072675902e+02 -2.270416586883818380e-02 -2.477442851092728250e-03
1.224114675128796080e+03 3.956578817594131579e+02 -1.009423266567288299e-02 -1.511459572175384222e-02
2.761336932977993683e+02 5.602410307617203671e+02 -3.153431487116071380e-02 5.662415079904583454e-02
2.659150303298370090e+02 4.862189101854056048e+02 1.245127131313238100e-01 -3.624402951422122099e-01
2.548237720220485869e+02 5.728438558612558609e+02 -6.547806333523341349e-02 1.560084757035234970e-01
2.466185746591750956e+02 5.791697688304702751e+02 -5.592023193642744333e-02 1.543710912631396093e-01
1.626825988178296427e+02 5.291606213981074234e+02 -2.711798065638056920e-01 -1.721709072253766459e-01
1.623369662351690863e+02 5.429989102836485699e+02 -3.000811030567581139e-01 -1.568765647502813054e-01
2.836164553272631110e+02 5.619645444910266860e+02 -5.380547702878350422e-03 -5.811620051998592044e-03
1.655388962284863226e+02 5.767539828520883702e+02 -3.572822162322106948e-03 -2.568425678387344937e-04
2.406086773704335258e+02 5.672740566360238290e+02 -7.917925021395362181e-03 -4.154000233473981174e-03
2.369625858364090902e+02 5.691245000369053741e+02 -9.961358183455549381e-04 -2.291149199604120262e-03
2.429709929593990410e+02 5.902838621390346816e+02 -3.990126079706852319e-02 9.598753343191061826e-02
2.485368606043000170e+02 5.922292474664902784e+02 -5.016746438470908592e-02 9.138438453103142622e-02
1.890771977652183864e+02 5.842855004560117322e+02 -3.494033981840488374e-03 8.653822878012860584e-03
1.821560455694780671e+02 5.544072616004687006e+02 -2.600152458144240342e-01 -1.225362948574616612e-01
2.768813386889979711e+02 5.724637641429018231e+02 1.015414066368930911e-02 3.988361256880701769e-03
2.694218875663352151e+02 5.793168369916768370e+02 -1.281039467380426121e-03 -2.328467064956493172e-03
2.921273071610983720e+02 5.768801389653542628e+02 2.863285549566815368e-03 2.927924730342042550e-02
2.977261567153045121e+02 5.745434856447694756e+02 -1.082386389863347793e-02 3.724879134282862558e-03
2.478427793536025945e+02 5.169776352462762361e+02 1.565849428258034859e-01 -4.507749392106675246e-01
3.108820899347100521e+02 5.787444217518005871e+02 -4.365007512668547113e-03 1.651700070987101310e-02
3.110738231508170202e+02 5.357857739876684491e+02 1.109227091799852224e-02 -2.010787951049241851e-01
2.746392257290366956e+02 5.898184276036205347e+02 9.540761161918674682e-03 -2.703935365378912648e-03
2.183699912649435078e+02 6.033131221853951729e+02 6.593850353233324593e-03 7.774878343558058562e-03
2.711595421759016062e+02 5.922593437475233031e+02 2.653406713748120496e-02 4.116531536877541977e-04
2.354869506110874511e+02 6.047194298185770549e+02 -4.901328283660285473e-02 2.310350281839257044e-02
2.787477665996903511e+02 5.957838256871688145e+02 9.296161559737553884e-03 6.562750752672093929e-03
2.066174830603437726e+02 5.664249929516730617e+02 6.747467456516162421e-02 -2.204655911579758987e-01
2.122067297291159775e+02 5.629197037245163528e+02 6.554843649612765444e-02 -2.227572997847544478e-01
2.424921416613624103e+02 5.340039896066620031e+02 1.975783626317562103e-01 -4.257457109265408990e-01
2.858253995443226927e+02 5.984128102474246589e+02 6.268484807857574621e-03 2.699115207658316085e-02
2.236428425494507906e+02 6.103086914239595444e+02 1.246684217450802143e-02 1.328941432405142745e-02
2.293928006151525949e+02 6.080302661141860199e+02 -3.124566855713832234e-02 1.644196299295376529e-02
2.489341182308115208e+02 6.022958198004581618e+02 5.835714362155719134e-03 8.063789091667362963e-03
2.795438951725670336e+02 6.007669089065046819e+02 -1.109366729666713680e-02 1.641968392460053168e-04
2.411816025895133464e+02 5.427466531357832764e+02 2.599438251061831906e-01 -4.266966675698173894e-01
2.995716264983935275e+02 6.024204951032439794e+02 -2.387360883255726200e-03 -2.826500108137161571e-03
2.868148230121045685e+02 6.074582382010263473e+02 4.599740437925555793e-03 8.630423521024135208e-03
2.817986877354036892e+02 6.149782686488129002e+02 6.982234117866046273e-03 2.376862932863777964e-02
2.381746758399891917e+02 6.227595420088543960e+02 2.755768720249077500e-02 3.429640132592362296e-03
2.488928733393315724e+02 6.204207962795572939e+02 4.516375889475811138e-03 -4.808604343573882195e-03
2.970801778553632744e+02 6.142639433751782008e+02 3.074023463806168765e-03 -1.259411320429850453e-04
2.070994336876641455e+02 5.785181537268750844e+02 9.688579326903511146e-02 -2.845003862530800509e-01
2.545018501173953211e+02 6.244770031135815316e+02 -1.628545661576042552e-03 -2.640599992673742236e-04
2.017683764445979762e+02 5.815564268454046442e+02 1.118060251660633886e-01 -2.786116629989264237e-01
2.272639092282507534e+02 6.301729371187088873e+02 3.849496348473932321e-04 -8.097848296297388473e-04
2.084121993052323205e+02 5.912002349972943875e+02 2.690077795356208834e-01 -2.302074982139969417e-01
2.331111989215069116e+02 5.625023714877140719e+02 2.124233525842570691e-01 -3.924543641614698375e-01
2.111722050150515884e+02 6.346403588812047474e+02 -1.358213798315371749e-02 -2.591942194487841054e-03
2.328296470231258866e+02 6.294259481692598683e+02 -1.036169179663415417e-03 -3.461918954678034135e-03
2.845282914333869257e+02 6.238120438804726291e+02 1.300620412971984245e-03 -1.726572231606190305e-02
2.155405450677366446e+02 5.820810052616893699e+02 2.298183371215894166e-01 -3.727908283548422852e-01
2.293103193106717299e+02 5.664777642212520732e+02 2.461412337734176781e-01 -4.264597464413021344e-01
2.446009957985448864e+02 6.311425266876287878e+02 5.897689861302918106e-03 -1.251652411174111051e-03
2.798619088647675426e+02 6.362521651894949173e+02 6.399219399793197073e-03 -5.548585901962750991e-03
3.013411381399814672e+02 6.264576645388881388e+02 5.675041183957374967e-03 -3.274684258270657566e-02
2.722641131147842088e+02 6.339180087870308853e+02 8.127396870752317745e-03 -1.043876072707921633e-02
2.238015490581281028e+02 6.417717352787033178e+02 7.963640459344318787e-03 5.146663794132316436e-03
2.852612640555325356e+02 6.400487410121611447e+02 4.959467580112803670e-03 1.869138777956863215e-02
2.953066634315973147e+02 6.321688574751516398e+02 -7.146464298435909607e-03 -1.234065200051280911e-02
2.177737888514304245e+02 6.452998729810600480e+02 -2.142359192434203485e-03 -6.820881019825944698e-03
2.384612453441765467e+02 6.420897262370868930e+02 1.244833191791902115e-03 7.091674289389773455e-08
2.582695554513062461e+02 6.397683875607660866e+02 -2.132374517424914795e-03 -3.381701443872050638e-03
2.649212442642477185e+02 6.406131316113558114e+02 -3.911190453195130881e-03 1.062368214412673720e-02
2.121182027938421868e+02 6.566963682172295194e+02 -1.914652366083896898e-02 8.122246770902408208e-02
2.321035866147331888e+02 6.468146261467479690e+02 -2.729657059246214188e-03 -2.623767753707307790e-02
2.486803346047428818e+02 6.465247655722502031e+02 -1.445280467832576847e-02 1.041889928095171558e-02
1.966690152653266352e+02 6.620579337401020439e+02 -8.660836387698543637e-02 4.518180830780913620e-02
2.296660514147009167e+02 6.558077880748628559e+02 3.732387024017903756e-03 5.500945393746990882e-03
2.590562110281899777e+02 6.526877137094173804e+02 -4.289055796259234714e-03 -4.405876690448662630e-04
2.687966138811737551e+02 6.527707992938941288e+02 -4.724373862758835972e-04 8.245011609501083291e-03
2.378007818775993201e+02 6.558166551457076139e+02 2.478485855905578072e-03 8.974966838675052169e-03
2.548695835858657972e+02 6.549822831316148495e+02 -1.325766230222918951e-02 -4.656419501596400015e-03
2.895691567159732358e+02 6.529154924927931916e+02 -1.177082621033564936e-03 4.713839089681011799e-03
1.944930522812373681e+02 6.679140278752664699e+02 -6.755864577847758845e-02 5.978495250708352332e-02
2.754396559334174981e+02 6.565476337910465645e+02 8.654695920599784348e-03 3.162415119790563554e-04
2.491396969230035552e+02 6.602215880005693407e+02 -1.387113799138027818e-03 2.981003001446870266e-03
2.569845852849130097e+02 6.637818531458279949e+02 3.258515951371675906e-03 4.845504950634055676e-04
2.043835126089813627e+02 6.165286093220805697e+02 1.216991304158473591e-01 -3.166448927596874352e-01
2.082215750887451122e+02 6.669352092312050218e+02 -6.546596666539406147e-03 -1.580731865644365583e-03
2.871948698095711734e+02 6.620628014197959601e+02 4.492960852946164922e-03 6.667202516466952215e-03
2.281458237039635719e+02 6.677013198542247210e+02 -6.043153525131637720e-03 1.162442801945295576e-02
1.954735904157375330e+02 6.821201894614484900e+02 1.818194642333401459e-02 2.586490384796641395e-02
2.622200100886014980e+02 6.688871478930552712e+02 -2.885077380502741248e-02 5.110582281620529646e-03
2.695182531783265745e+02 6.719919438656656894e+02 -6.212750527308259080e-03 1.739050097402432965e-02
2.024297022739192187e+02 6.258406822396707412e+02 1.235528511332722318e-01 -3.276408033705543454e-01
1.996311950813406497e+02 6.812521670714518223e+02 2.814143865947190109e-03 2.557716935078894333e-02
2.491260293676827473e+02 6.747849750760227607e+02 5.098356506351256999e-03 2.223968772400192195e-02
2.272803775008464697e+02 6.730094888146061294e+02 -1.375628404227735753e-02 -1.998647252198769778e-03
2.815554962247634876e+02 6.720520488179716949e+02 7.420715130867937617e-03 -4.107809245577318273e-05
2.757551242928599891e+02 6.772550314479166218e+02 2.483462676154728644e-03 2.391276929208540746e-03
3.070612316581646724e+02 6.742749738710382417e+02 9.451837989764940622e-04 -1.496857767327326554e-03
2.377094072062024566e+02 6.804115162008819198e+02 1.261849731768384213e-02 1.363102383322261670e-02
2.467100175092053291e+02 6.837813762772259452e+02 3.067089329016200842e-03 2.664070307186292615e-03
2.095900427925931240e+02 6.871277565047764710e+02 -2.683176673823515438e-04 -1.283096241840356398e-03
2.248360664755729772e+02 6.836806413010305050e+02 -1.581573184318336989e-02 -2.628105071464080164e-02
2.178276351866788900e+02 6.860165731803717790e+02 3.966300997087492293e-03 -5.421677888822916055e-03
2.840878180230524777e+02 6.825550180903620685e+02 1.992662598093820642e-03 -1.629969705774810549e-03
1.926649838662905552e+02 6.944421559904590140e+02 -4.843129431949623476e-03 1.610478461120489618e-02
2.333951695319929343e+02 6.885306720247479007e+02 -8.248919788361873569e-04 -3.195284472144071294e-03
2.387740813216909999e+02 6.911359581886670185e+02 -1.898927710430771756e-02 -1.017968484597085894e-02
2.018450958145041056e+02 6.970365880616212735e+02 2.014347261931443561e-02 1.180519732437266753e-02
2.152256608497661716e+02 6.940301774562362880e+02 -2.143533009196892797e-03 3.312124674824973736e-03
2.243818848973016884e+02 6.954487021063833936e+02 9.082717159065178264e-03 9.612011588454169239e-03
2.780780746749174455e+02 6.877520460763647634e+02 -7.710297520009247972e-03 -1.075060667263453076e-02
2.523005371213462240e+02 6.934517669630266710e+02 5.265110327789922738e-03 9.499361114406085790e-05
2.747343477559593339e+02 6.907564453797289161e+02 1.065287703243434888e-03 7.660268222300128634e-04
2.684465359730589284e+02 6.937631937909186490e+02 -2.346203016989055826e-03 -6.108897176078595566e-03
2.363308640652030874e+02 6.972427635959584222e+02 -1.078355902511460816e-02 -8.829152261740198793e-03
2.747940131981591776e+02 6.952238719119440020e+02 -2.021260422475616974e-03 -5.883311391319622115e-03
2.594022381808658793e+02 6.984747015535709806e+02 -2.436583501221186116e-04 1.148295097477379815e-03
2.235059745489115528e+02 7.038682143607026092e+02 -3.334779844878274068e-04 -2.951008786446958961e-03
2.547006317722511142e+02 7.022703230648965018e+02 -6.495658437203663104e-04 2.250594230591190532e-03
2.455987029951202203e+02 7.023018315966338605e+02 -2.059558174305673589e-03 2.755872543682944291e-04
2.490155947364331723e+02 7.072126927497245106e+02 -4.916008133612944850e-03 -1.883786028155789039e-03
2.693799306186746776e+02 7.048411308645235067e+02 -1.721678318871665975e-03 -3.078840469728143757e-03
2.592017868623547088e+02 7.085143033984597878e+02 4.363608990689557890e-03 5.848970784766174998e-03
3.228296212957989724e+02 5.437609865438694214e+02 2.828037267352213890e-02 -3.408743812287011194e-03
3.309541459490990860e+02 5.550794013834658926e+02 -2.917693913651466658e-02 -7.794491830651677222e-02
6.063683766847742618e+02 4.943689984550993586e+02 -5.308861600555571207e-03 2.330880414228661372e-03
5.274770552936242893e+02 5.264105156040226348e+02 -1.824608089305452272e-03 1.980279709824225159e-02
7.063831492915662693e+02 5.829107894883883318e+02 -4.228068230824448830e-04 1.416963287599876239e-03
2.226964491873773682e+02 7.130312463236908798e+02 -2.943375408803923683e-03 -6.204051611960737650e-03
2.619517107515517296e+02 7.112904031240271934e+02 -2.084406024705616044e-03 3.310664585445794003e-04
2.184015855140884241e+02 7.154656898383009320e+02 8.081838886322328941e-03 7.614903466410756494e-03
2.454392979648508515e+02 7.135593867348809454e+02 5.556449275041816342e-03 4.338324129150242757e-03
2.661969265444884627e+02 7.115319278496122024e+02 -3.346535458079658498e-04 -1.844994709318094036e-03
2.521068022559125552e+02 7.139930686344811193e+02 -5.882372792178999126e-04 7.340625209773933395e-04
2.134817666751669947e+02 7.197259756667862121e+02 -9.935124551943074617e-03 4.721694075265707100e-03
2.268775731735370016e+02 7.214775175867559938e+02 6.901902380844144105e-04 5.596302477277340093e-03
2.460445679763452915e+02 7.177245947362575862e+02 -4.070853181662634733e-03 -7.331753158857533779e-03
2.086529829348156113e+02 7.245442100153358069e+02 3.269088666448649160e-03 8.947030485889609711e-03
2.215625453951701900e+02 7.220041440602756211e+02 6.034886342025449352e-03 1.249051638226904813e-02
2.508546539709265915e+02 7.208767693170591428e+02 -4.188825702393254857e-03 -3.957414265744431912e-03
2.163964439338180057e+02 7.245359706509253783e+02 -2.283130266970836032e-03 3.770855623027426565e-03
2.113407430403362923e+02 7.279063922883443638e+02 -1.691441592394839254e-03 1.878789158017707926e-03
2.341599973885070654e+02 7.258281921563866490e+02 1.881688786063973040e-04 3.311362036108878460e-03
2.404489176264596608e+02 7.241606273348971854e+02 -5.011287816038044983e-03 4.093989273758437929e-03
2.059578258753300020e+02 7.294371688228861785e+02 -2.003148392095220175e-03 -1.280136344558011757e-03
2.468410713194793118e+02 7.275886624174536337e+02 -6.055219439657987890e-04 -8.281013374841840122e-03
2.627758802883773228e+02 7.263887694009473535e+02 3.637507070526126715e-04 -1.212991224014160069e-02
2.215308180222616272e+02 7.304545986442188905e+02 2.564996036860723184e-03 2.569320060358969929e-03
2.193205231684246712e+02 7.336088091834757279e+02 3.134280821317327222e-03 -1.305857145351606297e-03
2.549404339583999501e+02 7.302085004166229965e+02 -2.343543941853735643e-02 6.492217939280229980e-04
2.350922905551645101e+02 7.364773773693264047e+02 -8.201536902803490542e-03 1.257631499854169020e-02
2.439841674487603029e+02 7.363094982400606341e+02 1.454008271976910301e-03 -7.939860128292614136e-04
2.205749122457045814e+02 7.433908636404077015e+02 -4.980326148827293568e-03 -2.474921930905849953e-03
2.309745218711987604e+02 7.448302815511959807e+02 3.667218104730877483e-03 -2.059231111143342702e-03
2.463332814317371628e+02 7.429079551324832664e+02 9.258803073998707681e-03 -2.816342862568958424e-02
2.406174988792261331e+02 7.483321899569489233e+02 -2.272578450464042294e-03 2.159324426126505922e-02
2.553622989745833536e+02 7.441644646735587685e+02 -8.886014280168658477e-03 -1.658448977127703616e-02
2.517648503907385305e+02 7.525394452439892348e+02 8.642291491017570215e-03 9.744746040777869456e-04
2.432771673272542614e+02 7.532330580720846456e+02 2.262605833158147940e-03 -1.648303736504942024e-02
2.324210191452926608e+02 7.617290856730876385e+02 -3.888511146243445182e-03 -4.929094132074907618e-03
2.473875720003622405e+02 7.591410410336169434e+02 3.692203697286490505e-03 4.541005557006437370e-03
2.427813494124688134e+02 7.621780885727625900e+02 1.135074551600024576e-03 9.808243161205159807e-04
2.099264786118076245e+02 7.523523230772774468e+02 -1.012737384000489682e-01 -2.053754995490263968e-01
6.344036860872581656e+02 8.220415617022630386e+02 1.024265553755552378e-03 -1.539096907432655923e-03
9.124405743691712587e+02 8.058652654201943051e+02 9.845618805733879781e-04 -1.326279855763036475e-03
9.942725668119744569e+02 8.009324342931128058e+02 1.016117002422160456e-04 8.575515891057912052e-03
4.599381349963944672e+02 9.415474210024867716e+02 2.741642305941601127e-04 2.004701473185945080e-04
7.174022341263657836e+02 8.683306718440835539e+02 3.890800909087797801e-04 -6.085953472143271377e-04
7.423174667868528331e+02 9.041986300468789750e+02 7.453604312729004110e-03 -5.883102419393073518e-03
7.290228610459664651e+02 9.140791611484961550e+02 2.249846390087792587e-03 -3.510600852135635497e-03
7.472962205828916922e+02 9.125959496897477266e+02 7.056407891867018823e-04 4.227046016282683463e-03
7.346228781052363956e+02 9.157864869880597780e+02 2.297160871132453500e-02 -1.685696295912253451e-02
7.036739635656513201e+02 9.294700315881298138e+02 -2.193413131527058302e-02 -5.643681972933696500e-03
7.280441685380402532e+02 9.345597490175864550e+02 -2.196548727647270986e-03 -1.333174378536983130e-03
9.098614104067260087e+02 8.446573201344364179e+02 -1.059617303777747252e-02 1.160880965230739852e-02
8.831146569132963577e+02 8.474661631177485788e+02 4.036209785703370745e-02 3.803297464522340660e-02
8.842318953233284446e+02 8.533840617820494572e+02 -8.522156806608595370e-03 -6.530737240383348644e-03
8.684380790090466462e+02 8.801729552358715409e+02 4.539995227319330688e-03 -2.790243836594383155e-03
7.557679346712289998e+02 8.953298902656683822e+02 2.242062685155306583e-03 5.217223994108199404e-03
9.964116820848616953e+02 8.128982919005653685e+02 3.886964642460817750e-03 -3.201179852886966958e-03
9.544114274473799924e+02 8.156117434378900271e+02 1.512304900132554683e-02 1.097726207710888243e-03
1.011970932072485766e+03 8.119663754659725328e+02 -8.474376274902809328e-03 5.066375136432878581e-03
1.017758530799088476e+03 8.133364089197170870e+02 3.073762815506147269e-03 -2.646223879523994064e-03
9.617983610603251918e+02 8.190620895961221777e+02 3.676468839954184081e-02 1.624210900252923140e-02
9.712948926060304302e+02 8.152584881802997643e+02 5.758498097615265612e-03 -4.358610676260946289e-03
9.928463511496515821e+02 8.184140359130132083e+02 -4.162056608105793067e-03 -8.842771188879526957e-04
9.320119350487736938e+02 8.204086790471766335e+02 5.604771625301190052e-02 -3.459436938022454611e-02
1.029114723148737767e+03 8.192306734128986818e+02 -6.179986546930203543e-03 1.117831416217770655e-03
1.038019758999174201e+03 8.264524693175997072e+02 3.955752832812007604e-03 3.577939118759552572e-03
9.849904806963544388e+02 8.291375101219791759e+02 5.039421397466164673e-03 -3.272857245561492257e-03
1.060371444058838961e+03 8.255559181201678030e+02 3.503991592649549364e-03 -9.256408308394636691e-04
9.339178393223876355e+02 8.291976317470891900e+02 1.706351055160851629e-02 6.127551549303633140e-03
9.674949201497745435e+02 8.306333696236904416e+02 -4.648377313229178250e-03 3.257702441516974689e-04
1.028217575517260002e+03 8.274829297226040126e+02 8.120778461412412122e-03 -8.402189070600141196e-03
9.168545128029908255e+02 8.363592204288506764e+02 -1.323897494210154232e-03 3.907829635876272460e-03
9.909134894056530811e+02 8.309729242436274035e+02 -2.068433676663291969e-04 -1.254872111342880854e-03
1.044219473970640138e+03 8.309121340998897267e+02 3.609998078230425289e-02 1.129707348287177070e-03
9.972293255087701027e+02 8.372690638840638258e+02 -1.325602308376198002e-03 1.006076360760748724e-02
1.021069243918327857e+03 8.388637627253389155e+02 3.837324677163288927e-02 -1.796961723895681637e-02
1.026489842547954368e+03 8.366335229345447715e+02 1.156045372309644388e-02 -1.161065967181290799e-02
9.877923616361605355e+02 8.394976594199995361e+02 -4.114372524482671090e-04 -5.502940971281180919e-03
9.553311858605977704e+02 8.410180649804765380e+02 -7.453107689240040523e-03 -9.610808071203232744e-03
1.003859321805648960e+03 8.445870046012926196e+02 3.797566111964190572e-03 2.007505675685546825e-04
1.029564276751284751e+03 8.419183488160045954e+02 -1.758599324539723494e-02 -3.934150965921329006e-03
9.355043931847533258e+02 8.441836184326857619e+02 5.836468912854577556e-02 -4.063541969869315096e-02
9.883273952709532750e+02 8.429966320668662547e+02 1.688297661885011444e-02 -3.611256749298821789e-02
1.020295080941232982e+03 8.469455701869466111e+02 1.688097407655633157e-03 6.113787064905544348e-03
1.051158158672892569e+03 8.472131279129241648e+02 4.279588729433622847e-03 -1.596551896416641093e-03
9.363615694192830006e+02 8.534394989950633317e+02 5.846246183433313932e-03 8.791884647409757558e-03
9.872294524925916903e+02 8.517700840278369014e+02 -1.625211149837018504e-02 -2.249864900697687645e-02
1.054263259344147855e+03 8.531281452339692351e+02 1.545154618905162118e-03 -3.173013145515547664e-03
9.416600230113371026e+02 8.597401064224901575e+02 -2.096983138397551412e-03 1.680194984076722325e-03
9.061598811013097929e+02 8.614667528644017693e+02 -1.654315205013459286e-02 -1.790918874547123285e-02
9.226136339288475483e+02 8.640929911367021532e+02 -3.290444552034035679e-03 3.660366282262954730e-03
9.919818910996386876e+02 8.613371605986001214e+02 -2.514651713070607461e-03 2.347030510852146125e-03
9.581552513315609758e+02 8.650728204664375198e+02 -5.293887677270963862e-03 8.394966188684566035e-04
1.029580123964517725e+03 8.570850849992516487e+02 9.066729291138322933e-02 -5.285525745774849460e-02
9.017120179299065512e+02 8.757049607356083243e+02 -6.822195627545409036e-02 5.579052970814124546e-02
9.275145091428031492e+02 8.707184907010739607e+02 -3.069825283114144092e-03 -3.818165545975950748e-03
1.035554062085357373e+03 8.665371317749662694e+02 4.106557096787411681e-02 -1.041886162712815644e-02
1.028795670173978579e+03 8.687798844056302414e+02 6.008561992775349192e-02 -2.436997552375275850e-02
9.181341876944991327e+02 8.781012647007405576e+02 4.612714393884419402e-03 1.439370771039972467e-03
9.244923406413089424e+02 8.815668835308431426e+02 -2.525679188003174952e-03 1.074504214506584367e-03
9.553131727951641778e+02 8.857717321707015117e+02 -2.074802945982567176e-03 7.034748662833704980e-04
9.196465819916207920e+02 8.899122938342127327e+02 -1.817777560979653376e-03 1.118156326133385413e-03
9.576098347209504027e+02 8.920049644516794842e+02 -1.328628837971129869e-03 2.169033505986202922e-03
9.077298632479028129e+02 9.237556136306233157e+02 8.592268610999384895e-03 1.187838553779095151e-03
9.002913357264632168e+02 9.278161028449923151e+02 -7.347459869842988415e-05 -3.522330471770767800e-04
7.295726471068184082e+02 9.421883213846593890e+02 -9.442668338293190968e-04 1.654514000331954240e-04
7.262355792539083268e+02 9.586186396574202035e+02 -3.443777723528496093e-02 5.032924044461660300e-03
7.354398895972158243e+02 9.652997389584191978e+02 7.268716223954993158e-03 -8.378708848723173674e-03
7.273208328429634548e+02 9.754453162076490571e+02 -2.207998210392946484e-05 -3.695708586332834087e-03
7.366920412590352498e+02 9.746568453193049208e+02 -1.000946592424466235e-04 -1.488974954724545845e-03
7.285071441330443349e+02 9.822722555469315466e+02 1.154886868532977893e-03 -5.661927330680051459e-04
7.087303876932903677e+02 9.911530730998834997e+02 3.193655717694190987e-02 -1.796506687748597453e-02
7.149938878740579185e+02 1.011507165918240958e+03 1.037523041202235898e-03 -2.185428126635727622e-03
7.048879457376832534e+02 1.023734985571762081e+03 -4.995603478979355246e-04 2.399395851988187867e-04
7.860194840795031723e+02 9.400222606752610091e+02 -1.018648069960741663e-03 6.637842186985988893e-04
7.904967192536233824e+02 9.439092762801434446e+02 -5.065683656793865466e-03 7.129759251381415953e-03
8.075503215282794827e+02 9.420944593750629110e+02 -1.343590110381417523e-03 2.134633609082559492e-03
7.828212528557319274e+02 9.497795841751878925e+02 1.131708382988248079e-02 -6.721008597876357467e-03
8.095631740449191511e+02 9.501769158314788228e+02 -2.352756381386294192e-03 9.217281725691374092e-03
7.907148467625795547e+02 9.535979590017120699e+02 -4.499942671381996920e-04 -1.898877018134111777e-02
7.718524111360294455e+02 9.557217581605374335e+02 -5.911940923426461892e-04 -3.380082193172198254e-03
7.757232172398913690e+02 9.596756245503937635e+02 4.859970839565858590e-03 -3.190256935724418777e-03
7.513130566532900048e+02 9.617565450696388325e+02 -4.625104458713989210e-03 2.355849764577926282e-03
7.603264343017848432e+02 9.624328002620999314e+02 -4.108613684861260747e-05 3.400072352235946650e-03
7.633321171168871615e+02 9.651383086984419606e+02 -9.598476855156303292e-03 7.517402687892514070e-03
7.506140060283286175e+02 9.696930423386111215e+02 3.430993808862721831e-03 -1.741877827975942981e-03
3.484553002445935590e+02 1.064965039766975451e+03 1.369141866598443669e-01 1.919566197809222108e-01
3.371463849908437282e+02 1.069665617230410362e+03 1.119092577168170621e-01 2.740803847802931181e-01
3.705460470187603619e+02 1.051883019588317666e+03 6.868026088605601320e-02 5.246187423565493169e-02
3.627373864056347657e+02 1.058536914950638675e+03 2.992989457971357431e-02 7.618204557604600635e-02
3.687140918771893894e+02 1.065925104328790667e+03 6.065823212358088107e-02 1.314903341306778058e-02
3.853408397508646885e+02 1.070232622586489697e+03 -1.843071109758984485e-02 -8.141161081109410044e-03
3.739191653923659828e+02 1.075623687362061901e+03 1.322443023527035966e-01 4.677506628508630582e-02
3.963538743761600927e+02 1.068969412100279214e+03 8.053255610030930767e-03 -1.289222254435666353e-03
3.635709477148500355e+02 1.089048943944947268e+03 1.467967574173952572e-01 6.842891114413507392e-02
4.061050594855627196e+02 1.071766481518261799e+03 3.566538361741547480e-02 -3.209564314422077604e-03
3.769900081815953854e+02 1.084178744029688460e+03 1.866831313582787422e-01 6.898421220613848437e-02
4.087617714900732153e+02 1.077303169804426943e+03 8.041108265334483141e-02 -4.666572413719060480e-02
3.824265091975631776e+02 1.089025086109540553e+03 1.001382082857287387e-01 1.149681499249132974e-03
3.692435046981167375e+02 1.093153209800138256e+03 1.007803644276468735e-01 -8.117173536488329552e-03
4.094925978652572098e+02 1.089609204803509328e+03 8.068864878581924471e-03 1.220704507050364082e-02
3.947295818949687032e+02 1.093429403999695523e+03 -1.429717712128557132e-02 -2.875603113694739834e-03
4.262007229732260498e+02 1.069774168142208737e+03 -1.324136788807686333e-03 -2.247447902627664959e-03
4.332627019695702870e+02 1.084047136332873833e+03 6.683878686611041979e-04 -1.825595136391946084e-03
4.447595822424103744e+02 1.092096616457394248e+03 5.688787113039288704e-03 3.022115214941487049e-03
4.478751547013534946e+02 1.097458345304586373e+03 -6.599179181903602580e-03 -8.544689796490454597e-03
4.816924332963621964e+02 1.099041327802125807e+03 4.015704762260197385e-04 -8.464495191390704765e-04
7.044732750976866100e+02 1.036488752062230560e+03 5.626857990335176795e-04 -4.548277357652394663e-05
7.518629406360047369e+02 1.067679632428719060e+03 6.664729192398047026e-04 7.282208291554065696e-04
7.455480347324561308e+02 1.071450426223055047e+03 -5.027846211298832475e-04 4.328589013474100074e-04
2.381395516762906368e+02 3.329240899523654775e+02 1.037844246266661358e-01 2.473783264587093023e-01
1.312195400606827889e+02 3.250539287911656174e+02 1.431235332281439229e-03 -2.165665303184843762e-03
3.163662086440207872e+02 5.003392052793412290e+02 -1.686623565543787437e-02 -5.087921954210548707e-03
5.066393715225105439e+02 4.380143718964754953e+02 -2.044009684595554655e-02 1.848422619214416807e-02
6.289159170554407865e+02 4.601718346874844769e+02 4.051221305692904832e-03 3.241164418779639376e-03
7.942220011671688553e+02 3.758990765053977725e+02 3.640042819000857688e-01 -1.070427879482060557e-01
1.063650236856180754e+03 1.638962898657628386e+02 2.265397181798170512e-02 -4.602296799296344901e-03
1.152108802387308288e+03 1.886971221453320027e+02 1.261821451334013133e-01 5.773045978605328976e-02
1.078409808713773145e+03 1.934896682227562223e+02 1.169772966333388654e-04 1.482651784744850286e-02
1.045680402010642638e+03 2.314302234198573842e+02 -2.938057866368774529e-01 -1.190543534032707379e-01
1.234512401585464886e+03 1.365062896320466734e+02 -1.150768613228372005e-02 3.830593868617079845e-02
1.189402871765017380e+03 1.838046595088736694e+02 -9.076612866253823408e-03 2.466063870688759915e-03
1.147079198143727126e+03 2.247106761989305426e+02 -1.832933845889783697e-03 1.595841931723858626e-03
1.193319660939241885e+03 2.569878235908291231e+02 -6.531063290014463285e-02 7.693681683550052108e-02
1.140384264282046615e+03 3.037940827799970407e+02 -2.818746743275238886e-01 -3.953994092895432022e-01
2.250769982544304639e+02 6.018934910291119422e+02 -9.881706363166604945e-02 4.487309892434576675e-02
2.050406176267746332e+02 6.005863563318977185e+02 1.597478288245275102e-01 -3.472887972224280029e-01
1.896999500547913726e+02 6.756635723183030677e+02 -6.926900255451519384e-02 6.945958261950870016e-02
1.965303677533561881e+02 7.103398505049701726e+02 -9.749118560501184722e-03 1.707379648606245984e-02
2.350952311943891573e+02 7.038129036103559883e+02 5.000999235877801995e-04 -8.013649704617809705e-04
8.508223205064762169e+02 9.314759103110128535e+02 1.479585841328044616e-03 -7.087253120719444596e-04
3.705987626152057146e+02 1.061893511805784101e+03 3.966024498564165585e-02 1.943580839740053842e-02
2.582104374429959535e+02 4.006005731719936875e+02 9.572548485871609780e-02 2.575597866721350826e-01
9.941187422654154489e+02 1.852788121040044871e+02 -5.616476787319769730e-03 -1.670387408251564759e-02
1.067166310189076057e+03 1.988802020079037618e+02 3.571779586054887531e-03 1.669492327427981107e-02
1.080498982006935421e+03 2.266336665730880213e+02 9.686186554432370949e-03 -4.233878703601167727e-03
1.021640430898032491e+03 2.520128964124311892e+02 -5.466547248366929467e-05 -8.577359496121849877e-03
1.171682361870070508e+03 2.444890139423750384e+02 -3.099106599478599917e-03 7.498481175331909131e-03
1.136414373454416364e+03 3.506703212034774424e+02 3.674778707406430381e-03 1.857488045901742281e-03
1.237370928820617337e+03 4.014164774280833967e+02 4.094554494736032772e-04 -1.563301559243238537e-03
1.004922802834069103e+03 8.328200042000942176e+02 5.022975452271287097e-03 -4.060257823124008465e-03
8.996631332714674727e+02 1.102292625647977729e+03 -1.908771157491849041e-05 -6.740236651041576120e-06
5.494419018723207273e+02 4.552377070284680372e+02 5.169102870148449026e-03 -4.395079126665997303e-05
1.125339267611253035e+03 2.415720953973314806e+02 8.918960297255534939e-04 1.680570505563913153e-03
1.041719784005908878e+03 2.251584118838250959e+02 -1.939462323675955613e-01 -1.151987305759703678e-01
1.165242546225455044e+03 2.074139960668641720e+02 7.780556206643998024e-03 -5.608404747645766688e-04
1.165139741675163805e+03 2.471804528471429876e+02 3.421736814201235821e-03 3.860930927273086921e-04
1.157702528269368031e+03 2.456163731008955153e+02 -2.552549558517381786e-02 -1.019456620339990061e-03
1.193119704508542554e+03 2.990571620786139420e+02 -1.499074949503287069e-01 -2.736439621584314530e-01
1.152077928207886771e+03 3.735676822434120368e+02 3.646111075196662756e-04 9.101548620287533246e-04
1.238950129352912882e+03 3.966325740533476392e+02 -2.716269938678529325e-02 3.502645481177688036e-02
2.164507211433297300e+02 6.597599436465621920e+02 -2.720918363334618156e-03 -1.580534738631250106e-03
2.292718139591803208e+02 7.016557123828026761e+02 -4.502807535964515120e-03 -4.261771358288921237e-03
8.645110302213170144e+02 8.741396873721846532e+02 7.476702739815196301e-04 1.448674122782607054e-03
1.006273453289349391e+03 8.477716499529525436e+02 -7.187167361701423101e-04 -1.152490267348315299e-02
1.071551206602576030e+03 2.810565157237526819e+02 -7.978562493399925541e-04 6.332582472865478339e-04
1.170588405644232580e+03 2.318212367654791422e+02 -4.977059780539192131e-03 4.028218631637796310e-02
2.100171854563325837e+02 6.192677802398195581e+02 -1.501238696197071676e-01 2.720803393630081279e-01
2.658887272250730121e+02 5.986382734221062947e+02 1.158511655615646584e-02 1.518468920332254231e-03
6.042301086055140331e+02 4.567490359512448777e+02 1.637097020400436016e-03 -7.630865655692735047e-03
6.562356210748471312e+02 4.814596256450692522e+02 -9.391619650378711659e-02 6.309375859688944044e-02
1.079631611407050968e+03 2.364780084773638578e+02 -3.356957582211769764e-01 -1.307484623682038938e-01
1.237850947385915106e+03 1.351714719503196704e+02 -1.238896642513903461e-02 3.010941587535431382e-02
1.161906058869136814e+03 1.758354437283316827e+02 2.406202708214388516e-02 4.968682361336369769e-04
1.173585078250753668e+03 1.733558638228004440e+02 4.502613572055614438e-02 -1.991375487417942555e-02
1.224173536152347197e+03 2.367761376395761488e+02 8.862316979700901641e-04 -1.123365109632200348e-04
1.219944967617444263e+03 2.903327768696927933e+02 3.225613860152380316e-03 -1.517237117387495451e-04
1.855595671941198646e+02 5.416469261641312869e+02 -2.733371294487646486e-01 -1.533770923447387857e-01
3.007874331784944957e+02 6.384804966384351701e+02 3.507482891987225536e-03 3.454753599542770975e-03
2.299765825582630612e+02 7.108243134795727656e+02 -5.989938615838096437e-04 4.791176706671964615e-04
5.831400720175130346e+02 4.381198651517249800e+02 2.367636967570019551e-03 8.391384624257967797e-04
1.046315415567384207e+03 1.763463334371381563e+02 -4.500864268931700773e-02 1.123114173981281660e-01
2.710255884160959567e+02 5.598505729196184575e+02 -3.059869602126602528e-02 6.516601925736069389e-02
2.809809861666663551e+02 5.634890890650804067e+02 2.487717532467781639e-03 -2.583461421879589535e-04
2.158748343441686757e+02 6.685799767738045603e+02 3.355763454199614006e-03 2.907864084620249197e-03
2.557347991286567037e+02 7.085217342034065950e+02 2.492443156228600154e-04 -6.237814598597930501e-04
5.071557636138702492e+02 5.180895877761732891e+02 -5.143822920679707970e-03 3.945228662091002092e-03
2.365858844909066079e+02 7.580312123744117798e+02 -7.271344994396398672e-04 8.251677737940544405e-03
3.689817676470536867e+02 5.183239113211504900e+02 1.100870905876792302e-03 1.204938117406626538e-03
5.216032704899661212e+02 4.914575280136285187e+02 -4.078385350004453715e-03 9.067852299395862104e-05
1.099827812944964307e+03 2.123937505403512489e+02 1.961312343613115169e-02 2.630307401901627734e-02
1.207542570072082071e+03 3.110801036008469964e+02 -4.618833368960582053e-01 -9.979574242275041085e-02
2.610813923318740422e+02 6.325581308887489058e+02 -2.789107803654461860e-03 1.335252724850036384e-02
9.909966395888825446e+02 8.164458728046103033e+02 -3.052491665494917587e-04 1.155402258617787810e-03
8.247972414146987603e+02 1.102301771644151131e+03 -9.599088952141431161e-05 6.645645373152033733e-04
2.542719744673372873e+02 3.692071983584301620e+02 8.812320214053979972e-02 2.581212458984695757e-01
1.928610544338588397e+02 5.353878422906379910e+02 2.738259554741192536e-01 3.224961266401746296e-01
2.614689106994723033e+02 6.825905803854691385e+02 5.253593941053604811e-03 1.917512143594906140e-02
7.532108523332786945e+02 8.451228518645601753e+02 1.686161409398295361e-04 8.927728411566535364e-05
9.596492678590385594e+02 8.474350320656089934e+02 -1.185382467117888873e-03 7.667827539532959431e-03
9.698989794683640184e+02 3.080985608663069684e+02 2.613599401592912042e-01 7.546167523395911347e-01
9.893723389998378934e+02 1.871725383628142936e+02 -5.260126230070616589e-03 5.306195966839892530e-03
1.068096797269164199e+03 2.713604617584982748e+02 2.514322098975614317e-01 2.200413999078623672e-01
1.123612252100553405e+03 3.404326566799837792e+02 1.105461685746926331e-03 -2.014755082788638810e-02
2.294662765067543546e+02 7.536789596935866484e+02 4.839842361450742182e-03 4.293615622769396574e-03
2.134238232668843125e+02 7.440707660307623428e+02 -6.750691323079006934e-02 -1.756150060082921349e-01
1.047118830529399929e+03 2.337888329248141588e+02 -2.563977640204889719e-01 -1.695451919788987794e-01
2.545904458601269482e+02 4.824492710875171042e+02 1.177614730805988247e-01 -3.539686820322818783e-01
2.751081702673868108e+02 6.396103040230719898e+02 3.686398727721791591e-04 -8.697590789204309378e-03
2.591017323915082784e+02 6.830357836557733435e+02 5.886887614165084610e-03 3.151689423534077134e-02
6.016141399475696971e+02 4.889812157825524537e+02 4.289619255157256375e-04 -1.132517683709911589e-03
2.724226742087408297e+02 4.806454943626391128e+02 9.327519177813117790e-02 -3.452121247002593596e-01
2.246946111834881776e+02 6.185076751297277724e+02 1.782303033804613678e-03 7.691511308070006839e-03
2.789555618214353672e+02 6.523831296412088250e+02 -1.242531274299673747e-03 2.313202972290452023e-03
5.413974605627523715e+02 4.203115814378917321e+02 9.748847341059824201e-03 -8.451245456687348986e-03
1.133498367190209819e+03 1.975067483664591919e+02 2.601705871177836110e-02 1.834731205494278539e-01
9.196748625747180483e+01 3.475984754848673219e+02 4.778868311659098533e-02 -4.803889104418446881e-02
2.637252082436475007e+02 4.424766367747803315e+02 -9.640310039869441627e-02 -1.818665952770091576e-01
3.015403941473510372e+02 5.183154976607244180e+02 5.068545463481007735e-03 -2.813371867810784879e-03
2.610380963180167555e+02 3.402181177839919997e+02 9.350143259005073981e-02 3.105386649458219961e-01
3.025002940245728382e+02 6.234928037976814039e+02 1.855024784986491647e-03 4.039989460121694125e-03
3.134162754225666276e+02 1.065492853757763442e+03 -2.046345097708768268e-02 1.226759061683284496e-01
2.517066841918663158e+02 3.377791330751039141e+02 8.568413903885491179e-02 3.077543083280074310e-01
2.544889749963592180e+02 3.901252498409860436e+02 7.306488117168839780e-02 2.625062703066057823e-01
2.664118258749112442e+02 4.544573158406639095e+02 -1.345183128971835784e-02 -2.782163799627355716e-01
6.154870937248958853e+02 4.762384774993565770e+02 5.083856771293675291e-04 1.266332481326017893e-03
6.168984152280388571e+02 4.847016989733783703e+02 -1.247284305688958501e-03 -5.318359529364514830e-03
7.992604980524700977e+02 3.726480362203315053e+02 3.927156566651522351e-01 -1.074641893230925821e-01
1.089505118145674032e+03 3.030360116998721765e+02 9.896679741040775857e-02 1.497023541487826348e-01
1.210998410417489822e+03 2.162284304819969805e+02 2.534269607646126576e-02 2.200594959956020651e-03
1.224638541132179171e+03 2.783738587624453658e+02 8.238448174390016962e-03 -3.225492491172545721e-03
1.197103337410074346e+03 3.616235094918290542e+02 6.403274818555050596e-02 1.617288768930237042e-01
9.731943523152799571e+02 8.523849428168201712e+02 1.652768937731815364e-03 2.222894001256958674e-04
5.500220836977534873e+02 4.657342992715813921e+02 -2.773349207301981610e-03 1.937045408710775032e-02
4.999845635446148435e+02 4.788234564555771726e+02 1.189643499127340581e-03 5.214230341081956335e-03
9.201077803075993415e+02 1.102373091520472144e+03 6.121990092611163806e-05 1.547377297527526712e-04
5.542789339202300880e+02 4.537958157708372369e+02 5.190924216189123867e-04 3.323416232131146814e-03
5.176185366975051920e+02 4.742711279970246778e+02 -1.385310121728108770e-03 -1.187687253270994052e-02
1.178736559215066563e+03 3.593468946195266653e+02 -7.157954896841390441e-03 1.887812621703739702e-02
2.189221916718240664e+02 5.986141435306313952e+02 -1.661694373677357062e-01 1.389434236688427970e-01
2.723813187142563379e+02 6.479692915174624659e+02 5.285371833026309037e-03 -4.947668784270808223e-02
2.273682153840732951e+02 7.368229503033708170e+02 -1.414183949965873389e-03 4.839364997775588359e-03
5.358661650758041333e+02 4.530165336141072316e+02 8.444236686420598242e-03 -3.236729222362273728e-02
1.096532606249930268e+03 2.013509888834899186e+02 6.816980916122665837e-03 -2.244063662782799090e-02
2.053329619731132425e+02 7.157900053138664589e+02 -1.264611140032546009e-02 -6.880565132707200209e-03
2.246741555771390040e+02 7.624004210135499306e+02 -3.863622303020524534e-02 4.190398820713036460e-02
1.341876385299287051e+02 3.987336394526122945e+02 -8.301405980197466145e-04 -1.143795917234663451e-02
4.854242048673150975e+02 4.795863129029492029e+02 -2.247813602815033982e-03 1.441422064277224357e-02
1.266374165145422467e+03 2.037139150571177879e+02 -1.838673870681737082e-03 -2.140486158281203178e-04
1.212926212521666002e+03 2.506491171623740684e+02 5.362789743221673192e-03 -7.172508376324665189e-03
1.150782827468062123e+03 3.344141298008728995e+02 1.119899822251141722e-02 -9.968062301619838236e-03
1.060615779302579085e+03 1.828443846637969159e+02 8.011504913926080496e-02 2.115643360453598604e-02
2.874596144636803388e+02 5.704656520284385124e+02 -7.207619558511338051e-03 -1.138944812423079919e-02
2.452489428825390689e+02 6.404500620759448566e+02 3.476324418859731875e-04 -2.819408578084851933e-03
5.026304575725401946e+02 5.032295191008508368e+02 1.996504301066106581e-03 8.410434588981978475e-04
2.344477745275279688e+02 6.682438479447970394e+02 1.050693609933191740e-03 1.589943960876251741e-02
1.027497206389258963e+03 2.112223049399807735e+02 -7.683984429996995602e-02 -1.767111156603121472e-02
1.735749932659724095e+02 5.801518570405868331e+02 2.817839668103763046e-02 1.047268984141643162e-02
1.960690302611347420e+02 6.228307792095246214e+02 9.884426734978325746e-02 -4.400880189039746981e-01
1.177515662355490576e+03 2.964078848382143860e+02 2.841510264928940876e-01 2.108232098556996892e-01
1.984828124184111005e+02 4.479136795717504924e+02 1.224785894704761707e-01 2.096573187508469494e-01
1.797928275354827861e+02 5.146258018729224659e+02 7.664650262696742766e-02 4.156772292953197501e-01
1.210811338473327396e+03 3.343868194609146940e+02 2.308837316295421771e-01 2.571025962071988788e-02
2.831519369990208475e+02 6.660691296954163363e+02 3.900392012705161063e-04 2.039576375362248638e-03
4.635426799740674824e+02 3.926206710834222235e+02 8.658194063292456262e-04 -7.832175619326037805e-05
7.876618434530421382e+02 9.612511644368927364e+02 1.237977790074272846e-03 -9.988337480506580615e-04
4.827483745461506146e+02 4.764413344271346205e+02 3.989896636599018880e-03 -1.401077259117755602e-03
1.008227552435194866e+03 9.275349427909485485e+02 2.666567898793548923e-04 4.076369008418065441e-04
2.437570750153821848e+02 3.220983732653335778e+02 1.157566001539071798e-01 2.458783623488453585e-01
1.260862690183637596e+03 1.958552142967841689e+02 -4.069145116223844057e-04 -3.204814348505509013e-03
9.183915745597189471e+02 1.102597799804222859e+03 -3.646447394608498798e-04 9.241498749694380260e-04
2.823566201225536929e+02 4.909787834302504166e+02 -2.439914494300297800e-03 3.193264862288101025e-01
2.979084021976381109e+02 4.727698480353410559e+02 7.344000164437597400e-02 2.925557348277872949e-01
2.992058041095803560e+02 4.801553234783294215e+02 5.711084027331926605e-02 2.799035673874427643e-01
1.846558394135302876e+02 5.341173374841724808e+02 2.870464607175057248e-01 3.467692595046496518e-01
2.435179788570184201e+02 6.473144917186125440e+02 -8.283844049377040927e-03 -1.649669158257551036e-03
9.701698263014486656e+02 8.352039249120571185e+02 -8.845382231172179864e-04 -2.231881452132148357e-03
2.569195010657373928e+02 3.192471434385371936e+02 8.620763559222797967e-02 2.710433645318861551e-01
2.919466098628233226e+02 5.168099359976251890e+02 -2.880491381913116017e-02 3.371417770440800488e-01
1.068267548444015802e+03 1.906276147834043684e+02 7.222897506740577622e-02 1.099026655820260594e-02
9.912775445191954304e+02 1.794696375305409504e+02 -1.541508159281384377e-02 -4.064861763458287036e-02
1.071832407255157705e+03 2.198502612732642376e+02 -8.941214120167757318e-04 -1.176587657899752851e-02
5.040659167288948197e+02 4.526084158922056417e+02 -8.806147037769886457e-03 2.054607117296449945e-02
1.038777212632798182e+03 1.632648440360343614e+02 1.577575019345381913e-01 -2.160686083332903351e-01
2.961148468996217389e+02 4.735386136703798456e+02 7.478457426679939457e-02 2.915318016086602682e-01
9.954900224020487940e+02 2.069685321462682452e+02 -1.533838514877844741e-02 4.685287078041311913e-03
1.029459806107370241e+03 2.419240126745233113e+02 1.214718691161993241e-01 2.997063255781753366e-01
8.592545500898874025e+02 1.102390262798098092e+03 -3.150299533125248768e-04 4.021649134045057251e-04
4.767860244596037660e+02 4.413663676591235117e+02 -5.366198151895307938e-02 -1.548502934892298163e-02
1.227380200133446351e+03 1.492333635970987871e+02 9.334837293183659334e-04 -1.350007916818129301e-03
1.194152953806091318e+03 2.093276597986494210e+02 -1.564401489937190110e-02 -4.655560671613899471e-02
2.477764727612141371e+02 3.178448798783055054e+02 8.354922100531859963e-02 2.587381450707590957e-01
2.047247161229573180e+02 5.197015251972233045e+02 4.030251963565143251e-04 -5.936915379647465666e-04
1.068291322341086470e+03 2.387854771681101909e+02 -3.300352033859100809e-01 -1.023403643530583496e-01
1.273537621447565726e+02 4.118140604308512138e+02 3.298903036292444857e-01 3.361092362394391686e-01
1.101490162850859406e+03 1.564973964007128018e+02 1.448591386465613029e-01 2.075917385797685852e-02
1.059330821853184034e+03 1.767941278217610090e+02 1.958736307684591782e-01 5.140097543611286957e-02
1.130693030558680903e+03 2.246638748036859567e+02 2.469592600368066340e-02 9.838694800925250339e-02
1.044304867038055590e+03 2.130394965477705682e+02 -5.945934682638538693e-02 -8.275174408114570335e-02
1.080203844588164429e+03 2.738701558973220926e+02 2.018338688976812900e-01 2.883152192597638469e-02
1.142854346284417488e+03 3.455634613046544814e+02 4.393795442807134528e-03 -4.763010070169092355e-04
3.024499634984592831e+02 5.462223823194332226e+02 4.559318375442496241e-02 3.874768600469023494e-01
1.303382484175225045e+03 3.662742139632427438e+02 1.244513599275444762e-02 -3.298454796998896276e-03
1.048369252420169914e+03 3.080991383676208670e+02 -3.357517999267999043e-02 6.398080101701786315e-02
1.156292623046164636e+03 3.723037273850600855e+02 -6.114984796725609273e-04 9.737411218955093276e-03
5.459417293778399198e+02 4.186383496762405798e+02 1.096212746595839373e-02 2.631875739797914088e-02
1.894173956990668160e+02 6.077662222161030741e+02 1.492957838922499281e-01 -2.995006374859316978e-01
1.025594806391585735e+03 1.756730557263382764e+02 3.390762657994909890e-02 1.593568490809648894e-02
1.953333854889779673e+02 6.387647506474131660e+02 1.315982970910001271e-01 -2.605172607497833193e-01
2.111362204210840048e+02 7.121472913493723809e+02 9.289166019481070362e-04 -2.064863403446825976e-03
1.183988781285107052e+03 3.848831613256868991e+02 -6.911925744217646030e-03 3.610096431558948004e-03
1.184480759665852929e+03 2.093682814296127503e+02 -2.016108653977804165e-03 -5.635088657318293448e-03
1.170812150759913038e+03 2.726967041504516942e+02 -1.745788624565657379e-02 3.309948360183478933e-02
2.874044083855864073e+02 5.529412195595381263e+02 1.093163056809501495e-02 1.145817882699527168e-01
1.938965155801858771e+02 3.191357777574730221e+02 -7.787613235869556179e-04 -2.068770372015749486e-05
1.169039169040090201e+03 3.223102965917940423e+02 8.033364013253085911e-02 3.923372590814305783e-01
1.013754814410205881e+03 1.740471404329588552e+02 8.250251246275704109e-02 -1.272246038929827627e-01
1.182457626539832972e+03 3.460886379073927515e+02 1.625216827604543390e-01 9.566936545005268189e-02
1.722743704116639947e+02 4.887177836876439301e+02 1.240616638402722155e-01 1.310063950973011371e-01
9.955676806765317224e+02 2.134262791393737189e+02 5.147302327917217118e-02 -6.123734743466163061e-02
9.564359811140481042e+02 8.617499883290271327e+02 2.135926001727797910e-02 -3.226310420823491967e-03
2.763487510076221838e+02 6.136357888785850037e+02 4.210793409724189473e-03 6.723018798470074657e-03
1.087830663128919468e+03 1.946487472702636978e+02 -1.470177773296295690e-02 7.490380830523990334e-03
2.645107802092493898e+02 4.026043987741900878e+02 9.894881555922067917e-02 2.867144274762467027e-01
1.171567892973963581e+03 1.679605089581988011e+02 4.076791748489424355e-02 -5.638015552572601952e-02
1.192112046823965414e+02 4.245041732698487067e+02 2.648257344419641668e-01 3.741317242252098496e-01
6.370828036267364496e+02 3.906696511647991770e+02 5.290322280798772335e-03 3.527606277259320855e-02
1.202672373782575278e+03 3.051430596572290028e+02 -4.909511750313657608e-01 -6.212792539009454745e-02
1.247190072929507096e+03 3.019070203769751970e+02 2.906488736827120972e-02 -3.047293119891204549e-01
1.152227503892726048e+02 4.060253898910410726e+02 2.767601535637815857e-01 3.315541590987949316e-01
1.104558650884039935e+03 2.019190567617426382e+02 1.777165071478461643e-03 -9.209311311905628294e-02
1.205158074215512215e+03 2.248155947921077029e+02 2.498506538646848643e-02 -2.785849288226517270e-03
2.910517106601490127e+02 6.270885328547444715e+02 -1.761693935197582508e-03 8.789197735016228766e-03
1.847471600617722913e+02 6.069818884448558265e+02 1.390128222804585811e-01 -2.940983429860460352e-01
2.388779664851584528e+02 3.161936497879693206e+02 1.313650023375323161e-01 2.831137199607749455e-01
1.702291554669999130e+02 5.239146734197707929e+02 2.343159168581555318e-01 3.422862189843612901e-01
2.842032013901504115e+02 5.042922546015159924e+02 -7.473958764981793179e-02 3.187766623373091690e-01
2.034040770803239582e+02 6.856148996450699542e+02 -9.750310579746863243e-03 4.074780795133392357e-03
2.328436078072335533e+02 3.184374916698898232e+02 1.084859125954046877e-01 2.736256649425426457e-01
2.452188710456344154e+02 3.327037319539480791e+02 9.000614032265921716e-02 2.508626928016125524e-01
2.933579365140930122e+02 4.556179742180208905e+02 4.197242597353516985e-02 2.461680765167431895e-01
1.221367739063940917e+03 4.023108052801224517e+02 -3.471423765195458169e-03 -1.731518381711066867e-02
2.495470794692589891e+02 3.508972029590501052e+02 9.612877058756874593e-02 2.676788471258365609e-01
1.385457540415102358e+02 3.944062372474081712e+02 9.498014140260292032e-03 -9.603877952994320424e-04
1.996544997289016976e+02 6.867281524357861144e+02 5.805493729334731609e-03 3.456840659987660269e-02
1.689076437721296031e+02 5.028205175624151479e+02 1.221445815790851291e-01 2.565380878321115166e-01
1.122117025168673536e+03 2.169188833949493471e+02 6.106083932807104125e-03 6.093818886590440798e-03
1.900659759239795790e+02 6.530378962747524838e+02 6.376671973287793838e-02 -2.490006013454505174e-01
5.425667726593378575e+02 4.138986415260412173e+02 -2.018358580351687498e-02 -3.073303758049990633e-02
2.288905802704441044e+02 3.135361096212924394e+02 1.424944232675707245e-01 2.395293434278138178e-01
1.793507383780695932e+02 4.877831141616434252e+02 1.551033621381967820e-01 2.446785117710819357e-01
2.612414413177719439e+02 6.108456142721544211e+02 5.505433791382180822e-03 9.686492941484546246e-03
2.760140078040739695e+02 4.555089284652607944e+02 5.935584653766597107e-02 2.734562955138187812e-01
5.546206805441461256e+02 4.794907990509151432e+02 -3.917987907325541468e-03 1.250190045832340162e-02
1.126787497180242553e+03 1.445852307344616747e+02 5.013745508510303317e-02 -6.902511397825750183e-02
1.139906321408459235e+03 2.557134214824126559e+02 9.406998051964606412e-04 -6.310218849691116112e-04
2.247356462368327072e+02 3.040192065891408220e+02 5.120718883526437920e-02 1.562416167535259082e-01
1.164596570038723485e+03 3.281914314269707234e+02 6.894611173562772977e-02 3.209510769839407085e-01
1.288154089799295889e+03 3.423221608055364982e+02 9.230594067077664555e-02 6.495095457420318845e-03
1.179295637394478490e+03 2.048598427953533871e+02 7.485529769504061480e-03 2.213252391113109535e-02
1.251382245563269862e+03 3.233887662803725220e+02 -5.932470935718167082e-01 7.222987775551038825e-02
1.004894613276242012e+03 8.523157815695938098e+02 8.316554825222290115e-03 -9.955167804615815824e-03
1.037478732806427615e+03 2.187321647171653751e+02 -6.791531896510605293e-04 -9.743634658898177314e-02
1.863582684333507018e+02 6.332053637547726339e+02 1.043850058496816890e-01 -2.805830922255462268e-01
1.037511809929372703e+03 2.288715739291319267e+02 1.267562175348363462e-01 4.598699519410805181e-02
2.619173895829547973e+02 5.170217671439711467e+02 -1.476967930492038839e-01 3.864277504918295914e-01
1.005239394864537530e+03 1.972008101815492012e+02 3.530179190700842573e-02 -8.871784666521721763e-02
1.196003779238739980e+03 2.153994248333995358e+02 6.936679866703958364e-02 -1.492889539811050048e-01
1.223762042712708762e+03 2.455974066214656375e+02 -3.608601638405628531e-02 4.210532316867871688e-02
1.990102796862361174e+02 6.762260698607414042e+02 -2.900621681283577918e-02 7.300595245115844290e-02
2.281210135808784116e+02 7.723173010248054879e+02 -2.545993480444201217e-03 5.448376129837820270e-02
4.974152532839567584e+02 4.760465580927875635e+02 -4.967300837815762093e-03 7.418286225911225988e-03
1.036034875443342571e+03 3.033568869495678086e+02 -3.857485765216203243e-03 -2.241790865739419145e-02
1.070049712887371925e+03 2.177673375219813465e+02 1.502584229457839746e-02 8.954859306351339171e-03
1.196646617282334546e+03 3.314967599436711794e+02 -3.749035629304462991e-01 -1.026743942072690791e-01
1.236282616106406522e+03 3.664932337729422329e+02 6.322061610247134422e-02 -9.970766270158845646e-02
9.710764264367289798e+02 8.483798487041016188e+02 -6.076872590909943028e-04 -9.824133706222445625e-03
4.642320875078663676e+02 4.538838836725966530e+02 9.529056058002898649e-03 -6.895829429514462212e-03
5.594142993546555545e+02 4.354871283506055875e+02 1.304460143474746835e-02 -4.322909351951759183e-03
1.201197155519878152e+03 2.490143243516081668e+02 -5.377899465520715599e-02 9.994535534743480276e-02
1.092167459094208652e+03 2.131743116227612518e+02 3.166446010911105197e-02 -6.365649393864040995e-02
1.877545982155957063e+02 6.254420249027425598e+02 1.404163402524614412e-01 -3.282168844164774502e-01
2.847690372214514127e+02 5.112229451717367965e+02 -5.253574917186180221e-02 3.264503066115428953e-01
1.219249518289560456e+03 2.179931212538092211e+02 2.552624841944800202e-03 -1.982525226364588791e-02
2.025305362042193451e+02 7.125069126995248325e+02 -7.814765091508818528e-04 1.224945576326228131e-03
1.112094539180612628e+03 1.502753429136828913e+02 -3.281240737559443232e-02 3.878742475913465881e-02
1.042867044579794992e+03 2.048770389507845664e+02 5.570506482579773433e-02 1.462163228378590141e-01
1.237145051359251056e+03 3.434191503381515531e+02 -1.013027908398456134e-02 2.014791774952495729e-02
2.443035207452775239e+02 6.087419079831032604e+02 -2.482863752043273919e-02 -7.698177100085246138e-03
2.834347807574885678e+02 6.903923675990095035e+02 3.035288510448097554e-03 4.561121219985864172e-03
1.171154391399643828e+03 1.461593630188880866e+02 1.230661333286856701e-01 -8.120292285813111854e-02
1.262184894645353552e+03 2.003207343548025108e+02 4.364049812733038149e-04 -3.526152616009384840e-03
1.188731904634802277e+03 2.196217841290120703e+02 -3.117403261862746605e-02 -2.002570941607743904e-02
3.231266671916969244e+02 1.089292844125990769e+03 1.001158056902217985e-01 -2.709216477331122513e-03
1.237193003785240535e+03 3.355534495831983008e+02 -1.098762334242087829e-02 1.114127363420821561e-02
2.463894183573891894e+02 3.034364673459569417e+02 7.604990682485018860e-02 2.390664836166574159e-01
1.088268491048428814e+03 1.599141998268706004e+02 6.940524004293516930e-03 1.699443658085186826e-02
1.234024642995658951e+03 3.992247868223004730e+02 -3.706150518270305561e-02 -3.975903384459419411e-03
2.501636547103360897e+02 2.974848924437663982e+02 3.581960025998567193e-02 6.478509063609824703e-02
1.007027952330370795e+03 2.138527503502320997e+02 8.100648309996590080e-02 3.063185551455010341e-02
1.898573196350309047e+02 6.690716497962705489e+02 -4.265156201102118794e-02 1.076695457045003662e-01
2.127130238586170492e+02 7.061938783703826630e+02 1.223272272295809456e-04 -2.431670912549911863e-03
1.081044302367271939e+03 1.610912031068426415e+02 1.571601959923837333e-01 1.289974577146878187e-01
1.105753449492604886e+03 3.327874270674532227e+02 1.066632959142727131e-03 -2.747730115983464463e-02
1.165116452333608549e+03 1.942169024385888747e+02 4.237236259174486513e-02 -1.039051436677342240e-02
1.224428421699311457e+03 3.749341888002260248e+02 1.200946761779277949e-01 1.569677917676212398e-01
1.188333740137428549e+03 2.104415968430160149e+02 -1.826613512439921247e-02 1.231718342369276728e-02
3.118268356101527274e+02 5.778851765147310289e+02 1.608037803937246643e-02 4.311564999627535283e-02
1.048596564320790094e+03 1.845336628159913914e+02 -3.238811352679459715e-02 -2.936129932982270083e-02
1.263930114534440463e+03 3.819757784359341599e+02 7.352578206294950978e-03 -7.301400796718784947e-02
2.531986975932486530e+02 3.025722883706242783e+02 9.817287001323689311e-02 2.863989879196977562e-01
2.926586993041882465e+02 4.940290531949628985e+02 9.595420443205521233e-03 3.191227294543058091e-01
1.093824120746193557e+03 1.735217609972798698e+02 5.914561607219098391e-03 1.104154983984233923e-02
6.434814815613615337e+02 4.579252106582522401e+02 -1.285882317301474502e-03 -2.930297254700611406e-03
5.185191383937694809e+02 4.889486841587311687e+02 -2.652820093338994697e-03 5.623575994507108017e-02
1.050872011919517945e+03 3.115565112359010413e+02 6.466244268932103915e-04 -6.423332426699892780e-03
1.170642586395220633e+03 2.219194120875922067e+02 -2.085174226478967233e-02 -6.588365276858089425e-02
1.176422649806855134e+03 2.522919653091112480e+02 -2.604679106212536011e-02 1.213857015226735454e-02
2.471049991203811089e+02 5.640247527932111780e+02 4.299937634226914940e-02 1.803381403216391399e-01
2.498731944729597387e+02 7.125656213314347269e+02 -1.868196454286335682e-03 -9.301530298214446754e-03
2.917386817308952800e+02 5.032751245557927859e+02 -7.724103096281169367e-02 3.107989505378418449e-01
1.158796481735115549e+03 2.227697229677754365e+02 -1.397567067591353428e-02 3.668524427772581337e-02
3.000079797733706073e+02 5.345537400151448537e+02 1.177182970055311306e-01 3.725795942051560172e-01
1.052770322033986758e+03 1.799076052368722856e+02 2.140817732578286642e-02 1.430080718361555758e-01
1.264870758695893073e+03 2.996784171286964806e+02 1.758855941648107546e-02 -2.359168200973378940e-02
1.255584368057080155e+03 3.582738557352321322e+02 -3.019879067234323422e-01 -2.713108351410566457e-02
7.511112138055285641e+02 9.152661529697389824e+02 1.033241119273729976e-02 -2.391425928114623151e-02
4.809927783266046504e+02 4.578430395529952079e+02 -5.262696241387014411e-03 3.207645099977914690e-03
1.112739936114288184e+03 2.058465555361964050e+02 7.973136755802556763e-02 1.988383572144135913e-01
1.322893237443052840e+03 3.059517995310284277e+02 -2.426123197594355074e-01 -1.724688275156568695e-01
2.481106072919301084e+02 3.325321342870302601e+02 9.488867337043778438e-02 2.368529609722399287e-01
1.018358477594824876e+03 1.759461228972632512e+02 5.033313622107499913e-02 1.256646265146374175e-01
1.144700078493389810e+03 2.731541741807941435e+02 2.166913800750448205e-01 4.011201100039273881e-01
1.133096265738026034e+02 4.487619431560043495e+02 -1.451507494933716447e-01 -2.613316722367926559e-01
1.091552720476694049e+03 2.260536507793112264e+02 1.406684126640278011e-02 3.981549158650241754e-02
1.036748389769635878e+03 2.524353982125360005e+02 -9.744610043958840118e-02 -1.779353426329221277e-01
7.539593859612105007e+02 9.142090802093498496e+02 3.132008265264782376e-02 -2.565218758953101766e-02
2.209702016602096535e+02 5.267712215507336850e+02 2.156907335096294905e-03 -2.792299038995596852e-02
3.281175565554697187e+02 1.097649663180950483e+03 1.890310001529397488e-01 -2.200492731019597706e-02
1.252558653546571350e+03 2.521048148675368168e+02 1.359154610464577417e-02 -4.594160737053103877e-02
1.085562671633427726e+03 1.612806487728635148e+02 9.457038695223304869e-02 1.266480975327037017e-01
1.072788189806195305e+03 3.319365811491781528e+02 -3.466875246951011519e-04 1.120827702767238955e-02
1.144133629050439822e+03 2.148285917780656575e+02 -5.132955890275341104e-02 1.071611440092586492e-01
2.230613421184623348e+02 5.343888991395862149e+02 5.067696955491766443e-03 1.211647478504989869e-02
5.113511350748196378e+02 4.672854476074348327e+02 -9.041999258772925180e-03 -1.397495884462403651e-02
1.090676026436227630e+03 1.664425837429618866e+02 -8.637318876281357971e-02 3.696952476232820417e-01
1.188360303611536665e+03 2.256597661864218480e+02 -3.685305053087487709e-02 3.999276680522226637e-03
1.929228798672992298e+02 6.082019525247213778e+02 1.400208782156618648e-01 -2.706254217875883050e-01
2.839435926037304512e+02 6.724168585479683315e+02 -1.171178130801824556e-02 2.148459518006037502e-03
1.987058818903375084e+02 6.004718738757595702e+02 1.079673477267363013e-01 -3.609358147707212305e-01
6.733076093054996818e+02 4.964510795712297977e+02 -4.270298514398973566e-03 4.884688424120042782e-03
8.606004270590075294e+02 2.824744344656539852e+02 6.147266411672769326e-01 1.949559012917239320e+00
1.037451277606415033e+03 1.853795594846861547e+02 7.310701886499606757e-04 1.176069861632519781e-01
1.088374837303344975e+03 2.824738386513175215e+02 2.948521370317277457e-01 1.252993712039792429e-01
1.151604182511126965e+03 1.832936713402389444e+02 1.339778501661350318e-01 -2.887046123786106699e-01
2.672937770670678219e+02 4.379190494281364749e+02 1.232807227041459314e-01 -4.528821671656140663e-02
1.048352154940975879e+03 2.068635888781163317e+02 1.190105249568205181e-01 -2.656981947864141547e-01
1.252220607172919244e+03 2.862415456305840280e+02 1.360564226731759453e-02 9.860636056303692665e-02
2.756215137309976626e+02 5.769635892740353711e+02 2.740238038316832742e-02 6.904825830239240403e-02
2.860901510858345773e+02 6.467823450168807540e+02 -4.771449894208576632e-03 6.390586880917524873e-04
1.071157457537086202e+03 1.891104118403154928e+02 -4.968173487908201028e-03 2.515501700231737026e-01
1.143719633469984728e+03 2.874258797698759054e+02 1.353073345325282451e-01 4.378482672607840187e-01
1.207700508129651098e+03 3.210323239411080749e+02 2.574013614029403429e-01 3.788069721283468527e-02
1.301705916179483893e+03 3.525194889061732511e+02 2.538260056050873834e-02 1.114762422531811875e-01
2.434644688645924759e+02 7.703174385280879051e+02 3.769579517610143621e-02 -4.319656020229988708e-02
1.071297662470031582e+03 1.628073901873197826e+02 -1.766840632718134907e-02 8.214489405715773643e-03
1.150908130173560266e+03 1.410787776409066510e+02 -2.088498399772207581e-01 -1.839420855112937070e-01
1.099904946466269166e+03 2.043824748556138502e+02 2.137246258475518704e-02 5.246728475247645213e-02
9.937464915859544590e+02 2.302346488840977088e+02 2.075314408566934169e-03 2.093502306506264937e-03
3.636491252722073000e+02 1.037222756150873465e+03 -6.955407806431740392e-02 9.185112491185362660e-02
1.028934849821471516e+03 1.883645672309913550e+02 1.124899922743744785e-01 5.416462112255301248e-02
1.184203146221359020e+03 3.657837916051952334e+02 1.340176283768284606e-02 1.239077855806109568e-04
1.847581992455771172e+02 6.206228530420626157e+02 1.702662006273555906e-01 -3.222652446771624990e-01
8.361237354951288125e+02 1.091514164014600738e+03 1.631429844662437049e-04 1.961451639928262630e-03
1.032306468002004067e+03 2.472577957511035720e+02 1.031997355371860187e-01 1.464793922991602659e-01
1.248775132009862773e+03 3.325151190937977503e+02 1.320809537963561764e-02 -1.378920369483647469e-02
2.816939366809677381e+02 4.415459711195811110e+02 2.578652088793247088e-02 2.402329560015880050e-01
2.911997246664927275e+02 4.490054462633257799e+02 8.774813444017065533e-02 2.956968882911713559e-01
1.011273817284254847e+03 1.679821686169022144e+02 9.490034432368095463e-02 7.595153035574174483e-02
1.095285784245617606e+03 2.946762165378356713e+02 2.354179932905977324e-01 2.891062947214019796e-01
1.169806862294022039e+03 1.598655244468056935e+02 -1.854359802572217164e-01 5.442370766369331037e-01
1.217227925654225601e+03 2.784332721119839675e+02 -1.539370643844506503e-02 4.366775141749990041e-02
1.229624474150292599e+03 3.475993046787736489e+02 1.132530348978804113e-01 -1.864746912656123357e-01
8.682961611025703519e+01 3.142622785765105391e+02 1.286630843361673444e-02 2.374297033539337146e-02
1.000547333197862599e+03 2.307466874156669405e+02 1.654171509358166592e-01 2.904039829899441316e-01
1.138324355815646413e+03 2.108129553446510442e+02 9.120577936358777171e-02 -2.531768958972049344e-01
2.263240526385654618e+02 6.085293095820599092e+02 9.571525885448753379e-03 -3.032542742179459433e-03
7.281313729644671184e+02 9.351362291257022434e+02 2.096572815169624616e-03 -3.863752254643816695e-03
2.866028424971017898e+02 4.236618777386501620e+02 1.232042256062167440e-01 2.123688443659299818e-01
1.162459502838782100e+03 2.237141016461700644e+02 -9.485699726716726940e-03 5.852902643293115929e-03
1.294859899634491740e+03 3.282357459517987763e+02 -7.639995275073943604e-02 -2.113040134375069046e-01
1.291556726504460812e+03 3.598514625872129500e+02 -3.984068664257999215e-01 1.051421998559609050e-01
2.084013198932098305e+02 7.053554353823435576e+02 1.350348746700386071e-01 1.401346797595124372e-01
1.259428318884180953e+03 3.827867586210671220e+02 2.018805321619828591e-02 -2.336407046431077106e-02
2.022155210635121136e+02 5.768588047707564783e+02 -6.608292434908211166e-02 -1.166789287505888145e-01
8.638994250223040581e+02 8.727598855912060571e+02 -2.277029665077046246e-03 -3.203359004691390313e-03
5.235264742351531595e+02 4.534476524738978469e+02 -1.239122085477463615e-02 -4.081331965356379578e-03
1.154742029003950620e+03 1.966278795303027493e+02 2.064644781324399825e-01 7.591277856907550914e-02
1.019245222460193077e+03 1.685911076640565227e+02 1.529013419158976317e-01 2.709612541325420385e-02
1.154148501072443651e+03 2.500157647601389215e+02 5.367284152283799403e-02 -2.500911617792562006e-02
2.690881929911419093e+02 3.989458749757945952e+02 1.022412701937757684e-01 2.095070004394870011e-01
5.099312016259980851e+02 4.545365153990843510e+02 -5.766891124503322266e-03 -1.302465578025974527e-02
1.076109974705615741e+03 1.701433909608455224e+02 9.827946548724551812e-02 1.136979194246324487e-01
1.114333094768347109e+03 1.758505469820045448e+02 1.272553792345066694e-02 7.730957527887702407e-02
1.139825635647623358e+03 3.600294171478531098e+02 1.069824681103017788e-01 5.649430021463786034e-02
1.262783252166611646e+03 3.623574777341074764e+02 -3.149923361759630058e-01 7.772379995894268534e-02
1.835503343174775068e+02 6.519427929862307565e+02 1.129734429762517256e-01 -3.485460219137927473e-01
2.361145260902590906e+02 2.966509167701148613e+02 8.142253030139613712e-02 2.190228841794282788e-01
1.043235314502690926e+03 1.964678427033483104e+02 -6.258560422038499452e-03 3.488140409639072653e-02
1.289534736827559755e+03 3.453647469821785307e+02 2.591920033910355414e-02 -4.869270986357832759e-02
2.346393946643833601e+02 3.046085166976391179e+02 1.124763243838747401e-01 2.988957603776635774e-01
2.913314848941933519e+02 4.549070433802614275e+02 8.273365317449569989e-02 3.473955833606581223e-01
1.244652772565296800e+03 3.873988228270662830e+02 -3.208851935849945103e-01 1.337777157168744679e-01
1.321770472178886394e+03 3.222946207375431413e+02 -3.248205009627860851e-01 -6.961821410093356477e-02
1.008507135577602753e+03 1.644433797652376370e+02 2.425954395481333126e-01 -1.210583004257598932e-01
1.132009613639592089e+03 1.912551625221712186e+02 5.511491519442560105e-02 2.576991476303553963e-01
2.147241171611669870e+02 6.173344073256447473e+02 -1.657693335237488824e-02 8.596324348145984937e-03
9.545679976203392698e+02 8.533956049888256530e+02 7.331816002489817408e-02 -4.090101236275503482e-02
1.105213043637399778e+03 2.234120157493892975e+02 2.765329604704631905e-02 3.162903962783589207e-02
1.063466647380460472e+03 3.243997603801377636e+02 1.335219314699185970e-02 5.908068813423163722e-03
1.138876705363338715e+03 2.331963023948842704e+02 2.530358259738521021e-01 -8.476618338910330008e-02
1.169588354366259864e+03 3.219818598137830463e+02 -7.913024695190393198e-02 6.123401665385667103e-01
2.352590080162139543e+02 7.515836378562942173e+02 -4.797892909294210889e-02 8.158681854804615552e-02
1.005877924933566419e+03 1.795636985529004903e+02 -8.433027156834213556e-02 -9.511205104661116239e-02
1.025184064160206844e+03 2.086091162266792480e+02 1.120382132361214672e-01 2.621969914982614225e-01
1.176273990489356493e+03 2.129521942322725181e+02 -1.954073782492287206e-02 3.115433302508563429e-02
1.189365612426064445e+03 2.305705631600938261e+02 1.730689669408320627e-02 2.290943670251124192e-02
1.199278115944927322e+03 2.769972353713138773e+02 -4.693555458648006329e-02 1.613063150764730835e-01
1.271517701058339526e+03 2.961136107795699672e+02 1.941695730383798807e-02 -4.460693181617898795e-02
1.309124753871798475e+03 3.463720717290236735e+02 2.135297632266997536e-01 7.473791311289801689e-03
1.785778058023589665e+02 6.428749156508638407e+02 8.390373869592337996e-02 -2.839966507937958795e-01
1.828297634797513354e+02 6.627946133996663320e+02 3.369253365551117159e-03 -2.684604765627398026e-01
1.053469874521687899e+02 4.177542750044952982e+02 1.910043893985476360e-01 2.556212506813452801e-01
1.066661656657430967e+03 1.835524551111311666e+02 -7.494171780721396725e-02 2.465978452169799093e-02
1.086239493699300283e+03 2.448982284940714180e+02 5.710495409187531408e-03 -5.369188635104873292e-02
2.736909315177082362e+02 4.788788073459754742e+02 -5.001580831600765248e-02 3.259524680762082571e-01
1.029571863322883701e+03 1.763077378880786341e+02 5.348518379272112350e-02 2.576406984472928013e-02
2.948428048525389613e+02 4.561047964473378329e+02 8.122300728965616001e-02 3.226153128866091069e-01
1.198801269346009349e+03 2.222687615977246196e+02 1.020564887502426778e-02 -5.877412678149967866e-03
1.136841998132077833e+03 3.217820662437238752e+02 8.222465081487773109e-02 -2.854017205491827039e-02
1.226332674645700536e+03 3.594515279167258086e+02 -7.004961120508275754e-03 1.530066309433095739e-01
2.593392091163606779e+02 3.630173395193727401e+02 1.237253294666196268e-01 3.877344121354155959e-01
1.048383378569730439e+03 3.035305094678028581e+02 -8.836535937277290031e-03 5.385079274030601937e-02
1.148984566783083437e+03 2.079384270910872772e+02 -1.093632146150014250e-02 -1.868810860873537649e-03
1.152620455307224347e+03 2.514191409389025580e+02 1.566634221004505889e-01 6.007454427520642071e-02
2.421636118264479478e+02 5.793299935902460902e+02 -9.461139512820260222e-02 -8.063320643885418804e-02
1.058982403658857720e+03 1.911765396302302236e+02 1.885721002449827072e-02 -2.143378796987785162e-01
1.111147346821972178e+03 2.011620372804106580e+02 -6.281018400791253675e-02 3.870785213671467662e-01
1.181683367270546796e+03 3.061074878030140667e+02 -4.263135933067587757e-01 2.491311245906748240e-01
4.102397941912853980e+02 1.089350421397296714e+03 9.300032583185686985e-03 8.842832659623430652e-03
1.027963780278873855e+03 2.805616631126475795e+02 -3.767541505869433094e-02 2.330446401727255812e-01
1.180614776188142287e+03 3.004055727512464955e+02 2.522799309150026703e-01 -6.220966014214874412e-02
1.112379698575267184e+03 3.569025738789102320e+02 -1.324628320635058872e-02 5.963187344925862179e-03
1.317778179671884345e+03 3.449501990340900761e+02 3.641297679966361001e-01 2.201514772263278227e-02
1.244243458163274909e+03 4.031744539189224383e+02 -2.749269200031839114e-03 1.175987522548942697e-02
2.629281848283021645e+02 7.493272424259030231e+02 7.130616773557107990e-02 -9.279795491167826260e-02
4.066876502414083916e+02 1.071104420185823983e+03 3.143183620985772592e-04 -3.074233819097571541e-02
1.759626680369965470e+02 5.024044648248687963e+02 2.320557255735243851e-01 2.528018960997804876e-01
8.121932429439377756e+02 3.931286008226313129e+02 -1.260589803758613466e-02 7.983106363912365749e-03
1.062861544308232624e+03 1.919680676383783009e+02 -1.593966929634426932e-01 1.705460453565898760e-01
1.109998579581697641e+03 1.861617206923125707e+02 2.732477284163136594e-02 7.305153111649185333e-04
1.691799168212756967e+02 5.367107974330882598e+02 -2.898921545140709100e-01 -1.043621591070878624e-01
2.967971607471264974e+02 5.027147713085222449e+02 -3.510549567558977208e-02 3.015154204500305468e-01
3.188474874521516540e+02 5.011196422023535320e+02 3.474902000235621097e-02 -5.261530911550475059e-02
1.203579012277881702e+03 2.200496978262459891e+02 -3.016798735842485257e-02 6.399763033320482464e-02
1.232747706912621652e+03 3.613899315923555378e+02 -6.543920627583095680e-03 -2.776960957458148374e-02
8.560625670171289130e+02 1.102198664361590545e+03 -4.292475604482130606e-03 -3.573907932642820802e-04
4.630687092150166109e+02 4.473787433270666725e+02 8.454001491563965798e-03 4.378620767887365234e-02
5.812433514957300531e+02 4.201862393583541575e+02 -7.928839494452817258e-03 8.376314747863489174e-03
5.439101070092223154e+02 4.566467090100287010e+02 2.717452845393547242e-02 -2.637675534352659085e-02
1.080009056529773488e+03 2.577817294056373498e+02 -5.576300546919232132e-02 5.587542437828703079e-01
1.162516094711485493e+03 1.798492307459108872e+02 -3.138496146299406958e-02 2.214795948618395599e-02
1.159452851812409790e+03 2.164392565072041350e+02 -1.098227620146148727e-02 2.706371402744490659e-02
2.446992168481467331e+02 5.734625891961841262e+02 1.859439664797109260e-02 -7.035486897021572816e-02
2.422453122986275105e+02 6.480082712528178490e+02 1.167446495980264259e-02 4.938225453832439243e-02
2.665055087642428475e+02 6.637863500452965582e+02 9.426737177172773985e-03 6.885255732514782012e-02
1.085833740504080424e+03 1.670261950597482894e+02 -1.071619715577071530e-01 1.038462990510538447e-01
1.014723332286103528e+03 1.943941279701305973e+02 1.703377448720630183e-01 2.379798323055069831e-01
1.188014689164386482e+03 2.381536388865340257e+02 -1.164433989047211106e-02 5.311464754445580777e-02
2.179352936089181867e+02 5.772484809924198998e+02 -1.040857546826515490e-01 -9.040174988269882028e-02
1.791503456147057420e+02 6.495959268023808590e+02 3.468895201562531561e-02 -3.122858179704849357e-01
2.225379641005165468e+02 2.923359237771161361e+02 1.559946713918078723e-02 -6.753254549100676241e-02
4.959184218114660894e+02 4.488542773081071005e+02 -1.057691917574111878e-01 -5.389019867783417794e-02
1.079043693080780031e+03 1.769411529524043942e+02 -1.484943277063798250e-01 -1.143905727494774933e-02
1.161450165478390545e+03 2.371233889850458922e+02 -1.004903035944456208e-01 1.100385775821482448e-01
1.227511711617488345e+03 3.682613772053700245e+02 -2.267201347741926443e-01 2.057419945419635687e-01
2.009255816910494445e+02 7.081960735384328700e+02 -4.960492814948085950e-03 1.143810354863540428e-02
9.719252305721875018e+02 8.711714964696667494e+02 2.161538490639082488e-02 -4.122159605801951204e-02
1.110799057809187161e+03 1.484754661860007445e+02 8.205797756247079633e-02 1.220385683887315054e-01
1.230729056341666137e+03 3.569561395726476007e+02 1.242691325104203770e-01 6.239463453080205113e-01
1.912626646623469640e+02 6.221683127309906922e+02 1.563995819794037345e-01 -2.778911284617322508e-01
2.313673169534324359e+02 7.016865890762177287e+02 -4.132672782109381160e-03 -4.100668999598156006e-03
2.213541399002293986e+02 7.097836848910211529e+02 1.139830586544761104e-01 2.178888248447634624e-01
7.555735516390145676e+02 8.944921588656512768e+02 2.147863075828126966e-02 1.048304879091688235e-02
9.924864258382085609e+02 8.184330358038567965e+02 1.142619317759852038e-02 -3.682235891932350569e-02
4.802476344641267474e+02 4.466110535715617971e+02 -7.646864565474841176e-03 2.214089057524201362e-02
8.313079399737952144e+02 3.754996054794157772e+02 -9.129164170579835355e-03 -1.872927935639673996e-02
1.065821349986597625e+03 1.537015046182811773e+02 -4.617017787709950388e-02 1.593993644366622012e-02
1.040368113971688899e+03 1.719226091104480361e+02 9.053609319945669920e-02 -2.582994948963467929e-01
1.038513676006681408e+03 2.376045653299998719e+02 4.425745274720936373e-01 -9.519840337055549551e-01
1.067164106683595946e+03 2.545425596060686075e+02 -5.835464712531249765e-01 5.813870740892151945e-01
1.188048718739968081e+03 3.101659660398202050e+02 -3.982313196724395210e-01 3.768639754797017266e-02
1.214308834475893264e+03 3.788146081619234451e+02 2.763521078308518453e-01 1.295192321685882664e-01
1.733842144104504257e+02 6.369888988296254411e+02 -1.403713778280137221e-02 -2.784523446919625611e-01
2.065892841173095462e+02 7.033000228349823146e+02 3.426213062531603681e-02 4.005505993879004273e-02
3.947920744657502610e+02 1.093350189385573685e+03 -6.186377803341461777e-03 1.817447397401597900e-02
2.581652935400156821e+02 3.506159117472084858e+02 1.581006429363753796e-01 4.889297430594865546e-01
9.852621345612033110e+01 3.993832266526446233e+02 2.313131625091315868e-01 2.404357112603179303e-01
2.606729852652958357e+02 4.078265557331729951e+02 -7.385404761170851103e-03 2.990188815809062817e-01
1.103780260923638707e+03 1.609854762116351310e+02 -5.115630650243474520e-02 -9.719405135934285067e-02
1.052786515410359698e+03 3.154941217178409261e+02 -1.201289892117074487e-02 -1.428656770450705514e-02
4.481969575872440146e+02 1.097359350285511027e+03 -1.553604296098380112e-02 -1.190159209234783024e-03
2.928319108368232264e+02 4.610409766987444868e+02 1.494541463342784551e-02 1.654532256776405919e-01
1.054178204279720603e+03 1.720942420696491411e+02 1.084643051053717569e-02 -1.179550180388901082e-01
1.097078617362284831e+03 1.761306838037057787e+02 -9.366402018063127444e-02 6.511846173153798545e-02
1.110797416935483625e+03 1.750019461519985384e+02 3.318432370124355796e-02 -5.495833772983473725e-02
1.106751443447283236e+03 2.167608014393084659e+02 -1.910942077785421078e-01 4.140218649601991041e-01
1.183137944433104849e+03 2.035141639154438167e+02 6.084574431797591665e-02 -2.020858647833847360e-02
1.287352928013390738e+03 3.406507321014598233e+02 1.015160926787757462e-01 -3.509941685080093798e-02
1.950637136439822825e+02 5.808524682061758995e+02 -7.382353687387421641e-03 1.269528549076312518e-01
2.697954245125885109e+02 5.979365067466117125e+02 9.980238736523006429e-03 1.812523436603896698e-02
2.216287147284431569e+02 6.043344634531190422e+02 3.119830913555574764e-02 -5.643396905290955917e-02
2.030266870359723725e+02 6.539192707075297903e+02 -1.163231769023695926e-02 1.094657644337985458e-01
2.411636082201684417e+02 6.664936112802769230e+02 1.124803201477106961e-02 -3.026756744309295685e-02
2.500119339967579890e+02 6.864190694168553364e+02 -1.127591862307326595e-02 -4.374977926486280783e-02
2.812241225601246697e+02 4.342201805555961300e+02 -8.877892379837248882e-02 -3.008220514607131690e-01
7.172607372458338659e+02 4.752161453286124697e+02 -3.792889778310382098e-03 4.010458277588213605e-02
1.074843461283765919e+03 1.530804166675070235e+02 2.049830982939511159e-01 8.619842800030852459e-02
1.131782710845486008e+03 2.102037958712477632e+02 -4.239511047046562453e-03 -8.756431708790302082e-02
1.001386069192170453e+03 2.332093064600326215e+02 -1.152797597638652860e-01 -2.123376604289219927e-01
1.235875418741114345e+03 1.326351936661705793e+02 1.610076806093729829e-02 -4.211648941319623418e-02
1.230349937580882852e+03 3.472017350772076725e+02 7.203871745616083899e-01 -6.312485282114010943e-01
2.727064915725051151e+02 6.238718778573687587e+02 4.846027079280190719e-02 -1.073791577198335290e-02
2.361901110355471758e+02 6.793824599476379262e+02 -4.142429009496595427e-02 5.376626265962158868e-02
1.017892187663013829e+03 8.406372986305580071e+02 -3.403551702646723243e-02 1.096683929483788233e-02
1.016556551590372663e+02 4.082962949754694364e+02 1.541407463025213642e-01 8.734338786206308214e-02
2.178112564434108265e+02 5.356260065748318766e+02 5.997033448627083103e-03 2.413116295686753079e-02
1.068917140073441033e+03 1.957260377755505374e+02 -1.385525057161582085e-01 3.767440018914290367e-01
1.046159761912566637e+03 2.228194174828259690e+02 1.915123670604164732e-02 4.956314565823542045e-02
1.923866525096304656e+02 6.267719236853547500e+02 1.754653836643550735e-01 -3.086428695653846144e-01
2.720962545690298384e+02 6.846309600532391642e+02 -2.359870419487227530e-03 8.968546182738160524e-03
2.306258338152840963e+02 2.928078550392278316e+02 4.486186439825701200e-02 -2.336080090088898942e-02
2.308303771099244557e+02 3.063294485160442946e+02 6.385215668917965104e-02 2.144060074135438754e-01
1.129919658073062919e+03 1.851926141563043302e+02 -4.856392020406019583e-02 1.790884868011062281e-01
1.118433188546877318e+03 2.074826042339699086e+02 9.947874406384471513e-02 -1.772591775800265168e-01
1.234040364138709037e+03 1.401850009960686236e+02 3.898149780013682175e-02 -1.289671017678841736e-01
1.182496814675389032e+03 2.280528252713080235e+02 -4.149883921490982175e-02 1.277304420298577270e-01
1.149231209617458489e+03 2.595905949671490589e+02 8.148078801480096445e-02 -2.555353616562001662e-01
1.164393196487441628e+03 2.587073367131673081e+02 2.520485922173065774e-02 -1.562975702908033782e-01
1.138055936546380735e+03 3.444886939651688067e+02 -2.445402740568169975e-02 3.848690525975939636e-02
1.837204633677188781e+02 5.412011412630123459e+02 -1.704014987962381156e-01 -3.321061588630414008e-01
2.289345856754238469e+02 6.081047247571135586e+02 2.422687352954255857e-02 9.891493997764655433e-02
3.207956372287530940e+02 1.099664676648138993e+03 5.101555689140013783e-02 4.972869277412428346e-02
2.251291556282354804e+02 5.339655924724752367e+02 0.000000000000000000e+00 0.000000000000000000e+00
2.883806168415540014e+02 4.585010883628531815e+02 0.000000000000000000e+00 0.000000000000000000e+00
3.173248018037589304e+02 5.242377152289027435e+02 0.000000000000000000e+00 0.000000000000000000e+00
1.058127706419143806e+03 1.557644681397110560e+02 0.000000000000000000e+00 0.000000000000000000e+00
1.102311353749438695e+03 1.914325074966893965e+02 0.000000000000000000e+00 0.000000000000000000e+00
1.007362000803083447e+03 2.188656353683277018e+02 0.000000000000000000e+00 0.000000000000000000e+00
1.154233118088738820e+03 2.187384390657025506e+02 0.000000000000000000e+00 0.000000000000000000e+00
1.196187936344177160e+03 2.486453340477782490e+02 0.000000000000000000e+00 0.000000000000000000e+00
1.230266953653028850e+03 2.515164162892009188e+02 0.000000000000000000e+00 0.000000000000000000e+00
1.207158700341691656e+03 3.125583398488541320e+02 0.000000000000000000e+00 0.000000000000000000e+00
1.291706003477746435e+03 3.260191565302408776e+02 0.000000000000000000e+00 0.000000000000000000e+00
1.221175735221231662e+03 3.729580975610724636e+02 0.000000000000000000e+00 0.000000000000000000e+00
2.087365948304973529e+02 6.303025669512612694e+02 0.000000000000000000e+00 0.000000000000000000e+00
2.807267791584397969e+02 6.690460255601916515e+02 0.000000000000000000e+00 0.000000000000000000e+00
2.010713984391162228e+02 7.084722059287805678e+02 0.000000000000000000e+00 0.000000000000000000e+00
7.138542953772359851e+02 8.160178559387742325e+02 0.000000000000000000e+00 0.000000000000000000e+00
