2.512765759181326075e+02 3.802729017590076523e+02 7.626643553713212398e-02 2.345538354574715767e-01
2.707580088206263440e+02 3.983636043398631728e+02 1.002647513532691492e-01 2.460974140787971776e-01
2.708149992707083697e+02 3.905000412003523707e+02 7.601238803465718008e-02 2.816650595006620073e-01
2.624517273114700515e+02 4.044066615126484976e+02 1.378848749374547988e-01 2.859780742066098669e-01
2.783784165080413686e+02 4.252681504286921381e+02 6.106999338951166895e-02 2.699529831403655322e-01
1.341166506343584501e+02 3.794582321502292643e+02 -5.271513310478297826e-03 -6.678499923972851422e-03
1.397525341687996274e+02 3.888810384168552901e+02 -1.881618735642078769e-03 -3.815123678226193648e-03
2.196862742866436520e+02 3.037544292644647044e+02 -1.093153559299946537e-01 -3.369029598018322136e-01
2.846832059769799343e+02 4.523210086672916077e+02 8.004465923916694037e-02 2.558483678380304993e-01
2.843472797331812671e+02 4.743876379372267138e+02 5.314935442893081730e-02 3.801674874081457656e-01
2.809356369638932733e+02 4.628748489380514570e+02 9.682985864524164266e-02 2.680772740779473473e-01
2.858405543373175988e+02 4.876438260052891565e+02 2.344491999707430663e-02 3.112594287149527683e-01
2.691022187243278836e+02 4.954145417518255954e+02 -7.490096736048069970e-02 3.282762955762264512e-01
2.261104260330577063e+02 3.207941802670317202e+02 -8.206704035791008434e-02 -3.554563076817676137e-01
2.822877297585811789e+02 4.993101636657406743e+02 -5.466790214059737835e-02 2.778407690874226121e-01
2.341425306165722020e+02 3.428330895739456992e+02 -1.192214871680962462e-01 -3.891012958972578928e-01
2.326038905775977241e+02 3.501580267337694750e+02 -9.154677715955129857e-02 -3.478796237109691991e-01
1.512719850432595763e+02 4.547110512984515367e+02 -3.922847954395264347e-03 -3.634895823436204172e-03
1.998730257283494041e+02 5.376480999165188450e+02 1.070467897649766409e-01 1.621698746556400894e-01
2.578972011513307052e+02 5.376356873431135455e+02 -1.258282186932962454e-01 3.293561088109711599e-01
2.669791642323869496e+02 5.432828436330607929e+02 -1.038706688720818644e-01 3.353039889002423779e-01
2.000451205244922903e+02 5.430049211298265845e+02 1.713440431745546499e-01 1.766184767150027202e-01
2.537862309021722922e+02 4.649086472462890356e+02 1.398148585979139226e-03 2.526947743546099998e-03
2.405680821705130654e+02 3.736083175030299230e+02 -1.302494083612578679e-01 -4.096041843148086614e-01
2.512542642582577628e+02 3.941554890139843224e+02 -8.168711100891432042e-02 -3.773434304850687426e-01
2.428544459229160850e+02 5.593085682324165191e+02 -1.340661671837833635e-01 3.186098008991033459e-01
2.436877128472206095e+02 3.938785708158445118e+02 -1.049825476396756968e-01 -3.403964070623377580e-01
2.514044698806499980e+02 5.518876050646440490e+02 -1.040794894877637433e-01 2.134848517975866944e-01
2.592868443176900541e+02 5.535570587068208397e+02 -8.503828668101628963e-02 2.153694703017381973e-01
2.553033826543752696e+02 4.089171340334447677e+02 -4.889559114699065095e-02 -3.131193530366021549e-01
2.737628998746166076e+02 5.434927222386149879e+02 -9.634332734873565438e-03 6.736105829420895030e-02
2.787101527664362379e+02 5.429172205809325078e+02 -2.147025908069992786e-02 7.123363358804643553e-02
2.524221764356300923e+02 4.235005376347725132e+02 -6.367413468128498011e-02 -2.544243059181398592e-01
2.507125308261067005e+02 5.611289597841730483e+02 -7.665582221322257694e-02 1.620757380782489598e-01
2.589798886584626985e+02 5.701340553691411515e+02 -7.691084285546920252e-02 2.202752271869042044e-01
2.078874284358577711e+02 5.161538158047571869e+02 1.140055835889743074e-02 -1.272271801344506369e-02
2.348088362136646197e+02 5.242467586268531932e+02 6.277044943766807439e-02 2.766925948887798831e-02
2.587583413934718806e+02 4.421040543453368628e+02 -3.686184559251103748e-02 -2.507753002128838005e-01
2.820783276386840726e+02 5.553337335080398134e+02 1.185641768495822312e-02 1.407966572382592096e-02
2.230578361085576944e+02 5.630456830767084284e+02 3.627223357940583676e-02 1.021570516663566908e-01
2.679895560127012004e+02 3.009418254364424001e+02 -2.698621102676569510e-03 5.047303327554044164e-03
3.056298956014576333e+02 4.608145827421800504e+02 -6.531635661394492171e-03 -6.358303485850490093e-03
4.586049767073876637e+02 4.492099457597598189e+02 2.974844843888063955e-03 -3.491886854452795879e-03
4.637165368684090367e+02 4.475037007739413752e+02 3.033084396555174242e-03 -5.112641446175129195e-03
3.140113423691483945e+02 4.718986769988924266e+02 -9.985644733653839186e-03 8.028605357719586014e-03
3.090745886083340679e+02 4.791055916949225093e+02 -4.392252999586576407e-04 4.656505774727349133e-03
3.171990167831110625e+02 4.771772005292111771e+02 -3.849526425017414655e-02 -1.720239243330988748e-03
3.245623782963573376e+02 4.863383191599619977e+02 -2.623503912964157084e-03 1.039845588541151583e-02
3.080511585232014227e+02 4.953482430813505175e+02 1.481781047390099901e-02 1.380447396235578127e-02
3.063921716218906681e+02 5.026434238637241947e+02 1.924282600171945106e-04 8.006484311463868062e-03
3.118998818891388396e+02 5.051669146972693056e+02 -8.772723556653049676e-03 -5.547785597497799891e-03
3.192943779338042987e+02 5.116168404306929460e+02 4.553762823501763569e-03 -6.450181377300792315e-03
5.670021251729899632e+02 3.850422945755673823e+02 2.909366054549343203e-02 4.936308082718742808e-03
5.684541122145990357e+02 3.794325731551495551e+02 2.625148180456589667e-03 1.968786488094288658e-03
6.435528396815077485e+02 3.889123079941106766e+02 -3.273079588292702232e-03 1.601598977905012260e-03
5.418452926831051855e+02 4.048832423541089724e+02 -5.307408384656711435e-03 -4.887737380063682420e-03
5.821159550934170284e+02 3.999743641398907812e+02 1.126454002314520621e-02 6.439801684715766930e-03
5.451089140363447996e+02 4.110445080182668676e+02 1.504956071427598159e-04 5.177587374803486846e-03
5.577131318865949652e+02 4.029892781445624337e+02 -4.320352837173078650e-03 -1.166007720279153316e-03
5.877330367979822086e+02 4.046511657582177577e+02 4.015648294446889748e-03 -2.198766349015904287e-03
5.288759263026068993e+02 4.226208639383500554e+02 2.416949613936846940e-03 -8.805675410345915454e-04
5.902823645022406254e+02 4.117529362580395400e+02 5.504470974221593177e-03 -9.464901894784140401e-03
5.652715110840532589e+02 4.236283549012255776e+02 -2.148399727026333028e-02 2.877646517677505747e-02
4.763173442712179053e+02 4.372824517270269666e+02 3.613335106245083722e-02 2.445112322520529360e-02
5.422820669402897238e+02 4.258624090910205950e+02 -1.386084214895239898e-02 7.837910439289740017e-03
5.758475057244424988e+02 4.200274596480084028e+02 3.017749343589322397e-02 6.063437357408816598e-03
5.050776034246511017e+02 4.342795475365514335e+02 -5.934484715001502736e-03 -7.575722962742744912e-03
5.395091464305171485e+02 4.330648544357984520e+02 7.391103003351193017e-03 3.140249708137121676e-02
5.816318739496332455e+02 4.275223829873395403e+02 1.524726429832046724e-02 2.476028462274033632e-03
5.515744880459941442e+02 4.352534316234566631e+02 6.520783298569903007e-04 6.262178803518792490e-03
5.694213411478013995e+02 2.893867269339573340e+02 -2.811051127313417553e-01 -4.832873973273195678e-01
4.946323185568471672e+02 4.443670998783511550e+02 -4.791872991774815023e-03 7.555179366464823305e-03
4.956496732028233509e+02 4.438256538631323451e+02 -1.595915195846125826e-03 5.195615341401009675e-03
4.771752304310783188e+02 4.475876418854718963e+02 -2.522419111645007612e-03 -1.081166677860412838e-02
5.590286981854909527e+02 4.398336174931415599e+02 -2.203247103031824149e-03 4.914905021719435940e-03
4.969186600369642974e+02 4.498114366163688942e+02 1.640103507967431706e-02 1.000211546791192688e-02
6.239192028646612016e+02 4.327360693112713648e+02 1.883168652933129780e-02 -5.372599394581080434e-02
5.173877700485568312e+02 4.487012381824121690e+02 5.298258405730956778e-03 -1.293085547747906030e-04
5.534973113775674847e+02 4.457840879938738681e+02 1.285829408215754003e-03 3.454459075044269412e-03
5.260687596435400337e+02 4.517969861327477474e+02 1.646105074620785383e-03 -1.797560336475870300e-03
5.675320295921063689e+02 4.465759815262803727e+02 3.206671536760256924e-04 -7.193488608486472632e-03
5.753401668349349620e+02 4.456867912797094391e+02 -5.136562562350011941e-03 -8.723230195585636882e-04
6.259229398705869016e+02 4.419685359979878854e+02 -2.434685040347320337e-03 -6.710554264063515713e-04
5.460293660207362336e+02 4.531889680412314760e+02 -4.238088366029239135e-03 -6.609361257513381507e-04
5.573151562197057274e+02 4.521743703124568015e+02 -8.432935006405189657e-03 -1.138380519160866154e-02
4.707605592929417071e+02 4.617330387561737552e+02 1.847467563410677693e-03 5.938877238934152369e-04
5.831242544108825996e+02 4.499179761744554185e+02 -1.288766181273043147e-02 -6.492232130467122907e-03
6.071001080483691794e+02 4.494635543426059030e+02 1.184439831873343885e-03 1.974680319106050536e-03
6.478248767083576922e+02 4.436498290634918362e+02 -1.365362980525580824e-03 1.053922229332126571e-02
5.621768014171337882e+02 4.605120355880617922e+02 -7.197505155595040633e-04 -2.940341957124172415e-03
6.236603441370416476e+02 4.516790387060682974e+02 -6.252213812596964064e-03 -9.383537339549502618e-04
6.073776785811098762e+02 4.579561108983491522e+02 -2.029441947285596202e-03 2.134853894617798169e-03
5.824903868391543256e+02 4.663939163002592068e+02 -1.102320611936544138e-03 -3.005878021384086364e-03
5.424405779673385268e+02 4.769605797366584170e+02 -2.875307056393187986e-03 9.299939008168721030e-03
5.717175139857910153e+02 4.730787308007039655e+02 4.602772279599326097e-03 3.156145040667533968e-03
5.146107470732099500e+02 4.798614281837155318e+02 -1.184712083597832567e-02 -1.056439381930224242e-02
5.563984718895951573e+02 4.789871906710266103e+02 -6.459055144124150986e-03 -8.578543538950869282e-03
5.757241827442163640e+02 4.780834745729100632e+02 5.649758833867801798e-04 3.826565625898876977e-04
5.240925241673528490e+02 4.880818718953477173e+02 -1.429017155124364530e-02 1.988526424643810575e-02
5.438644600587718969e+02 4.896896399984470918e+02 4.653845602434774145e-03 5.120395896954455829e-03
5.822315645057971096e+02 4.882140599272881332e+02 -2.077137388652664472e-03 -2.876857215721771634e-03
6.066763196555532431e+02 4.859571049427911476e+02 1.051516400773852859e-03 6.236059619901438734e-03
8.332414365914752352e+02 3.634458764965297064e+02 -2.346208631724768542e-04 2.402963644672667285e-04
8.279212683920452491e+02 3.706850469555871541e+02 -6.225832415163431782e-04 -1.658664507664804524e-03
8.150259689638344298e+02 3.870642119607506402e+02 -1.245451018371343142e-03 3.035841907870523611e-03
8.352306407753044368e+02 3.968320753098249156e+02 -2.874096412509484499e-03 8.702998477665820076e-03
7.038928733384906309e+02 4.168921579798547441e+02 -1.468452554517922851e-02 2.125167567479728514e-02
7.572053448025974376e+02 4.400966264487833541e+02 -1.445886595177236665e-03 -3.057906806871545698e-03
1.111943953423836547e+03 1.672311010905648345e+02 9.935733116816042321e-02 -2.661075875386357051e-02
9.720163939526754575e+02 1.709758815729320531e+02 -1.200308147555672472e-02 -1.453714010409162295e-02
9.859196853498542623e+02 1.757142874514509003e+02 -4.516252034980623546e-03 -1.333920943592588684e-02
1.068359428151179827e+03 1.620013747345050490e+02 -1.092567924299578559e-02 -1.459410148149878871e-02
1.112410234352822499e+03 2.058363584987621664e+02 1.192021885569469336e-01 1.310276648581577275e-01
1.126235455925443830e+03 1.856216117145521025e+02 1.893834495443471599e-01 4.555436984788788224e-02
1.055471106576660304e+03 1.852506762960212541e+02 -2.354535601526630637e-03 -1.672627047479448639e-02
1.126063852371012217e+03 1.539087675763117034e+02 1.411910545602837463e-01 -1.303610917574481443e-01
1.129948443492236265e+03 1.761518129325497171e+02 1.223524609353924264e-01 9.771589323486043477e-02
1.092296226000407842e+03 1.797933527031457572e+02 4.304064201255641819e-02 1.592986266098982487e-02
9.793479350941435086e+02 1.994618387714631922e+02 4.216984165565810204e-03 -1.058517136048230459e-02
1.000027129334622259e+03 1.862395210743339646e+02 -8.873380676423849381e-03 1.396493908634825233e-02
1.027082095438168835e+03 2.361595748409942246e+02 8.576264028349467328e-02 2.487182257852421363e-01
1.147976720722730079e+03 1.757727685757485858e+02 -1.558667350680858175e-03 -1.630443856588932594e-02
1.158954600196078445e+03 1.960605457887791374e+02 3.427583138131517072e-04 2.916003264938117363e-03
1.009435214789813244e+03 1.958508638694433444e+02 -1.159329384801263685e-02 -9.776198193585154683e-03
1.042874832028715218e+03 2.062375081254272402e+02 3.651995819821800965e-02 -9.918502555994411149e-03
1.060585292269467800e+03 1.949600335027333244e+02 1.024155012078829287e-02 -2.781661717257760333e-02
9.949699966730926235e+02 2.129173467612505704e+02 -4.463948633423286266e-02 8.606902124374936347e-02
1.087587312193025809e+03 2.033665191401425716e+02 -1.521584230258352793e-02 -2.229891589407917343e-03
1.075369550700240779e+03 2.224207811913250055e+02 -2.073767592183586254e-03 3.372340005444805344e-03
1.142680894875519698e+03 1.595072499018828012e+02 8.126488861602419733e-02 -1.244351231613840258e-01
1.122830090659763755e+03 2.183900168009563174e+02 -4.798827608234241399e-02 -1.187520199362598478e-01
1.102482991540700368e+03 2.193218794269618286e+02 -4.388040237130337237e-03 -1.640411905714779864e-02
1.116293937666637930e+03 2.172764937238249843e+02 2.015647862155971540e-02 5.780433888184074651e-03
1.125604836074521700e+03 2.080216280550284011e+02 -2.136169215587095660e-02 -7.399159518214592536e-03
1.087707342464805151e+03 2.730345260267942535e+02 1.040499863770559669e-01 6.780410718046017693e-02
1.107348802969495409e+03 2.418649104972250541e+02 -2.253308263068154807e-02 1.169494744965355465e-01
1.118951913558451224e+03 2.399238219283297724e+02 2.411911600923907079e-03 -5.222989481121422146e-03
1.013334956964777007e+03 2.368716271045914823e+02 -5.490624380789284158e-03 2.060364714341716714e-03
1.118811137203217413e+03 3.058372896258284186e+02 1.609510683756885663e-01 1.203835584572309214e-01
1.056711908177678197e+03 2.516003053563524361e+02 3.649982133433155723e-02 2.014228583863340166e-02
1.023931581104476550e+03 2.761613657516724061e+02 -1.390209432747949560e-03 9.553276004963339287e-04
1.114767520562324307e+03 3.156152583133163034e+02 3.690712176594928857e-03 6.697345215603899005e-02
1.062715464567705340e+03 2.933265482379666764e+02 7.124467602872557211e-03 1.489387544682309024e-03
1.046422917129458483e+03 2.887295296753318326e+02 -2.554175010374982232e-03 -2.839950350813965144e-02
1.073779138233749336e+03 3.116754578860750371e+02 -7.433702025305182794e-03 8.462387627321389476e-05
1.055641192923373637e+03 3.193368070244197270e+02 -9.273762771835038221e-03 1.596627176449110647e-02
1.079106819893049988e+03 3.228771408395670051e+02 8.817207334812896674e-03 -1.288890029875144243e-03
1.076109043309180606e+03 3.330406004472311565e+02 -3.010111654160450736e-04 3.587368798782723084e-04
1.090771003925595323e+03 3.311432440234616479e+02 -1.362022874166604440e-02 -6.028231402595874387e-03
1.163676806618274668e+03 1.764257911993108792e+02 -1.673926095443648704e-02 1.892799037890055547e-02
1.186958278376668432e+03 1.661651985897480870e+02 7.986382200089233580e-03 -7.106078470161913962e-02
1.180637865335063452e+03 1.789121352133736309e+02 -4.089837963449261156e-03 6.991691458853323791e-03
1.183239759950370399e+03 1.946249540402116338e+02 -3.045697869441091332e-02 1.536045000749124423e-01
1.171678045202239446e+03 1.900099386881994690e+02 -8.401039234092539526e-03 1.073481740060640115e-02
1.144368252589608574e+03 2.136843083351512007e+02 1.482399203806236687e-02 6.855305787717391741e-02
1.153475486967340657e+03 2.119364812387909751e+02 1.866587338176176145e-03 2.620618280532862818e-02
1.154359585741864748e+03 2.197475830827556820e+02 7.113636549068153361e-03 3.562178713730979052e-02
1.169708726516753359e+03 2.137784682969291055e+02 3.806902794478068432e-04 -4.407183147826640099e-03
1.191177572754192397e+03 2.066862132670872541e+02 3.601224257474115904e-03 -1.732311192544293971e-02
1.194353077372093367e+03 2.266513580903815068e+02 -7.903521926175809814e-03 1.352236892498689252e-02
1.202720008930134100e+03 2.172988587780233445e+02 -8.714683516860298462e-03 1.904445075841423168e-02
1.154501966731965695e+03 2.249186687523481112e+02 -5.190854208329724086e-03 3.068605226073119717e-03
1.161896865880104997e+03 2.289544185338733087e+02 -2.636059561841603248e-03 1.334285369104785740e-03
1.184774763949916633e+03 2.275790995471806752e+02 6.529225424308848780e-02 -8.136234223983866698e-02
1.141385844429800954e+03 2.409866495762498459e+02 -5.619413151621437163e-04 -8.405355301714406051e-04
1.198020491173860592e+03 2.300618385933499326e+02 4.681046571170887835e-03 -1.507774346039398791e-02
1.202624968547841036e+03 2.359412603819302205e+02 -5.425421992807212893e-04 7.363346144087911521e-03
1.194703049407148001e+03 2.453692168500913340e+02 2.756735317781463211e-03 -3.802814881126015314e-03
1.184371951572670469e+03 2.548462698498162524e+02 7.574369729242096463e-03 1.926005683271954101e-04
1.215865931908348557e+03 2.541258363225590813e+02 4.627255370712308330e-03 4.119412680367558546e-03
1.205078017692427920e+03 2.625647078758237285e+02 -6.154023184587395501e-03 1.689739382921272987e-02
1.273904989716291539e+03 2.577265956469152570e+02 6.488326034113384849e-03 -7.934256071158721918e-03
1.196638957415780169e+03 2.762753847162860552e+02 1.612396716102759350e-02 -2.998001933390511894e-02
1.133406335087626985e+03 3.238987553942973250e+02 6.604101263616426673e-03 -6.184317406116901332e-03
1.207854091330789061e+03 3.369576154285836083e+02 2.607541018553322099e-01 2.374315306442755652e-02
1.198858265372659616e+03 3.297087908070660660e+02 5.050267548468393569e-02 1.824445792152568080e-01
1.242220274026370362e+03 2.930630955499741503e+02 -6.028453002583395760e-03 -6.892157943362838685e-03
1.233673107101388268e+03 3.258406854148062735e+02 2.387361893387660028e-01 4.691468393176445573e-04
1.107547424616193439e+03 3.385397719361316717e+02 -4.998495851468040541e-03 -1.019654975361575407e-02
1.285836148016234119e+03 3.360298704579439573e+02 1.679879232701278202e-01 2.279384903712444385e-02
1.112756800146745491e+03 3.402574318887787399e+02 -1.939013951427888578e-03 8.084091138933258841e-03
1.129911782629618529e+03 3.470751350081796431e+02 5.916314272541634001e-02 -2.890348980354877362e-02
1.109648937005385733e+03 3.544927649714202857e+02 -2.064642301473501758e-03 -1.235818893110938576e-03
1.268913115484237096e+03 3.733560126184169690e+02 -3.323374840639608530e-01 1.272452289506361967e-01
1.277177158275963393e+03 3.514812858477857276e+02 2.960089070749164497e-01 4.675302018038582884e-03
1.284013897011879180e+03 3.545260992296099971e+02 2.890788678645648258e-01 6.844352064822464832e-02
1.273304777812074690e+03 3.776117252878198656e+02 5.229286928320872954e-03 4.188112452973403489e-03
1.204483486771540584e+03 3.931621164355013889e+02 6.874961727121579706e-03 -8.323607641249518990e-03
1.221787742298753983e+03 3.960976902474943699e+02 -2.303893891130788865e-02 4.354539485952595157e-03
2.758736595570590566e+02 5.600344216175868723e+02 -2.574591492478333927e-03 -2.045635090430640915e-03
2.685664550996609705e+02 4.576100710357724779e+02 2.625173039429664831e-02 -2.832558331646844452e-01
2.382035253823515006e+02 5.828643360219739407e+02 -8.331731957251084508e-02 3.657987318320461007e-02
1.491117887742696269e+02 4.957568624370147177e+02 -1.343644558768318509e-01 -3.307302867434921412e-01
1.437859888817286844e+02 5.099622782856675371e+02 -1.836730431033703204e-01 -3.270953663166438763e-01
1.668689163494597949e+02 5.763784548578420299e+02 1.316851604924230111e-02 -3.718098952934062364e-03
2.419186572438232758e+02 5.681633862342143857e+02 1.297009775633415837e-02 8.805243546441155270e-03
2.372854397663016073e+02 5.690256189764490955e+02 3.196573563292247778e-03 -9.790204005572142841e-04
2.423823362057554220e+02 5.907803356162509090e+02 -5.828284689540781660e-03 4.915578982338885024e-03
2.489717284942722131e+02 5.922970611559661620e+02 4.305622672992039969e-03 6.714226680780556282e-04
2.769174180879197138e+02 5.723086053702462550e+02 3.572217715024032098e-04 -1.536225471837307944e-03
2.709423941438274142e+02 5.789449564653713196e+02 1.505452056922969468e-02 -3.681985408965518600e-03
2.931657661087301108e+02 5.765934222963305729e+02 1.028177175873008602e-02 -2.838778901224653199e-03
2.983496760149005240e+02 5.761812270391106949e+02 6.173458411841701958e-03 1.621526133011108248e-02
2.657302027498595294e+02 4.802719139143304687e+02 1.771032019431379723e-01 -3.634229834846115503e-01
3.076730458433171407e+02 5.964454970764909376e+02 -3.177271377616743692e-02 1.752581715315876254e-01
3.112018400607407784e+02 5.352321319128835739e+02 1.267494157660972688e-03 -5.481604700840347726e-03
2.750104290138252736e+02 5.905051593426730960e+02 3.675280047411663524e-03 6.799324149035260514e-03
2.181087687339333741e+02 6.034445149000448509e+02 -2.586361693169640739e-03 1.300917966828495694e-03
2.727728617269355595e+02 5.923600742700979254e+02 1.597346090132626892e-02 9.973319066794278896e-04
2.358564324593509411e+02 6.047262209941339961e+02 3.658236121420693852e-03 6.723936194991285615e-05
2.785954321860089067e+02 5.938695440413689539e+02 -1.508261521598459410e-03 -1.895328362178079831e-02
1.808612723215467213e+02 5.559168421347084177e+02 -2.550119875128420976e-01 -1.040410971976697407e-01
1.847643733667611627e+02 5.508871091824420319e+02 -2.717064986371763857e-01 -1.191345994264784297e-01
2.547720459766616727e+02 4.914003542724130966e+02 1.215832110425669604e-01 -4.218181716262268122e-01
2.862085099151664735e+02 6.067153486021262552e+02 3.793171988552285732e-03 8.220335004655045241e-02
2.241293180934654856e+02 6.077241826212189153e+02 4.816589544699951403e-03 -2.558919606673890068e-02
2.302049024027207338e+02 6.079660122941135114e+02 8.040611758100385878e-03 -6.361764363614698685e-04
2.493953351727169263e+02 6.036099998288456163e+02 4.566504375301044458e-03 1.301168344938073707e-02
2.787243807641717126e+02 6.001551790037790397e+02 -8.114004043518028772e-03 -6.056731710154873369e-03
2.528093513889617441e+02 4.998634390092716444e+02 1.151262257371128417e-01 -4.245862784803131618e-01
2.983692684195007132e+02 6.042904073359549102e+02 -1.190453543458232059e-02 1.851398250208842466e-02
2.829483091608491918e+02 6.137448440211545631e+02 1.138239035094557039e-02 -1.221212502632016902e-02
2.390865410536519562e+02 6.224688383846931856e+02 9.028368452106579761e-03 -2.878253704566439801e-03
2.508616557873706654e+02 6.211794526961176643e+02 1.949289552513953569e-02 7.511449668914558196e-03
2.964713807668987329e+02 6.142661524793282979e+02 -6.027693945193480542e-03 2.187231831779325319e-05
1.958224435447096141e+02 5.588565303817238146e+02 -1.116533677520250567e-01 -1.946695380708046430e-01
2.543938765851578694e+02 6.239357192509654624e+02 -1.069044873638136340e-03 -5.359246164515536412e-03
2.030501777355422917e+02 5.662645324177201474e+02 1.269110189053777697e-02 -1.514048953236088735e-01
2.272240619340502974e+02 6.302135756037586134e+02 -3.945276653510491438e-04 4.023612381161001395e-04
2.319212326742201640e+02 5.719028436479069342e+02 2.327627066236420128e-01 -1.910632806870044831e-01
2.319045992326967109e+02 5.529824897339285599e+02 -1.194653157237822449e-02 -9.425625498797536583e-02
2.071494917092452681e+02 6.483724232947338351e+02 -3.982884461194376169e-02 1.359610337973176930e-01
2.333641160355919055e+02 6.301229038999869090e+02 5.291772400653652758e-03 6.900551789376640002e-03
2.845469243017005851e+02 6.235784184870165063e+02 1.844838446896970288e-04 -2.313122707486364119e-03
2.348240824409520826e+02 5.594328223117065590e+02 1.909261126060934344e-01 -2.242394351483446568e-01
2.261981994900581583e+02 5.507895916142884971e+02 -3.081306753082744057e-02 -1.553284416531047207e-01
2.425509885702396389e+02 6.289754786265332314e+02 -2.029710127034898420e-02 -2.145592139698570752e-02
2.794430154530762707e+02 6.361371449217912186e+02 -4.147459521695761285e-03 -1.138814531719788787e-03
3.013970400859797110e+02 6.295548136672122155e+02 5.534846138439972543e-04 3.066484285469382731e-02
2.712433485552173806e+02 6.345977064804891370e+02 -1.010657979769136877e-02 6.729680133250016960e-03
2.241117865859243921e+02 6.428794590425445676e+02 3.071658691052368655e-03 1.096756201823019701e-02
2.853611119158123302e+02 6.389695024577958975e+02 9.885926760375696176e-04 -1.068553024124007170e-02
2.960260037097264103e+02 6.336463075979124824e+02 7.122180971575204494e-03 1.462821903723606452e-02
2.186429762526568084e+02 6.458669438586224487e+02 8.605815853726573109e-03 5.614563144182185654e-03
2.370475960893998320e+02 6.421556649302759752e+02 -1.399652727501697787e-02 6.528583484067543774e-04
2.587920608185569336e+02 6.402521479125692849e+02 5.173320467828587850e-03 4.789706453497012857e-03
2.650396567629154561e+02 6.402361403748502653e+02 1.172400976908292199e-03 -3.732586500054911952e-03
2.314353809475541652e+02 6.465722352136025393e+02 -6.615897694841816820e-03 -2.399910229162670501e-03
2.505997938878898879e+02 6.462686582547863736e+02 1.900454735789115085e-02 -2.535716014493361731e-03
1.885376349628731134e+02 6.803001332026053660e+02 -8.050871586587644846e-02 1.806158362624091240e-01
2.294171588520373177e+02 6.554292838471643563e+02 -2.464282798649494559e-03 -3.747566610876233197e-03
2.595806572578697455e+02 6.523122224263959197e+02 5.192536927522454007e-03 -3.717735475460007093e-03
2.685689007046942720e+02 6.525542155227834655e+02 -2.254585905737456313e-03 -2.144393773372903992e-03
2.371271330932416674e+02 6.554189954767369954e+02 -6.669789944135174307e-03 -3.937224445253647773e-03
2.562077738683682924e+02 6.550381225689063740e+02 1.324940873764846733e-02 5.528657157576684529e-04
2.906368707063085139e+02 6.515888968920991147e+02 1.057142564688394112e-02 -1.313460990786214679e-02
1.894797892476897516e+02 6.861219701805961222e+02 -4.963626765888728976e-02 1.802766564884124012e-01
2.751529515538504711e+02 6.573819261975883137e+02 -2.838657223435910905e-03 8.260320856849001289e-03
2.502658534322655157e+02 6.646774438255755513e+02 1.115006444813822391e-02 4.411738440600208172e-02
2.568943638265672575e+02 6.674304205501321121e+02 -8.932817657995260072e-04 3.612442974558531528e-02
2.179153841307371522e+02 5.873027112737736388e+02 1.339789259579781122e-01 -2.893653272109596997e-01
2.078864295038636953e+02 6.673109535916605637e+02 -3.318273117637791057e-03 3.720241192629127926e-03
2.863946337454031550e+02 6.623452037574134010e+02 -7.923129348198202151e-03 2.796062748687534044e-03
2.277510128701763392e+02 6.680107964714642321e+02 -3.909018156309234868e-03 3.064124923163476753e-03
1.946831164715926548e+02 6.824120678768500738e+02 -7.826474694503744375e-03 2.889885301005781088e-03
2.650108052219651427e+02 6.733663162947377714e+02 2.763163498379846150e-02 4.434820199685643449e-02
2.695675693713797614e+02 6.687689991263680440e+02 4.882791391404644413e-04 -3.191034395344203439e-02
2.150341982761343900e+02 5.980307876123440565e+02 1.247969901209422944e-01 -2.753454913596701248e-01
1.998123871820359341e+02 6.811898648336664337e+02 1.793981195002815375e-03 -6.168538394592927663e-04
2.282034843904707202e+02 6.725755906464647751e+02 9.139672174497529000e-03 -4.296021466746082450e-03
2.816150778784894442e+02 6.716187171342803595e+02 5.899173636233325316e-04 -4.290412709815202667e-03
2.756092740703715549e+02 6.775496344653487313e+02 -1.444061608796377849e-03 2.916861558733757371e-03
2.994016498442854299e+02 6.868782543141545602e+02 -7.583744370177467053e-02 1.247849548823397881e-01
2.381981820914791683e+02 6.807226026607397671e+02 4.839355299769423739e-03 3.080063958988587397e-03
2.459447888277691732e+02 6.837477365312489610e+02 -7.576521598377781476e-03 -3.330667918513282948e-04
2.094493732913560677e+02 6.869466053905820218e+02 -1.392767338980754757e-03 -1.793575388063854432e-03
2.249297943016234171e+02 6.834342548467761844e+02 9.279982777271281614e-04 -2.439469844102184082e-03
2.173640438999758828e+02 6.866949410728050225e+02 -4.590012739633734552e-03 6.716513786467756715e-03
2.841759738310365151e+02 6.826218837224530489e+02 8.728297820201726728e-04 6.620359612968355900e-04
1.961298071152666012e+02 6.971419854420269075e+02 3.430518068293114675e-02 2.673098466898904402e-02
2.328214015305270550e+02 6.881750979305162446e+02 -5.680871301642368733e-03 -3.520535586452040559e-03
2.388402712457323389e+02 6.925773022305841096e+02 6.553457825875154017e-04 1.427073308828803039e-02
2.035096921510333914e+02 6.982043894471248677e+02 1.648115184682460987e-02 1.156238995548113102e-02
2.153536088747540020e+02 6.944983149229284436e+02 1.266812128592380423e-03 4.635024422694609958e-03
2.241907772353994517e+02 6.952964042483342837e+02 -1.892155068338977454e-03 -1.507899584644652397e-03
2.780251154033692274e+02 6.879658018347421375e+02 -5.243492232496842730e-04 2.116393647300734114e-03
2.519708096853858308e+02 6.924310662336716859e+02 -3.264628078815774541e-03 -1.010594781539589197e-02
2.753874798084667077e+02 6.899728950765878608e+02 6.466653985221523446e-03 -7.757923793475795388e-03
2.684106169461073819e+02 6.940004858158063143e+02 -3.556339302133325244e-04 2.349425988986785299e-03
2.372918556354182442e+02 6.994220011292584331e+02 9.514768021932245787e-03 2.157660924059416618e-02
2.752164486319230718e+02 6.962403997803435232e+02 4.182529047167270024e-03 1.006463236039129884e-02
2.595019599388153893e+02 6.984099214888619827e+02 9.873441381139603980e-04 -6.413867792970099268e-04
2.235620663305122378e+02 7.036870560966257244e+02 5.553641742642074792e-04 -1.793646178979056705e-03
2.544426027657425493e+02 7.014918911763354572e+02 -2.554742638698662138e-03 -7.707246421396481140e-03
2.457375011282998685e+02 7.023301782325895601e+02 1.374238942372754116e-03 2.806597619376201996e-04
2.489411099740154043e+02 7.067929244088652467e+02 -7.374728952254259919e-04 -4.156122186725384228e-03
2.696347792371528840e+02 7.051027075759461695e+02 2.523253648299073320e-03 2.589868429927354512e-03
2.591643715769725986e+02 7.084945069075474748e+02 -3.704483701199023926e-04 -1.960048605179499762e-04
3.227040147479390271e+02 5.427897943642403789e+02 -1.243629186732131712e-03 -9.615764154742995062e-03
6.059990772007331543e+02 4.940498458110273532e+02 -3.656430535060469899e-03 -3.159927169029756212e-03
5.276494309630826365e+02 5.246857959847901611e+02 1.706689796617298551e-03 -1.707643187358884665e-02
2.618022142524944229e+02 7.110462447267636890e+02 -1.480163357003036343e-03 -2.417409873896083240e-03
2.191605236300385400e+02 7.143115126341896257e+02 7.514238771783325090e-03 -1.142749707040897379e-02
2.661340407545847597e+02 7.113904144777399097e+02 -6.226315832049798696e-04 -1.401122493785076500e-03
2.522407686157514775e+02 7.141478406961151677e+02 1.326399602365566739e-03 1.532396649842063729e-03
2.139815446203430440e+02 7.196049741729420930e+02 4.948296486891577868e-03 -1.198034592516030328e-03
2.270062133177764565e+02 7.209062124295099920e+02 1.273664794450048588e-03 -5.656486705405958104e-03
2.451292235883921933e+02 7.154666108898386483e+02 -9.062815722307902833e-03 -2.235627570711819570e-02
2.081364361741810285e+02 7.241940529365134580e+02 -5.114324362718641534e-03 -3.466901770518305941e-03
2.211915148288480566e+02 7.216119585520473265e+02 -3.673569963585478996e-03 -3.883024833943510713e-03
2.510583264661256919e+02 7.212064508016791251e+02 2.016559358406935440e-03 3.264173115049329426e-03
2.167915703793676414e+02 7.241024278128243168e+02 3.912143025243917938e-03 -4.292503347535262317e-03
2.116290328618422336e+02 7.269287523401163753e+02 2.854354668375656389e-03 -9.679603447801866933e-03
2.348030812267991507e+02 7.242012251879492624e+02 6.367166715763221754e-03 -1.610858384591471945e-02
2.408760452258577516e+02 7.232026677076634087e+02 4.228986132654363739e-03 -9.484748784492838189e-03
2.101628894616756043e+02 7.402428926136761902e+02 4.163429293411487209e-02 1.069873642652476448e-01
2.457946662261379629e+02 7.269510215162509894e+02 -1.036044646872622682e-02 -6.313276249531131479e-03
2.634130541391248812e+02 7.276297749055777331e+02 6.308651987599588236e-03 1.228718321416217424e-02
2.217299056670853474e+02 7.307758607856019353e+02 1.971164800234853718e-03 3.180813281020245051e-03
2.194467585650969852e+02 7.340149285650120419e+02 1.249855412597168040e-03 4.020983975607069633e-03
2.548208734599031686e+02 7.299482229789814483e+02 -1.183767311849322039e-03 -2.577004333084635754e-03
2.354045584151723745e+02 7.363149942904273075e+02 3.091760990176874342e-03 -1.607753256426704917e-03
2.437957639567558203e+02 7.360086284941527310e+02 -1.865381108955273129e-03 -2.978908375325772795e-03
2.190536228590378016e+02 7.466339608740528320e+02 -1.506227115511663169e-02 3.210987360044683520e-02
2.305063017640665919e+02 7.455011449428623109e+02 -4.635842644872955644e-03 6.642211798676536660e-03
2.461771620213909841e+02 7.435119254210359259e+02 -1.545736736100779317e-03 5.979903847056033776e-03
2.395769924087080653e+02 7.470920809966031584e+02 -1.030204426255512673e-02 -1.227830653807688091e-02
2.554661440895022508e+02 7.452820527841308831e+02 1.028169454642547135e-03 1.106522881754568900e-02
2.526669035244869121e+02 7.538008524774525085e+02 8.931219146023581038e-03 1.248918052933934396e-02
2.430398271390689899e+02 7.534599614488319048e+02 -2.349902853319519713e-03 2.246568086606527074e-03
2.324203405417603676e+02 7.622903133514440697e+02 -6.718846854388211159e-06 5.556709686697338703e-03
2.496729470620660720e+02 7.608569288326650621e+02 2.262747585845377787e-02 1.698898810938731518e-02
2.422774740569213066e+02 7.620276459033800620e+02 -4.988864906410958415e-03 -1.489531380025029992e-03
6.343880481681776473e+02 8.220120735400278136e+02 -1.548308819853292870e-04 -2.919620023289603151e-04
9.124496090189193183e+02 8.058730309748348191e+02 8.945197770356004736e-05 7.688667960904934338e-05
9.940773811920986418e+02 8.010221278869963726e+02 -1.932530889859555194e-03 8.880553849858098406e-04
4.599355698833838915e+02 9.415773363553690842e+02 -2.539715852055162936e-05 2.961916126961645392e-04
7.177325644405077583e+02 8.678669368408789069e+02 3.270597169722521281e-03 -4.591435675293534246e-03
7.420205589847705596e+02 9.040102882309847701e+02 -2.939681208735381388e-03 -1.864770454398068837e-03
7.289288446447889100e+02 9.140027695317177177e+02 -9.308554572035153537e-04 -7.563526413706663865e-04
7.465635896309653390e+02 9.089121396265663861e+02 -7.253771801251021265e-03 -3.647336696219148633e-02
7.345309476100620714e+02 9.155726942058510076e+02 -9.102029225180621958e-04 -2.116760219888816005e-03
7.031526978352843571e+02 9.295396014839102463e+02 -5.161046835316465166e-03 6.888108493112128161e-04
7.283702088163216786e+02 9.346374460663805621e+02 3.228121567142825353e-03 7.692777108327436466e-04
8.828726928807639069e+02 8.478506474945191940e+02 -2.395683490420305074e-03 3.806776007629853343e-03
8.869529134994651258e+02 8.532511700078033527e+02 2.694077402115525877e-02 -1.315760141050538890e-03
8.700268211490551948e+02 8.816370879421380096e+02 1.573012019810444279e-02 1.449636342838087760e-02
7.550084539203008944e+02 8.957339108296200720e+02 -7.519611395327776421e-03 4.000203603482077597e-03
9.959651497904179678e+02 8.130919366891990876e+02 -4.421111826175520496e-03 1.917275134987318167e-03
9.542846685298418379e+02 8.143801668402617224e+02 -1.255038787506480152e-03 -1.219382769929014398e-02
1.014291706210638040e+03 8.107159864450827627e+02 2.297796176388389872e-02 -1.238008931574029886e-02
1.017406359979478111e+03 8.135909193064362626e+02 -3.486839798122421275e-03 2.519904819001738284e-03
9.617473847930917827e+02 8.191838787028025308e+02 -5.047155171624662616e-04 1.205832739409437105e-03
9.712242982286023789e+02 8.154993390405215905e+02 -6.989542319609039385e-04 2.384661982394319264e-03
9.935045876910966172e+02 8.178533585213665447e+02 6.517193479653812446e-03 -5.551261303432313172e-03
9.289189020101504184e+02 8.203672014367184602e+02 -3.062408949131955813e-02 -4.106694104769636794e-04
1.029013510446560304e+03 8.189679975426955707e+02 -1.002105962153100344e-03 -2.600751190129813040e-03
1.038130442489691632e+03 8.269029959943663926e+02 1.095876143736940504e-03 4.460660166006785547e-03
9.851300004476670438e+02 8.290177565096186072e+02 1.381383676362425402e-03 -1.185679330302660253e-03
1.059764432240559927e+03 8.257652926766312476e+02 -6.010018002762710851e-03 2.073015410529154608e-03
9.335883380277922470e+02 8.290292214497428631e+02 -3.262389055399887022e-03 -1.667428686597295390e-03
9.674936780827189295e+02 8.302111646620195415e+02 -1.229769361993976003e-05 -4.180247145256436002e-03
1.029050912500385721e+03 8.283415715824661447e+02 8.250861219066521826e-03 8.501404553090417815e-03
9.219429581973031418e+02 8.339460987751641596e+02 5.038064746843877451e-02 -2.389229360085660253e-02
9.912893495263264185e+02 8.311142771626007288e+02 3.721387333399380198e-03 1.399533851221043202e-03
1.042271391705517317e+03 8.305885225818444724e+02 -1.928794321903783138e-02 -3.204074436091627117e-03
9.973295895332237251e+02 8.378610776725181495e+02 9.927131134022015770e-04 5.861522657963601224e-03
1.025816700904316576e+03 8.380346133693941511e+02 -6.664768748889022577e-03 1.387218252326118464e-02
9.888075887967438575e+02 8.397093397385201570e+02 1.005175406518140670e-02 2.095844737827929315e-03
9.564016459481208585e+02 8.412390026713645739e+02 1.059861472795136685e-02 2.187501889980552911e-03
1.003362986111953205e+03 8.427714319636434084e+02 -4.914214789066883964e-03 -1.797596670939812999e-02
1.028875839589111820e+03 8.419884849603158727e+02 -6.816209526464668024e-03 6.944172704086866692e-04
9.349240299871324851e+02 8.445740088657820479e+02 -5.746170273473670889e-03 3.865251812834514644e-03
9.893143897571268326e+02 8.455842375198403715e+02 9.772222635381758171e-03 2.561985597004075993e-02
1.051338287133002495e+03 8.474527591075471946e+02 1.783450100098286006e-03 2.372586085376532979e-03
9.363872835293262824e+02 8.531173820244638364e+02 2.545951489433845197e-04 -3.189276936628666122e-03
9.882986909037406349e+02 8.525297777168823359e+02 1.058651892226677819e-02 7.521719693519153191e-03
1.053179005115758173e+03 8.526016642659540139e+02 -1.073519038009585966e-02 -5.212682851635852717e-03
9.418058434100970544e+02 8.597483354847075816e+02 1.443766324355958298e-03 8.147586353885290711e-05
9.055832608788714424e+02 8.615216901448344515e+02 -5.709111113250995607e-03 5.439334696305167917e-04
9.222422810425252919e+02 8.639115241913457339e+02 -3.676761250715409549e-03 -1.796702429271478021e-03
9.920805386301768749e+02 8.610516618495174725e+02 9.767082231503694534e-04 -2.826720287947018240e-03
9.585657186508295808e+02 8.653172979112323446e+02 4.064032864045594162e-03 2.420568760344800254e-03
1.028987380563438592e+03 8.580799221115868249e+02 -5.868746545337951218e-03 9.849872399358181041e-03
9.002158622738194254e+02 8.724919512406804643e+02 -1.481342233749629624e-02 -3.181197519730554618e-02
9.274786715794510883e+02 8.711938950044287822e+02 -3.548273599213950386e-04 4.706973300542786551e-03
1.035469321206525137e+03 8.664769192769640540e+02 -8.390186022993610703e-04 -5.961633465565881456e-04
1.028043853139495923e+03 8.667468087403539130e+02 -7.443733014679760132e-03 -2.012946203243889606e-02
9.185790804892973256e+02 8.783350904207329677e+02 4.404879156417751580e-03 2.315106138538713856e-03
9.250894173745938360e+02 8.807125585712237807e+02 5.911650824602906855e-03 -8.458662966528335270e-03
9.555380708285091487e+02 8.857397018353586873e+02 2.226713201435354898e-03 -3.171320330972713145e-04
9.213695308230516048e+02 8.907847977354599607e+02 1.705889932109715471e-02 8.638652487596315890e-03
9.576356412538860923e+02 8.920173904337199247e+02 2.555102270860353853e-04 1.230295251528755625e-04
9.070548051393924425e+02 9.234373662854816303e+02 -6.683743648617528413e-03 -3.150963813284014033e-03
9.003015311876163196e+02 9.277306449335900425e+02 1.009451599317105920e-04 -8.461179346759669035e-04
7.294868312417680727e+02 9.416006192903049623e+02 -8.496620302013421300e-04 -5.818832617370561268e-03
7.285775988565950456e+02 9.595381591129154231e+02 2.318831289788830449e-02 9.104153024705144426e-03
7.357455933091086990e+02 9.654084456797305620e+02 3.026769424681927979e-03 1.076304171399645277e-03
7.275072955885257215e+02 9.759501549360772970e+02 1.846165797646205035e-03 4.998403251764750761e-03
7.364790869239619724e+02 9.749332009537334898e+02 -2.108458763101756818e-03 2.736194400282860630e-03
7.293026382994203232e+02 9.821423676129908245e+02 7.876179865108794143e-03 -1.286019147927942256e-03
7.087831462789991974e+02 9.911729220868960510e+02 5.223622347408885761e-04 1.965246238866468571e-04
7.149178580609001301e+02 1.011589777774227628e+03 -7.527704273048350068e-04 8.179391681848513030e-04
7.049431066938269623e+02 1.023646431168894310e+03 5.461480806307818800e-04 -8.767762660175385187e-04
7.851036735917344913e+02 9.416829567154037477e+02 -9.067430571967138170e-03 1.644253505091820486e-02
7.917906977160579345e+02 9.434258498249665763e+02 1.281166794489655564e-02 -4.786400546305627154e-03
8.078732272789089848e+02 9.418157281667804455e+02 3.197086639896060643e-03 -2.759714933489758066e-03
7.825105854895246011e+02 9.498584111879747525e+02 -3.075914516904220287e-03 7.804654731372276822e-04
8.099565438247848306e+02 9.496397521025824062e+02 3.894750295699796454e-03 -5.318452761350659155e-03
7.902692774446394424e+02 9.535030093154510951e+02 -4.411577405347646801e-03 -9.400959035740087504e-04
7.718013112963000140e+02 9.562147070566253433e+02 -5.059390072220945134e-04 4.880682139484255645e-03
7.760486223185228027e+02 9.600510355689481230e+02 3.221832461697363929e-03 3.716940777765936031e-03
7.516840089311726842e+02 9.611904099191895057e+02 3.672794830521579085e-03 -5.605298519300265861e-03
7.611587210721189649e+02 9.628767847414430889e+02 8.240463072615066692e-03 4.395885934090668946e-03
7.632309787394148088e+02 9.647119611532198178e+02 -1.001370073983689742e-03 -4.221262823981612039e-03
7.503849233276159794e+02 9.697696092294501113e+02 -2.268145551610278778e-03 7.580880281088100622e-04
3.556823811609038444e+02 1.095862454344082153e+03 7.155525659713153630e-02 3.059149958129376290e-01
3.440661969088799310e+02 1.099793676648230530e+03 6.851298928748715544e-02 2.982976179982194664e-01
3.609012638676646247e+02 1.075645019692395181e+03 -9.549290248609640375e-02 2.352673277631437132e-01
3.554074838614799319e+02 1.085080411564747465e+03 -7.257329251638448830e-02 2.628068971693939826e-01
3.682594086997318641e+02 1.066251401077766104e+03 -4.501813638193319714e-03 3.230660880944924429e-03
3.742251901314489260e+02 1.075252805706285017e+03 3.029947911712308362e-03 -3.672095601751328240e-03
3.987142789176925817e+02 1.066856273796899814e+03 2.337034199537117718e-02 -2.092216141959802808e-02
3.657001300692783161e+02 1.089711780828583187e+03 2.108101341018099595e-02 6.562741422137808624e-03
4.036258087601381703e+02 1.070536222047740921e+03 -2.454703688539157727e-02 -1.218078683684037204e-02
3.819089979751337864e+02 1.084002373857518705e+03 4.870286924295446490e-02 -1.746239328413409656e-03
4.116938356320163166e+02 1.077385459930907246e+03 2.903033803904060683e-02 8.147537275277446289e-04
3.823053778644517138e+02 1.089201633942617036e+03 -1.199320129816473790e-03 1.747998347291916752e-03
3.776752856787585984e+02 1.096657052036728601e+03 8.348298000635505367e-02 3.469150729297370422e-02
4.093770194263971121e+02 1.089017946231532960e+03 -1.144340978812849333e-03 -5.854045267092755460e-03
3.958226277898831427e+02 1.093293909038271522e+03 1.082223658331128192e-02 -1.341534271524765475e-03
4.262476871983627120e+02 1.070026834827065613e+03 4.649923280857644575e-04 2.501650345117590116e-03
4.331379021936282925e+02 1.084259071013260609e+03 -1.235641345960341968e-03 2.098363172146293539e-03
4.447619413033166893e+02 1.092081736045303614e+03 2.335703867638495388e-05 -1.473308127785484989e-04
4.480327278470584247e+02 1.098034324813106650e+03 1.560130155494357258e-03 5.702767411091849876e-03
4.817019935897678238e+02 1.099048530627484752e+03 9.465637035274616126e-05 7.131510256381306460e-05
7.044719343321570477e+02 1.036471827699014057e+03 -1.327490623329014331e-05 -1.675679526386483081e-04
7.518435697731047185e+02 1.067602469312077574e+03 -1.917907217823607729e-04 -7.639912538761024297e-04
7.456509579265288039e+02 1.071424498738998409e+03 1.019041525472011217e-03 -2.567077629370068722e-04
2.456714534386667594e+02 3.593605207489899271e+02 7.457328477600121130e-02 2.617468395705391249e-01
1.310873214912213598e+02 3.249906078930848139e+02 -1.309094747142862131e-03 -6.269395849584508953e-04
3.159559046188794014e+02 5.000198691163417379e+02 -4.062416090508770734e-03 -3.161744188113773009e-03
5.081275770857570819e+02 4.390654883902018923e+02 1.473470854699542726e-02 1.040709399729105970e-02
6.285530210837212053e+02 4.603253068358646374e+02 -3.593029422966150573e-03 1.519526221585746923e-03
8.060762850808213216e+02 3.571153026615448880e+02 1.173691476599254130e-01 -1.859779588500285463e-01
1.152161540437762142e+03 1.885934445241257151e+02 5.221589153846945821e-04 -1.026511101052351950e-03
1.177925124268810578e+03 1.988786134792322002e+02 -1.136410643188792285e-01 1.492470690134508060e-01
1.147739738474225533e+03 2.246282987823443591e+02 6.540003272261451193e-03 -8.156179860018165787e-04
1.101426000766980678e+03 2.765805063519256350e+02 -3.857253813372865103e-01 -2.694413507729842006e-01
2.259280131145972632e+02 6.019082144314560310e+02 8.425889704621774765e-03 1.457762608325619241e-04
2.185904344728048159e+02 5.729268824420025794e+02 1.341566024359424070e-01 -2.738561771276746271e-01
1.969242887289486248e+02 7.106856830554348790e+02 3.900207679133036419e-03 3.424084658066399965e-03
8.507346588274984924e+02 9.315428508838614334e+02 -8.679374156210343822e-04 6.627779489958405970e-04
3.700355694213374136e+02 1.060423845827802324e+03 -5.576170236319811895e-03 -1.455114829684927245e-02
2.659643706605230591e+02 4.267500319142892522e+02 7.677161601511986455e-02 2.589055321019362865e-01
9.912296469648407538e+02 1.797959703442989223e+02 -2.860490396608609057e-02 -5.428556197728282018e-02
1.066465883411432742e+03 1.995518782049572621e+02 -6.934918590527873981e-03 6.650259376767330387e-03
1.079185460338450184e+03 2.279133701289529483e+02 -1.300516503450729368e-02 1.267033223628640654e-02
1.021663822112035859e+03 2.525382641584677685e+02 2.315961782511690705e-04 5.201660851847320424e-03
1.171668092196521229e+03 2.447523093479648537e+02 -1.412838965275158769e-04 2.606885203859557899e-03
1.237132701711005438e+03 4.018502891072958505e+02 -2.358684253583152521e-03 4.295165140717364070e-03
1.004927302173761973e+03 8.332571041587941636e+02 4.454791775119116317e-05 4.327722363365801850e-03
8.996874434674169834e+02 1.102299217686302882e+03 2.406950094010957587e-04 6.526770618962688709e-05
5.472813083236570719e+02 4.573969860835539407e+02 -2.139201533330351707e-02 2.137900054540498723e-02
1.126021283517394295e+03 2.430154735562647659e+02 6.752632734071877668e-03 1.429087286072559630e-02
1.044921086086473224e+03 2.151739805181087490e+02 3.169606020360739296e-02 -9.885575609620145254e-02
1.163985336543066978e+03 2.487011069469955657e+02 -1.142975378313689644e-02 1.505598118665918937e-02
1.160474785671481641e+03 2.394958002777326556e+02 2.744809309023376123e-02 -6.059973092240455300e-02
1.152043798142602100e+03 3.733475000965469235e+02 -3.379214384620912661e-04 -2.180021256090230487e-03
1.234874106822779368e+03 4.009486277382899289e+02 -4.035665871419320816e-02 4.273320480140881117e-02
2.161756632225294084e+02 6.592920239466229759e+02 -2.723345750498234151e-03 -4.632868316229862664e-03
2.295058461288128910e+02 7.014112465073192197e+02 2.317150194381883445e-03 -2.420454212707488610e-03
1.005998113772980901e+03 8.482756653236469901e+02 -2.726133825430593609e-03 4.990251194994520766e-03
1.072004621426093763e+03 2.804375056417840142e+02 4.489255678393392832e-03 -6.128812692759086182e-03
1.174642601871448278e+03 2.313394460519612608e+02 4.014055670510591894e-02 -4.770205084335459207e-03
6.042627659668689830e+02 4.564042648600608914e+02 3.233402114351475250e-04 -3.413575160237488065e-03
6.790216721260188706e+02 4.583896410106905250e+02 2.256044658531855263e-01 -2.284156894492943290e-01
1.224135998501840049e+03 2.374767014948350266e+02 -3.716599060113583174e-04 6.936275794642354081e-03
1.624520040919620385e+02 5.147425243010987970e+02 -2.287877534867111540e-01 -2.663802164656682292e-01
3.005982532241079639e+02 6.387267846127695066e+02 -1.873068855312195937e-03 2.438494795389469817e-03
2.315058942876013361e+02 7.099087396949208824e+02 1.514170029047797079e-02 -9.065086976751318693e-03
5.827687582454649373e+02 4.383851288571752889e+02 -3.676373980674229897e-03 2.626373321290186719e-03
1.038539526128190346e+03 1.865898222925536061e+02 -7.698900434845407093e-02 1.014206817367866303e-01
2.711103890285462512e+02 5.599095541494865529e+02 8.396100242603412060e-04 5.839725729514395327e-04
2.810638282781435464e+02 5.639766764939377026e+02 8.202189255167458698e-04 4.827598305517780998e-03
2.158389252174956425e+02 6.703373262122086089e+02 -3.555359076537935184e-04 1.739949939013909694e-02
2.557052649007709135e+02 7.084199505111515691e+02 -2.924180978791107591e-04 -1.007759329257682532e-03
5.063711563492721552e+02 5.177720116206699004e+02 -7.768388758396969559e-03 -3.144318371320680046e-03
1.169614822333314351e+03 3.100536249218096714e+02 -3.755222548392843640e-01 -1.016315523799331787e-02
9.908388418868947838e+02 8.162730421743457327e+02 -1.562353485027334317e-03 -1.711194359055154181e-03
8.248075332740593240e+02 1.102261267033977674e+03 1.018995976293430618e-04 -4.010357442916531560e-04
2.651885384879638536e+02 3.951589788466624782e+02 1.080847922834313468e-01 2.569483216656665014e-01
2.153488490899169108e+02 5.454258677944023930e+02 2.226514322381987210e-01 9.938639112638021633e-02
2.618612153717870683e+02 6.802418963940092453e+02 3.884204676383811415e-03 -2.325429694514745751e-02
7.532491013847289878e+02 8.450608149327005094e+02 3.787034797058746148e-04 -6.142270481155035107e-04
9.591379964412337813e+02 8.459501088862245979e+02 -5.062093245591862967e-03 -1.470220969687520418e-02
9.631771728568019171e+02 2.911482097962429521e+02 -6.655254070853565407e-02 -1.678252581194457083e-01
9.890441353362101609e+02 1.883972461919177022e+02 -3.249541224036955975e-03 1.212582009013275786e-02
1.070184865742902957e+03 2.712792913917591022e+02 2.067394528454215979e-02 -8.036669974175500008e-04
1.122949620306462521e+03 3.437372522236908594e+02 -6.560710832583018133e-03 3.271876775947604038e-02
2.272049113116326282e+02 7.568464575526527369e+02 -2.238975440714580448e-02 3.136136494124840135e-02
2.627725606677765313e+02 4.592668355015879911e+02 8.101103769950082634e-02 -2.295290652072189408e-01
2.746399692070301057e+02 6.395840949044220451e+02 -4.635654062937673639e-03 -2.594962242568780520e-04
2.580612900790848698e+02 6.790749537758414363e+02 -1.030140903389513418e-02 -3.921613742506838834e-02
6.018133472741161540e+02 4.884640633137937016e+02 1.972349767786701815e-03 -5.120321472858931425e-03
2.247378064892247664e+02 6.188376541713907955e+02 4.276762944216713313e-04 3.267119224386366878e-03
2.791088131939058599e+02 6.524421507057338658e+02 1.517340321490026709e-03 5.843669754954540626e-04
5.409638852094378763e+02 4.211400064777768648e+02 -4.292825280341537424e-03 8.202228117674580793e-03
3.011175057419429777e+02 5.180857651513024393e+02 -4.187013914931282492e-03 -2.274579301207709479e-03
2.715551645700023755e+02 3.713737444461681889e+02 1.041293886335209889e-01 3.084715511106553287e-01
2.606675627450057391e+02 3.655893234553533944e+02 8.872156983306359046e-02 2.753484196064304723e-01
6.154793269609197068e+02 4.761839098242813861e+02 -7.689865322948991706e-05 -5.402740106454543374e-04
6.171171784025913212e+02 4.842782586537412044e+02 2.165972025271921658e-03 -4.192478412249167445e-03
8.086960157857316744e+02 3.684975035134438599e+02 9.342096765605521769e-02 -4.109438323651134345e-02
1.210616402997656451e+03 2.149659491944607339e+02 -3.782251681518528606e-03 -1.249981472808164851e-02
1.227740091886844539e+03 2.769850576496016288e+02 3.070842331351849447e-02 -1.375050606775977263e-02
9.724768409528502389e+02 8.520115232663035840e+02 -7.104072895343744795e-03 -3.697223272441456897e-03
5.501700122276130287e+02 4.634861848524514016e+02 1.464638909500409975e-03 -2.225855860524742977e-02
4.999062372062774102e+02 4.783291365217026510e+02 -7.755083003706267570e-04 -4.894256771034868371e-03
9.200504605579375266e+02 1.102540766353611843e+03 -5.675222738793561433e-04 1.660146862769300378e-03
5.543124028391210913e+02 4.539948917206823467e+02 3.313754345643895368e-04 1.971049008367423833e-03
5.177169385462444779e+02 4.744449202703204378e+02 9.742757300919398450e-04 1.720715577185742175e-03
2.716912859679432586e+02 6.486218599674346024e+02 -6.832007389238409049e-03 6.461073762100361453e-03
5.359660291024645176e+02 4.524630015489144625e+02 9.887527392117257622e-04 -5.480515496958110119e-03
1.096349168016559588e+03 1.997732799376240109e+02 -1.816220132382969071e-03 -1.562088065213769993e-02
2.071776384929844994e+02 7.163773355151978421e+02 1.826412395912135542e-02 5.815150508231517468e-03
2.225528220177436367e+02 7.638281374882761838e+02 -2.100330256827096301e-02 1.413580668045795290e-02
1.346707319365239925e+02 3.995969788271860921e+02 4.783103035596905118e-03 8.547914599740569913e-03
4.857614981154881093e+02 4.794709041625214354e+02 3.339537110623879042e-03 -1.142660796314529711e-03
1.266473072956964188e+03 2.040149209096096854e+02 9.792852627893214312e-04 2.980255965266311556e-03
1.150566439035137364e+03 3.350073494167013450e+02 -2.142459731928310698e-03 5.873461542855896479e-03
1.058843304059462525e+03 1.851529161248205924e+02 -1.754925983283722735e-02 2.285674713884828027e-02
2.877605215912915924e+02 5.699840654306982515e+02 2.979278491200530905e-03 -4.768184136042187028e-03
2.358657351573293113e+02 6.692241683841994018e+02 1.403921415644893665e-02 9.706142964379825197e-03
1.739456177436687483e+02 5.801579344089667529e+02 3.669549284122166147e-03 6.017196415762167850e-05
2.093402180691214767e+02 5.935555490446859039e+02 1.313978990889775600e-01 -2.898537640083041489e-01
2.010111545611324004e+02 4.589994331016062574e+02 2.503309052199306772e-02 1.097599359391659840e-01
1.715009329885957641e+02 5.490234705481643687e+02 -8.209796581076259092e-02 3.405709769825930877e-01
1.241166518065956780e+03 3.334831306185970448e+02 3.005463326002908997e-01 -8.947414280372763956e-03
7.877501592291039287e+02 9.613892202843169343e+02 8.744136243741636909e-04 1.366889578457405495e-03
1.008299900723413543e+03 9.274916166362036165e+02 7.163196853334378783e-04 -4.289718291577421369e-04
2.493260408813758033e+02 3.478242212301311724e+02 5.513827590092691688e-02 2.547113659880950176e-01
1.260685075554612240e+03 1.963967622205903751e+02 -1.758560683419370298e-03 5.361860631744616232e-03
9.183712010908004686e+02 1.102551496193098046e+03 -2.017175140443412391e-04 -4.584515952951778088e-04
2.438194231828018701e+02 6.475556876862364106e+02 2.984597284984653789e-03 2.388078887365016178e-03
2.634648855796113480e+02 3.420811770062337018e+02 6.480578726607875983e-02 2.260795402742228621e-01
1.066318270255269454e+03 1.846686546352561038e+02 -1.929978404699354486e-02 -5.899960542721054135e-02
1.071621230647460379e+03 2.173140629954010592e+02 -2.090857501953716658e-03 -2.511087403824929093e-02
5.043206532707054635e+02 4.513931735195633905e+02 2.522143978323205561e-03 -1.203210269942822999e-02
1.031439779008891492e+03 2.482809768301769964e+02 1.960369209426980966e-02 6.294023916488797332e-02
8.591710772976510953e+02 1.102327862883571925e+03 -8.264632894683882156e-04 -6.178209359026512124e-04
4.792281954740347487e+02 4.435316728962114894e+02 2.417991103397012717e-02 2.143866571374235253e-02
1.227302614260215250e+03 1.489899939603381824e+02 -7.681769626841660793e-04 -2.409600363966382663e-03
1.199342256685925577e+03 2.078862770744650277e+02 5.137923643400255785e-02 -1.427111608103359686e-02
2.547407752294329271e+02 3.435688891692959146e+02 6.895348978434445719e-02 2.546931612969347558e-01
2.044269647431210046e+02 5.217970341203728140e+02 -2.948033463725875051e-03 2.074761310049019064e-02
1.054960774387584479e+03 2.217185058624517069e+02 -1.319856233019999214e-01 -1.689799139174107401e-01
1.102524081517848117e+03 1.614512699549990771e+02 1.023681848503674510e-02 4.904825301273539606e-02
1.061829352806384350e+03 1.778711158435026221e+02 2.473793022970609615e-02 1.066324774001597107e-02
1.094931175553988169e+03 2.901383888179191217e+02 1.458151580774627587e-01 1.610716130752181119e-01
1.139567252353979029e+03 3.422389729507030438e+02 -3.254548445978672211e-02 -3.291572627674690943e-02
1.302914182046775068e+03 3.679621151668980588e+02 -4.636654737128488059e-03 1.671189310549816773e-02
1.048000584989700656e+03 3.084678929429936716e+02 -3.650172578903551970e-03 3.651035399730738051e-03
1.155075510409360504e+03 3.746960018959133549e+02 -1.205062016637753822e-02 2.368588624607197504e-02
2.060457965728603540e+02 5.839772560736563491e+02 1.646376324137974190e-01 -2.355343182420467918e-01
1.029488286791916835e+03 1.780166932323125764e+02 3.854931089436732655e-02 2.320433174231980103e-02
2.077468843199693538e+02 6.101030587140980970e+02 1.229059290197166976e-01 -2.837791280526244519e-01
2.111220147418715669e+02 7.123787066191400754e+02 -1.406502892320581478e-04 2.291240294729649050e-03
1.185792504808948706e+03 2.083519721503909068e+02 1.298757567421561510e-02 -1.006246811110736265e-02
1.173604031849964031e+03 2.720468070836518564e+02 2.764238703020784754e-02 -6.434624423760770297e-03
2.869813957346288475e+02 5.528271064261521133e+02 -4.188244068886730342e-03 -1.129833003821911113e-03
1.941237325840192511e+02 3.191561527435147809e+02 2.249673305280931387e-03 2.017325350669188445e-04
1.022747524595493019e+03 1.716336421150782598e+02 8.903673450779343856e-02 -2.389602294931282567e-02
1.216484028910091865e+03 3.354273496483320969e+02 3.368950729728603100e-01 -1.055573094956500507e-01
1.855357866066294434e+02 5.139847045007418274e+02 1.313011504452024636e-01 2.501675328029494549e-01
9.569952096157692267e+02 8.611079470568383840e+02 5.536915858624974832e-03 -6.356844279096522318e-03
2.762480577970384843e+02 6.127547310255488355e+02 -9.969624810267278901e-04 -8.723345079566020843e-03
1.087225015141988933e+03 1.946438168017016608e+02 -5.996514722084503833e-03 -4.881652041620840614e-05
2.700589587431499581e+02 4.247842756887008022e+02 5.493246073168879529e-02 2.196027417278288429e-01
1.166816776603609242e+03 1.759242245252162320e+02 -4.704075614212216427e-02 7.884866898037060090e-02
6.355410591567261918e+02 3.931085310219898474e+02 -1.526479673277482928e-02 2.414732531871950985e-02
1.202355182609643862e+03 2.277190040439459437e+02 -2.775140203830053082e-02 2.874662625582416822e-02
2.005072285022805829e+02 5.842821082437524183e+02 1.560402815891910044e-01 -2.247502990208258278e-01
1.917654632479705299e+02 5.477541295892769995e+02 2.132307701086199603e-01 2.360342195000614540e-01
2.918123277414953805e+02 5.368343782775352793e+02 7.533788466678187357e-02 3.221992443170226261e-01
2.036618529199472789e+02 6.855032802328328216e+02 2.552236035874462516e-03 -1.105142695417154130e-03
2.513576579845432661e+02 3.586060247582241232e+02 6.078006870206782708e-02 2.564583445967925091e-01
2.551165433289437772e+02 3.761321286075393573e+02 5.514320653153255425e-02 2.498507489949430838e-01
1.387089343834381339e+02 3.940977334992562078e+02 1.615646949781169390e-03 -3.054492555960034317e-03
1.995290662561534134e+02 6.883760841333896678e+02 -1.241915571765190218e-03 1.631615542181736114e-02
1.802665793419936335e+02 5.244418765980879016e+02 1.124647086125151463e-01 2.140728617393342081e-01
2.019171776246128047e+02 6.200784576038954583e+02 1.173386306993388639e-01 -3.263310759490794521e-01
2.372107632358819558e+02 3.342678502957216438e+02 8.237804916275100198e-02 2.052647591527644033e-01
1.921890299128777713e+02 5.140142309866522510e+02 1.271117973743383922e-01 2.597140279703843979e-01
2.778386188827054752e+02 4.889902763541693389e+02 1.806545622407431523e-02 3.314984939495895233e-01
1.135636700274607847e+03 1.431134083774751673e+02 8.761587222143854548e-02 -1.457249858402482647e-02
1.165296870909059407e+03 3.545155163253575665e+02 6.933671983523988572e-03 2.606345039444241674e-01
1.235186891848637060e+03 3.177057508196574531e+02 -1.603500367785425929e-01 -5.626747980906008501e-02
1.005354979822451696e+03 8.521340058064458844e+02 4.558084615937467270e-03 -1.799760031167577492e-03
1.979121367439749690e+02 6.086424873060799428e+02 1.143947357487551247e-01 -2.431967965217098071e-01
2.443846371107171649e+02 5.510049196494376247e+02 -1.735916086360161648e-01 3.364668564897670966e-01
2.286505850996859976e+02 7.725827163636093928e+02 5.243282364431544988e-03 2.627874641622820508e-03
4.974713071672470051e+02 4.757432078017718027e+02 5.549889434677884523e-04 -3.003468227878820004e-03
1.039805554390474754e+03 2.990944860294533214e+02 3.733345492210082134e-02 -4.220198930806422916e-02
1.261034452492953733e+03 3.533130182212342447e+02 2.450676869955169535e-01 -1.304971836802771012e-01
1.200760566413820698e+03 2.494627827256980765e+02 -4.322664416410436014e-03 4.440181921682274414e-03
2.037691927471045688e+02 6.038082973396633406e+02 1.585603418961273603e-01 -2.141953224067249528e-01
2.936178881259070295e+02 5.457484993374375790e+02 8.761238519262987134e-02 3.418371699574335176e-01
1.218361816689058060e+03 2.192741897994840201e+02 -8.789124757449466585e-03 1.268384698687919851e-02
2.025387153715874149e+02 7.127144906971336695e+02 8.098185512940379990e-05 2.055227699097396041e-03
2.443919643149553451e+02 6.091036061626645051e+02 8.756789077011998624e-04 3.581170094665788069e-03
1.171270661489534859e+03 1.450156449540093035e+02 1.151189008822095126e-03 -1.132394123642359481e-02
3.312486998563582006e+02 1.085125537796814115e+03 8.041616499664630546e-02 -4.126045870471934524e-02
2.526735352276676849e+02 3.309272721322260509e+02 6.221897891364847055e-02 2.721861860026644209e-01
1.079614767209211095e+03 1.697320998747998715e+02 -8.568043405166057835e-02 9.720693116761654207e-02
2.126140783681971129e+02 7.061850074936614874e+02 -9.796583209894680830e-04 -8.783046258589694661e-05
1.104044623344831280e+03 3.350217585281511106e+02 -1.691907077003571014e-02 2.212209367027611825e-02
1.165246875974784189e+03 1.938549638959809158e+02 1.291323179956823785e-03 -3.583549926811474030e-03
2.555315136601920756e+02 3.243310275962555238e+02 2.309718878161804573e-02 2.154330616399133258e-01
6.436096620577255862e+02 4.580045327061870921e+02 1.269113825386658208e-03 7.853668112361582342e-04
5.180544774106608656e+02 4.901256673147344713e+02 -4.600603793154606214e-03 1.165329857429012531e-02
1.049886907524482012e+03 3.138663630257532304e+02 -9.753508861741906275e-03 2.286981970150682095e-02
1.172100811952775985e+03 2.235295816534098776e+02 1.443787680747873024e-02 1.594227292888783162e-02
3.104554994940631332e+02 5.596803006149674502e+02 1.034407893137873902e-01 2.487778277210158095e-01
1.263635025417838733e+03 2.999984291632474083e+02 -1.223498295103307189e-02 3.168435985652748917e-03
1.107194653386079381e+03 2.248330182524136092e+02 -5.490378938820597576e-02 1.879847793684871760e-01
7.528513437216507782e+02 9.135692636410194609e+02 -1.097071524316556822e-02 -6.334817508221670009e-03
2.219980702705198041e+02 5.263813005087386045e+02 1.017691693376386770e-02 -3.860604376188915641e-03
3.341785810891850588e+02 1.096495161517476390e+03 6.001014389817168476e-02 -1.143070953934745802e-02
1.252408459683231513e+03 2.532830863092910931e+02 -1.487067953859769935e-03 1.166605387875521184e-02
2.100064582740471053e+02 5.855798013019117434e+02 1.691443406608700573e-01 -2.239816952753429236e-01
2.132602705417436937e+02 5.731461727182052073e+02 1.441028579347146954e-01 -2.705514966094491602e-01
1.042384136884219515e+03 1.742612817306340105e+02 4.884019086935131176e-02 -1.100819579609123161e-01
1.099346292982816976e+03 2.990499402493427397e+02 1.086282740541782282e-01 1.641198178022298948e-01
1.152377414694773506e+03 1.812125808183612605e+02 7.655764194520214838e-03 -2.060485665225429697e-02
2.771194239009067246e+02 5.798431725619825556e+02 1.483079376147586163e-02 2.851072562323945028e-02
2.859005278882871153e+02 6.468428476044589388e+02 -1.877457401460020303e-03 5.990355205760873776e-04
2.426571092938470713e+02 7.731973804239183892e+02 -7.993659116291134889e-03 2.851427619634142735e-02
3.651346262936950211e+02 1.039411620571201638e+03 1.470793090581902149e-02 2.167192495374428707e-02
1.183791802219601095e+03 3.662157095697814384e+02 -4.072712888692327227e-03 4.276415490952524719e-03
2.000899749142074882e+02 5.997385797006414805e+02 1.517997590953502063e-01 -2.067749835784270795e-01
1.039393625041444238e+03 2.455612810667300607e+02 7.016987167762546440e-02 -1.679717509280704082e-02
1.244327555092406328e+03 3.326120442871734895e+02 -4.403541502432123389e-02 9.596553799578131641e-04
1.219419576947909036e+03 2.767505527201025188e+02 2.169951775924193124e-02 -1.666058803843018660e-02
8.650789575051234692e+01 3.133875168773402606e+02 -3.185350096482061910e-03 -8.661006922478004313e-03
2.898604611470365739e+02 4.521216803759693335e+02 3.225364999935429605e-02 2.817802241318729806e-01
1.258501053409037240e+03 3.886483437906778136e+02 -9.180846288551614345e-03 5.803549672881872651e-02
1.956390720828578367e+02 5.697569086973754793e+02 -6.511335624410174994e-02 -7.031580270674256394e-02
1.153873177811677124e+03 1.982492283204568650e+02 -8.602487052212831956e-03 1.605295831835758247e-02
5.105138226644971269e+02 4.539770684042985636e+02 5.768525133653878804e-03 -5.539079156294924623e-03
1.114372907139767676e+03 1.762145222320734206e+02 3.941818952531356886e-04 3.603715347216591806e-03
1.244062100322497827e+03 3.586416285597492219e+02 -1.853579390506318869e-01 -3.679058588473519548e-02
1.958729723450856568e+02 6.220180877535710806e+02 1.220063171050311812e-01 -2.962842102243532505e-01
2.442527205056875914e+02 3.082049665135433543e+02 8.057618233097525728e-02 1.143965321131533985e-01
1.284057052295946050e+03 3.188229176445597659e+02 -3.734001968607954525e-01 -3.437329795033045032e-02
2.163653329459409065e+02 6.166215130945458895e+02 1.624966123538534174e-02 -7.058358723751066710e-03
1.059291233279693415e+03 3.273672013989257152e+02 -4.134073367096095797e-02 2.938060414641536361e-02
1.834888252761103331e+02 6.092642450824563412e+02 4.862395518565709729e-02 -3.327789165188861364e-01
1.947290557890981404e+02 6.336717522757086272e+02 1.178147753400673736e-01 -2.883451596431456099e-01
1.136738814041238129e+03 3.227255604003680673e+02 -1.021624661779251247e-03 9.341526303407843290e-03
1.259606037646151435e+03 3.535038764657559227e+02 3.294392376282267443e-01 -5.888763812841470852e-02
1.153224292707336872e+03 2.480262081842274142e+02 5.978588119925988369e-03 -3.359339361064498514e-02
1.027717756981655839e+03 2.820046081493002248e+02 -2.435874229881351567e-03 1.428658452131332038e-02
2.653653840421158066e+02 7.446089596818030714e+02 2.413068528528358389e-02 -4.671567073366288819e-02
8.123894154250978090e+02 3.927573174511426259e+02 1.942301793663696839e-03 -3.676072985036504467e-03
1.545413196540796719e+02 5.027861613625716473e+02 -1.449366056158022387e-01 -3.358874858466991409e-01
8.559295178496086010e+02 1.102112497521505475e+03 -1.317318490300119129e-03 -8.531370305452511300e-04
1.084494495204796522e+03 1.772348915555857900e+02 -1.325985444835547054e-02 1.010762029290841607e-01
1.023356578016474714e+03 2.256317746611688051e+02 8.547768049872461749e-02 3.092836306043386663e-01
1.255001114363866321e+02 4.203863071752880956e+02 2.670682968343198183e-01 2.079512923034007033e-01
1.052325392483398446e+03 3.160140552840046553e+02 -4.565573534269824416e-03 5.147857090729992570e-03
2.948999698249331232e+02 4.856368116988336396e+02 2.047583156544452096e-02 2.435231188127638946e-01
1.061391321249726388e+03 1.595141028774234542e+02 7.141699970302757550e-02 -1.245558335863929389e-01
1.102144755920772923e+03 1.777478078946001290e+02 5.015978770780289003e-02 1.601112961281534949e-02
1.945333570622757406e+02 5.804680474414089986e+02 -5.251055264421206417e-03 -3.806146185810899921e-03
2.361553921553839075e+02 6.793639913568409838e+02 -3.437512887452306293e-04 -1.828573346231921663e-04
1.017393894305995673e+03 8.403679753592590487e+02 -4.933597594239166190e-03 -2.666567042563944452e-03
1.139930429371990613e+03 1.687115332705006381e+02 9.911654751413558062e-02 -1.631790186713236723e-01
1.117338115264941734e+03 2.089688987101046393e+02 -1.084230972213449072e-02 1.471578689242307621e-02
2.235561655945714108e+02 5.345449064896782829e+02 -1.557415874914920388e-02 5.735782348545012330e-03
2.508827190991151213e+02 3.154030525552450399e+02 7.121479482384017456e-02 2.727581857286099920e-01
2.885747225969234933e+02 4.305762584887656317e+02 1.100690819930792985e-01 3.289061199106771416e-01
1.079460448617716111e+03 1.523871746601946029e+02 -1.381215267847142047e-01 -1.555498246713113951e-02
1.256936160056211065e+03 1.891158109524849351e+02 -1.206529503355745344e-03 2.844094456744954494e-03
1.211672023151873873e+03 2.947460894946096914e+02 2.925508347817720733e-01 8.835549777401781324e-02
3.159258837629089385e+02 4.928854789071922369e+02 -1.314669726970494733e-03 -2.741119942639004894e-02
1.266953520126890453e+03 3.445394606776643514e+02 3.467260185364568481e-01 -8.414399647520090508e-02
1.163580501920887627e+03 2.923905551119727306e+02 3.005176988369441249e-01 3.200336062712041407e-01
2.475059097309848823e+02 5.813164924178873889e+02 -4.239150936197746966e-02 1.128223534941080602e-01
2.038401816499443555e+02 6.479854193788399925e+02 -4.921949433148230940e-02 1.771800495305600187e-01
1.083160703536242863e+03 2.182088857648899989e+02 -5.836028752571091431e-03 -4.041590949960334640e-03
1.157631606898071141e+03 2.126244841943942561e+02 4.244084999015740323e-03 -7.800120356750520631e-04
2.318913409117933213e+02 5.987594718025694647e+02 1.512833787941758601e-03 -6.425406151961965406e-04
1.048131190684539206e+03 3.024680270718521911e+02 -1.555725998088363683e-03 -9.684365810094755500e-03
2.494553246267750808e+02 3.039763954859097908e+02 -1.016935217258510375e-02 1.485779316051568932e-01
2.748871977628232344e+02 4.157606049634972010e+02 8.959343062095649624e-02 2.365304476091312225e-01
1.081065179358014120e+03 1.773454522419177692e+02 -1.438797531556056455e-02 1.266117985577955296e-01
1.055587076262068649e+03 2.306970424300153581e+02 -1.317840122970146688e-01 -1.429298681850211250e-01
2.644805297356825236e+02 5.133806295548897651e+02 -9.231996269053432957e-02 3.332743980826605723e-01
1.070193939230262458e+03 3.219779971311892837e+02 -2.433758219882767310e-07 -4.072450047371860803e-03
6.506116555801330605e+02 4.645856087786801254e+02 2.063618309488756963e-01 -2.705153380961909382e-01
2.586471984201302234e+02 3.259721499910568809e+02 4.638208641204105004e-02 2.912093672170524838e-01
1.182287568309814560e+03 1.862919680444464632e+02 3.913072997766751937e-02 -2.189238634264067257e-02
4.811292700872389787e+02 4.577894991184753621e+02 2.407498934117297679e-02 7.010912899919170826e-02
1.242758337619182385e+03 3.911272943254656980e+02 1.044676226927456625e-02 -3.728302550222328121e-02
2.430664994660280911e+02 5.350969263547118544e+02 9.210115099091485680e-02 3.007503653256615381e-02
1.065221876627521397e+03 3.322828349160101880e+02 3.961167002465349786e-03 -2.216590091220919240e-02
2.503821467451359979e+02 4.120151581977878550e+02 -7.653343402605214396e-02 -3.468908665213455422e-01
2.874514938819115741e+02 4.631092950764695502e+02 1.201234354448645486e-01 3.232704196490169823e-01
2.880124133112516347e+02 5.055982435962637283e+02 -5.044460370646065839e-02 2.569687938926013548e-01
1.069902406760420035e+03 2.089746037533492995e+02 -9.927273782206416305e-03 2.685510982315366096e-03
1.030369928889227594e+03 2.103734695455715098e+02 -1.070225729655340935e-01 -1.852717724536654120e-01
1.090157603075612769e+03 2.260803208096685353e+02 -2.432714574592594048e-02 3.046144387393753990e-03
2.223840756107583161e+02 6.716758901955904548e+02 4.937103149652936207e-05 5.102405137011244108e-04
2.706418467567469293e+02 3.823540429867248349e+02 6.015752114102469739e-02 2.624503904696680601e-01
9.786632919612337673e+02 8.719589640808690092e+02 -1.010004713992816196e-02 4.996052070868770879e-03
2.394186757435740560e+02 3.090292401243065115e+02 9.154929042643146497e-02 2.404236092265430724e-01
1.070929198424894594e+03 1.642025142561636528e+02 1.657060744014693041e-02 -3.111082829901491015e-02
1.291306144676272197e+03 3.373815237934413176e+02 2.639123134810976781e-02 -6.686092198250241647e-02
2.553176530985882380e+02 3.156054273915888189e+02 6.053542630299740823e-02 2.749942852235268131e-01
1.114999091740965923e+03 3.072436310107175927e+02 1.997894941049185857e-01 1.185905067753245945e-01
5.575778379869403807e+02 4.603059713422413211e+02 8.127759441424586145e-03 -3.826487586386377593e-02
1.142726861834776173e+03 3.069293326528733701e+02 -5.263914288587614454e-01 1.546197864699507853e-02
2.785168568574561050e+02 6.135690123654051149e+02 -4.903875736090412829e-03 2.833037680358074621e-03
1.114188468465981487e+03 1.509918697534422165e+02 5.728564714768023813e-02 -1.214593372431004709e-02
1.239934521566289504e+03 3.412441673505199446e+02 1.940638329664338274e-02 -2.593720884706228816e-02
1.893622341367856450e+02 6.369584172352098221e+02 1.182810377660771378e-01 -2.891447265608089734e-01
1.564839447806989199e+02 5.291866280067998787e+02 -1.287523585015088456e-01 -1.326666880508506063e-01
5.126154681268835702e+02 4.956921603097611637e+02 -3.704792984313388937e-02 -3.244367341982769271e-02
1.110794634630316068e+03 2.319742091388222320e+02 -1.565456197609027891e-02 -3.886278104312205356e-02
1.351093265280959031e+03 2.617132754836077879e+02 -2.321578122318188053e-03 7.867376733366661379e-03
1.805865435484544150e+02 6.187892078081681575e+02 8.883575768719899346e-02 -2.738996061660281534e-01
4.128085783979767598e+02 1.095593456790791379e+03 1.594778038262037803e-02 -1.587386192449667319e-02
1.055877518102269732e+03 1.768801465001491522e+02 -1.283154073698106537e-02 4.861904873274587591e-02
1.179466029473917843e+03 2.655395274832189898e+02 4.721623294938724798e-03 -1.852622729939555797e-03
1.030300960842930181e+03 2.036757650574998308e+02 2.536658415378951689e-02 -1.580866946232291903e-01
1.849693236403649053e+02 6.300503669406704148e+02 1.095574715354123152e-01 -2.662890941154715807e-01
2.699871349228500321e+02 5.163708893989223725e+02 -8.965034757867924864e-02 3.044941637611658369e-01
2.649729416413973127e+02 3.889413021281913529e+02 5.304192691570127488e-02 2.629849897806724734e-01
2.223903149848640624e+02 6.573542210623521669e+02 2.776598302025392890e-03 -3.070194541673269221e-03
2.636735154118870810e+02 7.026361552011766207e+02 2.354787592311582598e-04 -7.159582604818599989e-03
1.100844079253539348e+03 1.576801303606786178e+02 7.763431012415847321e-03 1.476454659834222985e-02
1.006188678185257572e+03 2.495878261045673980e+02 -1.068947711122983021e-02 6.672794997915472599e-03
1.236500635080318261e+03 3.564488071296859175e+02 -1.252538138668005951e-01 -9.907184772945228091e-02
1.180949473432135846e+03 3.785719947958834268e+02 7.806234522329016413e-03 -1.507239867351098037e-02
1.185966568456988398e+03 1.730143140366816965e+02 -2.874420033832133636e-03 -3.301391501553650482e-04
1.174501438319423869e+03 1.840025547081740172e+02 -2.275260387127023883e-03 5.882803799535249456e-03
2.543956123640272153e+02 5.780116024133764085e+02 1.282072466568016413e-02 2.718211168981952280e-02
1.278419477182752416e+03 3.726290617027755729e+02 -4.372331270654390978e-01 2.786088125021368711e-01
2.700385628435065541e+02 5.679353088871565660e+02 1.857819585522839378e-02 -2.813928397278972013e-05
1.174178609789842938e+02 4.245718894658034515e+02 2.653862128859414971e-01 2.478588352377977810e-01
1.163365029725003296e+03 2.228112471998727528e+02 1.379565537045188833e-02 -1.532238992849696384e-02
1.341453126327109203e+03 2.867622550267324755e+02 -6.631479636887364915e-03 7.231410271133013358e-03
1.047312667255564293e+03 1.629576909645854812e+02 -3.694858224979585826e-02 -5.613807323465843518e-02
2.879402649417957605e+02 6.183765419215640122e+02 2.769172803902200601e-05 -9.703271457432003158e-03
2.669620652692473186e+02 4.128116458635951744e+02 9.875551755774747420e-02 1.823417207118902539e-01
2.742158048320782200e+02 6.721328881421482038e+02 2.920247992049596064e-03 -1.033504929466744215e-03
1.044164404295060876e+03 2.326566224195037478e+02 -2.482739835109564266e-02 2.680969494483696758e-02
1.205460457007550531e+03 3.146065572047216392e+02 2.223796976441513307e-01 9.418175942217055230e-02
1.036721467628901337e+03 1.780277039078408166e+02 8.874023091412974393e-03 -1.112551345675812792e-01
1.032394933999118166e+03 2.275898053046681468e+02 6.372742304506207045e-02 1.132866118638830716e-01
1.055212324389413652e+03 3.337516979748767199e+02 1.851671277990458303e-02 2.080812631992366886e-03
2.231982812591479899e+02 5.977898187898224478e+02 4.819776804397186455e-03 -1.237789142831887540e-01
7.464528263318529753e+02 9.052762838540177199e+02 -2.930089762553360496e-04 -8.823632047575491813e-03
1.136196438176114953e+03 3.138290178297251032e+02 -4.577021052555582670e-01 3.606708593125482198e-02
2.778885460174882382e+02 5.579265835866309544e+02 -5.879009685086612584e-03 -7.960403105404320265e-03
2.608969492647797779e+02 6.118757431792323587e+02 -2.317658010839252977e-02 -4.081222257187325925e-03
2.436426239343343809e+02 3.308216443444956099e+02 5.021358351093117151e-02 2.949405710153686910e-01
1.129731490682454250e+03 2.210900124623361762e+02 -3.016884456131887701e-02 1.884298596580027130e-01
1.176972030235956254e+03 1.936536051657147652e+02 4.029547060090328536e-02 -8.966433667915065919e-04
1.180571081946015511e+03 2.138016199278175691e+02 1.189761139181555634e-02 1.817160845472960695e-02
1.192750689630088800e+03 1.953645481685514937e+02 -1.324948065791683727e-01 -1.031807035783072896e-01
1.064525467748917208e+03 2.171955114052994418e+02 -2.667513777149989329e-02 1.231735712627617108e-02
1.782928848734636347e+02 6.214662998066661430e+02 1.098329627941165287e-01 -2.568326690343930574e-01
2.106279966566706037e+02 6.610374803729363293e+02 3.210482999092631722e-03 -9.957041844051706374e-04
1.004252323007844325e+03 1.783956638428006158e+02 1.370397551163134719e-01 -1.294075472378908853e-01
1.119734943466796722e+03 2.335313697565082123e+02 1.641489508829353100e-02 3.917386741148195031e-04
1.297623468390642074e+03 3.294060725607720883e+02 1.216905156264207200e-01 -2.996881892591989893e-01
3.023035355124499119e+02 6.235563446983882159e+02 3.540001773444600985e-03 -1.103612400565006681e-02
2.314542811712650803e+02 7.020579310133182389e+02 -3.756707974014047123e-04 1.141680929399326375e-02
2.341861045787611317e+02 3.166928556945390483e+02 4.857547998828583291e-02 2.530448557233674345e-01
1.177181993952901394e+03 2.473375644334253991e+02 3.930225209501696237e-02 -1.387197196506552779e-02
1.230427481237625670e+03 2.843776073205327179e+02 -4.494075856882773223e-03 5.541211761395787444e-03
1.145982931633103362e+03 3.766845870245037986e+02 2.002713213404551731e-02 1.253650003653206113e-02
2.270199864261333005e+02 3.049768578898234637e+02 6.082891287156636656e-02 1.943339633322749560e-01
2.772371140847240554e+02 4.564954853665657311e+02 8.706657602973297272e-02 2.379877905708799035e-01
1.076853999103357182e+03 2.111318309081001701e+02 -1.827450925385592714e-02 8.231183654153456652e-02
9.990801574410755848e+02 2.391563951194680158e+02 -2.695927878264950742e-02 1.343308932307190895e-01
1.178089517151516475e+03 2.521141927956556117e+02 1.735561772315407855e-02 -4.843475559391217239e-03
1.187853904727649024e+03 3.928518568543578340e+02 -2.323431615291958463e-02 3.527845821290990364e-02
2.815825295782225339e+02 4.182541252970195842e+02 6.832960260146023201e-02 2.682894164217293764e-01
2.953853770365883520e+02 5.097288187989409494e+02 -6.409652556813512370e-02 2.184455807717506637e-01
1.117904298547161034e+03 1.998811534206365081e+02 -3.358608650765745884e-02 6.210897695669757163e-02
1.160178087225124273e+03 2.196823574717865597e+02 1.595871056700161675e-02 7.930927113818313223e-02
1.172551877795779546e+03 3.478457362340322447e+02 -3.408552598302776269e-03 2.015852833524832133e-01
9.724739623620142766e+02 8.276776081304833497e+02 3.534037192093819548e-04 2.013626347145418445e-03
2.532072195898352902e+02 2.969938412247720976e+02 6.889429201778361767e-02 2.077635256009543463e-01
1.011786879689038756e+03 1.764735395871717571e+02 1.852082615585561309e-01 2.398046833941442080e-01
1.032624739612671647e+03 1.636145348943702231e+02 7.030609223824638154e-02 -1.466149798941723814e-01
1.262266437626964716e+03 2.003352150837696684e+02 1.041121534394640405e-03 -1.899988806981963048e-03
1.126117677812168040e+03 3.495832731961613717e+02 -4.909165371841342496e-01 6.328325125292447728e-01
2.511405308571493151e+02 2.961873424457591000e+02 9.758408953687691678e-02 1.754080070038786798e-01
1.043479705965004996e+03 1.611435175535043527e+02 4.179880795152257633e-02 -2.165963563414242399e-01
9.986122434899508562e+02 2.061666775745195821e+02 -1.806632705618700999e-02 3.152552220640281178e-02
1.105659703769784755e+03 2.059372918351419344e+02 3.568121833363591122e-02 -1.600486974587944644e-02
1.058070112745838287e+03 2.423894133771711381e+02 -1.659572068587162053e-01 1.274838593465936754e-01
8.074893225284826030e+02 3.702451605776345218e+02 -7.187029828018955211e-04 1.980970945506558417e-02
2.678889479245348184e+02 7.246855584232158662e+02 -2.699454141490382781e-03 2.359125273834164829e-02
2.662704992427616730e+02 4.569368804490248408e+02 -8.410763674618855490e-02 -2.402352479493621851e-01
1.235662490281793907e+03 1.330159498189601379e+02 -2.049653660378680797e-03 -1.019154775946162772e-03
1.234766549312717871e+03 2.988967477397899302e+02 -6.311040852270489998e-02 3.984421497323330924e-02
2.426130392218607028e+02 6.151124496503549608e+02 3.973180474925742597e-03 -7.830258102741105564e-02
1.049739127300014388e+03 1.739548385365538365e+02 -2.046053025866159322e-02 1.331106975876530651e-01
1.883136924118468869e+02 6.593361204309715049e+02 1.092414286289561526e-01 -2.303248590786375338e-01
1.176797528602513921e+03 1.418766365039598156e+02 -4.171064158413173573e-03 8.784200561786999553e-03
2.421366041275315695e+02 6.724920878970131071e+02 -1.071340855889440537e-02 -1.919422627193770672e-02
2.418161664852238744e+02 7.304878053836406480e+02 -6.425710146946140428e-03 5.989646744767055699e-03
1.266065979821119981e+03 3.886061506993945613e+02 1.489072281692431152e-02 3.930326906626316059e-04
2.256218679591773935e+02 5.723949949502646177e+02 2.199355197476334997e-02 7.557954936361098441e-02
1.096679364640002859e+03 1.717833243632454980e+02 6.148875804241188403e-02 -1.982460708549705838e-02
2.539588095158371175e+02 3.082241845571218732e+02 7.823008918544530066e-02 2.565613891344108999e-01
4.825706726022446560e+02 4.767386141802236352e+02 3.416898589310266195e-03 1.098759753311397309e-02
8.315087309438098373e+02 3.742919831400591875e+02 9.216316967695092899e-04 -2.319690433395956916e-02
1.087753458878828496e+03 1.678537270878966581e+02 3.952407802987636248e-02 1.888182662697012459e-01
1.158032252582521778e+03 3.093052575771074544e+02 -5.170247016138602714e-01 -1.532172760687871074e-02
2.356538644370971269e+02 2.919394536750833140e+02 1.679660510522299477e-01 6.960465511911140962e-04
1.169127029007714555e+03 2.746050941789544027e+02 -1.929139018298906688e-02 -5.816949525103026243e-03
1.131821464353369890e+02 4.252724011164601166e+02 2.863836628846037624e-01 2.486802389741635533e-01
1.263538864610618930e+03 3.829472436521306236e+02 4.463352914787744458e-02 -7.968367233249680492e-02
1.858359721254263377e+02 6.489516332020490381e+02 1.523354768430497663e-01 -2.836634833923358801e-01
1.183074401214915724e+03 2.029171173873587861e+02 -1.625500281477974818e-02 7.216566247289001035e-02
2.656103330402187339e+02 6.871037138545756306e+02 3.008302124830682708e-03 -1.398538462394564343e-02
9.940268395169077849e+02 1.834425037613869449e+02 3.188314184600520452e-03 2.491220026216491856e-01
3.040293505703207870e+02 5.387038633247142343e+02 1.786102655731643396e-01 2.889844657607616996e-01
2.098622922713682328e+02 5.491005455245764324e+02 2.035460455209342212e-01 9.053103448041578682e-02
7.283636139661705329e+02 9.352848148059406412e+02 1.527620431953827067e-02 -5.806732692235528227e-04
5.115789533707248893e+02 4.454638624302124299e+02 9.271590782288165362e-04 -1.610288521210717985e-02
1.077429834558408857e+03 1.603953482426686037e+02 -3.937533021225109175e-02 1.206963821222514915e-01
1.036363329002002729e+03 2.316628128069210106e+02 1.735345490949453734e-03 -3.629412877948435395e-02
2.455272107343928667e+02 2.950397282424679588e+02 6.239377599322626367e-02 2.171182483342004588e-01
5.149976607058189302e+02 4.959054459019280330e+02 -4.858333870540576527e-03 -3.877348786661016788e-03
1.139856764572489510e+03 3.143379073133590396e+02 -3.256472083812838036e-01 -2.108426010932422656e-01
2.919695965025117061e+02 6.461822296175273550e+02 -2.705558249440542795e-02 -9.407830166423991614e-03
1.107132110302550387e+02 4.304005500542145910e+02 1.579854867086625814e-01 2.256273037604248077e-01
1.118580114033480413e+03 1.675206355650144872e+02 -3.058820326364942305e-02 1.147414203479210464e-02
1.063501592895143858e+03 2.295333574041411282e+02 4.316397737857187444e-02 -1.240785201573553764e-01
2.397946981345953361e+02 7.170165009407714933e+02 2.781827098905864572e-03 3.233550255883225599e-03
2.345001018573792919e+02 3.251661400435558562e+02 4.115316016098459484e-02 8.517638917479565530e-02
1.147763814018290276e+02 4.479305033477027109e+02 -2.232089692586523011e-01 -3.035927059062828448e-01
2.956736053141045204e+02 5.222393194089582948e+02 -5.138737604287488964e-02 2.372141337619793899e-01
1.082393762381890383e+03 1.926951648914816531e+02 1.394003537983860841e-02 -3.892195552601970809e-02
2.593811362292707940e+02 7.211429093478649293e+02 1.485553569095984447e-03 3.553274705139082036e-03
1.052033366695367704e+03 1.670461077888600983e+02 1.855615131572514037e-02 2.955930525723817204e-01
1.077937002911299714e+03 1.935933380489526030e+02 -2.102540821333929652e-02 -2.257086738351635549e-02
1.300590123079053228e+03 3.455123845685372430e+02 2.244937477554945493e-01 -6.424687779449454739e-02
1.985858059190170479e+02 5.656819546336948861e+02 -8.912087384816556185e-03 -3.708587709919340669e-02
2.216322217100189960e+02 6.928510781497204789e+02 1.126748644490151337e-02 -9.945785022409836529e-03
9.795810640842171324e+02 1.764306233845412351e+02 -7.101135018605739258e-02 2.640652787082992115e-01
2.502455999708772652e+02 7.121448420822656544e+02 -5.827476410100071143e-05 -7.191647386839071857e-03
1.016555359105481557e+03 1.678453922387583646e+02 -7.627905683152938487e-02 1.633755155055955366e-01
1.124002216652136440e+03 3.525548721629948545e+02 -1.238688232228049406e-02 2.923532812557666158e-02
1.184040298260984855e+03 3.846674689203849766e+02 2.619363332363578573e-02 1.431330031747917939e-02
1.759358718193768993e+02 6.338879236644389721e+02 6.167062687508025054e-02 -2.868822888301827967e-01
2.723316067293057472e+02 6.852749645872196425e+02 6.738088944676799176e-03 -6.628743063100290926e-03
2.710301245048683541e+02 4.364235689434491405e+02 6.732549878156306178e-02 2.392042773753701168e-01
2.750089154751929073e+02 5.229447573930033286e+02 -1.059252779056123472e-01 1.020044705043528649e-01
5.252458084160365388e+02 4.517151277534165956e+02 -4.257639363036105212e-03 -2.175917067486125150e-02
1.141558715940106140e+03 3.027996628510391588e+02 -1.346557674868563426e-01 -4.431782547475359157e-01
9.866714506041021195e+02 1.784895900830852327e+02 1.026737927553729966e-02 -3.694524831549017563e-02
1.169644167386907611e+03 1.787316152969708298e+02 -9.347599979838605577e-02 1.524889166679770369e-01
1.799190983550567751e+02 6.419752459202378532e+02 1.042342069721750447e-01 -2.971193463630849574e-01
5.556161090433300842e+02 4.035980643542709458e+02 1.054729536811603065e-02 -6.067220647341163564e-02
2.919473173603873306e+02 5.321152078454822458e+02 -1.308813141107743327e-01 1.010673103073318341e-01
1.854686066044361610e+02 6.686640944153973578e+02 3.667190374154865457e-02 -2.224954241170824243e-01
2.446032589241732751e+02 3.231924031818629715e+02 7.679807085750538220e-02 2.644138527124627047e-01
1.037222893252752783e+03 2.122556762976407185e+02 2.415506731846438692e-04 -2.569192318334501124e-02
3.004452420721719363e+02 5.505678578154503384e+02 7.371607927458191656e-02 2.941137459557229272e-01
2.599114969141298843e+02 3.913666955716265079e+02 3.889750316750721637e-02 2.286652574560543161e-01
1.617178612030754437e+02 4.904187853129780024e+02 2.261262000154580232e-01 3.025625080333340655e-01
2.709366610445720767e+02 5.168096301181647050e+02 -8.055423824975789515e-02 3.054770335050528973e-01
2.111742226172283665e+02 5.265981925673879687e+02 4.340398697400175976e-02 -2.951906221368344116e-02
1.057532121276496582e+03 1.927078333962715249e+02 -2.217726984740476734e-02 3.328412062936216692e-02
1.051586497803206385e+03 2.465449924505362560e+02 -4.255714190845710787e-02 -5.485416472671188204e-02
1.158174734962803996e+03 2.036102099398983682e+02 -4.020646624249344520e-02 6.674114906066176689e-02
3.097443596572491629e+02 6.000215949647400748e+02 -1.205554942245450067e-01 1.854908469737643895e-01
2.035257834869545661e+02 6.559973380172481257e+02 1.469598988301375718e-02 5.922525589680628644e-03
2.597815073638925583e+02 3.994750236510569152e+02 6.197090013367016759e-02 2.887535133944510446e-01
2.967328872210004533e+02 5.030785116841227023e+02 -2.725210486435401119e-02 2.834463896705187724e-01
1.089180515701754302e+03 1.813009585622085353e+02 -3.418790830164653016e-02 7.818188868801598246e-02
1.041532836932498185e+03 1.957387835662597411e+02 3.863883366379923523e-02 -2.381214262593985553e-01
9.931924761269734745e+02 2.116210642884741731e+02 -2.560448270270967303e-02 -2.143666968944728593e-02
1.201464536844442136e+03 1.791990810204073341e+02 6.531866930902197228e-03 1.847819770495817693e-02
1.153741969782653314e+03 2.502509116813430978e+02 -1.364078417190057665e-02 8.446315346849076616e-03
8.649980570020985624e+02 8.732198524280476022e+02 2.883440193101023327e-02 -2.521971701182224024e-02
1.131034596127756686e+03 1.718313466523434556e+02 -2.341413591450418608e-01 6.448741964893841550e-01
1.052314309760382230e+03 1.807195775816049945e+02 8.161076139660843054e-02 1.466053468747226807e-01
1.122721914520550172e+03 1.749362805521923292e+02 -1.263607534458874131e-02 2.318197313159119435e-02
1.048112232638314936e+03 2.080815275263967408e+02 -4.311190416544712772e-02 4.176183602786851662e-02
1.169306641911976158e+03 2.829551435689516552e+02 4.651751545997716564e-01 7.051693698972665014e-02
1.260809774355026093e+03 3.598708645494331222e+02 8.920716323034053041e-02 -2.223187441437092238e-01
1.889655286590775347e+02 6.148824307183892870e+02 1.392665464058779889e-01 -1.865303981012642054e-01
2.275266686644303888e+02 6.662820125030776808e+02 5.156516614741684518e-03 -2.010313457050846159e-02
3.859621708009212284e+02 1.069770541065692669e+03 8.870723386741318287e-03 -9.204146144671349408e-03
2.353343484299939519e+02 7.561755425973561842e+02 2.711007312198413996e-02 1.474525931557006155e-02
2.285868802879383850e+02 2.969312493938647890e+02 -1.768051159602768707e-01 1.045335678737494695e-01
2.390315099087020485e+02 3.312534807102501873e+02 1.105839525396260514e-01 3.374392472503854323e-01
1.085667193623050935e+03 1.602579178844708565e+02 2.139402091261886352e-01 1.285193283065950709e-01
1.028790349448732968e+03 1.855846526567475223e+02 -1.568481453478210996e-01 3.548739956925113237e-01
1.098179568600844732e+03 1.749349193167657859e+02 -1.186881374848968163e-01 2.393507713847247143e-01
1.161101499645036711e+03 2.249396827362193392e+02 1.941364586660069072e-02 1.764980366200862710e-02
1.159652364305005676e+03 3.244328220378116043e+02 -1.003207626815765252e-01 1.941018846375855145e-01
2.917897540659124047e+02 4.751773679682727902e+02 -2.949493474758568823e-02 1.841116932181563470e-02
1.057794992663101084e+03 1.645533014355650039e+02 1.631499670082234843e-01 -7.155927737108136455e-02
1.136424474326466679e+03 2.366339039315773505e+02 1.104155951528724700e-01 3.441191480963290417e-01
1.205326291332964274e+03 2.237156448857647320e+02 -8.121005739607767282e-02 9.739260235697955181e-02
1.289856713580796850e+03 3.534041521922217726e+02 -9.806113793496251674e-02 1.708701177828473305e-01
2.330235806874898685e+02 7.684030809874013812e+02 -3.813664386490422942e-02 -2.411989214591869768e-02
1.914857414441461003e+02 5.658006551515308047e+02 -2.056083315386198762e-01 -3.610165743126193122e-02
2.853274090308869972e+02 5.966582257254797241e+02 1.229529021346327956e-03 1.890823221536569107e-02
2.411915275023273182e+02 3.408131411836243387e+02 -1.566239248749699831e-01 -8.648122025770378640e-02
2.355856022048474472e+02 3.532141451766368050e+02 -6.988546137521366164e-02 -3.180575287661123740e-01
1.050979477950459341e+03 1.902726001654603465e+02 6.753704678229562053e-02 7.791776171282143240e-03
1.100931078219872461e+03 2.320818989585968950e+02 -1.902266997194439202e-01 3.410913909028344126e-01
1.166453221332527391e+03 2.245191126247484021e+02 6.212047014048494020e-02 -7.780808702226847673e-02
1.191787989612214005e+03 2.254552435449985808e+02 1.010955698887495841e-01 2.547048239247625898e-02
1.201841556597046292e+03 2.795403876426922238e+02 5.315631429133256189e-03 -1.104579966040221579e-02
1.144500389212598293e+03 3.434384175625550597e+02 -4.169651904791343150e-02 4.102003083944997380e-02
1.984286978077767003e+02 6.470428580254637154e+02 -1.419854347740831801e-01 2.188581501069393198e-01
2.559851646143530672e+02 6.900321094903769108e+02 -2.791347783814655554e-03 -2.611017314649188847e-02
1.046338446749929744e+03 2.224601207065880430e+02 3.008314716801298652e-02 -3.713121498554108890e-02
1.011630116402331737e+03 2.324474713137398112e+02 -4.849052188859122314e-02 9.275597633811773213e-02
5.758097575884097523e+02 4.595859547620157741e+02 -1.318152046053455706e-03 7.490400976559878458e-03
1.114468015019178438e+03 1.587815401002069677e+02 -1.838353708666318198e-02 -1.212734660973069367e-02
1.122721304670014433e+03 2.021093244390011989e+02 9.658228654247598410e-02 3.429784286583223429e-01
1.011411582084455517e+03 2.453777808013393553e+02 -1.377063336415555207e-02 3.979338406702007808e-02
1.217415361599853668e+03 3.149651480733817834e+02 3.402335295924293068e-01 1.198714296795439366e-01
1.234653976640801147e+03 3.537594318368059021e+02 -1.997454843543474967e-01 1.771233905548446896e-01
1.225729478480335047e+03 3.735282041974035110e+02 -1.249543209845190538e-02 -8.319297087434543783e-03
1.894163599673703118e+02 5.245309714335064655e+02 1.425391005161057711e-01 2.614468427986945676e-01
1.102457181411474949e+03 2.071157294303780816e+02 -3.344515844388628451e-02 -2.197160917793894441e-02
1.193942743748525800e+03 2.033396135579338022e+02 1.150427203590838471e-01 -1.468077681577607541e-01
1.181575366719852809e+03 2.359600435464467125e+02 1.651315298444263613e-01 -8.380783156589834571e-04
2.141413086477660102e+02 6.069240138664372353e+02 -5.396683423799686352e-02 2.243066977400758333e-01
4.101419373566929494e+02 1.088698528127909412e+03 1.801875150220088109e-02 4.397446831461076372e-02
1.130521013855228375e+03 3.395941243428744656e+02 -1.105107432460499667e-01 1.077645171451706574e-01
7.539280017675738463e+02 8.959389338813534778e+02 -1.238980961178413019e-02 -2.246941525493184599e-02
9.709470628352976291e+02 8.378025708465680736e+02 -5.459800902067400014e-02 1.250105919832549331e-02
1.672383547835829347e+02 4.909306508717891120e+02 1.648526139183811856e-01 3.318414114010200255e-01
1.127941782604719037e+03 2.144477085160346519e+02 -6.124832745323752908e-02 4.031749643702432495e-01
1.139714054453383824e+03 2.550691255386769285e+02 6.074301798940319463e-02 -8.675113534237904878e-02
1.136378532536716648e+03 3.502209392190412132e+02 -8.905460710159079918e-02 1.829015578257061139e-02
2.408655561041845772e+02 6.472083495340564241e+02 -2.346301632714660815e-02 -4.281657251758335531e-02
3.181366342450908178e+02 5.238425704625661865e+02 -1.777717243447085593e-02 -2.300717127862128564e-02
1.053999394715042854e+03 2.350078484123099827e+02 -1.974929075819886748e-02 -5.248517212289982581e-02
1.043378213998757928e+03 2.795021650450075299e+02 6.391826240445652729e-03 -2.765828886672494491e-02
1.176474874856512997e+03 2.170821593484070604e+02 -3.173871588086285556e-02 1.307805563624810929e-01
1.276022967985456262e+03 3.581974631394563175e+02 -9.134411858570956610e-02 -1.927577584826352108e-01
2.080430471082838721e+02 5.991542445639458947e+02 1.510415905842137363e-01 -1.001181394588286366e-01
1.718197869242389970e+02 6.323741855575226509e+02 1.005329012007649681e-02 -1.013136577461750676e-01
1.022197824186339062e+03 1.946816584098503427e+02 -6.944092631735137092e-03 3.479811378036207214e-01
1.051487003707129588e+03 2.073785335948147122e+02 -5.242784650275617714e-02 1.692535498942870087e-01
1.007898442852267181e+03 2.300455914343088466e+02 2.758413003223430526e-01 1.261516325272639683e-01
1.242671975837925856e+03 3.112021250784735003e+02 2.390896208802197609e-01 1.671226824302445013e-01
1.262805522114128280e+03 3.558698496741075701e+02 -3.615288646094865777e-01 -5.512963454840148769e-02
2.416185375397940618e+02 5.729852053918410775e+02 -7.190890995305007638e-02 1.625650391830017194e-01
7.861621760941560524e+02 9.548470970083262728e+02 7.349790990247129230e-03 2.589317942199289083e-02
2.365183397403320100e+02 3.665757526047818828e+02 -3.235805252440589891e-02 -1.605541991421451653e-01
2.682898453905079919e+02 3.903457569952998938e+02 1.766795362822222160e-01 4.086586143633799684e-01
5.072588150219337990e+02 4.363805638660083446e+02 -1.978343518923490404e-02 9.217255722463353618e-02
1.082644853905472928e+03 1.604846126870044998e+02 3.687774146514281176e-02 2.086268392071180811e-01
1.118867862119378515e+03 1.748627654306471300e+02 1.961408386561818984e-01 -5.658659560006640277e-02
1.055573549866472831e+03 2.105787883276130970e+02 1.121053983763431461e-02 9.288881325232978270e-03
1.077494371142960290e+03 2.573131534258505440e+02 1.595451015949341357e-03 8.779974055736753172e-03
1.165119969822771964e+03 2.068453841151712140e+02 -3.224950872019386600e-02 3.092496814310171163e-02
1.146019389986310216e+03 2.477918168910192378e+02 -4.409657259354086804e-03 3.741399146616212340e-02
1.205605309716606598e+03 3.033393222487362095e+02 4.145022851976136735e-01 -1.687488512924536221e-01
2.836034296877171528e+02 6.874274692648270957e+02 2.406197110129444997e-02 8.054389323924245059e-02
7.479587411961020962e+02 9.137626605135950513e+02 1.531670756340493787e-02 -7.481878114466174179e-02
1.085753634985741201e+03 1.778578410293919205e+02 1.480600743320792390e-02 1.534238535835640849e-01
1.047691822822231188e+03 1.919508137131576575e+02 3.566458693662753060e-02 -4.143939047945081888e-02
1.063778526090771038e+03 1.999317986424127582e+02 6.371787587367634398e-01 -1.345423434657783357e+00
1.044004053842461190e+03 2.715837797692505546e+02 -3.475668668597790834e-02 8.500909283341115397e-02
1.245480992812023260e+03 3.030004555439563774e+02 -1.303186277526492687e-01 3.158295059160991236e-02
3.815852786474507639e+02 1.084156473465292493e+03 8.949676811289464587e-03 -2.598645634270724172e-03
3.671217952192172902e+02 1.099810464076389053e+03 -1.585386214533173257e-02 -4.071191787529641892e-02
2.534541230819109501e+02 3.549378211725514234e+02 1.550996110228197722e-02 2.190857656760982763e-01
1.984147060213066140e+02 5.255470322661975615e+02 2.650772716774696391e-02 1.869771349283553263e-01
1.026233794631302317e+03 2.146476882929415808e+02 -2.543931703917223786e-02 -8.853277718269936258e-02
1.212466861882606281e+03 2.274975528619261809e+02 -4.622467208457692323e-02 1.065076682976808797e-01
9.024808905998900173e+02 8.642257885162910043e+02 1.126319170543865766e-02 2.874252717489866882e-02
2.395735023579794643e+02 3.181643577211855813e+02 9.106219441815710525e-02 1.851170575253036077e-01
3.992129073313188883e+02 3.401108136826335908e+02 -1.231999465430059539e-02 1.270443784320226220e-02
9.994292282612030931e+02 1.809985700909496984e+02 -1.064796547382229619e-02 4.554276246661762007e-01
1.138588678916540175e+03 1.895443616395413073e+02 -1.431803121063997819e-01 5.385645885097574137e-01
1.033475902723888112e+03 2.354793547634453148e+02 8.291054052294082044e-02 -1.420552354665384487e-01
1.177191004321145329e+03 3.618325866991054340e+02 -8.271190647701587295e-02 4.682535776396434812e-02
2.823451490785101328e+02 6.134393035352311472e+02 -2.911648177543308402e-01 -1.401648081461720208e-01
2.011587222037340155e+02 6.798136736766634840e+02 7.381725034588271228e-02 -1.698007826527524744e-01
4.812429879998601336e+02 4.680284812977275237e+02 6.385544714777324771e-02 4.741636613341881912e-01
1.026817427089760031e+03 1.628591817462358335e+02 3.477275109389665886e-02 7.901625259086131337e-02
1.120061742426548108e+03 2.089417727434568803e+02 1.205215777151806833e-01 -2.171456278064027856e-01
1.152006418319396289e+03 1.886197548520811438e+02 -2.070072993603844225e-02 4.662530689824961883e-02
1.153159687271973780e+03 3.279720693690971984e+02 -2.485729124385898103e-01 2.054897770196646434e-01
1.292003919819576367e+03 3.420206840647495028e+02 1.119225386581774728e-01 -2.365369847846068296e-01
1.253834411798618476e+03 3.579388273796840281e+02 -1.764384639316176617e-01 -1.089834636111959298e-01
1.311076312235127489e+03 3.588776841207705957e+02 -1.157369775979759652e-01 5.937368069899662260e-02
2.815228643920999616e+02 5.699598484805160297e+02 2.598522421578763897e-03 -6.233393051331859169e-02
1.897665923615838039e+02 5.847181066440028872e+02 -4.166378105242074525e-02 -1.044652706930833119e-01
2.019151668798789956e+02 6.202228952979176029e+02 -4.556866685803129258e-02 -2.676809831570494680e-01
2.593508681665791187e+02 6.312063034599780167e+02 -1.632576840836463816e-02 -9.059683713360300317e-02
2.496325876993178667e+02 2.878222354681860793e+02 0.000000000000000000e+00 0.000000000000000000e+00
2.313504458409333608e+02 2.981446880561403532e+02 0.000000000000000000e+00 0.000000000000000000e+00
1.536131213316974140e+02 5.133950997288657163e+02 0.000000000000000000e+00 0.000000000000000000e+00
1.122688049251512894e+03 1.749159433817488605e+02 0.000000000000000000e+00 0.000000000000000000e+00
1.115415214673668288e+03 2.180353695616580296e+02 0.000000000000000000e+00 0.000000000000000000e+00
1.129196684063177827e+03 2.290669108390609381e+02 0.000000000000000000e+00 0.000000000000000000e+00
1.088283443211086478e+03 3.397681656122341565e+02 0.000000000000000000e+00 0.000000000000000000e+00
1.180025379342512224e+03 2.814186746941334150e+02 0.000000000000000000e+00 0.000000000000000000e+00
1.218052760982171094e+03 2.928425837013702449e+02 0.000000000000000000e+00 0.000000000000000000e+00
1.190410293482706720e+03 3.367344320419215364e+02 0.000000000000000000e+00 0.000000000000000000e+00
1.236620352370443698e+03 3.624903509305804619e+02 0.000000000000000000e+00 0.000000000000000000e+00
2.115271106561106933e+02 5.387288874639058349e+02 0.000000000000000000e+00 0.000000000000000000e+00
3.224974334290066622e+02 5.428134222953435710e+02 0.000000000000000000e+00 0.000000000000000000e+00
