2.627298747736104474e+02 4.186082520041795760e+02 6.139472626523344301e-02 2.497024788259821493e-01
2.818587166455582178e+02 4.442017716026576863e+02 6.158746161961145549e-02 2.548463468251476738e-01
2.860738058270840725e+02 4.716197423900369472e+02 1.847256989347359490e-02 2.538394069009998200e-01
1.338915207876550539e+02 3.792497151913204902e+02 -1.786786010705221708e-03 -6.948621354186428544e-04
1.389053604086598170e+02 3.914456720788575126e+02 -9.532462765828921339e-03 3.268724198304844702e-02
2.879512128969872720e+02 5.000453894292489849e+02 3.713658259088185171e-02 2.494921548931289534e-01
2.842010848027616703e+02 5.112318890433572847e+02 1.001008021427309165e-02 1.836150872922738819e-01
2.694783449487284201e+02 5.085605465453302259e+02 -7.927123522794732313e-02 2.225053377837562796e-01
2.635713420751457079e+02 5.335766000358137262e+02 1.320173614010062592e-02 1.676594694484958847e-01
1.513422197890172924e+02 4.544832302670578770e+02 1.865732457243364853e-04 -2.822124437637167898e-03
2.082155653927663650e+02 5.435373160576112923e+02 1.559707963815864162e-03 2.068882357424501207e-03
2.627338218271594883e+02 5.617022464678833558e+02 7.618759752611115911e-03 2.130610024112409434e-02
2.061799827361775215e+02 5.485192650195666602e+02 3.488060096913722240e-04 -2.248972222349552089e-03
2.538679564013573611e+02 4.650810046564300251e+02 -1.519764303154850886e-03 -2.246874219310083815e-03
2.230398661851406246e+02 3.157982944372877796e+02 -1.027278270082523093e-01 -3.374413167724196194e-01
2.303153844612876071e+02 3.321897534149618423e+02 -1.070208159865497916e-01 -3.260033976775586484e-01
2.350269915943700880e+02 5.744992396715846326e+02 -1.137036836319491734e-01 6.714837092318469425e-02
2.262639644723560650e+02 3.290530483135098621e+02 -1.010011528352272175e-01 -3.514040492902550383e-01
2.523613065374214273e+02 5.603273262151744802e+02 8.897993517047716799e-04 -5.629621663420849307e-04
2.565707678251350217e+02 5.649350290699235302e+02 -5.421159810360690924e-03 1.171792968258420983e-02
2.329969736646149556e+02 3.401617837949767136e+02 -1.293101870041962476e-01 -3.872431870483084015e-01
2.737991544245753062e+02 5.438437923821327331e+02 9.204120804796919308e-04 -4.107046189274835002e-03
2.786811928975815249e+02 5.429644356034606290e+02 1.289717540126586372e-03 -2.499175096679461926e-03
2.341107410010889112e+02 3.571855193531094415e+02 -9.697676407318066294e-02 -3.732780340287301657e-01
2.506820711312331582e+02 5.680556561250502909e+02 1.495533097354528581e-03 7.213701043174116506e-03
2.565506039293067033e+02 5.722351337013543571e+02 -5.608051567309199799e-03 1.070273954323650717e-02
2.106319829214718595e+02 5.179965947304602878e+02 -1.844914789190661014e-02 7.295148423572125017e-05
2.415041172652422290e+02 3.846111450612900740e+02 -1.027603655096715890e-01 -2.996789192202942709e-01
2.825893710149206868e+02 5.557322438227305383e+02 6.718112871586563381e-03 4.364944934207973075e-03
2.184290508589337492e+02 6.056401005598356733e+02 -9.878932353527457300e-02 2.334442701516318275e-01
3.057327229773234194e+02 4.635364394144514790e+02 1.882249209219456071e-02 1.070888783672813496e-02
4.580364468626380585e+02 4.483443278513965993e+02 -1.852150400018577831e-03 -5.646740700309790979e-03
4.632668074485608258e+02 4.474766680849882619e+02 -2.937212005235778634e-03 -4.015401573822865999e-03
3.147176443099046423e+02 4.724178983592981353e+02 1.577720262641022549e-03 5.971597376696878047e-03
3.063532542071606031e+02 4.809475951042533097e+02 -1.596345137286368440e-02 1.833262410472870363e-02
3.208599092599988012e+02 4.725902941108987534e+02 1.598982733178285539e-03 2.098709483357197314e-02
3.247020918508156342e+02 4.861736620524543468e+02 -3.113167413237596937e-03 -7.154220775383142656e-04
3.064823021217284804e+02 4.941066708634388078e+02 -1.535785018218447338e-02 -9.306002421284898310e-03
3.059642081708771002e+02 5.016994716223853175e+02 -7.580914539328385132e-03 3.046208438890386175e-03
3.113776445340020018e+02 5.054160439380910361e+02 -4.157012253186297308e-03 1.374826795368465750e-04
3.197452609399417724e+02 5.123959402747181002e+02 -1.542952853660968732e-03 -3.906647437527834346e-03
5.640783307020451502e+02 3.887830488843395074e+02 -2.029525145157306393e-02 3.429540246556634503e-02
5.609910186368907716e+02 3.811091026127140253e+02 -7.371501873729803533e-02 1.543296883245476661e-02
6.453369291182706320e+02 3.847449313494488479e+02 1.807049121605877606e-02 -4.037316722396479263e-02
5.408844133988827707e+02 4.056350354233936741e+02 -1.103133236336469730e-02 -1.026561147157978998e-03
5.817508237916601956e+02 3.997099322106161594e+02 -3.131897558599274281e-03 -6.235319595779545074e-03
5.457232501122069834e+02 4.095577674761877915e+02 5.328495122955813432e-04 -1.826151675429920794e-03
5.535405350433960621e+02 4.020119095205880058e+02 2.932949074541887219e-03 2.740170666140840511e-02
5.869145078130436559e+02 4.048208210435132628e+02 -4.029259022902328784e-03 -2.030501404109631702e-03
5.290402652701314992e+02 4.226338040444276203e+02 -2.426285411776898417e-03 4.653928675865434249e-04
5.903302939429103162e+02 4.122885554241828459e+02 6.022748953966475770e-03 5.068834221334543935e-03
5.728000665545566790e+02 4.333370139072966367e+02 -2.626059322462518872e-02 3.220084067968141672e-02
4.729188996349847685e+02 4.346085890360354256e+02 4.312147666936008705e-03 1.508773033824446948e-02
5.431430590937354737e+02 4.258919733857276810e+02 -3.577537919160913606e-03 3.290629981475236797e-03
5.767641630778475701e+02 4.223603644316653458e+02 3.759546042085212814e-03 1.581711580200536021e-03
5.055626072322801292e+02 4.336423260492390455e+02 4.401895945350268839e-03 -6.076850964626094240e-03
5.408487533528435733e+02 4.333937319279150415e+02 1.334789947304445765e-02 6.970556638541798578e-03
5.826166391395693154e+02 4.276591701301509829e+02 -3.071637378503951597e-03 5.325819292232329347e-03
5.514541618343612299e+02 4.373903387425705773e+02 -1.913640979188301712e-03 2.167651622798782290e-02
4.949326837900640044e+02 4.433055192814103407e+02 1.534705997989300932e-03 -5.410437763805137773e-03
4.788415692179220855e+02 4.470192712082471758e+02 -6.638655358924575207e-03 6.439440547869100182e-03
5.585260425241282292e+02 4.340401284902285397e+02 1.702541842012641809e-03 -6.878738965478041825e-03
4.951331125501778274e+02 4.483851593577399512e+02 -9.209461671159175494e-03 -7.559993372630702431e-03
6.242225802439019162e+02 4.326400088246508631e+02 -1.691269042523101812e-03 -5.444760053057624578e-04
5.173999545059655247e+02 4.486522152635544103e+02 4.000242562797481460e-04 -7.335257362538273899e-04
5.537854425775637992e+02 4.456301482388493582e+02 5.974189927422968692e-03 -7.378990114187506007e-03
5.261306207546120959e+02 4.515728807903250868e+02 3.307822116609470753e-04 -1.424911132769218639e-03
5.672047864702526567e+02 4.471065539851790618e+02 -2.141851955964892487e-03 5.683756991613948817e-04
5.756181473716163737e+02 4.456652300488976834e+02 -3.058078839917290764e-03 -2.308105718239263603e-03
6.280978913569404085e+02 4.403954945357481279e+02 2.545526231332956649e-02 -1.605058776823623315e-02
5.461427567710786661e+02 4.525823864438484634e+02 -2.323564519578762144e-03 8.278522485045526711e-04
5.575578643597642667e+02 4.520721749949223067e+02 -3.315522437051726407e-03 -1.628287015434899850e-03
4.707122870574811486e+02 4.625142597305949721e+02 5.303049257486011463e-04 7.172359967627233227e-03
5.833501807677075703e+02 4.508379392718675831e+02 1.012927871434020702e-03 -1.262224909916569442e-04
6.074441338236848651e+02 4.498907157561868644e+02 8.391298849587520287e-03 6.326121468588337057e-03
6.450595131535437758e+02 4.393430577250562692e+02 -3.254300824843571471e-02 -3.560094741824500891e-02
5.627724133802780671e+02 4.601492774973457927e+02 7.033858878129298046e-03 4.200235531333427856e-03
6.241937809356011257e+02 4.518659836405496435e+02 4.299210581685241998e-03 1.591380060907646643e-03
6.083028752035079378e+02 4.578518542981450992e+02 6.305688112731088618e-03 9.305760299400394828e-03
5.825286708779957507e+02 4.661407690705362938e+02 8.892766954346316899e-04 -1.821926379866544224e-03
5.427507690898183910e+02 4.770794339785904867e+02 3.770735924958763764e-04 6.330519519141521168e-03
5.713892894427256124e+02 4.734440865441206370e+02 -2.192939935612500321e-03 8.048922879885874251e-03
5.146289495692619766e+02 4.811349085603771982e+02 -2.981146729226647005e-03 7.030014871798082737e-03
5.562050699135781997e+02 4.787627196569303578e+02 -7.590608849585409393e-03 -4.118029074421352374e-03
5.756376166432945638e+02 4.778292325472046400e+02 -1.756484267236085688e-03 -1.144567705833619831e-03
5.230369355006791920e+02 4.893712598600980073e+02 -2.222941013432057529e-03 -3.569723399396430765e-03
5.426195092062255299e+02 4.861930016124544522e+02 2.200977409146806073e-03 1.466002913178222596e-03
5.820827937468711752e+02 4.878667431085332851e+02 -2.488921793320685461e-03 -1.200525391429283981e-03
6.066802264293413600e+02 4.860014148654055361e+02 2.358340757848396887e-03 3.031069232635542291e-03
8.334097815626337251e+02 3.630346496928946749e+02 -1.807303743282435505e-03 3.850228161177323468e-03
8.280962401515047304e+02 3.705381561182401242e+02 1.508510029742018759e-03 -6.750391436518236171e-04
8.149981944998013432e+02 3.868223009186029913e+02 -4.394517539036440937e-04 4.188124095648082003e-03
8.354705097276105334e+02 3.974268805857310554e+02 -3.566953712811707540e-03 1.288533656390364497e-02
7.024668082303273877e+02 4.154053950425069957e+02 -2.485633992815038107e-02 -2.591757859272322481e-02
7.571933030545493466e+02 4.403382215193819320e+02 1.597106827926107059e-03 2.358208681378996287e-03
9.713524089742223850e+02 1.707959028157702619e+02 8.769221401098098098e-03 -2.685581753324879726e-03
9.856983591106351241e+02 1.736358953277752732e+02 1.144121904232548240e-02 -1.908565610666095036e-02
1.067418448207539996e+03 1.838191153839647711e+02 -1.951408727094675055e-02 2.284476048060037345e-01
1.144165345698452029e+03 2.703596657461399673e+02 3.732246416016546386e-01 3.651849649120527674e-01
1.131536721581089751e+03 1.939625966056956941e+02 1.698007335734347603e-02 2.512930098208529875e-03
1.056220343947265292e+03 1.854645397322918825e+02 1.931159100253677582e-02 -2.114810849932011183e-02
1.139618944886711688e+03 1.898687250343520532e+02 2.204635329331218127e-02 5.394308891128373612e-02
1.099140187596952728e+03 1.876823853598492349e+02 2.491417654557991079e-02 9.373814008130644873e-03
9.795134417374116538e+02 1.991314300756216369e+02 1.401406698703632934e-03 -9.383082239348158535e-03
9.987357801133745170e+02 1.829996885345935027e+02 -3.554320265630615122e-02 1.100440908654105009e-02
1.148112793721104254e+03 1.773235425098011717e+02 2.201706391459911857e-02 3.725214993744205109e-04
1.008032423189296878e+03 1.709881341547568070e+02 -2.934593479112618600e-02 -1.753662749540580990e-01
1.059883301261461156e+03 1.953199452992530496e+02 -3.109054137097484716e-04 -2.028571314946979801e-02
1.089624325180308688e+03 2.037931586379197029e+02 7.427972088007124074e-04 8.451070162366666749e-03
1.076004120997126392e+03 2.216349834653659912e+02 1.077543824403889676e-02 -1.371703535637483484e-02
1.104175760755504825e+03 2.186507931123119022e+02 -1.256820281894599099e-03 1.986476704137158452e-04
1.115778981413752035e+03 2.170967562351430331e+02 8.036607500028790374e-03 -8.160421946650214114e-03
1.129322964156295711e+03 2.082848002598381072e+02 2.941187571244845839e-02 5.073838812651533525e-03
1.090759025392707372e+03 2.854182323928434926e+02 1.697797861639754533e-02 9.711335508500056057e-02
1.013398879102671344e+03 2.362361258531758494e+02 -8.261938726006140543e-03 -7.846512647146841254e-03
1.131455517190514456e+03 3.146673452307055072e+02 6.899690198883720593e-02 1.699145854303703296e-02
1.054757899375540092e+03 2.462059282419025976e+02 -3.816017860207475670e-03 -5.859964003851424880e-02
1.024163203603898182e+03 2.762905182215431523e+02 7.320779360019523223e-03 -3.493081385867375689e-03
1.119321085822056148e+03 3.198438783840032897e+02 3.900107140425731578e-04 -2.978507153666822352e-03
1.060657669647567900e+03 2.999180395041210545e+02 -1.670729847659242632e-03 1.195891939262749143e-02
1.046681548484837776e+03 2.881335932968356701e+02 6.712157552587681405e-04 -1.068799805326849789e-02
1.073135338721373273e+03 3.131922817885121617e+02 1.560708059825250717e-03 2.092521476298441971e-02
1.054487309447076086e+03 3.201952767234563453e+02 -1.153508286190774688e-02 8.967542857430323144e-03
1.078509981010764477e+03 3.229683554121787097e+02 1.863575151762485865e-02 -5.466496644058647936e-03
1.162775444497828857e+03 1.794116503802169973e+02 -5.211914544326312626e-02 7.464625717347243838e-02
1.179718010702943275e+03 1.745415909727967971e+02 2.049118396876515799e-02 -1.160464450832519867e-02
1.171634823536902559e+03 1.997401417073096752e+02 -3.169903205068321655e-02 3.258759003504048402e-02
1.183098614706314265e+03 1.868002780033693853e+02 7.022668689018975174e-02 -1.380129812423547264e-02
1.143342828076308479e+03 2.176518362412743102e+02 -1.366889791139589902e-02 4.247432441747542309e-02
1.153398329602619924e+03 2.124449351568501925e+02 1.224745586387819031e-02 -2.571367691773260994e-02
1.158241697749129798e+03 2.181976307222755622e+02 3.442059037684200296e-02 -2.578483325080053058e-03
1.198515689517679220e+03 2.036591883712869446e+02 2.860285550909478364e-02 -2.132010701229565888e-02
1.192112892632819012e+03 2.276596388993451399e+02 -5.976430428954879887e-03 1.550472949798917775e-02
1.159586579301287202e+03 2.270728538774030767e+02 3.698785334681545245e-02 8.160667501582307293e-04
1.186397139557604078e+03 2.296362461485193194e+02 3.724070812887196689e-03 9.357269942085796183e-03
1.143369115799411929e+03 2.339256305563221190e+02 1.428527286173511372e-02 -5.689666634610476142e-02
1.199501724592076016e+03 2.310037461126117364e+02 6.354608153751451979e-03 -8.255780090878477376e-03
1.202629929021039970e+03 2.364443905610111187e+02 -3.137203661661278585e-03 -3.917012696709123651e-03
1.196251358085524089e+03 2.426166855116983925e+02 -5.287741803768578486e-04 -1.142410593278010353e-02
1.188257612603200869e+03 2.523458943756088502e+02 2.863366146080392749e-02 -2.788578572551501933e-02
1.215902209436097564e+03 2.541951156129905200e+02 -2.989367110598827124e-03 -8.245181362385080196e-05
1.205013835791381780e+03 2.617625855035345808e+02 -4.452773718155933307e-03 -1.652332176206527947e-03
1.273303877430063721e+03 2.591122257116975902e+02 7.773676838883822847e-04 4.760809045612093490e-03
1.132975007699693151e+03 3.241060939045714235e+02 2.712357157217483265e-03 -3.456605549156437952e-03
1.204078691479490317e+03 3.568813340419600877e+02 1.598469758836121302e-02 8.015313236710550071e-02
1.242196552496624463e+03 3.310751437992594788e+02 -1.474928375941459216e-02 -2.816219534187020587e-03
1.282296860070066032e+03 3.296213141436164165e+02 -5.443255567344731233e-02 -1.207691458338252567e-02
1.111099480781436114e+03 3.470658640769130443e+02 -1.523996728245506291e-02 -2.957692550351022007e-02
1.256868300788671377e+03 3.683977384408698867e+02 -1.226190804905192833e-01 -5.523456549511843172e-02
1.205245851972219270e+03 3.928363740762544580e+02 -1.378074974305302028e-02 1.275597132630728464e-02
1.224126862398912635e+03 3.973776610391423105e+02 -4.029045987588706322e-03 6.456757633653785293e-03
2.756772958834646943e+02 5.599568301927894254e+02 -2.879372382876839009e-03 5.983964357449504792e-05
2.521706312664800862e+02 4.063836234336910138e+02 -4.033326599442273175e-02 -2.890071667007807488e-01
2.394006859962546230e+02 5.822392684966522438e+02 5.592365971085205487e-03 -7.595820219500304361e-05
1.750545055917875459e+02 5.678684521698166918e+02 8.069555185938913355e-02 -6.825319659181709742e-02
2.429449079933657742e+02 5.417223664964247973e+02 1.018972011204002937e-01 -2.092900488187645902e-01
2.436921408942083644e+02 5.924171236340068845e+02 1.453797674370398835e-02 1.064099424234715881e-02
2.495663403334191628e+02 5.924927108567588903e+02 -8.208073629809927330e-05 -6.072543375724686297e-03
2.769361261782127599e+02 5.721765049485668442e+02 -6.950939317276282449e-04 -1.507951675792733835e-04
2.931558942112729937e+02 5.759004125174014916e+02 -2.390732205827647908e-03 -1.619875795585817282e-03
2.989814890497703459e+02 5.772001994882242570e+02 1.278588649819368444e-03 3.274128920140518314e-03
2.529598821233805950e+02 4.244769495851111856e+02 -1.092333554439689908e-01 -2.801239838924426406e-01
3.097246673588871317e+02 6.559758740701850002e+02 -9.457076993241361751e-02 4.939412201730329910e-01
3.172095367502378735e+02 5.347513001480457433e+02 5.953174718151256484e-02 -5.194096535843068310e-03
2.745199669833684766e+02 5.899843283461154897e+02 -4.998602903186781868e-03 -4.991915778788044017e-03
2.123554899448474487e+02 6.159398324224752059e+02 -5.848966768920712406e-02 1.164189297422121849e-01
2.722672885422151126e+02 5.925738985694792973e+02 -5.477535805784829875e-03 3.680910480857119767e-04
2.331749418339920510e+02 6.072347336240123923e+02 -2.896048143191079158e-02 2.185312219868781533e-02
2.774945587806281537e+02 5.930820258718414379e+02 -5.026184803923435147e-03 -1.076281740717541452e-03
1.523217137722904511e+02 5.076654308226912917e+02 -1.150876493633945508e-01 -3.087824657006415507e-01
1.590891769979657795e+02 5.068393668448930498e+02 -1.328517854428956368e-01 -2.766708522263186532e-01
2.577234155712590109e+02 4.368386791934850066e+02 -5.689050686337587120e-02 -2.838938142752735483e-01
2.867823318424465242e+02 6.063795079921848128e+02 6.459390096600343793e-03 -2.591822490634657170e-03
2.230727818507855318e+02 6.165919126557191703e+02 -8.173038015254607824e-02 6.252652860085744502e-02
2.504598171886848093e+02 6.041938465357358155e+02 -1.511841768192842116e-03 -1.783879659847746688e-03
2.801346700987215286e+02 6.014326035424785459e+02 1.898105755733726918e-02 9.947797785838079915e-03
2.565718951454227863e+02 4.413551037179633454e+02 -5.922075231244614685e-02 -3.095202978627753509e-01
2.981203482219846705e+02 6.049183495605756207e+02 -5.078169548455369227e-03 5.004076719424885647e-03
2.825056653565124520e+02 6.136011731506009710e+02 2.040446104780976877e-03 -1.951471348126805139e-03
2.395335640898958047e+02 6.220966082301548568e+02 4.232890787125367926e-02 -1.275151021909460766e-03
2.505656635831712435e+02 6.208218217746083383e+02 -2.340973099122304214e-03 -1.797758255764678745e-03
2.965752580542753662e+02 6.143325483609663706e+02 7.846718696640945590e-05 -2.335599649944078426e-03
1.616220190457588615e+02 5.441799973187034993e+02 -1.180644538642937197e-01 -1.640908639052733320e-01
2.545723600588383704e+02 6.238280082475537256e+02 -1.055832983745471406e-03 2.686584190442853435e-03
1.661162425827116351e+02 5.309187905259137779e+02 -1.939376420310407467e-01 -2.360168479560268984e-01
2.273921443509093763e+02 6.297819964694156170e+02 -3.353454980034293372e-03 -3.263245674877970903e-03
2.298557457161639945e+02 5.413408308681185872e+02 -2.701961435085248331e-02 -1.182037545030751868e-01
1.860669737878407375e+02 4.951669470712759562e+02 -2.786289950713870534e-01 -4.190735301557824144e-01
2.335799299932974975e+02 6.317650239530988756e+02 1.515533888742467798e-02 2.885317714071338607e-02
2.846258628242775330e+02 6.238070804391431921e+02 6.306313154708515769e-04 -1.098573946745379400e-03
2.296571457642447172e+02 5.276674114157268605e+02 -8.966084314965067081e-02 -1.639222468112033204e-01
1.895968215206894740e+02 4.813547032354302360e+02 -1.601530335901469593e-01 -4.354825159831787751e-01
2.428801103974871864e+02 6.297497397758439774e+02 2.190181285124926953e-03 3.059908290362664540e-03
2.799961271295713345e+02 6.352795545180143790e+02 9.487502608582719030e-03 -8.376494795238659599e-03
3.007485335780490914e+02 6.290344788535726366e+02 -8.054324445184998316e-04 2.401576243716302232e-03
2.693028949982209497e+02 6.337719542417829643e+02 2.544125123037728931e-04 -8.169263428823283699e-03
2.241348587003425621e+02 6.428859429929200360e+02 2.825281720702724729e-03 4.489036523170965819e-03
2.847786597659700760e+02 6.391237089269425269e+02 4.879991557479367655e-04 9.158972876243391681e-03
2.930688032822431524e+02 6.368542226812038507e+02 -1.167087310150664295e-03 1.072277636937276832e-02
2.178253359555399129e+02 6.454000686744205950e+02 2.096662909773858684e-03 7.472799748927740592e-03
2.369883501207973495e+02 6.417976151437384260e+02 -3.745043679936145131e-03 -2.611154772315929713e-04
2.584191845006004655e+02 6.395629814901939199e+02 -2.599319818701511207e-03 -7.234596587700747698e-03
2.651741309501452406e+02 6.411267559213166578e+02 1.536290163728316004e-04 -1.249135610603141358e-03
2.321095048223573372e+02 6.465586702304798337e+02 1.942408448806728916e-02 -5.944098059955541490e-03
2.487950605442242136e+02 6.463332005535722828e+02 -1.037768944767961284e-02 3.879054340012600809e-03
2.293186183910974307e+02 6.561135134452633793e+02 -4.611468001492861901e-03 2.033827046059038949e-04
2.605293009233268435e+02 6.546039211049215965e+02 9.157139698224977739e-03 1.800027908695532933e-02
2.681292425969330111e+02 6.520269657676601582e+02 -6.905838503714653402e-03 -1.662898081608793488e-02
2.371704536712876461e+02 6.548231682532464220e+02 -5.125655338610280234e-03 -1.361555045829647599e-02
2.904293922860022690e+02 6.523971277389995294e+02 -5.864678586338207059e-03 -2.596671575175416458e-04
2.762938732732542348e+02 6.571194958367520940e+02 1.695365145605585641e-02 -1.102719880360508373e-02
2.486090810476493118e+02 6.611017948004250684e+02 -1.270007858129990237e-02 -1.520868358766007747e-02
2.559044147864346428e+02 6.655016800038670226e+02 -1.802945508483061237e-03 -7.678528902558112018e-03
2.395706236797475697e+02 5.613077113566414482e+02 1.457169346702246460e-01 -1.033321181108219911e-01
2.075409920303419824e+02 6.671646238892443534e+02 -2.379346570477602289e-03 -9.814557854260874507e-04
2.281428829669459049e+02 6.688733831841813071e+02 2.233986862337152338e-02 7.875333912128293021e-03
1.955369145360588163e+02 6.821486363127812638e+02 1.411350926500204916e-03 -1.070349706378017317e-02
2.713439832169000283e+02 6.877249234232507433e+02 7.021774188164461861e-02 1.554570725901182615e-01
2.701759966609205890e+02 6.680418414617691951e+02 -3.426988659497294618e-03 1.482807888822496208e-02
2.324857264228544125e+02 5.659295554524718455e+02 9.427801160559975968e-02 -1.419629134902809509e-01
2.000538613650371076e+02 6.812476875547255304e+02 9.916731329744068665e-04 4.394874127366156687e-03
2.285768204680661597e+02 6.722181608893594102e+02 -1.217063838138605393e-04 -5.975578277556369867e-03
2.384669951004802613e+02 6.806084712397426983e+02 8.893880876037134169e-04 -4.229172004790985109e-03
2.450576893106959062e+02 6.835835023232764343e+02 -8.156365028128220729e-03 -1.295343899822018778e-03
2.092606043875761941e+02 6.879648575282436695e+02 -6.728829514638236080e-04 8.651006785378353645e-03
2.250101736980643636e+02 6.830347408976048200e+02 -9.945957640701350976e-04 7.185100171328836572e-04
2.170875161697311739e+02 6.864220649376111396e+02 -9.910925250672375768e-04 -4.786834996863971806e-03
2.840165912623445479e+02 6.825783928854423266e+02 1.160657458488251187e-05 -2.066703555664218660e-03
1.951441961536797578e+02 6.967913296136640611e+02 -2.926210773126729139e-03 9.269358339586031281e-03
2.338516462333994070e+02 6.874726438633398402e+02 8.706099296825914671e-03 5.763453665002152282e-03
2.384431219414100838e+02 6.918594458636072204e+02 -3.094544896447022370e-03 -2.265031467938777385e-03
2.037240250435973792e+02 6.973195592421840274e+02 -5.568698278904262930e-03 -3.043592601136087001e-03
2.158667962117472996e+02 6.939114479476794486e+02 3.235839522264118248e-04 7.787079488488109907e-03
2.227748165532631504e+02 6.946144596205466542e+02 1.204033266817042779e-02 1.720367473583877746e-02
2.782134577098219665e+02 6.883531959021561306e+02 2.577759139407391660e-03 9.317720367333788209e-03
2.520351174093710256e+02 6.935558604515016441e+02 -1.765417620275132934e-03 1.961389187076432430e-04
2.683396438106267397e+02 6.934899992570951781e+02 -2.602995182866321353e-03 -7.425041524987199826e-03
2.362542113860982056e+02 6.975035184491097198e+02 -7.032146738279749371e-03 -5.951050821235554650e-03
2.747370326951536299e+02 6.957957818210139749e+02 -1.716250188787335701e-03 -1.955318365233297759e-03
2.605964119404524126e+02 6.997306688577006071e+02 1.367385622482981782e-02 1.072499839151105049e-02
2.543864985231391529e+02 7.017434629189225461e+02 -3.258616521187807525e-03 -3.205395482117781667e-03
2.453801866270505911e+02 7.010984216804924927e+02 -1.479971622507824974e-04 -1.300444991035406075e-02
2.485013816777881743e+02 7.092778977428175722e+02 -6.111538415611036598e-03 9.879400461150088589e-03
2.697298266455339899e+02 7.052965033951235228e+02 1.854736350101503185e-03 2.639941213145687113e-03
2.590617789943081561e+02 7.081765306355985103e+02 -1.585633289518326768e-03 -1.626794126351153048e-03
3.229939872615565832e+02 5.432491207205673618e+02 1.016221436544686996e-02 2.367602208655715870e-03
6.060101402015051235e+02 4.931987533238468586e+02 -3.938499227587325541e-03 -7.439151203139898749e-03
5.367426372680646409e+02 5.302617089745823478e+02 9.522111143185427173e-02 5.636215278003747775e-02
2.622775535738070971e+02 7.135119846169544644e+02 6.407259995260367394e-03 2.635511602488129282e-02
2.182167672774099003e+02 7.165714585674812724e+02 -8.654276967630235729e-04 1.707984643831148702e-02
2.664119650409665496e+02 7.113287254007627780e+02 1.023254573402653618e-03 5.255715697035832044e-04
2.516261124841912817e+02 7.148266031859147915e+02 2.041523687110087092e-03 5.707628362399803923e-03
2.136931511076222137e+02 7.216390590737729553e+02 1.095922430051971940e-03 2.810753375341968133e-02
2.271867254364309758e+02 7.217137698873111731e+02 -1.367901181758738628e-03 -2.538827216132613120e-03
2.468536393596487244e+02 7.181945137146204843e+02 -5.185184160492360087e-04 7.170095008670686158e-03
2.218458747252821013e+02 7.245520663455661179e+02 -1.954022646949827181e-03 2.045423185294080459e-02
2.511624341178245174e+02 7.217696135830198045e+02 2.253426513086291549e-03 3.566027423505714698e-03
2.121489958555422959e+02 7.357005274529850567e+02 -5.021302442143778938e-02 1.186340103145850228e-01
2.078518952461800779e+02 7.344716141272243703e+02 -1.713728678088425120e-02 6.250000701973787431e-02
2.347210809929690356e+02 7.245418109881413784e+02 5.229943277678240562e-03 2.699552217924101102e-03
2.410616051330343623e+02 7.242201714041005971e+02 -4.028635689167566359e-05 4.601809930535961761e-03
2.169938249250243416e+02 7.636197508223948489e+02 8.041738225134306695e-03 8.592363148615262888e-03
2.450210085712678563e+02 7.285848970673263238e+02 -1.961202073544321758e-02 7.217355762947752669e-03
2.636197426263021839e+02 7.266652112729333339e+02 1.337617677429737235e-03 -1.135837849961370688e-02
2.190240870230896064e+02 7.341651507280378155e+02 1.092542609362759853e-03 7.718747789696034887e-03
2.554851721402670819e+02 7.307100804149019950e+02 5.361883644559328234e-03 3.531789331649372483e-03
2.374462367238913316e+02 7.354038053808302493e+02 -8.443424084347979711e-03 2.454776745873396560e-03
2.188335372252697653e+02 7.457364696789367144e+02 -1.123642413020629893e-02 -6.457290320501516898e-03
2.300668301037931940e+02 7.455151529696396437e+02 -2.364232253490505462e-03 1.198107736120681893e-03
2.449872395265517753e+02 7.451922516015221163e+02 -1.912652839628534857e-02 2.505377088787347217e-02
2.400438824513437055e+02 7.480805133659919193e+02 -2.842808388571779060e-02 1.127508349565354076e-02
2.558029202945479028e+02 7.452878383508563047e+02 2.001461285147169717e-03 -1.941698556594370585e-03
2.530847383353224131e+02 7.517901926162529662e+02 -1.339302784231784877e-03 -1.538300128655545503e-02
2.431732182899887107e+02 7.537245505352366308e+02 2.059154227545927085e-03 -1.053599963843045856e-03
2.322591761028977260e+02 7.620307884958326667e+02 8.259940742761099491e-03 3.107724874099619585e-03
2.476416644687716939e+02 7.590998616479944303e+02 -1.446742900147550241e-02 -1.630669219655104044e-02
2.421422118688417697e+02 7.621227124012098102e+02 -6.257384038672633188e-03 9.934119006735579044e-04
6.343702319682049620e+02 8.220641238018417880e+02 -1.671182288175872006e-04 7.721229846452789180e-05
9.123908031148378086e+02 8.059354183933734248e+02 -1.889452628876536636e-04 -6.389788044237653449e-04
9.940553529148781990e+02 8.002816438706993267e+02 -4.467210543126465239e-05 -6.639728286401832061e-03
4.599432218570869395e+02 9.415393065985766725e+02 -2.645866452327243234e-04 -3.909026633060997086e-04
7.181932493134100923e+02 8.703259700217455475e+02 3.953286850641332846e-03 3.236469752188540078e-02
7.430201616027133014e+02 9.046495504361997746e+02 5.158657747172286367e-04 -2.735199162002302856e-03
7.289464171377234152e+02 9.140723813192569196e+02 3.599158749272763930e-04 2.353747987469189534e-03
7.463981219167882273e+02 9.092544006559334093e+02 -1.410082717718456283e-03 -2.177647429720768520e-03
7.333268687618464128e+02 9.160411495118222547e+02 -1.707705449293240793e-02 -1.056436785865846016e-02
7.071557538355689303e+02 9.311501072480110679e+02 3.989318737084733557e-02 1.503224328460437201e-02
7.282710316702668933e+02 9.344930919588931602e+02 1.212962056241498332e-02 -2.686177801347364863e-03
8.824906360642731897e+02 8.479524307274219836e+02 -9.929410576628786012e-04 -8.999915372117870413e-04
8.871304395378533627e+02 8.529073726672553448e+02 -4.800577790825348232e-03 -3.449036007688648271e-03
8.674467169243548597e+02 8.808680185536832141e+02 -1.402900942547837503e-02 -1.027369307812050180e-02
7.555322286407442789e+02 8.942084693708983423e+02 -1.288178416312929292e-03 -3.956076573943635016e-03
9.959261613618427873e+02 8.125336642954988520e+02 -2.495271011135214139e-03 -2.869955958217225390e-04
9.538906601059032937e+02 8.142976032524719585e+02 -3.354193223044198233e-03 -1.319692601467491178e-03
1.014401866810485444e+03 8.095694055123967701e+02 8.797412091122159411e-03 -2.957982961437539016e-03
1.017895013812900743e+03 8.139597693684596607e+02 2.321103398017920847e-03 2.479337379793265708e-03
9.616131024498455417e+02 8.192712342757976103e+02 -1.723616143874438702e-03 -3.305717961254258275e-04
9.709315707287619261e+02 8.150515556214181743e+02 -3.491253646543420082e-03 -1.483154790433911666e-03
9.927970000571532410e+02 8.188786802969730161e+02 -1.016652131995377461e-04 3.278804795846860382e-03
9.312803089370830776e+02 8.218692352005527937e+02 6.574988199667816495e-03 1.666314933717587612e-02
1.029861602891483926e+03 8.192377161298114743e+02 9.804562665130385837e-03 1.526028957611364791e-03
1.037587894604303983e+03 8.269928115470203238e+02 -4.061291634284901371e-03 4.174901828996057957e-04
9.853133650129275338e+02 8.290575416491034275e+02 1.504197136247093555e-03 3.449735689956820515e-04
1.060711969701053931e+03 8.262608426266716606e+02 1.300154156719919747e-02 6.315079589078119969e-03
9.328483225568410262e+02 8.296388334137220681e+02 -8.596093179301416559e-03 3.207562438001107345e-03
9.671255057346420472e+02 8.302067852395720138e+02 -4.332457555275402543e-03 -1.208261444278355395e-03
1.030265000108666300e+03 8.300694058742092238e+02 1.789454674106912696e-02 5.550938838015585797e-03
9.231124947982784761e+02 8.332558922720755845e+02 -1.409944733350445472e-03 1.511378963306186192e-03
9.911838380449866008e+02 8.305154193265423146e+02 8.594549720445423743e-03 -1.852370145185643774e-03
1.042795044038456581e+03 8.302636387798279429e+02 -3.133463217542193421e-04 -1.576280246018712345e-03
1.024520625181751029e+03 8.392462262808284095e+02 -1.320264599317482824e-03 4.691578924748547770e-03
9.885818271654351292e+02 8.389995185322800353e+02 3.709738988561076499e-03 -1.322460791008176406e-03
9.564472792206801159e+02 8.415779406502305164e+02 -3.898930735413339704e-03 -9.384052996021709919e-03
1.001826984192635564e+03 8.446697224036626039e+02 -8.993838483377765425e-03 7.607138405357617532e-03
1.030483694534205370e+03 8.425179585648052125e+02 4.896569178184801687e-04 1.131220013149632480e-03
9.350706689305937971e+02 8.446761029376639272e+02 5.814460160285315864e-03 2.899133305092645510e-03
9.860998154904782496e+02 8.453148797422937832e+02 6.626456573931226515e-03 4.824350967872773933e-03
1.050844202017224688e+03 8.473103168716867231e+02 -2.251197846511210116e-04 -3.325589903264663475e-03
9.364226637338697401e+02 8.526103538109448436e+02 -1.443144197063666537e-03 5.579816224398389656e-04
9.882137101813856361e+02 8.527762605473403710e+02 7.599662400277545568e-03 2.706588512930267927e-03
1.053501239057916791e+03 8.530511568374988656e+02 3.658597723048419401e-04 -1.111724915336474283e-03
9.415629520443355887e+02 8.599572073455930195e+02 -1.697475502465290451e-03 6.616615880177212318e-05
9.056583732390239447e+02 8.621392511177489268e+02 -8.242076802839665498e-03 9.483769900592924421e-03
9.209047678945978532e+02 8.636281820943931962e+02 -1.639304704071428698e-02 -1.571796290541145266e-02
9.926477101246848633e+02 8.611729906467610363e+02 3.279763571225263914e-03 -1.944612722704642735e-03
9.586387923375787068e+02 8.646748008008657962e+02 1.326818167049258548e-03 -3.518365274875451688e-03
1.027923289722320533e+03 8.581007924633995572e+02 2.637815334722263746e-03 2.398063673276377983e-03
9.005958115615929955e+02 8.711625864412620786e+02 4.198165419045898905e-03 -1.912300486328086246e-02
9.266900521670706894e+02 8.708796901712837553e+02 -8.634432962247785837e-03 1.629527538390299546e-03
1.036407129361799662e+03 8.645291160167765838e+02 1.028934795130955447e-02 -2.027386521356310325e-02
1.027254410006049511e+03 8.685676618562819158e+02 -1.706639088290625491e-03 2.266678642933588755e-02
9.182615803889472090e+02 8.780535741045056284e+02 3.247095741747414548e-03 -1.513983738312496205e-03
9.245314216490503441e+02 8.815348522193580720e+02 6.912371594419728336e-03 6.558496904688689878e-03
9.560378279977272769e+02 8.861701585245542674e+02 5.318217417781024269e-03 2.356216396215627101e-03
9.213796446144040146e+02 8.907949250965971260e+02 8.558123399993881929e-04 -1.643468438121792460e-03
9.578601434764158284e+02 8.917586178171184201e+02 3.113264357015135039e-04 -2.204718780905462298e-03
9.068241238636150001e+02 9.235516702732853673e+02 -2.086215356794442720e-03 6.423173235186305013e-04
9.002393636390631855e+02 9.278629553736952857e+02 -7.226498411036667629e-04 7.843272782775054502e-04
7.293020234858889808e+02 9.416015993985079149e+02 -3.838508373613840844e-03 3.900376174999677179e-03
7.289640507761803292e+02 9.596452208690369616e+02 -2.843099257982448745e-03 1.068886792048636758e-03
7.355106005606884310e+02 9.655001935679827056e+02 -2.877607285993258063e-03 7.619532652127121441e-04
7.280675302283739256e+02 9.766133181075142602e+02 2.864546672675138722e-04 1.066840086371548084e-02
7.367262293312633119e+02 9.739111980564421174e+02 4.815619287071941021e-03 -3.393198728363671941e-03
7.281327035467872975e+02 9.816749904648256688e+02 -9.291634170610883064e-03 -4.178310739241556174e-03
7.089018250124864835e+02 9.908245821712179122e+02 1.474600357477185613e-03 -2.611925605583789896e-03
7.149809350855468892e+02 1.011572573387617012e+03 1.949989013626078898e-04 -5.920585526116993631e-05
7.048844175142736503e+02 1.023737804572852724e+03 -1.565963760124912743e-04 -4.757165409203723471e-04
7.857073751554958108e+02 9.407798491989073000e+02 2.158501342270627288e-02 -9.587327948195544305e-03
7.923041579182781788e+02 9.421593644888408789e+02 -2.134952891186786929e-04 -3.893731390174405907e-03
8.076983298002959373e+02 9.418496038844713212e+02 -2.143065153731105090e-03 5.001503286974742606e-03
7.822740293534216107e+02 9.507343246455752706e+02 -5.639477100604011611e-03 6.011643546608722369e-03
8.087928723638118527e+02 9.504453130294494940e+02 -1.063327101830919240e-02 4.656061931505424412e-03
7.901886779565063534e+02 9.536285577678951313e+02 2.440875995340896737e-04 4.822241586111886136e-03
7.721542709681142469e+02 9.567604419258262851e+02 4.195418774106476098e-04 9.030446925792845947e-04
7.732416226776867916e+02 9.610543756993820352e+02 -1.237760339066732405e-02 1.117358499690417756e-02
7.506634809060367388e+02 9.614951060581290676e+02 -1.057271326059624691e-02 9.056934663806371841e-03
7.601453364230804937e+02 9.628264838823279206e+02 -2.056282665671235570e-03 8.752371231495171232e-04
7.632738851678707306e+02 9.649801492797898845e+02 7.599791726380938526e-04 -3.225773099651326609e-03
7.496596270107736473e+02 9.699261205087567532e+02 -5.224598722704042880e-03 2.940188120984464464e-03
3.709364217639019898e+02 1.067053036847260501e+03 2.147220959934747000e-02 1.076606515375535221e-02
3.772481853887740044e+02 1.077130304746929596e+03 1.062375994257536149e-02 8.677888298730113484e-03
4.003805521852923448e+02 1.067338288894958851e+03 3.345650211221961722e-03 2.066005459298166438e-03
3.650361177095785479e+02 1.088307680963246185e+03 -1.377440914864965209e-03 -1.351263833753769614e-02
4.042087272234041961e+02 1.071083800506440866e+03 7.856305992869228733e-04 3.433476873369997392e-03
3.818929314567357096e+02 1.084250277026792673e+03 8.453947329478591829e-03 1.912755354502529903e-03
4.111880586792899521e+02 1.076993625745682266e+03 -1.781706051517203135e-03 -1.624335877164808642e-04
3.756230558263932267e+02 1.090369209380255370e+03 -7.946243042895186071e-02 1.527037761597021398e-02
3.795116267430927905e+02 1.096624133413386971e+03 2.728903302963569394e-02 1.248112519214382606e-02
4.090212235651709420e+02 1.088960360250377562e+03 -2.609832542800789423e-03 -4.629211693106686024e-03
3.962755863803654961e+02 1.092815093875256025e+03 3.354727816864252945e-03 -2.517791420303291429e-03
4.263570709592813159e+02 1.069375263168147285e+03 -1.625849233592177405e-04 -3.544079714867963329e-04
4.333040875947932591e+02 1.083929705167469592e+03 3.920204145577435247e-04 -7.296828173389033703e-05
4.446387863869680928e+02 1.091918164218354832e+03 2.094700519051858039e-03 -2.419002316878279650e-04
4.490590749607608245e+02 1.097350252742888188e+03 2.426583987624051503e-03 -6.373836743631106257e-03
4.816545485104400086e+02 1.098995173249775917e+03 -1.487734802593661232e-04 -8.583197084698269324e-04
7.044430100495122815e+02 1.036474742115253321e+03 -3.694500467584628869e-04 2.870606959520343436e-04
7.518432972093175977e+02 1.067586632196534083e+03 5.348599281187669635e-05 -7.974719375563988993e-05
7.455921665272553582e+02 1.071462303517366990e+03 -2.461989116018050458e-04 -4.835521726750578405e-04
1.311374997013226675e+02 3.253322620792824296e+02 -2.769491334214591776e-04 1.280981745196640986e-03
3.156783383485461059e+02 4.998119102035996661e+02 5.095882211084118402e-05 3.284322060187268039e-03
5.084950621471834893e+02 4.365657339274023343e+02 -9.416287284097106048e-05 -3.186710081662948169e-02
6.287888226726969378e+02 4.601179548535718027e+02 3.011803392704642205e-04 -4.339036222521565518e-03
8.096897154647067509e+02 3.559709190465640631e+02 1.960506121784167456e-05 2.397908255366672063e-03
1.152417714334066204e+03 1.848519796032891804e+02 8.102391988773384316e-05 -3.652451667156439430e-02
1.164129730751108809e+03 2.066800618224391428e+02 -6.313409434160168615e-03 -4.197794583675848457e-03
1.151433672420894482e+03 2.275331146765036578e+02 3.519954300108030232e-02 2.119986369834011772e-02
1.057587703858211626e+03 2.651472522667507974e+02 -1.684271613171449133e-01 5.406408170630930959e-02
2.246286981861650531e+02 6.031878888152754143e+02 -1.260171249943521990e-02 1.522582555207018136e-02
8.507806838804596055e+02 9.314969161281109109e+02 4.209064935436556765e-04 -5.574665205297759177e-04
3.698512248281884922e+02 1.061825263366704576e+03 1.779408972473191068e-03 -8.985971458329941207e-04
2.717987804994291423e+02 4.820614959394979451e+02 1.179370721461966628e-02 3.414743036838075452e-01
9.897313820516193346e+02 1.785342737870557528e+02 1.084331037462350072e-02 -2.645790961725645249e-02
1.083646780667609846e+03 2.289772748170133525e+02 3.073675516527308096e-02 1.325076714068576522e-02
1.172641794225150534e+03 2.440098080555966078e+02 7.990989173745535745e-03 -1.060819531882640533e-02
1.236981862694597567e+03 4.032585910838959080e+02 -4.917548431687536296e-03 1.159237943632642973e-02
1.005047284628901821e+03 8.332294810643670644e+02 3.772285885919574467e-03 -3.136943037856830627e-03
8.997375809898334182e+02 1.102262957973368202e+03 2.514719020947529197e-04 -1.355645769947814538e-04
5.508662011563216083e+02 4.543108871391661410e+02 2.021393612368917528e-02 -3.141017262318299749e-03
1.125490344979899419e+03 2.412797718266720608e+02 -6.049073870113121608e-03 -1.456265869287681237e-02
1.032907650875369882e+03 2.181660304254644416e+02 -1.025345051633970439e-01 5.971536323203573832e-02
1.164557805184948620e+03 2.470957119791668219e+02 2.294700979946175806e-02 -3.054769526996109139e-02
1.168396365595639509e+03 2.254780704148577684e+02 5.581831926650524661e-02 -1.257267187213950976e-01
1.152626943736000840e+03 3.734816984186304012e+02 3.496120130961625789e-03 -5.784472032526127329e-03
2.163883053340866809e+02 6.594404558574093471e+02 1.206210117684372270e-04 2.276082375069203578e-03
2.297165781916227445e+02 7.021910482156478110e+02 -1.747619241309779012e-02 2.840637273681462065e-03
1.006058085087969062e+03 8.489981744066110423e+02 -1.565106885823972904e-03 1.656287430222673236e-03
1.071831059403045629e+03 2.803585531850562234e+02 -3.612430329136115306e-03 7.634988845227168308e-03
1.176629771511951049e+03 2.316178909783747599e+02 2.140843172209414610e-03 -5.830892981476994141e-03
3.005992674683580503e+02 6.389491135759229792e+02 1.071083600981191913e-03 -1.232987558001461936e-03
1.034987562720213191e+03 1.843254535157577720e+02 7.141130932675896457e-03 -1.464230031244863686e-02
2.690051779599270958e+02 5.591593466681423479e+02 -2.032865468253147387e-02 5.888618059417591484e-03
2.808914056208365082e+02 5.635222082312122893e+02 -1.724178054293570546e-03 -4.465567570362212468e-03
2.151948292904124003e+02 6.701167509244315852e+02 2.669226615823969313e-03 1.736350094676150603e-03
2.556150452681006016e+02 7.083395411598729652e+02 -1.855930834561730534e-04 -2.030548077352187285e-04
5.042485315301991022e+02 5.148384843845881278e+02 -2.315235541454787466e-02 -3.171810148397989637e-02
9.913322980421116881e+02 8.158174191586020925e+02 -1.366987008279943201e-03 -1.893393416955657009e-03
8.248494321108947815e+02 1.102271776020035531e+03 4.421961139357362858e-04 -3.825188078096316180e-04
2.763017272990737183e+02 4.455775823009246892e+02 4.429192200379390015e-02 2.834993804726156363e-01
2.180017474694143118e+02 5.475299463902539401e+02 2.344360581555931036e-02 1.979107488758733921e-02
2.617794386104124555e+02 6.801247420093955043e+02 1.496177590740448973e-03 -1.829199773785130908e-03
9.597248001616329702e+02 8.462492560859194555e+02 1.047549539458207668e-02 -2.312786139363746940e-03
9.491085950558898503e+02 2.484217948607777373e+02 -2.455593431917723821e-02 -8.055757060561594129e-02
1.077681746472275563e+03 2.690634267167349094e+02 8.502768775457244382e-03 -7.410616747415982308e-02
1.125165319788436818e+03 3.417848070620398175e+02 -7.613501794839796361e-03 -1.198870203156819983e-02
2.266270707410205318e+02 7.567930679637821640e+02 3.520940750157627169e-03 3.267394580866989345e-03
2.748937080078285362e+02 6.395291478964774115e+02 1.892806270022181613e-03 4.534222974095229904e-03
2.580928680089216982e+02 6.792689719143685352e+02 -1.725770224639534139e-03 -2.049059079399289599e-04
6.016020874145096968e+02 4.884212284309876395e+02 -1.866648629861584162e-03 -2.855006492074725361e-03
2.210129269372917804e+02 6.333028726982489616e+02 -3.506295281546795845e-02 1.021602462135332290e-01
2.789836431492233828e+02 6.523414222133166049e+02 5.454041470160842951e-04 -6.100916687586558718e-04
5.403852515575861162e+02 4.211792039322034498e+02 -6.161782340348842188e-03 -6.186076694362863636e-03
3.007643966743843862e+02 5.176412484764613282e+02 -2.959475730400448062e-03 3.248908489638887599e-03
2.737624738867190786e+02 4.101955151276559377e+02 6.689837839098181083e-02 2.392162665445621561e-01
6.156588699986230040e+02 4.757832098040325945e+02 -1.405324482446771925e-02 7.838279094214343004e-03
6.170895197392904947e+02 4.842896185162525740e+02 8.922474960838984448e-04 -2.939466393868180212e-03
8.114329154237588000e+02 3.641129639581128004e+02 6.751602448967913839e-03 -1.811570901510085527e-02
5.006708245476908132e+02 4.786721103106224291e+02 -4.382955025655722105e-05 -5.141104420056083306e-03
9.200682322760233092e+02 1.102447660209574678e+03 -7.848675784417887902e-04 -3.788388189042223670e-04
5.340811936732360437e+02 4.530799847434133198e+02 -1.337179434413671847e-02 9.764803463049179580e-03
2.069466942812517800e+02 7.186268555339685236e+02 -6.998723075695363269e-03 1.139432874599786462e-02
2.229802918812736152e+02 7.637742803858443494e+02 2.229514323038650839e-02 -4.483014458308069716e-02
1.344041202908555306e+02 3.989092855965687932e+02 -8.691193259343016949e-05 8.876291129955362898e-05
1.266434757713269164e+03 2.036972058761728874e+02 -1.731255537464730394e-03 -8.411297474688892231e-04
1.150720179084886695e+03 3.345544759069203451e+02 -2.816713910529005695e-03 3.633031984910609774e-04
1.054430571428144958e+03 1.702479818666439542e+02 -5.755038295736913945e-02 -1.387725993432130100e-01
2.876212459881593304e+02 5.700198760384184880e+02 -4.212677150495339022e-03 -1.948484985640482970e-03
2.352184952557890369e+02 6.681347112760265645e+02 -1.191670314024139386e-02 -1.289222459522331755e-02
1.717492468772306040e+02 5.826837668378327635e+02 -2.386624140228297761e-02 2.503986023202404640e-02
2.279389602877900245e+02 5.645522211123118268e+02 1.001752253458269154e-01 -1.432013246418522012e-01
2.006664744992036731e+02 4.587758514004161157e+02 -1.048921985346682470e-03 1.762602792650390686e-03
7.877682859287610881e+02 9.610245574002718740e+02 3.152433666270040282e-04 -1.020753699013667807e-03
1.008394031694772593e+03 9.275209033245292858e+02 6.750178087605661998e-04 -1.105535450031059285e-04
2.621694461317914033e+02 3.866013823941183318e+02 7.206020705694560213e-02 1.951764679292369298e-01
1.260876534707330393e+03 1.960926651621151677e+02 -1.226502374175643135e-03 -6.431031530788045274e-04
9.183962675071420563e+02 1.102504641955683837e+03 4.271085332234043864e-04 -1.275284420590552196e-03
2.443676650726301034e+02 6.473789742636828350e+02 3.504942563018509025e-03 2.528619739459737545e-03
2.761673353123136394e+02 3.884963477855508245e+02 6.878475652544439878e-02 2.407487377493898739e-01
1.069619661570392509e+03 1.952407416386335228e+02 3.034867976316040633e-02 -4.729194283581306807e-02
1.071656444815896066e+03 2.164178487905739985e+02 1.034830823538760575e-02 -3.240338771485788694e-02
5.039814224000011222e+02 4.523254580455379141e+02 7.087588262481970918e-05 9.521829109160373549e-04
1.203741212198772473e+03 2.043872914510170915e+02 6.388102817513439426e-03 -5.212328674598618733e-03
2.681049613858016301e+02 3.864136130890818777e+02 6.592033701903435294e-02 2.296409977296883786e-01
1.111332437280786507e+03 1.682012768645890333e+02 4.107978730167806403e-02 4.927501281823882390e-02
1.097922217271497857e+03 2.939648291874824508e+02 -3.890842315175825801e-03 -2.097619699437734513e-03
1.296588940220001177e+03 3.661234521033801457e+02 2.940724364553842438e-02 -1.364338098736562685e-02
1.047445752014898517e+03 3.109059654021205574e+02 -3.944707157859396983e-03 1.162612025544459970e-02
2.284030782782462836e+02 5.509581770869837101e+02 1.184797929932420862e-01 -1.618688877207984100e-01
2.246205690662587244e+02 5.803160011364291222e+02 8.972590689240032835e-02 -1.404549932822496128e-01
2.098754104343948370e+02 7.125626952254621074e+02 -1.527913790428726132e-02 4.523366324775398434e-03
1.186293422406280342e+03 2.086069474660205287e+02 1.147259446050310008e-02 8.751313950531401783e-04
2.870849782146391931e+02 5.533970650166568248e+02 -4.819604174668251986e-03 -3.524285441870003699e-02
1.031757325984707222e+03 1.686234700015197063e+02 7.158570999380085842e-02 -3.952457061790998205e-02
1.960141010642282424e+02 5.342461553499264255e+02 6.618235019776377848e-02 2.227808117268158597e-02
9.536704560801792923e+02 8.644317887578740738e+02 5.154634336048108780e-04 -1.017541360498637297e-02
2.766356149000991422e+02 6.130170614588051876e+02 3.027862940067698686e-03 1.705059320551128481e-03
1.169791689954883395e+03 1.733352650785850813e+02 -1.769149443145471429e-02 5.892132215824077285e-02
6.357220191127762519e+02 3.919356675007197737e+02 4.344922470198584255e-03 -4.976595119135502135e-03
2.251676202906836295e+02 5.533844293820299072e+02 1.362155554705042904e-01 -1.599314697288543308e-01
2.157956265527805613e+02 5.569404560257204366e+02 6.375534877410350687e-02 -1.954506029441592171e-02
2.042924500208496283e+02 6.860836804214615086e+02 -4.434616154911297714e-04 -5.365813149913463247e-03
2.696808672633242736e+02 4.143153161710708901e+02 9.089755145819962412e-02 2.397914546762925370e-01
2.183183055047823586e+02 5.850942298218899396e+02 5.372770490160039963e-02 -1.657070494280348805e-01
2.083669033162206006e+02 5.339271173365807499e+02 1.412957560332946394e-01 4.064313161612485847e-02
1.136480140900474453e+03 1.450812633263009275e+02 8.548121456491985810e-04 -7.082240211961408557e-03
1.005260618695374660e+03 8.529793843053629416e+02 1.272746509231534274e-03 4.354382656864493745e-03
2.169754873595967979e+02 5.740669346883840944e+02 9.068002759412585601e-02 -1.593847010245635076e-01
2.282285103259497987e+02 7.729921503306020441e+02 -8.867570618237983343e-03 4.858345509397073159e-03
4.970066826480446025e+02 4.769881970952229153e+02 -1.532679582754049559e-03 -2.041713303871648885e-03
1.039297310593906104e+03 2.999449831839311855e+02 -7.906219137483655457e-03 5.854290899368480572e-03
2.240641779601374992e+02 5.719653154762266922e+02 8.062666690363842759e-02 -1.599044413798398345e-01
2.975278918657046461e+02 5.634491952641143371e+02 1.430952772745337775e-02 6.033095525749153885e-03
1.218344934786265640e+03 2.188643848196283557e+02 2.966101722307993866e-03 4.516398768188456558e-04
1.170732024375519586e+03 1.446713487263100433e+02 1.137582057472262889e-03 -9.540126169163935799e-03
3.386726049623040922e+02 1.081816060589876315e+03 1.694068390537889317e-03 1.212403215745190728e-03
2.648002609726561900e+02 3.736377527763199851e+02 6.492547379684708575e-02 2.460123480011988661e-01
1.078099092189847397e+03 1.922988505713753966e+02 7.231104731171498481e-04 -1.093108941383444388e-02
2.713973220239580542e+02 3.761425741430606422e+02 9.912470075905426004e-02 3.441213643911350539e-01
6.437936760982003079e+02 4.577459045042786556e+02 2.937331445874667539e-03 -3.428519751015629991e-03
1.174275317751485318e+03 2.150870859473583607e+02 -1.747423309872360962e-03 -9.490087986626653815e-02
3.135261792046479172e+02 5.579006634198198071e+02 -1.647795592302850071e-03 5.675927257288554059e-03
1.262842664041956823e+03 2.998645787747884697e+02 4.768722907011570429e-03 -1.137154865942267487e-02
7.527344422163030231e+02 9.146868501428275522e+02 3.505713644791726342e-04 -1.562327867620999641e-03
3.459969290928646615e+02 1.088476931457397086e+03 -4.429735294591540147e-03 -1.106786751413460328e-02
2.317698057886714480e+02 5.518947641993756861e+02 1.063582896282342372e-01 -1.747208620088449849e-01
1.097903561555262513e+03 2.663286309474084987e+02 -3.011883834682350242e-02 -3.497658151515188885e-01
2.758744589767587172e+02 5.808694393508013718e+02 -7.874437239087735477e-03 7.041696088698123565e-03
2.860326985066444081e+02 6.468761157846992091e+02 -3.684784840147855775e-03 1.574346098167741636e-03
2.414700646151518981e+02 7.707041460064666580e+02 2.115053300336244575e-03 -1.075777725599671043e-03
2.196859371930742668e+02 5.677143422463592515e+02 9.238561358574123861e-02 -1.618738356661390543e-01
1.035910301955406339e+03 2.362528561601322110e+02 -7.468507796843233855e-03 -4.396533369651708760e-03
2.932197117876487482e+02 4.978059830262391188e+02 1.383098828799993879e-02 2.073865355418107459e-01
1.153972643885822208e+03 1.981330921756718340e+02 4.963206284349389041e-03 -5.288898301552981580e-03
5.094775508495805525e+02 4.565890655076278790e+02 -2.395426870643769732e-03 9.148340793364250628e-03
1.114113683939400744e+03 1.749357489115455451e+02 -6.766878589898246178e-04 -1.639973200965082548e-02
2.141653505709969352e+02 5.888847815287147114e+02 8.343532542448771350e-02 -1.671260405799258331e-01
2.565577527066971584e+02 3.479480044677350747e+02 6.502635306533688375e-02 2.198320208009048038e-01
1.064319576174741314e+03 3.192536351528456748e+02 -6.435524241013998448e-03 -1.044398926829066300e-02
2.074398286106476803e+02 5.720497686597445863e+02 1.135839504098936081e-01 -2.059316250049595398e-01
2.117966502028168065e+02 5.949492680179795343e+02 8.484824960500318702e-02 -1.823612451307826121e-01
1.154172327377678357e+03 2.476221515202032606e+02 1.173947749548190497e-03 1.619250576978721774e-03
1.028093934477984249e+03 2.801055064058576818e+02 6.501504584730805406e-03 -2.744502309642225801e-02
2.647832716448018004e+02 7.460288106955283638e+02 1.037623427580377546e-02 3.758541058964015320e-03
2.361732550710809164e+02 6.794400922955763917e+02 -3.225017190207174391e-03 -6.834850686883859640e-03
1.122281474924898930e+03 2.129945956246872356e+02 2.463876772848794250e-02 9.090740587346925194e-02
2.624423190718789556e+02 3.557106423277722911e+02 6.134020638710815237e-02 2.151270948610638500e-01
1.081590255718939716e+03 1.730049000503966568e+02 6.776339090630911777e-02 1.550907920585150868e-01
1.257085103513074500e+03 1.888083107913513174e+02 5.407892652346893165e-04 -1.139356665658392562e-03
3.149241627411973354e+02 4.933520631108453358e+02 -9.380629999472743204e-04 -4.020289353877728143e-03
2.471498614993554668e+02 5.800239047616819335e+02 -5.145950136840392146e-03 -1.584425692680954331e-02
2.059706964259844995e+02 6.485967303037492684e+02 -2.002531181694781177e-04 -1.198799248694434362e-02
1.048776969236059585e+03 3.032133139903579035e+02 -1.279255720286492318e-03 1.167025139321563321e-02
2.616500599485074190e+02 3.446176310751057486e+02 5.509398189249427313e-02 2.297377452036419576e-01
2.816454897361719532e+02 4.620088852905712997e+02 2.224619387983229821e-02 2.606950727446927796e-01
2.508708557948508826e+02 5.346964636523839545e+02 4.522498680402849136e-02 -2.229865804499898269e-02
1.064613841884946169e+03 3.332794300666407139e+02 -7.525943864081481929e-03 1.237821617900575037e-02
2.327661436270878994e+02 3.504702966930303205e+02 -9.392725918798075502e-02 -3.261018604464633319e-01
1.092678626076563660e+03 2.284984806956213959e+02 1.206630689417615560e-02 -2.952639931025784637e-03
9.788950654708079355e+02 8.720570551838882238e+02 8.654043947444733931e-04 -3.414314257368162697e-03
2.476352954881556627e+02 3.483143646410564997e+02 4.304535552210557448e-02 2.220613743610942437e-01
2.668492891139496237e+02 3.582297134557398408e+02 5.762158971303916327e-02 2.567675294829709354e-01
2.068044104488435266e+02 6.009501126315766442e+02 1.239116416072228305e-01 -1.728245865357135036e-01
1.112273585210748024e+03 2.332645808485773671e+02 2.483181648383131577e-03 -8.668233725429536768e-03
2.005940463843371617e+02 5.836760088401413213e+02 9.897473109815912995e-02 -1.590957645400717657e-01
4.128962505672840280e+02 1.094223403580901731e+03 -2.623917972772854372e-03 -1.427435796666815318e-02
1.063730086446387531e+03 1.641367170649583329e+02 5.713888771696258584e-02 -5.986665175756381713e-02
1.025409471210744869e+03 1.939123816663908428e+02 -4.418262484826678688e-02 -3.667799434765077471e-02
2.045958791361394731e+02 5.934773068810803807e+02 1.118433010394257326e-01 -1.751526824783065373e-01
2.666255215512635459e+02 5.527472749832068075e+02 -1.400921217158597812e-02 1.860060953312513699e-01
2.737128573576170538e+02 4.375473103231882988e+02 4.275536825461657975e-02 2.836471881127494155e-01
2.637640892609457524e+02 7.028088856262384070e+02 1.689625828479359273e-03 -3.989835026521240668e-03
1.096631630974648260e+03 1.555819555355816703e+02 -1.943316570919246394e-02 -2.996505648808588454e-02
1.185818831701249110e+03 3.757411200486254188e+02 6.556274661186600738e-02 -4.575466986050917562e-02
2.544498862663317880e+02 5.783491048866875417e+02 -3.323468543819874869e-04 5.019777472192358571e-03
1.278209592860711609e+03 3.821079935249004507e+02 4.705900603539028143e-02 3.549346552096501600e-02
2.714051185146039984e+02 5.692868298678110932e+02 -5.486117611376425604e-03 7.476143838581976626e-03
2.868239242192260576e+02 6.186027353378260614e+02 -1.294009631593350841e-02 1.466621379602944981e-03
1.122590867374939990e+03 2.911801653020916092e+02 -4.113548491110429195e-01 -2.749904036379023919e-01
1.040370079926459994e+03 1.729952716675547890e+02 6.029495430605286144e-02 -5.446850502134272659e-02
1.027641294903367907e+03 2.170398319752503369e+02 -3.993750972012373446e-02 3.395169322326404421e-02
2.606537794798642267e+02 6.122746162215615868e+02 -2.626045735929879131e-03 1.030894700797133599e-02
2.106808957926787684e+02 6.607754254047770246e+02 6.067399767265679172e-04 2.374908574877439011e-04
1.120925201840593672e+03 2.319453862962803328e+02 1.296520627304762266e-02 -1.609197181080662328e-02
3.013748617007138364e+02 6.220573748958536271e+02 -9.680979578254861675e-03 -1.752245973084382361e-02
1.230146193635940790e+03 2.865558095948223354e+02 -1.539210844765254334e-02 2.761533371783638641e-02
1.143187952106330158e+03 3.846114744646764052e+02 -1.865971080524284759e-02 7.048290370679265171e-02
2.412380535449853198e+02 3.472570029532776061e+02 6.763082198121490862e-02 2.332776172679986715e-01
1.178236186582500068e+03 2.546876664215776600e+02 -2.026941286863118315e-03 8.554689667289944524e-03
1.191678346396643974e+03 3.688117858082731573e+02 1.302742872930463293e-02 -2.165841709052586384e-01
2.913193256029989016e+02 5.367521110573857186e+02 -1.936430247054141129e-02 3.774916682116349897e-02
9.724940662855365190e+02 8.275423405299411570e+02 -1.761797449149742198e-03 2.355619354925873182e-03
2.544039271006730871e+02 3.390683956652837310e+02 -1.082632188673912470e-02 2.437955664237436704e-01
1.125465478765421039e+03 3.513483798282274506e+02 9.624909199297546417e-03 -1.448381496768749027e-02
2.584614634035711447e+02 3.301908310453079025e+02 5.565768006937191897e-02 2.033849106496773695e-01
1.235660841669930733e+03 1.325513753379960065e+02 3.044386720123631786e-03 -3.747168368232565907e-03
1.037483399054149459e+03 1.990242264532870706e+02 -7.220279786405860156e-02 1.243017771129979743e-01
2.042436979116838245e+02 6.185571270554469265e+02 7.809368212049282165e-02 -1.982960003132606952e-01
2.421679208991277221e+02 6.725384874926116936e+02 -4.969836026089238454e-03 -1.221195900504791140e-02
1.267287592449812109e+03 3.878870520130664090e+02 1.013971197499309237e-02 -6.317517646064376401e-03
4.825367512898886844e+02 4.761995635959131619e+02 5.551071830733361094e-04 -7.896552577835903516e-03
2.052699208370839870e+02 6.099286441015044602e+02 9.134179630167398034e-02 -1.894580686352126120e-01
3.072023421871267601e+02 5.564136619282965057e+02 -1.124310385379732533e-02 1.891770711100177957e-02
1.097755116940205426e+03 1.788507067077310353e+02 7.426305260157439747e-02 6.546329914907191017e-02
1.063419404813647816e+03 2.277721867436814307e+02 -3.671500236989663768e-02 7.509445118356940230e-02
2.388645785932348247e+02 7.172427624926505132e+02 -4.655907530871733653e-03 -6.099785970231194794e-03
2.596618222689468780e+02 7.206632765172622612e+02 3.969742104704711977e-03 3.070491858056361486e-03
1.192732216220783812e+03 3.795140506912499632e+02 8.956418057060672178e-02 -5.130919280751605055e-02
1.966619512029506325e+02 5.935162028913624681e+02 1.053866433596260394e-01 -1.989059422790923903e-01
2.598944917802041914e+02 4.898572299378426465e+02 -1.296988742828882046e-01 3.149118091129516350e-01
1.979503699075553129e+02 6.037729898621853408e+02 9.703698231742727276e-02 -1.919567223929633804e-01
2.049098159301647684e+02 6.261161964761747640e+02 9.713873810767099937e-02 -2.044054063089709716e-01
2.529749666918956166e+02 3.605550246032242967e+02 4.484796184597582974e-02 2.063177418248260953e-01
3.059089249602736231e+02 5.663218940647604995e+02 8.371587109226905077e-03 1.462204612633709322e-03
1.159684314540923879e+03 2.028108530444176552e+02 1.558728078256004478e-02 -1.399971401834064488e-02
2.707084328615922004e+02 4.472261125372890547e+02 5.323949991728312015e-02 2.866208317998618638e-01
1.044363260217956395e+03 2.039072594742713704e+02 2.994202525803869863e-02 -3.837559235095248759e-03
1.122580385547207243e+03 1.744645275284800618e+02 -1.788201513973756030e-03 -3.267725354958213400e-03
2.088203892893367595e+02 5.787215151463901748e+02 1.123103156124892615e-01 -1.883919943129490349e-01
3.883409395094360548e+02 1.067567028440443210e+03 -1.257728431491978924e-03 6.165500302995946882e-03
1.205238556897106719e+03 2.229345495985361083e+02 -3.360773742288344457e-04 -1.008154665768616056e-03
2.542594569669639384e+02 6.904057464157521053e+02 -6.839103439623465258e-03 2.109518399666371075e-03
1.997131711167552623e+02 6.480940987919649388e+02 -7.075716484878527557e-02 2.005391685578827299e-01
1.894703491405732052e+02 5.305201526153042551e+02 7.292801155908211486e-02 1.426541426064571461e-01
1.140003818862194976e+03 2.546405858523702364e+02 6.470718037960096090e-04 -1.604583542532205670e-02
1.041870118511919372e+03 2.817511763099075210e+02 -1.170831459145606213e-02 1.231633081965191438e-02
1.939578651277083736e+02 5.898071632142663248e+02 1.204552704042068101e-01 -2.118151224695683232e-01
1.054460834669951737e+03 2.613578344642630782e+02 -1.648692485629620064e-01 1.425697149153055433e-02
1.895302773438059205e+02 5.839631020587528383e+02 8.595114532807760638e-03 3.479337470653803463e-04
2.595709425358492126e+02 6.318337730394907794e+02 2.694841284868190138e-03 1.151917701583830226e-03
3.641679927543340796e+02 1.098806995648806605e+03 -1.302192579461324343e-02 2.061047301491397265e-03
3.689973117979163248e+02 5.183399476647881556e+02 -4.894419067666307133e-04 4.550886219746671135e-04
1.144904185780046191e+03 2.489974460858921930e+02 -2.499840932224999153e-03 8.204031167741675235e-03
1.971925555665808076e+02 6.193939059864586625e+02 7.507126737602948241e-02 -2.369444488322750564e-01
1.031208102713314929e+03 2.484469397238400745e+02 -5.388999304737934759e-03 3.068653337515237292e-03
2.373263638982014641e+02 3.173672308862432487e+02 4.198566762584596268e-02 1.320832806269999216e-01
3.302932539763601767e+02 5.583076595929089763e+02 -6.891394157436804384e-03 -4.670365201492348087e-03
8.640355153163326349e+02 8.735555849005106666e+02 -6.455753356091675299e-04 -3.413495047883509555e-03
1.044665836496826614e+03 1.856128242103172568e+02 3.033509820505798493e-03 1.722144279228496333e-01
1.942806048873179350e+02 6.127958967865173463e+02 1.012255444304256818e-01 -2.350282982839362877e-01
3.834659438780173559e+02 1.067201246560804066e+03 -2.119513963840731832e-02 3.532607258301879560e-03
2.347876546404811506e+02 3.300859302331939489e+02 6.351446429689677764e-02 2.348144432804268600e-01
2.515741236805527024e+02 3.322634087521201423e+02 3.729129227522663681e-02 2.185893143870339117e-01
2.575477432767335699e+02 5.440661858464917486e+02 -2.863487587004184820e-02 1.034723666839015427e-01
9.662095933648014352e+02 8.522543276805689629e+02 -4.758593384232683195e-03 3.029688477269728078e-03
1.023213608459579518e+03 1.868980164579803329e+02 -1.599254672926168214e-02 -8.713810028979815381e-02
1.200531891947296799e+03 3.665408694758686465e+02 6.463448723690978781e-02 1.038140803928141870e-01
9.921928133987432830e+02 1.679563551130865164e+02 -1.022789205403749208e-03 8.228451050669182733e-04
1.196465609761333781e+03 2.785026709204901181e+02 6.180896927722948769e-03 -1.111667185951021718e-03
2.388824166810516374e+02 3.421489460407830165e+02 6.643509012000005376e-02 2.418293001776858353e-01
1.106607840667270466e+03 2.054616249721136683e+02 1.709092451047842739e-04 -2.420502761914000364e-03
1.914591298281775380e+02 6.054106078885314446e+02 1.038719156060840809e-01 -2.146483299625321917e-01
3.658685686381580240e+02 1.039804008511742950e+03 1.179747010561729009e-02 -6.812941230664634404e-03
4.764540478489304292e+02 4.412726962542239448e+02 1.271957731353043006e-02 -1.288209580768929011e-02
1.260698503347813130e+03 3.853413188788715615e+02 2.988870815991252067e-02 -2.113313272220108344e-03
1.142595262922158327e+03 1.702876786097077115e+02 2.949937483294033398e-03 6.757570033846041491e-02
1.022613992577202566e+03 8.463878811278901821e+02 4.209937444030212306e-03 3.268174980067300637e-04
2.650885360167231966e+02 5.991582897117972379e+02 -4.209298415502200886e-04 2.695585757327544226e-04
2.395429007704803439e+02 7.100297708500214640e+02 -1.317015631985445903e-03 -9.049815522654296911e-04
2.463706231859706008e+02 3.127029170314053772e+02 2.371182146109951025e-02 1.236345791164030622e-01
1.180538514674184853e+03 1.648855164406848530e+02 -1.595442846171251164e-02 -9.435823838071998385e-03
2.997081840118684681e+02 5.116930807192957786e+02 2.968348398766385032e-04 -1.377032884327959207e-03
1.004414160067637681e+03 1.934357492618332799e+02 3.771333716522889262e-02 -1.711940483543770986e-01
1.216118613014775747e+03 3.734027194886324423e+02 -9.276399772193369420e-02 1.251272728345037555e-01
1.805546287518447173e+02 5.105754930198697252e+02 5.225232823279710864e-02 3.155372424562065126e-01
2.722251099367196616e+02 6.478455966340895884e+02 -1.760239532130765372e-04 -6.037808564236335149e-03
1.954738492690791531e+02 6.289756268739631651e+02 9.061114292931186920e-02 -2.331512261587170842e-01
1.108585345167740797e+03 3.335748015462473859e+02 7.179877005021150470e-03 -8.015619157639335482e-03
8.132067202159311137e+02 3.956066065116948494e+02 3.976273106510945683e-03 -1.236952611261225680e-02
1.093448123648421188e+03 1.805366714070242438e+02 5.633608149805290066e-02 1.729424253129463462e-02
1.043109824681677310e+03 1.960910336660618043e+02 5.684094548752396253e-02 -4.302480016916446909e-02
1.131259690605351352e+03 2.280070322400251541e+02 -1.109117348319429812e-02 6.592597183263048354e-03
4.580685590759979391e+02 1.100077556681867463e+03 4.911557373723458852e-03 -2.632854263119592531e-03
1.913734419030922140e+02 5.792842975166752240e+02 -3.931985305236322670e-02 -1.251167978849516277e-02
1.096646061114324311e+03 1.992474349227364314e+02 -9.958329331419747688e-03 -3.043655612381628191e-03
4.223668387631411747e+02 1.084273113166392022e+03 -2.927817695733958211e-02 -6.623630710431924196e-02
1.769044464830666072e+02 5.226256416963777838e+02 1.002150017373348995e-01 3.407294742982892588e-01
1.273173357696540279e+03 2.903578302937069111e+02 4.048126387046391966e-02 -5.817532089758688241e-02
1.285373077043939020e+03 3.484609053915169170e+02 2.612103291642435265e-01 6.198838350326409813e-02
1.925236323768830005e+02 6.237888415174941201e+02 9.949133718054702091e-02 -2.271132338376565807e-01
2.806067999125730239e+02 4.152529883139749245e+02 5.121144357392742874e-02 2.388760560855139881e-01
1.125856183158341537e+03 1.436819441925776744e+02 3.915711967057618897e-02 -1.282930078647837036e-02
1.082507986044787685e+03 2.150649103073359356e+02 -3.606802239323994748e-03 -2.829290757522369415e-02
2.841111529369511004e+02 6.891379676904560938e+02 1.209074723872185749e-04 -1.772984920629225303e-02
1.209854128566675172e+03 3.714505637873313049e+02 -5.161236952652204640e-02 6.887174751490969526e-02
1.866997523983455096e+02 6.017627008708813037e+02 1.043706522706906725e-01 -2.460240539321062736e-01
9.712104625897835604e+02 8.386768719447212561e+02 -1.727812896010303507e-03 3.993999787979029604e-04
4.974635848868789481e+02 4.562877231172987536e+02 2.762996032127956313e-03 2.413458614775758349e-03
1.279653098669203700e+03 3.086767875696917258e+02 3.754785224407014010e-01 -3.616470031862220602e-02
2.550761722563121907e+02 3.083246769070995015e+02 6.074320228634633168e-02 1.946013330998393187e-01
1.137605635035558407e+03 3.238804929570201239e+02 -9.158657872410120443e-03 3.758874823505054452e-04
1.021635752710576753e+03 2.513200625063809639e+02 3.327516210831753252e-02 3.714261752625083735e-02
1.887252980772055935e+02 6.209561621043841342e+02 7.994033830448245281e-02 -2.313459656866391212e-01
2.124590519861571067e+02 7.059139194315139321e+02 -8.457721944067781708e-04 -3.221535399892682099e-03
1.017167502584288059e+03 2.129893673439907786e+02 -1.171751389578802593e-02 1.852857321210336361e-01
1.205109644098961098e+03 3.394050466505475470e+02 -1.978710542733677913e-01 1.929637641742695253e-01
2.075568287646022725e+02 5.158292895888663452e+02 3.579177763895705598e-03 2.301474067451856828e-02
3.178572638652572095e+02 5.077731879706761333e+02 3.372172977935410706e-03 -3.193286772397420804e-03
1.167617395531794728e+03 2.462159315409405735e+02 2.319621147898492247e-02 -4.640418375222261221e-02
2.479682491972192508e+02 3.235148777584641948e+02 1.026351001962553938e-01 1.885222902026091052e-01
1.090996796735856833e+03 1.764768207169728385e+02 8.094937079949932057e-02 -2.127028838224485213e-02
2.353398780444006206e+02 5.833890680591243836e+02 -2.289430553450657550e-03 -1.764679319041020586e-02
3.491839081191705532e+02 1.058658090398479771e+03 2.675749329288113487e-01 -1.511154989483711186e-01
1.225224181977327362e+03 2.368371595735277992e+02 1.517449692142456598e-02 -9.446513424868577952e-03
2.465498416984159178e+02 3.654120379243918819e+02 6.777593652677577074e-02 2.256946987209244582e-01
2.210983781160539365e+02 3.063559503955515311e+02 -9.451039104728474471e-02 -3.416940109406484405e-01
2.322030675949364138e+02 3.208585557832939799e+02 6.569086382591513007e-02 2.473247543493779788e-01
2.425694230693993063e+02 3.152820114845903277e+02 1.989905266395457922e-02 2.271408329625845546e-01
1.183979864193242065e+03 2.938767308758808667e+02 3.996640751015007598e-01 2.380014265629772086e-01
1.278668359055356859e+03 3.385797091817841533e+02 2.406239046111741109e-01 7.288287882362913528e-02
2.447068949019197532e+02 5.552574125387017148e+02 4.204483607814765711e-02 -1.210476673285673238e-01
3.510354369042590292e+02 1.063079000504035548e+03 2.709004792882646062e-01 -1.958718931158151821e-01
6.045227009045390787e+02 4.573371621745472453e+02 6.111087400097290658e-03 2.652834981387455424e-03
9.809455663267847285e+02 1.795877842139751124e+02 -5.181206463067151297e-02 -8.278863009294219061e-03
1.044375642303416498e+03 2.687428670279638823e+02 8.868811539482161777e-02 1.414937167798585860e-01
1.877662485537515522e+02 6.117166794547307518e+02 9.368063717384798872e-02 -2.328092039255935664e-01
2.581920207488200276e+02 3.932911118343776025e+02 5.575595888084696611e-02 1.703950318147169074e-01
6.700456319686260258e+02 4.670044538854170924e+02 -1.538434102424961203e-01 1.374292343415148832e-01
2.492889000441076917e+02 6.728252244363602586e+02 3.544342160326419914e-03 -3.608495895426329196e-03
1.060446811087806736e+03 2.300734854796027662e+02 -3.875585137711148181e-02 1.159591746013893115e-01
2.822515230629888379e+02 4.864903837562320632e+02 -5.712372087173106516e-02 2.385928833729679399e-01
4.772891820771947096e+02 4.510704808101205003e+02 -2.731341001048583506e-03 2.587526025537429872e-02
1.107070849568135600e+03 1.840127145730951952e+02 1.823953858053017213e-02 -3.176364305274753663e-02
2.421467297580797435e+02 6.163550205004499958e+02 -4.363100143691981889e-03 1.279045652786340442e-02
1.118698815114156560e+03 2.247441928230658164e+02 3.189377258494649047e-03 -8.688203175209721976e-03
2.138606822797224254e+02 6.337162590818523995e+02 -9.361155397290968697e-03 1.110137815345805801e-01
5.471977141535960527e+02 4.193063556440480397e+02 -4.150364032255149209e-03 1.518725607987710981e-02
1.101796344628005500e+03 2.289942790087724234e+02 2.303191276651247663e-02 1.417801615210658242e-02
2.428568496128512493e+02 5.284555337593225204e+02 -1.527877964345897982e-02 -2.642236607184173230e-03
1.118535476009281865e+03 1.768441294123121565e+02 -1.216249034537258446e-03 2.370428833178001710e-02
1.175427199095037395e+03 2.877450410711554696e+02 3.147907284647807891e-01 2.630838301923352773e-01
4.642885170364998544e+02 4.536155666793617343e+02 -2.337172900868638228e-02 -1.755097205439299854e-02
1.127005926777465220e+03 3.063744766153786259e+02 2.055449187096516223e-02 -5.291551651431732582e-03
2.389652477873953274e+02 5.347120717351509711e+02 4.719393494828675456e-02 -1.546981608630338366e-02
9.816454605498356614e+02 2.102648845341394406e+02 1.608425667964499166e-03 -2.165477910155274785e-03
1.048502808332231325e+03 1.842753773648123286e+02 -5.524421718928351592e-03 -7.697145294683509220e-02
1.069950723657017534e+03 3.066654124352563144e+02 -2.411165980720852628e-02 2.607518124488819936e-02
1.319563141861825670e+03 3.418837319220377253e+02 2.874593912287810027e-01 1.007516095502808233e-02
2.757575235657484995e+02 5.062728757640984441e+02 -1.053530183721773650e-01 2.386797744672733979e-01
2.336301275076150148e+02 5.305305326107574047e+02 8.070459166260185446e-02 -4.475395387291056237e-02
1.100739267055459095e+03 2.136342336816886984e+02 1.372483944570753074e-02 3.325397058949157436e-02
1.047133805647054487e+03 2.657933230113142713e+02 8.314802460937115169e-02 9.917142313868783365e-02
2.120788625536559096e+02 5.514724409742879061e+02 2.073246474216343654e-03 7.224333134704787572e-03
1.231745219092981415e+03 3.042761379826156940e+02 1.466426396745219574e-01 3.509033368631641475e-02
1.051613595369513178e+03 3.129387358673970994e+02 -2.958145205107452075e-02 5.182623945860700965e-02
1.232700083093319563e+03 4.034414661452743758e+02 8.457111812174389343e-02 -1.171132673485016616e-02
2.677954499332352611e+02 3.012489466866401813e+02 4.589950147037837394e-03 5.698841275842058025e-03
1.141985362491760270e+03 1.489875814991811467e+02 2.570681565899204934e-02 -1.073696910494344528e-02
1.187899800843387084e+03 1.945555335178473229e+02 -7.140441653897748424e-03 4.413384263903551846e-02
1.223006445193454283e+03 3.119680929291151870e+02 1.952142880664376468e-01 9.949684728137318801e-02
1.143701686587578024e+03 3.449755747699782091e+02 -1.042974171302806126e-02 -6.855720237567961874e-03
1.764776517244947911e+02 5.734761587087976977e+02 9.412997769717799251e-03 1.708059925709964899e-02
2.464301551298128459e+02 7.220357074816098475e+02 -5.883226159464970823e-03 -2.199433193485703791e-03
1.174294836149028924e+03 1.897990901087092084e+02 8.303277566824857070e-02 4.843209859130798156e-02
1.906576475170837455e+02 6.400330474825597094e+02 9.842439990004074601e-02 -2.652028251546139082e-01
1.157684172181287749e+03 2.113996309579519277e+02 1.000023171596543109e-02 -1.297443909765200361e-02
2.552401639621125753e+02 3.150732942200485809e+02 5.011158159553914110e-02 2.133643684975974897e-01
5.126051786140803870e+02 4.894767119737895200e+02 -2.853459782604812474e-04 5.522697997961269201e-03
1.220036924598904761e+03 2.909693153764874296e+02 4.883876763849483334e-04 5.725643537702448417e-03
3.056408080042664892e+02 6.349544690822256143e+02 2.634598014880252127e-03 1.062307865054770359e-02
1.134971476064082026e+03 3.543807835074928221e+02 1.227824229628347169e-02 -5.594265924929428578e-04
2.843514319466078746e+02 5.766363034135438284e+02 2.680975116498209455e-04 1.112853500738191816e-02
2.353590308824741726e+02 7.494255906923525572e+02 -1.510689184117937432e-03 1.102373238111908904e-02
7.465253735057550557e+02 9.058587399464722694e+02 2.102607662689851226e-04 -9.933420983827545570e-04
1.100288396513414000e+03 1.669916840588815603e+02 5.117307851652060091e-02 -8.894058121142438267e-02
1.828435409112592822e+02 6.139391032708846296e+02 1.260636009156355652e-01 -2.390804256237402114e-01
1.859709198526925320e+02 6.306362973729065970e+02 8.901887644321596071e-02 -2.614074189756114830e-01
2.183188581374850799e+02 7.277133005137862938e+02 1.437553038358786034e-03 1.842293589642220522e-02
2.737509426867773072e+02 4.761526631428388328e+02 -2.268826121043315824e-02 2.978306453583098867e-01
2.365514968400142948e+02 7.566836927924675820e+02 1.246047949038397128e-02 8.524490306580019203e-03
2.722149906394961931e+02 3.789316720413762596e+02 8.573056569767074919e-02 3.355774537187949380e-01
5.025972081741007855e+02 5.026509136660480976e+02 -8.587152789753341739e-04 -1.267022871771300227e-02
1.184955524935497351e+03 3.645111489899561548e+02 1.377882862640587673e-02 -1.401531351109767953e-02
2.807806181461427286e+02 6.712877479793253315e+02 8.258628685815611829e-04 -8.778163233088099454e-03
9.728935268930356415e+02 8.517513320738370339e+02 6.746476621193171937e-03 -3.464658342091113483e-03
1.047983513525611670e+03 2.145027515845018797e+02 2.628580013685447719e-02 -1.364391648535726812e-03
1.100809386347649024e+03 3.026071355700617573e+02 5.317130294534730579e-03 -3.749079172144687173e-03
2.531709603031752636e+02 7.133139322655182468e+02 -1.000699898994923068e-03 2.116135911181293502e-03
2.411072157107135752e+02 3.246171728347804333e+02 6.800556047928568715e-02 1.354683340591816276e-01
9.111356471273660418e+01 3.742689950841372593e+02 -6.638815415753485105e-02 1.982630268402388318e-01
1.214441252879190188e+03 3.252965127329932216e+02 2.469037803625613314e-01 9.370728217711336849e-02
1.102536656751956116e+03 1.825342334251270131e+02 -1.923262699664867511e-03 4.094721625565931472e-02
1.183955815498497032e+03 3.352136613265512324e+02 -4.419665237097590849e-01 -1.747114688075192546e-01
2.391189310279476956e+02 7.668913454192667132e+02 -8.710698709343401083e-03 -1.358182333722562484e-03
2.619714831471345065e+02 3.348840601183464400e+02 4.860136898934044186e-02 1.641448484427897314e-01
1.162489095763914747e+03 2.861960094609208909e+02 2.669560947599137757e-01 3.193817376437649846e-01
7.555309548408567935e+02 8.939527296736694097e+02 9.725446298362782835e-03 -1.794788053331330957e-03
9.704612891528147429e+02 8.479737030367417674e+02 -3.034722941201550839e-03 -6.448105674573411869e-03
2.489045171102716552e+02 4.060220138048504737e+02 -5.512176591380099633e-02 -2.931220810397495713e-01
2.890492664542497891e+02 4.621867708179271972e+02 6.783061640680179694e-02 2.209791930462979836e-01
2.383938001385473910e+02 3.058550592990376913e+02 2.297933285589619928e-02 1.973507293415104058e-01
1.139484874133715493e+03 1.803675083411223170e+02 1.941742536329900057e-02 -7.181390987057675868e-02
2.717843423329787242e+02 5.798734244710317398e+02 -6.413768526417931194e-03 -6.219734007549376255e-03
2.364483012656287997e+02 7.126001895701342619e+02 1.623644133183633218e-03 6.274280043163717744e-04
2.120069617234929069e+02 7.456088404549921052e+02 9.883921002324132232e-02 1.248829995438602292e-01
1.064738431020306052e+03 1.898881044050896776e+02 6.949940310786079968e-04 1.864793025477369526e-02
2.712216010479934880e+02 4.550097856599713850e+02 3.236387248322321331e-02 2.707108989539132038e-01
1.020432160419856473e+03 2.572730519741975854e+02 4.894223748641779274e-03 -1.167047761625676638e-02
1.153744655057552791e+03 1.464014150044772862e+02 -3.246795595532906559e-02 -8.546524256774205852e-02
1.090844626447440305e+03 2.595398377217493930e+02 -2.118123873121294243e-01 -2.078779671981707544e-01
1.006105940241406074e+03 2.503292886173526881e+02 1.964706978106437948e-02 4.318813276372558685e-02
1.163984686201828936e+03 2.583516544380893265e+02 -6.393214077544709731e-03 1.625580005156350774e-02
1.171768770560216353e+03 2.729659034906686657e+02 4.259718008895745263e-03 -1.493043954120425176e-02
1.192868482680940815e+03 3.854189680299045904e+02 -4.100818507668961832e-01 1.429575435741873568e-01
2.752180674813705537e+02 6.853143730119332986e+02 -4.855640581852406143e-03 -1.653362339098407574e-02
1.174432033393482243e+03 1.495101294144958501e+02 -1.083654844548721276e-02 1.998991044721290869e-02
1.199129565041141177e+03 3.355327011917914888e+02 2.191231375812216220e-01 -1.146357821112944791e-01
2.291786150868500158e+02 6.171852235936136140e+02 -2.812598518887329466e-02 9.711186195046669911e-02
2.617808324516070684e+02 5.241209484188794931e+02 -9.754730977746085829e-02 4.175623554681343053e-01
1.174669828123325033e+03 3.144581736808993355e+02 2.214893653089802794e-01 2.468743321472483543e-01
2.316768275479272461e+02 6.042010947497965390e+02 -7.510213883764192862e-03 7.113209037228540588e-02
2.460026617439172583e+02 3.294685560398864936e+02 6.398606227121268752e-02 1.602867278653210270e-01
2.668905111717185719e+02 3.959174391534639881e+02 7.222577630478221877e-02 2.100139015116419539e-01
2.242616044895645757e+02 5.414685102716323399e+02 -4.495216493177373734e-02 -1.561140241336551049e-01
2.078009907735850561e+02 7.297791007019325207e+02 3.355678843896177377e-02 6.021777219063838976e-02
2.305882041760445134e+02 3.071656409432460464e+02 5.768811731136194026e-02 2.421280643982316738e-01
1.101209426447305532e+03 1.674630937144085010e+02 -1.325855682269171457e-02 -1.372180055950983878e-02
1.095986653479849792e+03 1.881305609586851517e+02 1.400148683377828128e-02 2.631230076435424683e-02
1.017112872222909232e+03 8.402207658744158607e+02 9.156800226244387469e-03 -3.963574286756996710e-03
2.920509771155299745e+02 5.191943234308457704e+02 4.589160013081582112e-02 8.842610616266821655e-02
1.161422668005267951e+03 3.631924837680301721e+02 -1.350726589049427843e-04 -7.042436754064186968e-03
1.137693906327965578e+03 2.025036131243420243e+02 -1.421146055234972887e-02 -7.017195849332962844e-03
2.302508167754390342e+02 5.583137620051625163e+02 6.724102827936435933e-02 -1.693188014519451945e-01
2.438103269732762044e+02 7.362555516665274808e+02 7.057696075327158161e-03 6.702072413654254837e-03
4.261924732798290165e+02 1.093726135226345150e+03 2.139502489804254518e-02 -1.016790293298911879e-01
1.236168076145489522e+03 3.410694868261468855e+02 -1.513418111539266420e-03 3.204800810016017465e-02
2.999351055414226721e+02 5.404387844722389218e+02 7.877447948742677397e-02 1.479885115511603288e-01
1.042990192806780215e+03 2.177410146508802029e+02 -6.371667865753460891e-02 -5.337305590138287370e-02
1.172435899722680006e+03 2.273647007779123044e+02 5.334609409449455469e-02 -3.347577079338883571e-02
2.621329228782435052e+02 5.510391241675558831e+02 6.745031717305967518e-03 3.694960910523525238e-02
9.898413739963031048e+02 1.866742316514697677e+02 6.813972041300075944e-03 -1.850403429036686503e-02
1.188645904442838628e+03 2.421248086238900044e+02 6.449859477252248285e-02 -1.426800416036060892e-01
1.276066521794898563e+03 3.557545466938787513e+02 7.970600991022673554e-02 1.004173641306388420e-01
1.775663587960450798e+02 6.129880696267280200e+02 1.147410429235443674e-01 -2.625908024242929462e-01
8.913195065277972162e+02 9.318382322424214408e+02 1.169975323296424102e-03 -2.816354619699635003e-03
2.421838267548531292e+02 3.256740110687014180e+02 1.509914728991016905e-02 2.005997823894847543e-01
1.020610289184338967e+03 1.764772306453430701e+02 -5.641379452765136332e-02 -5.236197513526974143e-03
1.842447948492211367e+02 6.462647761246914797e+02 5.277908588107702026e-02 -2.731429224558572511e-01
2.234784711901918115e+02 7.137341371809267230e+02 5.610761930302033025e-03 4.154146846047600261e-02
7.531838292169941269e+02 8.451667711984543985e+02 -1.951854339603091028e-04 -1.402561009877375696e-03
2.308829812876493861e+02 7.308007792164161174e+02 5.478892043476666675e-03 3.243419238227206614e-03
2.710431442459737355e+02 3.666203462431096796e+02 6.271800902268116762e-02 1.375146904293812478e-01
1.173329813723586312e+03 2.632572175943475941e+02 5.647746052226578460e-03 -1.593018306524846342e-02
7.479273893644447071e+02 9.163284246268544848e+02 -5.544786614863321181e-03 1.286361212460737126e-03
1.032743441033170484e+03 2.017619473364146643e+02 -1.193360904394629440e-01 5.642898864046991952e-02
1.020141872239971462e+03 2.149377408072883213e+02 -1.402174581367603423e-01 8.995221557328189968e-03
1.038813250715004642e+03 2.531903062368842541e+02 2.799620072207805732e-01 3.489505379989173428e-01
1.168397808817346004e+03 2.131138806875168825e+02 5.807071182466318204e-02 -8.029651158918175990e-02
1.203667420900377010e+03 2.160284054779018277e+02 9.708947997503563146e-03 -1.631600533940666051e-02
1.090990652356555074e+03 3.327800720362347988e+02 5.551066101642473417e-03 -1.200568377536951996e-02
1.085574261407474069e+03 1.617685694229919022e+02 2.560281126128529650e-01 1.521713809513927373e-01
1.226928240157319806e+03 2.797301304407815223e+02 3.249610078619803374e-03 5.369008942206589946e-02
3.064566367784930776e+02 5.568193086566965349e+02 -8.110482506996023744e-03 -6.910629510503828177e-03
1.259780965983115948e+03 3.782814700427941830e+02 7.131478688843602420e-02 -7.480116357107860492e-02
2.148554138508020515e+02 7.002654853763900746e+02 -2.653442635554505158e-02 -1.103168274471070902e-02
1.035057724466116952e+03 2.222785844976620808e+02 -2.405096019951822872e-01 -3.687582873925794591e-02
1.029105807016232575e+03 2.566272136625742064e+02 5.468375948359712607e-02 2.128045455727445301e-01
1.223550093591297809e+03 3.208722346017382847e+02 -3.250573474499472981e-01 -1.348724264206151331e-02
1.312770276822919413e+03 3.295255643654941764e+02 -2.985798375040513708e-01 7.879953298416790541e-02
4.957272329542886382e+02 4.433562621419085303e+02 5.749874096531860934e-03 -8.193485262737278466e-03
2.302992144558330665e+02 5.836929516226814485e+02 -2.009345833641500156e-01 2.264674953031990401e-01
2.092832873660179303e+02 6.492339262802340727e+02 5.350891912242746601e-03 -2.517001895155629573e-04
1.005959089384273625e+03 2.142429295969001544e+02 -3.926213571901371324e-03 -2.468399756793132963e-02
2.814885348756380381e+02 4.224891720096402992e+02 2.318434861122635124e-02 -3.382088779623278890e-02
1.059518216401160316e+03 1.849846834355997771e+02 -2.406240473958121129e-02 3.475039942446637303e-02
9.975735380268288282e+02 2.346593024191318477e+02 -3.051517500855046097e-02 -1.765855638807778405e-02
1.183461853934441706e+03 3.800351044611583120e+02 1.408013568177324260e-01 -2.532526051772876485e-02
1.273553357632818688e+03 3.439088582286846645e+02 2.193972599011382862e-01 -4.508213759872331527e-02
1.979590668548168253e+02 5.401563875342860683e+02 -3.382797380420784605e-03 5.301538708116087205e-03
1.863168630522032174e+02 5.407996149001756976e+02 2.345575894026830435e-02 9.992564721598347355e-02
1.037330261699171615e+03 2.619217638822185563e+02 1.394696939979815364e-01 1.520999180509066961e-01
2.909047447034284346e+02 6.254020240395534529e+02 -9.905013326547502581e-05 4.873331558196300657e-03
2.414367397687498453e+02 2.928989884060295026e+02 -1.103164802713586627e-02 9.188032444984249592e-02
2.586537519318728187e+02 3.379810597224995945e+02 7.594071540499827688e-02 2.273063538835382869e-01
1.033787731769758466e+03 2.587964719492249515e+02 -7.842085504612947289e-02 4.131033709093975825e-01
1.260968656548080162e+03 3.414996249466901190e+02 1.776634361345865443e-01 5.968205155871576101e-02
2.037930527391494024e+02 6.562905306791406019e+02 1.048312688769720454e-02 9.709047117712543001e-03
1.038499647779450015e+03 1.880736594960465879e+02 -2.955475588273967155e-02 9.607575171896019783e-02
1.291492824505743101e+03 3.561209320062489496e+02 -1.864417395465135519e-01 5.555559552206804086e-02
1.265639783128715180e+03 3.611783464396350496e+02 2.402014023182237890e-01 -5.060134229231580405e-02
2.441262291873105426e+02 3.558289797258750582e+02 -2.296593677870258088e-02 1.145875016154715847e-01
1.082673143510845648e+03 1.649168448239829843e+02 2.288256177797814706e-01 1.874971401532395665e-01
1.134984413749855548e+03 2.269449080749858183e+02 8.844256418667943709e-02 2.865162252844383195e-01
1.247460848303111106e+03 3.003687340309323304e+02 -1.279958104776308427e-02 -6.463315629503085802e-03
2.676751868721916026e+02 3.671255956796611031e+02 -3.019099829489846343e-02 2.706094350114682245e-01
5.150017530970998223e+02 5.016178998325930252e+02 -2.814964271337316859e-03 1.147957070885070180e-01
1.069230451040438538e+03 1.615751085451328777e+02 -9.973812922902424924e-03 3.181631293513120795e-02
1.000626448385259778e+03 1.871415998469966553e+02 1.489522863610090973e-02 2.883013968722991649e-02
1.063354693326758479e+03 1.847156600937951509e+02 6.940885931567208726e-03 -4.740730477376473712e-02
1.181246363380358162e+03 2.159962760806093911e+02 6.963044742457782932e-02 -1.481231498825188453e-01
3.990184042372993645e+02 3.400855541170921583e+02 -1.989142837693145052e-03 -9.678561879262850484e-03
9.900710933159526803e+02 2.198599233933927053e+02 -5.160889880760175831e-03 6.966534152106089797e-03
1.148274489439199670e+03 2.816834910605088567e+02 6.079263755565569860e-02 7.142415674981095197e-02
1.266349933034805645e+03 3.529735467872727099e+02 1.862059875961198097e-01 1.978662468904477181e-02
1.821141859596685322e+02 6.294088332891582240e+02 1.174809345604151262e-01 -2.138656297216812163e-01
2.331841378605035402e+02 7.682095488173214335e+02 1.548078394844989471e-02 2.948613562328941326e-03
1.161866799237433725e+03 2.382947514037273606e+02 7.538357690979151371e-02 -1.325686461204941824e-01
1.136400659798223387e+03 2.772573284034087351e+02 2.326109431445102793e-01 1.428464096158517660e-01
1.960401606151159513e+02 5.699956801775579152e+02 1.646143183768959337e-02 6.327513255513855794e-02
2.602576194020156208e+02 6.889316064473671304e+02 -1.034929743224057355e-02 5.129147109162634360e-03
1.099256747001811391e+03 6.452436815059903665e+02 -1.008261941675497143e-04 4.199348015621015215e-03
2.509998274352404337e+02 3.087669702282156550e+02 7.292747456070872158e-02 2.592259750696730980e-01
9.393525122468211919e+01 3.687614066638705594e+02 -2.494897474122679051e-02 2.938966435372505348e-01
2.640418493988932482e+02 3.962449662330227511e+02 3.059467106872186190e-02 2.182340656687308256e-01
1.050338434044375163e+03 1.651744843577100710e+02 3.969577857956588934e-02 -1.387328173943479410e-02
1.012871130976710901e+03 2.295288629392250073e+02 9.213434901504848062e-02 -4.992349942074901514e-02
1.118164589908433982e+03 2.415789554367588039e+02 -3.046723938677410592e-02 6.233495364546667861e-02
1.146631673025785403e+03 2.097743316116450387e+02 1.031971334966404717e-02 -1.596287065927586707e-02
2.710601750505994119e+02 7.419168925917975912e+02 -1.213978030693536186e-02 1.381070244598561203e-01
2.400035572720296102e+02 3.317522710033551903e+02 7.539111122773403673e-02 1.715744729686337344e-01
2.915923158811099825e+02 4.718855529071948922e+02 6.707100316596908973e-02 2.830055721029972604e-01
1.185257498216407612e+03 2.355173985897520765e+02 3.573020084918425432e-02 -7.152424353716436978e-02
1.314045129841550761e+03 3.213298937805445803e+02 -2.611911277849555679e-01 -1.628458495722822849e-02
1.230126684717719399e+03 3.371549453774732115e+02 -2.505173453387215046e-02 -2.947907517074749295e-02
1.242206472835120167e+03 3.877878939503842162e+02 1.435579970971697771e-03 -1.424503514628327194e-01
1.861847058476780887e+02 6.620454650399252614e+02 9.695793660132612235e-02 -1.896143157355154318e-01
2.329480506559848152e+02 2.940537805092185977e+02 8.513848456150333727e-03 1.422289737155255640e-01
1.004644761780961176e+03 2.470631668486674641e+02 2.462149446332219729e-03 1.336966959281433477e-02
1.079494312017092170e+03 2.582288709098442041e+02 -2.894889406851571811e-01 -2.615717039475733419e-01
1.186942367045123319e+03 1.905102051508625038e+02 1.328270427004847598e-01 2.563344231242397839e-02
1.065528064381129070e+03 3.114884011605420824e+02 -1.097844635731538149e-02 1.540178362722599472e-03
1.245634631795281166e+03 2.934513163155419306e+02 -3.390220658805750183e-03 -1.409593882025698443e-02
2.816990641788284506e+02 5.708117862596003533e+02 8.214768874558072125e-04 -2.875932927665793455e-03
2.012085834580510664e+02 6.496634510732332046e+02 -1.687690074113404673e-02 -3.346591455587697578e-02
1.106940361994373006e+03 1.614672659575824696e+02 1.655129126118838959e-02 -2.722681908927983632e-02
1.034723292654271290e+03 1.778109878377892130e+02 -1.057117110041515089e-02 2.417717499256204911e-02
1.168765055625592140e+03 1.600834133233296939e+02 -4.260542559799367426e-03 -2.079168256965959263e-02
2.419163734985331757e+02 5.722622028237685754e+02 4.420136224912393254e-03 9.392918676707853048e-03
2.694821522873325534e+02 4.724845472310980767e+02 -2.988427732368058309e-02 1.660545464564127938e-01
1.071514166337385177e+03 1.553825890137450187e+02 1.517784323190493612e-01 5.601546352915386801e-02
1.141322419657795308e+03 2.412439382325206907e+02 -7.937434214986920089e-02 2.621163753144081232e-01
1.208873290687232156e+03 3.151516234554411540e+02 1.782533774636855736e-02 -2.654081878195576824e-02
1.113478128384055935e+03 3.549844418979683951e+02 1.606563547191533839e-02 -3.344602153492183538e-02
8.649780344359458013e+02 1.102325851271496958e+03 -5.424427949782916272e-03 1.744205836244132292e-03
1.114714022812039957e+03 1.584375747922046287e+02 -5.132516634270918934e-03 -7.397544227136056139e-02
1.119060956205073126e+03 3.214755848352884868e+02 2.312609579290053272e-02 -2.369092964305952453e-01
2.562042657638899072e+02 6.028239921172629465e+02 -4.054563256099404447e-03 -4.748203631689962810e-03
2.304706130944995266e+02 7.102518308732353489e+02 -1.183553022916656108e-02 -6.903788908800834179e-03
2.437610007051864329e+02 2.977648261224454700e+02 3.072618261836623614e-03 2.322682439062077608e-01
1.182009102903089399e+02 4.518244089304282625e+02 -9.132325520519486706e-02 -3.677893755234413198e-01
1.138570491797516979e+03 2.332564125339164320e+02 1.654043512775387956e-02 3.157743234727490855e-01
2.235089717044739643e+02 3.159404736025576881e+02 -8.529569091463666541e-02 7.698835097597130084e-02
1.062541565223652924e+02 3.616951647992506764e+02 5.152551240528898671e-04 -1.156343703792354384e-02
1.659472652630898608e+02 4.807797806226456601e+02 2.429240138707792485e-01 4.824840778198383195e-01
1.134929002061682240e+03 1.828463755655914440e+02 1.611183489176350181e-01 5.533271340056072907e-01
1.113449869859585760e+03 2.524150779123771144e+02 -2.056209495790994879e-02 3.525331134536813238e-02
1.995346446207360600e+02 5.837223726882598385e+02 6.184857721284350157e-02 -1.841915983964810266e-01
1.045636719068716502e+03 1.744518372950281844e+02 7.437915523437171016e-03 -8.382973048171656061e-03
1.033559309448022077e+03 2.305520314202572365e+02 9.722664478465503635e-02 -1.897326224811644590e-01
1.186405388668623118e+03 3.453750300227070511e+02 -4.792994577887528806e-01 -1.597393513176102176e-01
1.284245191087591365e+03 3.658159804653548122e+02 -3.692210119345314956e-01 7.956759122616187396e-02
2.742860114889134024e+02 5.728039498180747842e+02 1.139383967486392972e-03 -1.924013323923645657e-02
1.911845604497382283e+02 6.547162860394961399e+02 -2.405270855755568121e-02 -2.883918675769440165e-01
7.361295648307900308e+01 3.224868296366163349e+02 1.901798472628562359e-02 3.025137372196831098e-01
5.174927378696743290e+02 4.872275634117605705e+02 5.807512503533221980e-03 -6.014575664626893754e-03
7.149813233173733806e+02 4.293681831364091295e+02 2.493901686737477197e-01 -7.410926708663942430e-02
1.027630696387535181e+03 1.639020757654826923e+02 9.680780327296036047e-02 1.287944844119679189e-01
1.020124890944006211e+03 1.827608056303616877e+02 7.606462968579935646e-02 -4.364030014313936834e-02
1.151711786968162187e+03 1.899002895949484468e+02 1.635661175874875486e-02 -8.479225121222032369e-03
1.829534003490883265e+02 6.649265153284255803e+02 9.709174255953084351e-03 -1.518059788137298693e-01
2.777645219309201252e+02 4.805424996130444697e+02 -1.676783545194354130e-01 -9.467947596058649828e-02
2.797021837681804755e+02 5.141422667421628603e+02 -5.566977837972331145e-02 2.725541236854525096e-01
1.042521427701816037e+03 2.377453895880958896e+02 -3.843031078926060357e-02 4.560004007229395140e-01
1.211411029664794341e+03 2.139065453936554775e+02 -2.768377325505753245e-02 3.110735399587270106e-02
1.272001794741401227e+03 3.271640518770910262e+02 -1.798543285746063702e-01 -7.066104160246026999e-02
1.128580959420091176e+03 2.793901921342807100e+02 1.847383105946631132e-01 2.235590192421873790e-01
1.050748448773294285e+03 1.582489152437703694e+02 1.213997709190708651e-01 -7.496070783316907508e-04
1.024050440800051319e+03 2.127517487110428647e+02 5.637657540324249317e-02 -3.870335768575567381e-01
1.126392918549541491e+03 2.864274503628387265e+02 -7.432368824610952052e-01 8.621717346672741478e-01
2.278972911639969823e+02 2.937977116016874106e+02 3.565764864140586604e-02 1.775743312509268090e-01
1.135866910343195059e+03 1.651387449741701801e+02 4.345159999515731813e-03 3.758918841455069493e-02
1.002384929642822385e+03 1.965760116194253158e+02 -2.803612640345350404e-01 4.045303452773175712e-01
1.270458842963253801e+03 3.621979627483389095e+02 -6.011898610955433708e-02 5.330314907086416976e-02
2.404977061206901396e+02 3.646334604768754275e+02 -9.068766485180290715e-02 -3.384549735302222473e-01
2.678654521845347176e+02 4.647754062403028001e+02 -1.045533534178204604e-01 9.146012718386842266e-02
5.588121032055011028e+02 4.385846448541798850e+02 -5.346102262649310433e-03 3.984396635123488295e-02
6.245051258379202181e+02 4.419191695777587938e+02 2.453806447910977795e-02 -4.393962429685771554e-02
1.083938048792219661e+03 2.094454875290557538e+02 -2.999270990820690486e-01 7.453039720145966385e-01
1.166566169855911539e+03 2.183767523708611975e+02 -3.114384362345390400e-02 -1.811646387765595279e-01
1.267393410865694477e+03 3.345913433017195189e+02 -3.847562897081502342e-02 -1.886644496529363835e-01
2.010082152518581324e+02 6.860336135032198399e+02 2.186499428722399330e-03 2.790426500649090258e-02
8.591689741854753493e+02 1.102350310347574805e+03 -3.986058664466440860e-03 2.912850439031444694e-03
1.022395746592328919e+03 1.626206503630302507e+02 -2.727848720408019428e-02 2.169153700994949294e-02
1.075961445307813392e+03 2.077300964003343040e+02 -3.837278982103574376e-02 -5.215954073681435812e-04
1.201814282407325663e+03 2.480728886173733088e+02 1.442096098464086713e-02 -6.206346591928498142e-03
1.182729211106339790e+03 2.637737228318377447e+02 -7.749607818974861388e-03 8.706446979473033559e-03
1.180115951850350939e+03 3.016374877188752066e+02 2.866745540754436772e-01 -1.391459520871800859e-01
2.628804758576101790e+02 5.451612907815118660e+02 8.228886046996801776e-03 -3.406661905899757703e-02
8.559003997772238108e+02 1.102137937416952582e+03 -2.581525338791834743e-03 -3.962238564175398219e-04
1.129287192661484141e+03 3.448952840701626315e+02 4.337859297678343246e-02 -2.475299178051873841e-02
1.219109275506065842e+03 3.639752096923786553e+02 -3.868176461870526800e-02 -1.420091229712820147e-01
1.187980062544734892e+03 3.760249963080172506e+02 -1.700284587015435736e-02 -1.889649704568349964e-01
2.817720312023383826e+02 6.005904807684125899e+02 -1.223679365264729313e-02 -5.422112443779626527e-03
9.263770081198471189e+02 8.581726443255950016e+02 -3.967458218937736092e-03 2.239151893397612475e-02
1.602265390354101555e+02 5.389410172865558479e+02 -4.641115096187867217e-02 -2.450952698975033262e-01
1.026706843160103972e+03 1.789975218302415101e+02 -1.436381108886297941e-01 -1.113360714731842227e-01
1.017804214070142393e+03 2.016580732319994240e+02 -1.027749975116701298e-01 1.426812742568673610e-02
1.193419754170433634e+03 1.835757437582473131e+02 -1.078825922342310518e-04 9.096752506453115172e-02
1.131749579910357625e+03 3.341634124720140449e+02 1.212010181975878981e-02 -1.321529308938369611e-02
9.159120346480134458e+02 8.771016217573252334e+02 -1.507731428118684255e-02 -2.114204586905543692e-02
1.069254438245834990e+03 1.858807716515275388e+02 -4.436729143541621317e-02 -7.238821823489161034e-01
9.943385363570907884e+02 2.239345863770986398e+02 7.453045645869830864e-03 -2.530550775426594970e-02
1.272635520560243094e+03 3.166997185454829946e+02 4.291931496449403194e-01 5.222837567364043039e-03
1.288468817562929871e+03 3.258982498078577237e+02 2.513677603150388795e-01 -3.416228176322988475e-02
1.603651702815632518e+02 5.454255892482456147e+02 -6.252633709438508436e-02 -2.941941902894882332e-01
1.150428493796064231e+03 2.655017056768311363e+02 1.955136412689378045e-01 4.611734462706687521e-01
2.614501052500986020e+02 7.227099608476424919e+02 4.236402025784710527e-03 -2.097196951402483314e-02
2.352884462302208988e+02 3.425690275324103027e+02 -1.587779192566813324e-01 -3.373601737973842551e-01
2.803520798993056360e+02 4.354594905481633873e+02 8.401424121163358905e-02 3.242031524330514225e-01
2.830868781565345103e+02 4.181326163351090486e+02 6.381907284524572510e-02 1.857282667666765863e-01
1.056503876703549849e+03 2.140506973881862223e+02 -7.261647465065834348e-03 -3.002846129029990152e-02
1.198900420571437508e+03 1.795348634737170244e+02 2.304188095665722288e-02 -2.592160762759192563e-02
1.235404203448277940e+03 2.963831425015721948e+02 3.557271408465112472e-02 -6.987147865800125146e-03
2.449914805714938950e+02 7.128236271425864743e+02 -2.560259882049820135e-02 1.282159147034349078e-01
2.773065697276291530e+02 4.289305104005460407e+02 1.211024627411537297e-01 3.616798480793603776e-01
1.127083843255256397e+03 2.067265801963923479e+02 4.074509021122846991e-02 1.967096695384213945e-01
1.286894302720571432e+03 3.165252627709750186e+02 3.766816836143536684e-01 1.891085976018934411e-02
2.512048368881336557e+02 3.015719501944683429e+02 -7.399054096860169238e-02 2.985804040620081423e-01
1.118790444491960898e+03 1.678180428681132241e+02 -2.096802655248097835e-02 2.054478915576396503e-02
1.079020563090636188e+03 2.769678172124239950e+02 4.394458897036201961e-02 1.861183580849399277e-01
1.190587922619918118e+03 3.540719095229128470e+02 -6.771387151880503552e-02 2.486231198796104991e-01
1.155988089653122870e+03 3.733226684639236055e+02 1.996169883454967930e-02 1.695057015886902718e-02
1.140509254065841560e+03 3.805322835282676124e+02 -2.685998786697041396e-02 -2.067086910074067418e-02
2.425946104905779066e+02 2.996319167926005775e+02 1.045932423085145918e-01 1.485034230025072677e-01
2.534150422260369737e+02 3.315640017030053173e+02 -4.576093583864349057e-03 3.788768365154981388e-01
2.564485287101498443e+02 3.674953257968938374e+02 7.996438790641084704e-02 7.798101394631171135e-02
1.131788973811999767e+03 1.679695921672671091e+02 6.083491782289586480e-02 -1.002402538196918158e-01
1.094857869513421292e+03 2.519716367376618962e+02 2.590068231042355965e-02 -2.458614111616595418e-02
1.185679056599784872e+03 1.727350979846309826e+02 3.032868509259450257e-02 -6.293883095331206934e-02
1.183095371002767479e+03 2.254658799900935264e+02 -4.112998684541447902e-01 6.634228016656160687e-01
2.983275179955883800e+02 5.410076133120422810e+02 4.756315098275568781e-02 2.910996853056693756e-01
6.066999168333113630e+02 4.916314799949004168e+02 9.358166596863762851e-04 -3.228498350648578707e-02
1.069505991142007360e+03 2.088385168967699883e+02 2.157870983777835858e-02 -1.445403494437869085e-01
1.052793510623816474e+03 3.163454766229574489e+02 -1.921171705017362188e-02 8.681320371527097290e-02
1.268396972319938186e+03 3.582990424045495388e+02 2.482645354984545916e-01 -1.169902896560680999e-01
1.743200635314199758e+02 6.378751671202784337e+02 1.254563776169940470e-01 -1.227950055666156004e-01
4.701947766448381003e+02 9.416569527530357391e+02 1.241191138670198367e-03 3.429987796891964535e-03
1.596919257316154415e+02 4.802226741399398975e+02 1.801536267265078095e-01 2.129932869746426205e-01
4.970644839119630660e+02 5.020496899391214924e+02 2.797403358465544530e-03 3.361382779939958709e-02
1.030042768348841264e+03 2.238575212851123126e+02 1.934704086073452400e-01 5.001845126147373005e-02
1.091219464569811180e+03 2.848478324058641533e+02 2.033319200537789528e-01 -3.219839396037059709e-01
2.675200685133746106e+02 5.410886739487908699e+02 -5.635669701190408609e-02 -1.346037586718011950e-02
2.329602257716284726e+02 6.787924923448642858e+02 -1.288711429514250925e-02 -5.527792775740181241e-02
2.650860791334735040e+02 6.877764858822235965e+02 9.811439646159669098e-03 -3.609850120938063172e-05
2.491951386480622546e+02 3.163709218501091982e+02 -5.648588218205929934e-02 4.520973092932933923e-02
1.096568402210398517e+03 1.615943141604480786e+02 3.015177235261035094e-02 9.007386458612387514e-02
1.090090726542687889e+03 2.198315425087461108e+02 -4.324747165077269528e-02 -5.732666853731416268e-02
1.167831373118496231e+03 2.793150173422797593e+02 5.794680026428977726e-02 -1.737857547830117255e-01
2.818715869588057785e+02 5.303647926058382609e+02 -4.359042760560782881e-02 -2.803982709284014163e-02
2.348802386867405119e+02 7.044065671516268594e+02 -2.469378284106937826e-02 -1.335547266654941723e-01
2.383538186323803529e+02 7.184216348485913386e+02 1.488613339587629980e-02 2.382854078658169783e-02
9.770315994228764112e+02 8.717982533806808760e+02 2.304893108092187504e-02 -8.102469152589719670e-03
2.480529987837970225e+02 2.876654051621770236e+02 2.497158000878319795e-01 1.349423872985274333e-03
2.234037099577525396e+02 3.054300396869307406e+02 -2.636809846381993339e-02 -2.405014484195172886e-01
1.199154657113947678e+03 2.839290204378461908e+02 -5.992564081066120707e-02 3.162743294573147068e-01
1.275330379428178503e+03 3.089598798977867773e+02 3.036531233541761021e-01 -2.923653139115079402e-01
1.152050543147247026e+03 3.371644457435219238e+02 -3.555316738978338970e-02 1.527706364010062712e-01
1.260986323624952320e+03 3.433459480641729442e+02 2.907156613333275463e-01 -7.258326154175543943e-01
2.742830494663130025e+02 6.745763850635820518e+02 2.430091497351819993e-02 1.455366056321357425e-02
6.254610052328719121e+02 7.593518456082982766e+02 3.363953405103454197e-01 -4.001138385986375279e-01
1.038693526814567576e+03 1.671250353370915036e+02 6.176021567364387010e-02 -6.282702695676789517e-02
1.118800944503959272e+03 1.565534454284135961e+02 -1.593632765127495077e-01 4.985925620781870293e-01
1.057846196328509450e+03 1.826191390859505361e+02 -1.506291825769494608e-01 2.394164549817219267e-01
1.074603322574420645e+03 2.893297583331373062e+02 -2.196477806467100891e-02 -1.095875566591075767e-02
1.264322991083098486e+03 3.230581535551626757e+02 -2.486322651265027162e-01 1.688957332697498259e-01
2.446836129356151162e+02 5.547912866946071517e+02 2.164991616913880534e-02 2.959391691456403350e-02
3.139608067865698331e+02 5.578046321610435143e+02 -1.504071875442036799e-02 1.674929803317581900e-02
9.604770266822190479e+02 1.024644318176958905e+03 -2.697710131388930677e-02 4.178832014360978064e-02
2.467356865634164365e+02 3.321546062105004467e+02 0.000000000000000000e+00 0.000000000000000000e+00
1.062746628014614089e+03 2.018968683548939396e+02 0.000000000000000000e+00 0.000000000000000000e+00
1.124495961492007154e+03 2.168660539586728078e+02 0.000000000000000000e+00 0.000000000000000000e+00
1.111282987538167163e+03 2.340503019251302703e+02 0.000000000000000000e+00 0.000000000000000000e+00
1.088712001541820200e+03 2.863156742367121979e+02 0.000000000000000000e+00 0.000000000000000000e+00
1.222137075576810958e+03 3.197804581027613153e+02 0.000000000000000000e+00 0.000000000000000000e+00
1.268163910814437486e+03 3.455095220283528192e+02 0.000000000000000000e+00 0.000000000000000000e+00
1.216381060690753657e+03 3.729060126612161525e+02 0.000000000000000000e+00 0.000000000000000000e+00
2.438522879285185354e+02 5.416594854060324451e+02 0.000000000000000000e+00 0.000000000000000000e+00
1.822435403517895907e+02 6.296881574958847523e+02 0.000000000000000000e+00 0.000000000000000000e+00
2.386034555569893314e+02 6.920825283021518999e+02 0.000000000000000000e+00 0.000000000000000000e+00
8.247372258823145330e+02 5.681169229508388980e+02 0.000000000000000000e+00 0.000000000000000000e+00
2.455495624643051542e+02 7.286238099183083250e+02 0.000000000000000000e+00 0.000000000000000000e+00
6.293960577574299577e+02 7.563952981706426044e+02 0.000000000000000000e+00 0.000000000000000000e+00
6.176523034245232111e+02 7.654518652732413102e+02 0.000000000000000000e+00 0.000000000000000000e+00
7.072678180064842763e+02 9.311945574924588982e+02 0.000000000000000000e+00 0.000000000000000000e+00
3.816106086450241719e+02 1.084251613609522110e+03 0.000000000000000000e+00 0.000000000000000000e+00
