2.709141424150445232e+02 4.509931521861088299e+02 7.309773390225378364e-02 2.841953762563713681e-01
1.340588002872639777e+02 3.792264698406418120e+02 9.771115900304209144e-04 1.219172824191067962e-03
1.385627330141230971e+02 3.914573967166230091e+02 -3.041526379163461604e-03 -8.739490397861928448e-04
2.921909198693909389e+02 5.193017122868897104e+02 4.807450140942245292e-02 1.775280859345589046e-01
3.055156296881082199e+02 5.383391920672848983e+02 1.864670647756242194e-01 2.505088449445957433e-01
2.669079842853086006e+02 5.194162635726120243e+02 -1.445470963164782394e-02 9.246574209504782038e-02
2.666992267552768681e+02 5.348157009562786470e+02 3.968023548906451925e-02 5.307246936867482981e-05
1.516497429414551164e+02 4.546985383764971971e+02 4.108209745752581903e-03 3.068825493547628399e-03
2.088297620671923482e+02 5.434624667334214791e+02 7.866011742277292593e-03 -1.293982353096304527e-03
2.630402342568451104e+02 5.603037296775108871e+02 1.784384363873522212e-03 -1.408382309685154293e-02
2.078227426668880469e+02 5.479711644640949544e+02 1.654456052798400703e-02 -5.736853873293845316e-03
2.539915711213647569e+02 4.648687844454022411e+02 9.323097392105450781e-04 -3.623072446520954077e-03
2.205069660644657290e+02 2.938346634352782871e+02 -9.453534838180704947e-02 -3.502909237009507182e-01
2.577470233276352474e+02 5.648112005158061493e+02 1.151533214262581359e-02 -3.591103893687332691e-04
2.248708532619810683e+02 3.053009872148350041e+02 -7.532926072706805365e-02 -3.300399935340539437e-01
2.740427365069730286e+02 5.442345612892266900e+02 3.061103215738156854e-03 3.945254538426426309e-03
2.786999370957923929e+02 5.430312467731642982e+02 -4.430994130380346225e-04 -6.148636179776725049e-04
2.268576146075818656e+02 3.302779413141894338e+02 -5.397958498029216401e-02 -2.278171234499686004e-01
2.508410898175020805e+02 5.676323398645224643e+02 -2.366650326269276010e-03 -9.256748403714428614e-03
2.571915536446209671e+02 5.714775679145342338e+02 4.838032044163035998e-03 -9.263997730010154266e-03
2.339329651239593773e+02 3.550436863535858265e+02 -5.815635400087962315e-02 -2.573592272586994190e-01
2.820385519848949230e+02 5.548901412176112444e+02 -5.603507697896525051e-03 -8.604543340209035510e-03
2.024826153157807198e+02 6.407928373014478893e+02 -1.385306834332576120e-01 3.219744020584416333e-01
3.042989330295575314e+02 4.636277999425707890e+02 -1.739212550943938784e-02 -1.318585611123594334e-02
4.585819401178183625e+02 4.516148660495265403e+02 2.458902522898306908e-03 2.899218515176696723e-02
4.629369457276947628e+02 4.466169400164486660e+02 -3.248441360903265088e-03 -7.565220270666063451e-03
3.150309469221299423e+02 4.733368511183174405e+02 3.290677131922796570e-03 1.139065064795107517e-02
3.079599378339470377e+02 4.788580147192348022e+02 1.589845115147859797e-02 -2.090442020503439219e-02
3.212985182003347404e+02 4.730572032217133938e+02 2.287884992631686494e-03 2.365304333273113464e-03
3.246626073573546591e+02 4.864796252576343250e+02 -1.653994615450377938e-03 8.697189670619360742e-04
3.074808564610546568e+02 4.950711940020506177e+02 9.017332307429555202e-03 9.613066991028850969e-03
3.060264757885832410e+02 5.017599614627735036e+02 -1.098156043302888057e-03 2.214884723832935727e-03
3.120163338284731935e+02 5.056836247562486051e+02 6.011404168215547968e-03 2.503001801750934230e-03
3.194334551277949004e+02 5.126655925693042946e+02 -2.708088520445570743e-03 6.834997044269458533e-03
5.651269047443845466e+02 3.875679511821768415e+02 1.052345554326548915e-02 -1.237564612085974465e-02
5.603221089862338431e+02 3.818119493718850208e+02 -8.329231865792451712e-04 -3.336710985962835791e-03
6.456746764400719485e+02 3.846250140462790341e+02 -9.746061771593168138e-03 -1.031304143247559722e-02
5.397491103877586056e+02 4.054965963948063745e+02 -1.202962026691171277e-02 -7.082223455350542332e-05
5.818076820315177429e+02 3.989851181129307633e+02 -2.286571325632646355e-05 -6.468721260039791976e-03
5.488539494037918303e+02 4.025143201694721711e+02 2.743666442383622603e-02 -7.088975737564236212e-02
5.537985870995393043e+02 4.010007745592031370e+02 3.728540283456894915e-03 -1.153677478597478663e-02
5.874853185980780381e+02 4.046249137079663001e+02 2.578642613697060097e-03 2.318344392405027703e-03
5.288538897827568235e+02 4.228637084762161180e+02 -2.368566287125506865e-03 1.278460946080053581e-04
5.909409913043567713e+02 4.120987900249745053e+02 5.826925581397454645e-03 -1.076391791640266037e-03
5.746843494596934079e+02 4.318132948945195722e+02 1.856151734785716975e-02 -1.164104368597697857e-02
4.719638986582787652e+02 4.309170875953608402e+02 -6.649818980064884331e-03 -3.579918324412191544e-02
5.417214990642202110e+02 4.246258351909473276e+02 -1.388774397336496082e-02 -9.913363319155635636e-03
5.767206137881973973e+02 4.214375275649684909e+02 -3.390596104806475409e-04 -6.194868041658614134e-03
5.057177448096605303e+02 4.340229491418608632e+02 -4.225452235136619578e-03 5.302485888904865524e-03
5.826593745719108028e+02 4.276553076141589713e+02 -4.350142396702668529e-03 5.269001576335643859e-03
5.511167640958931315e+02 4.361920110212109307e+02 -3.039301286251672868e-03 -1.251468060544514392e-02
4.957672037968969789e+02 4.438357143123224091e+02 6.824326927939956995e-03 3.137128218988531614e-03
4.788233629089763781e+02 4.461278867418827758e+02 -1.135173110027257225e-03 -8.975115817563755066e-03
5.585987380259474548e+02 4.352938878348130629e+02 1.594246568459419628e-03 7.545225305510386109e-03
6.249949391936687562e+02 4.336334471155495294e+02 5.631400898159251781e-03 1.182060185049472675e-02
5.173833920137432187e+02 4.488573001505928346e+02 3.280574544893206154e-04 3.282279143263059328e-03
5.532278695416496248e+02 4.463410855954473391e+02 -5.123232310072828657e-03 6.617743779545975230e-03
5.266112836007541773e+02 4.511620226238374585e+02 4.294582443116953634e-03 -4.664594959706954737e-03
5.675158779985493993e+02 4.474095947961790216e+02 3.198015174669055927e-03 2.256516115264753115e-03
5.769865378753314644e+02 4.443133945870808361e+02 1.534259201922859479e-02 -1.564579397870433444e-02
6.290610481027883907e+02 4.407466286549044412e+02 5.945203039322231701e-03 3.648426189929770882e-03
5.466633587384485509e+02 4.588116683518310310e+02 4.314987302413244782e-03 6.034502461583900884e-02
4.708525728793850931e+02 4.618595330606184461e+02 1.501603686882831655e-03 -4.062621029337344820e-03
5.837742752353487958e+02 4.500668484172168178e+02 -8.855330249517546180e-04 -4.764537817366225163e-03
6.076906172270638535e+02 4.498416245010669172e+02 -2.156983742374544988e-03 -2.435304284137875669e-03
6.454856355330375663e+02 4.443291120143442186e+02 7.172166189696660074e-03 4.200109104705841701e-02
5.615936853175387569e+02 4.598657331399093096e+02 -1.104872611152037283e-02 -1.543476412886284847e-03
6.244254860781588832e+02 4.521140692878746563e+02 2.300214980048640410e-03 9.622637433377610131e-04
6.078422796064296563e+02 4.560935578568629012e+02 -1.793490026983872183e-03 -6.249244657250065289e-03
5.825694558968538104e+02 4.665547741605544161e+02 8.677316131585786560e-04 5.036369256174566544e-03
5.425396654307601239e+02 4.763858541486519584e+02 -1.097648476604830368e-03 -2.419979122121298804e-03
5.714743612823419880e+02 4.730976969527933420e+02 1.241881525255947912e-03 -5.660023164884730139e-03
5.160829725416366500e+02 4.818312658041857048e+02 1.343633111871845795e-02 7.223874600288240043e-03
5.576996767169996474e+02 4.793287150244638042e+02 1.505367116322592520e-02 8.948577040918830050e-03
5.754940581145766600e+02 4.768210636839343692e+02 -2.273581691527775360e-03 -1.157980172043925407e-02
5.238420459158896847e+02 4.877492638672643466e+02 6.506424894729378496e-03 -1.314366663891486549e-02
5.424644558321137993e+02 4.861466871078963550e+02 6.312505482551701878e-04 -1.382266221800238165e-03
5.820563434571159860e+02 4.883196866036622055e+02 5.191350569993398141e-04 6.324330260456868281e-03
6.065881890870271036e+02 4.852246701478138107e+02 -1.761306655599483798e-03 -3.909772934366178773e-03
8.334343605443618799e+02 3.630167653516658675e+02 -1.705660092643303954e-03 7.314567897064606743e-03
8.280322573204294940e+02 3.708132782394716855e+02 2.918384983727849826e-04 1.446358708986141732e-03
8.155825154949405942e+02 3.874726512052188809e+02 4.686856347100477362e-03 6.537979397990056896e-03
8.358213045099521423e+02 3.963913785812654282e+02 -4.300229824589268317e-04 5.355430793982951000e-04
7.035223629873352138e+02 4.159101607285782620e+02 1.147387148048865414e-02 9.467640746355764775e-03
7.561040142867880149e+02 4.409178888249939519e+02 -1.060499008739349512e-02 6.248870896454286790e-03
9.732688113976272462e+02 1.703996628327661256e+02 1.955011738257528969e-02 -1.326179246280469529e-02
9.854275509273463740e+02 1.723180661919692795e+02 -4.059434798764954139e-03 -6.205229543039672731e-03
1.076029284272339737e+03 1.837633857618471040e+02 5.930353822894869620e-02 -9.821997803387017348e-03
1.129720871951638401e+03 1.966754779061206193e+02 -1.768888875791829046e-02 2.557244058061797568e-02
1.057006501446339144e+03 1.853325896575806553e+02 5.591491846135426130e-03 5.824292092229077684e-03
1.139266662757660697e+03 1.909907352160292646e+02 -8.734989675805973977e-03 8.157607293573319179e-03
1.102316273545847253e+03 1.824354096423680858e+02 2.571922426655459670e-02 -7.461946026749857741e-02
9.795633401286486333e+02 1.985792676123315061e+02 -8.741120701226535832e-04 -8.107490229312277683e-03
9.996017911087787979e+02 1.825753065852943280e+02 6.516284249035307792e-03 -1.574604609536515076e-03
1.146919338008026898e+03 1.779380126148880379e+02 -1.338257906705747277e-02 5.299883289294788670e-03
1.000545882389088206e+03 1.653706983031463267e+02 -7.791421908406040431e-02 -2.614179719225994195e-02
1.060693408431609896e+03 1.955304154299195432e+02 4.500334394003069685e-03 -1.282616631124931274e-02
1.091085196625805338e+03 2.044677775068465451e+02 2.529752137128624817e-02 1.380716547152130826e-03
1.079111912050112096e+03 2.192027257768541517e+02 2.463532233633657781e-02 -2.839581708649106112e-02
1.105337660810464740e+03 2.194620172530800630e+02 1.353534358705780170e-02 5.938895993804777645e-03
1.118310543035156797e+03 2.179740230894054775e+02 2.018324790787803455e-02 1.386503144767900313e-02
1.130953774648465924e+03 2.097227099425861070e+02 1.134917676405832604e-02 1.847382662539207368e-02
1.099012419879759818e+03 2.876468006339054000e+02 7.798752324550033144e-02 2.793408822066956523e-02
1.013541176736312650e+03 2.364576223928439163e+02 -4.224385247137587077e-03 1.515236800283147056e-02
1.149245280484566592e+03 3.108163827918837683e+02 1.772316123930937071e-01 -3.996647851164537857e-02
1.023965087103976657e+03 2.763369123466877113e+02 5.106663174787496760e-04 -8.299090272508143290e-04
1.118605512025987537e+03 3.195264641572482560e+02 -4.980987657182766410e-04 -4.915501425544015028e-03
1.059731944981711649e+03 3.003934047288372540e+02 -4.750837709045551381e-03 1.617161928894878670e-02
1.043551618367778929e+03 2.879119645343562865e+02 -2.373545553252757317e-02 -6.236175595332307808e-03
1.073075845931082995e+03 3.144258049729556319e+02 -1.396739598746562236e-03 5.854188137706418937e-03
1.054719668702434774e+03 3.204159970872199210e+02 -4.901102059053786663e-04 2.678066227746409185e-03
1.078764362026285880e+03 3.226680816612951048e+02 1.051701696348239859e-03 -4.630891592232683836e-04
1.164959406265840471e+03 1.820217069377111159e+02 1.912211907934121755e-02 2.929452965577943740e-02
1.177159555256908106e+03 1.751738000616848296e+02 -1.713216814317380932e-02 8.468110931955428675e-03
1.164881445535875173e+03 2.069879706242721511e+02 -5.197066325398070480e-02 3.460947787931276803e-02
1.182797533538597236e+03 1.863411421883177468e+02 -2.373776262773768207e-03 -9.410579295410125694e-03
1.146769237573681266e+03 2.181195185716694027e+02 1.337769857149180390e-02 2.559241726132256006e-02
1.159390929512488583e+03 2.197209621005567328e+02 7.328270146276151358e-03 1.738803900440864456e-02
1.197392777025010673e+03 2.038281928453477292e+02 -9.986854045956254297e-03 2.171736623436140452e-03
1.192033265172285610e+03 2.272881984600120404e+02 -6.196544395987363570e-03 8.511377932156092424e-03
1.158188121893213065e+03 2.400771191595113692e+02 -1.441787237174571752e-02 1.257829400612574255e-01
1.184377731744841185e+03 2.370468097753258974e+02 -7.161131703088979665e-03 6.199566446878714693e-02
1.200969241877195145e+03 2.291901633718960625e+02 9.086120991777633590e-03 -8.824298884444387037e-03
1.205308539032059798e+03 2.362459866503461967e+02 2.515313684384321707e-02 -7.632341800108361028e-04
1.194692652569307484e+03 2.423768524171985064e+02 -1.803757066676156887e-02 -5.785112062608164553e-03
1.185115572841080166e+03 2.547097993687750943e+02 -2.919669755039586145e-02 2.166571791871976099e-02
1.215669641163927054e+03 2.539546729602433288e+02 -3.162790823184292392e-03 -2.435093829706260014e-03
1.205145236404584239e+03 2.627813361069447637e+02 1.329786070007883507e-03 9.898949587045197812e-03
1.273558883980047540e+03 2.608469613118458597e+02 1.520690528850807003e-03 2.117719555572349088e-02
1.133472197773393418e+03 3.270528529994749078e+02 2.319546570027674823e-03 2.811443044957360679e-02
1.204725192906117172e+03 3.546584276503551791e+02 8.079794187286024748e-03 -2.281720612446892782e-02
1.111530990652986475e+03 3.505270098242282870e+02 -1.975217328217605470e-03 1.136673958376602581e-02
1.205153807593576175e+03 3.925620763815157375e+02 -4.223206462749730210e-03 1.835305476889867405e-03
1.223855118614744924e+03 3.972808894043011492e+02 -4.213421890840841379e-03 2.987041326568176756e-03
2.761058017485993332e+02 5.598426386700108424e+02 8.335682214334552351e-03 9.493194896067777642e-04
2.401263269819842492e+02 3.771819501921550000e+02 -8.647212887687588667e-02 -2.628209313486399856e-01
2.407962241779638362e+02 5.836615906372994687e+02 1.452645793405352333e-02 2.429045168264902868e-02
1.822009274112244555e+02 5.648029609888135383e+02 4.594752439248568632e-02 -3.584025336956844082e-02
2.430719643009790616e+02 5.905753540950199749e+02 -6.740630945914869061e-03 -1.827158942506630981e-02
2.493166933883829870e+02 5.946594413990725343e+02 -3.416765012440012121e-03 2.151873481608446853e-02
2.767627736847757092e+02 5.724594501681790462e+02 -6.366264598981804645e-04 2.607829711418261417e-03
2.928649932455991802e+02 5.764754047928134923e+02 -1.170523771712409823e-03 3.211383208230751598e-03
2.991840433949254248e+02 5.780207102346683996e+02 2.693158641193912385e-03 7.960780293806597741e-03
2.444195777734895501e+02 3.919926587348333555e+02 -7.148845805159899369e-02 -2.813778878098189828e-01
3.172762213823363027e+02 5.363570946202497680e+02 -6.038218353486770815e-03 1.666928550534323497e-02
2.748794399391154570e+02 5.902626989078955830e+02 4.451595031736301986e-03 4.521902290972852102e-03
2.139682951158873152e+02 6.173188780915697862e+02 7.124275803782398504e-03 2.233718496983225395e-03
2.722271035826562979e+02 5.923959526596104297e+02 -1.415152123866387232e-03 -4.033558400322201191e-03
2.338837312195825859e+02 6.131924004583752321e+02 1.738542028740798495e-02 6.773002385072082743e-02
2.779466291090112122e+02 5.931801650670724939e+02 2.780609004811693871e-03 1.966847528108538971e-03
1.486009808857527901e+02 4.787631900665491571e+02 -9.134797213268325278e-02 -2.437859882707247017e-01
2.460695862401871636e+02 4.034863123358701955e+02 -1.054811120862798740e-01 -2.912769230955636890e-01
2.867839166121043490e+02 6.071451224178721304e+02 -1.800216647553150957e-03 5.340853900015015213e-03
2.493947347870013687e+02 6.046507019165541124e+02 -9.595453604962042582e-03 5.685198170241246261e-03
2.800531995160642964e+02 6.012347033083667611e+02 -5.667523379473338651e-04 -3.082361541460429052e-03
2.463981298480088924e+02 4.088575603556942042e+02 -9.065016033497076686e-02 -3.021801664664821030e-01
2.979734299828765529e+02 6.048439267474537928e+02 -4.649855812508936481e-03 1.107175177710337504e-03
2.822753448808197163e+02 6.144336523532169849e+02 -4.189505987980201608e-03 3.729219071371994449e-03
2.384096651416172676e+02 6.240129495633054830e+02 -1.563025339914777753e-02 1.983739227091406432e-02
2.509263314154899547e+02 6.217898055524848360e+02 -6.857478339231131868e-04 5.560907274896338681e-03
2.966801678477397104e+02 6.142917344164510496e+02 -6.111258932972728642e-04 -1.921012080550432363e-03
2.551900056261430620e+02 6.242203751363690571e+02 5.314385542973106176e-03 5.473559800682976755e-03
1.559267785900720185e+02 4.959730257464252077e+02 -9.689256326364985294e-02 -3.024359776214350370e-01
2.273906790224764336e+02 6.295194342073079952e+02 3.074548825094494328e-03 7.641537499907961927e-04
2.417208183630853000e+02 5.095784945852316810e+02 1.082321788399207840e-01 -2.882256176318879204e-01
2.336681211587285247e+02 6.312374093896908107e+02 5.149719337667717223e-03 3.942191976562699901e-03
2.841158005447842356e+02 6.238776613464601724e+02 -3.986783978594794428e-03 5.250848344109844152e-04
2.451711220563098266e+02 4.981780266485572497e+02 1.327864717964393759e-01 -2.582803466973918050e-01
2.429136044356275761e+02 6.295422383886959778e+02 3.199651865472360091e-04 -3.960908801029362596e-04
2.799404402764539554e+02 6.345589005908232139e+02 -3.474948450156090845e-04 -8.236514660316151051e-03
2.996378458667275595e+02 6.303570821292173605e+02 -1.176885184850107180e-02 1.574433361141959475e-02
2.696868868026480754e+02 6.339429373503289753e+02 2.707707746860885806e-03 3.936889299159765376e-03
2.224534180095711520e+02 6.425329160969748727e+02 -1.753778152521848210e-02 -1.381294013409648967e-03
2.847229751067145003e+02 6.383517692673638066e+02 -4.527200227931815020e-04 -9.479040534376221433e-03
2.941666120272126363e+02 6.372819471574681529e+02 1.101168275557643655e-02 9.274535381629705685e-03
2.182339305252743600e+02 6.449942551154185821e+02 7.960915844829976641e-04 -7.734660940368800162e-03
2.374147043124843321e+02 6.421773131097327223e+02 5.522899718427690119e-03 4.625322781261373591e-03
2.584242688591409092e+02 6.397606170684914559e+02 1.356191151524282189e-04 1.907319735080521394e-03
2.649066496158504833e+02 6.403814578406406781e+02 -8.545228782354975924e-04 -5.751228486072403404e-03
2.296502507415297885e+02 6.564209345056392522e+02 2.334016756149443796e-03 3.207452677952910784e-03
2.612684992358755949e+02 6.553316967823571986e+02 2.509459630203147388e-03 2.208401193116730967e-03
2.690445543069039331e+02 6.521941976349869492e+02 8.205665593616141493e-03 2.920830526028283126e-03
2.377074230845818477e+02 6.567054535481199764e+02 4.363607177922257906e-03 1.115173414618338653e-02
2.909156485833158854e+02 6.526196500265879195e+02 3.625607143724569881e-03 1.418179618235401339e-03
2.741775170150723397e+02 6.583706284683019021e+02 -1.963988197533610494e-02 1.395626036884717140e-02
2.488553874843715050e+02 6.621584013444246466e+02 -6.159381033988116589e-04 8.771743612850747829e-03
2.562751252821370826e+02 6.668295129918645898e+02 4.129712599459390773e-03 1.326416866167128700e-02
2.474434032762831066e+02 5.451740943020860186e+02 6.427428202187114581e-02 -1.505758748074417785e-01
2.087185962997787669e+02 6.687401770057796284e+02 1.119483105851418886e-02 1.546035459729396336e-02
2.281241597458534045e+02 6.689179965769679939e+02 -2.763875997842016752e-03 -8.274409454529767921e-03
2.619445901102321841e+02 6.695942425495405814e+02 -8.374803824241021377e-02 -1.557062060172024753e-01
2.696119779240333969e+02 6.665514933464496607e+02 -4.243330722083060898e-03 -1.317450750060954884e-02
2.448453828312645157e+02 5.512791567307506284e+02 1.103648259946712895e-01 -1.361966769153401258e-01
2.000237043785787421e+02 6.921064589827858526e+02 1.068316978876957934e-03 1.090244549188157386e-01
2.289385645645947989e+02 6.723261830576435614e+02 3.124181559274860978e-03 1.807214488579093328e-03
2.379749310874766763e+02 6.800925055427612733e+02 -7.914401158571855027e-03 -6.451903857875756695e-03
2.462017276254193803e+02 6.839653863797133226e+02 1.138549371266957960e-02 -1.500377814520584014e-03
2.101720323178211345e+02 6.882317154030790789e+02 1.209329247105538248e-02 -1.973712491482981345e-03
2.251381661379556078e+02 6.835415687282143153e+02 8.111018824057183172e-04 9.093859965525219816e-03
2.174601521484017894e+02 6.871059210996505726e+02 6.190689754726627636e-03 9.125846990513093379e-03
2.840148922653970089e+02 6.823781396718792394e+02 4.158157700077377904e-04 -2.197015705719692832e-03
2.339267987049630051e+02 6.880012563996070867e+02 -2.895201678079569515e-03 3.609435386343954472e-03
2.418364848472205040e+02 6.918461119672142559e+02 2.815298308545430284e-02 2.127222099896262063e-03
2.028082976483652828e+02 7.104787864687685897e+02 -1.144973990673607035e-02 1.286051725332531537e-01
2.156304384064613373e+02 6.931832622335858787e+02 -4.752577875506469097e-04 -3.145147493694254361e-03
2.232305803624144289e+02 6.945175191436753721e+02 1.369999146395328021e-02 8.312471061252395613e-03
2.780810203386270700e+02 6.883297995248292409e+02 2.975440727289757267e-03 2.796695944859025305e-03
2.519442295229862907e+02 6.935946577004880282e+02 -6.516522069599693049e-04 6.587812425001211055e-04
2.683262592073724022e+02 6.936301845038753981e+02 -1.136952776782958804e-03 -5.138558983819868772e-04
2.750854206143280862e+02 6.955522420355450777e+02 3.391396922479701214e-03 -3.062218069765162195e-03
2.604354789081675108e+02 6.996222088466003015e+02 -2.650217473664684149e-03 3.808719998973498447e-03
2.549929768509138626e+02 7.018383611742705170e+02 5.905787058296281880e-03 8.373429637789615116e-04
2.456610029076099977e+02 7.017817376989645481e+02 5.272836582497237440e-03 9.155547329145979560e-03
2.489877476516561501e+02 7.069217149914990159e+02 3.236808324979475928e-03 -1.416697633846574281e-02
2.699572907169092559e+02 7.042606603536743251e+02 1.473878714933215357e-03 -1.035470540678079011e-02
2.584903098852872745e+02 7.070686951035590937e+02 -5.625618759897253393e-03 -1.214496492459129703e-02
3.240853418746336274e+02 5.440281232918675869e+02 1.146989846539059159e-02 4.432533259429226151e-03
6.043263976599578200e+02 4.962357341445419365e+02 -2.109317204599955170e-02 2.828898886833814200e-02
5.856389025487727622e+02 5.529845237448940907e+02 4.434822246992424777e-01 2.087982522483976533e-01
2.622755376030600587e+02 7.114248574069855522e+02 1.401653424397976497e-03 -1.725406273650907304e-02
2.185763434372089478e+02 7.163903667431391113e+02 4.632277260148301087e-03 -1.236129988571051455e-02
2.658895061554666768e+02 7.111250138374011840e+02 -3.651606658604465618e-03 -7.838304989407711941e-04
2.516721591959823172e+02 7.146422516374464067e+02 1.912494107962951556e-03 4.189755914530275921e-04
2.146404460049321301e+02 7.267039352514962047e+02 1.406376782335770452e-02 3.997310767110910656e-02
2.267479143954766982e+02 7.210133554421948929e+02 -3.077206993640233326e-03 -7.567460354008821201e-03
2.463541508972594158e+02 7.178393851504969234e+02 -4.417782017123155630e-03 -6.224343500859126112e-03
2.217115160981360873e+02 7.247467653904362805e+02 -1.450636689449340440e-03 3.881976827590796764e-03
2.487481786159131047e+02 7.186641210128881312e+02 -2.425865352538460543e-02 -3.118993198247923399e-02
2.130806495434845829e+02 7.395946462323139485e+02 1.005705906927158513e-02 3.699633597603107366e-02
2.347435145788873001e+02 7.249459621887672256e+02 -5.232844785893467875e-03 -5.163271204092906297e-03
2.417498734793742301e+02 7.236843025723715073e+02 5.531836772496715078e-03 -5.234803367549226844e-03
2.159522839878725051e+02 7.620178117355601444e+02 -4.332344506580473441e-04 -6.021718210156382436e-03
2.460269585275929103e+02 7.285046651851038177e+02 5.610739899690777611e-03 4.667838371954819050e-03
2.631871688580843056e+02 7.272231659651869222e+02 -5.061755104698517464e-03 -1.024343086989106498e-03
2.194525258087151656e+02 7.353476449965049824e+02 5.178387052065189407e-03 1.346284117729206441e-02
2.551746953202399766e+02 7.295338703371545535e+02 -2.414125813899518566e-03 -8.497243223706561766e-03
2.380806426201936290e+02 7.356301766476944977e+02 8.746526015010606600e-03 4.269609179530535134e-03
2.168774080206043209e+02 7.484572567961697587e+02 -2.204976350084296779e-02 2.315180141718514370e-02
2.300762728891286031e+02 7.454971368955654043e+02 -1.342064302748147532e-03 -2.870717201840487093e-03
2.454359004048082227e+02 7.437497447163386823e+02 3.597997946594704878e-03 -1.301945348116911004e-02
2.405280280912921285e+02 7.474410209985242091e+02 3.381576644782475528e-04 -5.173236539042924340e-03
2.560780516116854528e+02 7.449930429439472164e+02 1.797140733115460721e-03 -4.144076167008144303e-03
2.518385989823016473e+02 7.517579799551783708e+02 -1.372514573388923347e-02 -2.300344377040841593e-04
2.434751670183914030e+02 7.541422108275327219e+02 3.626218050340407686e-04 6.170234818106416080e-03
2.328454209376622259e+02 7.620978567841575568e+02 5.418242445838674336e-03 2.582451309916283973e-03
2.481361809268016998e+02 7.608360827097138781e+02 1.566396776355802193e-03 1.692991257848664582e-02
2.417688451130537715e+02 7.609142588322025631e+02 -3.595638984782370626e-03 -1.101283450253450272e-02
6.343627576754624897e+02 8.220288120552000919e+02 1.032641829577205265e-04 -3.543818345586277922e-04
9.124047904649403335e+02 8.059458128118614013e+02 -2.745892715411443297e-04 -1.905124949446124501e-05
9.943234529112271503e+02 8.002991081810471314e+02 7.087413881735490917e-03 -6.315232496186437908e-03
4.599454881981758945e+02 9.415544496862554524e+02 1.232014454753069808e-04 1.238471419637249640e-04
7.177661506307616719e+02 8.705481830683206681e+02 -9.883097945300443367e-04 2.053725248991681608e-03
7.424507276284084583e+02 9.043548763335033982e+02 -6.130883176508790389e-03 -1.944747263660426967e-03
7.290217256587399106e+02 9.140248356583507530e+02 2.970868038377969520e-04 -2.355617886130200855e-03
7.462167682429781053e+02 9.094531029072853698e+02 -1.634072291256073815e-03 3.405899000176984721e-03
7.334796861473954550e+02 9.160547059125855185e+02 1.921380583194329944e-03 1.898861915744626131e-03
7.063706274148645434e+02 9.276452605126308981e+02 -2.194498153290390038e-02 -3.791245074098291423e-02
7.273364428610934738e+02 9.342164745573379605e+02 -5.697010590667991696e-03 -2.290960031571260668e-03
8.826857392487870584e+02 8.481657594771629647e+02 2.123257586943212271e-03 2.577393229895539976e-03
8.866498010339457778e+02 8.524042248168377682e+02 -3.117026935097053780e-03 -2.337066490287437008e-03
8.675234369392453573e+02 8.806137198204617107e+02 1.347674379752617684e-03 1.795244154008926582e-03
7.555907987490766118e+02 8.936109511043156317e+02 1.026004064483053728e-03 -3.932513381570997349e-03
9.956033519318698382e+02 8.130509848003043771e+02 -4.325105319149896710e-03 7.248267489313944476e-03
9.537762615123311889e+02 8.144826436988881824e+02 3.515078900129605549e-04 2.028538803551557627e-03
1.013446476539823266e+03 8.093217685255222023e+02 -7.782396243823818359e-03 -7.795219508032927942e-04
1.017736123116128056e+03 8.135174973229502484e+02 -1.333093518431467499e-03 -3.848433051202711404e-03
9.615722059324341444e+02 8.193163310009363158e+02 -1.182162962085259389e-03 1.739938042759388162e-03
9.712534007390373745e+02 8.153085967912322758e+02 5.127722350428682956e-03 -2.435857446677332748e-03
9.931192571256812016e+02 8.184721652585888023e+02 2.990741469765867151e-03 -3.441959721136741111e-03
9.317039057122723307e+02 8.217415153133991907e+02 5.868223813278367930e-03 4.170220439368902028e-03
1.029045706991646512e+03 8.189654925753080761e+02 -7.812880716067024597e-03 -1.605142072987903856e-03
1.038296962017737314e+03 8.267926688980019208e+02 5.688699708256049481e-03 -1.814282407515225518e-03
9.848146986919085748e+02 8.300696489133789555e+02 -6.641978319443846146e-03 1.049596726464768412e-02
1.062656368631828855e+03 8.275700710097599995e+02 8.235568089514687731e-03 6.961786491608631597e-03
9.333090239120429032e+02 8.295160290450872935e+02 6.131168733795315517e-03 -6.274655259579111862e-05
9.691879369325366724e+02 8.309707967387187182e+02 2.101888718163878733e-02 8.373865191306142236e-03
1.029248267230040028e+03 8.279251743808903257e+02 -8.229856795156089214e-03 -1.458871674923228542e-02
9.231496319464125691e+02 8.333569029418017635e+02 -7.894230489225742510e-04 2.944932878047592031e-03
9.903331795382396194e+02 8.302969972083695893e+02 -7.184906345371766360e-03 -2.271664850031631516e-03
1.042632666892241332e+03 8.306700338965213177e+02 -3.093915322427948523e-03 5.523295387158015830e-03
1.024218016716920147e+03 8.403325445822978281e+02 7.751333637270813384e-04 1.811000622717078706e-02
9.567308676727890315e+02 8.418207246371227939e+02 1.449705810403942871e-03 -2.618484702606614731e-03
1.029764277809445502e+03 8.431207248681862438e+02 -9.095593603885867434e-03 8.796906281951700005e-03
9.338840279617717215e+02 8.448678518267340678e+02 -1.297927434761461836e-02 5.050755174433205381e-03
9.848123710163688429e+02 8.461730982017079441e+02 -1.076104983274440638e-02 8.130166304540850306e-03
1.050910337274759058e+03 8.472625144928059626e+02 2.032875424093969104e-03 -2.172278295839388720e-03
9.360948689500635282e+02 8.532670153160953532e+02 -2.270141047751446286e-03 6.786701724716313021e-03
9.875989321702762709e+02 8.508539408470958278e+02 -1.588743902910812883e-02 -2.359648691931217485e-02
1.053799655272198379e+03 8.532889982791532475e+02 2.143823071102617280e-03 4.597262317875532717e-03
9.414383614721378990e+02 8.599126464527530516e+02 -2.416041761897317654e-03 9.053068813387870348e-04
9.063924008669883960e+02 8.618963629847991115e+02 9.590914768290360881e-03 -3.037132450949324436e-03
9.226557169245719479e+02 8.638890249503471068e+02 1.916229046294840380e-02 7.018930080752541420e-03
9.923041549209095820e+02 8.610661781548266163e+02 -5.468255631131292184e-03 1.273191275638982682e-03
9.583663791185992977e+02 8.648361412345028612e+02 -2.050735894125963518e-03 3.291090704222072571e-03
1.028505279985620746e+03 8.594247994159427435e+02 4.625053996503561589e-03 1.197591051751296237e-02
9.008847594705256370e+02 8.717497565562165391e+02 2.804466922806667702e-03 2.908824204077613274e-03
9.275386869020758240e+02 8.713255846969748291e+02 7.375116718907124072e-03 5.335899144823781290e-03
1.036687641718863915e+03 8.653367286676234471e+02 -2.993541726939361308e-03 1.167250368251476940e-02
1.027511585435114739e+03 8.687419998416019098e+02 7.796856422405338801e-04 1.950657472893863563e-03
9.205429717291758607e+02 8.782024094143287130e+02 2.257841871175181661e-02 2.100892174347349962e-03
9.563977192161678431e+02 8.851727087007770933e+02 4.507605307855672844e-03 -1.133574933145393808e-02
9.212564484590692473e+02 8.913977115642877607e+02 -1.310244520065752304e-03 6.123207066894288154e-03
9.575665439082823696e+02 8.920434403200417819e+02 -2.107446281966662057e-03 4.947321718469259097e-03
9.067501508688599188e+02 9.236092399933907018e+02 -1.011404076137134176e-03 9.146176729900887346e-04
9.002436019879188507e+02 9.278361004462361734e+02 -8.314120403917180883e-04 5.290750009925711093e-05
7.289644370530152173e+02 9.414841481182310190e+02 -3.362860001184254585e-03 -1.568925446178474252e-03
7.291011606563380383e+02 9.593220913290302860e+02 7.958128554494101102e-04 -4.007695309180442020e-03
7.355842825608543762e+02 9.655564416335568012e+02 -1.841337564810195974e-03 1.893350022336256567e-03
7.278492418131341992e+02 9.763190528562516874e+02 -7.320406618659809584e-04 -2.286096911658736831e-03
7.365981501389144341e+02 9.738216767291949054e+02 -3.927647204782621021e-04 3.610523670483354089e-04
7.290577554005275260e+02 9.822259096326174586e+02 7.338196888598092632e-03 4.290349076678458447e-03
7.088684882844620461e+02 9.909969443564091307e+02 -1.593686494919046908e-03 -1.261962369514125885e-04
7.149089667314674443e+02 1.011698434391552496e+03 -5.630777199210587917e-04 1.342532644167197895e-03
7.049179093918600074e+02 1.023709743663609629e+03 9.798992282446423747e-04 -1.450770136156648770e-03
7.855203277476293806e+02 9.415882907745454986e+02 -4.664172270613652430e-03 1.025286839253094703e-02
7.916842612051121932e+02 9.426776373675003242e+02 -8.268755250742963747e-03 3.041157777173307541e-03
8.077771746870629386e+02 9.420817311479024738e+02 -3.888491905528179671e-04 2.959914274225807981e-03
7.827491740184606215e+02 9.499266201030236516e+02 -5.564932542634635007e-04 -7.004164023266576389e-03
8.088644602307567766e+02 9.506624307669806058e+02 5.204051578002151035e-04 2.558511766749526576e-03
7.898657478110288821e+02 9.532826555685162475e+02 -3.002999121885394692e-03 -3.205680130525315197e-03
7.719589469193452942e+02 9.570702980231232004e+02 -1.626123355538423940e-03 4.318276186572037376e-05
7.732473571842074307e+02 9.616057015594534505e+02 4.794277873344018198e-03 5.845468236963492163e-04
7.511970692930015048e+02 9.611967251155223266e+02 4.256816281796172406e-03 -1.293622105377511319e-03
7.603298718393674562e+02 9.631344354987243150e+02 1.781309064487533386e-03 2.596332006055715631e-03
7.635751124204191456e+02 9.651204260683904295e+02 2.351893905057241257e-03 1.538017846397982981e-03
7.503729459680500895e+02 9.698321005973906495e+02 5.433766517138891201e-03 3.456155708869965474e-04
3.706008343185942522e+02 1.067211352889014279e+03 -4.668060563127966918e-03 1.880602795293694063e-03
3.784079768157125727e+02 1.077345124351790446e+03 1.003274227641308240e-02 3.568140262177171059e-03
4.003170109328078183e+02 1.067488866111266816e+03 7.071729396945538844e-04 1.169964418657868689e-03
3.652370030787577662e+02 1.088623497742899644e+03 2.715092319179028373e-03 3.738259058187701905e-03
4.047700020886076686e+02 1.070809561065860635e+03 6.254368177568460536e-03 2.675442464878149528e-04
3.836492808089965934e+02 1.085041121736828472e+03 2.054188956871897190e-02 8.510631720855149282e-03
4.113272827579572208e+02 1.077239663019328873e+03 1.172099506763092631e-04 -6.362666985283020648e-04
3.761827142413252432e+02 1.090486352963953095e+03 5.766364677568990883e-03 1.558989498303477736e-04
3.787289929937776378e+02 1.097274876434354155e+03 -1.090788397097790761e-02 4.362451190229308697e-03
4.094883817845333169e+02 1.089374888928755354e+03 4.789968755901689683e-03 6.519466182575036489e-03
3.959865578290151689e+02 1.093103529602740309e+03 -4.823030812100105764e-03 1.924824688409565790e-03
4.265718185308358557e+02 1.069589413495746385e+03 4.395830015042601047e-04 3.560351556368932273e-04
4.331673435470846698e+02 1.083847568753349151e+03 6.319038565006038504e-05 -6.614735823787479697e-04
4.446580857360004870e+02 1.091957507960267776e+03 4.913314461413221439e-04 4.546578686563632239e-04
4.486602601449038161e+02 1.096962975069358208e+03 -3.111257234201554502e-03 -4.243779951267324067e-03
4.816756310375564567e+02 1.099098430674571546e+03 1.004831659324646341e-04 9.910344736944903289e-04
7.044898391190190523e+02 1.036428496711640037e+03 -6.993563866978214051e-05 1.609204334952232492e-04
7.518468199830984986e+02 1.067666037320656869e+03 -3.567193248678035816e-04 5.518340661043597949e-04
7.456312525947164431e+02 1.071432121993541614e+03 -7.796309346461627798e-04 1.113739179025755954e-04
1.312569989231422198e+02 3.252939314774397985e+02 6.475247903358874631e-04 1.412838268552690313e-03
3.172919141170484636e+02 4.992410513263768053e+02 1.759131945445994299e-02 -5.571755663461520382e-03
5.051401719177222844e+02 4.341257484457577789e+02 -3.193697034224343007e-02 -1.799706288747669053e-02
6.291684528580332199e+02 4.594055710209404424e+02 3.404580121263964081e-03 -9.309508088452924865e-03
8.096539858748737970e+02 3.557266497594301313e+02 -9.651883014898300249e-04 -3.638762863253719188e-03
1.158840484584776732e+03 1.767343646767722873e+02 6.029322061758108503e-02 -7.907719773798831120e-02
1.163268951133739392e+03 2.049395802944388265e+02 -5.484412286831333132e-03 -1.538297065450797314e-02
1.067109014446195033e+03 2.498026227394202579e+02 8.718799264457710585e-02 -1.419659646550926746e-01
2.204706146977638355e+02 6.145227293217055831e+02 -3.518183737095668256e-02 9.958095759491986110e-02
8.507367796452086850e+02 9.314948625485648108e+02 2.838228322049178597e-04 -2.805106947114314304e-04
3.724918650261830066e+02 1.063077561587388345e+03 2.654433884817360145e-02 1.695331286426081385e-02
2.586882793260514859e+02 5.036176929103590965e+02 -1.042911804723629654e-01 1.713585840307577102e-01
1.084115991745172778e+03 2.287337245835461772e+02 4.108346178493928538e-04 -1.245328265066282265e-03
1.172037868285646255e+03 2.450860325200233092e+02 -4.503376126341110224e-03 9.064396396179336471e-03
1.236153491617586269e+03 4.017005628921308471e+02 -8.579506669937670207e-03 -1.348102894278968393e-02
1.004781243822173792e+03 8.334485295528360211e+02 -1.699642527101012483e-03 3.897256102647750960e-03
8.997169698984245088e+02 1.102245398467944597e+03 -3.372193064384227442e-04 4.899769135000938596e-04
1.126742685702797189e+03 2.423422113206096355e+02 7.419832096576722651e-03 1.549591239117319857e-02
1.026723402548730292e+03 1.977821966164526657e+02 -5.701571774013002719e-02 -1.813154770801314597e-01
1.164314522074782190e+03 2.466913109951893546e+02 8.141003609620887796e-04 -3.958363557313365928e-03
1.152736105409099991e+03 3.734519801738008482e+02 -1.960657262079711430e-03 3.385369062521089486e-03
2.161275841346574111e+02 6.586599573887905308e+02 1.972910334733015694e-04 -1.116205001764710445e-03
1.004773176379055826e+03 8.464886940253113607e+02 -1.239114161849597280e-02 -2.615930069602299263e-02
1.175435769759620371e+03 2.309502244062914542e+02 -1.217772251495919354e-02 4.031118970420486357e-03
3.009791894633331708e+02 6.391846774564364750e+02 4.855077198376510708e-03 2.481150011609351610e-03
2.713612325256656277e+02 5.604032718606856633e+02 1.577896137256695405e-02 7.866347587019565865e-03
2.819881427129902249e+02 5.641042323791783701e+02 7.666181664920615306e-03 3.367664530643277396e-03
2.555215745221292423e+02 7.081277610010716899e+02 -9.400735543110976021e-04 -1.333459639921433281e-03
5.002452049131647414e+02 5.200291661707406092e+02 -3.758852350894231753e-02 5.251153635033731226e-02
8.248069227199366651e+02 1.102287166730432546e+03 2.295665172927203004e-04 2.077590102314865979e-05
2.761175812161359318e+02 4.793538349251160753e+02 -1.030683682143820890e-02 3.120205945484701981e-01
2.256069265559863197e+02 5.451084415412466342e+02 7.784832436271729716e-02 -2.158880496424917320e-02
2.616871935803889073e+02 6.795708310600508639e+02 -4.721299757711046557e-04 -5.374247603242002756e-03
9.601440248038285290e+02 8.461336962469994205e+02 3.822122819832936193e-03 -5.423399840657282906e-04
9.498109535350548640e+02 2.480437121910747180e+02 7.028716822657257376e-03 -4.743211417386329273e-03
1.124958176132263816e+03 3.425106113373460062e+02 -1.909265657798074525e-03 7.176321629268242810e-03
2.257969158414642550e+02 7.565575927549562039e+02 -7.448796797735151957e-03 7.168132177155550157e-06
2.582318710827487394e+02 6.793482542617390436e+02 1.397802184539663787e-03 1.304493910509174235e-03
6.018151114019264014e+02 4.884618219821740581e+02 4.512148007479751632e-04 3.515010722465642268e-03
2.203609017418918654e+02 6.323917070384537737e+02 -4.221470560528168756e-03 -5.918426887713547704e-03
2.789685968735897745e+02 6.519390386874165415e+02 -2.860078265148286521e-04 1.499490377838837716e-03
5.371451550526409164e+02 4.212627427002379363e+02 -3.170392869089307120e-02 5.955890288979133300e-03
3.009483945163313479e+02 5.183899453714501533e+02 2.060417911912615016e-03 8.204532151883468100e-03
6.169589531989729494e+02 4.843688303970437232e+02 -5.898233274232516591e-04 2.297028071055110909e-04
8.112371842535873157e+02 3.641244972825384707e+02 -9.802144445957580807e-04 -1.456498661925684484e-03
9.201112956715293194e+02 1.102309031209311797e+03 8.894398301249160791e-04 -2.685914483346086862e-03
5.347182199683587669e+02 4.553523972980799499e+02 1.690105399999614934e-03 2.084537293869586239e-03
2.081591274137816470e+02 7.216783648329130756e+02 2.250402805703086845e-02 2.998991317617134833e-02
2.230820988228797148e+02 7.647380333442379197e+02 2.786943903068599127e-03 8.279813726137872504e-03
1.344961463182974626e+02 3.992121188970369872e+02 -5.616868128167497136e-04 1.148527994150011326e-03
1.150501000204524416e+03 3.362282072762436087e+02 -3.723499550350163785e-03 6.277996302214482703e-03
1.069053923712109508e+03 1.541256005698509171e+02 1.326164014149701920e-01 -1.228527298218979741e-01
2.884001070745839002e+02 5.719867782755391090e+02 7.026142511227761490e-03 1.907767423683640745e-02
2.332655615516819694e+02 6.674871668056799763e+02 -2.027198865417121146e-02 -8.996976197700446570e-03
1.719749304096547746e+02 5.824376277526852164e+02 1.028251653268749633e-03 -2.061314827731414081e-03
2.417679268945617821e+02 5.461618663959701507e+02 1.256443713674410545e-01 -1.740961976335006767e-01
2.007040535607479512e+02 4.589805311727793082e+02 -1.212065934060101418e-03 -1.938012672544100730e-03
7.875059024134244510e+02 9.610307437943400828e+02 -2.538902013753559488e-03 8.045487788224070470e-04
1.008335992328517591e+03 9.275507541552990460e+02 5.591377546689988657e-04 3.627467493461694246e-04
2.704509943893340278e+02 4.167854012591182595e+02 7.005894292922278110e-02 2.769331250234404740e-01
9.183120779354691194e+02 1.102600780742406869e+03 8.613225162896402491e-04 2.227897178470649979e-05
2.806340704131191046e+02 4.115499268522360694e+02 3.811915835344487080e-02 2.131615245749763077e-01
1.068160452084043982e+03 1.970659080962945211e+02 1.622471757715886545e-02 -5.400273003106808786e-03
1.076597025727801565e+03 2.113994293790494226e+02 4.986337921684818458e-02 -6.019267313509413936e-02
5.040152753582950709e+02 4.523170227035962512e+02 9.681613516144046006e-05 -7.988588173334662621e-04
1.202391550111529114e+03 2.049301565027713821e+02 -1.189972874483756493e-02 -1.152353331025436720e-03
2.721173236550386036e+02 4.117455031395486458e+02 2.889350596349783348e-02 2.338119468195989925e-01
1.113760498271472215e+03 1.625846681932842728e+02 2.123161216573493312e-02 -5.673100204349323245e-02
1.097709149207052178e+03 2.975632496161562699e+02 -1.500389878712289106e-03 3.486919062266839037e-02
1.296857271109264730e+03 3.664246117548708526e+02 -1.563778563096174495e-04 5.784271601510113971e-03
1.045027409785866894e+03 3.134918676788081484e+02 -1.620853975224361906e-02 2.100770390387257658e-02
2.296427500070147119e+02 5.253165420385902280e+02 6.293278733167399427e-03 -2.356228423984410569e-01
2.353096176279581186e+02 5.642065161560561819e+02 1.086893568375050384e-01 -1.426744712090486089e-01
2.109964838596104926e+02 7.167584007453690447e+02 9.104879251351453290e-03 3.729925520222328317e-02
1.185966314496759651e+03 2.090558132884222857e+02 -5.157515890912259433e-03 1.129410171077860521e-02
2.874204734801178915e+02 5.529706452663633627e+02 3.298713217192795425e-03 -4.757580501134698811e-03
2.090517956998426143e+02 5.315280880076609265e+02 1.105542495402556946e-01 -6.819902470295904733e-03
9.530920655409864821e+02 8.648826846436252254e+02 -5.140801719543524120e-03 3.843184571940915992e-03
2.766050310604795186e+02 6.131272064745245416e+02 -1.520442669562492143e-03 -1.694203715180382175e-03
1.170126089138075713e+03 1.718769483289632092e+02 -5.671234189659377870e-04 -2.032433591835180412e-03
6.355431543096462974e+02 3.921489177466884257e+02 -2.157436923099420676e-03 1.658872170499235590e-04
2.270384202579163002e+02 5.347583902797289284e+02 8.600672104767236731e-03 -1.720638032844770404e-01
2.177697805843007473e+02 5.572978154058504288e+02 2.095236207271755635e-02 3.302667260297789415e-03
2.759109256661831751e+02 4.469119942816074627e+02 5.896885876086344069e-02 2.897620142502703167e-01
2.151318215078724450e+02 5.237989031462788034e+02 5.075370009956990669e-02 -9.302826317053532190e-02
1.136939012560268111e+03 1.449934860277169548e+02 5.954202831455206353e-03 -9.141074437358797950e-04
1.005661467954130558e+03 8.528883721834815788e+02 5.765144366991404971e-03 -2.894801273923533935e-04
2.273430798432281676e+02 5.598861362422686625e+02 9.375929194102934627e-02 -1.261633435350156818e-01
2.283110376355376445e+02 7.720853340995638519e+02 -4.179790062195398747e-04 -8.664494542958575685e-03
4.968662041368976929e+02 4.769453210805598928e+02 -3.056715303208164085e-03 -2.184040606483778448e-04
1.040354988518412711e+03 2.989550118937215757e+02 1.140896285169624644e-02 -1.872629117131133919e-02
2.374643601536984647e+02 5.564328497108883766e+02 1.279733039934789207e-01 -1.398688764290740849e-01
2.976923080172833238e+02 5.633334652041152140e+02 9.915252203573701999e-04 -6.629124028933963643e-04
1.217980530937368712e+03 2.180107342717371068e+02 -3.865267703617118484e-03 -7.385143404490582784e-03
1.171998287604874349e+03 1.440640761006727359e+02 7.788358822628903798e-03 -2.920724736023513814e-03
3.378044011020244852e+02 1.080989664129791890e+03 -9.626575653192836687e-03 -3.890406379009663830e-03
2.687543689912342302e+02 3.986333860843989214e+02 3.103597800483979402e-02 2.226468444518046041e-01
2.766139946807629713e+02 4.020256609934650669e+02 3.648123250592289618e-02 1.977212307802325431e-01
6.435412935642279990e+02 4.580613250458701486e+02 -1.078270428642513724e-03 -3.523735417515901037e-04
1.173394397532765197e+03 2.151361657219607082e+02 -9.798456389735112765e-03 3.694008775720093556e-03
3.136302533540886088e+02 5.580630561132045386e+02 -3.785972279056205522e-03 1.482478634764195597e-03
1.264362149684303631e+03 3.007819448530132149e+02 1.656802900049007127e-02 1.153076847170534172e-02
7.524979511832942762e+02 9.146094605956931218e+02 -1.038114317028353793e-03 -9.519891650440270381e-04
2.331545940839388038e+02 5.264275609652232788e+02 1.167590376838257768e-02 -2.359631037184708735e-01
2.775673092819328645e+02 5.798566115602940272e+02 1.677234782244111169e-02 -1.030060222185376524e-02
2.863506203372141954e+02 6.466592297610806099e+02 4.410716444788879628e-03 -5.323902493192591298e-04
2.416882443150752806e+02 7.712622420693954837e+02 5.178423919766495312e-03 3.391398534918693437e-03
2.342344937694925022e+02 5.520369802175426912e+02 1.309921077614627505e-01 -1.457262696253463774e-01
1.035851617474644399e+03 2.369889969371202767e+02 -4.888570778379884053e-03 1.700481620411219488e-02
2.987652125611573979e+02 5.277856504368397736e+02 5.406737311045504979e-02 2.790159901313278290e-01
1.118144533220413905e+03 1.686592020646318986e+02 5.004895309869398373e-02 -6.230000482404753070e-02
2.164400142958632500e+02 5.688341688821783464e+02 2.619593766610110036e-02 -1.694497674801190845e-01
2.236356408251266714e+02 5.768621319738450666e+02 1.126946998474224609e-01 -1.652418082877039618e-01
1.154676078988034760e+03 2.479496533162259766e+02 6.293710993723285185e-03 2.522271174130271808e-03
1.027433605571905900e+03 2.824569317788896683e+02 -2.492252907487535560e-03 5.749326872697422056e-03
2.642404494118184175e+02 7.461091260114025090e+02 -7.229119363391265859e-03 -3.650632864872310930e-03
2.356157241537052016e+02 6.848696660381305037e+02 -5.765502503249022789e-03 6.010725603391057353e-02
2.685430489322124004e+02 3.818602716309380867e+02 5.980162371153231043e-02 2.334946385990721573e-01
1.256710670626199999e+03 1.893387232418569397e+02 -5.470634040080983931e-03 8.564850001917955966e-03
3.150973080532645554e+02 4.937997900289825566e+02 2.269020058400377047e-03 1.009704815339323471e-02
2.474474094879011830e+02 5.808628849980209452e+02 5.784865901035507636e-03 1.011210155767984509e-02
2.043329635213494555e+02 6.467825991052956169e+02 -1.531566709099950983e-02 -2.223275957375772313e-02
1.043222612399259333e+03 3.064452155343100799e+02 -5.013231236904571592e-02 3.286874350332443656e-02
2.702637505533788840e+02 3.706366025587655031e+02 7.293336391830625154e-02 2.422468412512342739e-01
2.826590693277105970e+02 4.888130219909556899e+02 1.387146678700169541e-02 2.479657486870369965e-01
2.434515760105399522e+02 5.157012609214229997e+02 -6.640538315650644507e-02 -1.767419125976202599e-01
1.065060145223073960e+03 3.330770708077379254e+02 6.871870241591768484e-04 1.581926001015087528e-03
2.263707801433683926e+02 3.181956859184506925e+02 -5.416295325609793432e-02 -3.015973919664152181e-01
1.089771579615460041e+03 2.275523660984302694e+02 -2.929011002581346362e-02 1.668302030907144878e-02
2.540027422201322338e+02 3.688617508970849030e+02 5.453541124933281026e-02 1.911617371727798442e-01
2.179978507010021929e+02 5.844950002074305075e+02 9.688957825848108774e-02 -1.491900983568865136e-01
1.111480908907190042e+03 2.328548135109762711e+02 -3.593013774396168654e-03 -6.470498785129639129e-03
2.109213381663869882e+02 5.650269799299119313e+02 8.834461842109879448e-02 -1.725766597894157206e-01
4.133006375018394465e+02 1.095337134781578925e+03 6.918481715720280548e-03 9.458925389264892861e-03
1.066861424456022633e+03 1.625837929577290879e+02 6.241191588274112682e-03 3.964592692299636744e-04
1.007391774208253992e+03 1.747297693991147298e+02 -1.714852152831306542e-01 -1.759623711215837771e-01
2.129299519118000887e+02 5.750253802637809031e+02 7.239877950561778019e-02 -1.659137486538424522e-01
2.675593290305542951e+02 5.533038077769698475e+02 7.809040570612857043e-03 5.658702323590561294e-03
2.751912770518608227e+02 4.684732839214170781e+02 1.547199374606924964e-02 2.693517496281479517e-01
2.632594978568733382e+02 7.031533448573715077e+02 -8.220759596138865061e-03 9.151114773550205568e-04
2.545497495729212005e+02 5.777614887073596037e+02 3.068658468978051855e-03 -3.266615059460761458e-03
2.709045257764780104e+02 5.690080717412362219e+02 -7.202161401541598042e-03 -2.223170494376333281e-03
2.893641296618824299e+02 6.195257926145180818e+02 2.488241064124208091e-02 9.652518304593772636e-03
1.084705164728441787e+03 2.720140872565672225e+02 -3.355556798162592225e-01 -1.609000068842530162e-01
1.039399751912845431e+03 1.847186658879921879e+02 -8.440121577918808377e-03 1.214149893131977048e-01
1.023737127811972073e+03 2.130180307859977518e+02 -3.569106046700423751e-02 -2.160091958749930235e-02
2.590972277257089331e+02 6.104302934728679020e+02 -1.391897902499069847e-02 2.988354347626182538e-03
2.103703919356644008e+02 6.601789640246444151e+02 -3.013585606531491747e-03 -7.475727667171964963e-03
1.123890657665733215e+03 2.255747496872023419e+02 3.229356463908957670e-02 -5.598057210759624369e-02
3.020617882884196774e+02 6.223964329350411617e+02 5.099203162372008269e-03 2.138734623472508638e-03
1.230645713288386560e+03 2.856693298377486485e+02 -5.594427520641642552e-03 4.980740353639613247e-03
1.144857418033712747e+03 3.776618524949436733e+02 2.065117447432385234e-02 -6.424732871830701741e-02
2.425659546175286607e+02 3.521788859612245233e+02 1.102477603795409301e-02 5.350485982482568181e-02
1.178710245915416635e+03 2.530980494737530080e+02 4.325586363541666576e-03 -1.178923429396708245e-02
2.926288191999738046e+02 5.423569464882763214e+02 1.310488154028365514e-02 5.579453291507924934e-02
2.621425821156256575e+02 3.646776241979570159e+02 7.291054115375493472e-02 2.185008812120507737e-01
2.673938935001684172e+02 3.556031535046037675e+02 7.674192325175500928e-02 2.340902550429938556e-01
1.235553328554948848e+03 1.326998927218301105e+02 1.203314759282371168e-03 -3.360997822748758128e-04
1.032923099411767680e+03 2.239958360811677949e+02 -6.612656386150234100e-02 2.669896827642803117e-01
2.175725883732675925e+02 6.016959845455177174e+02 1.319329290726946047e-01 -1.484453579250197830e-01
2.422498265479037798e+02 6.727212785071457120e+02 -4.466192813242291990e-04 -1.958545555841719778e-03
4.824708602101137558e+02 4.764132814424069124e+02 -3.614568363620338995e-04 1.438425400161996107e-03
2.140251527843315387e+02 5.942668815481031288e+02 8.606287294907161156e-02 -1.348650202213964866e-01
1.036659784609157441e+03 2.718504210613548366e+02 -2.642610529816069587e-01 4.328799481743806910e-01
2.593934894293043385e+02 7.207412805289911830e+02 1.789603309275392313e-04 4.038798241491475816e-03
1.200265823265295012e+03 3.654256515328720525e+02 6.167315273063254250e-02 -1.315733437940042327e-01
2.063023184680110660e+02 5.754355499092300761e+02 7.835337696557267972e-02 -1.634394947889447336e-01
2.530834397879237940e+02 5.038221124982480319e+02 -4.790659059395661890e-02 1.085296665154227569e-01
2.064903987850683222e+02 5.878842478262373561e+02 7.995912867513911559e-02 -1.395567068559884216e-01
2.106312638243059041e+02 6.073607745471321095e+02 5.964336834319110270e-02 -1.665749190299975202e-01
2.582811733352062333e+02 3.837134370518099331e+02 4.332023321037417607e-02 2.181079935856586327e-01
3.059939367815740070e+02 5.663537901583041503e+02 2.036722211856964622e-03 2.193983915154909959e-04
1.160862681893859644e+03 1.987417177387308413e+02 1.181243470396922159e-02 -4.062551235225662222e-02
2.709966937013514894e+02 4.796857105183746626e+02 8.360448059785075686e-03 2.905650404121520314e-01
1.049253716051300216e+03 2.032676288718913327e+02 5.020933782492026376e-02 -6.235792499410589690e-03
1.122736316245381431e+03 1.745077601345813036e+02 2.725302326872665847e-03 -2.433038422790366299e-03
2.206563345573089236e+02 5.600918001522213672e+02 1.128671063433936556e-01 -1.617396535821891967e-01
3.874299770623984500e+02 1.067555513525673632e+03 -8.532454626148511592e-03 2.521894280845918788e-03
1.205157566454172184e+03 2.231406487587713627e+02 -2.581032608383460394e-03 1.071501049393803594e-03
2.544958276772111674e+02 6.904261128339991274e+02 2.160877416283744738e-03 -2.141626863074787626e-03
1.923141721364890486e+02 6.821118497144411776e+02 -6.408577569793252882e-02 3.213843861945784863e-01
1.958637522580864641e+02 5.321332791387928864e+02 6.718052645290564784e-02 1.325326295580335966e-03
1.139899148557225999e+03 2.560132684467142781e+02 -2.318063851071831914e-03 7.304539296234449815e-03
2.010888346313013244e+02 5.723601505365737694e+02 5.318738573801973235e-02 -1.618445361397095883e-01
1.053409399229554310e+03 2.645655927081397749e+02 -2.939692330890934270e-03 1.600030041252878746e-02
1.855820718679620143e+02 5.814998488168517952e+02 -4.295982258359729022e-02 -1.231210218172308635e-02
2.599213442025666154e+02 6.319033693796927764e+02 2.691251177210607273e-03 1.840775092220907783e-03
3.671432615363724494e+02 1.099327512628568456e+03 3.221194987180232144e-02 6.815912575825452784e-03
3.689149401957678833e+02 5.182211594907638528e+02 -1.473715307726575999e-03 -4.619933724375142122e-04
1.145155068218627321e+03 2.476665802813506332e+02 -4.483067030193551195e-04 -1.223717378847048558e-02
2.047577902450061629e+02 6.026025215974957518e+02 6.273111519912859257e-02 -1.517838685747437411e-01
1.031154193852604976e+03 2.482099012178728117e+02 7.450266351961455516e-04 2.465826463340853921e-03
2.436535688561225186e+02 3.387701763310008118e+02 6.490616096572278393e-02 2.086196054427672253e-01
3.307011633361877330e+02 5.577793665999503219e+02 3.090008371395699775e-03 -7.404972717440029377e-03
8.654331703635547228e+02 8.731649287962917469e+02 1.074643476366274331e-02 -1.585906191036370308e-03
1.035196521759880397e+03 2.068027683552236056e+02 -1.279146331330841546e-01 2.104683527541649501e-01
2.019568172792896519e+02 5.962266921531860362e+02 6.812322172210695526e-02 -1.398258764114823915e-01
3.845155514856414811e+02 1.068075687885488605e+03 1.151203482803758033e-02 9.155792202526042214e-03
2.592816572628462950e+02 3.567258035190098440e+02 6.358044731600931421e-02 2.138083102793554846e-01
2.634673948607007787e+02 5.451824724237487771e+02 5.775951501070744620e-02 1.305127070188428703e-02
9.706465426544140200e+02 8.479365265881424421e+02 4.289084794910794085e-02 -3.999034204726664016e-02
9.923553329564157366e+02 1.673160682561573083e+02 3.142065454311489345e-03 -8.329564074786318870e-03
1.988762431566050850e+02 5.849777578443612356e+02 6.603406721142963953e-02 -1.751738419834104610e-01
3.651999337388286335e+02 1.040467898547162122e+03 -4.791377840560791419e-03 2.351657731174097883e-03
4.735389168953712442e+02 4.417031710548271235e+02 -2.758998567596036844e-02 -6.556834255629027377e-04
1.021343097918842659e+03 8.456616695718965957e+02 -1.079559932713891612e-02 -2.711878941991332191e-03
2.393808056367631139e+02 7.091704401623359217e+02 -3.490218943790969214e-03 -1.125408745368117365e-02
2.543747754443705276e+02 3.369259122289581683e+02 6.291139295572831247e-02 2.205132477438529193e-01
1.180779247629245447e+03 1.654350917574644768e+02 2.446868990397555246e-03 1.096411388030166419e-02
2.996968006101635638e+02 5.117478638718604316e+02 9.982286944862851959e-04 -2.600063350058971507e-03
1.004436042745221471e+03 1.701492865400308006e+02 -7.093051239494478459e-03 -1.896441781308686181e-01
1.216245284690771314e+03 3.728428198640891651e+02 -1.150294679424441379e-04 -3.150549992804682533e-03
2.728540119691298287e+02 6.487210309424252728e+02 5.583935225937095362e-03 1.064198270445094845e-02
2.024060622099982254e+02 6.091671593337571267e+02 6.510763695985949395e-02 -1.667384783871649345e-01
1.108051569915157870e+03 3.338842930577819743e+02 -7.191249516764211536e-03 3.774339452727327668e-03
8.133127843484485311e+02 3.959684627764270886e+02 1.019515263656013346e-02 6.218254697261732175e-03
4.584613670731147295e+02 1.100478844938045995e+03 3.748709312848143467e-03 6.480770282016489435e-03
1.097791870911748674e+03 2.002975682029907034e+02 1.158629578344741798e-02 1.066663472557246445e-02
4.225348669056892845e+02 1.084366016013683975e+03 2.205543885183785125e-03 -1.062679006177985364e-04
1.273293513605470025e+03 2.754259188530479037e+02 4.340587944589420488e-03 -1.109924270855586759e-01
1.315812861041664746e+03 3.498034414206607039e+02 2.666021682167469820e-01 1.376373240688819055e-02
2.000470473474877338e+02 6.055382165463535102e+02 6.511674425169559910e-02 -1.679662871698655580e-01
1.211018657698545667e+03 3.713627362601691857e+02 5.158118425819032543e-03 1.619263947243370673e-03
1.947768621964646059e+02 5.832976431800461796e+02 7.083012460138703170e-02 -1.644720543298771598e-01
4.972478861236577927e+02 4.565575672854126310e+02 -1.694243592455655072e-03 2.517668190787142411e-03
2.610551144065869380e+02 3.327466896316433349e+02 5.602495507821740606e-02 2.231007012666129108e-01
1.137703309335832046e+03 3.243045276425266366e+02 -8.347645810921099693e-04 4.400627621807286054e-03
1.969285278668281478e+02 6.021218384464533528e+02 6.724837941536684904e-02 -1.676215238088819004e-01
1.021241652253493612e+03 2.402773303414190309e+02 6.076923464100371375e-02 2.365997738390834548e-01
1.183121106973062524e+03 3.499577003501817103e+02 -2.028702045385585573e-01 8.301325153343605545e-02
2.073735952591650573e+02 5.143062351695307370e+02 -1.783100756954478184e-03 -1.377758400815197286e-02
2.341856118302675327e+02 5.853839998606367772e+02 -1.984666635528603562e-02 8.789560779371523996e-03
3.501777345463542019e+02 1.060018376616448222e+03 3.037966998888778566e-03 6.603767168848892304e-03
1.224561222221597291e+03 2.373624661806028655e+02 -6.850099513688085243e-03 1.005843823821552657e-02
2.513963414267836356e+02 3.811150277592287239e+02 4.872604254838713844e-02 1.394176271735381722e-01
2.392075907399954247e+02 3.460718722996014094e+02 5.985374999035863314e-02 2.286939791528010968e-01
2.491546101648898741e+02 3.396292880743282012e+02 7.262982699118894492e-02 2.231290289956814887e-01
1.311897575332304314e+03 3.367774669859095411e+02 3.089518000235492168e-01 -2.687576344637233536e-02
2.515312447564226943e+02 5.384164052445577227e+02 6.730005672365688141e-02 -1.406339656422221640e-01
3.519428746138700603e+02 1.062872798336317828e+03 -8.855549665310205251e-03 -3.379236967655760947e-03
9.764674465409008235e+02 1.850260224363209147e+02 -2.733747591342550881e-02 3.633101567314156455e-02
1.059104822421711333e+03 2.732395360395153148e+02 1.091698102459394276e-01 6.064984181107049843e-02
1.994048791928981927e+02 5.918179648520990668e+02 1.001327309365156876e-01 -1.809771533388246645e-01
2.640262325222722666e+02 4.245694568234711141e+02 5.765106916831006650e-02 2.768517275765691732e-01
6.610141401947811346e+02 4.913208292778031705e+02 -6.848451151856491115e-02 2.178758253034921433e-01
2.493664299355570222e+02 6.731554817398581463e+02 3.457047819368442220e-04 4.462623109462935007e-03
2.705076223338458021e+02 5.092730405690948032e+02 -1.068609336086094319e-01 1.982697017480773705e-01
4.777881726313757440e+02 4.472376874473875432e+02 4.596548151431478248e-03 -4.259063335431639841e-02
1.106026442932427699e+03 1.867075537840192112e+02 -5.674662459530664844e-03 5.987558639617418521e-03
2.413587307452197877e+02 6.145234455613049249e+02 -6.173824729349726079e-03 -2.670169363009020774e-02
2.148199430727783010e+02 6.345165745505685209e+02 1.211388964586119880e-02 6.387888095468727094e-03
4.645571387726905641e+02 4.535953976280632673e+02 2.150937581531463944e-03 4.765724034328259681e-03
1.070402466254089859e+03 3.055637965929159918e+02 5.046022109133832881e-03 -1.243526307898054975e-02
1.099634541072369757e+03 2.160400746086968695e+02 1.064814509120851896e-03 4.266279409877216100e-02
2.153736023568431222e+02 5.500243413100893122e+02 3.378207686398638360e-02 -1.048977680968258934e-02
1.232733755802917813e+03 3.004812024914953099e+02 1.202077148843840211e-02 -3.969379155297068917e-02
2.681834266893860672e+02 3.004661669050727824e+02 -7.035811334391144653e-04 4.407275808599177627e-03
1.184723131278893334e+03 3.112101649492827278e+02 -3.407552035496539955e-01 -1.473181633280609519e-02
1.143711803140784014e+03 3.456593456361694052e+02 1.921443909728929179e-04 2.485279723110593066e-03
1.807156010086285960e+02 5.726967104316694304e+02 4.742477044692659793e-02 -8.956471138345018304e-03
2.466865129671366788e+02 7.225699062694105805e+02 1.317614692662136570e-03 5.495281581600034056e-03
1.179126674826698036e+03 1.874497123054690633e+02 2.205864362284244359e-02 -2.202144378912355982e-02
1.947543179405461444e+02 6.197119931776032900e+02 2.251899475586503427e-02 -1.770536434613485810e-01
1.158255866746089396e+03 2.106371936196700290e+02 4.738011228894693436e-03 -6.318728549874180062e-03
2.609954282443731017e+02 3.388448482433483946e+02 4.997439564837184711e-02 2.067151328672329480e-01
5.128761886031682025e+02 4.956054423160078954e+02 3.227491375856282162e-03 5.974526218906620056e-02
1.134932081922458792e+03 3.553653750542165426e+02 -3.025466864526174266e-03 1.437807260566727370e-02
2.354850521210684349e+02 7.500418997882509302e+02 -1.355924770831113020e-03 3.290422367016806581e-03
7.463623946275881735e+02 9.054645856555903265e+02 -1.752720175951964950e-03 -3.425540523493293774e-03
1.944354251447763886e+02 5.918878830307695580e+02 1.125818328414720654e-01 -1.874447521380939174e-01
1.929031666506593297e+02 6.112128268566228826e+02 5.412196347632482890e-02 -1.755048691820167428e-01
2.356522839839296068e+02 7.567262487258846022e+02 -8.148299563146672864e-03 -4.536559985783944829e-03
1.183139149448273429e+03 3.695322294789183957e+02 -1.823126104855504401e-02 3.796580589379301013e-02
2.807498423273477783e+02 6.726723774268475609e+02 3.126692973752358431e-05 1.281489748520029878e-02
9.734045341768197659e+02 8.526049087822415231e+02 7.283049164796169539e-03 5.626767058425676156e-03
1.048484587783172628e+03 2.291170421715240195e+02 -3.051325411271848045e-02 1.937628104110056537e-01
1.101657596437007442e+03 3.067426806619185413e+02 5.650136285936187969e-03 3.863868920904570819e-02
2.533916822877689583e+02 7.121823990803810602e+02 1.802643590827071986e-03 -4.045486268152293820e-03
2.478659535852662259e+02 3.515998012531640029e+02 6.391654351564075853e-02 2.288683806133675613e-01
1.118998210313404940e+02 4.025726712931735278e+02 2.057789997453740583e-01 2.566776648319962773e-01
2.399673409393790280e+02 7.676471171563268854e+02 3.287612510407294207e-03 3.790173906975156850e-03
1.200781900296876074e+03 3.055013787893403787e+02 3.614275702579836658e-01 1.453534245762971300e-01
2.892746902136374274e+02 4.905570429166079407e+02 -3.842436617648812593e-03 2.497223205605825780e-01
2.709773209058054135e+02 5.754060804164689671e+02 -2.471085397227362149e-03 -4.132814846808075676e-02
2.116623469323015456e+02 7.465155159920192318e+02 1.375744213892136567e-02 1.355343081541215446e-02
2.645700117186677289e+02 4.851013519655413688e+02 -7.221384522574680886e-02 2.734998211531047274e-01
1.162692530248279127e+03 3.548766761900859592e+02 -2.534449768231910038e-01 -3.042885519869821809e-01
1.175142609544650213e+03 1.474735876127261918e+02 4.032884086074215065e-03 -1.612744989654767841e-02
1.212607198134939836e+03 3.453430790553236989e+02 3.540107520150241327e-01 2.722583959216428595e-01
2.084978007557758701e+02 7.301831158146987946e+02 9.004468552022179117e-04 4.120366054482051121e-03
2.339463867800373009e+02 3.311045506688066098e+02 3.895361696293808684e-02 2.081892403038140549e-01
1.095725938317942109e+03 1.881522844844332383e+02 -1.369394946309647303e-03 -4.922568397001941300e-03
1.017133316043184323e+03 8.407139334479902573e+02 -2.230774654633770841e-03 8.473945307253299281e-03
3.130794937027736182e+02 5.563140314150532504e+02 1.830094754280513214e-01 3.431754231084747642e-01
2.442169874068955835e+02 7.359399999207649898e+02 4.134968295897920899e-03 -3.618113644403036632e-03
4.262298301220657777e+02 1.092736761407599715e+03 4.225218031480705398e-03 -1.900789084048834466e-03
1.041839635545800775e+03 2.162385455001722221e+02 -1.381429777257826667e-02 -1.023422245351009174e-02
1.172253496926417256e+03 2.253183523434366293e+02 3.091926656148499732e-03 -1.843684128154968183e-02
9.892944464829616891e+02 1.883772073496753876e+02 -4.555672186067639788e-03 2.212652295224758203e-02
1.897620085270059178e+02 5.916925266883743006e+02 1.067781764116077364e-01 -1.993213756917666113e-01
8.913507156066606285e+02 9.317954768670348358e+02 8.819572383210002491e-04 -1.787785614258402675e-03
1.893807627386139245e+02 6.253234460378617996e+02 4.776597092708924353e-02 -1.904480742459613296e-01
7.531922992648234185e+02 8.451300277876281370e+02 -4.482598147178847958e-04 -3.408528887278650587e-04
2.310880215722883975e+02 7.305305874136373632e+02 2.754402932479837248e-03 -2.169749154250390135e-03
7.482617860544279438e+02 9.159362338813840552e+02 3.264266131184128273e-03 -9.660705567813859145e-05
1.035611420558990403e+03 2.785492661549267837e+02 -3.331946548709455169e-02 1.601392366396878764e-01
1.162346491497297393e+03 2.267856075236656466e+02 -5.628055799876291454e-02 1.261071208467117732e-01
1.197501211590060848e+03 2.232812584947504888e+02 -5.914871580827622821e-02 6.792850395760212379e-02
1.089095695234522736e+03 3.354380360575461282e+02 -2.085993069724308840e-02 3.103092264827448168e-02
1.227860622575365142e+03 2.722464118843714118e+02 3.926059815771308116e-03 -9.886795422961079660e-03
1.040617884910898965e+03 2.819320584552733635e+02 1.000474323351038114e-01 2.356219077657464023e-01
1.264553397107037654e+03 3.240303790274800235e+02 -4.318591083112263140e-01 -5.850097310554861624e-02
2.088525552269146317e+02 6.497341873302052591e+02 -4.342373970328904098e-03 5.540415751745446198e-04
1.281218882679110493e+03 3.430606070133493972e+02 5.577792516544265167e-02 -6.231215149402334272e-03
2.486554261907031957e+02 3.150487405550363746e+02 7.058983727780727968e-02 2.005027249751305529e-01
1.284539593142399326e+03 3.326044051506530081e+02 2.072590277696325645e-01 -8.718115734907685987e-02
1.257466175905196906e+03 3.632841798908663691e+02 -1.150431314762598856e-01 5.024899362395091051e-02
1.247677948373823028e+03 3.005169876797913275e+02 -1.170860166389997613e-03 1.436655117076569843e-02
1.075669363959515977e+03 1.712827858629450475e+02 6.448706523861567896e-02 9.886840608356975424e-02
1.001327954407504762e+03 1.907515236149359055e+02 8.413203952223325538e-03 2.873257865674600300e-02
1.181390089264745484e+03 2.158472026361359326e+02 -9.548297550849167139e-04 2.479815481263635078e-03
2.603293493560141201e+02 6.893194642882626795e+02 4.660120187746669032e-04 7.433990108351920881e-03
1.166062008121758566e+02 4.004941126762098520e+02 2.166420260944360299e-01 2.923445739739299332e-01
1.118045801918867028e+03 2.412036746745187372e+02 -3.015929448804287229e-03 -1.756330959486628778e-03
1.228753582028452911e+03 3.392300308623346723e+02 -9.895247668912879324e-03 1.312889926985705974e-02
1.917657270248050168e+02 6.361561555524280038e+02 5.811438278591694179e-02 -2.263333133311354883e-01
2.367555442140280775e+02 3.174308685453096359e+02 3.170787854334476685e-02 2.114677186006155007e-01
2.412894224229613940e+02 5.717386136114014334e+02 -4.365825498257267304e-03 -6.357665308726582684e-03
1.140753282979728738e+03 2.410644291233669207e+02 -1.300344384049587944e-02 1.777730949849023676e-02
2.515631358562568209e+02 3.220880189136935883e+02 6.702070046742616971e-02 2.241602702132152736e-01
1.869151903320634744e+02 5.073760816111337135e+02 1.920452430944149247e-01 2.472630927271745049e-01
1.044346183732931422e+03 1.896097338938866130e+02 -1.517149119126545362e-02 1.500942337554615480e-01
1.070018395134569801e+03 2.482022855038646583e+02 3.524809538583951185e-01 1.964545420265581266e-01
1.971588430121753959e+02 6.303841197370456939e+02 6.749736221052450580e-02 -1.996230214898818967e-01
8.363953948894972257e+01 3.563546647743775111e+02 8.065775397984063788e-02 3.066108426360182326e-01
1.031884874901773401e+03 1.606185942976398451e+02 8.877011962589798078e-02 -1.439003459303495325e-01
1.154923238777899769e+03 1.895285076163065696e+02 2.927599800302844654e-02 2.745044803486005464e-03
1.911188002767919158e+02 6.395602044960619423e+02 6.981456333751694110e-02 -2.271801481689183222e-01
1.039537620566798978e+03 2.444913104864344007e+02 2.030357627338144101e-03 4.538114319611264574e-02
1.130411953151916350e+03 1.769630098240617997e+02 -5.148463143415155097e-02 1.146407197352199703e-01
1.003888800563694076e+03 1.816289440413881664e+02 1.633823982538475800e-02 -1.466986942410655193e-01
5.586142992430088725e+02 4.376586569565226341e+02 -2.552472605864498294e-04 -9.480082354725867522e-03
1.023033869182305352e+03 1.610508670883330637e+02 9.231545079566588416e-03 -1.660228247583358380e-02
1.202231522848767099e+03 2.473342501643831781e+02 1.239986069857526574e-02 -1.502615633769397926e-02
1.179945534133529236e+03 2.654833372427494282e+02 -2.615380237927800514e-02 1.309364238490147783e-02
1.502396539350047817e+02 5.033471498325521338e+02 -7.351530060957665869e-02 -3.145698884788543093e-01
2.831230717240905506e+02 4.659225554913609244e+02 2.836268135077527411e-02 2.670609432435088193e-01
1.128447514900134820e+03 2.069401524047791554e+02 1.970801197874625169e-02 3.778958026832652216e-03
1.090050788601686918e+03 2.879200088928456012e+02 1.021001504060686654e-01 9.398922019713180920e-02
1.156225176927622670e+03 3.724832587461540356e+02 -4.384395578298527795e-04 3.597792093653604667e-03
1.181565455984955634e+03 1.800612150113114183e+02 -4.118977765146344255e-02 6.960254012507940957e-02
1.183610284225841042e+03 2.244296643590747635e+02 -5.068013486467438933e-03 7.627811515973663067e-03
1.069696942567258702e+03 2.112247706980829776e+02 4.410334774574678832e-03 2.537715901390450932e-02
1.052877936067072369e+03 3.163254605354141518e+02 4.818668752804033972e-04 -4.079233618015358324e-03
1.857508205476471801e+02 6.171286680220221115e+02 1.041119841379466171e-01 -1.765651364649741539e-01
1.795685678104720466e+02 5.096046100561310368e+02 1.812626275038995427e-01 2.638409707706424467e-01
2.895780656132786248e+02 5.384127005416997918e+02 7.518758139639034055e-02 7.723142970442468946e-02
2.533032095582705665e+02 3.101726676569330152e+02 5.529098942427442681e-02 2.205026462575439272e-01
2.754221238289382541e+02 6.759726621801655710e+02 8.515552904385674873e-03 1.205589386621669715e-02
1.051559637747810257e+03 2.473551305917412435e+02 -9.108642519248238284e-03 -7.443443261554241481e-04
2.641274833573569936e+02 4.082732809620473517e+02 5.911950198494909936e-02 2.705240858838857676e-01
1.748137680601477939e+02 5.245102545711002904e+02 1.642020588917380841e-01 3.234906181337008912e-01
5.879808215962066242e+02 4.534295488329735804e+02 -4.504975099748527619e-03 2.034371432589433468e-02
1.113050519552946071e+03 3.398804482948660848e+02 9.175499001406087207e-03 5.244302130697993392e-03
2.248466556431418724e+02 6.184427045342013116e+02 2.001234890036585057e-02 1.364477827837955702e-02
1.145711581563093887e+03 1.678490861137608476e+02 5.749228262543015777e-02 -4.143351127967607322e-02
5.445278120207785832e+02 4.110217746556141378e+02 -6.574693002667207978e-03 8.551416085530904460e-03
1.256651547966454245e+03 3.935103479989442690e+02 2.935258882013777604e-02 2.918932719297957432e-02
4.807027769614797421e+02 4.569631548460275212e+02 -5.798923714275525110e-03 -1.053079599899990745e-03
1.912047409646873177e+02 6.538239173598691423e+02 5.830452161155075252e-02 -2.207951632054283020e-01
1.259081078078047540e+03 3.859520768236775439e+02 -1.426711498165876904e-02 4.375356630692515091e-03
3.180127838767085677e+02 5.240724995967809718e+02 -8.624521090613939539e-03 2.818334196613250450e-03
4.959423646080978756e+02 4.484755573437558382e+02 5.338527157057910977e-03 -5.928784920308772209e-04
1.322546544472262894e+03 3.272509446876139236e+02 2.785829191799198412e-01 -1.855134943419301241e-01
2.115488298575882595e+02 5.405960000597931412e+02 9.887230434337526686e-02 -9.941137866870333392e-03
1.183586455006881351e+03 3.197950454870237991e+02 -3.635726508649042010e-01 -7.479658154369765808e-04
2.090045463454175660e+02 5.654563041654068911e+02 7.989232875364074560e-02 -1.711217942650408441e-01
1.856217859164315485e+02 6.348230409011324582e+02 7.785917657195430552e-02 -1.938592278082013065e-01
1.026580733984955174e+02 4.164880618838856776e+02 -1.508028911778471759e-01 -3.104134462138681272e-01
2.208128511134505061e+02 3.066524656232364237e+02 -8.265456454209005321e-02 -3.488886731772987138e-01
2.450994554273640347e+02 3.689407113881817395e+02 4.219484945606847420e-02 2.779103579028310844e-01
1.046519939000727163e+03 2.310828709297709622e+02 8.750496405472878159e-02 1.525640479062174426e-01
2.995602489870527165e+02 5.437786792356124579e+02 3.716374789615279478e-02 1.589920711147391752e-01
1.274552537854010552e+03 3.309666689391009413e+02 1.823834759145879503e-01 1.463283413522236970e-03
2.925662771829573785e+02 6.471587166075742061e+02 6.074233180105861711e-03 1.134489087592743632e-02
9.011715887582109872e+02 8.726096454545545384e+02 -1.853908273890579952e-03 7.967345458446881828e-03
1.704063597059531503e+02 5.119401031501886905e+02 1.538255652852962008e-01 3.288223011923280814e-01
1.046522879028150101e+03 1.592693989189060915e+02 8.427748534643966782e-03 2.018343420126198287e-02
1.139171208565750248e+03 1.579241544117513172e+02 4.713605811648274302e-01 2.658903486024423446e-02
1.818334130717376524e+02 6.214409361065642088e+02 9.378131984455329029e-02 -1.571197563995208601e-01
1.060009678119391538e+03 2.023217681658925926e+02 1.579504388549442641e-03 -5.201488685107417964e-02
2.529531591889014805e+02 3.470677238121645019e+02 6.457827498221163642e-02 1.192342260785991398e-01
5.239893215135936089e+02 4.536417022180219760e+02 -1.466451402031166557e-02 2.596880739308923478e-02
2.460153361073770100e+02 5.350824064629250643e+02 4.285893372060685380e-02 2.725283383771232373e-02
2.854171745014141379e+02 5.641944551592163180e+02 2.250713633353611243e-02 1.877539173234765713e-02
2.545987873945189790e+02 3.465123844216627731e+02 5.176524786459244659e-02 2.176150466162893593e-01
1.123686084668485591e+03 2.186307122642863874e+02 2.389069388545558836e-02 2.841214859383736288e-02
1.896341823840811571e+02 6.625276133968598060e+02 2.987525578541294635e-02 -2.151597330618678916e-01
2.520061596542507516e+02 5.601106828000475844e+02 2.854583326838752190e-03 -4.572611992370291707e-03
9.868126234175346099e+02 1.779057738093484602e+02 3.165521116337036839e-02 -3.276920119532449049e-02
1.051603001183672404e+03 1.825979851951530293e+02 6.717521291712576226e-02 9.756886497220443322e-02
1.136148031015676906e+03 2.029257227597126416e+02 2.254204893899841924e-02 -8.009530230872030643e-02
2.889830814777484420e+02 6.425791116485794419e+02 1.601115143337833099e-03 -2.549448160892996574e-03
1.218607646055558689e+03 2.771921009054797196e+02 -8.242209771788658931e-04 3.790014358318911404e-03
1.061397355849410815e+03 2.826256733036249216e+02 -1.526992761803063481e-01 2.199727290862730500e-01
2.727792029747994320e+02 6.237355605205804068e+02 -2.385022112634498613e-03 -2.258679834832624887e-03
1.222387460011144640e+03 3.211929209057842058e+02 1.098025892186392932e-01 2.568536586224502982e-01
2.430574971502961432e+02 6.095421979132136130e+02 -1.676549722442556220e-02 7.319889599519391332e-02
2.932920858275206228e+02 4.612317520174230481e+02 7.579022793797988988e-02 2.853041950658529169e-01
2.999366967124597068e+02 5.607041004578755974e+02 -5.387836404950092570e-03 1.365246264547410188e-02
1.668440714560665583e+02 4.978404440339136272e+02 1.685469416446960800e-01 2.036145372873618686e-01
1.065622706370920696e+03 1.880017232020986171e+02 -1.635426674917758033e-02 1.499047185704642793e-01
2.489958255256954374e+02 3.613315920252750288e+02 2.767805063074866428e-02 2.083358089270339886e-01
2.737397034354037828e+02 5.176950074586766277e+02 -1.689105232866888393e-02 2.155265654742869602e-02
1.258961351785829038e+03 2.980014698830153748e+02 3.874952551853096810e-02 -5.705951403619735629e-02
1.773782269019582429e+02 6.464493163978991106e+02 -4.227023532839000591e-02 -1.964528759141270786e-01
1.076664186058285850e+03 3.324414866088877716e+02 -8.977157679449494863e-04 3.511685094022898909e-03
5.115707563094971988e+02 4.450477019342220046e+02 -8.464287709242595235e-04 3.098246012937862399e-03
1.187521712942947033e+03 2.275528106813458464e+02 -3.361053774889065371e-03 2.052799154497690799e-03
8.040039550013520966e+02 9.559628994523150141e+02 -3.012154468692458502e-03 2.431011059841055137e-03
1.073994227665940116e+03 1.897690761330201497e+02 7.353386986176091433e-02 9.712310630493642405e-02
1.809895462119703780e+02 6.322961565870193681e+02 6.492960722038035315e-02 -1.830617006909558975e-01
2.729117371743789704e+02 4.388994326647632533e+02 7.051349818002275449e-02 2.983989995748793089e-01
1.062560142876180862e+03 1.890672707276779079e+02 -2.712476789724860282e-02 1.544701869525310842e-02
2.334854310240430380e+02 7.682432598429774089e+02 1.479088351317959897e-03 1.509879828764612054e-03
2.527446698381752128e+02 2.992585644752014673e+02 4.425110415304922551e-02 1.755066262925839005e-01
1.939336575561432028e+02 3.191670487788676382e+02 -1.278479195159678032e-03 -3.437102541464095388e-03
1.029207331311167991e+03 1.698299358867523665e+02 2.109276326664582743e-02 -1.687896646969367642e-01
1.071195611086458030e+03 1.633801101295531737e+02 2.476070348833725801e-02 2.545965931479479694e-02
1.018330440086195154e+03 2.121682031958549715e+02 9.543842053775786205e-02 7.708985870022386222e-02
1.266365530698124758e+03 2.699070962009489563e+02 5.834979620849612726e-03 5.344264298135689142e-04
1.121604815003796375e+03 2.078907342185393929e+02 4.028241162512144480e-02 1.606105344185384254e-01
1.240266329063761532e+03 2.993240326455256763e+02 -7.162914930552233272e-02 -9.064459499642192608e-03
2.363776083822583587e+02 7.124469878732693360e+02 4.496069003776630157e-03 -1.946871245929274099e-03
1.177096561882833186e+02 4.082073229749072993e+02 2.495306304407922671e-01 2.241858016750501170e-01
2.843119170546310102e+02 4.771611001581834444e+02 -7.742656501056729632e-03 2.694708483527036291e-01
2.751568609958667935e+02 6.906149651426891296e+02 2.230539281249514262e-03 5.090765008362858716e-03
1.024383491485338709e+03 1.727848230081704628e+02 -2.460298307995813227e-02 -4.646559968204938725e-03
1.202732260919861801e+03 2.158537599834063201e+02 -2.427019080395246414e-02 2.514207852228945647e-02
1.238215901722800481e+03 3.802549333474267996e+02 -3.920832577798351037e-01 8.868607980902039334e-02
2.857510372925295883e+02 5.967128569713942170e+02 -1.117510648619848097e-03 -5.104133798912505442e-04
2.463012166457077115e+02 3.004660092341463837e+02 5.979894841478706341e-02 1.921948045946395012e-01
1.083629693044856822e+03 1.990744331083582779e+02 -5.017407375805585379e-02 4.057015919709801299e-02
1.153694752463383821e+02 4.151083764448731586e+02 2.794392058582186866e-01 2.280146044003759087e-01
2.891394922885391452e+02 4.463261866606794683e+02 3.668340919964574454e-02 2.016773371908406887e-01
7.447986449734895587e+02 4.209024586391421963e+02 2.482099321773336698e-01 -5.890273694782077740e-02
1.128974251974386107e+03 2.189336796962179221e+02 4.923800942100974021e-02 -1.241440270970928933e-02
2.744614921933747382e+02 5.731415599234957199e+02 3.753753709518258680e-03 1.037933296761221931e-03
1.869258028549731989e+02 6.492303728932437252e+02 8.305388536930990995e-02 -2.349356650976413552e-01
9.882465336711768487e+02 2.216354248058651422e+02 4.965909506667700105e-03 1.467738938441606571e-02
1.072098261427931448e+03 2.802231685561922632e+02 4.501434882642144780e-02 -4.865453915317263095e-02
1.139497693318808160e+03 3.115464854357749118e+02 9.986917768018459263e-02 -4.699805082813393597e-02
2.229929850796995936e+02 5.551600334768178300e+02 1.516345100308300053e-01 -5.674418243007318258e-02
1.785696034138954928e+02 5.796610234340845409e+02 -9.394058846454719780e-02 -3.206555768474572687e-02
2.807767515695275620e+02 4.417050971962337940e+02 7.415005080697931183e-02 2.699256961026079704e-01
1.011424650000203542e+03 2.455180166192471631e+02 5.065812960676011230e-03 -1.769531604757225776e-02
1.013350238005673987e+03 1.735287641971883659e+02 -8.726756498224404190e-02 -7.700660962574942814e-02
2.546890226707807869e+02 4.004218752575809503e+02 4.669383976002257353e-02 1.927226070597247987e-01
5.495463601247180350e+02 4.639156946822299119e+02 -1.659976442022841753e-02 -7.851424112661846422e-02
1.170526580099980038e+03 1.902024437550665255e+02 2.322410939811207081e-02 4.419064317526675417e-03
2.298614019332106864e+02 7.106092801002821489e+02 -8.364302597790279192e-04 1.376233457380047825e-03
1.181263053878066557e+03 2.943096282288483394e+02 3.727452622583494746e-01 2.082731532437692018e-02
1.065573045334141625e+03 2.194234765129460527e+02 4.983065306102792136e-02 -1.614972102354580719e-01
2.358400676456654139e+02 3.027636470004670173e+02 2.811483976406797120e-02 2.267690483915996702e-01
5.060749222993343324e+02 4.378172920296440225e+02 -2.012467488695587545e-02 1.366876663933932730e-03
2.535803368958808051e+02 5.515824436589294919e+02 4.224991885605027669e-02 -3.420857112675638328e-02
2.643737476557748209e+02 5.996939091064432432e+02 -1.811767116816501502e-02 1.580314674337200340e-02
1.971694387709250691e+02 6.567228103252023175e+02 -1.658175157091089924e-01 4.078253030693974046e-01
1.019073593156685774e+03 8.520655638636793583e+02 2.000876302143085941e-02 5.845079065809143277e-03
1.060197533527049245e+03 1.768898199535477147e+02 9.397450761685335885e-02 4.192370029307374707e-02
1.180961886540003661e+03 3.483005043067501560e+02 -9.562136239455867881e-02 9.559786512215644183e-02
1.845117042808109602e+02 6.615350729440140185e+02 5.083627998266654520e-03 -2.045709118042519925e-01
1.180531439081045306e+02 4.274493546485421120e+02 -2.135114059624043659e-01 -2.554908324078745130e-01
1.901223363243971392e+02 5.195199165194153466e+02 1.078947790816913443e-01 1.771864055928368265e-01
2.357727350693265578e+02 5.331720453268503661e+02 3.086034921727629290e-02 1.308478803403650796e-02
1.037432520989341583e+03 1.804437901248121534e+02 9.855895805399254167e-03 -3.369888032346613632e-02
1.078224695649295654e+03 1.928547038346690101e+02 4.261371580481763260e-03 -8.299565868536315852e-03
1.085993643568184098e+03 1.528642228596474979e+02 5.226765369393176347e-02 2.073143708562040499e-02
2.488189578744573396e+02 6.291867343617843744e+02 1.465999720945752871e-02 -1.183095855210982393e-02
5.458948010302990497e+02 4.215983652768376260e+02 -5.255440106955033136e-02 8.842654083339596127e-02
1.064675235849986848e+03 1.677410026183200671e+02 2.551709647034429707e-01 1.849772572490538530e-02
1.137246753694263134e+03 3.055647985695529201e+02 6.718783703447045452e-02 -2.526101814455964517e-02
2.228534417323139962e+02 7.132630564282750356e+02 -1.105533662387778344e-02 1.087135887735039136e-02
2.837194473130987831e+02 4.555240304770535431e+02 -3.576548905441006166e-03 2.762103984036901050e-01
5.177685353701788245e+02 4.745253641862936433e+02 3.362504989717772248e-03 1.030242450883856777e-02
1.047707356266376337e+03 2.778357540944911648e+02 -2.798827491383414079e-02 4.816704107470375779e-02
2.367513828778923823e+02 6.082403986253360699e+02 -1.741698222650934699e-02 5.815060234189171201e-02
1.937245058050861246e+02 6.927161844196048150e+02 -2.988561590763752409e-03 1.337926023990232971e-01
8.575270938689134255e+02 1.101921536481323528e+03 -9.170905465559960621e-04 2.761577644926493155e-03
2.456436979812430650e+02 3.233179258559934510e+02 6.219527063284374657e-02 2.195336271931569161e-01
1.036101756764282527e+03 2.288665815858440737e+02 9.990950934052307900e-03 2.210587920748418034e-01
2.762306259089961600e+02 3.942731630645868677e+02 2.694707569178007855e-02 1.532104048308968181e-01
1.041701580472260957e+03 2.040227708288716997e+02 -1.834471741268335343e-01 1.864154861706461552e-01
1.220962967089894164e+03 2.878607223809704578e+02 1.770118135586276967e-02 -6.485962262229930109e-02
2.216131703994945781e+02 5.286254292001589192e+02 -1.876603845548826047e-02 1.300974659914070665e-02
1.179175443949435248e+03 2.298115752401782856e+02 -2.904705754822127159e-02 1.687305749307199676e-01
6.251709477360515166e+02 4.428562707551542985e+02 6.446398557282589968e-04 3.420987329635176693e-03
2.620494028979115910e+02 5.501272013154492697e+02 -3.217113466246972198e-03 -1.012104209275713207e-02
4.472519299375701394e+02 1.095781891668371827e+03 4.733309749770371437e-03 -4.283811876217790381e-03
5.088469850854798437e+02 4.568000394359758616e+02 9.343809242427942099e-03 -1.937253532099208770e-03
1.113564860253628922e+03 1.764679105916351318e+02 1.698322535608677575e-02 4.212014578455990782e-02
1.192505955961477184e+03 3.041558014129892058e+02 4.331164333538304878e-01 1.132645160399255863e-01
1.218505556755667385e+03 3.568768679167830555e+02 2.397956762047770973e-01 3.577962919922583751e-02
1.309570010836060874e+03 3.446783952344377440e+02 3.167721404076372926e-01 -1.023819781895933013e-02
3.461693921749191531e+02 1.088079847959197650e+03 2.115179202801048108e-03 1.410778835987811300e-02
3.150229534831951810e+02 5.006453129825897008e+02 1.816967559232874826e-02 7.916877191471433442e-03
1.048963959172509703e+03 1.792063407998167008e+02 6.234817661172862256e-03 -1.113584706175148875e-01
1.158787943130180111e+03 2.154787484377650912e+02 5.071208785011549480e-03 -1.381112087479798717e-02
1.185472034295800540e+03 2.967412311003077434e+02 4.688021829659925754e-01 1.632322052925200273e-01
2.199506594382513356e+02 5.515564943130783604e+02 1.006637308074202625e-01 7.426632818780118210e-03
2.759368902721903396e+02 6.829814192114965863e+02 1.001017147725555972e-02 3.255993533430383280e-02
9.950722370608835945e+02 2.210629776433287645e+02 4.370765793841423219e-02 -7.616467792442647988e-02
2.312279899668849055e+02 6.478659761858924639e+02 -2.492445301201774710e-02 2.436509638866038094e-02
1.817446804498395920e+02 6.431307970366128757e+02 4.468268363475055849e-02 -2.349897575530063565e-01
2.879152816938272963e+02 6.629406398994386791e+02 2.969669182699775228e-02 3.497303111106608159e-02
2.737871520753608365e+02 6.719420086232634048e+02 -3.502248812709652520e-03 7.461422003138765829e-03
7.545114691317427287e+02 8.937466997758243679e+02 -2.426790667091735867e-02 -6.063430823339098366e-04
2.276712712276627713e+02 2.985165758876285622e+02 7.728076569715031097e-02 1.815275650140926178e-01
1.108589102996804741e+03 1.683134802064544715e+02 4.589962813178685708e-02 4.722891885211040475e-02
1.056168777352548432e+03 2.667874327583261902e+02 -1.925988881661006707e-02 5.020505172772767727e-02
1.158437408420286829e+03 2.277515719194691144e+02 -2.520882738357007116e-02 2.515167553410638593e-02
2.268106818086609735e+02 6.029544763623803192e+02 -5.004624379568107378e-02 -1.527861133070857746e-01
1.039620999917924564e+03 1.600206561530860085e+02 -1.235366615491670893e-02 4.252979605001953878e-02
1.091953589509698077e+03 2.531746022695315617e+02 4.377344553647901648e-01 1.893889649382195783e-01
1.187101007698933472e+03 1.901231479603291348e+02 -3.666377163675021283e-02 2.052851864585993578e-03
1.266369660003038689e+03 2.035586718782019773e+02 -2.993508273547353798e-03 -3.749809106157278062e-03
1.215597014995862764e+03 3.674272477841012687e+02 3.204185951236024898e-01 6.642675536395123426e-02
1.828574153084839793e+02 6.475063895619583718e+02 8.869648656392807584e-02 -2.455954990542866812e-01
1.005965655747664016e+02 3.913709064013009424e+02 2.422629157845049841e-01 2.900600399138113517e-01
1.157444091115638685e+03 2.696996182178361892e+02 2.311733857567273009e-01 3.492282893638518071e-01
2.619725616534992128e+02 3.935485281884807591e+02 5.119295738131153517e-02 2.542284760288843204e-01
2.230298613414455531e+02 7.306544140480003762e+02 4.934642779658195144e-02 2.709588705049616100e-03
7.246853019695860212e+02 9.645109225749499728e+02 -5.182519844188267916e-04 9.723237891697912366e-04
1.268951391949249455e+03 2.830753320045186001e+02 2.031253127348817480e-02 -2.107511272580432637e-02
2.311876870009050720e+02 2.976299864072991568e+02 4.842300505415713524e-02 2.244309038230491160e-01
1.184420081900774903e+03 2.015199411576152499e+02 1.144059071110599957e-01 -9.952188337443886035e-02
1.153637248814754457e+03 2.121634818314375934e+02 -9.630775051950228247e-03 1.233764462956433473e-02
2.113433412282229824e+02 7.552935411627905751e+02 -1.364347914608856661e-02 -1.822462741440631501e-02
1.838434036405635368e+02 5.272653081892148066e+02 4.885824692858792284e-02 8.822716588414390715e-02
2.490986069507754621e+02 5.249267778552083428e+02 -3.971742496536776433e-03 -2.039956382002568458e-01
1.137040146055229798e+03 1.847686705906507996e+02 -3.378464740384354986e-02 7.425610461742718216e-02
1.260696244213827867e+03 1.960229906744021093e+02 -2.988251478708501586e-03 1.789591111421419932e-03
1.017074853883875448e+03 8.439082718012944042e+02 -7.163538448256691858e-03 6.727647424567936157e-03
1.076746817170993836e+03 2.881541714370715113e+02 1.742437914024528439e-02 6.666697458446047692e-03
1.225410229844121886e+03 2.779031680017996564e+02 -9.406779395056108148e-03 2.538779337071894043e-02
2.825699840634329121e+02 6.698003325930068286e+02 4.258673213026861054e-03 -4.837416610276208673e-02
1.128900776926849403e+02 4.369056873874160374e+02 -1.331573129059222538e-01 -2.350783206479505338e-01
2.431081026161625687e+02 5.261434332313738196e+02 3.027686768228043945e-02 -7.054839780709798447e-02
1.016646495095400155e+03 1.923356059688487676e+02 -1.292392896239320521e-01 -2.672239649698520125e-01
1.257958233974426776e+03 2.762990602792872892e+02 7.614622726870123870e-02 -1.580048750254903211e-01
1.950030888613052866e+02 5.666708279902899221e+02 -7.167953380878788749e-02 -8.552387342150780114e-02
1.052624847538107360e+03 2.072265344326352761e+02 1.267335772227383070e-02 3.535238359339132330e-02
1.086123195456068288e+03 2.182939085323770598e+02 4.480028683100235887e-02 -5.084590016756904834e-02
2.851494323240762014e+02 6.001484334277024573e+02 -2.957935043360565217e-03 -1.478292385035083825e-02
2.451786621861624553e+02 7.115014563792938134e+02 -6.862815029064090085e-03 8.248811741656291927e-03
5.402523547448487307e+02 4.416596000744469848e+02 -4.783270470587316025e-04 -3.035318880152052326e-02
5.562699204672371707e+02 4.793701579859473441e+02 1.542513497145137037e-03 -2.016055655633408779e-03
1.019558730982592010e+03 2.238024774888833690e+02 -2.745978368785699855e-02 2.222201130098123145e-01
1.128972316644607872e+03 3.656405353663899405e+02 -7.653295545310356829e-03 4.109011816696579722e-02
1.038771900618674863e+03 2.186252504439628694e+02 5.410173907804666227e-02 3.907538122389798280e-02
1.184377173563432052e+03 1.753209122828558009e+02 -1.268920806236220090e-02 8.086579144856324841e-03
1.151277441835893114e+03 3.076235737907213093e+02 1.801829245542209967e-01 2.834118616698470539e-01
1.776215896202216982e+02 5.353767605069580213e+02 -4.277758071320546251e-02 1.422920875587538325e-01
5.537721017089273801e+02 4.547183435172246391e+02 1.397630983668461495e-02 -3.252728864205372411e-02
1.032803214413615251e+03 1.652051062599492184e+02 -6.302364694923719016e-04 3.145627709922495241e-02
1.020900677377775651e+03 2.535709115554101913e+02 3.729308392174906345e-04 -6.591716017901003144e-02
2.285181621990155918e+02 7.995767996171912273e+02 4.772185761838037069e-03 -4.112867450272362883e-03
8.633282538809990569e+01 3.133403090814393863e+02 3.195672015395332240e-03 1.727786335450050281e-02
1.077838623806471560e+03 1.654687578968485582e+02 1.081348369188061820e-01 -9.622840632525148704e-04
1.177618220161061572e+03 3.589784844827117922e+02 5.685152276638897467e-02 1.563225387796920648e-02
5.142753075931867670e+02 5.095141848442182209e+02 -9.587139124926546269e-03 2.910696165954757691e-02
1.050214880557481592e+03 1.576846100165201960e+02 3.974473661778050310e-02 -9.754886741329690802e-02
1.071831804802525539e+03 2.169819612793930332e+02 1.118035063800736917e-01 -2.954630434772160252e-01
9.964961733933027972e+02 2.405826265785458986e+02 4.670689069044223901e-02 -9.472463846843919011e-02
2.198865571514410817e+02 5.693500961302296446e+02 6.296653823162373653e-02 -1.338528371109952431e-01
2.799615726073099609e+02 6.659668985986472762e+02 3.408376849424581134e-02 9.092256962218943361e-02
2.418094146670684097e+02 6.974815703286699318e+02 6.807713555497448346e-03 -1.883248822779775775e-02
9.245470060605691742e+02 8.815965973021358195e+02 6.831885753272742140e-03 -1.386575556957635701e-02
8.555956581112868662e+02 1.101643029070083458e+03 7.220389821305581504e-03 1.512635577997710912e-03
1.708490300116278320e+02 4.484327440099606861e+02 1.015720774634019160e-03 4.102163724884121815e-02
1.142456777137718973e+03 1.444410370058032811e+02 4.003440114356635743e-03 -5.672579266368870526e-02
1.264032848466466248e+03 3.548968494299773511e+02 -2.840148552139908078e-02 -8.991319164369997174e-02
1.954789934081850902e+02 5.457469322846847035e+02 6.004284712911498595e-02 -4.614051588396705234e-02
3.025578318191988387e+02 5.494166050265123431e+02 3.173051786537370994e-02 1.065434850629117143e-02
2.097516276731168432e+02 7.349028622653536331e+02 -1.455281047635025894e-02 6.816144398253072556e-02
9.431578965417197935e+01 3.350157096168424005e+02 8.211510961538456268e-04 -6.066742941233845172e-03
3.991696829611743169e+02 3.402782026751777380e+02 3.293127958935807790e-03 1.735137964730171234e-02
1.062917186911230147e+03 2.885559930503083024e+02 2.388414459529807632e-01 5.917426628685973355e-02
1.060465709027791945e+03 1.645689605584287563e+02 1.703668039166903181e-01 1.408391342674952251e-01
1.142551547830542177e+03 1.761840985185046975e+02 -7.732503600030450619e-02 1.722285091393080669e-01
2.748365582851410522e+02 6.390538876756620539e+02 5.380392090590090451e-03 -2.297555100100769770e-02
2.481400220646480648e+02 3.535280316353067747e+02 4.137260729076010918e-02 1.314392730453422808e-01
3.145004282961609192e+02 4.859825423210544955e+02 -6.245209885525520796e-03 2.127189753654657942e-02
5.395961309580249008e+02 4.330808599794511906e+02 -7.552485590281321493e-03 1.528186940851645158e-02
2.544740189013167537e+02 5.773959677620143793e+02 -5.069066533522459395e-03 2.525961372692687654e-02
2.195986344544685949e+02 6.589108335491018806e+02 8.062826053100025092e-02 9.987195653869465617e-02
7.516018616731458906e+02 9.210424370321160268e+02 -4.111026717944035215e-03 4.069588005770377083e-03
4.101253878868887455e+02 1.088908121079978855e+03 1.505566102033319793e-03 -9.996221725621333432e-03
2.525621178419486625e+02 3.535771189952304212e+02 -9.695543687138567443e-03 2.126660726732844953e-01
1.151997793389283288e+03 3.112101025603214453e+02 -7.240567852546692107e-02 -2.262361744564600485e-01
1.189678122536378623e+03 3.617025097623603074e+02 3.222022470196775346e-02 -1.528117713711264411e-02
2.609715323334958725e+02 7.296550528173875136e+02 -8.884494766310322214e-03 -1.380232604772876036e-02
2.702844700848678485e+02 7.417227237717896742e+02 -5.807307524083799022e-02 -2.662929401979649210e-02
2.841615868582748021e+02 4.983175147786504340e+02 -3.329063126014090990e-02 7.693927926049752564e-02
1.048891786414003718e+03 1.909923229600896946e+02 3.297805408274143840e-02 -2.371004349674691869e-01
2.651690018170123153e+02 6.198324033277672243e+02 -2.485582440113205324e-02 4.138229077716460216e-03
2.489221956042468094e+02 7.283174003291801455e+02 8.471776467735026364e-03 7.265476233840218335e-04
2.582526324685418331e+02 3.414655689035615183e+02 4.222349418078489604e-03 -4.888148166019702645e-02
2.620517795452563519e+02 3.733377304813530486e+02 3.514499990400041934e-02 2.726035441842004636e-01
2.751645202284446441e+02 3.835863040657635565e+02 3.361247736188189422e-02 1.922898965682376948e-01
1.067630049599456470e+03 1.926223386566072406e+02 1.363334093647680656e-01 -2.190984974023990617e-01
1.057022799606183071e+03 2.458818246666222649e+02 4.087375572353985076e-02 -3.140281306735226430e-01
1.168798620851357100e+03 2.747307529007761104e+02 -1.078569744885570780e-01 6.828313232181483505e-02
2.479695292555714445e+02 2.913750978463795036e+02 1.068372270622227754e-01 1.742225416599075816e-01
1.019487416919555244e+03 1.704567080599747442e+02 -1.470029144771463868e-02 -3.201806310508933245e-02
1.251455276338843305e+03 2.939051462508923009e+02 -4.729011842175623315e-02 7.366018797812835806e-02
1.096658293594787892e+03 1.611636846512587624e+02 6.919199105043523368e-02 3.842493704935383975e-02
1.271394571619215185e+03 3.158172679529222364e+02 -2.820260440900764221e-01 1.890158977884151270e-01
1.125212835345476833e+03 3.519486240285571057e+02 2.276488659938823850e-02 -2.232272092634743355e-02
2.222152978255037965e+02 6.091664161403874687e+02 -4.449523101403856680e-05 -2.397268942145140344e-02
2.406300563702563124e+02 3.187352522464390745e+02 6.615858079744540987e-02 1.664989104736207537e-01
5.532627949445122795e+02 4.300144528084524040e+02 -3.423312584205717712e-02 -9.930662972056580884e-02
1.027062794669257983e+03 1.812680813502140325e+02 7.869683526988069389e-02 -2.179919426652077163e-01
1.090812990690918241e+03 2.461894840493353627e+02 6.389258655033813739e-03 2.935803467983255644e-02
1.236316556367882868e+03 3.243044739132102450e+02 3.628148189968385395e-01 3.048015603988183386e-01
1.241361135222298344e+03 3.309153209952299335e+02 -4.628585470779000843e-02 2.730790623788408311e-01
1.192738393599826850e+03 3.708827257525005052e+02 2.145656351260072370e-02 -1.395041300083050828e-01
2.723063276633359919e+02 6.854007131256915955e+02 2.382673761617226660e-02 2.878374210497725016e-02
2.297036689029712022e+02 7.020412780866457751e+02 1.509299118277240837e-02 -2.171868331821968923e-02
2.844440732543316699e+02 7.101686323130041956e+02 -2.105136125736883912e-01 9.876669264234294587e-02
9.753246364789933978e+02 1.815145768371219219e+02 8.704437944334130622e-03 -8.472292741322462462e-02
1.123080948255948215e+03 1.615171216610942508e+02 4.272745214099511052e-02 2.397880926365189569e-01
1.048487630521063238e+03 1.756905220035333741e+02 1.814184728608324859e-01 5.340291605520330193e-02
1.350877947089977170e+03 2.618107722837563074e+02 -9.231549046732349245e-03 -1.356389761380493580e-02
1.187881909536295097e+03 3.396788397667077675e+02 -3.840902422213275935e-01 -4.042120605156848678e-02
1.254487597347976362e+03 3.713625511983804017e+02 -3.763129240311324231e-01 7.360398507386965716e-02
2.582470464018712732e+02 5.431385382076257429e+02 1.122744494265740921e-03 1.566486557432350893e-02
2.154644465983716657e+02 6.105339238780004507e+02 -1.710374234226833268e-01 3.089197400223838708e-01
2.081549684809556027e+02 7.473378697417595049e+02 -1.204096794878826808e-02 -3.899185528702370923e-02
2.593371862889782733e+02 3.455208045926526665e+02 -1.161876039402898186e-01 7.117016871846512660e-02
2.590838891947124694e+02 4.943430192134470076e+02 -1.070230737323194237e-01 9.276579570062690183e-02
1.078108606137462175e+03 2.577726188699625709e+02 -2.121173647930975695e-02 4.114281068582061052e-02
1.064570837271345681e+03 2.697257699999571514e+02 6.327528949995146756e-02 -2.262578116640554526e-01
1.096012535284271507e+03 2.669360346418143877e+02 -4.797464525891622505e-02 -5.573827253901494395e-03
9.929405601099425382e+01 3.996773282093511739e+02 2.383781231202878881e-01 3.243620225895824660e-01
1.081677481729462443e+03 1.645798572296166924e+02 8.831421771074368654e-02 -1.133527394858464647e-02
1.145446724731138829e+03 2.105363756193480924e+02 -2.321732400154220138e-02 4.466993216956675200e-02
1.241696616473090671e+03 3.946740915753236436e+02 -2.753940192335973744e-02 -6.130564574321466925e-03
2.284419677318417428e+02 6.080608721001265167e+02 1.123452295391740192e-02 1.172212832224116784e-02
2.677722599025149179e+02 7.248497796275761402e+02 -6.294691649393459321e-02 -4.289921756294635957e-02
2.747238691394954913e+02 4.312521016176482362e+02 1.281928781906647996e-01 2.698840550905098890e-01
2.107659981734702797e+02 5.250948124893581053e+02 -9.069455475498955366e-02 -2.945885878699812110e-01
1.795998109016912281e+02 6.520139181086976805e+02 8.617833998816830376e-02 -2.663481841332971389e-01
5.457217893006165923e+02 4.442475854649225084e+02 2.882486684246611270e-03 -1.408738626222119823e-03
5.579041118768329852e+02 4.600277878213935310e+02 1.371290050139412596e-02 -1.639450645942278420e-02
1.052801861292739432e+03 2.385489503410490499e+02 -2.313282332639491137e-02 -2.720270602593059805e-02
1.163882550925507985e+03 2.209562051018501450e+02 -8.912527681402272750e-02 3.226246375347805451e-01
2.340601773507630128e+02 5.520290169460982952e+02 7.234914948934735579e-02 2.321365072135987140e-01
7.267609378497309081e+02 6.719191741662890536e+02 -3.410814048070485299e-02 -7.223792238636922436e-02
2.498143681412708759e+02 7.128573200055839152e+02 -5.723830426283236204e-03 -4.006958572352397815e-03
9.308235183009663842e+02 8.520321029646985380e+02 -1.811551864578963070e-02 -1.692674758726298023e-02
9.722762815005719403e+02 8.694401101618396979e+02 -2.438598663006401074e-04 -1.358503436550894186e-02
5.412730695342022500e+02 4.645496706672410596e+02 -1.040059516789142505e-02 1.891098488957822926e-02
2.220714562605000140e+02 5.646523524194403763e+02 8.496211053634680765e-02 -2.819014243674701214e-01
2.633948813163426053e+02 5.618224143095196723e+02 -2.166243364333126850e-02 3.622806214198135560e-02
8.649407810375041663e+02 1.102337224016454684e+03 -1.021936790023119171e-02 -9.927738274654984273e-04
2.609831424263537656e+02 4.007375240190151544e+02 -1.415123341304188598e-01 1.695524610198743953e-01
2.723893097259799561e+02 5.102077824015110536e+02 -9.358790457570068111e-02 1.346300033479539970e-01
1.035338679446626884e+03 1.778458063942937031e+02 3.559776943752189417e-04 -1.933431660169541641e-02
1.044030670151936874e+03 2.723331256450653086e+02 1.569659648069874625e-01 1.160959529140907498e-01
1.891510924104769060e+02 6.760432597100181056e+02 -2.824520171297232804e-02 -1.557772916174574029e-01
9.707706252943925165e+02 8.346790974493167141e+02 1.571137070052625734e-02 2.921544619103618248e-02
2.441017813550018047e+02 3.634781022805136104e+02 1.957888801103635501e-02 1.663646778172989116e-02
2.682465254459975768e+02 5.031010588374264216e+02 -2.551606992278721009e-02 2.615823789472244698e-01
1.043578947805540793e+03 2.259508751884592641e+02 4.682305683360254989e-03 -6.270040358160144933e-03
1.017072144983673525e+03 2.414429834965975488e+02 2.250216291935203117e-02 2.236556879005426879e-01
1.247852442684887819e+03 3.304078782021469465e+02 -2.747517342115202155e-02 -1.013595911632307889e-01
2.441631041746680353e+02 6.471264840862827441e+02 -2.649105527714112895e-02 -5.898401533090691373e-02
2.329507624175199112e+02 7.218099255021724048e+02 -2.629572829959769820e-02 -2.988388906173611304e-02
2.223993782568018389e+02 3.028078323664836944e+02 -7.867570634212890657e-02 -4.049114591716472256e-01
2.436742174946760997e+02 3.476550026293052156e+02 1.450187774014222719e-01 1.798176919504612670e-02
1.116575456699015831e+03 2.365613737763801794e+02 4.058936500093425492e-02 9.860833671625966051e-03
1.113549388500954137e+03 2.524176040043424507e+02 -3.265973401149884717e-03 7.845427032444263205e-02
1.158435487128395607e+03 3.093521699992791696e+02 1.725356851634387567e-01 1.778911860037299397e-01
2.100639201608200608e+02 6.212183266962903190e+02 -8.476484321802299493e-02 4.139078824135172807e-01
2.648431038291687969e+02 4.920328077349790306e+02 -3.872670787590474367e-02 1.669986740742217535e-01
1.060659835709898744e+03 1.588052190911181185e+02 2.537682919258562372e-03 2.470556774406418299e-02
1.116957792870744697e+03 1.762052740039440550e+02 -1.601035192599435317e-02 -6.069927243858330712e-02
1.112188615874581728e+03 2.098408870847351579e+02 5.634097050763860887e-02 -4.437885967869685359e-03
1.092128883454519382e+03 2.225998922831631432e+02 -3.104762607411733818e-03 6.906716186159655990e-02
1.187808576374164204e+03 2.426772641827608652e+02 -1.365547037314627232e-01 1.517823933992256402e-01
1.710942593423172013e+02 6.288402997500513720e+02 1.429291437049329261e-01 -1.500658885692018885e-02
2.413911670028541323e+02 3.416570926089250406e+02 9.570539901691291207e-02 1.464121909142477307e-01
2.383291991789394899e+02 5.324764581120618914e+02 -8.406985022830895660e-02 -3.824664272460722575e-02
3.201741379650719068e+02 5.084354183448971298e+02 1.060494810700447418e-02 2.373292814701130626e-01
1.310416141145648226e+03 3.272761497618328690e+02 -2.155249565535086731e-01 3.633923841601699456e-01
1.743865204696146520e+02 6.403193043501023567e+02 1.175714200786842356e-01 -9.472981340854858337e-03
2.613400861782711786e+02 3.588663203328596865e+02 -3.501165626161650835e-03 2.378332987574083290e-02
2.318120767919903642e+02 5.326492144117395355e+02 1.514828664051393048e-01 -2.028648227361316003e-01
1.068661768277639339e+03 2.246163067927977579e+02 -8.229101216636536265e-02 2.310585189583704846e-01
1.041610083690521606e+03 2.369971505083594252e+02 1.312822844153060942e-02 1.423204765003660555e-01
1.182460458651637055e+03 2.355233567125569323e+02 -1.251705004752921013e-01 3.219585668646374188e-02
2.760838367413381889e+02 6.187352020104236772e+02 2.140305984872270528e-02 1.852397476747569272e-02
2.432490556326347360e+02 6.547396711530759603e+02 -9.048974470644566281e-03 -6.981006507277243145e-02
1.179705380406367112e+03 6.156735701407897068e+02 4.909819767186718309e-02 -9.472326993250135274e-02
3.841540317544859704e+02 1.099953613730981715e+03 2.408826602437841302e-02 4.494213972810712221e-02
2.704296725064636462e+02 3.626839419023476125e+02 8.338857945881272826e-02 2.367013432971134534e-01
1.046533843736973949e+03 1.900903061251945303e+02 -4.688341067321744049e-02 2.297295506288795156e-02
1.037683805453896412e+03 2.687166323809397568e+02 -3.288135540143836272e-02 5.691635404411954369e-02
1.142510264226544905e+03 2.701752935264136113e+02 -1.640279128499362929e-02 4.646790237638167009e-01
1.145511945023278713e+03 3.154999172939990331e+02 1.426782488330597121e-01 -5.752194244613898638e-02
2.462083563580919474e+02 5.788687728317645451e+02 3.502849377684924548e-02 -3.262718714211132465e-02
2.041109151274039561e+02 6.959742789872342428e+02 1.040219154015744607e-01 1.778656096218279858e-01
2.586133851510354589e+02 5.029625238979929804e+02 1.927645667737181157e-01 4.376640806640637038e-01
2.151790569329921823e+02 5.352029526813089433e+02 6.100371375589475065e-02 5.678828341518737943e-02
1.024898719064498664e+03 1.930995945107466980e+02 4.964909451018684194e-03 -3.096018173954462327e-02
1.024416886499615657e+03 2.480725366330402153e+02 2.309315702299272743e-01 -1.811712387687833825e-01
1.170490822526386637e+03 2.267814267978491500e+02 -1.072646459383577167e-01 1.827392490740891162e-01
1.194486622615853548e+03 2.816167388075921849e+02 -3.708996815506679923e-01 6.773767460531985307e-01
1.263957094251460376e+03 3.552139657838655467e+02 -1.244159187767763797e-01 2.097587230402098157e-01
1.220137262036639413e+03 3.641624872230458436e+02 1.651217080723199615e-01 5.090921097303180431e-02
2.255791669901120997e+02 5.515537771872374151e+02 1.531219237467951189e-02 -2.039499924044321233e-01
2.577521934730734756e+02 5.560679704394159444e+02 3.590056836432609089e-02 8.585968902258400703e-02
2.824242012277565550e+02 5.711404999661214106e+02 1.147836047272221549e-02 -2.087021029694824392e-02
2.974687669003288875e+02 6.227475675570341309e+02 -1.270183246586498171e-02 -1.741420549469694379e-01
7.424818060864746485e+02 6.717627157744717579e+02 -6.516353503269556313e-02 1.853024546227288738e-02
8.815761766397932888e+02 1.863258739397269892e+02 0.000000000000000000e+00 0.000000000000000000e+00
1.054723862176034345e+03 1.604038410835701427e+02 0.000000000000000000e+00 0.000000000000000000e+00
1.195457007247420506e+03 1.871088293724704386e+02 0.000000000000000000e+00 0.000000000000000000e+00
1.176731055116978496e+03 2.312511958516872426e+02 0.000000000000000000e+00 0.000000000000000000e+00
1.163885592278064451e+03 2.578647306160443122e+02 0.000000000000000000e+00 0.000000000000000000e+00
1.296146707904830464e+03 3.493856160382900384e+02 0.000000000000000000e+00 0.000000000000000000e+00
1.263844914225285947e+03 3.590531539330319788e+02 0.000000000000000000e+00 0.000000000000000000e+00
1.262972986018064603e+03 3.744953899578433152e+02 0.000000000000000000e+00 0.000000000000000000e+00
1.283863452461975157e+03 3.848577311757842381e+02 0.000000000000000000e+00 0.000000000000000000e+00
2.428295838281688646e+02 6.547165973309041647e+02 0.000000000000000000e+00 0.000000000000000000e+00
4.741820253166948760e+02 1.100447948534809711e+03 0.000000000000000000e+00 0.000000000000000000e+00
