2.713931086097443881e+02 4.559770377220591513e+02 6.347086146078455282e-02 2.814375987248365352e-01
1.343463444920281802e+02 3.794628745366733256e+02 3.224352644232542520e-03 4.010162766679842283e-03
1.385704165363986533e+02 3.913028471281207317e+02 -3.703337420816832457e-03 1.369504076438211458e-04
2.953594499141597680e+02 5.221296063872779314e+02 1.172848608154015565e-01 1.661374006267406500e-01
3.070255300284367195e+02 5.415398414336722226e+02 1.500011485500800101e-01 2.441395328418093924e-01
2.667335029975452017e+02 5.183167526960021405e+02 7.603693441152213628e-03 2.667706003647159554e-02
2.664131686395667202e+02 5.331348066893090163e+02 2.311571058050721980e-02 -2.824583841660150557e-02
1.513241339280151578e+02 4.542691656898110750e+02 7.745378005637630148e-04 9.550438227380605516e-04
2.096407988911663267e+02 5.423022638193324383e+02 1.267345799659793694e-02 -1.457012780201356363e-02
2.631971827903788608e+02 5.612601933694143099e+02 2.684080447649405538e-03 -4.234916249236511665e-03
2.102019687534676109e+02 5.480739818995954238e+02 3.906355262188720978e-02 -4.998046739445379745e-06
2.539966994324518623e+02 4.650179094308010121e+02 1.751259281053701815e-03 -1.703026541940518999e-03
2.567709442467848362e+02 5.635604459363655678e+02 -1.948372106978290023e-03 -1.751946609860876442e-02
2.219922531210861223e+02 2.972175652768676173e+02 -8.879786459572396040e-02 -3.460631577399677639e-01
2.740378754111464445e+02 5.441914476915538899e+02 3.062723365304117519e-03 3.212442850701453540e-03
2.786384585751304712e+02 5.432587599548918433e+02 -6.852032161201476084e-04 -9.810816307363704348e-04
2.260636053498408842e+02 3.240529525552991572e+02 -4.532384066610541801e-02 -2.315437332697946049e-01
2.506753423180547600e+02 5.671027326619094993e+02 2.630041068906812610e-04 -2.411561544765237694e-03
2.570907015556596207e+02 5.716170855239714683e+02 4.976343162072095587e-03 -1.077965583603919704e-02
2.337855163938131113e+02 3.483561923322652660e+02 -6.400143433227112322e-02 -2.647645922131141583e-01
2.822433548380548700e+02 5.551494358033672825e+02 -2.710912718223898975e-03 -2.046675203219180765e-04
1.990211325454851021e+02 6.473951990302905415e+02 -1.538936225422171955e-01 3.407088826031183793e-01
3.042954353440791806e+02 4.635548913319635176e+02 -9.591889766111329901e-03 -4.298676599618114075e-02
4.586137303652457717e+02 4.512548379188563104e+02 1.344443212963367497e-03 2.060298516942573113e-02
4.627007273938667140e+02 4.474958019551419852e+02 -1.104212482980438878e-02 -1.832354403262289027e-03
3.151948806871363900e+02 4.734748035055477544e+02 4.667962116177432584e-03 1.240250560510282839e-02
3.084613295494820591e+02 4.785623216244085256e+02 1.998386936716459172e-02 -2.547182939280905750e-02
3.195585750104037288e+02 4.724112729379413622e+02 -1.244595487222872367e-02 -6.693575583741707968e-03
3.250414149817751195e+02 4.865482118747789855e+02 3.269221686569173582e-03 2.899588464926394077e-03
3.072269619347164848e+02 4.949225696685876414e+02 3.696955043683757165e-03 4.786028270649974117e-03
3.060953792874746568e+02 5.014391375918539779e+02 -2.330119157740777325e-03 3.649680997847383045e-03
3.120231361998961574e+02 5.053792291300289889e+02 5.982132051431085333e-03 -3.495898872569846018e-04
3.187323217075380057e+02 5.130597973798717248e+02 -5.671361065506939914e-03 1.735875123319482322e-02
5.650572343815002796e+02 3.881520764591921875e+02 3.738129603488736605e-03 -9.429739397601246548e-03
5.603877275258000736e+02 3.810060852016505351e+02 -5.513942406765852964e-04 -4.554970422718566947e-03
6.456580253927003241e+02 3.845506297022271838e+02 -1.108269981722343660e-03 -7.639550450927898480e-03
5.394673636743196994e+02 4.048683423141940807e+02 -1.124000261774478482e-02 -1.005235711421326693e-02
5.819191103775737020e+02 3.990796017986082234e+02 1.215407225126819910e-03 -8.866723409582982079e-03
5.495674013291036317e+02 4.035150560060696989e+02 2.104706433859329998e-02 -6.849553069616043377e-02
5.547017246846868375e+02 4.008305754974771276e+02 1.383545672244018004e-02 -1.271884720203237708e-02
5.874492089454656707e+02 4.044684089182831599e+02 4.844357933806539562e-03 -1.455674741954104609e-03
5.288319432393892612e+02 4.225610242268752472e+02 -1.042360563748825604e-03 -3.359131653262533595e-04
5.909475944955258910e+02 4.119864783378851030e+02 6.548045906265317732e-03 -2.866231198501989052e-03
5.743926104272536577e+02 4.312015229443661610e+02 1.400032704554862381e-02 -1.757047412349148699e-02
4.719003822246875188e+02 4.311089724555612861e+02 -4.326156176404927396e-03 -3.377839478288015285e-02
5.416020871237399206e+02 4.236589758253342666e+02 -1.409569170215207307e-02 -2.126076428431579110e-02
5.768397876704734699e+02 4.212987790341477421e+02 9.213025263180848546e-04 -7.156182091090848053e-03
5.056749860181320742e+02 4.335891837847875649e+02 -4.099882876108823515e-03 3.562261378712521138e-03
5.825942632931489698e+02 4.272339004366125437e+02 -4.702486588875631930e-03 4.269733794612335189e-04
5.512753665154660894e+02 4.360167550714818390e+02 -1.223591478830064359e-03 -1.573023997271023530e-02
4.956950228034959878e+02 4.439736947379793719e+02 6.996314374923781262e-03 6.339354596283137619e-03
4.787083485219586692e+02 4.461284331749810690e+02 -9.235189409605932057e-04 -1.238227729134007242e-02
5.588687708137722439e+02 4.366695094665724923e+02 1.413819500127450925e-03 1.891867637724004361e-02
6.249679366676662085e+02 4.337023766153661199e+02 3.227898056982865353e-03 1.305148147339074347e-02
5.173685973473648119e+02 4.485134561747003090e+02 5.947912826457576064e-04 -2.925011610494214574e-03
5.536512633963741337e+02 4.456226823700091018e+02 -1.566645558584538460e-04 -1.585873600947256814e-03
5.263756604789756466e+02 4.512036700199080883e+02 9.480017429482494361e-04 -4.497958816572653062e-03
5.677382370795439783e+02 4.472474817623865420e+02 5.618405935525281301e-03 3.393126647344305111e-03
5.784760676930231966e+02 4.447539104519181592e+02 2.928159951829686566e-02 -1.032572059167286699e-02
6.286006235301398419e+02 4.406327067752192193e+02 -9.022369414221636944e-04 2.568453390443272929e-04
5.476440199242720155e+02 4.568252183152445696e+02 1.514760631777119053e-02 4.034609305750003205e-02
4.707931652438195442e+02 4.617199099768388351e+02 -6.441132072492370634e-04 3.995937323606589954e-04
5.833982799126173404e+02 4.493765281234479971e+02 -3.602490620152712895e-03 -6.265147126374124263e-03
6.073509132783204905e+02 4.493670697912387482e+02 6.772291810370286227e-03 6.779428655274593804e-03
6.461980296851538697e+02 4.435696723122346725e+02 4.604752466530224325e-03 -4.229453877672826115e-03
5.614791021036634220e+02 4.599187716026538624e+02 -1.526947203199547839e-02 1.907611418855054619e-03
6.244894781696249311e+02 4.516474453856958462e+02 4.183849892173708944e-03 -5.527551435428035113e-03
6.080256230418470977e+02 4.560203353571086495e+02 2.768185264151068036e-03 -5.295733904596667055e-03
5.827510081339687531e+02 4.664400997427052289e+02 2.474706644788696522e-03 1.536076679809807990e-03
5.424094759037109270e+02 4.756239391929831868e+02 -3.103604120285423915e-04 -7.085824674037563727e-03
5.713431128554119596e+02 4.735049220190097685e+02 -3.830981479303196754e-03 4.523508760931434051e-03
5.160474817095173421e+02 4.814996144305929420e+02 1.411915429535739487e-02 3.983025809446590765e-03
5.578811844496190133e+02 4.794270135540259048e+02 1.322488864759566868e-02 1.260840030004101685e-03
5.753735460481152586e+02 4.770412002536449450e+02 -4.649306198132870972e-03 -1.053564288687795954e-02
5.237163074774751976e+02 4.887789329195741743e+02 3.372045858177803723e-03 4.335807952901236115e-04
5.426653538006281678e+02 4.859681148096803440e+02 5.322432230193296053e-03 -3.365790558223800532e-03
5.822505610772648197e+02 4.878933170590512418e+02 9.285993627991677738e-04 -1.728382701885763744e-04
6.066384685853063274e+02 4.850185170828839887e+02 1.167652737145130751e-04 2.236219209871053056e-03
8.333203936142654129e+02 3.629910098391399060e+02 -2.760754674042827442e-03 2.668911583961546159e-03
8.278745596607801644e+02 3.709415871919753158e+02 -3.239562345660632146e-03 7.100234017094286462e-03
8.156166741194907672e+02 3.874683065553070946e+02 4.258306779423820521e-03 7.115827912843547196e-03
8.353339389450584349e+02 3.970573081147343828e+02 -5.678333364138473532e-03 8.223944393260934627e-03
7.028418233155429107e+02 4.155078309297256283e+02 -7.897178951379422648e-03 8.340822596071823100e-04
7.556205663931608569e+02 4.405615024419133761e+02 -1.517276169560507690e-02 1.993019203392141191e-03
9.737100811481396931e+02 1.697143615329667909e+02 2.752528398716459421e-02 -2.688178313672274708e-02
9.853335185814422630e+02 1.720666765042963959e+02 -1.281127175050164862e-03 -1.153266445750925420e-02
1.077708810743460162e+03 1.770449917217222264e+02 3.753278365582103648e-02 -8.213953704887866358e-02
1.128011408608654165e+03 1.994405413599029941e+02 -3.996391793781761681e-02 4.562940929608682444e-02
1.055257700555046995e+03 1.876654201318340824e+02 -5.188883432977194066e-03 2.453375569016704588e-02
1.139217796916965426e+03 1.907573364859319724e+02 -9.773721391526339966e-03 -4.260575489509094995e-04
1.102390988463850363e+03 1.818553716681151968e+02 3.316916784551451891e-02 -7.032657030592276426e-02
9.797416504893226374e+02 1.987224305376486768e+02 1.634663986777977213e-03 -9.981853298785211583e-04
1.001318590499233665e+03 1.828256131324084208e+02 2.650572884917126726e-02 6.372334692959030766e-03
1.148160871638014214e+03 1.783454783623521394e+02 -1.516010098159745450e-03 1.927976381202706896e-02
1.000116253205097451e+03 1.663369734204742940e+02 -7.059433766535266885e-02 1.161778650540926106e-02
1.060384017865631677e+03 1.960818988023585803e+02 -5.203588126854504642e-04 -2.380013573570641770e-03
1.091098792743258173e+03 2.031238018260845877e+02 2.350601667333396955e-02 -7.344373474997029083e-03
1.078505108534207011e+03 2.197360375284775387e+02 6.151502595126784323e-03 6.438949547995241433e-03
1.107157769015382883e+03 2.188193665096174527e+02 3.434157606486701320e-02 -1.876388699824107402e-03
1.119613036118910259e+03 2.183066701233628351e+02 3.100762179711537975e-02 1.473865820840652117e-02
1.130371742441055403e+03 2.092360791098705590e+02 3.740388618222039840e-03 -5.981819456957338486e-03
1.103166523473431880e+03 2.916187274356403805e+02 1.204783660970370346e-01 7.935987338555099135e-02
1.013448022426446300e+03 2.361723647244744768e+02 6.145173434389908894e-03 -4.421074728180420139e-03
1.147358316345297453e+03 3.075680249533464234e+02 1.434824581592737958e-01 -1.684450498488772666e-02
1.024168552668017810e+03 2.754588403012675144e+02 1.811335904094583775e-03 -7.059939688228005286e-03
1.119033875907459787e+03 3.203107829352121030e+02 -5.588631659439571679e-03 3.515789004397181904e-03
1.060395027218546375e+03 2.981772604303002367e+02 9.671474901918795941e-03 1.624594880972340960e-04
1.044066098209150141e+03 2.874106473129362485e+02 -1.235345836264986966e-02 -1.598372868353059237e-02
1.073148260381679847e+03 3.142062331425682942e+02 -2.075432012212908087e-03 8.250790275184553130e-03
1.054449952521415071e+03 3.203115130872407690e+02 -2.657018922900984074e-03 1.046830430649975862e-03
1.079230508113727865e+03 3.229002769212013959e+02 1.741287157112382565e-03 7.109093952994773730e-03
1.177743770234104431e+03 1.735550979140840866e+02 -8.026821890834440892e-03 -8.117730157431481131e-03
1.165566332111376141e+03 2.092302732392663813e+02 -3.978399297454308231e-02 6.893627789394804473e-02
1.184900546549320779e+03 1.857163769655924170e+02 1.830294848557761922e-02 -1.812149908874662041e-02
1.146000816465948446e+03 2.189722972168483466e+02 -1.299730008616117351e-02 3.108658926812596715e-02
1.160385176805556512e+03 2.182346665557205938e+02 1.733655415043610509e-02 2.123557016560507008e-02
1.198381400097615824e+03 2.032788330673683959e+02 -7.876909343178682601e-04 -5.931787077409945638e-03
1.192574127767809841e+03 2.279628396203050329e+02 -3.644901183030591421e-03 2.799299994575840667e-02
1.161292574210008070e+03 2.385155709959340413e+02 2.721480796725529033e-02 9.849957355601669795e-02
1.185192641477687175e+03 2.348809791750969111e+02 1.418884637288362824e-02 2.572289076468477556e-03
1.199903568401318580e+03 2.288229259674775449e+02 4.010668117353536830e-03 -1.805325055952965510e-02
1.204272762813350710e+03 2.346429616240052383e+02 1.799189904009286869e-02 -4.448362933411820902e-02
1.194961276655709980e+03 2.411205864949176032e+02 -1.601869897900532955e-02 -3.102391148900096596e-02
1.185583819949819599e+03 2.542185583197072845e+02 -1.120971039958616050e-02 6.357487722056584002e-03
1.215757833807946326e+03 2.536168129991033027e+02 -2.257310423182938564e-03 -7.179274570447514124e-03
1.204917414528006248e+03 2.629633070343148233e+02 2.974166294563366088e-04 9.454072034118595966e-03
1.273118214006606195e+03 2.608115121185749103e+02 -5.685966505005594397e-03 1.630583685748728667e-02
1.133294904960203894e+03 3.247690152848321077e+02 1.464395590821620423e-03 3.805033197975285237e-03
1.204222008259036102e+03 3.565234828605534290e+02 9.397495510544860362e-04 1.627851033726465885e-03
1.112105032909880492e+03 3.498318004853825300e+02 3.254826880924165111e-02 -2.668007886871063758e-02
1.205096663341817475e+03 3.924707190779047323e+02 -5.592220803408162223e-03 1.610576647997074467e-03
1.224058757108721920e+03 3.974474675338954626e+02 2.201690075381601639e-03 -3.386340240114809382e-03
2.760684381291521277e+02 5.594444568733221104e+02 7.684892877766697460e-03 -3.719520859248189124e-03
2.378670365617895470e+02 5.854416401874849498e+02 -1.711826870815195273e-02 3.725254068235069049e-02
1.833745376568412553e+02 5.642902513840733718e+02 3.682306135726466645e-02 -3.566077709085855446e-02
2.435363277188679660e+02 5.910182233218752117e+02 -3.605864021704017347e-03 -1.683526740053272255e-02
2.493796848810945335e+02 5.938655727461726883e+02 -3.771836320248723572e-03 1.501848976178536861e-02
2.767688459264177823e+02 5.724103215897840755e+02 1.977825815672666458e-03 5.004113864701328906e-03
2.927058727554064603e+02 5.759793753954654676e+02 -3.199148685208154722e-03 -7.006476026075202090e-03
2.991380912893623076e+02 5.779145110692414846e+02 -1.511447539685084997e-03 6.649257644348475832e-04
2.431177034251600730e+02 3.856492374648169630e+02 -6.917651337621695540e-02 -2.778373997378772997e-01
3.174101182554363731e+02 5.359229576458036490e+02 -1.659973047932259858e-03 2.197700410413357727e-03
2.747633588297682081e+02 5.903259534605531371e+02 2.241214173727937471e-03 3.478886921048698292e-03
2.146502329082851190e+02 6.170502278533713252e+02 6.855852204326970227e-03 -4.768521303992318688e-03
2.720749716356611998e+02 5.924236465834368346e+02 -2.309311227843026219e-03 -3.888024248495450686e-03
2.333719267872314163e+02 6.136227085330780255e+02 -2.222853869792830971e-03 3.375672715452256167e-02
2.777207699446711331e+02 5.931391453157699516e+02 -1.631070147169848012e-03 3.479128069045037651e-03
2.454800821581300738e+02 3.977300510574082182e+02 -8.271814255774198599e-02 -2.932313813139517666e-01
2.865074183493742339e+02 6.072096412342431222e+02 -4.389948954158148613e-03 -2.288000972578512187e-03
2.495208545315033462e+02 6.050648205610190189e+02 -4.092846052350521298e-03 1.632423822253136966e-02
2.799658483827410578e+02 6.011918789586771936e+02 -3.810761273212387792e-04 -7.279515216655139649e-04
2.462035324057480068e+02 4.037059697184820948e+02 -6.886456457697907874e-02 -2.923752763694230650e-01
2.982343772944010993e+02 6.047876765472649367e+02 -6.980848810489942956e-03 4.383068464811471811e-03
2.821831463546570262e+02 6.141344749213117211e+02 -3.425349461603745087e-03 1.307952316014646772e-03
2.377469484262258561e+02 6.243563007612613092e+02 -1.708543171611745168e-02 2.543540702285243538e-02
2.507795792977732390e+02 6.220760298141857447e+02 -1.479769872262711849e-03 1.225267594162854183e-02
2.967605181151741363e+02 6.146010054130806566e+02 -6.764459126012154280e-05 1.722299420361430178e-03
2.552427581244758983e+02 6.242479757650394276e+02 4.555925563916542534e-03 7.208876459842058007e-03
1.547260852590382854e+02 4.883568121064528214e+02 -9.218998903249438215e-02 -3.201270602577515612e-01
2.273883664793320634e+02 6.297316919646149245e+02 2.827385437472408527e-03 -1.508488624279938394e-03
2.443613254033802775e+02 5.105605260298328290e+02 1.595542562056571356e-01 -2.259421998946379018e-01
2.335247786165508046e+02 6.310207152934233363e+02 3.322753793338956933e-03 -9.942704255284091192e-05
2.845583625365884473e+02 6.238336928677900914e+02 2.016187163569679083e-03 -1.632570984364938808e-03
2.447359864536167322e+02 4.992625775704083821e+02 1.197255724249439990e-01 -1.442407134364091237e-01
2.429109327477013380e+02 6.293320939568138783e+02 -4.553042362848972233e-05 -7.240806803239219734e-03
2.799421289706652374e+02 6.336716620382533165e+02 2.563794844128537893e-04 -1.469197062146243918e-02
3.000222017748378676e+02 6.309080834846362222e+02 -9.596801757577013564e-03 2.045269194850379488e-02
2.696218096601762113e+02 6.335471799210013160e+02 -2.988219200057692912e-06 -3.459207222050227331e-03
2.243218256495531477e+02 6.428924626009643362e+02 -9.144116981446185699e-04 1.507757822126466057e-03
2.846690046995071270e+02 6.381479111395586870e+02 -7.982745226288420802e-04 -7.089189294777155891e-03
2.938757135992585177e+02 6.354755031474816178e+02 4.067011894877319532e-03 -8.007505291510653989e-03
2.179573313473258338e+02 6.454391003371332545e+02 -3.282127043407268800e-03 2.177904551824284655e-03
2.382254199750553880e+02 6.419486580623656664e+02 1.121182257112045971e-02 -3.775780485081875557e-03
2.582469854019934701e+02 6.395837332273905531e+02 -9.822374228060698400e-04 -2.429876792979763968e-03
2.647913964925513710e+02 6.399735608653654708e+02 -2.438254238256268823e-03 -6.265719457781298435e-03
2.296063445401541401e+02 6.561898489195427828e+02 2.085218851165660751e-03 -6.880757867817676810e-04
2.613434110357721352e+02 6.555069714568644486e+02 4.995209525782567245e-03 3.380779185911453755e-03
2.689709665674450889e+02 6.521758093517795487e+02 6.391553848565723235e-03 1.609661773685918795e-03
2.374228562888605438e+02 6.560359715541461583e+02 4.688536727719779494e-03 1.359627399495699426e-02
2.907896350226571371e+02 6.526667346474624765e+02 1.200486569512865427e-03 8.833242570294668958e-03
2.738975786012127855e+02 6.585448667589323577e+02 -1.463417101905800481e-02 1.238813742695763810e-02
2.490515306805347677e+02 6.620932309127633744e+02 2.079471245838361657e-03 8.524614328827269036e-03
2.563153654910810815e+02 6.668910105510916537e+02 1.250391795030853870e-03 1.390088691722991300e-02
2.509821100406558401e+02 5.425093438091765847e+02 7.803882258808765571e-02 -1.431610027079166236e-01
2.084652699643327765e+02 6.702764672508797048e+02 4.681798526426424190e-03 2.893351687713459353e-02
2.282494186928511510e+02 6.692315908978796415e+02 -8.312886024510130270e-04 -2.598197880339996220e-03
2.617941942371003847e+02 6.692203822810414522e+02 -2.838811657099736541e-02 -4.003490034943472942e-02
2.700835079313096116e+02 6.664473544356053480e+02 2.409616477491048712e-03 -1.024119228946072414e-02
2.444646034376068258e+02 5.490931101058720287e+02 7.587886134423219020e-02 -1.431825608525694460e-01
2.012360390884232118e+02 6.958587176273143768e+02 1.085982482862001865e-02 1.482996542621704827e-01
2.285456322966451523e+02 6.721461491144679030e+02 -1.188265429628263285e-03 -3.438979838505258602e-04
2.380563703149787784e+02 6.800828947796388775e+02 -7.107831979656640750e-03 -1.004016679693639155e-02
2.458936341962009067e+02 6.842086735174252681e+02 1.858938774064415730e-03 -5.917755770575817368e-04
2.109294576266832735e+02 6.884636126320905305e+02 2.193044930775096824e-02 6.137062618174042757e-03
2.249429860218885153e+02 6.835749900326431998e+02 -6.433012657240478292e-03 3.839105865660649708e-03
2.175373637154016819e+02 6.866613161658633544e+02 5.428898417042744666e-03 1.251492843281165916e-03
2.840557120017725765e+02 6.824596200020918104e+02 7.221363442215646220e-04 -6.839612490779526733e-04
2.329540448111431772e+02 6.879952193070938620e+02 -1.666685524667099738e-02 3.628418235680868926e-03
2.418452717761955455e+02 6.915873377837328917e+02 1.377238299546059211e-02 2.057000592560710803e-03
2.033594748950815756e+02 7.110917788117825467e+02 3.677063542828264706e-04 1.056287734872269207e-01
2.163275464426069732e+02 6.936492479120322514e+02 5.087506613558942688e-03 1.688627256629446913e-03
2.232146690001425782e+02 6.946171508107400996e+02 4.613309077893351824e-03 4.521715855479678352e-03
2.778180296869998642e+02 6.880715000630954137e+02 -3.870027843555083375e-04 -1.063635829737985842e-03
2.518896467721897068e+02 6.934484577869108080e+02 -8.241256299394499833e-04 -1.960467478052168515e-04
2.684608787984532228e+02 6.938536630220784218e+02 -4.454947202000515065e-04 -1.987187513775844853e-03
2.749186050381222799e+02 6.953461947818307181e+02 7.977752091849174597e-04 -8.361730976162107254e-03
2.603350522543132115e+02 6.993127311040176437e+02 -2.646921031227277704e-03 -1.776153601983000707e-03
2.553957601426005226e+02 7.018191163456310733e+02 9.723892332145017692e-03 1.573511279475767058e-03
2.454770760084516326e+02 7.017223223537648664e+02 -1.792059238940140820e-03 -4.014423987177005541e-03
2.488785114965822345e+02 7.070712205950168254e+02 2.519273005004428554e-03 -8.290259209673529750e-03
2.695570166170390394e+02 7.038300266844689759e+02 -1.766649882222056820e-03 -1.377131912435477709e-02
2.592226804534219013e+02 7.081498755884310867e+02 -5.231661967956266002e-04 -3.869373626642273398e-03
3.242244209729712452e+02 5.444409031386700235e+02 9.903315312616281160e-03 8.008395464888972554e-03
6.039522030696223283e+02 4.968780396214620509e+02 -2.567018820043290989e-02 3.227074226717685512e-02
5.912039075684651834e+02 5.518496285405335584e+02 4.045293161825859185e-01 1.632852227035028192e-01
2.621669894532560079e+02 7.113188158844203599e+02 -1.745644182078942173e-03 -8.943554349169215503e-03
2.186034521558651704e+02 7.165524600934211321e+02 5.519369050228189327e-03 -1.569978753887331727e-02
2.660739738204737819e+02 7.122559521904661324e+02 -4.440126417173563024e-03 2.663584736969914005e-03
2.514106570418661590e+02 7.141423942302500336e+02 2.511858243210689061e-03 -1.448172753751773845e-03
2.146718722917366051e+02 7.258879800317425861e+02 1.260649815887967401e-02 4.761460126762205244e-03
2.267171204145036540e+02 7.206822031449542010e+02 -2.863332823711001000e-03 -7.690769870779635975e-03
2.462122699447237437e+02 7.179827089417055959e+02 -5.960695566325329743e-03 -1.536515002293085443e-03
2.217007952102998161e+02 7.259306203998529554e+02 1.363216154740063855e-03 2.336714607564781623e-02
2.487898442467618167e+02 7.191669317291966763e+02 -2.341195733937568788e-02 -2.513977115673282636e-02
2.120630115564270568e+02 7.387963164362012094e+02 -6.639232748887812993e-03 2.100672379012083479e-02
2.354094170964375792e+02 7.253326947501026325e+02 6.894734297986534338e-03 6.052681043206800844e-03
2.421752411362566306e+02 7.236755409850877641e+02 8.879565166860501832e-03 -5.890487613559082687e-03
2.160374641397343964e+02 7.621290378005991215e+02 3.965545005233326800e-03 -7.490889064098551695e-03
2.460953515194700003e+02 7.284310506966307912e+02 1.019676192909893964e-03 -9.100167540899036216e-04
2.621929854158154853e+02 7.276101248717297949e+02 -9.736807204656134154e-03 5.503895125590170176e-03
2.194685093107024159e+02 7.345934317629541965e+02 7.971822161246875163e-03 1.078060089692974878e-02
2.550438543561984091e+02 7.294373635025531257e+02 8.893112227654699400e-05 -4.365624109400099463e-03
2.379990702158692670e+02 7.355765823944936983e+02 8.058182268634013143e-03 4.274609260957083594e-03
2.173039781885368598e+02 7.474887829010986025e+02 -2.544322501083060364e-02 2.440515948410505731e-02
2.301377510877215684e+02 7.454086762886238375e+02 -2.764875944452828416e-03 -3.839706389852484518e-03
2.453264361087591396e+02 7.438584421999449887e+02 -1.871122458701753250e-03 -1.324516150300766686e-02
2.412231275272702078e+02 7.468938598573669196e+02 1.035481620403087138e-02 -3.602833350638851885e-03
2.561420806991383756e+02 7.454135880205086551e+02 -1.885752981831843780e-04 2.627537350773840631e-04
2.516649301642059697e+02 7.502495523841403156e+02 -1.597681081275233173e-02 -1.535115690671323176e-02
2.438176881632658706e+02 7.540399139281672660e+02 -2.239838581631082345e-03 8.791563422649611992e-03
2.322008031239069226e+02 7.627529684367610798e+02 -3.760209108998588401e-03 8.221444035923626548e-03
2.480028710806513743e+02 7.605109482889338324e+02 -2.797029360312528867e-03 1.195568470717770990e-02
2.419043048701061025e+02 7.611082322628155907e+02 -7.526372447981398428e-03 -8.054182089728044447e-03
6.343123003325936224e+02 8.220188512883338490e+02 -7.008817237829584670e-04 7.981251195959353749e-04
9.124568789346853919e+02 8.058899117587802721e+02 2.905434020393309578e-04 4.671380330670794147e-05
9.948596033533278842e+02 8.018496981309177727e+02 1.240982304255177672e-02 9.009836312600889852e-03
4.599121500275622338e+02 9.415874142307103511e+02 -4.600402511904000164e-04 -2.540232584722994756e-04
7.176222860978674589e+02 8.706258368938372314e+02 -4.468996479784994973e-03 1.540652142355134185e-03
7.423948706246891334e+02 9.046961622170446162e+02 -7.045234055421231885e-03 2.965703399089905743e-03
7.291132873952014961e+02 9.135036322068675645e+02 2.223569110072384260e-03 -6.025069000441920890e-03
7.462307183675054603e+02 9.094567618551177475e+02 -8.934032900564453043e-04 -2.468269436995247862e-04
7.340192270740022877e+02 9.159144570929115616e+02 8.707155897004758074e-03 2.103035255035732556e-04
7.065421918888531536e+02 9.277009590398779437e+02 -1.626586762438364531e-02 -9.139701911016625061e-03
7.270949855840916598e+02 9.342499790536036244e+02 -3.919123323854445916e-03 -3.852972567500782559e-03
8.826315563210066557e+02 8.481803942402028724e+02 -2.832023701028735631e-04 4.143022484541770099e-03
8.871092654959145420e+02 8.525313212354436700e+02 1.171582008312766106e-02 3.895296903602675238e-03
8.674877390701806235e+02 8.805516430785561397e+02 -1.373044834168233620e-02 -7.867819239450990140e-03
7.555082495422147986e+02 8.936438593366802934e+02 3.535293869169823361e-04 2.084662372737403752e-04
9.956609791298496930e+02 8.128703077765436547e+02 -4.569134246629224724e-03 2.590084791727979927e-03
9.538021836202600525e+02 8.142171754216259387e+02 -2.031960983190806845e-04 -4.585457392180398973e-04
1.013214091816275754e+03 8.092159088805557303e+02 -4.141548768616573270e-03 -3.792254012340224439e-03
1.017822272750021170e+03 8.134885466639706237e+02 1.718369793308630782e-03 -5.320932066795892174e-03
9.613131068673307027e+02 8.195098362324220034e+02 -4.575176869763600794e-03 2.512135662615523624e-03
9.711263438764345892e+02 8.154646886462778639e+02 1.783280388995891422e-03 5.575565846118137568e-03
9.930514734049440904e+02 8.184381208765166775e+02 1.211764872627244059e-03 -4.717579176388939652e-04
9.318218096351979511e+02 8.216668081774565735e+02 2.218499357862281987e-03 2.489506822919540941e-03
1.029122063666164422e+03 8.189132287198359563e+02 -6.774400029713649810e-03 -2.097635252274957039e-03
1.038344156671399105e+03 8.268143748152398302e+02 5.068603389267225742e-03 -1.690608850905468176e-03
9.848452400856464237e+02 8.303905498673767624e+02 -5.657597304683363061e-03 9.413833585506719420e-03
1.062619806342861239e+03 8.276582127009186252e+02 -2.688736208193125230e-03 4.024841677533859885e-04
9.344235041458990736e+02 8.285135391409113481e+02 1.804348163248748610e-02 -1.080651505829940441e-02
9.688823254358466102e+02 8.311369912974018916e+02 1.121879224198851603e-02 1.213877232228444646e-02
1.028895971011871325e+03 8.276656346699550113e+02 -7.869427791387585691e-03 -7.091539783046565959e-03
9.232020268520323043e+02 8.333062090423786685e+02 1.529501108903462804e-04 7.507039167862920902e-04
9.918069935468662379e+02 8.307178927807202626e+02 4.834261394231218270e-03 -1.665876506103588671e-03
1.042798730970027009e+03 8.304421443421597360e+02 3.417614078524920098e-04 8.024865991126600012e-03
9.564419343362310428e+02 8.414227989357793831e+02 -3.642703590386001545e-04 -6.083831320199919145e-03
1.029746328144840163e+03 8.425322525843462245e+02 -6.590658339953482138e-03 1.870171857856100942e-03
9.341624129302306301e+02 8.443716436971349140e+02 -8.247689052330378634e-03 -4.105516703980986379e-03
9.850707150898182363e+02 8.463628581623798937e+02 -6.330721750585029117e-03 8.987576095721420966e-03
1.050683486870625075e+03 8.474882580056131474e+02 -8.180470947356280028e-04 2.757529609536981969e-03
9.360185974679111496e+02 8.526349409355302669e+02 -4.041024665958944072e-03 2.039161691935096297e-03
9.872660363014742870e+02 8.508373400243078777e+02 -1.761408572233021802e-02 -1.186892816762639621e-02
1.053856050221840633e+03 8.532637632892924557e+02 3.775815469178287224e-04 5.484389921124071220e-03
9.417486822443298706e+02 8.595089831988109381e+02 2.081327410651553564e-03 -5.992128646798531612e-03
9.059781342368908099e+02 8.624425835913971241e+02 3.494911218311217913e-03 1.189317726543056685e-03
9.227877134250569497e+02 8.641929777722891686e+02 1.983265351371206811e-02 1.394085519654938640e-02
9.920788318085487845e+02 8.610330902751558142e+02 -8.462530194758146468e-03 1.628428902431731354e-04
9.584859691375002058e+02 8.646385624079991885e+02 -7.560698089707896901e-05 4.589875151269903818e-04
1.029169430719286993e+03 8.594619322848801630e+02 1.182523182484768003e-02 1.199165731922297896e-02
9.011551796364552729e+02 8.711620295178372544e+02 2.991726133201821208e-03 -6.746960495858351538e-03
9.275015864535128003e+02 8.710282388730279308e+02 7.177633488280175944e-03 3.199975024356285520e-03
1.036111960232301726e+03 8.652642717336979103e+02 -2.795428273486214553e-03 3.392352206971493284e-03
1.027699820213254725e+03 8.675647786172496581e+02 3.160037200409037978e-03 -1.090971264062601948e-02
9.209310577537968356e+02 8.783332078738317250e+02 3.138949092161366639e-02 8.062437177850280282e-04
9.578891267097648097e+02 8.822605563935836699e+02 1.964543404514445049e-02 -4.123466654441652196e-02
9.211252777093997111e+02 8.912354333022243509e+02 -5.898728483595669153e-04 1.001492668953939862e-03
9.580974437447216587e+02 8.917594956972617410e+02 2.468017275593257717e-03 2.049676255217824580e-03
9.066724867058384234e+02 9.235829039558484510e+02 -1.694511944242774572e-03 7.224561710270088625e-04
9.002184489219430361e+02 9.278185314427987578e+02 -1.045199634195161792e-03 8.741797853417665465e-05
7.292937526573903142e+02 9.412540290422296039e+02 -2.738303446661949272e-03 -6.052830793403853396e-03
7.288539723483449961e+02 9.593385345287717882e+02 -1.287152890637512917e-03 -5.365751198784738871e-03
7.356831590286584515e+02 9.655120453227960979e+02 -8.525437151570033727e-04 8.099892813991366311e-04
7.276896492601591717e+02 9.765228304624297380e+02 -3.467401103046423554e-03 2.188944931083032248e-03
7.363463535409694032e+02 9.742416095727795664e+02 -3.434853676023999231e-03 6.624442885589643636e-03
7.290681820113022695e+02 9.823740779850976423e+02 -7.553055359895182645e-05 4.364307795435481800e-03
7.089425478270234180e+02 9.910251822662017958e+02 4.541070306756167041e-04 1.524720499746042967e-03
7.149816924429808296e+02 1.011469202569535696e+03 -3.979859618280303670e-04 -8.531889882970242461e-04
7.048769624860553904e+02 1.023746540062202257e+03 -8.686333361313222689e-04 -5.046351702168238402e-04
7.852618648794317551e+02 9.416601839888458017e+02 -7.610163938431136268e-03 1.248824663716979755e-02
7.914687265930240301e+02 9.425898589184192815e+02 -1.129495569309575849e-02 -1.314273576444930335e-03
8.076155682815044656e+02 9.420315967634362551e+02 -3.326051243887080244e-03 3.142715594005701749e-03
7.823454872509470306e+02 9.499712247974108550e+02 -8.189308795244239561e-03 -4.961338140054130652e-03
8.089679576691719376e+02 9.504421971139790912e+02 -1.437346245027826958e-03 -2.227094898201060613e-03
7.899846452710568201e+02 9.541367256584085226e+02 -1.200745439855426845e-03 2.269097835309286017e-03
7.718727189909044455e+02 9.571699283448259621e+02 -3.075663390183024743e-04 -2.027282800848315657e-03
7.732068032758202207e+02 9.618195482816249751e+02 1.402861952118259446e-02 -3.724060670801108194e-03
7.514402697761328227e+02 9.615308708867287351e+02 4.801376716459749595e-03 2.611748335494207610e-04
7.604628442457769779e+02 9.630376941597704672e+02 2.486631040644151670e-03 1.471095794888224425e-03
7.633057305056593123e+02 9.648203964687088501e+02 -1.191147244637727216e-03 6.972967647844499346e-05
7.506058211806173404e+02 9.696433853202690898e+02 4.863083308549957101e-03 -3.910576751097620540e-03
3.781381684107502679e+02 1.077463319082012731e+03 4.119577962847590855e-03 5.494291422362245977e-03
4.002644249018038636e+02 1.068193457725380767e+03 2.328505622530189969e-03 6.159195295016489657e-03
3.651519695308974747e+02 1.088603981842482426e+03 1.285559365493946444e-03 2.810531802158876442e-03
4.049128439987518391e+02 1.070250632344081623e+03 8.695343639155255974e-03 -2.616784211383700945e-03
3.834022803590141848e+02 1.084856632125758324e+03 1.839839850181914163e-02 1.151618995785755328e-02
4.113927772976657025e+02 1.077618633829233886e+03 3.962852708340424725e-03 7.028285894042854073e-03
3.764536732975921609e+02 1.090914353968747491e+03 9.519400737940374516e-03 3.761806644895319355e-03
3.794715621312210487e+02 1.096675615484846048e+03 2.127513681701017831e-03 1.416289446661712762e-04
4.095397080918809820e+02 1.089636533098040218e+03 2.794141298226246635e-03 1.884971429845872307e-02
3.959933545814032527e+02 1.093143509947201210e+03 -5.146892479015465448e-03 -3.914906658968056127e-04
4.277640781416505433e+02 1.068761307418192018e+03 1.069366521162937525e-02 -7.720105947022026446e-03
4.330423336262032308e+02 1.084087644104865149e+03 -2.807913315445539904e-03 2.438553680367296778e-03
4.446910193131855635e+02 1.091898080706390601e+03 9.503630107751137330e-04 2.556695296451574114e-04
4.486585418806711232e+02 1.097142978122519025e+03 -3.094282718701932885e-03 -3.540504966581871273e-03
4.816349237295069656e+02 1.098996640207147948e+03 -3.852050446051062931e-04 -1.004663277374468052e-03
7.044425152942409341e+02 1.036444066279338131e+03 -1.265674148120668669e-04 1.309100755384176893e-05
7.518568797914357447e+02 1.067573319457103707e+03 -1.749414125760546913e-04 -7.179450648558179798e-04
7.456201917766304632e+02 1.071468803938694919e+03 -4.619471570383058487e-04 2.497551473258528484e-04
1.310717455537939031e+02 3.249459965168026088e+02 -2.392602175939711172e-04 -1.752434991888071874e-03
3.196469285352642942e+02 4.992341391218305944e+02 4.028524962205217580e-02 -3.843183694387150226e-03
5.050305698488975850e+02 4.340763022798396378e+02 -2.863283891334371042e-02 -3.685260329446786443e-02
6.289248512519187670e+02 4.594399913625741192e+02 4.713539984417330301e-04 -5.625280773446914885e-03
8.098060357357979910e+02 3.556061022075879805e+02 -1.823767590179717389e-03 -1.677890667119664656e-03
1.158079029141683804e+03 1.792236603658606100e+02 3.697717937647401060e-02 -2.467409629817955696e-02
2.207920456712522537e+02 6.152626700133636177e+02 -2.953657275058744688e-02 7.736791591035867277e-02
8.507207992445668197e+02 9.315482371340683585e+02 -2.063604749708355262e-04 1.182182490382918238e-03
3.708373262426955534e+02 1.061883101701397209e+03 1.004435631730899239e-02 9.378074385373417338e-03
2.589428231134413636e+02 5.037407346590100587e+02 -6.934218018703533493e-02 1.079422401087649502e-01
1.085778961633128347e+03 2.238299868408868463e+02 1.672925045527741059e-02 -5.263930629992429056e-02
1.171214155952599640e+03 2.456503367085659875e+02 -7.694837414867447198e-03 8.673146413043345687e-03
1.236601609700803238e+03 4.023781828650897978e+02 -3.057768807355045002e-03 -7.002999639576946295e-04
1.004901451184102484e+03 8.330903723351284498e+02 1.375457728783550232e-04 -3.627113237519885331e-04
8.996371249465406663e+02 1.102315138045476033e+03 -3.588299239918522313e-04 7.866052049524627785e-04
1.128262770233240190e+03 2.428625134756427428e+02 2.622322951947578598e-02 2.257814311252559492e-02
1.025679119856412626e+03 1.944036464416526258e+02 -4.864960554089358541e-02 -1.979943865160972150e-01
1.165289428064992080e+03 2.460881425685569752e+02 1.027992610675658447e-02 -5.525312519213207256e-03
1.152817842083348978e+03 3.735712071972479293e+02 -2.657574686290809993e-03 4.200510479172340009e-03
2.163819382759720042e+02 6.591703818983526162e+02 1.067682716794560475e-03 2.803679397859446020e-04
1.005557799612415579e+03 8.460089877804391563e+02 -4.025069379975878929e-03 -2.860470633891392181e-02
1.175496244300986064e+03 2.307797437870922295e+02 -7.414472029319704727e-03 -8.674613112736668380e-03
3.006934241109464097e+02 6.389025898773307972e+02 5.505638163676489227e-03 5.170438330528758300e-03
2.707746524068750205e+02 5.597697272268544566e+02 7.823318007087711606e-03 -1.385238629828869838e-03
2.819735035290627820e+02 5.642256920269006741e+02 5.797542352714608535e-03 7.481585430233587269e-03
2.556343013698311779e+02 7.083441480820183642e+02 1.335912063535321778e-04 -5.228488593430294807e-04
4.995881436015819190e+02 5.240434883518024662e+02 -4.315439397409404076e-02 7.664481625585546631e-02
8.247845987952599671e+02 1.102292067895907394e+03 -2.515625026712813776e-04 2.968833894236481779e-04
2.764674435537828572e+02 4.843834852797134545e+02 -2.195441665762104186e-02 3.153983520383452643e-01
2.241975512484687272e+02 5.441259956778445712e+02 6.859265036841309671e-02 -3.030963000132447238e-02
2.615144321072654066e+02 6.799566335658770413e+02 -2.323415822463450325e-03 -1.134261372565578989e-03
9.599133212000263029e+02 8.464665323623278255e+02 7.390113071076232160e-04 -2.730475455044341186e-03
9.501241118628729510e+02 2.476632297496689148e+02 3.402109473915633248e-03 -1.134888708972088024e-02
1.125113797262218441e+03 3.426211284160527839e+02 -2.889108877748230476e-03 8.311216842615310602e-03
2.259715332299320494e+02 7.564871722008019788e+02 -1.296648878039404493e-03 3.409214384595822458e-03
2.581028877937494030e+02 6.787123778295766670e+02 -5.269627716820020043e-04 -5.466989359049849104e-03
6.018114234665993081e+02 4.886453132273521192e+02 9.386784713322160684e-04 -3.278561001840025243e-03
2.204236371559084944e+02 6.320369975317527178e+02 2.574584962537688321e-04 -1.101533528732812940e-02
2.787942580224751055e+02 6.515404039300429986e+02 -3.061543641651366058e-03 -6.922204956999218964e-03
5.383765174522088728e+02 4.209230483348115968e+02 -1.605747723738992425e-02 -4.265070547706493152e-03
3.010134676259100956e+02 5.184455492106611700e+02 1.933816712655788209e-03 6.834252291246185017e-03
6.169552807727613981e+02 4.848547718014847305e+02 1.596069859067146015e-04 4.748372900320024965e-03
8.112534722156051430e+02 3.639243750689727221e+02 -1.298825321557592653e-04 2.183791247276612140e-04
9.201783380051255108e+02 1.102280935624876065e+03 1.336197243733862425e-03 -2.361959461844583691e-03
5.349399572367296969e+02 4.557192976492455614e+02 4.539677441591652776e-03 2.036657643220498453e-06
2.088067891413313930e+02 7.220732569117017192e+02 3.002938338510834776e-02 2.416081390102513965e-02
2.229743829929504102e+02 7.643585005934835408e+02 -2.438128121553128583e-03 -3.081303792619605447e-03
1.344019248520150711e+02 3.996985441948027642e+02 -1.454058744590246491e-03 3.685297861125036434e-03
1.150388536602781414e+03 3.359511896618682840e+02 -5.005568441348340857e-03 7.506290662110861461e-03
1.071141888898167281e+03 1.537247833533060657e+02 1.240654870529068476e-01 -7.481419647440180898e-02
2.887503352457184747e+02 5.725159486843892864e+02 6.955155349996317710e-03 1.924034339725778225e-02
2.330428430309434020e+02 6.677076763952359215e+02 -3.720763577716904719e-02 -2.453514029425020102e-02
1.723735516161272017e+02 5.817847312301324791e+02 4.913614353070990155e-03 -8.894995556649501825e-03
2.436167424891613109e+02 5.420220933364737448e+02 1.220352589474650307e-01 -1.756387604480490194e-01
2.007032453044004399e+02 4.589077760150729546e+02 -2.584499803039743944e-04 -1.943821222850786309e-03
7.875148782722038732e+02 9.609985806528454759e+02 -3.720939847293230299e-04 -3.446577186559582166e-03
1.008290328311319058e+03 9.275650201241523973e+02 -2.242308406327385081e-04 4.584023438338130987e-04
2.707636117931510285e+02 4.221147093556326126e+02 6.718564595816964302e-02 2.749833724390753353e-01
9.183629478512591504e+02 1.102554849785174611e+03 2.233370629505545928e-04 -1.035332342499344993e-03
2.833278883787627933e+02 4.176005180186694474e+02 6.987775025578907284e-02 2.416640877172106794e-01
1.068752655431395169e+03 1.968033005343920649e+02 -7.115504686498302575e-03 1.678245843856928515e-02
1.076332288680771171e+03 2.114665636776591100e+02 4.664543372190213533e-02 -5.706432706610607697e-02
5.040116279298896984e+02 4.522709164427821520e+02 1.484578215554663164e-03 4.709043685850944827e-04
1.202877058312598820e+03 2.053747801251161889e+02 -7.346919856510596321e-03 9.826339373286472820e-03
2.737625293666561106e+02 4.168695409727672541e+02 4.741482701965504809e-02 2.388568499429344072e-01
1.114337344299859069e+03 1.584080888634165944e+02 1.812092202753729300e-02 -7.702587999481204373e-02
1.097425035799053603e+03 2.998050131943865608e+02 6.071140498819983626e-03 5.074624581296779957e-02
1.293663288906881917e+03 3.665777792232123034e+02 -2.755972160876934626e-02 9.982550868210520595e-03
1.045405153091584452e+03 3.127900316312711766e+02 5.508804704320054493e-03 8.480465594450469283e-03
2.314537001811607126e+02 5.178268889783456643e+02 1.276816022306008665e-02 -2.630405569428605483e-01
2.377348625608001953e+02 5.596789225579527738e+02 1.114766286412905427e-01 -1.797187236118775733e-01
2.108944261664875910e+02 7.184330416044713274e+02 -3.723460879613320167e-03 2.973557609514743821e-02
1.186407802160989149e+03 2.080683028617215484e+02 6.290623256277420687e-03 -1.527167918031115644e-02
2.870941877195667189e+02 5.528971780938820757e+02 4.290419371652277707e-03 -6.176751366935361726e-03
2.106690030947642640e+02 5.333302326475962900e+02 8.737967186678165243e-02 1.536338919048164248e-02
9.532909711789654921e+02 8.644443986130833082e+02 -2.072420769060486466e-03 6.339904230983820334e-04
2.766964567389335912e+02 6.129913803335787179e+02 2.765639960846283905e-03 -1.367784970044691527e-04
1.170268637377045707e+03 1.718576933870887160e+02 1.037158387843831317e-03 -4.481747954534201690e-04
6.352442869988814209e+02 3.919832646417951878e+02 -2.561316361685961676e-03 -7.363631550987011914e-03
2.287240462908466441e+02 5.310265786966663200e+02 2.955341427043960481e-02 -1.854166611374273299e-01
2.172197258873374608e+02 5.541933269510968785e+02 1.694422237704575063e-02 -3.026231581075890936e-02
2.752601292003614617e+02 4.522945139249767976e+02 3.387933437122424285e-02 2.776577355884994880e-01
2.180639279641942210e+02 5.236667700952222049e+02 5.602577018410670462e-02 -4.516376967870939368e-02
1.136951272152459751e+03 1.451826879642333381e+02 1.778841065346893017e-03 1.572638571129834515e-03
1.005573782055619290e+03 8.527727978844425252e+02 3.594915465943795442e-03 -1.104193777977532497e-03
2.289537132618423243e+02 5.566890738289629326e+02 1.060044185294716501e-01 -1.313544119391742704e-01
2.281645611852713103e+02 7.719141421147938900e+02 2.478902299211732056e-05 -1.028268563544487008e-02
4.968613503958006845e+02 4.766857785814906379e+02 -2.806820689602430949e-03 -7.817741200406855620e-04
1.039837785241278880e+03 2.995219960574440279e+02 4.478272982918731805e-03 -8.786418514842348274e-03
2.396549480267580350e+02 5.543762973833840988e+02 1.331407462726982016e-01 -1.409077768969427269e-01
2.976394329767563249e+02 5.624581236224456688e+02 4.844366707062579291e-04 -8.617648115110605397e-03
1.218480446839495698e+03 2.173243224079643312e+02 3.959583899883666741e-03 -1.282721830794418191e-02
1.171617426912318479e+03 1.446367658860132508e+02 6.208489893818449137e-04 4.613487258242489342e-03
3.378676758344959694e+02 1.081229908918450747e+03 -8.846405323412914398e-03 9.062802868365816980e-04
2.708891149523109334e+02 4.046561506224941809e+02 4.731318358575762467e-02 2.382027247447825735e-01
6.436198482896387532e+02 4.579466481981655193e+02 -3.112990918738757105e-04 -3.791862207739122356e-03
1.173678437823074546e+03 2.150957550674245340e+02 -6.481037130929462840e-03 3.373846056194456430e-03
3.138625923076845652e+02 5.587547685803177728e+02 -1.785526138183349048e-03 1.411290299706076303e-03
1.266215972132644538e+03 2.992617915606111865e+02 3.766036847775584145e-02 -5.374534551600111329e-03
7.526262941127446311e+02 9.147084851972525712e+02 4.642864746607877863e-04 3.792971773689282578e-04
2.359481275331453389e+02 5.199742443747890093e+02 3.066229865909759003e-02 -2.471946194798442520e-01
2.778775657345336754e+02 5.797215978782103321e+02 1.598229043591149756e-02 -9.847203746942633298e-03
2.863921164983202061e+02 6.467599860391325137e+02 4.461868471818803555e-03 4.322678862486595101e-03
2.417735377469446405e+02 7.715964526185102841e+02 4.762967978091027337e-03 6.194110026791070298e-03
2.365685388282211647e+02 5.495802729365029791e+02 1.425377013352743527e-01 -1.328352739479063682e-01
1.036067111212504187e+03 2.359906920799866157e+02 -2.352386818608132382e-03 2.301440573162527505e-03
1.118511505505492778e+03 1.683125707151935160e+02 5.892543692863846938e-02 -5.919822786054738939e-02
2.179702493786693083e+02 5.686833653735967573e+02 4.341000937056558456e-02 -1.253849176965280143e-01
1.027999498361608630e+03 2.812502391738604501e+02 5.287311872014398458e-03 -9.468674247749853459e-03
2.642693197974700183e+02 7.462210922129092978e+02 8.274510742501994028e-04 4.069408228172794080e-03
2.357282353886592432e+02 6.826565152807661434e+02 -8.166791117103305853e-03 3.217720297283840902e-02
2.681902956760517327e+02 3.855543885882671589e+02 4.670366596018717120e-02 2.137069547343068421e-01
1.257042930263723292e+03 1.888046002804861985e+02 2.629389435714803852e-03 -7.835924637047096686e-03
3.153286249918613748e+02 4.943343672835359257e+02 2.925520031524094129e-03 1.015941155114628847e-02
2.475270579101609769e+02 5.816663597818671860e+02 5.018374105112502828e-03 1.700726821826211224e-02
2.037157754890070294e+02 6.485545320677257450e+02 -1.700836158225528527e-02 -1.028421973255222270e-02
1.042673826232437705e+03 3.060444792084525716e+02 -5.555184866268676747e-02 2.074432038774929460e-02
2.698176588106479130e+02 3.755849268072107634e+02 6.258170262539788919e-02 2.354778200961094026e-01
2.817787177744509108e+02 4.932455602532879197e+02 -2.437627659820364948e-03 2.394006845879686762e-01
2.425248731198982171e+02 5.139946107553979573e+02 -7.028610372982867227e-02 -1.643710207206187934e-01
1.064953261170074484e+03 3.327656082224467582e+02 -2.559323338881867079e-03 4.535895516081080506e-04
2.246147516128893642e+02 3.120247806848298637e+02 -7.425677868351757138e-02 -3.148318781120468257e-01
1.090116341508219421e+03 2.276747816437647600e+02 -3.119052086816790845e-02 5.683188541024578738e-02
2.570709646317216652e+02 3.727908629481948992e+02 6.377684179957643362e-02 1.934184826073622188e-01
2.208839215507051961e+02 5.799344791565154082e+02 1.200492004674105773e-01 -1.592302190552622454e-01
1.111582950565917599e+03 2.323404948746687637e+02 2.739431922371763674e-03 -1.744041361217008382e-02
2.111987848676365616e+02 5.617085497165714969e+02 6.657293176603147622e-02 -1.693531763226075737e-01
4.135939763994076088e+02 1.095576906945943620e+03 9.896031755367925772e-03 7.669870531844485625e-03
1.067332609210793180e+03 1.617019926721253569e+02 8.164675270516471781e-03 -9.418792698238181299e-03
2.147181538552047186e+02 5.735480931908180082e+02 6.479061848561389059e-02 -1.493485038396340780e-01
2.676288425737974421e+02 5.529213302535364392e+02 6.450021642087274201e-03 4.674941516302872149e-03
2.763315874945633368e+02 4.732306352418481765e+02 1.766120166010944417e-02 2.657598834961872325e-01
2.634082202639755792e+02 7.028329188638683718e+02 -6.535170224641534409e-03 -1.285306709400003316e-03
2.542843933094605973e+02 5.776170642822844457e+02 1.810226464996985427e-03 -7.700117710293519560e-03
2.704126208643655787e+02 5.685560382318235497e+02 -1.433511140558410557e-02 -7.402064026960618499e-03
2.893884280763004995e+02 6.193546319540926106e+02 1.491343089910706493e-02 7.128957829756995754e-03
1.078375120217418953e+03 2.687203554440764037e+02 -3.309251059183094812e-01 -1.535039895193385240e-01
1.039083714409602635e+03 1.851688825056609460e+02 -1.564703504970908765e-02 1.373600880299268023e-01
1.024432281461620960e+03 2.254816237284060492e+02 -1.609433228937218185e-02 1.333299938092116776e-01
2.583191146184510103e+02 6.102174453241384526e+02 -1.881252309919212787e-02 9.467440230751116058e-04
2.103679661763712545e+02 6.602055755755558266e+02 -3.531830157115082788e-03 -7.863771989158215708e-03
1.120789860666933464e+03 2.319250079866431520e+02 1.890373956813515342e-04 1.047190268019223755e-02
3.019975157676630602e+02 6.225119842887033883e+02 1.368208068099377580e-03 -5.903310600196713448e-04
1.230920780905556057e+03 2.852601354799905948e+02 4.149160030807468383e-03 -7.434065863526146539e-03
1.145604040300145698e+03 3.772619113511612454e+02 2.693539491750439330e-02 -6.616516699452150430e-02
2.443741037969346905e+02 3.557074155738511081e+02 2.550611576251099813e-02 3.821306354042842968e-02
1.178739050509562730e+03 2.530850441767642280e+02 -3.377852340762918081e-03 -3.289474701986283469e-03
2.932236585283154113e+02 5.450347413546583084e+02 1.636999043760080028e-02 8.853932373028333691e-02
2.628936358945915117e+02 3.693281732279005496e+02 5.284602409687921137e-02 2.181482661608878659e-01
2.672067343001791073e+02 3.597661041677715161e+02 5.327187301271004566e-02 2.006017533725452662e-01
1.235973415302608146e+03 1.321347845144200619e+02 4.676444165453977862e-03 -4.538320326324281166e-03
1.034540701904471007e+03 2.286644398850101254e+02 -1.415651051336518952e-02 2.106505327283221818e-01
2.248985163292094853e+02 5.949911538925193781e+02 1.845019135543828070e-01 -1.888799444047800646e-01
2.423187793118029276e+02 6.726405338509945295e+02 -1.790660188095329151e-03 -3.389174530111226189e-03
4.826054674936100923e+02 4.767206971012699341e+02 6.221770590663803840e-04 5.248728097499922446e-03
2.161869643855337415e+02 5.911631331860463661e+02 9.193821015806249997e-02 -1.396934785150301395e-01
2.599606214562492141e+02 7.215274699057530370e+02 3.141565303290481080e-03 -6.836503536517442303e-04
1.200495484855757240e+03 3.657204999436231674e+02 6.497292306670318651e-02 -1.077032606639216211e-01
2.054602677083906315e+02 5.712367239160381587e+02 4.039738165060148545e-02 -1.805620535739384802e-01
2.527060724798612625e+02 5.029007606427091446e+02 -1.515181417817255440e-02 4.018018915205191083e-02
2.080432177727892906e+02 5.835368916122507699e+02 8.063679229759643241e-02 -1.492099458926887667e-01
2.146101310192955225e+02 6.040981491248143129e+02 1.011983840888643349e-01 -1.670271038700075483e-01
2.610854909854518269e+02 3.879006905500183393e+02 6.904921037251325611e-02 1.978578539211161003e-01
3.061517523904345808e+02 5.668729776181359057e+02 5.410895226936469600e-04 4.192797190459561160e-03
1.159305753727165893e+03 1.955675985003641131e+02 -6.122814977774991042e-03 -7.813992988168298737e-02
2.703147064876419563e+02 4.853257743703107963e+02 -2.897085044406990870e-03 3.027318427301960990e-01
1.049221117260025721e+03 2.033472157516201833e+02 3.290873282659986104e-02 -1.456520911432503985e-02
1.122985774231174219e+03 1.743954972637871776e+02 5.855996673787585219e-03 -6.322690851713913540e-03
2.241340645811201568e+02 5.577768891642568860e+02 1.425378125459463574e-01 -1.439746387178220677e-01
3.877659223020972945e+02 1.067802243894303729e+03 -2.346666184639436409e-03 4.616551090050664830e-03
1.205224040552005818e+03 2.234715843815837957e+02 -9.779854951240380886e-03 1.771933512422227061e-02
2.542987355483636804e+02 6.906465199669736421e+02 -4.004558049140235360e-04 2.217496446720847170e-03
1.916625732035564624e+02 6.876893683248288198e+02 -5.645176246920727975e-02 3.074680710259079519e-01
2.000366439785583452e+02 5.330584394715535836e+02 1.165421577883169746e-01 -8.447840463653540771e-03
1.139810528278408810e+03 2.557850210383548983e+02 -1.706023448575999133e-03 2.925917492736217380e-03
2.019721309649133332e+02 5.687220036737720648e+02 3.680153192952546892e-02 -1.750073149399546668e-01
1.053950186918625377e+03 2.633423870805874571e+02 -4.457894662409941575e-03 9.763960635588304557e-03
1.824238819818159811e+02 5.805138232616147889e+02 -6.873875814514013305e-02 -2.490369536196052058e-02
2.597485102708721456e+02 6.312520039500615212e+02 -1.269875028508702514e-03 -7.119659973466128423e-03
3.670694637060251466e+02 1.099649817145208999e+03 3.086104942290959080e-02 9.723914560704588830e-03
3.689297014078278494e+02 5.182230587303972698e+02 -6.679778792835628894e-04 -1.172671289839512330e-04
1.144764503746677747e+03 2.482018098491282387e+02 -2.137444385295053303e-03 -2.742682684588499363e-03
2.074532325073060122e+02 5.995092843808516818e+02 8.126287841398376066e-02 -1.499850774741394166e-01
1.031096276771201019e+03 2.479281396107613489e+02 -2.577030774883757973e-03 -3.301841383876474465e-04
2.445400835742478023e+02 3.439515129248129028e+02 6.461427351982701461e-02 2.219549931770502804e-01
3.308387560466014179e+02 5.583549528376914850e+02 2.636312165059347731e-03 -5.178288888047145010e-03
8.652421924626123655e+02 8.737405010446356073e+02 9.776191123942136116e-03 9.103685089667573963e-03
1.034502731823572276e+03 2.104773962701274854e+02 -1.023764582814354757e-01 1.892124181320582466e-01
2.035607902514344971e+02 5.932002349146797542e+02 6.514503886285662182e-02 -1.425803688414497283e-01
3.845538461631874156e+02 1.068461809939394925e+03 4.019361891559948205e-03 7.206677598004365519e-03
2.613534976420224893e+02 3.615767218631206106e+02 6.396076793434266050e-02 2.094144738585790588e-01
2.636152837621077083e+02 5.455818947012260196e+02 5.919435999119500996e-02 1.979576093170333853e-02
3.653139446955005951e+02 1.040565832397371196e+03 4.329283207210768251e-03 -2.175110948437487465e-03
4.747284259383372955e+02 4.411612627789650105e+02 -1.427047118214220395e-02 -6.188688471421427417e-03
1.020882112603951896e+03 8.455969267325496048e+02 -4.073920795100534863e-03 4.168569340667955224e-03
2.394246724819211920e+02 7.100496317394665766e+02 -2.828038951059064568e-03 -1.254502342982896862e-03
1.184197398937813659e+03 1.586345227361219941e+02 3.902127856613198109e-02 -6.120081546082035279e-02
2.996447865119612288e+02 5.112385240847096952e+02 -4.874981585597350578e-03 1.544433501153142209e-03
1.005771802718685194e+03 1.683791190111183766e+02 -3.792891864419955378e-03 -1.661962987529901348e-01
1.216333979164437324e+03 3.727474197293109341e+02 -3.705700121919549249e-03 -7.813794854273352353e-03
2.722146102686822928e+02 6.475976190267901984e+02 -1.422025299223826211e-03 -8.006588172657747721e-03
2.055157985692884779e+02 6.067590998471530384e+02 7.156042099425509451e-02 -1.682037258056341966e-01
1.108286803331938472e+03 3.336136434974863505e+02 1.076493929101368657e-04 -1.576204725671403279e-03
8.134658443925417259e+02 3.939646839873125259e+02 1.993790468578247529e-02 -1.878437971264542566e-02
4.585805322095334873e+02 1.100390338741754022e+03 5.757680008266201355e-03 5.712447463680507889e-03
1.097350586030517889e+03 2.008344840542068539e+02 1.243959709827637677e-02 1.118556424424073728e-02
4.221664496065004641e+02 1.084274010689242232e+03 -1.626292032412520469e-03 -1.270159141743326800e-03
1.273762201816472952e+03 2.781552786371880188e+02 6.578749412827812788e-03 -6.257109113256198105e-03
2.020793165808348135e+02 6.032552532175320721e+02 7.119511373985157321e-02 -1.566236529372744268e-01
1.211159875122899166e+03 3.710977785894287422e+02 2.246664789859861757e-03 -3.849000098214916876e-04
1.947234840432688827e+02 5.827597330528013799e+02 3.998860694274818800e-02 -1.318941234607075574e-01
4.970574754877565056e+02 4.569810731121402796e+02 -3.184434242722216767e-03 7.104996884064317120e-03
2.623988561749878841e+02 3.368022048384717095e+02 4.979620628276928279e-02 2.095260338991581650e-01
1.137515060463579402e+03 3.244981591457317904e+02 -2.394246303299609000e-03 6.192797191905392504e-03
1.990769032434114365e+02 5.997281262761000562e+02 7.410317891928136502e-02 -1.501361833364876219e-01
1.018721467991357258e+03 2.447072559109111580e+02 3.330914319572047394e-02 2.358569172945338133e-01
1.182128274219521245e+03 3.523694124559784200e+02 -1.616228206773849818e-01 8.290328981815597853e-02
2.068932281184402200e+02 5.131202776345352277e+02 -6.477007047461182457e-03 -2.291460487320719913e-02
3.499764858480639305e+02 1.059990416590939958e+03 -2.295444278616957847e-03 2.488516418731642754e-03
1.224706849740005964e+03 2.370893818094336041e+02 -6.809941443533365328e-03 3.175642367897308325e-03
2.517735951497667486e+02 3.837486983095001847e+02 6.319630948525170600e-02 2.168693172444512429e-01
2.393629264073783531e+02 3.495646236089650074e+02 4.240743630577586964e-02 2.196055898929171746e-01
2.489709048509456579e+02 3.441303513500938607e+02 6.915255326985675355e-02 2.076414543372634147e-01
1.318282243196687887e+03 3.358860679746456412e+02 2.935121351229392217e-01 3.370320956433954605e-03
2.530037256320491679e+02 5.326921469566752876e+02 5.809813519941443849e-02 -1.729284579791233734e-01
3.515241578994895804e+02 1.062914973605898467e+03 -1.304534842935006766e-02 -3.633992365504388859e-03
9.777711761871887575e+02 1.837327158668677782e+02 -3.244762597633140777e-04 1.323090221115247149e-02
2.008056216664553517e+02 5.874681622307163025e+02 8.581317560704532221e-02 -1.781859507554030553e-01
2.656865019221365856e+02 4.313625363475857739e+02 5.776890678175496119e-02 2.915333052380879031e-01
6.640560679439453224e+02 4.967425838267527070e+02 5.202083839998350966e-03 2.392362616215997495e-01
2.491590748580075569e+02 6.731717179479762763e+02 1.218832182947925460e-03 1.759712292590676812e-03
2.702959230159125923e+02 5.093352111732868366e+02 -7.696699678848574477e-02 1.430741221988333922e-01
4.776055713611002034e+02 4.472264951698286382e+02 -3.771478252508249102e-04 -1.338482246772587474e-02
1.106323925099483404e+03 1.861488571313225577e+02 -3.952443169392869885e-04 -5.647763288173524195e-03
2.412812851029633521e+02 6.147889840932857624e+02 -4.880696130941383944e-03 -1.930849242452414502e-02
2.151484437288119409e+02 6.345124776237358901e+02 1.345695985040573812e-02 8.640152056559014318e-03
4.644153077721143177e+02 4.538078112133707691e+02 8.561937851789362935e-04 8.469191791307074599e-03
1.070228912511777480e+03 3.055957319561687768e+02 3.078633061607946933e-03 -1.229368629502248372e-02
1.101976714985949457e+03 2.126386866557847384e+02 2.492267753138936032e-02 1.080390951065258141e-02
2.166224771786478698e+02 5.485620797703179505e+02 4.686705692081927221e-02 -1.572777730437693172e-02
1.232983871378921776e+03 2.981486655913518575e+02 2.350541266025967316e-02 -7.080965313289344643e-02
2.681449874017138768e+02 2.996969389371161583e+02 1.085880783890469685e-03 -9.768492515245450619e-03
1.179845976429860457e+03 3.123841645975401775e+02 -3.224759666973023853e-01 1.348304094754401369e-02
1.142997805856163495e+03 3.459163058244245121e+02 1.163777420679883243e-03 8.879138953738903786e-03
1.853718092886322211e+02 5.705124404800076263e+02 9.837171241566035340e-02 -5.043904488298150274e-02
2.467100255063008376e+02 7.226324429494104606e+02 1.310424373737685902e-03 5.272424748642773155e-03
1.178969933749188613e+03 1.881217120713755833e+02 1.542546775771379535e-03 2.947062768325872401e-03
1.975166991289668772e+02 6.164077591654911430e+02 6.513310388305063037e-02 -1.748833996049381778e-01
1.158054586552150568e+03 2.116756525630630961e+02 6.565828854860174734e-04 7.396577195974899169e-03
5.126504138036845006e+02 4.951163629413028957e+02 8.581867057656192722e-04 5.297170308379538228e-02
1.134586914813933845e+03 3.557428102238795873e+02 -1.922380823278145535e-03 1.613745245471463058e-02
2.355407863584312622e+02 7.497003966002323523e+02 -6.155770406518747996e-03 -4.664324584882256416e-03
7.462946818321354385e+02 9.054718674386217572e+02 -1.299018447214999282e-03 -4.508145642236317807e-03
1.968553456722268322e+02 5.894213668281266791e+02 1.015434188511246949e-01 -1.799328500256370811e-01
1.943488482205954710e+02 6.083659596447905642e+02 6.456704575820387815e-02 -1.604147103466666280e-01
2.353735903945129735e+02 7.564763412785788432e+02 -8.670138185164428038e-03 -6.531747439264180659e-03
1.181415126216679710e+03 3.672364438408902743e+02 -2.638361862701944782e-02 -2.693925370558847721e-03
2.812202444590111554e+02 6.733026839195376851e+02 2.311190807310847372e-03 1.545537749165539453e-02
9.733148066358772894e+02 8.523367543675788056e+02 6.852045788909124843e-03 3.832001728450549257e-03
1.039587328229961486e+03 2.543049143555335547e+02 -8.570608203136895198e-02 3.888809687694937955e-01
1.101526475186987227e+03 3.087748865758995294e+02 1.677441496032752418e-03 6.292058856401057387e-02
2.532762195148137039e+02 7.121942988169663522e+02 3.923987720630275379e-03 -2.027273688383394133e-03
2.481379097092775510e+02 3.594658336833777525e+02 5.831180178149696774e-02 2.797256708855408447e-01
1.157690801629274375e+02 4.093428349061545646e+02 2.118840367297563920e-01 2.814938083283535786e-01
2.398409057753332831e+02 7.675106927265546801e+02 -3.609969766941811906e-03 -1.533232067008567030e-04
1.207118142528123826e+03 3.082782072566631655e+02 3.677213731413560005e-01 1.322152346795509303e-01
2.885460747814402112e+02 4.950257302462354119e+02 -1.461056927948193619e-02 2.218892197842361746e-01
2.710597121385881678e+02 5.767640237433805623e+02 7.595844637139611936e-03 -2.061088363483924019e-02
2.118847694396635575e+02 7.470297813233440820e+02 8.276505024113730083e-03 4.311525927846560080e-03
2.651544576046933912e+02 4.884969308795475058e+02 -5.742388969228573448e-02 2.377146794742629188e-01
1.153296384740281610e+03 3.506390971585067291e+02 -2.661504033420613591e-01 -3.277068212874535980e-01
1.177689032084278324e+03 1.455582661382334493e+02 2.800825669444271040e-02 -3.016410687570326987e-02
1.219331383383981802e+03 3.507004818127218755e+02 3.578462055648575779e-01 2.749705052995321530e-01
2.083003486409176901e+02 7.291640754535501401e+02 -3.787077543542450003e-03 -8.817184430322323394e-03
2.349914365918544945e+02 3.360354337109828293e+02 3.086624139112247034e-02 2.111369562547597278e-01
1.017010080809940746e+03 8.404701370133707314e+02 3.474346119111203874e-04 6.797667262914485831e-04
2.440954248489679514e+02 7.356263700969184356e+02 1.895536895032722598e-03 -6.361596419750558708e-03
4.262025667318059163e+02 1.092909538432856834e+03 1.110039087334956705e-03 -1.597224001060756470e-03
1.041638640808158470e+03 2.163856754470659212e+02 -9.838941682029134911e-03 -1.223464566693888925e-03
1.172286431100341588e+03 2.253967730537466139e+02 -8.224467555446788019e-04 1.359709703215562608e-02
9.894759434703763645e+02 1.880027454639246685e+02 -3.630579121099034110e-03 8.057723333215360828e-03
1.912787877250432018e+02 5.886423681483782957e+02 1.021952406203572028e-01 -1.872278311940565598e-01
8.912512698069864427e+02 9.319509144495297051e+02 -1.282377620953519632e-03 2.612915980837825398e-03
1.908783014583750060e+02 6.216551704043753261e+02 6.135961162780435851e-02 -1.815294203874458778e-01
7.531615739199278323e+02 8.451050989881183568e+02 -3.507108620189935207e-04 -1.039405682108015660e-03
2.311874515557371694e+02 7.306875254204596786e+02 2.493045634473460039e-03 -1.275455854275911937e-03
7.482736606720044392e+02 9.161609607342295476e+02 1.144213750851824770e-03 4.466360830992745917e-03
1.032623375282593770e+03 2.830435210115020368e+02 -7.266032247910308994e-02 1.756302128554233510e-01
1.161113704238165155e+03 2.295407752969746014e+02 -6.836047991731732110e-02 1.946443799339513392e-01
1.194787563087382750e+03 2.233588641853257002e+02 -5.711072763526344603e-02 2.451738157565480636e-02
1.090360107774061362e+03 3.330322368121812815e+02 -3.670073362771668866e-03 -9.115048570095603698e-04
1.227894765397024457e+03 2.719905918028849214e+02 1.790496876742734113e-03 -9.093540734611587489e-03
1.041591967990752437e+03 2.809251417503036237e+02 6.323155411232979362e-02 2.372521004957059421e-01
1.259548656341535207e+03 3.197040170287489786e+02 -3.835783596302219656e-01 -1.300726599956704421e-01
2.084360886345740198e+02 6.494845532754897022e+02 -8.987700177228118842e-03 2.052927551892143061e-03
1.280957787268023139e+03 3.430788750512791694e+02 2.237330986871495508e-02 -4.793083278379621504e-03
2.489663478159361034e+02 3.194710754208638832e+02 4.493730305514029993e-02 2.102903097615619055e-01
1.294675635471480746e+03 3.327274938285810322e+02 2.638945186301480117e-01 -6.480465466182018519e-02
1.247956572259408176e+03 3.003224331067155504e+02 2.071696358472205519e-03 -8.008588312190347870e-04
1.076043524410380769e+03 1.710675649260077762e+02 5.057754838547468684e-02 1.275482166387927607e-01
1.002227443484939272e+03 1.907727648783742325e+02 4.236679694522851175e-02 -5.963818698685124584e-03
1.181196212649954305e+03 2.158191783323374580e+02 -6.625669198818754692e-03 8.845250721057679524e-03
2.603898964374743628e+02 6.886723057726291017e+02 2.761513063734749411e-03 -4.787791622772088465e-04
1.226404256568142017e+02 4.043930143106981632e+02 2.371666610204366255e-01 2.801832025886084598e-01
1.937862069092168724e+02 6.335966463037352696e+02 6.205606432585698135e-02 -1.962452660361386492e-01
2.389502852783927267e+02 3.210586506981003367e+02 4.802818320191990648e-02 2.015861212358441013e-01
2.409276720262241724e+02 5.691434321962909735e+02 -8.116049407606011623e-03 -3.445679071874245547e-02
1.141095611521878027e+03 2.412512716412146858e+02 -6.376209856101256596e-03 1.010282608467971167e-02
2.501717894168628789e+02 3.265990802449146599e+02 3.569692558803418125e-02 2.099183619443527327e-01
1.898590246551304119e+02 5.087414799731077437e+02 1.885133125087494754e-01 1.997765828919495501e-01
1.044795221741491787e+03 1.912685508298569914e+02 -6.547421626599784529e-03 1.228190619232374658e-01
1.080210092932022235e+03 2.444960628934494196e+02 3.865692364571115536e-01 1.760613992078955969e-01
1.983283200781420419e+02 6.259467602361632999e+02 7.522179534129658229e-02 -1.941949231057113201e-01
8.635391501847466600e+01 3.634019707234314751e+02 1.014532062544817315e-01 3.130638966101888521e-01
1.154701945353675683e+03 1.860441791819582988e+02 2.737108186748529043e-02 -2.795673496487326160e-02
1.913685120037320075e+02 6.353970815410087880e+02 5.337293451849023374e-02 -2.178022470602717364e-01
1.039999152600833895e+03 2.449030293402952623e+02 -2.136000748810102344e-03 5.852899129692868373e-03
1.131162204807529406e+03 1.746314341397387011e+02 -1.619539693517100740e-02 8.274776488647914152e-02
1.004905579999952579e+03 1.787458139527170431e+02 2.401038278194752087e-02 -1.463125864495232742e-01
1.201980649211106311e+03 2.480359396984968612e+02 -1.330024179473598923e-03 1.963598715276633055e-03
1.180069316180676651e+03 2.654770510155876195e+02 -1.128729299549233178e-02 2.863491744061446697e-03
2.842625561772756555e+02 4.715402943663237920e+02 2.716620791515780148e-02 2.754909592222281600e-01
1.128028803051931845e+03 2.077953769477785784e+02 2.468487570226357911e-02 1.389939058325178993e-02
1.091185575688671179e+03 2.908366747131870511e+02 8.069324423930912538e-02 8.715408460366436127e-02
1.156144801257342579e+03 3.727820362785295742e+02 -1.424250586136856667e-03 8.844211982320621807e-03
1.181408178109550136e+03 1.803063843678484375e+02 -2.516193134019571037e-02 3.965290916220801098e-02
1.183178838032482645e+03 2.253828194028942846e+02 -6.398392081337078707e-04 5.246275784767282738e-04
1.070159664218038188e+03 2.120754268555390354e+02 1.216726694677631657e-02 2.672534267059890889e-02
1.053194217183114461e+03 3.159284031587526442e+02 3.383259157114687585e-03 -9.926027553433414141e-03
1.862666480979923449e+02 6.148416589812417214e+02 8.467216504979913072e-02 -1.695797474587721898e-01
1.827154825272341725e+02 5.130373934101438635e+02 1.769026908766900552e-01 2.338415094768263314e-01
2.892396576522084501e+02 5.391727140304533350e+02 5.424694053240081831e-02 8.483135552746198793e-02
2.545169318966178196e+02 3.149552086009217646e+02 5.093103374962716645e-02 2.230968729306621046e-01
2.753331321745287141e+02 6.763556847511998740e+02 -2.682180311293819435e-03 6.617322557488451371e-03
1.051674521998795854e+03 2.473524282841023023e+02 -1.123171912996836531e-02 1.453234487288038515e-02
2.641306319581095750e+02 4.137781448993067102e+02 5.252793830547516224e-02 2.645356557724502511e-01
1.763540725848306465e+02 5.283271024592851290e+02 1.362248350590636314e-01 2.952034147629610250e-01
5.891571661669719333e+02 4.520831518137131866e+02 5.989453058588770605e-03 1.772429339128546791e-02
1.113535543670983998e+03 3.391046080972925552e+02 7.634490018134973410e-03 1.200611281559407816e-03
2.236421392683498084e+02 6.183444045669577918e+02 -1.139639389581327935e-03 5.432855694187643456e-03
1.141596853012979864e+03 1.691637786152002150e+02 -4.144450162615081340e-02 4.987439287338425731e-02
5.434530391260088891e+02 4.111772903185614041e+02 -1.884999390539754752e-02 6.897228559872622261e-03
1.256651408869306124e+03 3.937287269874910862e+02 2.880546301790078839e-02 3.116112139219685568e-03
4.806825537788533893e+02 4.575420121651984573e+02 -4.990293364080503405e-03 8.343095597866174995e-03
1.927329656918690262e+02 6.487269649008812848e+02 6.691545095615865357e-02 -2.230705273264071975e-01
1.259060878618179458e+03 3.857054588010032035e+02 1.665604655371599437e-03 -1.453341844842439591e-02
3.176119084394125593e+02 5.237963586655649806e+02 -4.159510989007113996e-03 5.576054088702347327e-04
4.960835918940928764e+02 4.486626330498856987e+02 8.268736019649150851e-03 -5.479811419710437642e-04
1.312449927482316070e+03 3.221767468476373892e+02 1.314160466526532733e-01 -2.015331941583502207e-01
2.122099598528436388e+02 5.422387060764490343e+02 7.652503507379933290e-02 1.645651635236629329e-02
1.853460011016025817e+02 6.304156111092224819e+02 5.143988799923085442e-02 -2.086428046657102242e-01
2.178557902385277885e+02 2.994150888591878470e+02 -9.300474955640364305e-02 -3.456830849671705952e-01
2.472401574620868416e+02 3.731787385892741895e+02 5.028640344479420182e-02 3.175259940706991468e-01
2.993185249329083035e+02 5.446730543387781154e+02 1.756073197334827307e-02 1.216372749475482101e-01
1.279790512248715913e+03 3.305174189346168987e+02 1.988358894797248311e-01 -1.437452602609969043e-02
2.919640286864621430e+02 6.470468983760558785e+02 -2.824905490888565858e-03 9.292464698019822777e-03
9.010995359637920501e+02 8.724635946012441536e+02 3.433491185817972360e-05 -9.305156089477340658e-04
1.730530686310197837e+02 5.178557784733195604e+02 1.557097479835692355e-01 3.316487702832491280e-01
1.148001612819465663e+03 1.542444020790255479e+02 5.184812081077411205e-01 -2.551674621128592613e-02
1.827820637493750553e+02 6.189130734300298400e+02 8.639080859509648547e-02 -1.345916059175846780e-01
1.059951033980568354e+03 2.039693890822558728e+02 -1.697670710306134955e-03 -2.243846844316667311e-02
2.543047374812882140e+02 3.523289721234883700e+02 5.860141967714793676e-02 1.512249734217238906e-01
5.236535119845523241e+02 4.537876043268001354e+02 -1.546714397985770977e-02 2.826889982218639200e-02
2.487113162493060372e+02 5.314713052521611871e+02 6.222414636080331879e-02 -1.350787000357024994e-02
2.853228534324528596e+02 5.647887237365291639e+02 1.328780261894960471e-02 1.816150192519667278e-02
1.123219463818282748e+03 2.198524802279803225e+02 1.532633656956526938e-02 3.684134782034783478e-02
1.906425876416600715e+02 6.586231058975607766e+02 3.006313001511226601e-02 -2.072366280480622824e-01
2.519320265664849501e+02 5.604995216920621033e+02 1.333331629380458440e-03 1.314172010968760141e-03
1.050189353405723750e+03 1.802321841748978386e+02 4.297612666634521850e-02 5.686431293419601241e-02
2.888050009409543577e+02 6.423086008129578204e+02 6.377421962003320842e-04 -1.775210923263933560e-03
1.219163495247509672e+03 2.766588844258083100e+02 6.688614845249350391e-03 -2.652894831381371124e-03
2.728795355946292602e+02 6.236365460701186976e+02 -9.131820926685046101e-04 -1.591904885905329669e-03
1.232592976579450578e+03 3.192275708272046018e+02 1.891042207427299227e-01 1.865326363350383321e-01
2.428261086460163085e+02 6.098442760134197442e+02 -1.573657207384460827e-02 6.169493738432513252e-02
2.999513873674383717e+02 5.605934285030982664e+02 -4.150994151640326896e-03 9.776490850657810344e-03
1.723068391202401699e+02 5.031251614095953073e+02 1.898921338006112902e-01 2.159862375928153777e-01
2.500472137470541441e+02 3.654247552704745772e+02 3.281028989614797470e-02 2.075775312637233583e-01
2.740510493972891481e+02 5.173758212847582172e+02 -1.019860894249627337e-02 1.381823072405772256e-02
1.076613077889702026e+03 3.329372528337650579e+02 -1.246703696628365500e-03 7.990974809778986568e-03
5.115314543378287340e+02 4.451897548985821800e+02 -1.084443624647447087e-03 3.950246482101884594e-03
1.187900727976159715e+03 2.268817245397583804e+02 1.386138870966920414e-03 -5.523180895262094423e-03
1.799473188537599242e+02 6.271008125811524678e+02 3.975950504169153271e-02 -1.995575070570610732e-01
2.725922193333748851e+02 4.338050559159612476e+02 5.150484098656626236e-02 1.768346397913672929e-01
1.062275756213197610e+03 1.886509074163646460e+02 -2.428840861195497372e-02 7.476648528018778675e-03
2.526339112743161479e+02 3.036444676698033049e+02 3.318687474282645128e-02 1.852374115009189914e-01
1.939648172581174776e+02 3.191302300218981713e+02 -6.481537965211398977e-04 -3.082399276355039970e-03
1.072085163473677312e+03 1.626148988659322754e+02 2.919147110016351993e-02 1.114050819213418739e-02
1.266481659533486891e+03 2.695010488876283148e+02 5.828566620233216651e-03 -4.147998760264103371e-03
1.121992427672515987e+03 2.058546113352806799e+02 3.553200749122580049e-02 1.009703801954761337e-01
1.237326716055494444e+03 2.999189051588385837e+02 -8.875449046639326267e-02 -2.444401438950194461e-04
1.230578429330302157e+02 4.112443378707446300e+02 2.536406779802296563e-01 2.075570529662722763e-01
2.830194296070080213e+02 4.813797149147974892e+02 -2.081891302521597306e-02 2.560133516809791621e-01
2.750513516683757871e+02 6.901820921603473380e+02 5.050207396863342236e-04 -1.055077319327357059e-03
1.024376838022897573e+03 1.736363220416916988e+02 -1.895872495021363666e-02 6.335186925810582306e-03
1.201888846887954742e+03 2.179036251268625790e+02 -2.843310029032467337e-02 4.313072472008561836e-02
1.231280557090555476e+03 3.815431795422712185e+02 -3.815446470431874681e-01 8.304101700278795906e-02
2.849851420407061937e+02 6.003159727566945776e+02 -9.763383193398889395e-03 4.150498258404113766e-02
2.461150393060556780e+02 3.047968633077198319e+02 4.353828596834265208e-02 1.979237220261766406e-01
1.206660744875110538e+02 4.203039917666354199e+02 2.759608144773650906e-01 2.355779762307895209e-01
2.904905805061326873e+02 4.527986531715891374e+02 4.403364769489130637e-02 2.307120963228984911e-01
7.507856851710288311e+02 4.234861674270471781e+02 2.603866173439122189e-01 -1.411983781851842805e-02
1.129173553341038541e+03 2.188843362915902162e+02 3.977465012260299193e-02 -1.001747922095651971e-02
1.867886838500391207e+02 6.416793577497857086e+02 6.138886473894513557e-02 -2.693007475254147187e-01
9.898120462858429391e+02 2.198201890849717586e+02 2.284632931804253531e-02 -1.103948267145838345e-02
1.071553100006368595e+03 2.810995727842545193e+02 2.738692933750338371e-02 -2.609972194432252576e-02
1.140798717680894015e+03 3.068595283554640787e+02 9.137699241777193226e-02 -9.269312477628216529e-02
2.262013202921448567e+02 5.528070512349853516e+02 1.537765223702039497e-01 -7.159904332313433983e-02
1.764019367833336673e+02 5.782427153075136630e+02 -9.746320872394818868e-02 -4.154113052469649708e-02
2.813345623816175589e+02 4.461288669798574347e+02 6.272794952241647626e-02 2.578918178504039926e-01
1.010654153537613865e+03 2.471437064802132966e+02 -5.697307061585675340e-03 6.744142988447231896e-03
1.011331797797571198e+03 1.727955618171786512e+02 -9.068117633796787813e-02 -6.691998696943350644e-02
2.540517565406426002e+02 4.073861763915004985e+02 2.680595462915373595e-02 2.320877841828267452e-01
5.489539922446807623e+02 4.652063119471825985e+02 -1.989562001051581319e-02 -4.230029065212408818e-02
1.170667271848860082e+03 1.899263267670341691e+02 1.912549624517287036e-02 -1.948378898516780252e-04
2.298816366943889022e+02 7.105200804355076798e+02 -3.685395461866679723e-04 -1.012897568233699774e-04
1.066420241448489151e+03 2.196707752206929172e+02 4.789017323150801531e-02 -1.163382113723927941e-01
2.368727714794779331e+02 3.077569210718711474e+02 3.430440606053059699e-02 2.327939576491278029e-01
5.059462633125643833e+02 4.377777947825931051e+02 -1.652158921630892188e-02 4.874716595971425388e-04
2.643177553910292659e+02 5.997988404972894614e+02 -1.408660329161573639e-02 1.302510011151382201e-02
1.971031220700339759e+02 6.665449156772850756e+02 -1.230539155342262603e-01 4.297410832101185574e-01
1.844964626534417107e+02 6.571281279194319040e+02 3.524772167138886733e-03 -2.087779356508796536e-01
1.147574347947251283e+02 4.217545027272462903e+02 -2.003422302074221173e-01 -2.633967144773114444e-01
1.905033272945063345e+02 5.181015414643983377e+02 8.388255460162875876e-02 1.101309573918402701e-01
2.362256429541816374e+02 5.354523502731404960e+02 2.864009111605404431e-02 4.036329054227164037e-02
1.036534550428469402e+03 1.817165513712174629e+02 -4.942597126765159096e-03 -7.391598527862999063e-03
1.077967718654448618e+03 1.931743172367258126e+02 -3.630125608246138674e-04 -1.737339930326467410e-03
1.086757948472159114e+03 1.515338232759962693e+02 4.841767876374520468e-02 -3.173060522100644085e-03
2.487411556108498303e+02 6.289231520565780329e+02 9.577775184845748260e-03 -1.220031655435838656e-02
5.447987005372002614e+02 4.206636140128122179e+02 -5.317957428771396405e-02 5.088095637932196769e-02
1.068992961867132408e+03 1.648393366848325172e+02 2.442585580795082478e-01 -2.694144716378430240e-02
1.140900891458137494e+03 3.066071085843977926e+02 9.927646235648365791e-02 -3.767540676003180728e-03
2.228610739699006160e+02 7.134452340793319536e+02 -7.878406484097568580e-03 1.038178212054358812e-02
2.833668682096827638e+02 4.606544161185576058e+02 -7.534973205542402908e-03 2.706636050717219355e-01
5.179367737414364683e+02 4.739160631026387023e+02 4.784875010327468113e-03 -1.181372305692593178e-03
1.047594008297667870e+03 2.786665550532785005e+02 -2.170070407484519029e-02 4.630028244503137103e-02
2.373200279686326724e+02 6.089644226611354725e+02 -4.501704264953332313e-03 5.196767260895605867e-02
1.959367037358277628e+02 6.947139903629200717e+02 2.901100407905192816e-02 1.242426572628935744e-01
8.576477019280032437e+02 1.101731123877546906e+03 1.039949876274118236e-03 -6.981992096531081755e-04
2.459223442173907301e+02 3.274350607366691861e+02 4.840585382556931993e-02 2.156259462904797364e-01
1.041831231466763711e+03 2.298190086315382530e+02 8.898603213119712918e-02 1.715052378490895535e-01
2.768838939340457728e+02 3.988192547411932196e+02 2.860398165140342827e-02 1.746869784539173409e-01
1.038354072990625809e+03 2.091385193433027609e+02 -1.787886813601447800e-01 2.065232947361264337e-01
1.219124737986713626e+03 2.873921273619737349e+02 -1.407059734410525016e-02 -5.285096416651288015e-02
2.175066562841358575e+02 5.293779428103325699e+02 -7.363652884150230504e-02 2.024972716077065582e-02
1.176449337317418212e+03 2.313577947068352501e+02 -6.059360874017142434e-02 1.418424568136988639e-01
6.247667457435957203e+02 4.429081790992597689e+02 -5.580655510993553364e-03 3.174548486542144807e-03
2.620412433517932413e+02 5.500716868362635523e+02 -2.378565358685930803e-03 -7.928409814108994605e-03
4.472648844890547366e+02 1.095877571589767058e+03 3.513732980952308411e-03 -1.577003534134407275e-03
5.089826728196524073e+02 4.559027887294515153e+02 8.568226656428012608e-03 -1.494491468183196774e-02
1.113110294567578421e+03 1.766819750597203722e+02 4.949434550446836500e-03 3.259986627537872494e-02
1.199265240862326664e+03 3.083347585635043515e+02 4.038388369503361774e-01 1.427055441894122534e-01
1.219603514777619694e+03 3.557528592582699503e+02 1.829040530948811971e-01 7.478071622339345186e-03
1.315951462149404961e+03 3.439354097125199132e+02 3.174799635644271478e-01 -1.851852959647693267e-02
3.453499892302249350e+02 1.087518798136230998e+03 -1.114184431643340002e-02 1.135394665044049635e-03
2.242685823086336825e+02 5.553575830219932641e+02 1.366738597798256016e-01 6.449782113970670139e-02
2.763060159100240867e+02 6.839410263004991748e+02 1.264958098176549584e-02 3.737881630799932964e-02
9.936304342419751947e+02 2.246572937924428572e+02 6.946451943546225714e-03 5.067222196250065376e-03
2.321340069419625536e+02 6.472403642635905499e+02 -2.630706419668491815e-03 6.699797181118767944e-03
1.823999317868936885e+02 6.401742052523787834e+02 4.089851957695826018e-02 -2.073198628414819888e-01
2.276844003000248904e+02 3.036862980368676972e+02 5.256324567165213124e-02 2.063529012875971735e-01
1.056527967151252369e+03 2.673301219336340750e+02 -7.253637606349764948e-03 4.276292496568463719e-02
1.158660647448455393e+03 2.264514898929017761e+02 -1.347631809582869669e-02 -3.930833131207582022e-03
1.040508722315308660e+03 1.602218285257696380e+02 6.559595853123785687e-03 3.170607024474018237e-02
1.101083160284169026e+03 2.590219647918389683e+02 4.439824831510426062e-01 2.237153519972698290e-01
1.187202221253889547e+03 1.919927918300516296e+02 -2.251989048944378138e-02 3.304584902442963407e-02
1.266340333982264156e+03 2.037839856275937791e+02 -2.475810905811528378e-03 1.340189733079118336e-03
1.221761864048053212e+03 3.704694301567151342e+02 3.162910891866261842e-01 9.547162426793158463e-02
1.064684481233550741e+02 3.957127140912620007e+02 2.599633335931010869e-01 2.648980897704463766e-01
1.162925736700756943e+03 2.761032518035329417e+02 2.459695559288602729e-01 3.392122169228124484e-01
2.634401146866097747e+02 3.976172328591763971e+02 5.897706063542260818e-02 2.364062856800764612e-01
1.271002425465834676e+03 2.859817969640466231e+02 4.968365432912134894e-02 3.835287323926905856e-02
2.330175356465646530e+02 3.040210072660202627e+02 6.408461495554691745e-02 2.590200453186877194e-01
1.186436522128971319e+03 1.978259937408475366e+02 1.094663086742457409e-01 -1.304947879067831495e-01
1.154358840332739646e+03 2.112299868612915361e+02 6.991170748489656216e-03 -9.121407420205555894e-03
2.114174720860726495e+02 7.556023141242523025e+02 -7.334380222971503827e-03 -5.983436328045338252e-03
1.859735374058485604e+02 5.282785666435406711e+02 7.020952149735208703e-02 7.431448322938438711e-02
2.477828653160761689e+02 5.184000892798513860e+02 -2.686631258484339924e-02 -2.493063013734387046e-01
1.134019133735965852e+03 1.858711268718554379e+02 -7.721648761101160274e-02 6.716970070735486797e-02
1.260650629961718778e+03 1.963511126899643955e+02 -2.726200044169976074e-03 7.203113210196563851e-03
1.075893605381442512e+03 2.887537226775389740e+02 -5.249193923079800185e-03 1.546325012445627124e-02
1.225360456721517721e+03 2.775244458935463854e+02 -6.796166842283334411e-03 8.661793829819887380e-03
1.095626569381666258e+02 4.298432388483420254e+02 -1.459318224520735896e-01 -2.804798999963159511e-01
2.434363322960266203e+02 5.258221608306999997e+02 2.494402780186587981e-02 -4.959271404809529465e-02
1.015085379790470597e+03 1.902284057535230488e+02 -1.095533187095266148e-01 -2.049685979684804371e-01
1.255518399806842353e+03 2.777214450635787557e+02 -6.067105742274109790e-05 -6.988021570238892033e-02
1.961732576102006362e+02 5.669934679784294076e+02 -2.160723717280505288e-02 -4.642546079516854385e-02
1.051730248410932973e+03 2.071607735498201066e+02 -9.837745838899982637e-03 2.019927467803846188e-02
1.085648687819493034e+03 2.185724908575445795e+02 1.792747559187880813e-02 -2.544393294170825201e-02
2.448999057216419430e+02 7.112182942813062709e+02 -9.637328047480374360e-03 -5.382143920823021389e-04
5.559466043380359679e+02 4.790912345997160742e+02 -5.540814485736973022e-03 -6.788101118005442601e-03
1.019515392108215224e+03 2.273661038537323122e+02 -1.734264770024992672e-02 2.046045951028662435e-01
1.128469985472929238e+03 3.662984837319230564e+02 -1.463860076075889152e-02 3.781303821084179562e-02
1.038138531876360048e+03 2.197083652795594730e+02 1.909350389690894767e-02 4.523063043040092407e-02
5.535320328728889763e+02 4.544786632014391330e+02 3.151413320599279807e-03 -2.396759162006271635e-02
1.032783002785550025e+03 1.642363271832160763e+02 -7.887135252294305001e-04 -1.833402457392570685e-03
1.020750973309592041e+03 2.558598484088924465e+02 -2.901291764281666019e-03 9.234507676457800671e-03
8.666833490300594178e+01 3.140320595389944174e+02 8.974311900461915542e-03 2.464367591758605605e-02
1.082320085451601472e+03 1.641204937026477921e+02 1.574702604667591321e-01 -2.923927370018263722e-02
1.177848542673295697e+03 3.605196681534188770e+02 3.755986440269418886e-02 4.177137288111177488e-02
1.050720313616874819e+03 1.600981544069357483e+02 3.345209155338085827e-02 -2.667960050655808577e-03
1.071178884462441829e+03 2.168172969654881967e+02 4.899936577822185807e-02 -1.705805096589663727e-01
9.976270960309153679e+02 2.412102716023685787e+02 5.098482164269715206e-02 -3.989555600775519101e-02
2.220010958970386810e+02 5.687287421134742544e+02 8.155801607869166137e-02 -8.916364742698404400e-02
9.245294215000446911e+02 8.813810487607416917e+02 3.479227588274091433e-03 -1.252300404789376265e-02
8.555636192068203627e+02 1.101442916720161747e+03 3.384591975813948470e-03 -3.495300541168905057e-03
1.714247559671408965e+02 4.493348848733047589e+02 1.335819944175366605e-02 4.283737321255785130e-02
1.144088947076940485e+03 1.418425391528008674e+02 3.849457649067618281e-02 -8.925872599099181348e-02
1.958487149709016819e+02 5.449808069386476745e+02 4.157317202098814030e-02 -4.265862762524900986e-02
3.024130502630372916e+02 5.499050450198443514e+02 1.441069756606212782e-02 1.677330457753972368e-02
2.086991158544256564e+02 7.358275208954232767e+02 -3.147404623555429687e-02 5.841543843628693028e-02
9.436362927896657027e+01 3.346363367764386680e+02 1.535164797779164014e-03 -1.193124252257601707e-02
3.991949152286193794e+02 3.403881672555652926e+02 2.369712237716405535e-03 1.196358390733626674e-02
1.067154634028117471e+03 2.941589434909409420e+02 2.265827686308832523e-01 1.596166552617561962e-01
1.139620125780170156e+03 1.771200111029870357e+02 -1.095325087995121932e-01 1.138876347601493894e-01
2.752737161426401826e+02 6.408591473969443086e+02 1.304434594378377915e-02 2.969353600602506540e-02
5.395365192030754997e+02 4.316206794281765724e+02 -5.375391379418813405e-03 -2.676141486398229269e-02
2.215830831179620475e+02 6.584869547319191270e+02 8.948262845655852171e-02 4.222152920639354184e-02
7.515145035495702359e+02 9.213427665714266368e+02 -4.233350270724366843e-03 9.282392272322817495e-03
4.100841123936408508e+02 1.089216745350758174e+03 -1.941199762657539504e-04 2.112080781324991805e-03
2.541307232528995428e+02 3.548936863775273878e+02 3.329265837856024840e-02 1.410379245959985650e-01
1.187572254941720075e+03 3.598800329377345406e+02 -3.485958233944452117e-02 -5.227759864646663868e-02
2.695499853095227536e+02 7.410568482486285120e+02 -4.765900866835835747e-02 -2.988026091650947472e-02
2.834508212585501497e+02 5.032325163229261875e+02 -3.441445562318676960e-02 1.613446782371426025e-01
2.649412179252236683e+02 6.185151442504291026e+02 -1.812250949528220259e-02 -3.086236239459481251e-02
2.469303081783720586e+02 7.287392443622723022e+02 -4.556129741300125879e-02 1.090937463899592855e-02
2.573893019334881274e+02 3.498581780342917682e+02 -2.007963836180037126e-02 1.913810507483719725e-01
2.646451466757499134e+02 3.770151385278076077e+02 8.361851611973254716e-02 2.270993688706248181e-01
2.761403848989602352e+02 3.874209929817097873e+02 4.139748052285505131e-02 1.920050500190448040e-01
1.067155665143392753e+03 1.911421788623998737e+02 5.425513645812502644e-02 -1.446931088423833167e-01
2.487108177014938803e+02 2.953748920940159906e+02 7.011469823795909995e-02 1.877842104609163953e-01
1.019383634860029815e+03 1.695867336144242472e+02 -9.694402778534009363e-03 -3.806051530110802356e-02
1.254697731858726229e+03 2.894075398764727538e+02 6.292719442871873292e-02 -8.346639449508518049e-02
1.096464521537775227e+03 1.695795687761000750e+02 2.655383218499279135e-02 2.451110285048737347e-01
1.124560167952117126e+03 3.524271611174431200e+02 -7.180116788381260724e-03 2.677049544273187205e-03
2.224680996349484303e+02 6.102100798609950516e+02 6.812037581551220328e-03 1.719264866061916489e-02
2.414668669385282840e+02 3.227776753415599842e+02 5.264855169530827800e-02 1.862890461860789437e-01
5.535542550786075253e+02 4.302665100133147007e+02 -7.118607760490804764e-03 -3.713469085185434199e-02
1.028332152360275813e+03 1.783593303605747451e+02 7.023630709266449890e-02 -1.776839464522947387e-01
1.241921928070604736e+03 3.288249153207564177e+02 3.169558001853134410e-01 2.610351770535351834e-01
1.241456676649913334e+03 3.328371221635767938e+02 -1.791756243637918425e-02 1.747518379557864987e-01
1.190033185583375598e+03 3.678417020859254194e+02 -6.560841667360112206e-02 -1.464747151863324270e-01
2.722693465237534269e+02 6.854845199913486340e+02 9.562407285449757779e-03 1.512074275935207032e-02
2.296876077536945786e+02 7.021902428499581674e+02 6.261853045770414752e-03 -5.514838049420076743e-03
2.820837668488484837e+02 7.165464110725783939e+02 -1.591256724072833417e-01 2.210568289403246067e-01
9.752526962959888124e+02 1.813104752256894585e+02 1.675039604583616806e-03 -4.214130064659522140e-02
1.351370070650697016e+03 2.610785756271400828e+02 1.010429500053890324e-02 -2.673300345209424569e-02
1.178495499343493066e+03 3.396064711510042571e+02 -4.327932521749127126e-01 -1.939104875648679088e-02
1.247018733973564849e+03 3.741290969735577505e+02 -3.746730638536713842e-01 1.105887300367255355e-01
2.582989830257419612e+02 5.435359159044004400e+02 1.965079750990688257e-03 1.806716229684427952e-02
2.081769862186642399e+02 7.475711987389483966e+02 -4.531336614948194320e-03 -1.004425234618468339e-02
2.599242230517972416e+02 4.945579102061306571e+02 -1.935262279904998925e-02 4.451800389683606418e-02
1.096547842230843571e+03 2.675217552912519068e+02 -4.009943736845985457e-03 1.493197258479112347e-02
1.052678269130055355e+02 4.042495103469057653e+02 2.749298940174249584e-01 2.663299524611867919e-01
1.142260413746951372e+03 2.134771548584662071e+02 -1.057010968547729135e-01 1.067117684037115904e-01
2.283435582166088409e+02 6.082921572515070920e+02 1.443614641455283386e-03 1.162644907787001650e-02
2.686104966704647268e+02 7.227112131307579830e+02 6.038440463230058432e-04 -8.170473712534727373e-02
2.104188539451357371e+02 5.244251648600945828e+02 -4.485871516857553587e-02 -1.313972088657280324e-01
1.803969189548306247e+02 6.457655534122234258e+02 5.722650415616925557e-02 -2.951419658148068947e-01
5.577581306554320690e+02 4.595474026926966644e+02 1.567962617554580825e-04 -2.131369999195216816e-02
1.044433653452674889e+03 2.362683262242176738e+02 -2.781506095695124858e-01 -8.322109300376169527e-02
1.167291590436763954e+03 2.188966093390013725e+02 7.834391826779738000e-02 4.804113709786494296e-02
2.497532946318696361e+02 7.128225807512966412e+02 -4.001149809366302997e-03 -2.542445115585495116e-03
9.309465135016970407e+02 8.520530549093151649e+02 -2.460500141065465746e-03 -5.330396091718255652e-03
9.721603051619825919e+02 8.696052811576306567e+02 -3.827703132859853336e-03 5.076005732374347119e-04
5.412480542130120966e+02 4.646970162806940721e+02 -4.300709095635586905e-03 1.121518207829315904e-02
8.650913106088211180e+02 1.102284194903326579e+03 1.611196410487991757e-03 -2.098561713425321513e-03
1.045115259723486361e+03 2.768040187921467350e+02 8.611321568318529296e-02 1.901985077002842361e-01
2.451977876623155055e+02 3.651685130567026931e+02 4.473705040721398518e-02 6.512508994439006327e-02
2.676964184667773452e+02 5.032927000988473196e+02 -2.693698352151890213e-02 8.158215332138192555e-02
1.044193925010596104e+03 2.235495686567805649e+02 2.330127323293546687e-02 -8.755238766228501390e-02
1.245720491745198387e+03 3.281738395907527774e+02 -8.399115453780885143e-02 -1.087469764535719807e-01
2.444293366631290496e+02 6.472517571072966120e+02 1.939430222995903444e-03 -1.237853934404954843e-02
2.459858758799366569e+02 3.521881403336543030e+02 1.232144380396486411e-01 1.725559292116448373e-01
1.118056317900214481e+03 2.356305657655995560e+02 6.536987985945146018e-02 -3.191785833626820806e-02
1.163737644287194598e+03 3.100824318469930745e+02 2.411076649978911857e-01 7.316667221259312570e-02
2.069745652906288456e+02 6.293359858650106844e+02 -1.363966212117546650e-01 4.079634942820365429e-01
2.663619078240553790e+02 4.949056769892222292e+02 4.947860567812129712e-02 1.490331268726357294e-01
1.060255810482870174e+03 1.586802511004727307e+02 -1.495381267357760550e-02 8.948236853460509550e-04
1.117174232045212648e+03 1.761752954114557213e+02 4.629887035076325590e-03 -1.516054719691667732e-02
1.092795104201889899e+03 2.212358734563279938e+02 2.490739122023254842e-02 -3.652368675636807893e-02
1.187922228580382580e+03 2.422499828175606922e+02 -2.714138523732309918e-02 1.859280750750695599e-02
1.735554705843624959e+02 6.254842181870286595e+02 1.276456193951881479e-01 -1.325431190832397632e-01
2.384118770223098238e+02 5.330324784214316196e+02 -1.350685631084843491e-02 1.459148382986768383e-02
1.765295570845835584e+02 6.369841977952946763e+02 1.092357486144931028e-01 -1.352988584604781774e-01
2.341671922097656591e+02 5.267966837910718141e+02 1.233769534748271751e-01 -2.776662463171770123e-01
1.183680930988320370e+03 2.342072489434144416e+02 2.999126394925610839e-02 -4.947184759985982089e-02
2.421052796023426197e+02 6.537110702707700511e+02 -4.916549700727893685e-02 -5.449338094154162343e-02
2.708621661168023138e+02 3.670572844295315349e+02 2.968084124848286223e-02 2.210194155250114201e-01
1.047930613983406829e+03 1.904460083647526005e+02 5.461391367014031134e-02 1.846178716290148084e-02
1.147345218721342917e+03 2.793087914697153451e+02 2.080759183018709157e-01 4.577189136779645229e-01
1.147257170126844358e+03 3.103989986721721834e+02 9.448955869847060207e-02 -2.292819325724028967e-01
2.051177456876096699e+02 6.998893733471571750e+02 5.734331767001900337e-02 1.934213560342789573e-01
2.188753408148857034e+02 5.380114005155116956e+02 1.735586958820595771e-01 1.328192909560512447e-01
1.196008331975507417e+03 2.799935302982538019e+02 3.545045438875149557e-02 -1.220250078327208935e-02
1.228624974496648292e+03 3.609502167900392351e+02 4.008161761887963359e-01 -1.413841823209338600e-01
2.237481309388258239e+02 5.442891423633731165e+02 -8.183689393349621866e-02 -3.487515822124164777e-01
2.577338664936374357e+02 5.560483821296106726e+02 2.430643513300558434e-03 6.915048556358918165e-03
1.195038268556222874e+03 1.879986511760261294e+02 -1.993993767607770556e-02 4.237246683598527852e-02
1.280972440512361572e+03 3.814792778180744790e+02 -1.376672356958849874e-01 -1.608787313195123303e-01
1.089347515618652324e+03 1.763594763314962108e+02 5.900566968296061705e-03 7.981913796689354967e-02
1.201990615955299518e+03 2.953822800892909299e+02 4.408380649270725593e-01 9.110879495076176782e-02
2.621913535932031891e+02 3.423277495900933332e+02 8.643337305916606872e-02 2.032074526899087241e-01
2.374795999283674348e+02 3.732195751145705458e+02 -1.501174015785558813e-01 -1.763621992865086752e-01
3.062123677642101143e+02 4.886964290193625970e+02 -7.921966342552733478e-03 1.755046825583780196e-02
1.100524246617256949e+03 1.664715121484082090e+02 1.081688850008504232e-01 -1.397503953198808158e-01
1.093622884417547311e+03 1.722019761359082111e+02 8.514040527919812529e-02 -3.608686901638018252e-02
1.079679819086942189e+03 1.996515489094710460e+02 2.673951933266643585e-02 1.154161869002815616e-02
4.292621012631481108e+02 1.095227653095553933e+03 -1.286504119672982581e-02 -6.101047408121398723e-03
1.135409329000834532e+03 1.649191235482704485e+02 -4.170157050015808886e-02 4.547996052657291705e-02
1.025389587409436899e+03 2.093637280741983204e+02 -6.444528454350499647e-02 -4.860638808149372880e-02
1.054739558537901075e+03 2.326172253954405846e+02 2.585285774048695084e-01 3.018332853632554325e-01
1.231577400145118645e+03 3.324913690105674959e+02 -1.490849025308307318e-01 5.733518062548467742e-02
1.194712727817647419e+03 3.621467267510421379e+02 5.910364054770727432e-02 -1.532944406307497898e-01
1.231056311604599159e+03 3.960354820742184074e+02 -3.733476235957166600e-01 9.179783388898637986e-02
2.566180937071731023e+02 6.039934991735445919e+02 -5.236344891190785646e-03 -6.749006124980243921e-04
2.273350860125557062e+02 6.187792162001582028e+02 -5.832396958019280334e-03 -1.831104386743871021e-02
2.345970732394048639e+02 3.002020156335619845e+02 4.157560942382541175e-02 2.282126311211259972e-01
1.519874928490675359e+02 5.048393154152256557e+02 -6.212468870570413138e-02 -3.133272424001080081e-01
4.577387233707717655e+02 4.514245709658646319e+02 1.098809419642400543e-03 -3.356552703412690741e-02
1.055742661620537092e+03 1.797075039176500013e+02 1.802541094597847129e-02 -7.767964878586459954e-02
1.021307762076259337e+03 2.495356707935634972e+02 -9.477359081108046798e-03 6.433863215142356096e-02
1.261996281454436712e+03 2.007024803156779740e+02 4.086112073336527206e-03 9.464813850353066479e-03
1.211400782889583979e+03 3.591300583446334826e+02 2.208963011542249832e-01 1.461111447157932008e-01
1.191526385209792807e+03 3.755946596894555682e+02 -3.770998729803121813e-02 -1.577362513578297043e-01
2.814576132982730883e+02 5.312542382109593291e+02 1.043025553145853629e-01 4.705470331127932504e-02
2.267661475492976706e+02 5.729377957053603723e+02 1.637499009386227389e-01 -1.534589737363122042e-01
2.470242003746874104e+02 6.684380284714718528e+02 -7.362677500942575379e-03 1.894180478054482628e-02
2.360112999394059443e+02 3.218766071965330866e+02 -2.335192287916143528e-02 -5.449876190510849483e-04
2.589617589273212275e+02 3.242750807398011830e+02 1.500114054769596805e-02 -1.702770435109535185e-01
2.491023762207502728e+02 3.505803394085373270e+02 -7.551589858437068870e-02 5.776932857813221744e-02
1.101167836222373126e+03 2.328128987378466661e+02 4.380915909830207511e-01 -1.349928675450071225e+00
2.404111285573778787e+02 3.375014677694209126e+02 6.839485745101304970e-02 1.305569591256433570e-01
1.055109454181083493e+03 2.533905358416200784e+02 1.039193990876810803e-01 -2.770906422696574056e-01
1.151670469208787608e+03 2.268768720386653115e+02 5.433263459820712737e-02 -7.113143335880257878e-02
2.811551862091871499e+02 6.238666249600539686e+02 -1.307885284951074319e-02 -6.915257692113148391e-02
1.086279489693754101e+02 4.121178216843095470e+02 2.860505381175642015e-01 2.680468934356830535e-01
1.043259939457399696e+03 1.721733605543088856e+02 -1.731400471673103791e-01 -1.380483814526485276e-01
1.084278492607058297e+03 1.849027840724825751e+02 -1.878722667995751661e-01 3.917202290914779117e-01
1.087685779786744206e+03 1.942951403026487469e+02 -1.174981291876520118e-02 2.147150584503825649e-02
1.028695071655241236e+03 2.138839890710775080e+02 2.767607270980728881e-02 3.338424106468319552e-01
1.051547567556084687e+03 2.232500018112429245e+02 2.678905571277872544e-01 -1.765655701645739151e-01
1.255473149731838021e+03 3.031687230820669470e+02 -1.798450511966913357e-01 1.209444208330410220e-01
1.241848489010877302e+03 3.095391397840025434e+02 1.237632845696420500e-02 -4.363635833288169409e-04
1.758521760926405193e+02 6.403406450106515422e+02 7.983259934213192410e-02 -1.556243751394877639e-01
2.530826357062518355e+02 3.316385362798497454e+02 -5.968783565235797478e-02 1.741177547830873862e-01
1.973783701196470872e+02 5.349990896324052301e+02 8.107145613479579960e-02 -4.825267193218853168e-02
1.051398072250244923e+03 1.707019053478189221e+02 9.340159191838910691e-02 -9.552918008896846280e-02
1.071360754138374887e+03 3.224449390332626990e+02 1.820137773777857427e-03 -3.128123079040261330e-03
1.158539038363365989e+03 3.098981611990463421e+02 2.605576751544994019e-01 2.006243123372979109e-02
2.864273725170942839e+02 5.822841115101805372e+02 -2.671329742351137917e-02 -4.425843421091275876e-02
2.709170035320644843e+02 6.191247345040734444e+02 -9.908210151938700097e-03 -1.286965477320861292e-02
2.705963171606484252e+02 6.766565436595280971e+02 9.685943500274928064e-03 3.985554655739283886e-02
9.965775733174604056e+02 7.982454199881808563e+02 1.238846152073864830e-02 -2.725747946537747032e-02
9.911338078430545693e+02 8.157706679912550953e+02 -4.292835673898783293e-04 7.935864234961323774e-03
1.047719361618370186e+02 4.198369399644103623e+02 -1.116824495572152770e-01 -4.082618434125606655e-01
1.061850244322211893e+03 1.767394318782983760e+02 -4.887456993856176268e-04 3.279507090633418387e-02
9.815373168702923294e+02 2.130840437688896429e+02 1.324741207616026151e-01 -2.558135377857566339e-02
1.030964627999286449e+03 2.218532472138824971e+02 -1.198214664596186779e-01 3.829463346372030674e-01
1.012377881739475015e+03 2.324204947662723555e+02 1.631694223044116154e-01 -7.060561986349450647e-02
1.084548447010615291e+03 2.480140886217581624e+02 -6.277017884436149331e-02 2.885224984203592635e-01
1.167359210510552657e+03 1.633864465327778817e+02 -2.485477250146769443e-02 7.150052277908839661e-03
1.155183690618832770e+03 2.471911053733842607e+02 6.036728674571763265e-02 -8.058251692265437638e-02
2.005403561719408856e+02 5.822906748988217487e+02 1.004620085885996744e-02 -1.164170278422757693e-01
9.938056851594783438e+02 1.835442536476996054e+02 4.673295754005607483e-01 -5.124261338267614985e-01
1.130160286734695546e+03 1.829034156233718988e+02 7.511554295340375220e-02 1.809795366014156914e-01
1.185017810918988516e+03 1.743173166658963567e+02 4.152056389696099498e-02 -1.073488920836467714e-01
1.155442489693489279e+03 3.099151882956642226e+02 1.839233810412906622e-01 1.516005873499466361e-01
1.179072856738889868e+03 3.199588883756926521e+02 -2.182699959184674354e-01 6.969015109905285672e-03
1.177168617548480370e+03 3.508000112144430318e+02 -7.254280232737073120e-02 3.389611206221161688e-02
2.105039606613889589e+02 6.186512026862833409e+02 -2.138100229080293901e-01 3.259532492582252194e-01
2.401645555649868129e+02 6.432921854732679776e+02 -8.090066515887031628e-02 -6.969389542539375371e-02
2.585475971345729818e+02 3.320746573322626887e+02 -6.205281483439901297e-02 -3.884438755344932215e-01
2.195311941686942703e+02 5.235427846959813678e+02 -2.341266948892695154e-02 -1.328680614444266439e-01
1.018656114269149384e+03 1.791728998442474108e+02 1.092998391064270436e-02 2.796214097288149958e-01
1.112869017340061191e+03 1.650152463067306030e+02 -6.442279159736585825e-02 7.541276024921828025e-02
1.093517626461362170e+03 1.878519471306914852e+02 9.991623063831411855e-02 -1.437388488351913907e-01
2.492468658717711207e+02 6.468301964890659974e+02 1.280341805047768844e-02 1.631858342589964650e-02
2.735296185235379198e+02 4.439333383267509134e+02 1.054906495661660747e-02 2.007466036706984647e-01
1.040265675283457767e+03 1.715172685374753314e+02 -6.797109308977919429e-02 9.286677992866998466e-02
1.004911667962545266e+03 2.458886538782213336e+02 -2.683615655033528419e-02 7.620555561844558068e-02
1.109826539834826463e+03 2.742632898889373791e+02 2.032697376938098766e-01 3.385042851192484603e-01
1.183632522076343093e+03 2.018122523556342287e+02 3.732581585830173354e-02 -7.065909121126067068e-03
1.168163020563915779e+03 2.262259602668674745e+02 -6.115564656608642007e-03 5.000406271338420083e-02
1.181069014675817243e+03 2.297654306911780395e+02 6.968285066769956682e-02 -1.546041835402271747e-01
7.546348864254017599e+02 8.934416814029924581e+02 7.935112428185675526e-03 -1.140533028306630822e-02
1.015841415632061512e+03 2.552790240388031009e+02 9.817515786210151418e-03 -2.899346138280141719e-02
1.214562103819084996e+03 4.043231077868570651e+02 -1.812213389589487633e-01 1.359224057035627632e-02
1.869260333985385500e+02 6.454734470363558785e+02 1.197737136469593650e-01 -1.263230681674940570e-01
1.817073435712853495e+02 5.357552912110783154e+02 9.003541613641345698e-02 1.707410022155272655e-01
1.064021666467573596e+03 2.743215151414779029e+02 -3.290953363148219069e-03 9.263934066752881058e-02
1.144343914133497719e+03 2.319557704529719899e+02 3.022879335212564841e-02 -1.289828457179851250e-02
1.188494192503901331e+03 2.973232136549974598e+02 2.305756874116013933e-01 2.121021165727597635e-01
2.398311795424633601e+02 5.446780507144641206e+02 -6.833013067501951532e-02 -1.140505146845498599e-02
2.283864966177471274e+02 5.505599191922257205e+02 -7.964484125363924250e-02 -9.006073835819279616e-02
1.931952236292735847e+02 5.883336514917621116e+02 1.268593030230818000e-02 -1.165579926311920700e-01
2.498633598986191089e+02 6.868793961981421035e+02 -1.533171654792795345e-02 4.256703050518808457e-02
2.380682968356626645e+02 2.925825742941378849e+02 -3.388844073040786498e-02 5.695622813112208860e-01
5.304344854774587930e+02 4.245636674840886258e+02 -3.264025424107330764e-02 1.831430722103277731e-02
1.056907314494309958e+03 2.803446253290336472e+02 -1.737290230720418549e-01 4.464367791944283681e-01
1.227284501439755331e+03 1.489083272136785752e+02 6.257264080545610341e-03 -5.964688001421336594e-02
1.197622308270920939e+03 2.237059699311880365e+02 7.351080380061603137e-02 -1.169663681949742795e+00
1.165061074034208787e+03 2.377919815103923327e+02 1.797633953024728726e-01 -7.098516109878971747e-02
1.145207821705725109e+03 3.456761303726053711e+02 6.588880354172488296e-03 1.185017809071666761e-01
1.237375524723971012e+03 3.461063275352896085e+02 -1.529061257571129318e-01 5.310279818630192494e-02
1.799514526000770616e+02 6.565582674715324174e+02 1.591994188963639090e-01 -6.319233229623932857e-02
9.697967944763933019e+02 8.347561438339291726e+02 -9.523649237451081717e-03 -1.160096487722341863e-01
1.043108454853004559e+03 1.967280652501279121e+02 9.919329993370713805e-02 -1.340495989167607149e-01
1.019298134636648115e+03 2.472531999702238181e+02 -7.847574455441493069e-02 1.037364842673866860e-01
2.368809194629712920e+02 6.973600765785000704e+02 -3.833337957420705072e-02 -2.005968395822795361e-02
2.269503209900437639e+02 7.355186907527958056e+02 2.915758888662859857e-02 1.177564284209135261e-02
1.047994085684654237e+03 1.651287449183977856e+02 2.597972986766308168e-01 -3.882576193681330778e-01
1.117888202546589127e+03 1.593991060742851005e+02 2.197260873614368393e-01 -2.948922048938840135e-01
1.044638034685790217e+03 1.756380250785179271e+02 -1.962408839813178929e-02 5.882548649810814823e-02
1.102050056153042988e+03 1.792226314921377366e+02 -8.647527541722865863e-02 3.772531343759197853e-01
1.005974982474796093e+03 2.156608778770934691e+02 -2.322904548174165029e-02 -2.444893355789474754e-01
1.134667683287331784e+03 2.066827820221223249e+02 1.070424723064547834e+00 -1.898452477108534708e+00
1.041983730811876967e+03 2.637755077090951090e+02 6.261743723857762234e-01 -1.807324309323860234e+00
1.242524963369587340e+03 2.994229603364410650e+02 7.908405764612780331e-02 -1.739254649881161185e-01
1.230435883370667398e+03 3.142990984969731585e+02 1.001326699073388227e-01 1.474941506861568996e-01
1.261733976978042847e+03 3.360110289780485573e+02 2.498890190748852547e-01 -6.762073165381821127e-02
1.236468007885935776e+03 3.415492481507145044e+02 2.442201019664480555e-02 -8.929386243815429225e-02
1.205610112892098869e+03 3.632482230263558449e+02 1.579640453434194569e-01 -5.907497843207920596e-02
2.345952739003953980e+02 5.866564626692821776e+02 -1.075482019186893012e-01 -3.596674263370118751e-01
2.674667441091510227e+02 6.228885369603630124e+02 -4.351416621275916441e-02 -1.771209895818515179e-01
9.794273665150534498e+02 8.717191010892780696e+02 -1.713166237647101298e-02 1.194298172435992456e-03
2.547087630355108843e+02 3.581449622890194178e+02 0.000000000000000000e+00 0.000000000000000000e+00
4.814226640209294033e+02 4.669869017208735613e+02 0.000000000000000000e+00 0.000000000000000000e+00
5.488631199583259104e+02 4.658056265730650125e+02 0.000000000000000000e+00 0.000000000000000000e+00
1.065665441667822279e+03 1.539941853174975961e+02 0.000000000000000000e+00 0.000000000000000000e+00
1.046049796116211155e+03 1.601061727252023559e+02 0.000000000000000000e+00 0.000000000000000000e+00
1.053265747788125736e+03 1.784662710298933064e+02 0.000000000000000000e+00 0.000000000000000000e+00
1.076480998142959379e+03 1.788565687818622791e+02 0.000000000000000000e+00 0.000000000000000000e+00
1.032509130503131473e+03 2.016828070072133983e+02 0.000000000000000000e+00 0.000000000000000000e+00
1.041629383351395973e+03 2.209370559605742699e+02 0.000000000000000000e+00 0.000000000000000000e+00
1.033577117556289750e+03 2.463967429591101848e+02 0.000000000000000000e+00 0.000000000000000000e+00
1.088972771392615186e+03 2.897926522748310276e+02 0.000000000000000000e+00 0.000000000000000000e+00
1.042335657061600841e+03 3.063451364553678218e+02 0.000000000000000000e+00 0.000000000000000000e+00
1.133166003320364780e+03 2.310884700281677056e+02 0.000000000000000000e+00 0.000000000000000000e+00
1.174110179139074035e+03 3.164061515700634573e+02 0.000000000000000000e+00 0.000000000000000000e+00
1.275652372219115477e+03 3.122906800645737917e+02 0.000000000000000000e+00 0.000000000000000000e+00
1.227591913982916140e+03 3.530876647831306627e+02 0.000000000000000000e+00 0.000000000000000000e+00
1.314852019990001963e+03 3.457015031760873853e+02 0.000000000000000000e+00 0.000000000000000000e+00
2.437134264817961196e+02 5.352578960028464508e+02 0.000000000000000000e+00 0.000000000000000000e+00
2.820490562356213786e+02 6.309415274825341839e+02 0.000000000000000000e+00 0.000000000000000000e+00
2.235258015497549025e+02 6.954909831198561960e+02 0.000000000000000000e+00 0.000000000000000000e+00
1.021599543241952574e+03 8.392973062767215424e+02 0.000000000000000000e+00 0.000000000000000000e+00
