2.703575669215658195e+02 5.049117765705568104e+02 -1.489465526838114166e-02 1.401840050386329029e-01
1.338603880438133160e+02 3.785574090436738288e+02 -1.072328018425828785e-03 -2.667216990483657364e-03
1.378997344669573692e+02 3.919720982175396102e+02 -3.425947839554674412e-03 -5.924969252773600210e-03
3.031685341153821582e+02 5.767149346769128897e+02 2.657270522630338083e-03 -1.981724181391790289e-03
2.716895452847759884e+02 5.420425642134059672e+02 2.834976285281707448e-02 1.641638029759689699e-01
2.633528479799356319e+02 5.623836158219107801e+02 5.228649194763609898e-03 1.153877948381997788e-02
2.423228603229958935e+02 4.851709690076961010e+02 2.210372648193493703e-02 -4.976031556331031447e-02
2.550625031234894209e+02 4.653363994495302336e+02 8.525951214068916385e-04 -2.250150937600052796e-04
2.528661852941542065e+02 5.720370282747053352e+02 -4.274694735371473847e-02 7.674409796105703674e-02
2.741225476556030571e+02 5.489142534726179292e+02 -7.058592423093294592e-03 1.245341066762625966e-02
2.782581116165619619e+02 5.508617409738282049e+02 -1.256440967636373619e-02 1.090951582968144838e-02
2.375183153951740564e+02 5.819402746182285000e+02 -1.116338275373596062e-01 1.055389842078381102e-01
2.618262280126816677e+02 5.800066611674332080e+02 5.207296040670245096e-03 -7.827156474083477380e-03
2.927176904253354905e+02 5.667343501071796936e+02 -2.991114558574506539e-03 -4.692316334222316793e-04
3.039580906682300565e+02 4.629403669778111521e+02 -2.100987311129052029e-02 -1.885904242383355106e-02
2.985155386502050305e+02 4.878030213850382779e+02 -8.846343126116898437e-02 -5.063436101212773904e-02
3.025743626357259473e+02 4.892680450773210055e+02 -1.678630023293138096e-01 -5.515272610021289268e-02
3.157935483225500093e+02 4.726121577282355020e+02 1.284870705830941200e-02 1.833083270509794707e-02
3.082975312885534436e+02 4.776373145315042166e+02 -5.983496308213507274e-03 -4.157471755502172711e-02
3.188250086392490061e+02 4.717388490896820485e+02 -4.005028814320455571e-03 -2.970820868953994581e-02
3.897587205039964715e+02 4.566040457511288082e+02 2.624073843492512603e-01 -3.474773446122169651e-01
3.822273099250403448e+02 4.797887848420907062e+02 1.654691786743164306e-01 -1.735733605962959947e-01
5.657348666855427837e+02 3.856164502217504264e+02 1.221115325734890671e-02 -2.274461298105453014e-02
5.607200127494005528e+02 3.811008266915297895e+02 2.391857289674337739e-03 -3.217276119438892187e-03
5.440299357191029230e+02 4.382214974663640987e+02 -3.701781611013435502e-01 1.614762204341661789e-01
3.828031126806148450e+02 4.948177301843094256e+02 -3.051318052096582689e-01 1.610344293321494813e-01
3.998222745724612537e+02 4.707121083793190905e+02 -3.883225624692385192e-01 7.475835451726080272e-02
3.657098859181041348e+02 4.798133217687260981e+02 -3.276222637466459364e-01 1.293474002953471924e-01
4.345310810443816081e+02 4.640813997882385706e+02 -3.704711792605143161e-01 1.271737840837203204e-01
3.175819586586577543e+02 4.830806630434035469e+02 -2.372902145863494960e-01 5.612929885044048994e-02
3.718862391074878815e+02 5.018270616391080807e+02 -1.875057490558857953e-01 1.901210360665719079e-01
3.205320126334310658e+02 4.920504371535969312e+02 -2.400121095181227959e-01 4.956056842317564659e-02
4.685010326381582786e+02 4.903673344105503134e+02 -4.087676760271792276e-01 1.955197060899946937e-01
4.026468439430302055e+02 4.941255450262334534e+02 -2.881684916178821054e-01 7.675451404042750447e-02
4.547846182155662405e+02 5.032303081894665411e+02 -3.741802826791587600e-01 1.399260315409209809e-01
5.162955113942958860e+02 4.554285439269269773e+02 -4.145221119839269108e-01 7.701634448188308946e-02
4.402920830368580027e+02 5.092555931902815587e+02 -3.528642291438270351e-01 7.907092475021960942e-02
3.782730908203198510e+02 5.324812653208102802e+02 -3.686357886478937584e-01 1.089970794477692628e-01
4.256877540956933785e+02 5.260801998227610738e+02 -4.049496615235592678e-01 1.280262767824835168e-01
3.509871604207473865e+02 5.348225302827694350e+02 -3.881696707178474148e-01 9.580680153274416522e-02
3.665518721494910324e+02 5.425274168924019023e+02 -2.889718125514540992e-01 1.003382575811034988e-01
3.804887895508628617e+02 5.450463895834819823e+02 -4.285001987364130405e-01 1.774873062936500601e-01
1.104767593104256548e+03 2.940302717055060384e+02 5.267218581375076036e-01 -6.089048246879356918e-02
8.719949780435952107e+02 4.080133597996783692e+02 -4.722106341263821892e-04 -4.036977651551724652e-03
7.031535782903710015e+02 4.169251270496144457e+02 -4.860638653865587827e-02 1.117327718523119032e-03
7.594883569593275752e+02 4.446100898862045483e+02 9.175038888853653818e-03 -1.951593872981542471e-04
9.107177927878327637e+02 3.271635343624425900e+02 -4.168028489924226476e-01 2.169260274853179460e-01
1.061337159781146056e+03 1.976232881413180849e+02 9.915625400080357692e-04 1.713059749694184272e-02
1.105568840907110371e+03 2.217873167777314904e+02 -2.016172673915216443e-02 -2.198935121205157842e-03
1.190048261897069779e+03 3.499649619756854122e+02 2.084518168451065644e-03 -3.192915742415764879e-03
7.599958674685268534e+02 3.747920600220870142e+02 -6.111883642664083238e-01 9.485498742315998100e-02
9.012376613232933096e+02 3.763419522804315420e+02 -5.051948578483549390e-01 1.447466448587690080e-01
8.279920871642983684e+02 4.072285573032148704e+02 -5.158492972521463438e-01 1.282986556660249688e-01
1.186816884848318750e+03 1.774595945997640172e+02 1.960008783919757729e-03 9.064331190078258813e-03
1.153879775493897796e+03 2.137502159553425827e+02 2.309564522148536969e-02 -1.573942587236730473e-02
1.163680696074129855e+03 2.213014576206246886e+02 -1.588883113439770040e-02 2.593537754768811959e-02
1.192284417108521893e+03 2.059867906535477005e+02 -1.233863778111074158e-02 -1.617499123317187731e-02
1.199841618409298235e+03 2.458560630790671553e+02 -7.773978542384764670e-03 -9.948162986895771245e-04
1.216307082820392452e+03 2.545283263724249991e+02 -1.622595363561132268e-03 2.760765070797563218e-03
1.179756912647724903e+03 3.566973075493092438e+02 -5.969385060453614132e-03 1.272841177288989078e-03
1.195120933919354002e+03 3.697964525753034764e+02 3.546281058546504189e-02 -3.550647998556125812e-02
9.272408745826235190e+02 3.658468421255034286e+02 -5.455422892642574073e-01 1.965378031087133825e-01
1.206438938230094436e+03 3.973602224289202240e+02 -4.649592680283207505e-03 1.030059525329916903e-02
2.752203126443788506e+02 5.613364026060477272e+02 -4.151146302364292114e-03 -4.392945287617799031e-03
2.020655824405299938e+02 6.557348887559459172e+02 -4.781277733009305086e-02 2.284285453433846369e-01
2.773998957304762030e+02 5.723640623917585799e+02 7.849288122460759687e-03 9.088210035888505053e-03
2.718039334860193890e+02 5.939522787711998717e+02 -1.744535448042178888e-02 4.368181546954582467e-02
2.683974426883993374e+02 5.944035177104102559e+02 3.213986161424622640e-03 5.570039383832688443e-03
2.232712833505390790e+02 6.190057190689620938e+02 2.565722600202421065e-03 -2.605841410564328862e-03
2.869846443977713193e+02 6.069459550578834524e+02 3.680383336098085306e-03 -1.976823443755219584e-03
2.491411491026763940e+02 6.008309984638681271e+02 2.448609012854113202e-03 -1.521571618083483041e-02
2.805587628069922062e+02 6.011104756051366849e+02 3.113093872734747688e-03 -2.402651740597699058e-03
2.390029934701497893e+02 6.221290000776326679e+02 2.810448340714475843e-02 -5.948277469934230496e-03
2.484722287126823232e+02 6.186312119811437924e+02 5.055206082886906128e-03 -9.333236037363267824e-04
2.555795987958418607e+02 6.218117227500298441e+02 -4.130974532776379368e-03 8.349617610848677346e-03
2.275637811225855103e+02 6.303230456264817576e+02 -2.757453688621135362e-03 1.771309067432619158e-03
3.102331893537240717e+02 5.718848653165678115e+02 1.041326466007907736e-01 -2.920359017016853631e-01
2.798479896619447800e+02 6.315216166496459209e+02 1.012307811969107886e-03 -2.914894088033039704e-02
3.002065777766766246e+02 6.310818795978311755e+02 1.380596388797823574e-03 -3.524988395142962354e-03
2.246188335287079383e+02 6.453839269021736982e+02 2.097625961961892618e-03 7.915372358961756533e-03
2.859163734871902420e+02 6.369994170810973628e+02 7.036992105993969404e-03 -4.800814515341122785e-04
2.945015113391710884e+02 6.374997746723757928e+02 -1.146141618027858100e-03 1.710187919428844477e-04
2.374152760945511602e+02 6.432280776637552435e+02 1.500152593426057465e-04 -1.076640201912965533e-03
2.575651389203082999e+02 6.391001685868653794e+02 -4.257870154644100881e-03 -9.130329059575620007e-03
2.651478778537270955e+02 6.435026711270671740e+02 4.753942766099764072e-03 -2.247463067675144460e-03
2.291521504827854585e+02 6.560563188154839054e+02 -4.692592767414376607e-03 -2.789819969664920213e-03
2.597760055219179662e+02 6.540448199842121539e+02 -1.425972098771954551e-03 2.590664388121425091e-03
2.693973115590679868e+02 6.529925512489973016e+02 1.926235343706359914e-03 9.598522626026468468e-03
2.892407879403735365e+02 6.528793553893061699e+02 -1.695128829996659465e-03 4.587125134978825699e-04
2.750888278783318128e+02 6.576669988892684842e+02 1.560775244107752251e-02 -4.403034884161219180e-03
2.462321237561346550e+02 6.643595125466115405e+02 -1.618214931097065185e-02 2.524376345737585486e-02
2.555709897390372305e+02 6.661313821211407458e+02 -8.808910781284556022e-04 1.141634021661444001e-03
2.089920017916182644e+02 6.695951046103334647e+02 6.628509003243636573e-03 -9.779473315606676542e-04
2.259068431011702955e+02 6.681233575479825504e+02 -8.477382808333157674e-03 -1.634550871909992145e-03
2.616975748730976647e+02 6.683175710724766532e+02 5.085638258099670289e-04 -3.897191212823455844e-03
2.695020045380222200e+02 6.698087448154049071e+02 -8.656404991634955928e-03 2.773621429639998651e-02
2.009938278352907446e+02 6.986021071772001960e+02 4.203019070019979619e-04 -3.415682188443893916e-03
2.351199036752796871e+02 6.808908902490575201e+02 -2.322643195044537048e-02 6.238913375728536402e-03
2.247431336494154266e+02 6.839234419640669103e+02 -6.889122258663105385e-04 -3.489698215736269189e-04
2.174875454887946375e+02 6.872108872010493315e+02 3.693482484372975099e-04 -1.212898756085622294e-03
2.841595398796864629e+02 6.828034352576049741e+02 6.876211408901929535e-05 3.871813740357934455e-04
2.340158620220148293e+02 6.884828325526779054e+02 1.715953274023774427e-02 -5.033284547022445418e-03
2.392341852202484063e+02 6.932676822952959128e+02 3.708242071519463794e-04 2.941261108822115951e-03
2.012917637514283058e+02 7.103742896029491476e+02 -4.364426216467268832e-02 -1.418854673516482812e-02
2.778938262195575817e+02 6.881507994684284313e+02 2.905562423393348581e-03 6.824040706412756382e-03
2.519514148322549261e+02 6.935593445470362894e+02 -9.544992226103028417e-04 -1.384824049763314123e-03
2.683837731637543698e+02 6.943823749346728391e+02 7.465149363465885778e-03 1.126937354525121013e-03
2.746631226929092122e+02 6.955727736414762603e+02 -5.013113690966805938e-03 1.451140850453031363e-04
2.595291224006476796e+02 6.988235243465592248e+02 -1.551557318894893848e-03 6.373479991443763495e-03
2.544307482481851537e+02 7.017024016267999968e+02 1.428218894069110609e-03 9.565492631182759796e-04
2.460842512571607017e+02 7.021892143384836800e+02 -1.971375412053514176e-03 -4.851168806945535886e-03
2.472341710538251505e+02 7.072814046450380374e+02 1.152276072002818806e-02 -1.635161345161172423e-03
2.697748711033337941e+02 7.051662585697072245e+02 3.082967046230976772e-03 4.082648315386337191e-03
2.587256201900675592e+02 7.079204420895681551e+02 -8.812919353791621221e-04 -2.207783095322705946e-03
3.616624343385175280e+02 5.482716589867782204e+02 -4.650571500655417689e-01 1.246508723906937094e-01
2.623138436129895013e+02 7.114526156467655937e+02 1.129408529270631810e-03 3.592483229314470672e-03
2.189484700091379921e+02 7.165047134606469399e+02 -1.769271779714713146e-03 6.744742107086116635e-03
2.663066105499281093e+02 7.124303800809638005e+02 4.097982563888704841e-03 9.517978977702015449e-05
2.268980127236635553e+02 7.217785649559959893e+02 -8.685953050666969481e-04 -1.926536053815540439e-02
2.457711827275134056e+02 7.167337858109946183e+02 -1.094468476459483329e-03 -5.616430631037717253e-03
2.209998466418404064e+02 7.237560162656167222e+02 -4.616038546998316693e-03 -5.584271581080366142e-03
2.498283540401593825e+02 7.148637139410184318e+02 1.419159032667888058e-03 -3.690099986683192251e-02
2.128669122965800966e+02 7.380291658513962147e+02 -6.851382083853238200e-03 9.788597509205010198e-04
2.348742630340451853e+02 7.246572340150075888e+02 -3.037613972688206661e-03 -2.816885404292793996e-03
2.620916797485236884e+02 7.276575364381067175e+02 -5.658242434423197027e-03 7.727784368556302088e-05
2.195539078739697061e+02 7.344298511902492237e+02 8.054204044667596582e-03 -7.119191298215810093e-03
2.550599584639346347e+02 7.305966766897234947e+02 -7.228841761145353949e-03 3.458077784047742468e-03
2.370190599054901668e+02 7.358544823916878386e+02 3.565166157208428388e-03 1.212825444222199664e-03
2.200896214604198065e+02 7.465814223853642488e+02 -9.208728229348163083e-03 -1.376833834766636420e-02
2.300852074852752764e+02 7.452215700620932921e+02 5.146842232329956052e-03 -2.563222017328155143e-05
2.455552768242569357e+02 7.425278774255961025e+02 -1.215291570165357229e-02 1.290826283181586119e-02
2.410749453474341522e+02 7.463010988831313171e+02 3.024484279536625211e-03 -6.098530878763977177e-04
2.553557408661675652e+02 7.450605775598900209e+02 2.991992395231258053e-03 1.262454006543165495e-02
2.521740154500716926e+02 7.502657965358305319e+02 -1.156450883921380547e-02 -3.400735329794562969e-03
2.433025466426693129e+02 7.534745675467346473e+02 -3.160566569678426030e-03 2.071593371103499538e-03
2.473919888748187930e+02 7.600649304700453968e+02 -5.102775258476154041e-03 9.794251317175891799e-03
2.441647454127025014e+02 7.622231312265779479e+02 1.342029054193667054e-02 7.265232118078808823e-03
6.343264767741173955e+02 8.220181634213857933e+02 -4.500331489855915698e-04 2.522108778500954033e-04
9.123870630126524475e+02 8.059191869118635623e+02 -5.317138240170067110e-04 -3.489554458921324028e-05
4.599427186618058840e+02 9.415493679685755524e+02 -9.752428894390135410e-05 -2.097031744399080965e-04
7.187652859904006846e+02 8.696281184892746978e+02 8.152439465631444032e-03 -1.155625045080882138e-02
5.341404165207434289e+02 9.874329085581872505e+02 -5.249587307118579460e-01 1.038718338450222017e-01
1.013006927686387144e+03 8.239851157672245563e+02 3.804420579379389489e-01 -1.997702948743351747e-01
1.077708238532626183e+03 7.805108951391689516e+02 4.368428226082032295e-01 -1.880538529332393405e-01
1.063855913291465185e+03 7.821764311761451154e+02 4.161091976242682899e-01 -2.216660362161469999e-01
1.025428772534251493e+03 8.115407323636889032e+02 3.732182106816235301e-01 -1.767869024972865688e-01
1.077282460813699799e+03 7.975353047718837161e+02 4.345746030446774877e-01 -1.840046841588984239e-01
9.066571572634128415e+02 9.238067399487208604e+02 4.651068939399848230e-03 1.760845020902985971e-03
8.997038295683175875e+02 9.274481606943460292e+02 2.220024300746751417e-03 -1.064235145146076329e-03
4.591442647815777605e+02 1.022719088921200751e+03 -5.672477866768894650e-01 2.120763177423475310e-01
5.095315058143650049e+02 1.091685744368884116e+03 -5.479482847096985854e-01 1.383743398757319998e-01
6.872050732950016254e+02 1.022542413400493274e+03 -9.520195961987056596e-04 1.724108450007811851e-03
7.148639546293884450e+02 1.011686715357285266e+03 -1.114187432872628574e-03 1.232946402881067872e-03
7.050230085248183514e+02 1.023542755679300967e+03 1.387449988213813748e-03 -2.314749236854304892e-03
6.132420990482050911e+02 1.040930234575307850e+03 -4.103875434206514794e-01 3.588443072913947707e-01
5.436305952147117750e+02 1.025792031469185531e+03 4.319538830964362308e-01 -1.766328251747107114e-01
3.504045717285180217e+02 1.058809547036029699e+03 1.032314634769737442e-02 -2.118096356311845348e-03
7.201500115341277706e+02 9.401357810281521097e+02 6.412348765655523364e-01 -3.034238400034509064e-01
9.330290197473333365e+02 8.598298423800538330e+02 1.211725985459558119e+00 -4.733079436245390959e-01
7.404894143898868606e+02 9.406836350954405361e+02 6.750814647174017136e-01 -2.406590165055300379e-01
4.819073318893217674e+02 1.099260230821221512e+03 2.567636966762278181e-03 2.689355588231727261e-03
7.044441766603866881e+02 1.036419508672363008e+03 1.999811631089914369e-04 -6.551813030657988165e-04
7.518357695523729944e+02 1.067484321341481973e+03 -1.826143033222161636e-04 -5.375615584970285573e-04
7.455881012569614086e+02 1.071452156545083426e+03 -6.470504230456204870e-04 4.125278005631116685e-04
1.310104015748216284e+02 3.251029761453219180e+02 -2.032185590551723996e-03 -3.340664131652635541e-04
1.060010972465326859e+03 3.179454128419437211e+02 4.843590075143531792e-01 -1.050663030814699694e-01
8.507264214144455536e+02 9.315087818732898768e+02 -2.179537558616868854e-04 -2.896083889186905022e-04
5.848578533197410252e+02 9.923690806219664182e+02 5.265729896623281281e-01 -1.563102098791299688e-01
1.084923952588788779e+03 2.275142673137109171e+02 -4.472522264544713869e-03 2.341726362467881802e-03
1.237568758344483058e+03 4.023224358240888705e+02 3.367266621384854865e-03 1.833529230344709644e-03
8.997733691105743219e+02 1.102156052277257913e+03 5.347253457280698712e-04 -7.308455812544887003e-04
1.129054667753669719e+03 2.425768575968928928e+02 -2.247990186350590919e-02 3.797862937821690037e-03
1.031019977238393267e+03 1.822903091354167771e+02 -2.393050134674688367e-03 1.322810037803514964e-02
1.169716456846863366e+03 2.269498028316959619e+02 4.879273992164463725e-02 -8.031923848525315823e-02
3.009146524249356389e+02 6.388028860852538173e+02 4.354452453671595925e-03 -1.641565260278599015e-03
2.818760902819827834e+02 5.646925953673072627e+02 3.686630507538869099e-04 -1.675553473528632736e-03
2.553892367542195529e+02 7.084434138280428215e+02 1.756662233802752909e-04 1.400143837184547775e-03
4.641015957936670588e+02 5.378538587667137563e+02 -1.021409162069630838e-02 -4.779639290580298128e-03
8.248397774285838295e+02 1.102206398651046811e+03 9.173720240826219489e-05 -3.239198528407010412e-04
2.806519012108275888e+02 5.219381480432940634e+02 -4.889930424613987865e-03 1.518093415578809259e-02
9.497293376391978654e+02 2.479163889348326677e+02 6.203567749258753240e-03 -7.698551904126145137e-03
1.131267663597864157e+03 3.481324157064740916e+02 3.627983404599170562e-03 1.650928218112420560e-03
2.794535776616108365e+02 6.527852312303906501e+02 2.998728015261866949e-04 -1.567656576458596306e-03
5.134521089167645869e+02 5.034608814992627686e+02 5.049544346363740166e-01 -2.523079626482290228e-01
1.344595958404622422e+02 4.001359991738574422e+02 -3.354400462540081760e-03 -8.999062320122623885e-04
1.152873228026685410e+03 3.404758146566953769e+02 -1.177848631902751264e-03 2.683916694098628999e-03
2.330167815085935104e+02 6.661286232141934534e+02 -1.151762442566675983e-03 4.502176348970658021e-03
2.635653723205811048e+02 4.826706124260129513e+02 2.282987643308115669e-02 -4.249060963755734582e-02
1.008335120270060202e+03 9.275167175698685469e+02 2.362114821236522590e-04 -8.450907212744202641e-05
2.759662126611054305e+02 4.657963347470918052e+02 1.163589471655716856e-02 3.062495881279332990e-02
9.182219254930903389e+02 1.102564941225130724e+03 2.224221947267099146e-04 -7.433221714951052626e-04
3.500408456917652416e+02 5.168613645099751466e+02 -3.417573834665009191e-01 1.252412500231427361e-01
1.205848076534729671e+03 2.022075157440349358e+02 5.673292816385186801e-03 -9.063899961297116822e-03
1.285595345034900674e+03 3.680633997876142871e+02 6.257649903980312157e-03 1.967907722309906408e-03
2.582191404592043682e+02 4.399267571266778418e+02 -3.488471347916987514e-02 -1.373698487066943308e-01
2.679651530234047527e+02 4.900295144298294190e+02 6.977625161590031433e-02 -6.279880300361344314e-02
2.119310207902366585e+02 7.203590436578019762e+02 -9.685774053200712358e-03 1.479485080917111381e-02
2.619531546311661714e+02 4.669994221352339423e+02 2.195621982863067007e-02 -6.498179646109916718e-02
2.756980729163722117e+02 6.110552848623684667e+02 -2.068851977390572319e-02 -2.947787335335085371e-02
5.409169132912367104e+02 4.348385337659375978e+02 -3.565119127445052771e-01 1.361080516730485968e-01
2.749666888207929674e+02 4.957904734614351696e+02 -3.061478757164386860e-02 1.358865920227273760e-01
1.153620084770146605e+03 1.401615358631661081e+02 -1.002993253270670045e-03 -3.169063264199804830e-02
2.286443876952199901e+02 7.753416269743087241e+02 -8.138977822190524361e-03 -6.271787909761517878e-03
3.187621746887549534e+02 5.263849837571727903e+02 -2.045886607275305968e-01 -1.748425721784724676e-02
7.700732659144148329e+02 4.368984069664461458e+02 -3.034256459352592250e-01 2.280747887720115663e-01
1.169893682095519125e+03 1.440484827530213181e+02 2.334012427401812619e-03 -7.421266266337872911e-03
1.177565627804930955e+03 2.082750782265951841e+02 -6.398950742698949687e-03 -1.234136169604412372e-02
2.439547159091438573e+02 7.711531613723317378e+02 1.033392040094350747e-03 8.425403369902497233e-03
2.644626569057903112e+02 7.437242909967010291e+02 -3.978168627174729494e-03 -9.291287126221405360e-03
2.835030372093433471e+02 4.731146901108602378e+02 1.888289813036795467e-02 2.066349407871719002e-01
2.992479331335036932e+02 5.406921355113036043e+02 2.250771509511774737e-01 1.907727297015352971e-02
2.674239875034822944e+02 5.532793092237725432e+02 -7.926694259289983118e-04 -8.126561309519265280e-04
2.632837556048674514e+02 7.033646980338769481e+02 -2.922655522008363316e-03 -4.545791666827210184e-03
2.608876469369561732e+02 6.107130880521524432e+02 7.743926589674372633e-03 -6.891526747904658863e-05
3.046299864530826653e+02 6.233712256987590763e+02 2.154291669538420384e-03 8.924349469805180693e-03
2.480827379504602845e+02 5.227402419897493928e+02 9.050405174234875741e-03 -6.577093785447367391e-02
5.457462031044235573e+02 5.184889110569431523e+02 6.453453018894610427e-01 -7.212563213410573548e-02
1.122063428858782800e+03 2.346564773673135278e+02 3.277071482718365604e-03 -6.976975217521601269e-02
3.957182924102522179e+02 1.065038352350207560e+03 6.392982709058069035e-02 -2.558712113598108490e-02
2.537636196609020658e+02 6.903323307786539544e+02 -6.559530225344625820e-03 4.258628250490441086e-04
2.560209143590593612e+02 4.725757799940662949e+02 3.837440385819636257e-02 -9.655873196371173375e-03
2.592755665236213645e+02 6.321623807449456081e+02 -8.406353103572371255e-03 -3.429953379190694811e-03
3.718715280006127841e+02 5.618976374548943795e+02 2.851903894111949486e-02 -8.585085457516560123e-04
3.973765013572400449e+02 1.058657841207039155e+03 1.419159016181056610e-01 -7.742985328667430223e-02
2.717089525546667232e+02 6.482635588968842058e+02 -5.531699400500886092e-03 -8.540945944527365483e-03
1.109310466060523140e+03 3.442249592647891632e+02 1.995792713575772828e-02 -3.561934253313343846e-02
1.938648819246303958e+02 5.237939540131123977e+02 -1.578344173075862111e-01 -1.484813643735457545e-01
1.886848301749197674e+02 5.272286902698004951e+02 -1.562255747816901075e-01 -1.142604530102687976e-01
1.190618632394051929e+03 3.523786557796305487e+02 1.449532901601336965e-01 -2.500612639621921929e-01
6.067859102033277168e+02 9.412939123700093660e+02 6.558515771288814244e-01 -2.348693524239278962e-01
2.640931567995879163e+02 4.427779756096430788e+02 1.304906485728114275e-02 1.070290314848167806e-02
2.720154634105170999e+02 4.428109367451962726e+02 1.166575800903103116e-02 4.291606938426128365e-02
2.716947501715097815e+02 4.812645079321908952e+02 1.633490941120971721e-02 1.032683188642207345e-01
2.495617319058358703e+02 6.751399532820519198e+02 -1.888833033083109954e-03 -1.697805232952710438e-03
2.143615151616616572e+02 6.346043089323021604e+02 6.220702178095248447e-03 -1.977073498836142730e-03
3.040374458833696849e+02 4.960368066032303318e+02 -1.811228140941328890e-01 -5.778784077569462663e-02
1.059132090054374657e+03 3.249145795655386451e+02 -4.509024416148813552e-01 4.884862371624262151e-02
1.102805528094101646e+03 2.130405754509019403e+02 -9.262666061028476672e-03 -6.300035231895784529e-03
2.682105853735402547e+02 3.003997235806904200e+02 3.241757920056560646e-05 -1.099429060837513270e-03
9.331820897625823363e+02 3.237934462958667723e+02 -3.072228177942553096e-01 8.069209115567074764e-02
2.211703970773859567e+02 5.423225288019339132e+02 8.493009503284118522e-03 -1.674443531629585535e-01
2.932272232109585843e+02 5.270929998316665888e+02 -1.418383748900265643e-03 2.369983968307705705e-03
2.692404709618443803e+02 5.802151978672679888e+02 5.265877659632345678e-03 1.606539185133041767e-02
2.115728240807850966e+02 7.466056019575025857e+02 -1.012455747169978791e-02 -5.902531173189957958e-03
7.432362952588002827e+02 9.166349257133028914e+02 8.140188541070620953e-01 -1.865111780016399934e-01
7.531825639847038474e+02 8.450685612904321715e+02 -8.316135255255977920e-04 -8.553698729904024361e-04
2.728162789656064433e+02 4.185656942463393193e+02 1.492524728681892537e-02 2.101599150156775730e-02
2.619487548657453431e+02 4.157120866971891360e+02 -3.520457470316803571e-03 -5.728418001830626674e-03
2.093900470121818103e+02 5.445766075171947023e+02 1.047114149227054564e-01 4.698662597980157035e-02
1.997970123729455736e+02 5.298717741072102854e+02 -8.465757632930012710e-02 -1.483684247380524790e-01
1.163049243645533579e+03 3.921017319492976299e+02 2.714945753695976322e-02 7.383605558769230914e-02
2.939133712859444927e+02 5.502446471869685638e+02 -2.618444651533433261e-03 3.532142061813639978e-03
2.773593026552755418e+02 6.780712247869504381e+02 3.780511315818051252e-03 4.180281728401883182e-03
1.504709367501717452e+02 4.950098063245054050e+02 -1.832873673143778637e-01 -3.819067602963195918e-01
2.921827198707920843e+02 6.470418068392116311e+02 -2.210544391774343052e-03 -1.353500292228739356e-03
1.997844414795039540e+02 5.439284929334056642e+02 9.980349566843209341e-02 2.720600333203933643e-02
2.845520966510327980e+02 5.639744688876414784e+02 -3.046510208778812918e-03 -3.979264724324424810e-03
2.551029658411305832e+02 5.342475838206344179e+02 4.468156528209711598e-02 -1.333799914516273222e-01
2.554255655917630463e+02 5.585571304347104160e+02 -1.951987670231084687e-02 2.647773709289630989e-02
1.810141232906318010e+02 5.591551712358647137e+02 -4.005311429104786713e-02 2.670698137387131910e-01
1.060505213094757210e+03 1.736263154021821435e+02 -9.481267043853303100e-02 9.195455940611639567e-02
2.876858103613992057e+02 5.161278278045137995e+02 -1.006561144818630439e-02 2.050414148116505922e-02
2.745459910133521930e+02 6.912694223753001097e+02 -4.700691436207672311e-03 8.357867095583060291e-03
2.707244653917769597e+02 4.024609960715745842e+02 5.093218113604327385e-03 1.125988165270288416e-02
7.385466208509377566e+02 5.251939819545675618e+02 -2.468209419776705993e-01 2.170475792264529302e-01
1.724827291381812131e+02 5.467257091068265709e+02 -2.574649097097544415e-01 -2.365575987964116389e-01
8.522302454920425134e+02 3.598691407176207804e+02 -4.874897988493047118e-01 1.787013002912450355e-01
2.305977034849321967e+02 7.111134128135536230e+02 5.532196580358038178e-03 1.187916313983355390e-03
1.068429760262327136e+03 2.159406236579546032e+02 -5.805027078579742469e-03 4.935330749743393162e-03
2.601472201841924061e+02 4.064483861205077346e+02 -2.952048883193272941e-03 2.963119408926977866e-02
2.519893135180286379e+02 5.378496032169488217e+02 8.150612259946864169e-02 -1.277528036719734750e-01
2.285471503798164292e+02 5.181347927240800573e+02 1.239746501336596099e-02 -3.721945194130926726e-02
2.233243329581330840e+02 7.126672486918245113e+02 -7.495851521831931388e-03 1.492096468328863064e-02
1.959270462028049167e+02 6.997952563677366697e+02 3.035516649602116711e-03 6.684534283185667412e-03
1.146695399195941036e+03 3.238849074931772520e+02 -4.985859116889307732e-03 -2.464534557733182550e-03
3.218461268566602484e+02 5.074641658748871009e+02 -3.167921243766889661e-01 -9.429303851340134490e-02
2.479562021258498987e+02 4.075197218719036414e+02 7.077810615579709953e-03 2.046055091635325118e-02
2.525359018734687311e+02 4.272921273784099867e+02 -4.753545396907343790e-02 -1.553981923107169982e-01
1.090535864688815082e+03 2.049120972461434178e+02 -2.349824046665063143e-02 -9.108548966030929894e-03
8.894534103497518345e+02 3.195888435909988061e+02 -4.226982273651061495e-01 1.516748691520455050e-01
2.691990147947806804e+02 7.354952379088825865e+02 -4.388576782057408351e-03 -8.766165852045227150e-03
2.631212365799516419e+02 3.983610870472843999e+02 1.565862660560928682e-02 1.755417306977148303e-02
1.114389002953421141e+03 1.921684521036600302e+02 7.019602924642055763e-02 2.454177213996252410e-02
2.134129316417280506e+02 5.529502786924833799e+02 1.564315142175700113e-01 -1.028034399653211667e-01
2.152332382532519262e+02 5.596140433972529991e+02 1.139820272564364689e-01 -2.310614480383262614e-01
2.472289501951984505e+02 4.820569034928876704e+02 7.279182684702292620e-03 -9.694762127106505006e-03
1.155067835107618748e+03 2.471912840289670328e+02 8.729653486055906006e-03 7.695494840601382327e-04
1.434965717018942257e+02 4.968273117296834016e+02 -1.824817916948328622e-01 -3.906707473117944085e-01
1.898620151675568763e+02 5.605394775528013724e+02 -1.451569907175323873e-02 1.076221822204669887e-01
8.518360075542888126e+02 3.282931981933783732e+02 -4.483383418337674731e-01 2.002407668749100755e-01
3.975459845394884724e+02 5.007034635636138660e+02 -3.111111938210584515e-01 6.739642357219209623e-02
2.307955526335173602e+02 7.705292470719170979e+02 -1.344750514241209449e-02 -2.565110693937937714e-03
4.580711266353704332e+02 4.797521420690985110e+02 -3.823459404647321924e-01 1.315744375645302722e-01
1.164979384907774374e+03 2.483812441415731769e+02 -4.306673567682965317e-03 1.837178617578719142e-02
2.443655131395380238e+02 5.496596181354879036e+02 1.066469869263098891e-01 -1.598941780821281911e-01
2.748645388154696434e+02 4.212189195712904848e+02 5.292582610708774886e-03 2.919861400742338256e-02
1.170899243708076483e+03 2.735062335776297573e+02 -4.182117163396685891e-03 -9.876681981785338793e-03
2.813634429956565555e+02 4.596720185112834542e+02 6.203261356617614797e-02 1.012853832303948765e-01
2.692797965507730282e+02 4.342934365160041921e+02 4.378373436966600390e-02 1.285821029100217561e-02
2.496203015178398914e+02 3.831242360402343365e+02 4.867294571153334137e-02 1.044729132069163596e-01
1.108660102471594200e+03 1.723246292010753109e+02 8.716234863796482046e-03 3.789466399578403366e-02
2.658746311972359990e+02 4.781374130167347403e+02 1.410647226644432288e-03 -2.281043622446077279e-02
2.750494455827511047e+02 6.427231489996963774e+02 -5.155323327096876778e-04 -4.173656632370820077e-04
5.194914119534645351e+02 1.016362204580263437e+03 5.462272542658708208e-01 -1.639445564913674935e-01
1.178210415480310303e+03 1.766296793156386684e+02 -2.471180830505293347e-03 7.661617377802692683e-03
7.883034602368181822e+02 3.803619417394436937e+02 -6.244157552882374507e-01 2.195558200975177288e-01
1.146266725316066413e+03 3.763880876249139078e+02 2.476670553332411076e-04 -1.422504452527913795e-03
1.169702726738881665e+03 1.936001094841182351e+02 2.264898003380103053e-03 2.106501001900915396e-02
2.214696034431875376e+02 5.707708862335421145e+02 2.746461067713729803e-02 -1.365806871271608991e-01
2.643333379014480329e+02 3.881452768572370360e+02 4.857115316656965970e-02 1.215853592263369670e-01
4.099181075008171433e+02 4.882738240262509635e+02 -3.370674290997539568e-01 1.048943512349779644e-01
1.510575392287636589e+02 4.543159978350499273e+02 -6.532320125588716823e-03 -8.083513913740519516e-03
1.152195458900305312e+03 3.244249699045155921e+02 -2.991859463594268367e-03 6.225446106799212634e-03
1.206313006422148192e+03 2.313465992334544410e+02 -2.300644906023927017e-03 1.791605290439085693e-03
2.217684382304102257e+02 5.841611473315221019e+02 5.973517094901857616e-02 -1.427572781103910726e-01
4.635392913468533038e+02 3.925946289046203788e+02 -2.736358323724545909e-04 1.078826996082499429e-03
1.146679132366104113e+03 2.181008691013471150e+02 -7.371131232996121045e-03 1.071434538294854452e-02
2.318800245473305495e+02 7.614389403204419295e+02 1.435191292297630702e-03 -9.143023635485883439e-04
6.103265741997690839e+02 1.050248572497096347e+03 -4.299136629879217741e-01 2.934234034001332869e-01
2.763079614717650543e+02 7.250570446557660489e+02 9.980645029003479968e-03 1.829132581527722701e-03
9.288895852259449839e+02 3.203185831012149265e+02 -4.232173925829815220e-01 2.351284568766130734e-01
3.246119886653681306e+02 5.612064067687238094e+02 5.338304224141051518e-02 1.240770790031281573e-01
2.577635315906466644e+02 5.220825197530193691e+02 1.692393027847534717e-02 2.025972940034287406e-02
1.215219473056536572e+03 2.488525132387421195e+02 7.782758769913511281e-03 1.147106500637182572e-02
2.484997969672670877e+02 5.114155495302413215e+02 3.422315362550815143e-02 -6.947488477029177545e-02
2.416375694100843532e+02 6.163561627859287455e+02 1.922559942540705323e-03 6.340498737202297438e-03
4.132180294968739531e+02 5.152355712571488766e+02 -3.285444931148933101e-01 1.767435428927352503e-02
2.417590038705143911e+02 5.956597606475207840e+02 7.854539616903478613e-03 -1.333643269861743696e-02
2.300985904367626631e+02 5.581727776941698949e+02 5.393409794692526765e-02 4.240716015933437832e-02
2.440745366318528227e+02 5.787686123543298891e+02 -1.039243468756364391e-01 6.525253789100876611e-02
1.007573288982459758e+03 1.710395512860216343e+02 -2.463636400268501975e-02 -1.504551711651021528e-01
2.170468210146795229e+02 5.791369194170036963e+02 1.015807528286853390e-01 -1.343432015348798303e-01
4.321981068648780706e+02 4.523056036086910581e+02 5.713682947420275493e-01 -1.947512467107703482e-01
1.114619509802360653e+03 1.776481262093097939e+02 6.295963438911839072e-03 1.645021562489832126e-02
3.115062560761464852e+02 5.307228435398739066e+02 -3.197730238248852608e-01 -4.309861612545440313e-02
1.166015136434381702e+03 3.475544956211298313e+02 -1.374818401569148640e-02 5.233641495557366657e-02
1.100380234707195996e+03 2.042480526265389358e+02 -2.577311126013246377e-03 1.763958567069590869e-03
1.942461693677446704e+02 6.873968680732273242e+02 1.279093265396953269e-02 2.401323806023779317e-03
3.256171877402240398e+02 4.994997104078282177e+02 -2.560082933119867121e-01 1.034446039584126231e-01
1.055284995514645061e+03 1.751635690782839561e+02 -5.115938715431130046e-02 1.077836045302502099e-01
2.537843910131486211e+02 4.041998212236348422e+02 5.858287778600094337e-03 5.526751924310359908e-03
1.180870813717774809e+03 2.302027908220692041e+02 2.670318551793228468e-02 3.890682205423272311e-02
1.212601845841987824e+03 2.208782352037395640e+02 -4.467818050157478134e-03 1.521960538327917813e-02
1.174865664962017490e+03 1.843536044560575817e+02 1.726303829385113578e-02 1.687063206636965716e-03
7.932180543750715742e+02 3.500253573316290385e+02 -5.309316248085282908e-01 1.665475733011815007e-01
1.167499615164183297e+03 1.655849022090642677e+02 -1.336197626773409294e-02 4.693847004238681925e-02
1.223850501295013828e+03 3.992486457192205194e+02 -5.007409254176309332e-03 1.973350737054405113e-02
2.232452108793209220e+02 6.944791088171297133e+02 4.749510818834379831e-03 6.676493752657319640e-03
9.964724367110122785e+02 3.083580593828600058e+02 -3.978079733280947550e-01 1.523537382717980171e-01
1.015006374543888114e+03 1.627400555312729580e+02 -6.370735872455907632e-03 -2.271553058473372352e-03
1.210312158676119907e+03 3.721678815167844618e+02 1.487396159225879973e-04 -9.830358007997177117e-04
8.895488547004330258e+02 3.136128401115383895e+02 -4.943329834245165921e-01 2.178965775150199236e-01
2.833633099409490796e+02 6.265715958119931202e+02 2.768395826071337303e-05 4.556650534690525126e-03
2.113740339824175010e+02 5.772135488545804947e+02 1.010832433675683817e-01 -1.616879301582815620e-01
1.153616110512643218e+03 1.612115772983292459e+02 1.119062268451238851e-01 -8.296688233077015306e-02
9.004592624623218171e+02 3.617002335552366503e+02 -4.881362554569324552e-01 8.130312451738903878e-02
2.685746103742560535e+02 5.202811577891463912e+02 -9.040127711810751199e-03 8.602671490580751645e-02
7.390529919797634193e+02 9.463348762507362153e+02 6.583142043180865155e-01 -2.252390354610499801e-01
1.136508976372877441e+03 3.393199116251732903e+02 1.747609744883547173e-02 3.611042338171964461e-02
2.537613971173140612e+02 5.145768287963391003e+02 3.203163540201239834e-02 -6.334578825461371909e-02
3.654091720257504790e+02 1.040636988950509249e+03 -2.967180642266305929e-04 3.418441108284007665e-04
1.263407826098409714e+03 3.707153070142769593e+02 1.800223059397034961e-02 8.812393660130257928e-04
2.507809204444023123e+02 3.690610041761402726e+02 4.803913722729684366e-02 1.489002464222108357e-01
2.676614881098104775e+02 6.352690670795968799e+02 -5.850638474880319603e-05 -2.954024693442061124e-03
6.940560304378559522e+02 9.560383360591588371e+02 5.284111645192619555e-01 -2.883604207957585763e-01
7.078521596669104383e+02 9.629191644868670892e+02 5.646043958390084549e-01 -2.040560393067162304e-01
1.594415951187109215e+02 5.232018861353767534e+02 -2.237309199434801277e-01 -4.106330822849785789e-01
3.571930174763040213e+02 5.151680580787606232e+02 -3.785928325737400457e-01 8.879586676986624127e-02
1.068379881702609509e+03 7.426802287328990815e+02 5.754462312009676062e-01 4.927388930578033288e-02
5.074197875867760104e+02 1.086658098274848044e+03 -5.537368747771117539e-01 1.561410307771267936e-01
3.100961717874512260e+02 4.953778422784776581e+02 -2.933169874196319138e-01 9.039075828071915786e-02
7.282761290464108015e+02 3.594156416021322684e+02 -7.152550786206991473e-01 2.945133557359789767e-01
2.985940068462331283e+02 6.150825668323975606e+02 1.882575207201458989e-02 1.207444726424788603e-02
2.614630157877194279e+02 3.546522020691831472e+02 2.536859789811297602e-02 1.048212835374053437e-01
1.122589341878714094e+03 2.208443478733966856e+02 3.972767013447262713e-03 1.424733076612370690e-02
2.843401879846744009e+02 5.137776961761425127e+02 -1.496472046456894141e-02 5.569224835015138680e-02
7.153022981020010320e+02 9.674794687606862453e+02 5.963938360005609507e-01 -2.086528175415669206e-01
1.168115964275695660e+03 3.590023613520834829e+02 -1.602694718526030985e-03 6.852335546966514812e-03
2.144616518486162988e+02 6.930070834891706681e+02 -7.752859899207380397e-03 -7.048512634567190294e-03
5.410558791525929792e+02 9.944705845256838757e+02 -5.236702802665600398e-01 1.175692264560873612e-01
3.473536903397373408e+02 4.972070410327065133e+02 -3.106388824928441039e-01 1.243917168530261075e-01
1.161516572232975477e+03 3.250505303940176418e+02 -8.197154274008012359e-03 1.885123530943831963e-02
2.799752611993270079e+02 6.110471901405896915e+02 -1.622335489446076126e-02 -4.901697449425156117e-02
3.122943670917980512e+02 5.617188247880926610e+02 1.418881995403686522e-02 -1.766391854164452244e-03
5.994083896980182544e+02 1.001239594228111400e+03 4.607378403398214584e-01 -2.226499675521210475e-01
2.589444022289717964e+02 3.901928453361333027e+02 2.881948220944069786e-02 6.755188086632044064e-02
1.036143645747988330e+03 1.716228470389881124e+02 1.854336149308707753e-04 -6.698040730689447386e-02
2.492457856459400318e+02 3.527795374214356343e+02 6.357503133742170576e-02 6.396536486749149208e-02
3.639334562317495738e+02 5.325577250460537471e+02 -3.645542581557132400e-01 8.105694970607817129e-02
1.195746340474321187e+03 1.864735381507887553e+02 3.135413954103767435e-03 -2.973743964609429705e-02
6.798716656680774122e+02 9.695664325163955937e+02 4.988134293362821436e-01 -3.014027600033672982e-01
7.100014679577136576e+02 3.785772744073159402e+02 -6.641932224889299796e-01 2.269239224216278716e-01
3.804669594929196137e+02 4.687865591415899189e+02 -3.300273102437111250e-01 5.467236379360931181e-02
2.611635057467239562e+02 6.806419530292391755e+02 -3.371320267694054556e-03 9.791237471301770991e-04
1.029823217433909804e+03 3.106282854970605740e+02 4.875316037858526408e-01 -1.716502909742219640e-01
3.766892241997480255e+02 5.145240209366072577e+02 -2.756806655567050068e-01 1.614503858053943641e-01
1.243187591062227739e+03 3.915134591182068675e+02 1.488207829726150705e-02 -3.005401497727637483e-02
1.094635230744430146e+03 2.259856020607723224e+02 3.131186665593241325e-02 -8.861577352896214677e-03
1.182987633183013031e+03 1.887802084079594920e+02 9.046108716658257665e-03 1.185966067620093309e-02
2.518967230136693445e+02 4.934053077423474178e+02 1.504687040990165293e-02 2.790543729626805518e-03
1.114857850864035299e+03 2.369064392930643521e+02 -4.364727847999996108e-02 4.272579841114065857e-03
2.198689124604957215e+02 5.314999245100635790e+02 1.967936182198314621e-01 1.155176798930676041e-01
1.090769824350076533e+03 3.326983647943483220e+02 -3.854184540359980801e-03 6.558381515080467274e-03
1.141378442096425033e+03 2.415051541316084069e+02 -8.221295535583909679e-04 -9.823656884953150745e-03
5.485840000908281127e+02 1.073479282374365312e+03 -4.849927358982831227e-01 2.860006353034377224e-01
2.701984798667832592e+02 5.691582875437823077e+02 -2.771331762202484429e-03 2.278541129899707991e-03
6.504746250834535886e+02 9.837173361724920824e+02 4.888162224497958341e-01 -2.502920247964658396e-01
1.115683597183965503e+03 1.701071147590886881e+02 -1.674321856936411904e-02 3.485741122713000711e-02
8.579745342348071517e+02 1.101910153586445404e+03 6.592668688890536291e-04 -2.474207661792449803e-03
2.758951987267119534e+02 4.311632494543107441e+02 1.817884292334851978e-02 1.540375931634258358e-02
2.780677298041177892e+02 5.168208741786182827e+02 -7.447569609513887299e-04 7.542582178500888135e-02
1.114815014237944069e+03 3.482066041500542610e+02 8.155290312416662787e-03 8.343452104361066130e-03
2.394501200683761795e+02 5.163460252950817448e+02 2.396694703927517225e-02 -5.606059146904080956e-03
6.683963244815287226e+02 3.850008669617516830e+02 -7.358903038464604807e-01 2.679377193490202758e-01
2.924277501140797426e+02 5.940452933657467156e+02 -1.883112198582932587e-03 -9.721177495188079026e-04
1.108971598090186944e+03 2.079620645388378648e+02 -2.512038782834445302e-02 -1.464265997317611492e-02
1.150496358517176077e+03 2.282419804512344399e+02 3.217309038851760145e-03 -7.897334727687728428e-03
3.017801414446178683e+02 5.629366674185621378e+02 -2.655310557266188365e-02 -2.541992598686633985e-03
5.004047722414443911e+02 5.284407442991326889e+02 6.609389916843904089e-01 -1.032853733982354166e-01
5.466284207746091397e+02 1.030793413648331807e+03 4.295033402451357563e-01 -1.931721222860422194e-01
6.315182548698101073e+02 9.958912199286503437e+02 3.900020737403788185e-01 -2.457853493398260980e-01
5.073727057356770160e+02 4.998698944812039713e+02 5.477638119485407353e-01 -2.810879607179871953e-01
9.271665650576694588e+02 3.728820074461530112e+02 -5.087823504478378167e-01 1.098261173185405698e-01
1.205351862430591609e+03 2.614721131661525533e+02 3.808035059294768293e-03 -2.536643346659973181e-03
6.488128525247590233e+02 9.973821279537862665e+02 4.573017438336954288e-01 -2.560270225816496659e-01
7.483610621859252205e+02 3.573718700058731201e+02 -6.791968229766420784e-01 2.632624572960198250e-01
2.342377398377577720e+02 5.001802055907078852e+02 -1.700404283247219928e-02 3.409016789399035158e-02
8.914545636403017852e+02 9.318621714364089712e+02 2.805292496871083802e-03 -1.229631376643305646e-03
2.887172047612659753e+02 5.739117123114675678e+02 3.533054842901352764e-03 2.153975922622651876e-02
2.619737495179559232e+02 4.929980628497771136e+02 6.747636331294364076e-02 -1.383336243298126655e-01
4.242277460947664736e+02 4.691919832182313144e+02 -3.635518699203424964e-01 1.199085920459637133e-01
9.611693783705006808e+02 2.766140354843889213e+02 -2.430988435334997533e-01 3.356228963396650777e-01
1.127790047816380365e+03 3.581153262818417602e+02 -8.111711658636189606e-03 6.900130980954041933e-03
6.223401163046062265e+02 1.004578894042153593e+03 4.406681895210239341e-01 -2.411380541029093105e-01
5.684820270430520850e+02 1.067209845143780058e+03 -4.528280707241812419e-01 2.570136339759188648e-01
6.391555527599249444e+02 1.002470392410541876e+03 4.689817564649443327e-01 -2.482474775198758032e-01
6.642641643208454525e+02 9.715625949382307454e+02 4.891052716796958633e-01 -3.237248162029860987e-01
9.465198070578707075e+02 2.826543956064286363e+02 -3.233788157983454870e-01 2.282272778370610378e-01
7.381438463949002653e+02 3.721567723012439615e+02 -6.087616041832085712e-01 2.096292039613446012e-01
3.385753756374717796e+02 5.387203366386374910e+02 -3.969595556894836008e-01 6.574707018742489972e-02
9.406524192918978997e+02 2.934165752317325087e+02 -4.224542219683000144e-01 2.459698340512777581e-01
8.352893757324151238e+02 3.383204392465696060e+02 -4.490268749705925155e-01 2.469537054933539366e-01
1.198536474774949511e+03 2.265269735934471100e+02 -1.710404095574136196e-02 -2.680131360211918459e-02
6.018718189928075617e+02 1.012631870339850138e+03 4.408960283385444101e-01 -2.189236499131815838e-01
2.624611734415435649e+02 3.415669546351853114e+02 2.068580200291015095e-02 8.550073956549716914e-02
1.841475915767209131e+02 6.571833186097514954e+02 -1.826028095053239264e-01 3.260538202954219034e-01
3.484127390993390350e+02 1.064115056134025508e+03 9.999569269614266495e-03 -8.048509605993722782e-03
1.161968033923254779e+03 2.158119460448416760e+02 3.857545207828443762e-02 1.516196647658445487e-02
1.137734100838328686e+03 2.218647689339500744e+02 2.859845785478412963e-03 -1.142424382417422946e-02
1.867396852279977111e+02 5.324691112899359950e+02 5.939253609652847543e-02 1.615184195792999655e-01
1.018380284598263302e+03 1.732350719006012412e+02 -1.234121209041395655e-02 1.956907048391833340e-02
2.094729013823777564e+02 6.867971147288728844e+02 -6.263490008441947691e-03 7.855882433778958729e-03
3.847177542177981309e+02 4.979429810234502725e+02 -2.654476040800485270e-01 1.259917212395451624e-01
1.066069905049108684e+03 1.970583853988300120e+02 2.421690381625732705e-02 -6.081286663748534244e-02
2.876186024214676991e+02 5.279448932839925419e+02 -9.586215543039304857e-03 -9.881674097136335447e-03
2.563674655719593716e+02 3.461392997016684490e+02 2.598066877098150623e-02 8.589815444583219495e-02
1.021142849303855087e+03 2.169959158811867610e+02 -1.561377785362326187e-01 -6.979936326367248978e-02
2.941720860027155595e+02 4.577482966947149521e+02 -3.108501696971470180e-03 1.237872110693319372e-01
2.110746733174599399e+02 5.869644877270910683e+02 1.757161223492416102e-01 -1.028235942065480607e-01
2.439964622010739106e+02 6.471896451781524320e+02 -4.091346484648227628e-04 -3.388828429356271002e-03
1.840402982499964821e+02 5.364857381726133099e+02 7.272771537552497056e-02 1.432183464042660337e-01
1.045344403931410625e+03 7.966233808472117062e+02 3.869570436439384031e-01 -1.312829647510224684e-01
2.774661637934152054e+02 4.017895327110230710e+02 1.420151911316389244e-02 2.880186961971163695e-02
2.658772680690250922e+02 6.017899089513339277e+02 1.124136715661970716e-02 -1.082633791948450948e-02
8.119246942595780183e+02 8.770873638144893221e+02 -1.378707360962591943e+00 5.428562525621994928e-01
9.939063102221136887e+02 3.015536318181725051e+02 -3.994379816661146609e-01 1.849367687531393023e-01
2.831236830882972981e+02 6.900159374226655018e+02 -2.008351405775687156e-03 -2.910201996345145557e-04
6.349805443386891284e+02 1.019569047935457888e+03 4.181104256692360632e-01 -2.279813468093287721e-01
1.147307837044356802e+03 3.535561678430049142e+02 1.714039316312205435e-02 -2.421925246176384258e-02
2.427537729944452565e+02 3.752501434987395328e+02 8.252485232883075006e-02 2.027932657093787783e-01
1.212027141228261826e+03 2.276660740461869352e+02 -8.746890715422136683e-03 1.209041267028937092e-02
1.205064115928101046e+03 2.507666271153704827e+02 4.443302074661806787e-03 -2.929495982240583850e-03
6.032070916290838341e+02 1.024777855382028520e+03 4.595919620598999944e-01 -2.260562251451596893e-01
2.581760159051061692e+02 3.732134691511461710e+02 4.725654166809121343e-02 1.231176059511969040e-01
1.238635857892410513e+03 3.085184851329846083e+02 1.197264675034954151e-01 -5.618824406353566114e-02
7.665122110693502009e+02 7.606615214327731564e+02 -1.611541089072713984e+00 4.152867514431314300e-01
1.202148001621935236e+03 3.662494173445211914e+02 -3.204976964878702983e-02 3.744991258541081891e-02
2.847333087699523162e+02 6.718169734809288229e+02 6.723109732116418387e-03 1.122249769988265672e-02
4.115296140876264417e+02 4.932506957437656183e+02 -3.158969577093822534e-01 9.298709103530476694e-02
8.770420323577993713e+02 3.111744259016513183e+02 -4.443142802786210765e-01 5.186692922483819579e-02
2.427204558896188473e+02 6.295611237400330538e+02 1.487825143304590762e-03 -5.220433340379920800e-05
3.356187630603249090e+02 5.281860034178127989e+02 -4.033988728715423022e-01 5.416945295766848606e-02
6.201090127500139033e+02 1.019258671806805182e+03 4.154733191309218365e-01 -2.723667376911727556e-01
2.857819766601710967e+02 5.096915813975287506e+02 -2.004745664247610526e-01 -1.322304256664587896e-01
1.161868863988541534e+03 2.363353052728997170e+02 2.144570195111267230e-02 -8.038543455815230776e-02
2.585202649111958522e+02 5.447638921476660698e+02 -2.324793255557679964e-03 1.324829358209892241e-02
1.991455056376466644e+02 6.830811220610709142e+02 -5.120587742171079813e-04 3.210405236785899858e-03
3.857812651202426082e+02 4.825301786872986440e+02 -3.378141433723305664e-01 7.221537325900309612e-02
1.174588789777967577e+03 3.192656427349097612e+02 2.607633274357686881e-01 1.080956146834007037e-01
2.105266281371558819e+02 5.157150286677848499e+02 3.860249544498689685e-03 -3.281100354213479630e-03
2.334283169772605788e+02 6.302498523829741544e+02 -6.031523450950893386e-03 -1.368779319157641637e-02
8.283383072025899310e+02 3.839528867789501874e+02 -4.894648897683721578e-01 1.375482238136843949e-01
2.393576144091159392e+02 5.539178533943238563e+02 8.820148580166134455e-02 -2.184705390721202248e-02
6.148373396303038589e+02 1.014476655914083722e+03 3.983188491856348157e-01 -2.688710673107542193e-01
4.011162073172522469e+02 4.860515205638055818e+02 -2.877633345100405471e-01 6.817965651120264092e-02
2.312808274789408642e+02 5.131541635302792201e+02 -5.640842429362700854e-03 1.564278587692747788e-02
8.726563816342072641e+02 3.086267541372932328e+02 -5.173711768115992760e-01 1.526747565967604414e-01
2.297698506308461504e+02 6.768346460412972192e+02 1.237131833511903763e-02 3.718157414764076268e-02
2.904140633179934525e+02 4.401077275269499296e+02 -6.912245666972530178e-03 1.799798772763063284e-02
1.128302766364154877e+03 1.927506578690179992e+02 1.286150976202407037e-01 3.579836956068204595e-02
1.250420386763631541e+03 3.654385419631570358e+02 -4.136323124742888671e-03 1.852709635335765461e-03
6.233374343803201327e+02 9.903137747983184909e+02 4.168315001726082825e-01 -2.707858924546747703e-01
3.978344716136641637e+02 5.127832633358129897e+02 -3.313902118881363879e-01 7.697946376092063003e-02
5.043942815951147054e+02 1.049511647480096372e+03 4.129830937545300729e-01 -1.988292684709764835e-01
1.911203401285318080e+02 6.769000209253330240e+02 1.534651660777614293e-02 9.187502867377413118e-02
1.104407310235846353e+03 1.998560583655921903e+02 -5.410879194119608791e-03 2.357356042823156861e-02
4.085345814140557650e+02 4.989940522475086482e+02 -3.439201624701920812e-01 8.802382326883044505e-02
4.347237486019724315e+02 5.204065962052037548e+02 -2.864408072130292249e-01 1.388372716699541598e-01
1.157547625847084873e+03 1.822588098172677746e+02 2.442820089657802294e-04 -1.169513980540436496e-02
2.718334865503957758e+02 5.638406497608455084e+02 2.004471997385379872e-02 3.731172955580819295e-02
2.424436033931484076e+02 6.098237374305032290e+02 -5.098770691276822108e-03 -2.054955312215353547e-02
2.143985454864435667e+02 6.702493562187378302e+02 -7.438549671881352016e-04 3.912440444648859934e-03
2.287426432759594377e+02 5.363160034498218920e+02 1.807509719463427644e-01 8.419873916106850043e-02
2.971441871506348775e+02 5.797910422106816668e+02 3.618646668872536453e-03 -5.983969062283607532e-04
2.534533708721838252e+02 7.258506733516893519e+02 1.603199430115358291e-03 5.396505642702232805e-03
1.009568644774247559e+03 8.195821662240597334e+02 4.069257477867407324e-01 -1.869812262105151612e-01
2.429239539046544110e+02 3.668726140582894004e+02 7.675844976142601195e-02 2.048018914502286458e-01
7.855746477625186799e+02 3.736825088246014275e+02 -5.994744879913104230e-01 2.016531669343984146e-01
5.990890401423827143e+02 1.043302642697633473e+03 -4.214103261702152325e-01 3.070257406881160001e-01
1.145307624567805078e+03 3.615945455751214013e+02 1.912242837173799229e-04 -6.476522631937813891e-03
4.303518553284641825e+02 4.906099171308862310e+02 -3.810636377311745204e-01 7.902777381214307062e-02
1.121012927167208318e+03 1.999036149974141665e+02 -5.093220457370710441e-02 -1.598125912825042530e-02
1.131617062228456916e+03 2.126018127804592837e+02 -8.492280769587523537e-03 5.050066737252077720e-03
1.125569790113851468e+03 2.115767951128047741e+02 2.300019387789824059e-03 -2.802471097190632233e-03
1.856329310200381713e+02 6.406647578006168260e+02 6.093376543414913069e-03 4.748005280854014978e-03
4.076288560764792805e+02 4.764025445276500932e+02 2.962284524074351166e-01 -1.626125672488012708e-01
8.910724561131545443e+02 3.071165086699620588e+02 -4.586396659014569388e-01 1.964339735877892457e-01
6.163824380323424066e+02 9.729701416335764179e+02 4.245245928230941823e-01 -2.959829630321062499e-01
5.197992302533976954e+02 1.034490172131168265e+03 4.247545046981702210e-01 -1.705870251755235989e-01
2.277204526961842248e+02 5.993210756291301777e+02 -2.487167137210077872e-01 1.199624716712815037e-01
3.314581926687577607e+02 1.085371601935629997e+03 5.611162332002883613e-02 -1.591989458809324118e-02
1.227442734692337581e+03 2.602727843465204955e+02 2.917489244114086777e-02 -4.535304201112133615e-02
2.426282621042188055e+02 6.729253964023263279e+02 1.548263554809355385e-03 9.541965622306048831e-04
3.833248415627014083e+02 4.873661989636901239e+02 -2.476203155224713515e-01 1.283483383653031829e-01
2.401060436841013939e+02 3.878428253267032915e+02 2.093135026986246011e-02 1.889107993810271446e-01
1.024722533033376521e+03 1.730125661168634110e+02 2.750434787525825753e-03 -1.861105798733483918e-02
8.910376142519440918e+02 3.427957136761766606e+02 -4.152620308854439446e-01 2.002665019239506516e-01
1.143216880153625198e+03 1.783337869203606090e+02 6.213527903488320556e-03 -2.849840896815908006e-02
2.650911141556584880e+02 6.870860171716957439e+02 -6.684782763267150228e-03 -4.602189290705096733e-03
1.198537489142650202e+03 2.042357075062666638e+02 -1.004551623787118021e-02 6.701768581399054209e-03
2.954241017351828305e+02 6.041800205423547823e+02 1.993963864872410827e-02 -2.579428277529312030e-01
1.140481147601931070e+03 3.138472714016910459e+02 1.182587755189106749e-01 1.109688502328046722e-01
2.628640721381813137e+02 3.774302604776196404e+02 4.632046473316920460e-02 1.435176678171675990e-01
4.204455477635446528e+02 4.639925373388969660e+02 -3.683574247678771951e-01 1.165558369999036281e-01
3.053287678737382294e+02 5.527186473986799911e+02 7.454365833312537803e-04 3.867792807795922272e-03
9.944656807875926461e+02 3.484091005048995839e+02 -4.446135141115136746e-01 1.860911817102459676e-01
4.092878146351795294e+02 4.558156672970816317e+02 4.022595350259902669e-01 -3.058082417349257121e-01
1.050660696471889878e+03 1.770429257659295104e+02 -2.257741369757587657e-01 7.680272387380152055e-02
2.163641422711585847e+02 6.593052159340560365e+02 -6.290582757566817512e-04 -3.117734368188259005e-03
1.051288736489255371e+03 2.162259006002131798e+02 -1.035563646105897191e-02 1.910655048384156396e-02
1.196604830570319109e+03 2.880391937474014412e+02 6.558339315859592657e-03 -1.469738884596194679e-02
1.974974201608322915e+02 6.265623961358878660e+02 -3.194456767728362512e-01 4.105081737315724455e-01
3.359311333550544987e+02 1.066053803773515256e+03 -1.352068677682317054e-02 -5.278145567602691296e-02
1.064081928969809042e+03 2.598391969414273035e+02 4.469937482940464779e-01 3.448333452895991913e-01
2.992255737370248312e+02 5.906321874167939541e+02 -4.471945104371840771e-03 6.789493195519258513e-03
1.494860843874420766e+02 5.211024184361446032e+02 -2.596675655155442075e-01 -3.473929633322518362e-01
4.795192281997722716e+02 1.041715693467190931e+03 3.686689351779082746e-01 -1.989661886547656744e-01
3.303759118772524630e+02 1.068003593226328121e+03 -4.531011307840412602e-03 -6.103380914729620438e-02
2.468185418548130201e+02 3.417138812956518450e+02 1.290324576963921763e-02 1.054883180094099843e-01
6.235979956414363414e+02 9.783168642108332733e+02 4.394091199561727668e-01 -2.754162022680981536e-01
3.022616993596137718e+02 5.471877281914381683e+02 8.019846463148294635e-03 3.715891755986025329e-03
2.357870186010960936e+02 3.575779867841765167e+02 7.107058257532956891e-02 2.610231133312707064e-01
1.054846950600243645e+03 2.055436215118420478e+02 -6.089444406483164249e-03 -1.402828460832992140e-02
1.148253272473526522e+03 2.474847921949956628e+02 5.530556168808532097e-03 1.692668687023836729e-02
1.197908359157840778e+03 3.478257035990479835e+02 -3.362376918830975100e-03 -2.316943806936149972e-02
2.189605235225585886e+02 6.462984473985545719e+02 -2.308763400230648237e-03 2.608457015091769204e-03
8.498155553643468920e+02 3.829337414525413692e+02 -5.648337606529988397e-01 1.351214490806113555e-01
5.145653761659701786e+02 1.003072908948464146e+03 -3.893618448185008352e-01 1.100157225304437686e-01
2.508623313408712932e+02 3.378155171795667684e+02 1.159003639538487736e-02 1.352343798642656469e-01
6.775089052614677030e+02 9.600190992999454238e+02 5.078755165882791189e-01 -3.114502768799846111e-01
2.065940508223383461e+02 5.130300276690785495e+02 1.134635527900271831e-03 2.918040734153682942e-03
1.040148599184449495e+03 2.068514448317102676e+02 -2.209391748512625799e-03 1.156935423565308776e-02
1.046490937031304156e+03 2.606011080444117169e+02 4.066959320751453166e-01 3.972136361608986088e-01
2.369598715203706263e+02 6.113407814988602240e+02 3.484722504199993815e-03 9.895656640311461041e-03
1.184299616633325968e+03 2.685525952425225000e+02 -1.327807119781541098e-03 2.299444647687857307e-02
1.074782342612220418e+03 2.942288657936132950e+02 3.945985403298787886e-01 2.136017189069063238e-01
4.417568161191540526e+02 4.479437504063702136e+02 5.731194989372800919e-01 -1.614161126924629763e-01
1.184509124806525961e+03 3.328215057542691397e+02 5.124654996277536179e-02 1.303927983366552079e-01
3.276982058814219272e+02 1.083522266111770705e+03 1.290769267297091002e-02 -2.644169408290733721e-03
2.323472636714992632e+02 3.399679109013223979e+02 -8.209232229971111239e-02 2.103510193078178270e-01
2.323465665271589558e+02 6.462962770923257949e+02 4.657154649461887203e-03 -4.767942134936440333e-03
3.098673060923256912e+02 5.189117599768974287e+02 2.409227988874199089e-02 1.474103461843346841e-01
4.884240069197432490e+02 1.053932037267621354e+03 3.923276491357965412e-01 -1.889464588404401735e-01
4.502655378859464577e+02 5.122968168437006398e+02 -3.658411518691460640e-01 1.118039595362765037e-01
4.933455008081206756e+02 1.000298095735218226e+03 -6.075911260058973751e-01 2.534267174784359256e-01
2.358278249884590423e+02 5.330399702604483991e+02 5.767393483811916743e-02 2.371568716489604045e-02
2.964062126145917659e+02 5.032763119454616003e+02 -2.510029499572931713e-02 2.273315600360076849e-01
4.450276333812739153e+02 4.733726359208775989e+02 -4.000552087908920140e-01 8.521882319983282994e-02
2.354917414231462942e+02 7.563770766157991829e+02 -2.306641019047354739e-03 3.055377874256401394e-02
1.066354072759182145e+03 7.548727674032143113e+02 2.752289338380381478e-01 -4.321025232340418298e-02
4.506995423788377479e+02 4.936689795744465528e+02 -3.867648442202324399e-01 1.211706098754837813e-01
2.272486943136260038e+02 5.266470402104190498e+02 4.614659319728918463e-02 1.318557783306662477e-02
3.073855040596920958e+02 5.374429861326497075e+02 2.298703172579126264e-01 2.838713662719224984e-02
1.210846021941240451e+03 2.146691742003163199e+02 -5.668591602664104986e-03 -5.002171882071564796e-03
2.228468856402840856e+02 7.646076944285032368e+02 1.953611930980851934e-03 -2.920336291523010098e-03
2.810460240185443581e+02 6.712092033329348624e+02 2.657178530540423283e-03 -1.477238847002971091e-03
5.224286405187751825e+02 1.003586242976737708e+03 -4.501859083904080072e-01 8.856008216722748017e-02
5.244104554528710196e+02 1.080326946259885062e+03 -5.103797483901981735e-01 1.817618309885842276e-01
1.125318738077568469e+03 1.572099546787521547e+02 -1.526035491316845433e-02 4.868863916817335602e-02
6.551161954123432452e+02 1.031466416890193841e+03 -3.990147872074495949e-01 3.283588650041900925e-01
1.300743220101412305e+02 4.104768982101402912e+02 2.608146818890487717e-01 3.159250756982877051e-01
2.686056876097171084e+02 4.200836159435244213e+02 7.061077193317923974e-03 -1.753779395947857242e-02
1.042401531834856542e+03 1.973825386400719140e+02 4.711877443482855206e-03 -2.296721527966833713e-03
6.367598129549370469e+02 1.026391814599787949e+03 -4.166160289294674746e-01 3.135638053074885634e-01
2.430148336771385971e+02 3.922403511504238054e+02 3.644077275087472673e-02 1.075585593570718979e-01
8.488398493781677416e+02 3.234923727207902289e+02 -4.537491502425143874e-01 1.877558103694894065e-01
1.985799954330318542e+02 6.343468500068277081e+02 -2.020842874401873046e-01 2.502356960167916866e-01
8.650923092048751641e+02 1.102255677598225930e+03 5.617452626607376655e-04 -5.275435461327907926e-04
1.192928341536297012e+03 1.814381959554889647e+02 -1.394713833545634107e-03 -6.103777583474414951e-03
3.917509649287400180e+02 4.801062340593508111e+02 2.179663231696127301e-01 -2.135704040464096731e-01
1.083327353159458426e+03 2.003333084359868792e+02 2.237596034832325942e-02 9.795043813651621578e-03
1.103245514857014314e+03 3.058452790482826913e+02 5.256863443624653076e-01 -8.902401496021189464e-02
1.134065444033268022e+03 3.538970897562055029e+02 -3.239846577314730528e-03 -1.016641630009966274e-03
2.093916587858409741e+02 5.336777066247173025e+02 -6.728015081404996323e-02 -1.765616300856695242e-01
1.029769530187720420e+03 3.211159455465574979e+02 4.702346658194260787e-01 -1.527138654752629165e-01
1.156630201378346328e+03 3.155567652426970540e+02 -7.383319514969620932e-03 -2.088318855723823864e-02
9.796869398320907294e+02 2.641892753372573566e+02 -1.339950719979420279e-01 5.716178559305459261e-01
2.472526552217892970e+02 5.340068593904589989e+02 9.523598141622260232e-03 -5.714376240776161686e-02
2.273918667639242699e+02 5.769087711595570909e+02 1.219143524050938371e-01 9.542518754898141053e-02
3.921521135500006494e+02 5.319329421159825415e+02 -3.799670577880579492e-01 1.174772703656094819e-01
5.485353564338366823e+02 4.998693816671762420e+02 4.615399522189164716e-01 -1.827869913819735459e-01
4.984804195815204935e+02 5.267247327746692918e+02 6.820559126350707047e-01 -1.110702008542440861e-01
2.617226169951641737e+02 4.609608941407849443e+02 -7.087509419510198798e-03 -9.992620984826204589e-02
1.860519995960207780e+02 5.633590532592900217e+02 6.152056602978757394e-02 2.070373044260681028e-01
2.018623197741942477e+02 6.726651007436470309e+02 -4.516765183059603950e-02 1.424271128837956701e-01
4.684833439721905961e+02 1.056019228635775107e+03 3.368306621145940594e-01 -2.927429432551759136e-01
1.171493832657742814e+03 2.446032720695136220e+02 -9.035000006014622456e-03 -2.905426537502294425e-03
8.698011851835332209e+02 3.000654262314046150e+02 -5.031442214606923757e-01 1.630715472173239200e-01
9.074012964933051535e+02 3.053581631823628300e+02 -4.978445582427319382e-01 1.232963911475211116e-01
4.472377361727670291e+02 4.653233035665040234e+02 -3.402186893869815210e-01 9.061914261275205718e-02
1.038274530369467811e+03 1.795744975091231481e+02 -7.480127644970761824e-02 7.360298185432129214e-02
3.075046448826076926e+02 5.966045175926370803e+02 3.317560796240033305e-01 -2.673579622035319736e-01
2.520058374050544501e+02 3.199407829256105060e+02 2.022887598194118494e-02 1.177478436897885228e-01
4.668081884989077821e+02 1.049384895646581299e+03 3.502855258687908035e-01 -2.502861520063444090e-01
5.443751348144022586e+02 1.045670949514767472e+03 4.563031933022960729e-01 -2.714117062022510241e-01
5.271478479166676152e+02 1.087952883393604907e+03 -5.308994965034967706e-01 1.973038801739194492e-01
1.084082104916688422e+03 1.913735861611783093e+02 -3.651203316561048642e-03 1.384459449773366435e-01
4.486736211361816231e+02 1.080206045820308191e+03 3.669553555894366492e-01 -1.505884035317950898e-01
2.556514633114037167e+02 4.384859904780643092e+02 -3.031228278682180158e-02 -1.420421967500282989e-01
5.481079490135807646e+02 1.053034927197928027e+03 4.391160175825415957e-01 -2.491367124862245985e-01
9.909744082825402529e+02 2.230565680365488959e+02 1.351011707507430715e-01 3.336049241050875747e-01
5.748520966706745412e+02 1.044061171980361451e+03 4.253740282214897306e-01 -2.415648976829229966e-01
2.501758975175784769e+02 3.880417423041739085e+02 4.723170533804960797e-02 6.570458844378557206e-02
1.141552100857489222e+03 3.399073282875833684e+02 -6.690102031478828946e-03 3.375134320675884231e-02
2.901009685192287861e+02 4.510443505675956999e+02 2.540295638520112531e-02 1.157514454870605253e-01
1.184659599026329033e+03 1.687276372775790492e+02 1.721766716482171777e-02 -3.273071707178925021e-04
6.652010717070907049e+02 9.809160685033145910e+02 4.578910357201971260e-01 -2.980687904474352279e-01
2.432399273449101145e+02 7.232372509317716549e+02 2.118427238780112420e-03 6.452914937332061059e-04
1.002864189319400111e+03 3.726712395540709508e+02 2.504033167831561709e-03 2.338782595033663675e-02
1.163406674530190458e+03 3.021572897492244465e+02 2.297216621604237230e-01 2.020623984689278174e-01
5.895645105423291170e+02 9.978674297314053092e+02 5.549368209012327524e-01 -1.686829411567764003e-01
2.329973230105633775e+02 5.735591304430791979e+02 2.516218347890611939e-01 5.701826055316346759e-02
4.546959327230212011e+02 5.206056493610477673e+02 -4.041860583380524896e-01 1.562543338734480036e-01
1.098372933231906700e+03 1.533489436463771654e+02 1.070119595873336993e-01 -1.066072665235546363e-01
9.644987061401448045e+02 2.831761997412571645e+02 -3.208270330608555820e-01 3.624510421973757279e-01
8.208324097212511106e+02 3.976961154326617702e+02 -5.367939222534817700e-01 1.772210047830156121e-01
1.249001056048220448e+02 4.110833669951983325e+02 2.795882292482270159e-01 2.790662535309644809e-01
1.050059328539407034e+03 2.040314454338193855e+02 7.541274007548558721e-03 1.544463967354799648e-02
2.632365290793913459e+02 5.339575248382336667e+02 -2.266975513158614799e-02 -5.630021232817771816e-03
1.937239752241387976e+02 5.095891252605356385e+02 1.958545434434020849e-01 2.548895099304752665e-01
1.068949863015239771e+03 1.654586053162855137e+02 -3.290663157465790393e-04 7.672303749715488064e-02
1.207649713305937439e+03 3.492016849266022973e+02 -7.060935991136046974e-02 7.448898961004686570e-02
6.520069740857622946e+02 1.016573079215844359e+03 -4.374639330721767916e-01 2.911868542534405413e-01
1.541247982328707167e+02 4.752512976761860841e+02 -1.387945604246562104e-01 -4.369217827640994867e-01
2.482646751250155717e+02 5.875276694659941086e+02 7.620604152844019652e-02 5.920059027141295199e-02
9.849886712250239498e+02 2.730831048100365024e+02 -1.122070385824230493e-01 6.026715901073802506e-01
9.048749557028704658e+02 3.078478050391806846e+02 -4.357813842216206046e-01 2.173293645090760839e-01
1.153348509658818557e+03 3.766137647429083586e+02 -5.033293867735763767e-03 7.412678840026810066e-03
4.560273938916308794e+02 4.689189738570715349e+02 -3.678431564728759651e-01 1.388753571290977651e-01
1.048518311835061695e+03 1.842326989751705923e+02 -4.745010189753434346e-04 -1.228437191899403071e-02
2.589914367535863562e+02 4.482630533979494203e+02 -2.141524863666707454e-02 -1.309977230884747101e-01
2.706490188526062184e+02 6.831363867353734349e+02 -5.758834336754063872e-03 -1.060423472403956499e-02
2.043844608230193671e+02 7.028399141179746721e+02 -2.813185641819659650e-03 -7.464589670148328096e-03
1.008833446800457750e+03 1.913985811494088694e+02 2.189872740736117929e-01 2.108487708349832956e-01
2.087055210322586731e+02 7.240069840878377363e+02 -1.584841387543882429e-02 -8.791503412891357163e-04
2.795864201255263879e+02 4.178038720002899140e+02 1.981657144335263049e-02 2.605309104968164813e-02
4.636533525959541180e+02 5.053417776933841310e+02 -3.994900816625091555e-01 1.554401232112861131e-01
1.092123931711698788e+03 1.552986257203228035e+02 7.383197087539550285e-02 -8.736468124110972899e-02
7.485080127791695759e+02 9.055422997537581296e+02 7.329394279532396306e-01 -2.189315542362627043e-01
5.681796421772942267e+02 1.006146920227330952e+03 4.701110232789336707e-01 -1.951789687580239852e-01
2.604744097888288934e+02 4.252829809549771198e+02 -2.939905598801073865e-04 1.980205366796308243e-03
5.430427046591158842e+02 1.000237382325246926e+03 -5.270292168925647669e-01 1.007205687559057372e-01
2.533068857621349821e+02 5.050422124387750387e+02 8.269504876183039754e-02 -5.867453347257545193e-02
1.053937686736165915e+03 2.540695994760283725e+02 4.887048548228152545e-02 2.106636660382071868e-01
2.459838028521441515e+02 6.408236155703665418e+02 -1.636266446119031192e-03 1.973784137490919386e-03
1.047034869111332000e+03 2.255927794585218180e+02 1.814337730512207705e-04 4.846092124379614875e-03
5.507906318356035626e+02 1.083464303170170524e+03 -4.933822059642064550e-01 3.031371610395648952e-01
1.256261088242495362e+03 2.785455426626616600e+02 1.547993957620242764e-02 -6.290194465626171121e-03
8.629482584484536289e+01 3.131584904500177799e+02 -2.230639195398444034e-04 -1.066812413678280315e-03
8.802873276512571010e+02 3.396170803212297074e+02 -3.924013747001269814e-01 1.884310114509038514e-01
1.061862675607626443e+03 3.336212172846966268e+02 -4.616392174530254411e-01 3.600654714375200321e-02
1.149678502771527064e+03 3.691727942183918003e+02 1.741519274613811605e-02 5.361395520304824101e-03
2.558394848961408456e+02 6.589822094202085054e+02 -1.391697904281981768e-04 6.904838409068946199e-03
2.267658653437550527e+02 3.195941768648290235e+02 2.187616880637292469e-02 2.128550417708100773e-01
1.214283136628222337e+03 3.243533869643701451e+02 -3.989691981845600033e-02 1.157739291812731608e-02
2.505376347774609087e+02 3.071469742897289166e+02 1.910008645337923222e-02 1.504150433803403963e-01
1.077480584484975225e+03 7.734110561409765978e+02 3.978039375838667291e-01 -2.135660046006831736e-01
1.941469754823592382e+02 3.199619302499027640e+02 1.315747233819435525e-03 7.625363606118663526e-03
1.147715709702335289e+03 3.406422311383774399e+02 -2.056431927108986688e-02 5.986250676712508330e-03
1.154551886074347294e+03 2.311623940212229797e+02 -4.206355609254963657e-02 9.437589181134858549e-03
2.361372680162874076e+02 7.496178993474577510e+02 -3.060043458123230895e-03 -3.951498733562682289e-03
2.221941380473299716e+02 6.575790339272598430e+02 -3.207456453626457600e-03 -1.284263576143539350e-04
1.587051353468585830e+02 5.077946113407261350e+02 -1.800529674167677674e-01 -2.373110868305904619e-01
9.385135526799864465e+02 3.034171114944614374e+02 -3.857325193884959535e-01 1.947884150042654416e-01
1.081338638241908399e+02 4.185422811410860504e+02 -1.502897663930987671e-01 -2.951427921116810960e-01
4.119934828900287016e+02 5.080234962711109574e+02 -3.602083192645357812e-01 1.068808234391655232e-01
2.545782490113744529e+02 5.829936323123617967e+02 -3.747149479837594537e-03 3.612415910340294797e-03
2.296796012635614659e+02 7.019913056766312138e+02 -1.087262447154867278e-04 4.311919650638961973e-03
2.479422466898495827e+02 6.321072666653636816e+02 -3.675416877313193807e-03 -2.874392579665164746e-03
8.411596269079172998e+02 8.777792054956863694e+02 -1.283720319987789793e+00 5.855189844174777392e-01
4.808027280678227271e+02 1.047225626304847992e+03 3.643786686705623445e-01 -1.940473103256143139e-01
1.845798543356042103e+02 5.004980280001152551e+02 1.648566334681609846e-01 3.245113409071943567e-01
1.161381819643533390e+03 1.426824543573001165e+02 2.561583176772260287e-02 5.443531774914174212e-03
2.822479105620485029e+02 5.279773513142789625e+02 -1.754906634497693189e-03 3.215641624186640207e-02
6.513833342094784484e+02 4.930441142738333724e+02 -1.701685072457418957e-01 -1.307725004748206687e-01
1.762459392769038971e+02 5.110869602252695358e+02 1.712051491381463009e-01 3.343478139961890139e-01
3.948488733190642392e+02 5.053828735264139596e+02 -3.279283754157253372e-01 7.175868117744610419e-02
2.815141003841034149e+02 5.996938876059502945e+02 -7.627338915002306562e-03 -1.337964529036728785e-03
1.948738671223652545e+02 6.567806205250433322e+02 -6.403546494700020075e-02 2.608154789410050411e-01
7.621858126378757561e+02 3.861211370747464002e+02 -5.820268368907921541e-01 1.094304869052376838e-01
2.334919775498026411e+02 3.080463736134693136e+02 3.255992271762563756e-02 1.397754375286650030e-01
2.627336464879905407e+02 5.123949436357831928e+02 6.244535561943011064e-03 6.900279261629964356e-02
2.451618410013261951e+02 5.693190208021028411e+02 -3.626206999551232629e-02 7.244764485991291025e-02
2.787491654935695351e+02 5.962965449597969609e+02 1.144826527190774199e-02 2.388491610447365104e-02
1.035778364841739005e+02 4.198780078794838460e+02 -1.520238424756267803e-01 -2.969765253179370013e-01
2.965322790115980638e+02 4.650456234898832122e+02 1.388625411268132673e-02 1.436746301248648106e-01
7.947012786555388857e+02 3.539711466298329583e+02 -5.255017380068869315e-01 1.665483540713718069e-01
3.266981455561713119e+02 5.073069890422557933e+02 -2.849644086944523313e-01 -8.238471853666799738e-02
1.140504528455790251e+03 3.191025382433021491e+02 1.717792964588742144e-01 -9.735944013052832968e-03
2.259033287709935678e+02 5.401206046216237837e+02 9.843160264877846843e-02 1.267403138621891190e-01
1.107580764333957859e+03 2.414478821729288711e+02 -6.064017618236768048e-02 1.180746533165865780e-01
1.117132315284360857e+03 2.866922485926047557e+02 3.364098232294612800e-01 3.678805765628241908e-01
4.760471779361349149e+02 4.997271058208240788e+02 -4.150195158149782015e-01 1.903966655005686626e-01
1.099703795469642273e+03 3.037476201046504229e+02 5.314101581986510059e-01 -7.464000358277189662e-02
2.514083565545561498e+02 3.510167399542414159e+02 3.267628502619730757e-02 1.208229706684531696e-01
1.857958318884844289e+02 5.087422043441479786e+02 1.985325656176547549e-01 2.387936432509904228e-01
8.544026312437320030e+02 3.733244587584204623e+02 -5.027158643284161954e-01 1.693386461436823531e-01
1.039829284924897820e+03 1.667749262105074592e+02 4.858857487237860234e-02 -6.855633562637050704e-02
2.584227924553520097e+02 7.211842042809487339e+02 -2.558056540105794682e-02 1.356125371684005422e-04
1.217213900322276004e+03 3.747703074326661294e+02 -8.972268255843118432e-04 -3.519362395798566502e-03
1.096228855178396316e+03 1.719700327791915413e+02 2.552540932160671586e-02 3.030030573544974931e-02
1.054211084539030253e+03 2.164925227751342334e+02 2.999232238313896074e-03 1.071864155168937398e-02
2.380583740651853475e+02 6.820000992165241769e+02 4.633378970122625090e-03 1.601506915789392346e-02
5.107898514201840499e+02 1.016194774875601752e+03 5.462154937954583067e-01 -1.329909755276791061e-01
1.200624227373197527e+03 3.855738974659149676e+02 1.614525388126399758e-02 3.060351414507008795e-03
2.551049383685953273e+02 3.769440335637875705e+02 2.677577985330656038e-02 7.583760267213356110e-02
1.121556504835560418e+03 2.410739951257177438e+02 -3.878139911215552297e-03 -4.703119117522491267e-03
1.207531550417721519e+03 2.968910306941195927e+02 1.962042337515269505e-02 1.338667443078658259e-01
2.680735017337514705e+02 4.319713043504247594e+02 -7.925774910660571271e-03 4.945948520601629872e-02
1.124361398453678930e+03 1.460497344686323515e+02 1.370047496022468170e-01 -2.006112216884867461e-01
1.183793446736862279e+03 2.658733006414387319e+02 6.603568031677955162e-03 1.493329719035925950e-02
1.671511731618684564e+02 5.487527642435794633e+02 -2.620541267125784946e-01 -2.612643397686345570e-01
2.279686211680651979e+02 7.560821010161527056e+02 1.719719835452154441e-02 2.345745081410441097e-03
1.009047172020569178e+03 8.571777818063454788e+02 -5.936340358995079169e-01 1.780602321377143249e-01
5.222041587374030769e+02 1.044215962134634083e+03 4.369010113547321938e-01 -1.533270224010396254e-01
1.141611596645498139e+03 2.374444389510381654e+02 6.839378475743969343e-02 7.095570905828006703e-02
5.907425642896984073e+02 1.055548575821932900e+03 -4.099843286724800806e-01 2.993494185807448194e-01
2.834379282761086074e+02 5.014216203974508517e+02 -1.864566830400885833e-01 -1.165576631946781405e-01
1.047027537684063873e+03 1.909043975487033435e+02 2.426070983447163945e-02 -9.058630712445711608e-03
1.184792957980445181e+03 3.235101565157863206e+02 1.206146108885441381e-01 1.575916379414589452e-01
1.232830583642693227e+03 3.716259786938023240e+02 9.098173001695634065e-04 3.947486029039481807e-03
2.328253684289732348e+02 3.138209430488865905e+02 1.574594197718436756e-02 1.906923782863479133e-01
2.789312444654643741e+02 4.820210610696458389e+02 2.941973106043596631e-02 1.154869061676433439e-01
8.872001724402831542e+02 3.426927437795414448e+02 -4.249582677487500626e-01 1.891215769171607775e-01
1.121367282350666528e+03 1.731464920862086672e+02 -4.577710818188977099e-03 1.986185330896485593e-02
9.087352154119868146e+02 3.206141375293348688e+02 -4.128624343626515758e-01 2.206383271218057551e-01
1.135814591455808113e+03 3.579986795061879548e+02 1.056025198088951424e-03 -3.091898519118777694e-02
2.286195982574397760e+02 6.805761696659820927e+02 5.108305015744728055e-04 1.370482072209116241e-02
1.086991394413972102e+03 3.386746040841994727e+02 -1.215239042021226679e-02 -2.293301369404483064e-02
1.207501853040878359e+03 3.135092160729469128e+02 -5.358757703882421333e-04 1.094396486502613314e-01
4.515065042766242982e+02 5.204425505363855109e+02 -3.640855183825532082e-01 1.196425920130784193e-01
5.714831520179878908e+02 1.068778341330837975e+03 -4.613174984547239177e-01 2.423070073031581007e-01
2.525014844531873734e+02 4.774890878447235423e+02 5.699767264328482741e-02 -1.801767966142146446e-02
5.113946656163489592e+02 4.435159661730576204e+02 -2.241025730665482767e-03 -4.711406498234369140e-03
1.007917118203525547e+03 8.659358908629891403e+02 -5.670699411332691398e-01 1.727088755419396437e-01
4.914721692949015619e+02 1.098112832768738144e+03 -5.283729130497247795e-01 1.897578218823593454e-01
9.992618755267868664e+02 2.121432430314737587e+02 1.689287249404397284e-01 2.921397104113246379e-01
2.267263029717637437e+02 7.281173332351983163e+02 -3.205536351578283562e-03 9.450417969840533856e-04
4.519240697447062303e+02 1.090253573468017066e+03 3.536487230465426568e-01 -1.220853722854355200e-01
4.081790325306056388e+02 1.088548720779889663e+03 3.877948155499477134e-01 -1.438937705462857153e-01
3.510803069002344614e+02 4.891370267844185946e+02 -3.257787377220893177e-01 1.066400255240388673e-01
1.076071371791456841e+03 1.526646543476449835e+02 3.294082391751601557e-01 -2.008809842997280326e-01
8.274545186595165660e+02 4.049683035051669435e+02 -5.154882408106971070e-01 1.230081959022399501e-01
1.162469337787331597e+03 1.993973675873174329e+02 3.755342870022104491e-05 2.495647582705476653e-01
1.117279079754054010e+03 3.576917987804207542e+02 -6.176776682485183440e-02 2.357204029305812187e-01
1.783867891459588861e+02 4.846327068812026369e+02 1.503444103453675795e-01 3.499436092021055433e-01
1.076512416563548413e+03 1.889097791556009724e+02 6.588063976576887838e-03 6.827388809452336962e-03
2.420499727644996426e+02 2.994696020304334070e+02 4.104807563461849301e-02 1.279761167476195782e-01
1.056406229639935418e+03 1.878579456569413537e+02 8.626450909204299439e-03 -1.440500689651586126e-02
1.169490987317803501e+03 1.799713781107633679e+02 1.592347692822980876e-03 -8.488341392618847098e-03
1.152493623812528540e+03 2.858649161824939711e+02 2.876808671155686170e-01 2.945196330651101424e-01
1.646511337582475676e+02 5.037616207682015670e+02 -1.538664486858332403e-01 -3.346777034536386752e-01
7.654549060391486819e+02 3.993359240086568889e+02 -6.023863874697407139e-01 1.969819103208436673e-01
1.090372167681873179e+03 1.837712667018990658e+02 2.537412760375146875e-02 1.958295388308821383e-02
9.116890904428338445e+02 2.975231791654873632e+02 -3.889626075369855829e-01 -3.156714151371063821e-03
1.165922193575464689e+03 3.541196514927696057e+02 2.161783241051221105e-02 3.718154590359596945e-01
2.279755782020567949e+02 5.524341619848509026e+02 -7.155742312760756188e-03 4.651524142757891556e-02
8.442362626048231959e+02 1.079603019258542417e+03 -1.443483148467282050e-03 -4.862146624574099766e-05
1.078143304881106815e+03 2.214685223039002722e+02 2.183039857271372453e-02 1.097176017544825239e-03
1.120758354593983995e+03 2.748707459653642786e+02 2.599794099246112711e-01 2.858798981198219513e-01
6.466706752112319236e+02 4.711650667624506923e+02 7.043301085517001958e-01 -3.302400551646906268e-01
9.512124028046007425e+02 2.892531981009815354e+02 -3.646986726828084224e-01 2.205625749248984468e-01
1.173122029336628884e+03 2.074561059547763193e+02 -6.118956822023994407e-02 1.074959549181092877e-01
1.173033533300396130e+03 2.594329454954764174e+02 4.952908153372108206e-03 -7.829637687258446735e-03
2.369976315931789941e+02 3.500258565381318476e+02 -5.571630634686972755e-02 2.503072403512519029e-01
9.881397942453851329e+02 1.892829124835703851e+02 7.342857160115770498e-02 3.000846200123477581e-01
1.136639712888249278e+03 1.807984224939386309e+02 4.370470545016622022e-02 1.234658548223090818e-01
1.223464818981103235e+03 3.548782622875577886e+02 -1.869585872957455278e-02 2.334100781233825611e-02
8.769620785086121941e+02 3.300869999359381950e+02 -4.080284613960351026e-01 1.691840548728656968e-01
1.149508211356791662e+03 1.935203884828950436e+02 1.930724727019613243e-02 -2.928256526042005703e-02
1.212266226316095299e+03 3.856723497850531999e+02 -6.362166554178353426e-04 -1.601364201720656411e-02
2.079994072129119900e+02 6.346002463591845526e+02 -1.741730296080064022e-01 2.132206294158641713e-01
4.595040214858620971e+02 1.012920539838835452e+03 -5.491197753474360566e-01 2.494061222719415882e-01
7.901729870242434117e+02 3.830724352954010214e+02 -5.021822484501351491e-01 6.548033569676532661e-02
1.012746363295499009e+03 2.091864688403026094e+02 -2.647922198108130232e-01 -3.607866901973215690e-01
2.489173714387571010e+02 2.935377515679926432e+02 7.149569551829212249e-03 7.885191479283061577e-02
1.068592291164556627e+03 3.019939066264288385e+02 4.200644617746774889e-01 2.406465011391511755e-01
1.114337628175456842e+02 4.061660124465475974e+02 2.718765338923159192e-01 3.035505490459455835e-01
1.061772248285832120e+03 2.066223612853119675e+02 6.480595791818168083e-02 -1.279618891348628662e-01
1.154210542233864317e+03 2.911660162328140018e+02 2.105550099358549920e-01 2.985792959520653378e-01
1.136077940915736463e+03 3.239770739616525930e+02 6.225316707185930137e-02 1.305196622890658908e-01
2.437200635573465490e+02 7.356600594812654208e+02 -7.582990869975114040e-03 -1.241998742656229065e-03
1.727296535722717294e+02 4.865189699669653010e+02 1.605142697171193233e-01 3.144828431434920080e-01
1.172418114790161326e+03 1.812795412469351106e+02 -2.729110131356799872e-03 -4.338629048290196938e-02
1.091039143635764503e+03 1.964058709723530853e+02 -5.181869086131136309e-02 5.072208738817044621e-02
1.140251279992320633e+03 3.622001972833735408e+02 -3.678748029470462616e-02 -1.137844039637674401e-02
2.616125227938706530e+02 5.925231089973674443e+02 1.630878080925765305e-01 5.362327939343034672e-02
1.882179866232950474e+02 5.202451294914658320e+02 -9.827262022187968626e-02 -9.117696341181934228e-02
2.929020234805611267e+02 5.352910452584349059e+02 -2.181735598771564200e-01 2.446613078279996634e-02
7.187009358374557451e+02 9.164092046685126434e+02 5.927744165839516910e-01 -3.002036050703181802e-01
1.061470739356557715e+03 2.502602339617992016e+02 2.778212889989670198e-01 2.948768271015270725e-01
2.501004689372795724e+02 6.483349675073184244e+02 1.076788643545202075e-02 -8.323354037146110662e-03
1.031014672317394343e+03 8.177050413619239180e+02 3.898178843099808222e-01 -2.047251914374573212e-01
2.803684419419246865e+02 4.918488097525720377e+02 -6.950157102838705470e-02 1.507327249474377240e-01
2.896643057529731777e+02 5.082497921887393773e+02 -1.919576618108216337e-01 -9.498692634424354964e-02
6.072577430764022210e+02 9.554531375128240143e+02 6.917455834400829673e-01 -1.993386431029531281e-01
8.413139916573756238e+01 3.492023476450737576e+02 -7.697919322953948595e-02 1.714985020136406968e-01
1.166787041599368422e+03 1.591636055532799503e+02 2.129680031721291611e-01 -8.616208834173304243e-02
1.067817843065521174e+03 1.999435799356514849e+02 -7.187579218658530014e-03 1.344043046983173749e-02
1.251586202358661239e+03 3.290048198599603779e+02 3.131728973917306032e-04 -3.948553175660125814e-02
2.888198575058277129e+02 6.075155388581860052e+02 2.419190422898960578e-04 2.383632807181353119e-02
2.880829919328693904e+02 6.185840306751407525e+02 6.437670259692317501e-03 4.573234252190905985e-03
3.873450100147763351e+02 5.069783243613251216e+02 -2.539124626635479998e-01 1.580016592749623472e-01
9.291186550669530106e+02 3.175356715945005703e+02 -4.160947865567256598e-01 1.072037051098244514e-01
1.157602927498958024e+03 2.167783708393633901e+02 -5.000421431143495937e-02 -5.065193715925657425e-02
1.173787982789763419e+03 3.821020524131470211e+02 1.322674838705816328e-02 1.190235784534824249e-03
1.160219699206906398e+03 3.843222908118590340e+02 -6.829022020912786824e-03 8.440296439813978549e-03
3.052283718851301728e+02 6.360396573009102212e+02 -2.035226164873508406e-04 1.682548206011487022e-03
1.178903865357620361e+03 2.817770577983624207e+02 -6.451907114897040274e-02 5.237643907866716686e-02
1.196597599207744679e+03 2.784872307917303260e+02 -1.485881548948736128e-02 -8.043175608611941724e-03
2.973339073659482210e+02 5.693607760030422469e+02 2.207878292795620572e-03 -8.117746731037664767e-03
1.066834389207540653e+03 1.881294478386136575e+02 -1.763160810924483540e-02 1.177241835000846087e-01
2.423145717760945104e+02 5.170873409660420066e+02 3.423857588092105164e-02 9.507849350730941673e-02
8.166618987038473279e+02 3.609077589199359295e+02 -5.840783532680549062e-01 2.217598203078393893e-01
1.081661053302800383e+03 1.564275082461284683e+02 3.148493746567637697e-02 1.060479366589156362e-02
2.877928041186839891e+02 5.447419407525519546e+02 -7.961623445574037006e-03 -3.690665561647651916e-02
2.861428184271072723e+02 6.470991466167862427e+02 3.702223808748010547e-03 -4.698529111913940688e-03
3.157203313312126056e+02 5.465715887087859528e+02 1.639316747853551137e-01 -1.476614757345822348e-03
2.095385168340196742e+02 7.366110676549573100e+02 1.726821077322302292e-02 2.372617223558368127e-02
7.764576332106167911e+02 3.524802468435957508e+02 -5.660505651325868914e-01 2.164412260863559090e-01
2.466384462997486366e+02 7.281672573927146459e+02 7.102578970975770289e-03 3.474944691404857622e-03
1.038963478727236634e+03 2.026051914355798260e+02 6.167379696639314207e-02 -1.650585782304424542e-01
1.193328550714919629e+03 3.926355651729328997e+02 -1.132213817717125752e-02 1.477528075231268959e-02
3.051935786563328179e+02 5.407386179611637544e+02 1.245068390791971014e-01 2.639401511500264613e-02
3.946921478146904860e+02 1.095040882917848421e+03 -2.299389236192176389e-01 3.633598372919517039e-01
2.422019284948015354e+02 3.552129819542064411e+02 1.010280525169168914e-01 2.463078109452766784e-01
2.830013524439622188e+02 4.505505978538316185e+02 4.314783019386050911e-02 1.216368424759698974e-01
2.428045360001322024e+02 5.318795190786737521e+02 1.422520326855192252e-03 2.379643631318338337e-01
7.660545467650958926e+02 4.072106086197107970e+02 -5.929918555721066520e-01 1.840147295948942885e-01
1.188986901846363935e+03 1.960882745614582063e+02 -8.656335945817583699e-02 1.776268102068043753e-01
2.645317082352447642e+02 4.452191231781256988e+02 -3.578994202883096359e-02 -3.294426288880021592e-02
2.399926869152787106e+02 4.980842518638519323e+02 -6.105742271087093859e-02 1.156540929736969148e-01
1.018184857237503934e+03 1.950678163314216533e+02 -1.114972304428909870e-02 3.778351616373717275e-02
1.077116064925586898e+03 2.087634946518481627e+02 -2.301168013393460089e-03 -2.099987788237456243e-02
1.184172847184848479e+03 3.676508567298228058e+02 1.577876006605877790e-01 -6.319735469127771288e-02
2.775262022265167730e+02 5.424813023188140733e+02 1.025805718482130334e-02 2.044613206675500450e-01
2.160460236967888648e+02 5.916965669375457537e+02 1.130845325289289299e-01 -1.000488936200466805e-01
5.704706379145256960e+02 1.014559238737838541e+03 4.786380006306366064e-01 -2.128105697766194127e-01
1.102581163474613675e+02 4.359767878556521623e+02 -2.804652298577979819e-01 -2.854513948716876359e-01
2.865433512848744613e+02 4.670251891323906648e+02 4.611139731809664466e-02 1.762216961929728709e-01
1.296811767833409931e+03 3.252976716773374051e+02 4.391826087608737272e-01 -5.688003424323846702e-02
2.486857401479776115e+02 6.870737994280751764e+02 -2.613817458576677896e-02 4.046067727371979142e-04
2.000871143228088442e+02 7.045720053661759721e+02 -4.710895944493902893e-03 -1.004879226794249368e-02
2.701504051805648032e+02 3.858301413900270518e+02 -3.111546357287466036e-02 -4.971996048733899609e-02
9.999863275006174490e+02 1.646311381611173488e+02 2.901639643553607928e-02 -2.956729477341468824e-03
1.146254433424663404e+02 4.252599206569034891e+02 -2.738520644136225313e-01 -2.989351107056621437e-01
1.050828832928389602e+03 7.996991430986699925e+02 3.636337185718442888e-01 -1.201470081736984857e-01
6.380826577625309710e+02 9.725368987849877840e+02 4.287551557469891916e-01 -3.349190846543209643e-01
1.063614378623977217e+02 3.625834843874434341e+02 5.223297885869134134e-03 2.123843420731693146e-02
2.533817155522455948e+02 6.876690145114822599e+02 -6.835868565513436579e-04 8.703007523474562759e-03
8.907797446510505779e+02 3.416190126097776556e+02 -2.218288818198332346e-01 4.031614924423390089e-01
2.459619838327323862e+02 2.923257996339510214e+02 -4.845280792014682730e-02 8.854660164926564381e-02
1.181087209344273333e+03 1.873940988766975124e+02 -5.093415807703857365e-03 9.783744457791954119e-03
1.196719791870794779e+03 2.055636202167487454e+02 -2.087936569908220921e-02 2.114689208115519067e-02
1.180681002695722327e+03 2.244537250504440351e+02 2.007844183938429714e-02 -3.400530400830101274e-02
1.155915259900434194e+03 3.706898484888621965e+02 -2.052346832189137424e-02 3.789859231717746663e-02
1.261831340215390355e+03 3.864518313225929091e+02 -1.566016334055328474e-02 -2.868567842364941507e-03
1.158520280471188471e+03 2.205248719857066249e+02 -5.397252444967906571e-02 2.165739532031613415e-02
5.941391223589712354e+02 1.060696004261013286e+03 -3.820535355706443648e-01 3.448178945510149140e-01
1.047963306608140101e+03 1.758126184004727577e+02 -1.076568527839278228e-01 2.469595068689078576e-01
1.077958459083239177e+03 2.031214880799005300e+02 -1.783158593410769099e-02 4.187932839259215362e-02
1.123837711927951887e+03 3.410350441557724821e+02 -4.454721475140950571e-02 2.189293046875755711e-01
2.994168216859618497e+02 6.029139623248195221e+02 6.307790394104687004e-02 -4.117673090621512544e-01
2.415393260589227680e+02 6.486651840343619142e+02 6.130871586943946114e-03 9.939359530681771138e-03
7.487976376046862015e+02 9.528298448371405129e+02 5.709897749017124324e-01 -1.987514123144629441e-01
3.046305171191636987e+02 5.228494239492154065e+02 -3.697452325860965867e-04 7.671298652412533725e-02
8.487879649934574218e+02 3.762321262032207869e+02 -5.582478684283062043e-01 1.330672421775291325e-01
1.167652799673269101e+03 2.923193325782495435e+02 2.485198637308539682e-01 3.926686326543171041e-02
2.157806805178240381e+02 7.617180337291774777e+02 -1.851321700221473729e-02 -6.984051915596214966e-02
1.045698945201728748e+03 1.985986386768347245e+02 -5.717050441195923975e-03 6.295265993269810734e-02
1.149345552777514285e+03 1.730371205662949592e+02 4.371852440538243761e-02 -2.628500630356018219e-01
2.741264916879240445e+02 6.735891566701686770e+02 1.698645403925039829e-03 2.605908021101230321e-02
4.171403996201653968e+02 5.234455070887863712e+02 -2.759390140904598443e-01 -3.596725401713428416e-02
4.565056483985262048e+02 1.094534391160678297e+03 3.407428122935005077e-01 -1.320677949818606922e-01
1.971909154144317426e+02 5.342537674224248576e+02 -1.830218510047103564e-01 -5.394380504575053970e-02
8.556656842115561403e+02 1.101829272985299667e+03 2.249778457954221440e-03 -8.402378435334867390e-04
2.548576703432518400e+02 4.121127688688428066e+02 1.058251872801135515e-02 5.101613118667431418e-03
2.960225185334007278e+02 4.950878443986246680e+02 1.201961622668116028e-02 6.835841981748484730e-02
1.185301379714913082e+03 2.167402970515385334e+02 -2.322605063523640670e-02 4.746619638994636903e-02
2.390522155747117381e+02 7.100548077269844498e+02 -5.649534151456835464e-04 -7.641415586267372899e-04
7.407752224483892860e+02 3.820386659179633853e+02 -5.823429893976149740e-01 1.255065702851461962e-01
1.030354456831186781e+03 1.633281214977887430e+02 4.236126213462174106e-02 -4.238640253317431383e-02
1.226722952615086342e+03 3.246347145097598741e+02 -3.025419770756343496e-02 -1.527152171942779656e-02
3.161926663775765860e+02 5.050675146622196507e+02 -2.396389240588803204e-01 6.498800410490919444e-02
1.076087145011325674e+03 1.746344355828686332e+02 7.342373593089884798e-02 -8.319418975510710357e-02
1.114395344060473917e+03 2.288831315044363066e+02 -1.356447241713251706e-01 1.197647466736431882e-01
1.230718760893044418e+03 2.445942668617648792e+02 1.352378245014860050e-02 3.712441387537682158e-02
2.361413700406513954e+02 3.340858797396474529e+02 -1.701134603159825190e-02 4.198397685895380316e-02
2.768686264285699963e+02 4.412412745152834077e+02 2.126628152577560507e-02 1.247994039584308934e-01
1.163923212776660876e+03 2.576912087010809955e+02 -3.675297414896964120e-03 -4.576053945424973617e-03
1.277435759792277850e+03 2.601190872343855176e+02 7.026219363981128785e-02 1.959643926032705527e-02
2.477449736513247274e+02 5.447008256952403826e+02 -9.725848311087962293e-04 -1.520078442332273294e-01
1.046124590528552289e+03 1.728109078028047065e+02 -4.358119326580917052e-02 5.961225973606373851e-02
1.142469137000627370e+03 1.692180675462636259e+02 3.536515716364995159e-03 -3.883009656479096110e-03
1.202174946085203146e+03 3.173248612962217976e+02 5.416133359457572793e-02 4.696357697116754215e-02
1.030356141325102612e+02 3.978286582213997917e+02 2.741360503815402083e-01 2.319024469924233500e-01
3.321910330887729401e+02 4.749883404557742779e+02 1.288253795131701906e-01 -1.837876346086755319e-01
1.020624201354199613e+03 1.796372237693673242e+02 9.042353314789863816e-03 -1.576936081809572343e-01
1.122556851881508010e+03 1.929182868943321409e+02 9.038734305616458187e-02 5.290943196301878260e-02
2.706982437292807617e+02 3.794232410789240362e+02 4.690912093491856477e-02 6.337114152114692311e-02
1.163716040921041440e+03 1.861564352128487485e+02 -6.846657080726829825e-02 3.182653294280836098e-01
1.135284237753063508e+03 3.505405432024286370e+02 -1.449492069875833039e-02 5.979514889772798852e-02
2.336045291556783354e+02 5.228434066715166182e+02 8.527275398073186352e-02 7.534214878974883345e-02
3.683512701616326694e+02 5.143434730269378861e+02 -3.252642145269400431e-01 6.697675652728776741e-02
9.696929964558802340e+02 1.705778991465955414e+02 -2.369052959592939447e-02 7.049209312626203427e-03
1.132680837271473138e+03 2.300841117366417166e+02 -1.375813402457879385e-02 3.633523469285838275e-02
3.076243235081315106e+02 5.659593937716357459e+02 1.663378264367054160e-01 -2.679328212495003525e-01
8.740995341883991614e+02 1.871961839399838823e+02 8.345933837784381623e-03 -1.441383142551836555e-02
1.059632393329506613e+03 3.072512705718424399e+02 5.017581561443547056e-01 -1.867387089025669411e-01
1.157515393414834989e+03 3.671896931119701435e+02 -4.136118583651609421e-02 1.385255212403613823e-01
4.699112859338748649e+02 5.181355945370054314e+02 -3.420521791886620977e-01 2.021838873050291197e-01
5.731330588360660840e+02 1.051542896506790385e+03 3.952804197857043289e-01 -2.502935789002314060e-01
2.861491414461978025e+02 4.541137125691007554e+02 1.082323008511768409e-01 1.666218825194221154e-02
2.634032322464501021e+02 5.185000196067492197e+02 2.620216157978510346e-02 -2.286152510421857187e-02
1.042711944700707818e+03 1.725718905934860175e+02 -5.665334595468201478e-02 1.362687417624509900e-01
1.097056974549522238e+03 1.903926387788566217e+02 1.335015680695375573e-01 6.543315759189535785e-02
2.495716626098218853e+02 5.057024330985879601e+02 3.783823816646582350e-02 4.928839237419635130e-03
2.902358687351751314e+02 4.433928737861670015e+02 -1.652483816481528298e-02 8.802541546263380201e-02
1.170299604184142026e+03 3.394740605544302525e+02 -1.487124855595909484e-02 6.642799058912024490e-02
2.787834786559591294e+02 4.067491348589957170e+02 2.574469055749353461e-02 -7.439676261689626147e-02
2.730998477851974826e+02 4.363567840182069517e+02 3.149210170998956865e-02 -9.564896339029998334e-03
3.991739830795319790e+02 3.398528440198180078e+02 -4.614719530739928334e-03 -1.072329569473577833e-02
4.764222381556432424e+02 1.084826301971572093e+03 3.409912571832762751e-01 -3.145368771126518803e-01
2.682480739688035101e+02 3.932482450532309599e+02 5.573329128856130323e-04 -3.810641822906290881e-03
2.707582745396289852e+02 4.293553208431916914e+02 4.944656496734978895e-02 7.692539355077769592e-02
2.686072156426977813e+02 4.496421570978862974e+02 -1.041236592086602353e-01 4.663176494750132656e-02
2.776027281043699872e+02 4.715688829777184310e+02 5.379797883844730788e-02 1.702984618592245092e-01
9.080429423486290261e+02 3.119126007254162687e+02 -4.304624803357319229e-01 2.688342170265491382e-01
1.162896474303254990e+03 2.190944274007230490e+02 -2.382205331259774628e-01 3.920651779521858726e-01
1.183048627893976118e+03 2.239018615513616339e+02 -2.932602768953984293e-02 -2.110149401142280209e-02
1.230484444114425060e+03 3.356262145036166089e+02 1.558416346278408970e-01 -2.976862314251752517e-01
2.557995427103315933e+02 6.031846696103768863e+02 2.830458489640932506e-03 -8.182717394402061950e-04
1.067670692981643469e+03 8.122630065298696991e+02 4.331243974378594652e-01 -1.465875004468353004e-01
2.400971174896964442e+02 3.403508376221012099e+02 -1.035772876011383480e-02 1.920448126736739314e-01
1.489266471048901792e+02 4.009892490764796662e+02 -3.632184213676244449e-04 -4.898652218341699623e-03
8.144178678550052837e+02 3.592707245020936853e+02 -5.427303988347015329e-01 1.993946664422499848e-01
7.627153153133884871e+02 3.779780300960836712e+02 -5.846569353498741739e-01 8.196396210040528263e-02
1.091548468697498947e+03 1.709408329609678958e+02 1.667174629191758017e-01 -2.132418706760693186e-02
1.947897841909897920e+02 5.529596118726190070e+02 1.368502891002544575e-01 1.330485455474104128e-01
2.217596113859398201e+02 6.372367625153675590e+02 1.612675045082312408e-02 1.192537812046623458e-02
2.256774425465872298e+02 6.659756238918992040e+02 1.371051152015449357e-03 -1.618883863547182500e-02
1.007857093353608548e+03 1.896070482355517299e+02 3.564267974527806082e-01 -1.017417993153690442e-01
1.051897724834771225e+03 2.076227078951324359e+02 9.459204623078181634e-03 -2.522185557990165583e-02
2.490986241904954284e+02 7.196167329030993187e+02 1.034258101413382432e-02 -8.046047710951390389e-03
2.353999754968587013e+02 2.936019729673889742e+02 7.876584602664396528e-02 1.728768712515292572e-01
1.053910329985038743e+03 1.819951032117433840e+02 -6.114794783412558915e-02 6.366619696155789709e-02
1.235511471100400968e+03 1.327621472150762827e+02 -5.543605716835289972e-03 -3.413881673706049141e-02
1.053512396979454707e+03 8.409899691256358665e+02 -5.261296133605500858e-01 1.389310040096967680e-01
2.901475145952768457e+02 4.674291004693335481e+02 8.289266500718267192e-03 1.198577966167812536e-01
7.836619949246718306e+02 3.719255630781987634e+02 -5.828957217701740134e-01 2.333057551846525746e-01
1.083017704026999127e+03 1.703215596636602811e+02 -9.397699097252414091e-02 5.908604069496813382e-01
1.208090356916525479e+03 3.075261940850726887e+02 -2.377578532309598813e-02 1.492312260960867720e-01
1.170998873584509738e+03 3.785647056106242303e+02 3.175836698011109765e-05 -9.337098720834546839e-03
9.903290328196972041e+02 1.755046891061660119e+02 2.601088977194535579e-01 4.262345745643386641e-01
1.211462810517446769e+03 3.458456926996486800e+02 -1.888158369007555959e-01 -3.523657132242874555e-03
1.184955690643220578e+03 3.764738230117413877e+02 2.724946648571631089e-02 -9.614910376584191731e-02
2.660848765010421175e+02 6.641179293708579507e+02 -1.142546173296352628e-02 -2.414974122034436663e-02
4.745448231180312746e+02 1.080849045395944586e+03 3.804287701276422018e-01 -3.010246161102827500e-01
1.080490696927485260e+03 2.201578393322345732e+02 5.491072606160311148e-02 3.032674128629471721e-01
1.104610799597237474e+03 2.310318799673669901e+02 -2.220894591597530679e-03 8.348302824278089340e-02
1.235704056089270352e+03 3.551037946837413415e+02 2.215850498593777140e-02 -4.908083358790355649e-02
1.233407727036319557e+03 3.904965831072671563e+02 1.069831491577133420e-02 1.499334066073623462e-01
4.528279240626005731e+02 9.221119625966041440e+02 2.199823430125410172e-03 4.790327524418850832e-03
2.905476598589079913e+02 4.767500144542385669e+02 8.184657242083265283e-02 7.836809688867812929e-02
7.394875203751396384e+02 3.963995112013702737e+02 -5.590819753769866729e-01 2.354997874158407667e-01
1.059712000430033413e+03 1.682421632111217775e+02 -1.622970684226553717e-01 5.969781714359767566e-01
1.000649392213074066e+03 2.049452609447107250e+02 9.660895929256538284e-02 1.136047680995362630e-01
2.689199345968040120e+02 4.531597324023445026e+02 7.983566814021300639e-02 1.403110502240833002e-01
2.382950951261305192e+02 5.086605525906365983e+02 -3.677743897572708504e-02 1.087940816366881336e-01
2.582226732111046203e+02 5.035208322995279104e+02 5.608058479026567511e-02 -4.700408749743487102e-02
1.065636636511741017e+03 1.773053848253683213e+02 -6.333725855304639385e-02 3.030642524078577121e-02
1.123262030322859346e+03 2.298193738304557883e+02 -5.662674271287173634e-03 4.410421395502005237e-02
1.170471879076402956e+03 1.714991852864504267e+02 3.780092693592878965e-03 1.292827132231998133e-02
1.143149511382684068e+03 2.569227149352153674e+02 -1.583258822057252713e-02 4.062368293383274848e-02
1.180453428359779309e+03 3.721394806328122513e+02 1.690555834622821663e-01 -1.095365284470651290e-01
2.457522447611881660e+02 3.175144105400664785e+02 3.460117622966940587e-02 9.094661607292309213e-02
3.295054609249673376e+02 5.162615616913465146e+02 -1.476132283963913494e-01 -1.673344563231395909e-01
4.388380813873843636e+02 5.100755944605070908e+02 -2.741113184119647883e-01 1.345837219635868109e-01
1.014283559398039642e+03 1.795027416131700022e+02 -3.544294201829956137e-02 -2.643296091166646988e-03
1.054642837122658875e+03 2.607442935728852831e+02 2.295402500114533950e-01 3.875646703147950234e-01
1.209998970481890183e+03 3.506451941588151158e+02 -1.197288627694064189e-01 9.999811077559783712e-02
2.174853024846827338e+02 7.276386176545299804e+02 3.762715578505471115e-02 4.018158565649798675e-02
2.459954383762583348e+02 3.926355564848389577e+02 -7.625940760192596868e-02 1.761733058861598977e-01
2.647889748109729453e+02 4.338984500841695535e+02 4.176081084214426122e-03 1.293955071696852206e-02
1.808532684985098058e+02 5.236059985907120335e+02 -2.690491704536725481e-01 6.551567848678890860e-02
9.948547643218787471e+02 1.688619145279740792e+02 -2.085961510895989121e-02 2.477900101857623272e-02
9.976546944603721840e+02 3.784234427075738836e+02 9.930318696721467456e-03 3.857352150956785269e-02
1.205603659356430171e+03 2.240231549234144950e+02 -7.550614724382284648e-02 7.870481822403121996e-02
2.974897534184480037e+02 5.439503824729918051e+02 -3.126797134864129357e-01 9.556819348154779736e-02
2.540187560455898961e+02 5.215727271236540901e+02 -4.317260392598752834e-03 -3.714867491055429127e-02
8.136834128148127547e+02 3.678010621523748114e+02 -4.614996782789830831e-01 2.829565911790114519e-01
1.020872094182870114e+03 1.652632051451666939e+02 1.915062585401626147e-02 -4.118751948196270329e-01
1.242035830952376955e+03 3.057307882189137445e+02 -3.422665263105630074e-02 3.166305860176115566e-02
6.503330890340145061e+02 4.936198139008416206e+02 -1.610566036594361303e-02 -1.803984488961905830e-01
1.180823313740696676e+03 2.129264492257207735e+02 -1.255091226306341567e-01 9.459038478695666607e-02
4.815880518511089576e+02 1.093233138274525800e+03 2.905627919557918215e-01 -4.033258529273273107e-01
2.546517887377287934e+02 3.303508539625005369e+02 4.092295917176613784e-02 1.489334221060592822e-01
1.113674184945239858e+03 1.577271117538147109e+02 6.158475068421390836e-02 1.470967234021003378e-01
1.147987006580702882e+03 1.716606234141400193e+02 1.513555807338017589e-01 1.703346333143211100e-01
1.140336760961425398e+03 3.474277560834960923e+02 -3.459280304453690030e-02 -3.055858220734819497e-02
1.144435957999558468e+03 3.620959827062579279e+02 -2.024841729943697381e-03 -1.543549426242426213e-02
2.775075562809705616e+02 5.470172040917316281e+02 -1.992047809663688440e-02 4.037859904435473629e-02
2.709696871264542892e+02 6.794776017398975227e+02 3.658687658266046583e-02 3.316844074117852870e-02
2.266741668062648500e+02 3.018431627496040619e+02 -5.830475828135852495e-02 1.953914036803015841e-01
9.917942619740379939e+01 3.952031117384914864e+02 3.385268121170073585e-01 1.470170663413341572e-01
8.337899875365704929e+02 3.342828507579206985e+02 -3.267038405382126087e-01 1.032895264814535224e-01
1.178601039090982567e+03 2.315739108930412726e+02 -2.564028195721138395e-02 5.988251958880978776e-02
1.272579268002260505e+03 3.059433442725683676e+02 -8.753324598439410353e-02 -7.244279235198353151e-02
1.309135857685290603e+03 3.320972620177851127e+02 4.006881739340893978e-01 -2.801140320367391176e-02
2.655465227834409347e+02 4.671832239363284316e+02 -1.806480057870203312e-02 -1.817700835117477820e-01
5.144843705343217835e+02 4.761802110258906851e+02 -3.312851319838842068e-01 1.154624908535822614e-01
1.226821721396694784e+03 2.167445121440638331e+02 3.507737203497072326e-02 -3.856962773896839558e-02
1.179519232076188473e+03 3.077083294069259409e+02 3.493398983474207964e-01 -3.298214840353921179e-02
2.760201835981918634e+02 5.798744172838421491e+02 1.459246767390140996e-02 -2.928997333569895861e-02
2.573145144549743009e+02 6.803283457362364288e+02 -1.203452789627590348e-03 -1.806845880519176648e-02
2.653181307770519197e+02 7.171820903524726418e+02 4.220569492355252458e-03 4.342973085600761174e-02
1.050954741761838250e+03 1.625656530114501663e+02 1.242370872909709240e-01 -1.974642113184441050e-01
1.137962840527107119e+03 2.543482681730512240e+02 -8.989508968223465513e-02 1.785310798791120701e-01
2.370808255608934019e+02 5.484817984733510912e+02 5.901309079448916611e-02 4.726231884894281643e-02
2.558862229462152129e+02 5.538216991326552261e+02 -3.924190641488836673e-02 -5.116579514455881633e-02
2.465899566461613119e+02 6.353960967059549603e+02 9.536566764274488975e-03 1.364337264340065303e-02
2.652712048882868316e+02 3.981127163173981671e+02 -9.845262263240783795e-03 -8.681245792544700635e-02
1.049688451083488417e+03 1.577231868990660644e+02 9.693624715768578426e-02 -1.063184721431511548e-01
1.103973664105658827e+03 1.559245902039476448e+02 6.237823035715450715e-02 4.782122192077693512e-01
1.052866216672798373e+03 1.667646061489136002e+02 -5.252561812483236281e-03 8.036907028105488848e-02
1.149180582431785979e+03 2.999854248985713525e+02 2.205510318741801257e-01 2.972260869001033257e-01
2.469097949399615857e+02 6.463929497624060332e+02 8.348591149491824126e-03 -3.376580094889902739e-02
5.980035465406958792e+02 1.024785894897837125e+03 3.553921413405873864e-01 -2.444111095825292068e-01
8.310434873553039097e+02 1.078040843270340019e+03 -5.695026055420271405e-03 -6.923684231992410787e-03
1.854390551505033500e+02 5.107831024572028582e+02 1.332141039033030716e-01 -1.790275792756119699e-01
3.685774535079337966e+02 4.801200774031968876e+02 -3.287572747853135247e-01 1.658633981328908324e-01
1.128007903626434654e+03 1.501223515995271214e+02 3.006078532377744542e-02 -1.348957221847431887e-01
1.101962626564263473e+03 1.936780391466461140e+02 3.925334392858660648e-02 4.586845090078180837e-02
8.904056901229110963e+02 3.501069414829281072e+02 -5.737916809636089965e-01 5.462730799792682168e-01
1.159270970870486963e+03 3.337028599623151308e+02 1.789636669842431249e-01 3.898439648524296142e-01
1.109397159218811112e+03 3.478129269392536003e+02 1.921465284095640047e-01 6.721554082814204523e-02
1.222788597882725071e+03 3.729879529995292842e+02 -5.059275557635893872e-01 4.510079739900691442e-01
1.992134007019449484e+02 5.513666426270330021e+02 -8.827058531876932901e-02 2.862708936146581284e-01
1.046092364453782238e+03 8.308677170138405472e+02 -4.814406584023994684e-01 1.398398312106629848e-01
2.700688500649399657e+02 4.617184141795935375e+02 2.396629834887183466e-02 2.734159459680445825e-01
2.431183103721363352e+02 5.281163613409974005e+02 -3.587763709787831351e-02 6.089372394658502108e-01
1.114227532304764736e+03 1.593335876410008893e+02 -3.279094060189891024e-02 3.279443882809592731e-02
1.127165122604584440e+03 2.218285717528534065e+02 3.260386170620677149e-02 -1.061766572191421253e-02
9.633047484307702462e+02 2.936478408114188028e+02 -6.128632196914812758e-01 3.490715419022289434e-01
2.907867649889633981e+02 6.115943475009411259e+02 9.013155482281831610e-02 -3.223466808807984307e-01
5.093017274383756785e+02 1.059185528689441298e+03 3.738834988861109987e-01 -3.343848149552286486e-02
8.983057839086774266e+01 3.412520223416534009e+02 -2.395228989123040775e-01 -5.674242393707572552e-01
2.474485703841007762e+02 4.816794116491619206e+02 4.508980012404321946e-02 1.473197332343261293e-02
5.486176836557607430e+02 4.985478308120442534e+02 4.080131575938821809e-01 -1.253779924332320550e-01
9.628605176253114450e+02 1.750123695929349594e+02 5.513519695718969299e-02 -5.662135366536062697e-02
1.083547120668516527e+03 1.598451899981929785e+02 1.982439591347429260e-03 -1.993351258252573643e-02
1.155623402811597771e+03 2.713848543687233246e+02 -1.113488866265470306e-01 1.134996281297389886e-01
1.187550494270414447e+03 3.340732513293080501e+02 -5.327826668153647777e-02 5.404133396535826250e-02
2.438023858578749525e+02 5.554405428308854198e+02 2.360586579847392952e-01 -3.182609707428128015e-02
3.166258654832329853e+02 5.540182234360353277e+02 -7.124573245667989441e-02 2.354116933265913703e-01
7.664418608033056444e+02 4.025860035633120333e+02 -3.823242876529491241e-01 4.555332315725451053e-01
1.187686953530245546e+03 2.016591976163447555e+02 1.007462968681238635e-02 1.463778197063447806e-03
1.147118746512237749e+03 3.506322204487032081e+02 -1.106498107007496401e-01 2.473880807620219002e-01
1.238839649600474786e+03 3.481046040981970009e+02 -8.985834108443668811e-04 -5.703531234279068940e-02
1.185552745944892195e+03 3.826168530071568625e+02 1.410868946936716384e-02 -8.407347034466283731e-02
1.211913577060513489e+03 3.793030630699922767e+02 -1.426406938435320626e-03 3.729593874884074012e-02
2.978659518254092973e+02 5.337026923002775902e+02 7.614138296422368057e-02 4.033967050773412666e-02
3.129938118055149516e+02 5.505907121332119232e+02 -1.873578947272847017e-02 -4.604561853179234276e-02
2.429532569988469959e+02 7.143227589694192829e+02 -6.586247325437000200e-03 -1.331819623149499421e-02
6.176963287169469368e+02 9.733797474168968620e+02 2.997798269186944253e-01 -3.348604071362331069e-01
5.054941411419807764e+02 1.049541064509217222e+03 1.848148143397168042e-01 -6.570221580642510162e-02
2.280212696824192165e+02 2.915980291519273351e+02 7.009641641767909437e-02 2.062591465436298677e-01
8.334606401325651177e+02 3.486237085148381425e+02 -2.758087997355005427e-01 5.067464069435345664e-01
1.063876731770232482e+03 2.404180872635739092e+02 4.966136283125403145e-02 -2.857123293107595788e-02
9.631096952875597026e+02 2.818049721148116191e+02 -3.318326307155530230e-01 6.679561413151304805e-01
1.169211140493353696e+03 2.006296943275143860e+02 -7.675773378741723718e-02 2.685912309092278183e-01
1.137987259391199359e+03 2.449869468012681466e+02 1.841946687439607044e-01 -1.993329027717057609e-04
1.181663686372904976e+03 3.319331599488748452e+02 5.965337704446938005e-02 -1.233000833334661622e-01
2.911144874178147006e+02 5.377778530560912031e+02 -1.873693414525519074e-01 8.974776169297153661e-02
1.897760154387046896e+02 5.522536893525425512e+02 9.165844054115268591e-02 4.219097720150936232e-02
3.093822130230129801e+02 5.711823772354973698e+02 -4.117713869728353154e-02 4.775681330890316906e-02
3.027755683841352266e+02 5.762458027945954200e+02 7.682456227087186562e-03 -7.323680258654501063e-02
2.566614939601976744e+02 5.983060727731913175e+02 -7.488878823160878551e-02 -1.360306400286693529e-01
2.735275187565700321e+02 6.249131423077053569e+02 -2.645239692393867512e-02 1.418622362795455595e-02
2.214409024753922210e+02 7.241044987139259774e+02 -2.440049807863904976e-02 -3.392319522386818414e-02
4.128318600753220835e+02 1.100140369281766425e+03 1.550549332476217901e-01 -1.986554519324575455e-02
2.498462764396425939e+02 3.863929125518574210e+02 7.096087720833565982e-02 -4.060060969542291787e-01
2.570463019442021277e+02 4.051847447819055219e+02 1.023649119895253534e-02 3.183760328349194424e-02
2.729802605828917876e+02 4.454279181827129150e+02 -1.612002593429906483e-02 -3.997000804669710305e-01
7.152546060579030609e+02 4.415541393057069399e+02 1.670868011500488137e-01 1.710644278580275568e-02
1.070576537319528597e+03 1.529755505318589996e+02 6.110114685486678354e-02 9.223335407241961548e-02
9.911662392504587160e+02 1.784020720524191006e+02 -8.634786302353631982e-01 1.970548013545254662e-01
1.127218063161850978e+03 1.658858377802894211e+02 -6.929984849580250739e-02 -2.470508863368081620e-03
1.002304614667699980e+03 2.046400690919584235e+02 2.285961593441356854e-01 -3.223223762543767634e-01
1.109099447636033801e+03 1.894918462390791660e+02 -2.605776237718373523e-01 4.871065035491852768e-01
1.158727812437437478e+03 1.807670598242906692e+02 1.651349822832344216e-01 -4.940128982814258052e-01
1.136017700085623346e+03 2.419699646818680492e+02 -1.591155112024580376e-01 1.494490855335044444e-01
1.165866647467127450e+03 3.736371146678321224e+02 -1.470020614806344383e-02 5.786666763219727727e-02
2.767476580340245960e+02 4.412251128731067524e+02 0.000000000000000000e+00 0.000000000000000000e+00
2.788524901804995011e+02 4.814477354373472622e+02 0.000000000000000000e+00 0.000000000000000000e+00
2.667823431911673424e+02 5.141535134634108317e+02 0.000000000000000000e+00 0.000000000000000000e+00
1.896248177428181805e+02 5.328593358718455875e+02 0.000000000000000000e+00 0.000000000000000000e+00
4.056528644459680208e+02 4.846884259243620363e+02 0.000000000000000000e+00 0.000000000000000000e+00
8.272623097605570592e+02 3.739924210490469250e+02 0.000000000000000000e+00 0.000000000000000000e+00
1.021413809576795870e+03 2.159796237659685119e+02 0.000000000000000000e+00 0.000000000000000000e+00
8.843800989083359809e+02 3.531700297347505284e+02 0.000000000000000000e+00 0.000000000000000000e+00
9.000105674710042649e+02 3.661774740132460693e+02 0.000000000000000000e+00 0.000000000000000000e+00
1.154159703164518305e+03 2.476758388291617905e+02 0.000000000000000000e+00 0.000000000000000000e+00
1.221974938168787730e+03 3.484627045915522103e+02 0.000000000000000000e+00 0.000000000000000000e+00
2.785509550106905294e+02 5.509606775621487031e+02 0.000000000000000000e+00 0.000000000000000000e+00
2.225208709065146877e+02 6.194534731379391133e+02 0.000000000000000000e+00 0.000000000000000000e+00
3.067394481435301827e+02 5.294113780996059404e+02 0.000000000000000000e+00 0.000000000000000000e+00
5.448077831172638525e+02 5.267833868735413034e+02 0.000000000000000000e+00 0.000000000000000000e+00
1.062937692753268493e+03 7.496018191335116398e+02 0.000000000000000000e+00 0.000000000000000000e+00
4.690498370605879472e+02 1.028783051429506259e+03 0.000000000000000000e+00 0.000000000000000000e+00
7.201831112393057310e+02 9.402400052682720570e+02 0.000000000000000000e+00 0.000000000000000000e+00
5.067632093654895584e+02 1.086688833846789294e+03 0.000000000000000000e+00 0.000000000000000000e+00
5.102283682786772943e+02 1.097038686164902401e+03 0.000000000000000000e+00 0.000000000000000000e+00
