2.682382625578082411e+02 5.078757332005121157e+02 -2.098321152235226028e-02 2.934610524708223048e-02
1.339675190837843957e+02 3.790824102410632008e+02 1.060703366050293455e-03 5.198031657320514518e-03
1.392024910933814397e+02 3.953553546573485278e+02 1.289858045964426166e-02 3.349758851295957934e-02
3.028908631671540661e+02 5.766535612632936818e+02 -2.749217309189031129e-03 -6.076575605862168236e-04
2.743217792246559839e+02 5.431979083943642763e+02 2.606172217702965727e-02 1.143905129661692242e-02
2.486445648385634968e+02 5.794894071575633916e+02 -1.456265657561597593e-01 1.693642706500258499e-01
2.520830079116834099e+02 4.820881023327114576e+02 9.663512464047045725e-02 -3.052343242559052774e-02
2.553041781915472939e+02 4.655612549297566716e+02 2.392822456018544285e-03 2.226291883430079124e-03
2.404181074698973362e+02 5.919116104451544516e+02 -1.232482952896719886e-01 1.967780412915754173e-01
2.729007935552397157e+02 5.500041272983457930e+02 -1.209657525112219252e-02 1.079082995770162118e-02
2.788243027012330799e+02 5.504214203269858672e+02 5.605852323476415502e-03 -4.359610364775621041e-03
2.242269266282457920e+02 6.047073452180189861e+02 -1.315979085834481643e-01 2.254165405919850151e-01
2.620931728660648901e+02 5.775119066296766732e+02 2.643018350328934282e-03 -2.470053997778747304e-02
2.932866751636539675e+02 5.673074410544240891e+02 5.633512260578979643e-03 5.674167794498964808e-03
3.043497279436912208e+02 4.616336940410074590e+02 3.877596786744201551e-03 -1.293735580993755560e-02
3.152839814656848034e+02 4.713065175071816952e+02 -5.045216404605998815e-03 -1.292713090152283924e-02
3.119714610941858837e+02 4.759530611612817097e+02 3.637554263002416161e-02 -1.667577594279709766e-02
3.188034170604558426e+02 4.714217172562197220e+02 -2.137780078531043145e-04 -3.139919143191351701e-03
4.470618967986995358e+02 4.518492913390209083e+02 5.673581811356739335e-01 -4.707677635750395773e-02
4.111855134039278141e+02 4.728515218741969761e+02 2.867148859295788887e-01 -6.868577195934386093e-02
5.658083493112109181e+02 3.853895678192459400e+02 7.275507491894501544e-04 -2.246360420836499526e-03
5.607920272572757767e+02 3.813673024013376107e+02 7.130149294576624067e-04 2.638373364433873117e-03
3.533698071244141374e+02 4.973849871931292341e+02 -2.914188668930763337e-01 2.541838622593869945e-02
3.644626787822509186e+02 4.837818031249924502e+02 -3.500950078238647123e-01 1.294029182739936668e-01
3.344316688066886059e+02 4.892614677108306296e+02 -3.096853179348071916e-01 9.354599942677753466e-02
3.967192404566808364e+02 4.717253184013403597e+02 -3.743746592841660781e-01 7.568236250595830605e-02
3.024082931340021219e+02 4.855889403815821197e+02 -1.502343121253033043e-01 2.483442909087695688e-02
3.457882814432340410e+02 5.105247652004472911e+02 -2.583956204381568367e-01 8.611587684494267925e-02
3.044564685788701013e+02 4.959862282331840788e+02 -1.591638025204056006e-01 3.896822851076383459e-02
4.309558428707932762e+02 5.003676377814432499e+02 -3.717345521521287499e-01 9.901290466230630583e-02
3.748335676449738685e+02 4.990257373611490834e+02 -2.753789732480825259e-01 4.851675579124386378e-02
4.234823419865568326e+02 5.073154239289822272e+02 -3.099235270198951175e-01 4.044669049025431673e-02
4.710737587263421347e+02 4.703242480954528446e+02 -4.477401254252846852e-01 1.474822194903551154e-01
4.187015205932994490e+02 5.173473683362727797e+02 -2.137679449857282643e-01 8.011658560387346917e-02
3.513662833482515566e+02 5.370872723299630707e+02 -2.664040343769137897e-01 4.560402979359198805e-02
3.820808830356680801e+02 5.382242755971292354e+02 -4.317511986141118752e-01 1.202383740036451626e-01
3.278168195064329211e+02 5.373662611346081803e+02 -2.294093159833115458e-01 2.518545397860143947e-02
3.406068757969438821e+02 5.455930308428351054e+02 -2.568811520054173347e-01 3.035261337062577364e-02
3.421621544590495319e+02 5.526972559857020997e+02 -3.794716345724092332e-01 7.575115249722888522e-02
1.143451542201103166e+03 2.993152616973968065e+02 3.830093969984813551e-01 5.232663358307691054e-02
8.714632708489133393e+02 4.075302242284625436e+02 -5.264427670117539058e-03 -4.783520507087382807e-03
7.095073696262041949e+02 4.166736362384144172e+02 6.290882510725934185e-02 -2.490008031683450286e-03
7.578330157681280070e+02 4.391400769300867069e+02 -1.638951674455017826e-02 -5.415854411997862716e-02
8.692866867804725644e+02 3.465199999785878049e+02 -4.102089703699029477e-01 1.916481744172793544e-01
1.105105428272529480e+03 2.201519275456022910e+02 -4.588243906741494051e-03 -1.619197259533860719e-02
1.195059716586253671e+03 3.118650282389454560e+02 4.961836325924646324e-02 -3.772270667003956301e-01
7.038521685866421649e+02 3.876193070592943286e+02 -5.558782067513335923e-01 1.270024459129437122e-01
8.520130833762614202e+02 3.920692913544786506e+02 -4.873720588815038668e-01 1.557162284559119592e-01
7.783283495256665674e+02 4.160855662513976085e+02 -4.917201746399187945e-01 8.769315790279938461e-02
1.187325789081173980e+03 1.767784277296447328e+02 5.038655770843857018e-03 -6.744226436824597194e-03
1.192736342533073866e+03 2.077306711420667682e+02 4.474509153979933616e-03 1.726614345068383863e-02
1.199897934256908457e+03 2.458376019045059024e+02 5.575826496061552602e-04 -1.827839065470578822e-04
1.216648321225997734e+03 2.540947929680945379e+02 3.378598075299817181e-03 -4.292409943865952912e-03
1.181264652788819603e+03 3.596217422169965516e+02 1.492812020885841973e-02 2.895479868997334616e-02
1.196208179636148543e+03 3.682216431983534903e+02 1.076480907717367562e-02 -1.559217204900976289e-02
8.756032044669550487e+02 3.789668229159201474e+02 -5.112640605511730163e-01 1.299007999051160211e-01
1.206639968022560879e+03 3.962772009239833437e+02 1.990393984816265453e-03 -1.072298519739485478e-02
2.747426183390986125e+02 5.607922103911065506e+02 -4.729646586933049582e-03 -5.388041732090858085e-03
2.013004557526948020e+02 6.561894212424042507e+02 -7.575511760744474410e-03 4.500321648102312104e-03
2.762108791854918195e+02 5.746959692854667310e+02 -1.177244103944934117e-02 2.308818706641733651e-02
2.735869265018062606e+02 5.971177912398354692e+02 1.765339619590962014e-02 3.134170761025344143e-02
2.686218827542700751e+02 5.949695007128449333e+02 2.222178870007304047e-03 5.603792103313638695e-03
2.201054248574639018e+02 6.209949821317974283e+02 -3.134513359480373129e-02 1.969567388945875699e-02
2.870717365917324742e+02 6.067553974854281478e+02 8.622989501104441536e-04 -1.886708638171332580e-03
2.491204638476893081e+02 6.005050763975019663e+02 -2.048045048226332127e-04 -3.226951152140206287e-03
2.803402186236604621e+02 6.014205014260109010e+02 -2.163803795363802764e-03 3.069562582913031284e-03
2.383048583177581463e+02 6.236038018451812377e+02 -6.912229231600426106e-03 1.460199769850069156e-02
2.482720295979109721e+02 6.190101399549976122e+02 -1.982169453181694199e-03 3.751762117364552604e-03
2.556687131444439274e+02 6.224090973792956447e+02 8.823202831887790899e-04 5.914600289760402196e-03
2.272050836360712083e+02 6.294691872137143491e+02 -3.551460262517841440e-03 -8.454043690766421121e-03
2.803228651710521717e+02 6.328418809902657358e+02 4.701737713934571287e-03 1.307192416455262365e-02
3.002471626568747638e+02 6.310121785249326649e+02 4.018304970112794019e-04 -6.901096326585205720e-04
2.246972811363695541e+02 6.456840483635554619e+02 7.767089867486717900e-04 2.971499617641225333e-03
2.865300204969815923e+02 6.371361618450853257e+02 6.075712968231190142e-03 1.353908554336265930e-03
2.941138044253377757e+02 6.374835821820366846e+02 -3.838682315181313719e-03 -1.603216865258236560e-04
2.381234466373846033e+02 6.432212852723723699e+02 7.011589533004386650e-03 -6.725139983043142860e-05
2.589918600056179230e+02 6.396672152997829244e+02 1.412595133969923866e-02 5.614323890272721919e-03
2.650762108582013070e+02 6.399976181119047851e+02 -7.095742131266186007e-04 -3.470349519962761392e-02
2.285127058779808067e+02 6.557435008696568275e+02 -6.331134701036156623e-03 -3.097207384426513884e-03
2.597166207644152678e+02 6.532172046451587448e+02 -5.879678960663212986e-04 -8.194211277756525968e-03
2.699027554176451531e+02 6.527241638171851719e+02 5.004394639377884521e-03 -2.657301305070591552e-03
2.892641261638473225e+02 6.530405275805220526e+02 2.310715195424356680e-04 1.595764269464185941e-03
2.757217184893267472e+02 6.569790926070486421e+02 6.266243673217172447e-03 -6.810953289305366788e-03
2.474428165867643372e+02 6.613828953188805144e+02 1.198705772900675488e-02 -2.947145770030719023e-02
2.565254668182100204e+02 6.661374251642370155e+02 9.450268110621681469e-03 5.983210986405628059e-05
2.079795938333032552e+02 6.685907810446124131e+02 -1.002384117143573401e-02 -9.943797680406452413e-03
2.260398714564337581e+02 6.680259252089973643e+02 1.317112428351114618e-03 -9.646766236157040299e-04
2.613955698211661343e+02 6.684026187839996282e+02 -2.990149029025054167e-03 8.420565497324265618e-04
2.689662374263591573e+02 6.734494494803094540e+02 -5.304624867951115465e-03 3.604658084063908086e-02
2.010685547824785147e+02 6.988659763632870181e+02 7.398707642353472089e-04 2.612566198879426576e-03
2.359670587766696030e+02 6.822867873151961930e+02 8.387674271187285646e-03 1.382076303107596972e-02
2.249100501510210108e+02 6.839942188519186175e+02 1.652638629758259757e-03 7.007612658584872921e-04
2.176305064110715364e+02 6.869809830225029827e+02 1.415454676008899267e-03 -2.276278995508403211e-03
2.842904211023104040e+02 6.823294630434019155e+02 1.295853689345951437e-03 -4.692794200030284135e-03
2.325137515880827266e+02 6.884747787438863043e+02 -1.487238053398121616e-02 -7.974068110496152601e-05
2.391296400075293036e+02 6.948218821921921062e+02 -1.035101116030719397e-03 1.538811779105142032e-02
2.009537181264570052e+02 7.102620165683059668e+02 -3.346986385854461808e-03 -1.111614204387929026e-03
2.776966165729094200e+02 6.877057632822637743e+02 -1.952570758892689618e-03 -4.406298872917395817e-03
2.518719675251168439e+02 6.935263067952112124e+02 -7.866070013671497057e-04 -3.271064537136343393e-04
2.684533596564036202e+02 6.943251776462078624e+02 6.889751747450538043e-04 -5.663097867819478354e-04
2.752339968960797592e+02 6.951181850280474919e+02 5.652219833371751809e-03 -4.500877360680875273e-03
2.594831918024109427e+02 6.984237372845708478e+02 -4.547583983835330702e-04 -3.958287742459177909e-03
2.548094184619709210e+02 7.024760981719723532e+02 3.749210037482845169e-03 7.660361833389666385e-03
2.462795757440263742e+02 7.025107684900666527e+02 1.933905810551212823e-03 3.183704471118542056e-03
2.475841986929617065e+02 7.072089789545983649e+02 3.465620189470851320e-03 -7.170860439571535893e-04
2.696647103487389359e+02 7.054362257607641595e+02 -1.090700540543150391e-03 2.672942485712227582e-03
2.587617169271636612e+02 7.081773115007271144e+02 3.573934365950698962e-04 2.543261496623359843e-03
3.310658044056539779e+02 5.533212800259776714e+02 -3.029369300283519806e-01 4.999624791286585296e-02
2.625726855173359695e+02 7.117872120182437357e+02 2.562791132143249929e-03 3.312835361169721819e-03
2.229287486619810750e+02 7.194702624140256830e+02 3.940869953309983353e-02 2.936187082553210967e-02
2.666749222380279321e+02 7.130257907195692724e+02 3.646650377225967455e-03 5.895154837677938839e-03
2.271173573589530292e+02 7.218355806447284522e+02 2.171729062272018985e-03 5.645117696283452830e-04
2.473038652829248463e+02 7.181658475247372735e+02 1.517507480605386795e-02 1.417882884893718019e-02
2.210995479359394835e+02 7.238943461976077742e+02 9.871415257334370096e-04 1.369603287040119157e-03
2.518699162739512474e+02 7.157190895386125931e+02 2.021348746328579041e-02 8.469065322714467575e-03
2.127744729286376639e+02 7.378903627511783725e+02 -9.152412667567592745e-04 -1.374288120968735231e-03
2.354084151898832147e+02 7.251406647274280886e+02 5.288635206317122105e-03 4.786442697232671031e-03
2.625463168604386510e+02 7.270805200574640139e+02 4.501357543712500471e-03 -5.713033471709936043e-03
2.194591382327173221e+02 7.351104339134577685e+02 -9.383132797265739079e-04 6.738442804044998853e-03
2.548528595468046376e+02 7.295227596152147953e+02 -2.050484328019772789e-03 -1.063284232186831151e-02
2.368849848999340963e+02 7.360913296856225543e+02 -1.327475302535350773e-03 2.345022712224907949e-03
2.198078844344375966e+02 7.483364940799614260e+02 -2.789475504774354721e-03 1.737694747125918121e-02
2.299948162401887828e+02 7.451886573982119444e+02 -8.949628226385510435e-04 -3.258679592212646221e-04
2.478749431303993731e+02 7.413448869860671948e+02 2.296699313012314295e-02 -1.171277662899908659e-02
2.407595501082832641e+02 7.464076241399940272e+02 -3.122725140107802770e-03 1.054705513492180165e-03
2.553895952946541570e+02 7.444587426381579007e+02 3.351923612533843017e-04 -5.958761601308120402e-03
2.525523492173482509e+02 7.497697556578791591e+02 3.745878883926319954e-03 -4.911295821300720559e-03
2.433933285719419928e+02 7.532283132586439933e+02 8.988309828978209527e-04 -2.438161268224296827e-03
2.487807238062746649e+02 7.596689767300497351e+02 1.374985080649378071e-02 -3.920334059362986893e-03
2.427636654536792378e+02 7.613270711976249459e+02 -1.387207880221053187e-02 -8.871881474782199531e-03
6.343978183146178935e+02 8.219805751342660187e+02 7.063518861435446380e-04 -3.721612586116294832e-04
9.124462880917427583e+02 8.058974074315574398e+02 5.863869216862458182e-04 -2.156384188724992245e-04
4.599551704633462350e+02 9.414890412443716059e+02 1.232851637658511908e-04 -5.972942990489749863e-04
7.189014712353560981e+02 8.702040361244662563e+02 1.348368761934787144e-03 5.702154803876816752e-03
4.890556867518882314e+02 1.011839164432712437e+03 -4.463834630579722740e-01 2.416460977675760902e-01
1.052120718450260256e+03 8.062576855255008468e+02 3.872652550878525890e-01 -1.755191113041951467e-01
1.066314279192258709e+03 7.956696535911283945e+02 4.048069966139328235e-01 -1.571393937877278157e-01
9.069403844668612464e+02 9.235592041742562515e+02 2.804229737112919844e-03 -2.450849252124841140e-03
9.001439888944732957e+02 9.275379760174450894e+02 4.358013130254536315e-03 8.892606247431698559e-04
4.043020362715950000e+02 1.048523014523172378e+03 -5.429923614849778701e-01 2.554844119007091963e-01
6.874019750098609620e+02 1.022213271024182404e+03 1.949521929300362423e-03 -3.258835409018511192e-03
7.150184903557022835e+02 1.011483897238396708e+03 1.530056696176618864e-03 -2.008100187015428393e-03
7.050503379027192068e+02 1.023618256155119639e+03 2.705879000084696366e-04 7.475294635512027717e-04
5.645193670601092890e+02 1.065624046904688157e+03 -4.824032870108495019e-01 2.444931913800030554e-01
5.884529889307580106e+02 1.004174024881011633e+03 4.437860763964973643e-01 -2.140396691898405757e-01
3.498330652502796170e+02 1.058356481151924527e+03 -5.658479982558462656e-03 -4.485800832724473435e-03
7.883103381561717242e+02 9.104835167801583111e+02 6.748547190301381615e-01 -2.935867747326118549e-01
1.019504913280656297e+03 8.060651376235925909e+02 8.561969656764649717e-01 -5.323238094699133116e-01
8.039081614439475061e+02 9.140589101591921235e+02 6.279083866738677244e-01 -2.636111379826575618e-01
4.817784581195973601e+02 1.098949928368755081e+03 -1.275977918063439043e-03 -3.072301509568619877e-03
7.044955185990911559e+02 1.036411272170143320e+03 5.083360267769088895e-04 -8.154952692760585205e-05
7.519132817201145826e+02 1.067502767460080349e+03 7.674472053622594103e-04 1.826348376076872705e-04
7.457296256352763066e+02 1.071448010727389374e+03 1.401231468464337162e-03 -4.104769994111199610e-05
1.310909343349920562e+02 3.248654651645022113e+02 7.973540610933441521e-04 -2.351593869502046231e-03
1.092103586892243584e+03 3.115325537947634302e+02 3.177486576922448069e-01 -6.349365393247813349e-02
8.508168670794495938e+02 9.314027649655545247e+02 8.955016337033679281e-04 -1.049672353815367387e-03
6.411284123108553104e+02 9.648899437448765184e+02 5.571342474367750874e-01 -2.720706621494049515e-01
1.084379969116726215e+03 2.265904430917711636e+02 -5.385974970916475660e-03 -9.146774474651024958e-03
1.238826502188792801e+03 3.987972182551798710e+02 1.245290934960142058e-02 -3.490314424662376014e-02
8.998036388229157865e+02 1.102134605372111537e+03 2.997001221927186377e-04 -2.123455955086791397e-04
1.030996613335772054e+03 1.808056035861474982e+02 -2.313257685268626444e-04 -1.470005494326018756e-02
1.173498232716615803e+03 2.264351275050861148e+02 3.744332544309343647e-02 -5.095795312968783887e-03
3.009678848398019113e+02 6.379632714086661736e+02 5.270536125373504691e-04 -8.313016599877660895e-03
2.821987486984214115e+02 5.650241579092485154e+02 3.194637786521070666e-03 3.282797444962897750e-03
2.553516544154642531e+02 7.084243352391090411e+02 -3.721023639138595733e-04 -1.888969201364389951e-04
4.644600186464156764e+02 5.344479451266954584e+02 3.548741116322945855e-03 -3.372191722790394280e-02
8.248118271071576828e+02 1.102272065221561434e+03 -2.767358557044230765e-04 6.501640645012122643e-04
2.791669975446231433e+02 5.273739215409001417e+02 -1.470201649707371730e-02 5.381953958025820217e-02
9.491229578204399786e+02 2.482934004746129801e+02 -6.003760581761255835e-03 3.732787522577350747e-03
1.131323700252392200e+03 3.497174841612014120e+02 5.548183616637927720e-04 1.569374707650812370e-02
2.793464699411402989e+02 6.526944949499317090e+02 -1.060472479906311976e-03 -8.983790144449614341e-04
5.711139416293991644e+02 4.765888446225636699e+02 5.709092347785601484e-01 -2.660597710564266971e-01
1.344874797099975297e+02 3.995815852644084316e+02 2.760779161909646812e-04 -5.489246628208025239e-03
1.151839424678610158e+03 3.372862055524221887e+02 -1.023567671361636476e-02 -3.158028816112067733e-02
2.327204345309573625e+02 6.663901154944054497e+02 -2.934128491447007912e-03 2.589032477346498492e-03
2.657879655132514927e+02 4.755902985503748823e+02 2.200587319475631742e-02 -7.010211758057494080e-02
1.008375740259467420e+03 9.275442922145646207e+02 4.021781129427602305e-04 2.730162841195430540e-04
2.779078650826389776e+02 4.797993971089514957e+02 1.922428140132224905e-02 1.386441818005909876e-01
9.181954516601952037e+02 1.102636334172562101e+03 -2.621171573775769783e-04 7.068608656572005627e-04
3.244887492773974031e+02 5.229730208060622090e+02 -2.529910536076023786e-01 6.051144847610952920e-02
1.203387705779316775e+03 2.032916279689877683e+02 -2.436010648923659511e-02 1.073378440547359015e-02
1.285482220988727022e+03 3.674113908098582328e+02 -1.120040061125271826e-03 -6.455534433228260309e-03
2.535412874129261809e+02 4.232636184705697246e+02 -4.631537669582364014e-02 -1.649815708525556035e-01
2.665769052301968145e+02 4.845751733748004426e+02 -1.374502765552414012e-02 -5.400337678246511230e-02
2.543092642223712403e+02 4.417501890627579542e+02 -7.568208325539535486e-02 -2.499924066581780957e-01
2.761753351232316618e+02 6.142577270062281514e+02 4.725368384747030866e-03 3.170734795900678055e-02
5.030481522499897551e+02 4.570360349778139835e+02 -3.749382281311579579e-01 2.197772397215483620e-01
2.739847258961980287e+02 5.007492078343816502e+02 -9.722405194009292942e-03 4.909637993016317120e-02
2.300705751611239691e+02 7.757042133463689879e+02 1.412066797924731686e-02 3.589964079804591930e-03
3.152454996742740718e+02 5.129624351825091253e+02 -3.481856449981070994e-02 -1.328965205412244166e-01
7.697458988249926506e+02 4.452151491100058820e+02 -3.241258311110715648e-03 8.234398161940333083e-02
1.160363416570712388e+03 1.436860532622446271e+02 -9.435906460204690482e-02 -3.588410799769217209e-03
1.162159819868437125e+03 2.375117438516873563e+02 -1.525327518464735521e-01 2.894719368821007111e-01
2.645468066819246928e+02 7.435772678621190153e+02 8.331661003404127212e-04 -1.455674599821919681e-03
2.636257848334705045e+02 7.039750805131367315e+02 3.386428005970822282e-03 6.043390883760231709e-03
2.608027663910164620e+02 6.098220717947648382e+02 -8.404014449476364130e-04 -8.821943142451535436e-03
2.495291607526503697e+02 5.158387033348303703e+02 1.432101784346618938e-02 -6.833206589028735511e-02
1.126415220540951850e+03 2.248665091446529516e+02 4.308704635810941402e-02 -9.693037844218392596e-02
2.538907867557359452e+02 6.900444234677828490e+02 1.259080146870093439e-03 -2.850567434367380637e-03
2.624533912629079282e+02 4.652216029059636071e+02 6.368789013711452507e-02 -7.281363453567017696e-02
2.595894276852637290e+02 6.318631078518926643e+02 3.107536253884797452e-03 -2.963097951019245599e-03
3.709603000319099237e+02 5.652048355503883386e+02 -9.022059096067925124e-03 3.274453559895008914e-02
4.498678248487983637e+02 1.047143197892374246e+03 5.197160741738446887e-01 -1.140063694521278037e-01
2.724634421241854625e+02 6.491296689941978002e+02 7.470193757611279239e-03 8.575347498154400200e-03
1.109079766909883119e+03 3.438174942388146746e+02 -2.284150006336840323e-03 -4.034307187866223443e-03
2.019122544448359520e+02 5.231221984129031171e+02 7.967695564559956756e-02 -6.651045546626540433e-03
1.602180844090090659e+02 5.097072791578303281e+02 -2.818489679793138580e-01 -1.734793179402986940e-01
6.704941087210740989e+02 9.238283709286353087e+02 6.307742427499641868e-01 -1.729261528848916596e-01
2.718203409152531549e+02 4.623996320704451364e+02 7.650677342242810652e-02 1.942738263445748237e-01
2.783767820926383934e+02 4.625350930985025570e+02 6.298335328832964375e-02 1.952886767654087585e-01
2.703957028066976704e+02 4.856491253652372393e+02 -1.286185509714961490e-02 4.341205379253806201e-02
2.500017892148282215e+02 6.749712574538847321e+02 4.357003059330209933e-03 -1.670255724427601503e-03
2.130555430214070043e+02 6.356378427046035995e+02 -1.293041723024408902e-02 1.023300764654890178e-02
1.004043436006948923e+03 3.386717514627312084e+02 -5.454322182913439176e-01 1.362096227444808128e-01
1.102021533220343372e+03 2.139173277555800041e+02 -7.762325482755193067e-03 8.680715887901622324e-03
2.682698375125784764e+02 3.010520600526767794e+02 5.866548419625909399e-04 6.458776950359993232e-03
9.499482558351313628e+02 3.113122480360563031e+02 1.660016442826636185e-01 -1.235762203941630638e-01
3.051203028523587477e+02 5.413994671654885451e+02 1.177532637762392365e-01 1.416481914239797746e-01
2.679272674294356875e+02 5.801820130469556034e+02 -1.300201517236329596e-02 -3.285625773503510292e-04
2.106525338092527306e+02 7.473183198245862968e+02 -9.111784866657089352e-03 7.056612545383277903e-03
8.249569813241555494e+02 8.954945491378190354e+02 8.091157036173788342e-01 -2.093106591632064861e-01
7.531999766572458839e+02 8.451683250929298765e+02 1.724026984360048527e-04 9.877604207693564935e-04
2.758568568016838753e+02 4.246848689117799722e+02 3.010473105027160548e-02 6.058588777664012520e-02
2.645751948130030087e+02 4.236683480751536308e+02 2.600435591344223488e-02 7.877486512836133492e-02
2.116487881107253486e+02 5.468589958762711376e+02 2.236377325290632087e-02 2.259790454531124260e-02
2.930718808741916064e+02 5.499339533842372703e+02 -8.331588235177092225e-03 -3.076176264666272749e-03
2.762911231239307313e+02 6.765597115238855395e+02 -1.057603496381000555e-02 -1.496547785212771001e-02
2.923903812583981221e+02 6.485132310352458944e+02 2.056053342634037856e-03 1.456855639637884454e-02
2.052673623246739680e+02 5.472769291858163569e+02 5.428634500168330601e-02 3.315283418228408968e-02
2.847198177786613087e+02 5.640927385075661959e+02 1.660605224044659888e-03 1.170986335888292169e-03
2.553654197332785145e+02 5.303227848472505457e+02 2.598553387603280609e-03 -3.885939577607794293e-02
2.458780755155567590e+02 5.732039662298603844e+02 -9.452960471491374250e-02 1.450181761896036370e-01
1.947086420920320506e+02 5.929119338262843257e+02 1.355892950633688088e-01 3.342253721823724155e-01
2.860424409366345344e+02 5.142404146262938411e+02 -1.627098440361060550e-02 -1.868725919029661647e-02
2.735263903148426152e+02 6.893809138623460058e+02 -1.009505642088690848e-02 -1.869810408865449358e-02
2.733844339145992421e+02 4.087431113662491953e+02 2.633632200814140997e-02 6.219916133341198833e-02
7.390791337923968740e+02 5.251668470185470596e+02 5.272405360981361096e-03 -2.686627328762594864e-04
1.593241844490481185e+02 5.224103050263848900e+02 -1.302826206844860946e-01 -2.407465750538780314e-01
7.968944022575462895e+02 3.746623127343676742e+02 -5.478796359851111353e-01 1.464670496707613234e-01
2.309114379073605789e+02 7.107640478531596955e+02 3.106281410182002312e-03 -3.459059013801262222e-03
1.067522388127439626e+03 2.171116562363586979e+02 -8.983882523638709108e-03 1.159438196439697630e-02
2.635192059398830224e+02 4.087679794621637939e+02 3.338599758109521420e-02 2.296627070946593435e-02
2.503518465878175618e+02 5.348117101571619969e+02 -1.621254386347600190e-02 -3.007814910680024420e-02
2.304311281896145829e+02 5.157747058330655818e+02 1.865324564156587914e-02 -2.336719694073738016e-02
2.243245129618964882e+02 7.110521275695306258e+02 9.902772314489148922e-03 -1.599129824053352120e-02
1.964113429727989910e+02 6.994960657649164659e+02 4.795017524693805273e-03 -2.962283196239641741e-03
1.148300712012731083e+03 3.205701160489176686e+02 1.589418630485194689e-02 -3.281971726989686700e-02
3.097357494289901183e+02 5.019224948611616810e+02 -1.199047270066349452e-01 -5.486802983886554519e-02
2.521323105780516869e+02 4.056926820822587274e+02 4.134760843764146571e-02 -1.808950286777142452e-02
2.465708554364810823e+02 4.047973289356716009e+02 -5.905986571274899483e-02 -2.227207766607761097e-01
1.091751243194212520e+03 2.054018711023941250e+02 1.203345054848949450e-02 4.849246101492151254e-03
8.418647254590589455e+02 3.400181920123874306e+02 -4.711750979276523865e-01 2.022707764493923144e-01
1.119557102781671801e+03 2.023455390265168319e+02 5.116930523020456201e-02 1.007632368599683387e-01
2.173828441333249657e+02 5.371987779065051427e+02 3.930606427323678209e-02 -1.559554533265171961e-01
2.193687687289072414e+02 5.480251754152106969e+02 4.094584629361698591e-02 -1.147412671489336788e-01
2.585806774396455125e+02 4.813320086526536556e+02 1.123933390539313126e-01 -7.177176635980344298e-03
1.154172489042288817e+03 2.468333198343436550e+02 -8.864812528019124643e-03 -3.544199946766116941e-03
8.056688410808989147e+02 3.505656559266846557e+02 -4.571006581523752166e-01 2.205193834980820056e-01
3.689255740508778558e+02 5.036745643644101733e+02 -2.833704008773328398e-01 2.941683961184462723e-02
2.321305330954692181e+02 7.716614281582334343e+02 1.321762833615700884e-02 1.120971372590432065e-02
4.277445458674748124e+02 4.864678124162139170e+02 -3.002631759197585959e-01 6.649178561500401763e-02
1.170920792127928053e+03 2.726729950538293679e+02 2.133506915996993391e-04 -8.249886374261281366e-03
2.809619753067682950e+02 4.705153402178598299e+02 -3.974927612755053789e-03 1.073596208571918342e-01
2.601123705662787415e+02 4.570241178887825981e+02 -5.705208545502234857e-02 -2.090425260193281287e-01
2.748015849493269229e+02 6.393149644596757071e+02 -2.454065677467145816e-03 -3.374440138634327013e-02
5.768681020650311666e+02 9.946820941907465112e+02 5.680860407085804864e-01 -2.146545583120487710e-01
1.177329572096843322e+03 1.756079712886109121e+02 -8.721221618484964119e-03 -1.011592105968075507e-02
7.270867108034653938e+02 3.983787970052138689e+02 -6.061064300331959753e-01 1.783847056016849009e-01
1.146969121287776488e+03 3.783053063248131025e+02 6.954415561485892752e-03 1.898236336533856011e-02
1.173861803166769960e+03 1.917325194109521931e+02 4.117897453354747023e-02 -1.849099082342615941e-02
2.353369636034730092e+02 5.618284613470192426e+02 1.373005956463907995e-01 -8.853886026260268660e-02
2.639067306974321241e+02 3.890803617912869186e+02 -4.223833703127810070e-03 9.258266673761212859e-03
3.821796851692674295e+02 4.942008097844627628e+02 -2.746378448668288508e-01 5.868302730902771880e-02
1.152092147816150600e+03 3.235536051094749155e+02 -1.022882021333775806e-03 -8.627374208323530455e-03
1.206747514390333890e+03 2.325327934372718914e+02 4.302059090947512113e-03 1.174449706749950903e-02
2.275962948857095114e+02 5.767007735280542420e+02 5.770155104256718265e-02 -7.386508716304811262e-02
4.635529284042986546e+02 3.921928331562580752e+02 1.350203707460477314e-04 -3.978175726359441805e-03
1.147436766774575290e+03 2.156750367462028919e+02 7.501330776942339955e-03 -2.401814213014082447e-02
2.305349845029182063e+02 7.626698772526985977e+02 -1.331722816249844739e-02 1.218749437877889204e-02
5.634366870592626810e+02 1.075665554560337796e+03 -4.642563083218455566e-01 2.516532877548658398e-01
8.803141934126384740e+02 3.348277429701631718e+02 -4.809444733990743681e-01 1.436550482074083757e-01
3.216608689816252422e+02 5.541913607612358419e+02 -2.921900676973156891e-02 -6.945590106423729648e-02
2.576871030472074153e+02 5.328201144547971353e+02 -7.567182518737533819e-04 1.063128188294828330e-01
2.498680941520239571e+02 5.041868689187795098e+02 1.354749687878088575e-02 -7.157109516298823526e-02
2.416039376281484863e+02 6.154185589465754447e+02 -3.329879399590783204e-04 -9.283206330230700867e-03
4.006723722285634608e+02 5.121551384209132038e+02 -1.242144283991137854e-01 -3.049933501223438259e-02
2.411831131633281302e+02 5.960823827629185416e+02 -5.701888189962978949e-03 4.184377380175818319e-03
2.314603540665301864e+02 5.563427094678786489e+02 1.348280821552003302e-02 -1.811948738902223813e-02
2.309955122185868106e+02 5.961642706518213117e+02 -1.294952912204555551e-01 1.722342405692220135e-01
9.813621577397941564e+02 1.724515787794339872e+02 -2.595161509174812031e-01 1.398047023180547417e-02
2.207853114289306689e+02 5.680010447330840861e+02 3.701475657674401648e-02 -1.102561849893030771e-01
5.064477880719322229e+02 4.361787433489039927e+02 7.351453584856846302e-01 -1.596718837602679741e-01
1.123420605121431436e+03 1.928840184740402037e+02 8.713955761456219917e-02 1.508504184626773270e-01
3.085670020650306924e+02 5.155671703537567510e+02 -2.910152486253260104e-02 -1.500561701595757857e-01
1.166093529636434596e+03 3.487142256138461676e+02 7.761703173553830383e-04 1.148247517540926937e-02
1.943333989416122733e+02 6.869820000955314754e+02 8.636591472039900109e-04 -4.107603739562859339e-03
2.549614794492127317e+02 4.042270597508464789e+02 1.165434095112980774e-02 2.696883882340263858e-04
1.183526290713469052e+03 2.331849981448124538e+02 2.629185144251726391e-02 2.952680517567574103e-02
1.213918503388262025e+03 2.188725252157714465e+02 1.303621332944752791e-02 -1.985851473235759890e-02
7.378003691844362493e+02 3.674148781923249203e+02 -5.486899523825279346e-01 1.721734738682760557e-01
1.175927813613468516e+03 1.646481716539171600e+02 8.344750939886355634e-02 -9.274559951951560910e-03
1.224534621267560851e+03 3.983474688147269376e+02 6.773465074723003174e-03 -8.922543608847343863e-03
2.231926155761680093e+02 6.940705642077638231e+02 -5.207455757714130528e-04 -4.044996132335546522e-03
9.636674936253706392e+02 3.384328709344730441e+02 -3.248014166895211718e-01 2.977704114021093029e-01
1.015216391388051647e+03 1.625517673824540736e+02 2.079374694688448412e-03 -1.864239097216676506e-03
8.475594124673302758e+02 3.297621115910727667e+02 -4.157370518128984949e-01 1.598937770250928314e-01
2.835426886908471715e+02 6.266259917998934270e+02 1.776027226713781113e-03 5.385741376268005781e-04
8.034949389438323806e+02 9.210523545264678660e+02 6.380390788521679291e-01 -2.503219972699836648e-01
1.135708075654921231e+03 3.409343717268717455e+02 -7.929710078774359835e-03 1.598475348216292155e-02
2.558733393551188158e+02 5.075144769994463445e+02 2.091031918618568852e-02 -6.992427521675996516e-02
3.654694743134139117e+02 1.040660121817069466e+03 5.970523531032941511e-04 2.290382827744330313e-04
1.266285634339258422e+03 3.692365166389383262e+02 2.849315089949215965e-02 -1.464148886473894129e-02
2.507765946509023536e+02 3.695370727583837720e+02 -4.282963861345310001e-05 4.713550319242567656e-03
2.676837183522969212e+02 6.351319162116740245e+02 2.201014107568691636e-04 -1.357929385374806626e-03
3.333421938976216552e+02 5.195344993117954573e+02 -2.361467681057660140e-01 4.323209141618647444e-02
6.611695187555543498e+02 3.893833182201890395e+02 -6.644218840678857152e-01 2.967096694857105921e-01
2.978950489366386023e+02 6.140674436619143535e+02 -6.920375342520059501e-03 -1.005072446022977316e-02
2.603950920349730040e+02 3.589462111104302267e+02 -1.057350250243983998e-02 4.251494100244632840e-02
1.122865570101612548e+03 2.198011549446928825e+02 2.734932899984684682e-03 -1.032864285845349651e-02
1.168154569175895404e+03 3.591660728761593191e+02 3.822267346509257012e-04 1.620906178968675466e-03
2.144029658509229250e+02 6.928438053419777134e+02 -5.810494821126118087e-04 -1.616615318742126292e-03
3.235619311086304606e+02 5.047812705978391250e+02 -2.355619725852166335e-01 7.499237193200605778e-02
1.160627990568899349e+03 3.250391962799610042e+02 -8.797838258179481799e-03 -1.122189510558182753e-04
2.815207155890038280e+02 6.144421377345494193e+02 1.530152861066158380e-02 3.361334251445274868e-02
3.141198286705085820e+02 5.636983314347528449e+02 1.807387701693594778e-02 1.959907570950676983e-02
6.417880897891262748e+02 9.798230831342748388e+02 4.196009910010695121e-01 -2.120446642954114946e-01
2.579363901631123781e+02 3.902594422048817933e+02 -9.980317483756617064e-03 6.593749381038671630e-04
3.399576725791239937e+02 5.361681114140427553e+02 -2.373839965606493185e-01 3.574639968305948906e-02
1.195213675965652101e+03 1.861944602745263921e+02 -5.273906026426593632e-03 -2.763147289726367549e-03
7.338692450742012170e+02 9.430975794608466458e+02 5.346294990705326988e-01 -2.620678520351381047e-01
6.419617817403876643e+02 4.025263585565846824e+02 -6.736602595774850988e-01 2.371196450422647650e-01
3.457114140469289509e+02 4.795662115849973475e+02 -3.441143113464422143e-01 1.067292321129448412e-01
2.615209186983782388e+02 6.792527080834864819e+02 3.538742095586955988e-03 -1.375490045299696679e-02
3.542459450835193024e+02 5.229185593611732656e+02 -2.222106843190962688e-01 8.311424182738622046e-02
1.093756277328779788e+03 2.266427712960833105e+02 -8.702509065845126859e-03 6.506626092188001753e-03
1.183290488892843541e+03 1.879406140632266897e+02 2.998571384460495346e-03 -8.312815294384181403e-03
2.498345893392423420e+02 4.882681214078604057e+02 -2.041716509333665885e-02 -5.086323103452487088e-02
1.114874678370505308e+03 2.363316174196889108e+02 1.666089749505772488e-04 -5.691305676984568032e-03
2.258697455701768888e+02 5.451596051378160155e+02 5.941418920476403132e-02 1.352443626510142216e-01
1.087854781710468615e+03 3.344573373790900064e+02 -2.886180831294968621e-02 1.741557014595727232e-02
1.141636992435534239e+03 2.412837077819598903e+02 2.559904347615902208e-03 -2.192538115331847757e-03
4.942685875837839262e+02 1.092440815999055530e+03 -5.377763614558830341e-01 1.877379566801011812e-01
2.699252123688933125e+02 5.701264898940390822e+02 -2.705618790989571931e-03 9.586161883730440550e-03
6.991864866781307910e+02 9.614641363438203143e+02 4.822956593532396474e-01 -2.203287111749679950e-01
1.113792921762851620e+03 1.716571049790667587e+02 -1.871955862488993219e-02 1.534643782156505654e-02
8.580456412049301207e+02 1.101944113253246314e+03 7.040294071581085569e-04 3.362343247614929054e-04
2.744352403785413230e+02 4.404199166206140035e+02 -1.445503315020426130e-02 9.165016996339861444e-02
2.799353990890039654e+02 5.180156814777238878e+02 1.849177509788293289e-02 1.182977523866935755e-02
1.114385489755230310e+03 3.480921421334146544e+02 -4.252717650631281099e-03 -1.133287293461451937e-03
5.896714029758339848e+02 4.107044462127544193e+02 -7.794546683732151982e-01 2.544908836732944213e-01
2.922506326519715572e+02 5.953840686295932301e+02 -1.753638238694905493e-03 1.325520063214370714e-02
1.150431586782525756e+03 2.296564200288559334e+02 -6.413043034685285025e-04 1.400435225367815430e-02
3.006435194585681074e+02 5.645673723817845939e+02 -1.125368303019565197e-02 1.614559369527184332e-02
5.654357360303341693e+02 5.037460989398311995e+02 6.438709286028690970e-01 -2.445014392010048387e-01
5.924747706634416318e+02 1.010944893912498401e+03 4.539242563250741602e-01 -1.965199973844891645e-01
6.772890297075355193e+02 9.653710869795443159e+02 4.531759884923308168e-01 -3.021795341495646103e-01
5.693499535308728809e+02 4.716440447927867581e+02 6.136361167841174469e-01 -2.794638583011605504e-01
8.755812295451695491e+02 3.873443247674458689e+02 -5.107458961633654093e-01 1.431912606068599658e-01
1.205260093739916329e+03 2.609560069473566841e+02 -9.086008977750554367e-04 -5.109962562335338028e-03
6.981840068620841748e+02 9.748894853177744153e+02 4.888233102705460409e-01 -2.226994320397213123e-01
6.832341342394892081e+02 3.854753455069371739e+02 -6.448210687765941751e-01 2.782522326838025029e-01
2.383943999970384766e+02 5.065807626721562542e+02 4.115505108198717205e-02 6.337185229156801214e-02
8.911867317118318397e+02 9.319760898826428956e+02 -2.651801271979658484e-03 1.127905408256677606e-03
2.631798822748057205e+02 4.891748230233200729e+02 1.194190848366135857e-02 -3.785385966789148876e-02
3.869088310892020104e+02 4.780952149009061714e+02 -3.694942079758857800e-01 8.815080873935501882e-02
1.127854082033165696e+03 3.579394780216735512e+02 6.340021463894108394e-04 -1.741071882853554220e-03
6.772988864741131465e+02 9.757244983218869265e+02 5.441462393020487509e-01 -2.856870863392739213e-01
5.184368896020201873e+02 1.084975839733516068e+03 -4.954964103072465043e-01 1.759009365320396978e-01
6.862167727898375915e+02 9.771564892853118636e+02 4.659526735634915706e-01 -2.506327042101981206e-01
7.158734621004169867e+02 9.448876262994596118e+02 5.109831463323913914e-01 -2.641086003838726270e-01
9.017874125939717942e+02 2.996436656997790919e+02 -4.428949946920684444e-01 1.682105949836678882e-01
6.785830952134069776e+02 3.910495869726256615e+02 -5.897104077375573405e-01 1.870575710037792050e-01
3.213579677203583742e+02 5.375605283660439682e+02 -1.704693853179544971e-01 -1.148325022369824609e-02
8.865486820257339105e+02 3.071150859827107524e+02 -5.356805669917226176e-01 1.356288193166162726e-01
7.870305994574990791e+02 3.576900046987683481e+02 -4.778096660882776847e-01 1.917778757643439913e-01
1.198147928931861316e+03 2.272001194937241735e+02 -3.846988545427677385e-03 6.664810893832311296e-03
6.454333472505159079e+02 9.913997901580024745e+02 4.313022599773103649e-01 -2.102186156618580659e-01
2.649873659823050502e+02 3.490249151416573454e+02 2.501180733427213129e-02 7.384119313338648183e-02
3.476300575993877828e+02 1.064125953139631747e+03 -7.749321781695565903e-03 1.078911446162273601e-04
1.137690182931078198e+03 2.223592745832812057e+02 -4.348307648563217603e-04 4.896095537931992835e-03
2.089961259216622125e+02 6.871714384458629183e+02 -4.720549115995484150e-03 3.706175415742910505e-03
2.964395063014806055e+02 5.401523316076828678e+02 8.733568198032580499e-02 1.208657259771319381e-01
1.005088318124555940e+03 2.061839151720243706e+02 -1.589557542504866083e-01 -1.070495119719048621e-01
2.979045392875433436e+02 4.663562219023827424e+02 3.695498301809687497e-02 8.522698225413653794e-02
2.125036226775428929e+02 5.749340321859135656e+02 1.414801346616785180e-02 -1.191134211997772613e-01
2.438811092228566793e+02 6.471436514699875033e+02 -1.142108695220112350e-03 -4.553832491577093980e-04
1.934633114958409408e+02 5.517283210651182799e+02 9.329716084994513214e-02 1.509166623020294085e-01
1.089584601504887587e+03 7.816382954265031913e+02 4.380217581532372395e-01 -1.483671823832526104e-01
2.789085363595129934e+02 4.060989444348002735e+02 1.428091649601770201e-02 4.266744280967527114e-02
2.674557300335316086e+02 6.011964647662678090e+02 1.562833628224273574e-02 -5.875685000654640687e-03
6.902154543698887892e+02 9.132619489527785390e+02 -1.205041979105833994e+00 3.581642092899922636e-01
9.579929241132522293e+02 3.287470604289874814e+02 -3.555780802857570477e-01 2.692418674338116213e-01
2.832358498740050550e+02 6.903336975354108063e+02 1.110562234730265874e-03 3.146139730151529569e-03
6.846442847443262281e+02 9.929370068545765662e+02 4.917202020360109116e-01 -2.636835750582309235e-01
1.147314079754519753e+03 3.561846920789666342e+02 6.180901151436604343e-05 2.602499243526455383e-02
2.414019739888064748e+02 3.774360060146722162e+02 -1.338414857068100615e-02 2.164220312804637086e-02
1.204936266416191302e+03 2.510093632305380709e+02 -1.265836751581626146e-03 2.403327872946417650e-03
6.553631735654579415e+02 1.003389395605955315e+03 5.163968508551891601e-01 -2.117669284759723380e-01
5.733709806369821536e+02 8.510562579107235024e+02 -1.912289410221465813e+00 8.949973908707955506e-01
3.853301194073067677e+02 4.975078590896229684e+02 -2.594009374289076852e-01 4.215013213720148616e-02
8.334655122895643444e+02 3.221268410921791769e+02 -4.314506937449012480e-01 1.084397543616619636e-01
2.432785796113234937e+02 6.297666538314432501e+02 5.525977442620261249e-03 2.034951400100953357e-03
3.135192318060846333e+02 5.317500457840275203e+02 -2.188072401409928425e-01 3.528754818034377655e-02
6.704117157389775912e+02 9.931181679069699157e+02 4.980465642471652021e-01 -2.588168702953986822e-01
2.812614690932696817e+02 5.064442096964233997e+02 -4.475750066239024549e-02 -3.215219506044901532e-02
2.477764208762935993e+02 5.590568594013149095e+02 -1.063746934148737944e-01 1.415145272638498875e-01
1.947378694635005445e+02 6.840304350873059320e+02 -4.363996212025861299e-02 9.399138873614038339e-03
1.192451011322150180e+03 3.227038734855660209e+02 1.768536786552732942e-01 3.404188862035900653e-02
2.335658533005228890e+02 6.305081811191846555e+02 1.361745774874357747e-03 2.557710259509912189e-03
7.715837710561842187e+02 4.028450097654053366e+02 -5.619261004594624520e-01 1.870507226381697974e-01
2.432208529731895510e+02 5.453302288534948730e+02 3.824988677300605877e-02 -8.502598555276220937e-02
6.667713959171674105e+02 9.882929793820879922e+02 5.141985770976589265e-01 -2.592443220989676389e-01
8.252992306780225817e+02 3.374409794558985709e+02 -4.688826827345017878e-01 2.852893595901518364e-01
2.277311362078166326e+02 6.733269061296300606e+02 -2.018529131712393926e-02 -3.473009813531840323e-02
2.909639082698067227e+02 4.435618604432839902e+02 5.444009423893764361e-03 3.419933580528772971e-02
1.250462281134175555e+03 3.650994596566969221e+02 4.147957479605370143e-04 -3.357250559011025828e-03
6.677190086925317019e+02 9.682521595276256221e+02 4.394215278436788830e-01 -2.184318343632957182e-01
3.710192724210711503e+02 5.180395116571211247e+02 -2.654970217088417073e-01 5.204206258720926043e-02
1.903122171842067019e+02 6.771469512176784065e+02 -8.001217270545604721e-03 2.444854379657252028e-03
1.105453549188262514e+03 1.985281236609948792e+02 1.035880150907089910e-02 -1.314786836234961565e-02
3.820649572011446367e+02 5.034407183539971129e+02 -2.620754872565458360e-01 4.402639709394519374e-02
4.005496658268621673e+02 5.419295921000433509e+02 -3.383572551991115285e-01 2.130989692558375725e-01
1.161781102641616826e+03 1.822363780269921847e+02 4.191561182704903882e-02 -2.220969334216826353e-04
2.689440728580987638e+02 5.641547136248944980e+02 -2.860805635937635483e-02 3.109543208405838362e-03
2.424179442146455301e+02 6.084389464794957121e+02 -2.540512723057175093e-04 -1.371080149512392959e-02
2.148676547149862301e+02 6.696951421552862485e+02 4.644645827155083340e-03 -5.487267954966156165e-03
2.313975176773997191e+02 5.399464870978797535e+02 2.628588516277506268e-02 3.594538265403823124e-02
2.971914080718734681e+02 5.797640315698776021e+02 4.675338736494115063e-04 -2.674320871689572299e-04
2.534273958272525249e+02 7.262046764053453671e+02 -2.571786626861417434e-04 3.504980729267477557e-03
1.047350456916351959e+03 7.996952650115217693e+02 3.740773479416277247e-01 -1.969000120053263636e-01
2.417130868719181365e+02 3.690867912927349721e+02 -1.198878250233935058e-02 2.192254687569872990e-02
5.512747689890063612e+02 1.065784420587066052e+03 -4.734086252809540096e-01 2.225918602914116751e-01
1.145380002752375276e+03 3.618901904390962159e+02 7.166156888138400412e-04 2.927176871037768472e-03
3.992943882815334860e+02 4.986521977463173130e+02 -3.074996737319871110e-01 7.962654074684238914e-02
1.134479833818086036e+03 2.093019901189877316e+02 2.834427316464474544e-02 -3.267151149971833646e-02
1.125409031411445994e+03 2.118756053496579170e+02 -1.591670320846274569e-03 2.958517196565771390e-03
1.863177864636954553e+02 6.413305982174581459e+02 6.780746966903802506e-03 6.592479374666533956e-03
4.792893515183153568e+02 4.855944926671389794e+02 7.095098558597631166e-01 9.100938751969193941e-02
5.663082893509656515e+02 1.015858058262310465e+03 4.604857336392866873e-01 -1.844763749391861440e-01
2.057913579515351046e+02 6.269716868371140208e+02 -2.171197499470209902e-01 2.737684278018202022e-01
3.325605620923903984e+02 1.085184053045413066e+03 1.091454874883799817e-02 -1.856919705118127576e-03
1.227051270237588824e+03 2.615772749070765144e+02 -3.875885690581751426e-03 1.291574812431701795e-02
2.426909563560854792e+02 6.730305478524498994e+02 6.207351669967700082e-04 1.041103466570015082e-03
1.025059562981954514e+03 1.743090876474026061e+02 3.336930183940518737e-03 1.283684683702173389e-02
8.491024146749979309e+02 3.614016903479314919e+02 -4.151999958113481437e-01 1.842175908094537684e-01
1.142776936340286056e+03 1.781663104816667555e+02 -4.355879339991498497e-03 -1.658182561325281410e-03
1.198904629660316232e+03 2.038608312032120011e+02 3.635054630356733367e-03 -3.711646564897650227e-03
3.823047549288807545e+02 4.723129190736279384e+02 -3.776316122243950080e-01 8.238001717555418213e-02
4.740790516213232308e+02 4.492965788759184989e+02 6.414973959024128369e-01 -6.454542991250626638e-02
2.166368768448481035e+02 6.595074395292475629e+02 2.700342313757612012e-03 2.002213813777488187e-03
1.051302930208670205e+03 2.148095318154798861e+02 1.405318753943965383e-04 -1.402345331419102732e-02
3.354295503791374813e+02 1.066022696978255681e+03 -4.966168078386310435e-03 -3.079880718769795536e-04
1.109535548420936721e+03 2.808357508138174126e+02 4.500358361497789894e-01 2.078866720038624605e-01
2.986773372711272145e+02 5.906580860040594416e+02 -5.428083820768482039e-03 2.564216560939361280e-04
5.235782847752529960e+02 1.024928762941844752e+03 4.362282829255517136e-01 -1.662072329242196000e-01
3.306422285392998788e+02 1.068981223326076815e+03 2.636798634132829673e-03 9.679505938105882612e-03
6.724342546659728441e+02 9.584524688279574320e+02 4.835273170746188232e-01 -1.966771820086717082e-01
2.979399561176732618e+02 5.492844006695088410e+02 -4.278953704891594323e-02 2.075913344624428364e-02
1.148318235434460803e+03 2.460484715530147923e+02 6.431976330126831527e-04 -1.422099645525614318e-02
2.188542367234539086e+02 6.464401374573523071e+02 -1.052344545590891889e-03 1.402871869284507203e-03
7.985533546633996593e+02 4.016512142362052487e+02 -5.075465415935369595e-01 1.853215127095433623e-01
2.515716399198672661e+02 3.446265859502276498e+02 7.022857217781910966e-03 6.743632446198892516e-02
7.333751775114351403e+02 9.341303325801389974e+02 5.531314084155192212e-01 -2.563244229683804831e-01
2.070724651612323441e+02 5.117614628513699131e+02 4.736775632613842747e-03 -1.256004770008550819e-02
1.101639312402634459e+03 3.142165532488970143e+02 2.659105919842974508e-01 1.978978955968685172e-01
5.093209199080123994e+02 4.287348378870821648e+02 6.689515226619637822e-01 -1.901872526662183038e-01
1.182468535831705822e+03 3.357611723318534587e+02 -2.020385123584295811e-02 2.910560967905266236e-02
2.351029389054603769e+02 3.546806823673881013e+02 2.728391320753578014e-02 1.456710046145119064e-01
2.318038149636817877e+02 6.468692763449141694e+02 -5.373777856209584723e-03 5.673259926617569074e-03
3.191498713587448037e+02 5.269487593559811103e+02 9.190658679622883132e-02 7.957425127805625720e-02
5.323152692766534528e+02 1.033756165059253135e+03 4.345669540288139010e-01 -1.997611109739427515e-01
4.149857184379987416e+02 5.232644469644889114e+02 -3.493051430489872988e-01 1.085903972355274361e-01
2.987995792737220881e+02 5.155144779527132641e+02 2.369669959534972600e-02 1.211699604678382614e-01
4.151458398890983403e+02 4.813749028298649932e+02 -2.958593415066888554e-01 7.923036543551875699e-02
2.354932212515985270e+02 7.561972813289982014e+02 1.465176685379032831e-05 -1.780151354465164034e-03
4.200781889275759227e+02 5.009894365337748354e+02 -3.031817173392259979e-01 7.247977187453745473e-02
2.355316828436971264e+02 5.269124497603113468e+02 8.200978742644675357e-02 2.627817325666307463e-03
1.211598722626123163e+03 2.154699684265604560e+02 7.452482028541696640e-03 7.928655705387486000e-03
2.231325583281194724e+02 7.644743250227305680e+02 2.828442453815710727e-03 -1.320489166066028328e-03
2.813277289992620922e+02 6.710381038182182465e+02 2.789158224928060467e-03 -1.694054601154612811e-03
4.774755185174869894e+02 1.096220615325952622e+03 -4.647023458948913999e-01 1.573630600600748330e-01
1.119147911825154324e+03 1.574299746980570376e+02 -6.109728962786281636e-02 2.178416032721613039e-03
6.096421580098742652e+02 1.059113514582758853e+03 -4.502379940838512895e-01 2.737336405204456868e-01
2.717522685499085924e+02 4.273097437101833407e+02 3.115426673456914847e-02 7.154581947187048374e-02
1.042284338945022228e+03 1.994366879376300403e+02 -1.160325641923900782e-03 2.033811185701115201e-02
2.470813624105886106e+02 3.924420113807756820e+02 4.026266072722785999e-02 1.996635944077986436e-03
8.034141676935770420e+02 3.459082741568763026e+02 -4.497592245999079141e-01 2.219396181790700417e-01
1.192805695787045806e+03 1.823593940373521605e+02 -1.214314349021835713e-03 9.120773087754413533e-03
4.520780132174804749e+02 4.892141627309858904e+02 5.972975078093114565e-01 9.017751160034731539e-02
1.084994403713646307e+03 2.065088396761671277e+02 1.650545103156318000e-02 6.114387366515097733e-02
1.133681156882117875e+03 3.582095185485903812e+02 -3.804823278714327805e-03 4.269731477608790238e-02
1.898447936624353645e+02 5.269636707553514725e+02 -1.935333180535208919e-01 -6.647560266698841758e-02
1.071866019577488714e+03 3.059322911445969453e+02 4.167969246511712411e-01 -1.503332119005995338e-01
9.363578271519722875e+02 3.042216216310217192e+02 -4.290011156447370300e-01 3.963598642946966621e-01
2.500798709027488087e+02 5.280093729215790290e+02 2.799223446494565962e-02 -5.938105414732643139e-02
3.611966472113227837e+02 5.423630569221611495e+02 -3.064897657294838318e-01 1.032684634275109758e-01
6.109271334526491728e+02 4.663661024021726007e+02 6.177403665228959895e-01 -3.317156362871647723e-01
5.616814656886430157e+02 5.013392078424323586e+02 6.257529317536882907e-01 -2.513418310122468857e-01
2.573453392528527957e+02 4.409210710194440708e+02 -4.333938358724136880e-02 -1.984140903103056852e-01
1.932370778764448573e+02 6.062041148284655492e+02 7.113938891508989060e-02 4.242085303878765368e-01
2.018118437001614041e+02 6.720980804547436946e+02 -4.997631092360752285e-04 -5.614062266369665433e-03
5.073857234283541402e+02 1.037773412610871446e+03 3.851720738234014063e-01 -1.806516438109273259e-01
8.204919732586151895e+02 3.266041841538778954e+02 -4.882100190585943467e-01 2.627599794304285030e-01
1.037007667658667970e+03 1.795368949833413694e+02 -1.254319515643407754e-02 -3.723022354631554034e-04
3.060661347118129925e+02 5.627694388319955578e+02 -1.424267495836336814e-02 -3.350007798083319277e-01
2.546263075251153509e+02 3.375335265592844962e+02 2.594524871347426639e-02 1.741855805314256322e-01
5.088499774828013074e+02 1.030610813043628241e+03 4.162553364741933271e-01 -1.858820059698322591e-01
5.978474735860003193e+02 1.020500135886195835e+03 5.294290967484956978e-01 -2.492159765205112509e-01
1.092055194906645511e+03 1.962267189921946340e+02 7.894148504908007902e-02 4.805082010907252288e-02
4.858790991131460828e+02 1.064739509336809078e+03 3.683710690788560282e-01 -1.531340245891001095e-01
1.002283593380555317e+03 2.551024434952116167e+02 1.119721296833174617e-01 3.172858956303239442e-01
6.164345679749463898e+02 1.020179526794897924e+03 4.117076366759588879e-01 -2.364519325293418517e-01
2.500191420529407083e+02 3.842546066266957041e+02 -1.552034303344244351e-03 -3.749639284631885172e-02
1.178895468766276053e+03 1.634139885468923694e+02 -5.707059663418791867e-02 -5.261038347214534727e-02
7.181023877652903593e+02 9.512101503627836792e+02 5.237754065168283013e-01 -2.941180013913951563e-01
2.425131012781285449e+02 7.232445128489150648e+02 -7.196297690906629588e-03 7.190016973673115307e-05
1.002507354457409178e+03 3.712898206622822954e+02 -3.533018435553791567e-03 -1.367741477018470653e-02
6.444803515071803304e+02 9.685625365490961940e+02 5.437211976717941653e-01 -2.901474572505852723e-01
2.345400958033911252e+02 5.753337677250057141e+02 1.527497814680938391e-02 1.757066615768827778e-02
4.173554861861762220e+02 5.344003149675237410e+02 -3.697073914539106831e-01 1.365808475888710127e-01
7.679040165751961240e+02 4.156185742647993493e+02 -5.240434964955938968e-01 1.774500874469067124e-01
2.632543347016279540e+02 5.439133412958784675e+02 1.762932894713672061e-04 9.857244017470100095e-02
2.092701899235707685e+02 5.272704338716214352e+02 1.539229178161581335e-01 1.750624614958989633e-01
2.495708605337395340e+02 5.881202081987896690e+02 1.293252879924715153e-02 5.866720126688717424e-03
9.372392619454213900e+02 3.117997434746213798e+02 -4.727664285109164366e-01 3.833330560849987911e-01
4.240721855673936602e+02 4.703572596573554847e+02 -3.163882012300714974e-01 1.424045346815791882e-02
2.546424510711995595e+02 4.316223855918151457e+02 -4.305926418204749501e-02 -1.647590871894482611e-01
1.036253598050863729e+03 2.252240843186702648e+02 2.714866460436235474e-01 3.349059719728851303e-01
2.079690098817093542e+02 7.243789698931902876e+02 -7.292189609399197039e-03 3.683027775767834695e-03
4.289354283126460814e+02 5.205113484051091746e+02 -3.437418245872082556e-01 1.501937694230202347e-01
8.246558167582775241e+02 8.841459751167861896e+02 7.539386532584945178e-01 -2.118447983858607886e-01
6.148922932906934875e+02 9.801406859267768823e+02 4.625014961722699325e-01 -2.574874683223175031e-01
2.710357630530168080e+02 4.349783094590834480e+02 1.045678541008704387e-01 9.599335152580522335e-02
5.003467031492129422e+02 1.022570450310168894e+03 -4.227326882168608302e-01 2.211194849992274003e-01
2.575596913541385788e+02 5.014983584644377288e+02 4.210698605944155487e-02 -3.508766311225059581e-02
1.075876066649630047e+03 2.808331577190012354e+02 2.172116823115260720e-01 2.649857251779491607e-01
8.384615408070180820e+02 3.597822207987990737e+02 -4.141167014281090797e-01 1.996548562135580795e-01
1.006394463830465838e+03 3.491284887428844854e+02 -5.491902156154515602e-01 1.535373411701768109e-01
1.146843224742515986e+03 3.687743547112632996e+02 -2.807205969317899674e-02 -3.944945615133670612e-03
2.339325144093781148e+02 3.417363870648921989e+02 7.095692144181249550e-02 2.192298039610215410e-01
2.535576812187809992e+02 3.240845415222462407e+02 2.990144991406030323e-02 1.676986854704685670e-01
1.940062145563564968e+02 3.193922127419641583e+02 -1.393672534680607611e-03 -5.640767405332728843e-03
1.153859880745882947e+03 2.290339433260273836e+02 -6.851537905587596657e-03 -2.107376925936233977e-02
2.363668350585469966e+02 7.500306867942143754e+02 2.272941012471178281e-03 4.087004423332914714e-03
2.223122229045146696e+02 6.579892472641101904e+02 1.169157001828692675e-03 4.061518186637102547e-03
8.857647504359540562e+02 3.171975605129783844e+02 -5.222653687527959443e-01 1.364400892922469910e-01
3.852456637245741717e+02 5.107954711893210060e+02 -2.648298927272725867e-01 2.744529621990147300e-02
2.492971956437041285e+02 6.328286319999097032e+02 1.341533617677768096e-02 7.142231035109124562e-03
7.267889308159225266e+02 9.081807989231762122e+02 -1.132383129623710571e+00 3.010058755197014269e-01
1.961355688089228408e+02 5.133319525412621260e+02 1.144130145873131776e-01 1.270685598133353689e-01
2.795837435453167927e+02 5.318114993018839414e+02 -2.637789125476940749e-02 3.796186126341562911e-02
1.974973441492313668e+02 5.181813295746560470e+02 2.104099492309650377e-01 7.024128068699515837e-02
3.685044392947723964e+02 5.119698835008668425e+02 -2.608359804385331215e-01 6.521792053913745557e-02
1.957530374703730445e+02 6.614525545060572540e+02 8.704656910968217379e-03 4.625677208924675043e-02
2.639650025720844155e+02 5.141069185100151344e+02 1.219164439696905806e-02 1.695024627952417332e-02
2.334517246003903210e+02 5.894399538069112623e+02 -1.159417465439195466e-01 1.992171584634497283e-01
2.780566130998737435e+02 5.943856253579001532e+02 -6.856954393027639254e-03 -1.891999605838423637e-02
2.929828353464932320e+02 4.775662292863856919e+02 -3.514300658519635412e-02 1.239663940247770213e-01
3.138289802451687365e+02 5.007892679371229292e+02 -1.274174783267581768e-01 -6.453189213002835656e-02
1.141890755754058091e+03 3.210523290023277809e+02 1.372502275512713435e-02 1.930485900025378024e-02
1.060842478440499008e+03 2.651113864901961961e+02 -4.627553058758301918e-01 2.342921219531418353e-01
1.145356949033565343e+03 3.103709345045299983e+02 2.794518192990543271e-01 2.344424347715370616e-01
4.349703097237088514e+02 5.076611455302181639e+02 -4.067016654695649880e-01 7.855484860786222934e-02
2.561582404931735937e+02 3.554692493861610387e+02 4.702855384769746155e-02 4.408425180118438064e-02
2.017319192607969001e+02 5.180759449177612623e+02 1.577830432902224966e-01 9.241327300607211914e-02
7.999778596047370911e+02 3.883514446000102112e+02 -5.388591251385634884e-01 1.487820380355420746e-01
2.594983779032254461e+02 7.205548013917024264e+02 1.064936087003402407e-02 -6.231711774715915572e-03
1.216223721006385404e+03 3.763124959239616487e+02 -9.803755602877229844e-03 1.526919298312395291e-02
1.104951834076777914e+03 1.705269704711697045e+02 8.636612770674849393e-02 -1.428774562397858161e-02
5.676456897021007535e+02 9.934407413841189509e+02 5.629290919001653792e-01 -2.252874603117109020e-01
2.569916420025126627e+02 3.796091029468308875e+02 1.868023399918153707e-02 2.638682557468630813e-02
1.183755368822997980e+03 2.663565027374031615e+02 -3.770090481613788376e-04 4.784179167964650384e-03
1.502602843195408866e+02 5.180318475232743367e+02 -1.672365231913620909e-01 -3.041674922802487524e-01
2.282840067408864968e+02 7.564889110870467448e+02 3.122629433874246022e-03 4.027822484099398068e-03
9.209230318668616064e+02 8.877456164310195845e+02 -8.725162391456194877e-01 3.026518279670703526e-01
5.667970478355118757e+02 1.024297656408170496e+03 4.415137534466217484e-01 -1.972109477867681759e-01
5.424705517807586830e+02 1.074787914271009868e+03 -4.779407179102942993e-01 1.904884994958115640e-01
2.790734590095885892e+02 4.983116438684442073e+02 -4.321256699524770456e-02 -3.079184682184796240e-02
1.184075194708611434e+03 3.255722520430198870e+02 -7.106567047858874248e-03 2.041678739835214168e-02
1.232529763181872568e+03 3.715032000747792722e+02 -2.978420404164947889e-03 -1.215629891317344122e-03
2.761446166818976167e+02 4.880796767325539918e+02 -2.759037409472037128e-02 5.998629369215992962e-02
8.448071659234805111e+02 3.638747081907575875e+02 -4.197327377901251544e-01 2.097224199130311162e-01
1.120886384204910883e+03 1.737017436999362019e+02 -4.761367779758867574e-03 5.497540729975591671e-03
8.638489701955514874e+02 3.408991465181696299e+02 -4.444182694696566793e-01 2.008416731567798097e-01
2.273529791223627967e+02 6.793294995039458399e+02 -1.254078351561365746e-02 -1.234326893105200731e-02
1.213267318683827625e+03 3.070265890032973175e+02 5.708381824702243867e-02 -6.418442643217421584e-02
5.194038884070317863e+02 1.086194454684402217e+03 -5.156362733758029782e-01 1.724367658768736766e-01
2.568270758443933914e+02 4.764066504662347370e+02 4.282763753669324713e-02 -1.071720176721589410e-02
9.245433545759550498e+02 8.937983575702314738e+02 -8.254828081937672923e-01 2.758660070023993272e-01
2.267184482827484828e+02 7.281554189331126281e+02 -7.776919817089974108e-05 3.770861179634833835e-04
4.889493351754361470e+02 1.072485579414842277e+03 3.665867864428704603e-01 -1.759207331997503787e-01
4.477507584077713432e+02 1.069689048583622252e+03 3.917992661105515473e-01 -1.867294276858159630e-01
3.277224446822377786e+02 4.997436981460265315e+02 -2.312659625544226105e-01 1.050165481347320462e-01
1.085527970515073321e+03 1.606648367891939699e+02 9.362969033283644049e-02 7.920972714404936332e-02
1.113500819816085595e+03 3.666727522703971545e+02 -3.740851423731103575e-02 8.892033158392476100e-02
1.925769383207505996e+02 5.050159133193830598e+02 1.404965264830862759e-01 2.018139251304992277e-01
2.443958357260561058e+02 3.113828906044486757e+02 2.322636595600458681e-02 1.179533522179729566e-01
1.056490999821590094e+03 1.870805688262888395e+02 8.393087292542176494e-04 -7.696800303490239185e-03
1.169204866909853308e+03 3.113415181546062627e+02 1.654578524487600732e-01 2.522435838822998933e-01
1.099930806244088444e+03 1.899497445909739497e+02 9.463998576450757816e-02 6.117304840668202209e-02
8.588449100121370066e+02 3.153807664575945182e+02 -5.232097072346221234e-01 1.768077949713579566e-01
1.079589195495156446e+03 2.218558874663268909e+02 1.431574865395674259e-02 3.835298637887314590e-03
9.067856302382809872e+02 3.075262171291595337e+02 -4.398690353100965789e-01 1.809209804770098851e-01
2.378723715228074695e+02 3.469501827493567134e+02 8.660791382460153107e-03 -3.045221573044687435e-02
1.009694245316740989e+03 2.268766262348910061e+02 2.134104066470876859e-01 3.722149876368378574e-01
1.142675321531765803e+03 1.701165847240729647e+02 5.975850142095569251e-02 -1.057607699986699568e-01
8.366397566873527012e+02 3.493546117699338538e+02 -3.992309091213810945e-01 1.907684339999570211e-01
2.030797351546178504e+02 6.458898177465325716e+02 -4.870962433954593301e-02 1.117779345281982029e-01
1.001515567701795135e+03 2.004090321026813513e+02 -1.111959959772660794e-01 -8.690531423387384824e-02
1.130746823669607465e+03 3.354751623064583441e+02 -5.278333907058412738e-02 1.138424588594628833e-01
1.863439416461482381e+02 5.095743903708073503e+02 1.347949314245198982e-01 2.282714891469509733e-01
1.135468344616403101e+03 3.637517325892915210e+02 -4.735579580116368315e-02 1.536173570215822008e-02
7.850369937758582637e+02 8.938275087382479569e+02 6.567926528554705046e-01 -2.235811478244028316e-01
2.499741415668993341e+02 6.482941534646625996e+02 -1.250766043368696382e-03 -4.040994322358888941e-04
1.069739850439795873e+03 8.048127941829492329e+02 3.834176051722923972e-01 -1.276460116730166738e-01
2.852231852891975450e+02 5.036806405817925452e+02 -4.397148974035280239e-02 -4.523912482125576340e-02
1.251250717870621884e+03 3.292254133401469289e+02 -3.321628594449066441e-03 2.184093863233178313e-03
2.875657660770602320e+02 6.180848729215832691e+02 -5.121048077318400386e-03 -4.942155975816667213e-03
1.173878987387482539e+03 3.817829747411877293e+02 9.010356209813889317e-04 -3.159184870884077304e-03
1.161111704841854817e+03 3.822459807001527565e+02 8.831738959885331378e-03 -2.055752585847799366e-02
1.196547730818275340e+03 2.788112400694672033e+02 -4.937464303894908502e-04 3.208012650860170983e-03
2.435631269022104846e+02 5.156754077562624161e+02 1.236193194174231916e-02 -1.397953673049099482e-02
7.529533645896468670e+02 3.807766745609099530e+02 -6.307775654871332627e-01 1.967219370393467615e-01
2.879427097722646067e+02 5.455452000146410683e+02 1.484214391887302750e-03 7.953062000882313645e-03
2.859772589701302650e+02 6.468538496477269746e+02 -1.639202544326805611e-03 -2.428682861972951499e-03
3.234048605278887862e+02 5.453298631049344749e+02 7.608444749184337108e-02 -1.229431290942057352e-02
2.094089838998691278e+02 7.373840296853385325e+02 -1.282504298520261961e-03 7.653089409715075307e-03
7.204517200177994027e+02 3.712007255254201823e+02 -5.545139920080929263e-01 1.853512740774696244e-01
2.465416255999414545e+02 7.286273790557929715e+02 -9.586207901701198535e-04 4.555660030478470880e-03
1.193091373337834511e+03 3.927454499619776129e+02 -2.348290862228888821e-03 1.087968208363497167e-03
2.865476881481188229e+02 4.648683647336220019e+02 3.511223469461983993e-02 1.417600681167364707e-01
2.365102128883739852e+02 5.121310444025054949e+02 -3.447994086044282869e-02 1.390771538480550795e-01
1.197572717790538491e+03 3.401725291634988366e+02 1.326719861949506030e-01 -2.720626491715244510e-01
2.786343695760916148e+02 5.410676505435546915e+02 1.097195395618655311e-02 -1.399655223029090852e-02
2.216111999487568767e+02 5.801284337699935350e+02 5.510075496998031314e-02 -1.145359719559625594e-01
6.180242585834316742e+02 9.915659549903037941e+02 4.708279274149106963e-01 -2.276562747280667931e-01
2.870866990021251581e+02 4.775254678235800156e+02 5.379680368818780603e-03 1.039631553583104107e-01
2.693395962968618846e+02 3.852598225824032170e+02 -8.027810729731866754e-03 -5.646720867562720486e-03
1.092923946850293760e+03 7.852523228372757558e+02 4.167833061574668929e-01 -1.430378243702399577e-01
6.860803541094641105e+02 9.480455786265905544e+02 4.752247163062687241e-01 -2.424883183999725633e-01
1.063399738053097821e+02 3.623544001072592664e+02 -2.125154167122736361e-04 -2.268161189942254508e-03
2.497460026979262864e+02 3.038205059683135119e+02 3.746553331875148579e-02 1.138089736075494074e-01
1.157149016524920398e+03 3.680574766482394580e+02 1.221541212362578857e-02 -2.606308753091820390e-02
1.158667743027772758e+03 2.216581563072021765e+02 1.460025312715713779e-03 1.122063684649061109e-02
5.438619731184879811e+02 1.080088944944256809e+03 -4.977935568364678653e-01 1.920093136954804380e-01
7.958005223925147220e+02 3.934576151900590730e+02 -5.246281445637891450e-01 1.705493959092899692e-01
2.159827662324752851e+02 7.621145420048966344e+02 2.000848659913335732e-03 3.925824512070858439e-03
2.737151588573192953e+02 6.750808409729540926e+02 -4.072602283215339021e-03 1.476915151272688818e-02
8.556371575937092757e+02 1.101846088529738836e+03 -2.824417608600456237e-04 1.664905390016699165e-04
2.389365908281873203e+02 7.099950262175267426e+02 -1.144799470538789953e-03 -5.918961332446259034e-04
1.074798555302814975e+03 2.607641664431595814e+02 -3.920474134421677581e-01 3.156538112744878832e-01
1.230650041936088883e+03 2.451548003198780918e+02 -6.803857124310471382e-04 5.549836218942699739e-03
2.852010253659464638e+02 4.528743159585611693e+02 8.249899937996502119e-02 1.151786281512649640e-01
2.497630540395962839e+02 5.406078591048119506e+02 1.998099394328273909e-02 -4.052442168741021700e-02
1.046998545587795434e+03 1.710110831076399052e+02 8.653020388545982697e-03 -1.782004648678021247e-02
1.208035500296852206e+03 3.155347450180323676e+02 5.802528922424811386e-02 -1.772392354643000101e-02
1.326075325931799398e+02 4.231993876873552836e+02 2.927912718878186160e-01 2.511953412470840918e-01
3.298559598900807828e+02 4.475125172546438534e+02 -2.311953662071443080e-02 -2.720378534765388601e-01
1.134477190626271295e+03 3.509399333836456094e+02 -7.990565611804089849e-03 3.954358229871014416e-03
3.438280839396045963e+02 5.199481279933063433e+02 -2.428038239804759801e-01 5.549163333038076296e-02
1.088834570690919691e+03 2.964675345214264439e+02 2.891304689248819781e-01 -1.067696638655049046e-01
4.339767274247785735e+02 5.332947639650873271e+02 -3.557877080108543533e-01 1.500907864166524386e-01
2.667370973128475384e+02 5.208264242489916569e+02 3.300856501383600539e-02 2.303370932913303970e-02
1.112378368636429968e+03 1.824820016858674308e+02 1.516969711575022750e-01 -7.832313953454644873e-02
2.427462542341646383e+02 4.921720887926163641e+02 -6.757830074908165174e-02 -1.339638050096197686e-01
2.924570401984364025e+02 4.570951109049600518e+02 2.199179666595317897e-02 1.356657140474559486e-01
5.184161344549092973e+02 1.057434751519491329e+03 4.157811514778817497e-01 -2.712034698225818108e-01
8.581125003525037300e+02 3.353201879363681428e+02 -4.943608118428247100e-01 2.317582892173452869e-01
1.933359511844829797e+02 5.752097639447302981e+02 -1.439438620303774667e-02 2.202985353674385138e-01
1.056322814005032342e+03 2.024163918524061501e+02 4.381276406199125645e-02 -5.154768359134936223e-02
2.498970620390860802e+02 7.218929590008239074e+02 7.905325233570809768e-03 2.253689205667909479e-02
2.377639552700055674e+02 3.101335989226552670e+02 2.340574032818679498e-02 1.636794649036266702e-01
1.239311243592566825e+03 1.256706231479049904e+02 3.762150982342433309e-02 -7.021310957595339186e-02
9.990865300091836616e+02 8.565450286098565584e+02 -5.388699700026836625e-01 1.540104899427791330e-01
7.219626991591695742e+02 3.901753730372237783e+02 -6.108841164901213094e-01 1.806911877131189559e-01
1.088368351846703945e+03 1.812026525219852431e+02 5.297671108618631775e-02 1.077335926566827945e-01
1.202687286661098369e+03 3.072346302989416245e+02 -5.349574510323871351e-02 -2.886770159713507485e-03
1.209760947422370691e+03 3.454282232063906690e+02 -1.685012965421859438e-02 -4.133361319386246943e-03
2.662434536225458714e+02 6.643060129556339461e+02 1.570070509938157471e-03 1.862213710653419941e-03
1.104769918298311950e+03 2.297154790980630992e+02 1.575432683905704078e-03 -1.303367197330585099e-02
1.237324485091522774e+03 3.527243748794727480e+02 1.604385150744972247e-02 -2.355861192345141963e-02
6.790373158424696385e+02 4.175405183631305022e+02 -5.985168765610890951e-01 2.093169025916854220e-01
1.151588560167022024e+03 2.716120148527865581e+02 8.355493845879163883e-02 1.454386130452593184e-01
1.099929314092505365e+03 2.874947561771342635e+02 4.483809600974900111e-01 2.648560653886037897e-01
1.619256271368805926e+02 4.974785524569509221e+02 -1.874023897191011145e-01 -2.586875854827832555e-01
2.565975849308617853e+02 5.173760867337683749e+02 2.553295926011771647e-02 -4.155089494936351630e-02
1.176584704411748817e+03 2.124511996931913700e+02 -4.196642899948375971e-02 -4.705440916132707860e-03
5.296601617795467973e+02 1.065951547938910608e+03 4.759614844399785993e-01 -2.701147557981702363e-01
2.577613423374325521e+02 3.513836794086952295e+02 3.078765940300751125e-02 2.082457964969771647e-01
1.279217720034971961e+02 4.220254589257039584e+02 2.845776812484494545e-01 2.655677939327967252e-01
4.730310669162443560e+02 4.831433464003379186e+02 -4.104287486938359431e-01 6.894193440046765542e-02
1.191735150196785071e+03 3.161591785402031860e+02 1.209496843623425466e-01 8.367177359680440241e-02
2.748997692295955062e+02 5.819002834002536702e+02 -1.109321157026096211e-02 2.005808036051011031e-02
2.373875676675520197e+02 5.511599954479179360e+02 3.037050560976413665e-03 2.651680172838460220e-02
2.620861908982701038e+02 3.994549346553857845e+02 -3.153479198036364395e-02 1.328929047512492426e-02
1.111233091153330633e+03 1.578376128688893800e+02 7.187551532348322725e-02 1.894081846476965494e-02
2.468408091222109988e+02 6.473562343218628712e+02 -6.830278985206621753e-04 9.537470885711267499e-03
6.488813956712515392e+02 1.003227116431180320e+03 5.037410805005511083e-01 -2.134532521451168730e-01
1.131002795146578819e+03 1.580430552777385174e+02 2.965239128855608891e-02 7.842280869516234099e-02
8.485054450530267331e+02 3.725612019567763582e+02 -4.148539115830134905e-01 2.223194106321609020e-01
1.227086805514290290e+03 3.699469014043483526e+02 4.255651120361603201e-02 -3.010942173446467043e-02
9.790476850413834882e+02 8.478320580967571232e+02 -6.638087070534529621e-01 1.679637730981839161e-01
5.535571621503504502e+02 1.040402934028446452e+03 4.381726209106412973e-01 -1.859662837722262096e-01
1.160309467180870115e+03 2.913909541222441817e+02 4.639667692348855427e-02 1.980801955794144198e-01
1.188201450394880567e+03 1.987913883534467629e+02 5.094028362722977966e-03 -2.839415111780190654e-02
1.182687876281092940e+03 3.861139032202347607e+02 -2.836504617623024013e-02 3.462425953542473678e-02
2.416952095929175925e+02 7.117026686551029115e+02 -1.245591491019211287e-02 -2.594148826055813276e-02
6.674143254192194945e+02 9.524642369693631281e+02 4.922573930918074936e-01 -2.070842618567696469e-01
5.518999302553585267e+02 1.032044875906775587e+03 4.594632585482945619e-01 -1.732295901231845070e-01
2.322333642558404563e+02 3.106180021664966944e+02 4.170390666753702458e-02 1.883165645006867339e-01
1.179341266743494089e+03 3.354873150238933022e+02 -2.299425375654344517e-02 3.518965420810353517e-02
2.730862762084356063e+02 6.246972072520783286e+02 -4.368738100340848959e-03 -2.137970847792359640e-03
1.963469573171867069e+02 5.395270199428259730e+02 6.655583736998541000e-02 6.601667397010282934e-02
8.508015458127562169e+02 3.829575671240789347e+02 -4.872180362202777060e-01 1.661395357508204385e-01
2.876275213511282232e+02 4.853312671164673020e+02 -8.235246584798915082e-02 6.590985410440453052e-03
1.178387456129509019e+03 2.502983236937383822e+02 9.151264174988682065e-04 -4.504620143984538897e-04
1.188012907154604363e+03 2.488865438140499009e+02 2.018172556427089018e-04 -1.653576315350704928e-02
2.941327834376184001e+02 5.116029140499722985e+02 2.404909104187238217e-02 1.416019860712935952e-01
1.189547620122454646e+03 2.303394296111262634e+02 3.367390005809229019e-03 -9.490570111830663041e-04
5.907038910412550194e+02 1.052269397088274445e+03 -4.349949197647913768e-01 2.989619701861476186e-01
3.482403802341924575e+02 4.860856198726342541e+02 -3.324152872706993556e-01 8.523582999255581438e-02
1.228467707693081820e+03 3.560714424613343567e+02 1.581813005603236247e-02 -1.555474912738030908e-02
2.616611717440321172e+02 3.745560894292952980e+02 -1.232003242863783299e-03 3.280215192736665036e-02
2.754489645324172784e+02 4.808688123378837531e+02 7.274536105864319591e-02 6.059297310865958269e-02
1.672914442265486628e+02 4.976519345152921687e+02 -2.046734361833616733e-01 -2.494547663195826603e-01
1.102964533007154387e+03 1.612870308942244719e+02 1.081053999154898831e-01 1.101334885812148556e-01
1.153844151209015308e+03 3.052359102789482108e+02 2.787755125492002439e-01 3.626813523897490232e-01
1.300307689984899753e+03 3.381016366144430094e+02 -5.658967332420179915e-03 -1.986224958529151860e-02
4.479625407254965239e+02 1.081952477916589260e+03 3.495095382239309934e-01 -1.872275393811687894e-01
1.135662475788355778e+03 2.059150127703422015e+02 -8.777707356929205854e-03 2.306453848436736676e-01
1.208707400851194507e+03 3.324511694164398250e+02 2.070673112032597463e-01 -1.222785792019345924e-01
2.306676421117252289e+02 5.628796712022351585e+02 1.094544318180754872e-01 -7.182180663847159696e-02
2.386964767354410526e+02 5.179128568361730913e+02 -1.355978305235608881e-02 1.577586497075507757e-02
7.837131089171607528e+02 3.527872726485659314e+02 -5.041848490318975307e-01 1.716582608781773989e-01
8.486994087575619687e+02 3.521526449178032294e+02 -5.228102772908893581e-01 3.338672617808668974e-01
1.203369234324343097e+03 2.214028972086966860e+02 5.011713277484807806e-03 5.715011015465227065e-03
1.139381321074505877e+03 3.306857588135939636e+02 3.056837835190089753e-02 1.426233105466987762e-02
1.158126411294512081e+03 2.466458230630344985e+02 4.704753148770477052e-04 3.098295604138109546e-02
1.205656037561516086e+03 3.404299123930820201e+02 -9.200511555234243410e-02 4.322908405036906404e-02
3.107925491846642672e+02 5.746078473712314008e+02 1.304802961970341624e-01 -3.047465553523666659e-01
7.753457830922176299e+02 9.466364828959239048e+02 5.784747021940728207e-01 -2.170767649402930433e-01
3.358753431688308524e+02 5.212810482136732162e+02 -2.360298666773333054e-01 7.132376815669322356e-02
1.959312300989394942e+02 6.448916168860334892e+02 -3.235142884015441284e-02 5.944899938317472349e-02
8.566284452973966381e+02 3.213515883747888893e+02 -5.181788788440350180e-01 1.936713974173875086e-01
3.254820795322694948e+02 1.084979348419979260e+03 -2.441108489179356911e-02 -2.404356718601627363e-02
1.037090617951856302e+03 2.039315514434443912e+02 -2.497120255713846521e-02 2.547434229791513405e-02
1.085806643237646767e+03 2.184300423389175876e+02 -8.063149895646989874e-04 -2.887358648591236299e-03
1.209277299814197477e+03 3.572036706680416387e+02 -1.730056868953343957e-02 3.647331237109750768e-02
4.518621895468830303e+02 1.051759664747645274e+03 5.549186258480584000e-01 -1.116559813312907046e-01
2.863492857400683533e+02 4.945691277289836876e+02 -2.066811307867190937e-03 9.386030969209002706e-02
3.285514994617225852e+02 5.226503584222391510e+02 -2.700193699332881225e-01 5.433146022192031355e-02
3.259123400035970235e+02 5.090618325239695992e+02 -2.157089895769905563e-01 4.994937581977385715e-02
2.586548651606297540e+02 5.943561268717717212e+02 -1.931934294716470407e-02 2.032660822526641785e-03
1.180062317966551063e+03 1.827597117073640334e+02 1.426991033176042319e-02 3.445420599087213598e-02
1.259520516704066495e+03 1.956450290415529309e+02 1.174703753940221050e-03 1.461358403921261514e-03
2.282092424890929578e+02 5.542551872952885788e+02 7.277122814957623365e-02 -1.319389917724013150e-01
2.822157619446496710e+02 4.451687237812310514e+02 2.491695632898954793e-02 6.023890985040823015e-02
3.701923830238981168e+02 4.956373878184081150e+02 -3.163912134542978816e-01 7.528854656665846801e-02
5.613800670306170559e+02 5.100708148395428907e+02 6.183910386055586628e-01 -3.161429297478036693e-01
5.128122965062678986e+02 1.072678222768930254e+03 4.384607275354369671e-01 -3.202566408888543603e-01
2.696228943417057167e+02 3.687607170733920157e+02 4.311412519108645536e-02 7.540512542034479015e-02
2.122402044081905785e+02 7.178579842640190236e+02 -9.394911696009025301e-03 -1.774367077650476979e-02
2.673751352098276470e+02 7.239961085952685380e+02 -1.225284788012867727e-02 6.211469860174267596e-03
1.098300027020256948e+03 1.562339488959818823e+02 1.137210059136653656e-01 7.474238898321097779e-02
1.028460041268119085e+03 2.059107294279567384e+02 -2.573029813419691614e-01 3.437019946815801918e-01
8.721581389661777166e+02 3.365307669202426837e+02 -5.392178971474036464e-01 1.948793112737111088e-01
2.767399409964876895e+02 5.175720705364092282e+02 1.697466559325333524e-02 -1.222608798704269244e-02
3.578134167536874202e+02 5.087472216563111260e+02 -2.339276298906274865e-01 9.821048506989513149e-02
7.784337529045581050e+02 4.294626355628083729e+02 6.282437215269091046e-01 -8.998105460952941781e-02
6.589828700441606770e+02 4.700865828042613543e+02 8.812593738879034855e-02 -1.969493832422116453e-01
1.158703224116914498e+03 3.573344711949197290e+02 1.741785877377630869e-03 1.002144428732456389e-03
2.992625235844895428e+02 6.029826176263803745e+02 3.775069387936463156e-02 -1.024541467408614376e-01
2.600205661929942380e+02 5.253801886934322738e+02 -1.080917329299306172e-03 6.023943312925742616e-02
1.058318922843810697e+03 2.181205736151487429e+02 -1.059747195647923884e-01 4.901862461328922449e-01
5.036864626646745364e+02 1.067618366158624212e+03 4.479370290343149263e-01 -3.531450555194745045e-01
1.076116892444357973e+03 1.683909114644156659e+02 4.649490651309263339e-02 1.421479961200390607e-01
1.159048686679230968e+03 2.262593364095531854e+02 1.082170581032361684e-03 5.194700802149230731e-03
2.235576593237458383e+02 7.033938138348166831e+02 -3.215540503163862376e-03 4.974533740970051542e-03
7.700774511703756389e+02 9.401341680876189457e+02 6.074463192333431349e-01 -2.303934568457958465e-01
4.727165955339682455e+02 1.026423507329672702e+03 -4.039600713755244210e-01 2.580759451118110892e-01
1.938942831587076796e+02 6.977225406964814738e+02 -1.005876742945468252e-04 7.901506011506452890e-03
1.088983372296589636e+02 4.316717719263252206e+02 -1.823734452466967138e-01 -3.018879581042507865e-01
1.738657798065783595e+02 4.864590667338443950e+02 1.676304157937266726e-01 2.940053554628012100e-01
1.669852522540912503e+02 5.091688588502644279e+02 -2.722343311177756742e-01 -2.124506791444332465e-01
2.431833397429164449e+02 5.236997566218428801e+02 3.799910074647812330e-02 -4.968600288310978663e-02
1.049091623765309350e+03 1.839441262110930495e+02 -1.053617719220223403e-01 1.630440858446206565e-01
1.185534778179143814e+03 3.821882396042661867e+02 1.566170503398162800e-02 5.411952293551556409e-02
1.137631622062553561e+03 1.777243342902401082e+02 1.248341036748768090e-01 1.123891651441906309e-01
9.969967853439131034e+01 3.808271905008222120e+02 1.146860366720094254e-01 3.749520420701779044e-01
2.279168545412555886e+02 5.525931369053688513e+02 -3.244764424580595663e-02 5.110853177651406010e-02
2.979766499559619319e+02 4.778211816823258005e+02 5.417154293751003796e-02 9.791586251702032173e-02
8.408120335220640982e+02 3.241638651463205179e+02 -4.687314657568492082e-01 1.422258402575719838e-01
3.117699972110673912e+02 5.484820615552720255e+02 4.365054506230867798e-02 -1.824436281165671692e-01
1.795675258280343769e+02 4.793043585043718622e+02 2.046145453494393474e-01 2.692861318514467306e-01
1.926377011622617772e+02 5.442907563178945338e+02 1.119733073023246837e-02 1.311503886757781068e-01
1.000062307201289286e+03 1.674073083713419123e+02 -4.489092542531703672e-03 3.732526091249567524e-02
1.047868968837191687e+03 1.756384171247430004e+02 -2.003465577970990341e-01 9.351613101591393917e-02
2.923011641470778272e+02 4.869702434445705990e+02 -6.944951035189800281e-02 -4.064599447975401902e-02
1.079373087105932200e+03 1.952234398943794531e+02 1.608658996404721195e-02 8.079697943267705185e-02
1.142632740632226529e+02 4.249847261612271723e+02 -1.866655491099875608e-01 -3.076163518107177808e-01
1.209964127727032746e+03 3.417390818821385778e+02 -1.107891454621133670e-01 -1.453451351471903019e-02
1.141143299637719338e+03 3.552543835013558464e+02 -1.592346157734403009e-02 4.341085203459749825e-02
1.203538404407169082e+03 3.215382341285098278e+02 -2.537166070902538983e-01 -2.475791502565570165e-02
6.119679540016727515e+02 1.046108326012532871e+03 -4.099587168844194829e-01 2.735660584972324227e-01
1.169225925580271905e+03 3.835288484259252186e+02 2.037733407535254754e-02 -2.458293453262043460e-02
1.395667807659917798e+02 3.887945576248903308e+02 5.827883574871369106e-03 -1.616703692125440878e-02
1.207155117812507797e+03 3.527602578583346826e+02 1.933967917588006596e-02 -6.577804780184237990e-03
7.692331956925745544e+02 4.096643491511891284e+02 -5.338143389647299619e-01 2.291014085770544384e-01
1.174541059365094952e+03 3.184686045463956816e+02 2.251934514736303183e-01 1.073640914332808088e-01
2.830521183321271224e+02 4.544766353610170881e+02 1.405654069089925240e-01 1.102390819956058088e-01
1.172419417218967737e+03 2.075493983228840591e+02 4.675279613852110485e-04 -7.600505054580645146e-03
2.480378180203328498e+02 6.768728146441467288e+02 1.363312210243301380e-04 -1.357417100559461798e-02
2.324690450021213053e+02 7.227341791876701791e+02 7.656720549999230293e-04 3.940430191484023056e-03
2.911394248060988730e+02 4.723606134095734888e+02 5.415454180295379422e-02 1.878741097434363794e-01
1.024585417244436485e+03 2.345130402120821884e+02 3.340360991669872326e-01 1.543079333814273979e-01
1.192625142545127346e+03 3.396641074327113756e+02 1.253098430545019626e-01 -2.124901506028173126e-01
9.977808254230166085e+02 8.643636810491821052e+02 -4.967698467112173777e-01 1.651064712101754650e-01
2.457958940207738010e+02 3.843595098158701262e+02 -4.168859014813770456e-03 -1.429912109049626297e-02
2.970887423953481061e+02 5.242170988202972239e+02 -2.124789586743856470e-02 1.126431950834988344e-01
1.066862458747405299e+03 1.752768526741521953e+02 -5.814811225830242292e-02 -3.369819090528025640e-02
2.403613064900564780e+02 7.401789602421371228e+02 -6.515795930884138443e-03 -7.473556420275631693e-04
1.112116643371500459e+03 2.266195040613650065e+02 -3.696050340599867784e-02 1.826098597223035913e-01
1.114187789806990395e+03 2.024942714694114443e+02 -4.574822635557514866e-02 1.771633631459355596e-01
1.098846088819302167e+03 2.420208483130419950e+02 -1.922956580956367706e-02 2.651556870914114628e-01
3.349489449722235577e+02 1.074073892203316973e+03 -7.797310251427697243e-03 -2.569415449619959560e-03
1.050934848503323792e+03 1.634734660314495898e+02 -6.675433500444307236e-03 4.003296050362819755e-03
6.058255436304455088e+02 4.905929430687233435e+02 6.097479798962651687e-01 -3.187776015334825574e-01
1.066091794348588564e+03 1.627881122864302768e+02 1.375152242196428787e-01 1.323644536096794666e-01
1.060951248940175674e+03 1.686686471687965252e+02 1.333973430047352138e-01 7.100103332472738893e-02
9.181947190706451920e+02 3.128116203293538433e+02 -4.139013936600078325e-01 2.972128333949032308e-01
1.143509435213840334e+03 2.641508149960928904e+02 5.148260459373851794e-02 3.890094013863789058e-01
2.146476568782600225e+02 5.479084407491361617e+02 6.805235977948488613e-02 6.159968492290291558e-02
3.100834296210364300e+02 5.750533567152177739e+02 -4.409519683821700592e-02 -2.995709864249861965e-01
2.611084854985509196e+02 4.234148428391762877e+02 2.977570840835142008e-02 1.017715521878454071e-01
2.538677169774736626e+02 4.984743015190431947e+02 -1.821993851490723293e-02 -3.634500751980331706e-02
2.371689839246434985e+02 7.006143337317455462e+02 2.685058828634632674e-02 2.000027346760888114e-02
1.099494671894625981e+03 1.641704188823815116e+02 1.659462134157592972e-01 -1.562428893261198944e-02
4.814615569222060572e+02 1.026547742479164526e+03 -3.887865161995671115e-01 2.442204418937944932e-01
5.019796311275644598e+02 1.028041851225018263e+03 -4.027169144544870960e-01 2.772084692241969517e-01
1.076502446134550382e+03 1.619851023799866709e+02 1.165223607866822386e-01 1.618143887028497541e-01
1.084735535817080290e+03 1.574655940122279105e+02 1.575852802217682092e-01 3.224697998088723455e-02
2.904386063157859326e+02 6.663263340078220835e+02 -3.263901189390420489e-03 5.571709034484229051e-03
3.207319360917019253e+02 5.408587120006733358e+02 1.631032708827584166e-01 6.516546319691621236e-02
2.778103568669731658e+02 5.068155435065306733e+02 -3.556649039255196151e-03 1.818669761672827082e-02
2.006558131392132225e+02 5.730659284487070408e+02 1.901736609739283421e-02 1.833593429786807005e-01
2.403749245650632815e+02 2.924136147488685538e+02 1.478570772255359718e-02 8.614890884246535763e-02
9.384276591741077311e+01 3.830671429486255306e+02 1.323560861678600986e-01 3.555489652533245226e-01
1.037707269286679548e+03 1.850837593354358148e+02 -2.537076587713214468e-02 6.971775495721788639e-03
1.062742266340177366e+03 2.059424106248727639e+02 9.067851159544899897e-03 8.717126654365780700e-03
2.301225364965031019e+02 3.200004521860515183e+02 2.826160648068001130e-02 1.512663795156408419e-01
2.721098321625814833e+02 3.690203234510913717e+02 2.352713381013107202e-02 5.705776664862459435e-02
1.141422563736827897e+03 3.614212789518015825e+02 2.832437566672504903e-02 -1.465128939570031069e-02
2.293428510834168605e+02 2.968287667561987746e+02 -5.061045041012195503e-03 1.177620453808900652e-01
2.599792282795012852e+02 5.164297670902160462e+02 5.336984366913005012e-02 -3.946864004105919005e-02
1.090326603597408166e+03 1.538636216787897695e+02 1.067933898156651490e-01 5.078268128921510638e-02
1.156231580141856057e+03 3.162655070400779778e+02 -1.624551501010197685e-02 1.853987068306979513e-02
1.290539188819800756e+03 3.437806065122767905e+02 -2.156103445516540252e-03 -4.454538328272721753e-02
1.209853537154788910e+03 3.731369297413729669e+02 8.132544760079933252e-03 -1.263063208747452169e-02
1.722570491349860049e+02 5.168133201961304621e+02 -4.098885988108817435e-01 -1.315870964646395913e-01
1.168252370165798538e+03 1.576677632291405189e+02 -1.386997271699370315e-01 2.879251720815070303e-01
3.080736519443889279e+02 5.386354445137412768e+02 7.059201817511961963e-03 8.764273854736033195e-03
2.900631675426789116e+02 5.020742499532119609e+02 -1.963298391617997185e-03 4.607046449601105015e-02
1.007384644411091358e+03 1.706585538183304607e+02 -1.637694290509496622e-02 1.574865347001006277e-01
1.184914307302289899e+03 2.112389440989181537e+02 -3.587372313134881978e-04 -1.274176794616556276e-03
1.206878622269627840e+03 3.064481198568784066e+02 1.151139386126678182e-02 -8.204870294446737350e-03
1.869979348622448470e+02 5.709756896829503603e+02 -5.778700217440063680e-02 1.620508639736494005e-01
2.441370776053637712e+02 3.565956211534196427e+02 6.363574856260288681e-02 1.500481721228787979e-01
1.515160009067232068e+02 4.544349272389517864e+02 6.528957037681542078e-03 1.088139700568122210e-02
3.167641009933000191e+02 5.091727275782629363e+02 -1.220392124587252047e-01 -6.985120705872527314e-02
8.523605416148595850e+02 3.566327028809225226e+02 -3.213656130962882496e-01 4.693208720708851034e-02
1.113858148544690266e+03 1.578151251759508682e+02 2.257204762161433859e-03 -2.700205702858423651e-01
1.057348567453576379e+03 1.909641424155324501e+02 -1.938751174062266006e-02 1.237886635343665200e-02
1.139915586045154896e+03 3.405913962716937817e+02 -1.710429693546410912e-04 -9.429586927245466391e-03
6.733281357097072259e+02 4.965135207005235429e+02 8.414307719649947483e-04 -1.793204830701846568e-03
5.919516664805802293e+02 1.057186860491487323e+03 -4.545314906318664860e-01 2.950598836412425818e-01
2.843908337131159101e+02 5.280087246225197077e+02 -9.954454176503221494e-03 1.235062199552303119e-01
1.127253511489153652e+03 1.705096529365177673e+02 -1.078339612086981654e-02 1.087825853046219537e-01
2.260210796307925420e+02 6.665291805428786347e+02 8.927134344378650360e-03 1.221064450297357044e-02
2.669098412141555627e+02 4.521646972787767140e+02 2.904608693603449865e-02 1.171736670867616625e-01
4.790073790253620700e+02 4.948187936756438035e+02 8.017283376564094954e-01 -1.737920271767734448e-02
3.328745245445724663e+02 5.112453127745403663e+02 -8.054889977335762119e-02 -6.582376474037232236e-03
3.123703964959775590e+02 5.848067360973528821e+02 1.344404814686697702e-01 -3.267816717724201792e-01
2.255704803281365116e+02 3.005068034805016168e+02 3.685055900491489983e-02 2.284727606901635899e-01
2.839740266186278177e+02 4.877651193660604463e+02 -6.429237811330377854e-03 8.560731830533395426e-02
1.109388850621266329e+03 2.067774554923556707e+02 3.256177495561528995e-02 -4.019877321361083056e-02
6.732198403212443054e+02 9.301343451145728523e+02 6.236127115412156696e-01 -1.721142003576483781e-01
2.779937152429955631e+02 4.482473852559688225e+02 8.426730177918043130e-02 8.412489678422885309e-02
3.022341798187959512e+02 4.033643934400967055e+02 -1.782726493029886949e-01 -3.180280571554919278e-01
1.115333240822544667e+03 2.126512453843470780e+02 -9.452228022196682011e-02 1.280960454239448154e-01
1.212338326665596014e+03 3.851375176627811356e+02 -5.354773418006468153e-03 -1.107352462685633719e-02
1.102235935324784123e+03 3.195151509640771792e+02 2.594289084527559019e-01 1.888823071610443993e-01
2.525014130284262137e+02 7.127504629785047428e+02 2.502914156149690580e-02 2.037205892434399562e-02
2.785338365555107885e+02 4.350997899005037652e+02 6.447252057117698609e-02 2.068053643013693377e-01
1.069905180086433575e+03 1.954531906591634538e+02 -4.022908552120599279e-02 8.400895098019528495e-02
1.100874949798204852e+03 2.040484217544652950e+02 9.033397671752632987e-03 -1.491322891153225132e-02
2.546330939001188938e+02 5.822041185388521853e+02 -1.758684485388863072e-02 -2.800707290706820271e-02
3.506348947554276378e+02 4.954289422505083849e+02 -2.284717350402843405e-01 6.181253379824706157e-02
1.244755435737376729e+03 3.970748983639297762e+02 -2.201665733228505215e-02 2.815139459394881000e-02
1.969924928846291721e+02 5.838186805749393216e+02 -1.252639627764917107e-01 1.397506598950420675e-01
2.497029515760998493e+02 6.873271940260366364e+02 -3.841089761635885225e-03 5.169400307529161201e-03
2.172988272581773401e+02 7.292887620596731040e+02 -5.420830990382634329e-02 -2.731669670248655646e-02
6.263053553546096737e+02 1.027139198396448592e+03 3.997431120539399196e-01 -1.897595221518258712e-01
1.029201829128028749e+03 1.636319371948137871e+02 9.236902119068069600e-03 -2.998421372419603909e-02
1.035088714688068421e+03 1.989091071553096697e+02 -2.720037642454224969e-01 4.177265902588114810e-01
1.154599396692537766e+03 3.391463117066364248e+02 1.094568520999045572e-02 -4.024698836004310387e-02
2.682806413390318880e+02 4.579357939461010005e+02 -1.106612009174083033e-01 -1.152805147203442432e-01
2.196883600190543859e+02 5.233790942208561319e+02 -2.022723627991268036e-01 2.366767878020875279e-02
2.931863632877341956e+02 4.909659085245874053e+02 -7.485252288406075982e-02 -5.344613244812645991e-02
2.205886313903809253e+02 6.365873826450241495e+02 -4.259754403612143331e-02 1.833273546886478658e-02
2.544337438936746878e+02 3.649798214840775472e+02 -6.200768927650646134e-02 2.803817968062993771e-02
1.072383297147471694e+03 1.610913876625281205e+02 9.520631159028880575e-02 1.697123032305745127e-01
1.170228473035350817e+03 2.255201050669993208e+02 4.718185703415400667e-02 -1.981955556648653527e-01
2.787965862117399638e+02 4.435713348439240917e+02 4.826298230003914919e-03 1.293660964650778233e-01
2.667381569764731921e+02 5.085875544549653000e+02 1.741787461748807095e-02 -8.206417684404289370e-02
2.882553951276648263e+02 4.384941634228778184e+02 5.880159128003748480e-03 3.988123254400614826e-02
1.152543143358779616e+03 1.439756170974129645e+02 -7.758900114947297338e-03 -2.549814535208563739e-03
1.171939277706853545e+03 2.445390781293832561e+02 2.304058844973247422e-02 -5.182814476003635810e-03
2.820155715087817612e+02 6.685823310149527288e+02 2.034810996374216557e-02 -5.366868765195469820e-02
9.935473162857155103e+02 2.135598459311151771e+02 -1.159570542191734888e-01 2.311648326068876658e-01
1.146699873450592804e+03 2.932641971807601635e+02 2.817660332638676213e-01 1.787226334368597347e-01
2.242296760200517269e+02 5.384739488285557627e+02 -5.584775402456803456e-02 -2.474898359461500611e-03
3.055925445315734237e+02 5.027289716127236261e+02 -1.744148405466505458e-01 3.852390590845029827e-02
4.028838614334713384e+02 1.040263838659978092e+03 -5.464510818583260265e-01 2.997732703560092582e-01
2.439049895981292195e+02 3.878420475828077087e+02 6.821157818645977311e-02 5.405174492014656190e-02
1.065763135464111201e+03 1.883732209074541686e+02 -2.621147561456739841e-02 -2.332585616912297155e-02
1.108090505000289568e+03 1.752425329570775716e+02 -7.176746434817816989e-02 -1.643673828632553902e-01
1.131208549925818943e+03 2.053577600833106658e+02 1.482572885763926984e-01 1.127258017381070759e-01
1.145446701783568869e+03 1.963025623744549932e+02 5.074666526711878352e-03 2.399014350105131352e-02
1.212242755381946154e+03 3.723602477340547239e+02 6.974466384463084978e-03 1.244430370495714679e-02
2.990639237248094560e+02 5.072557575962648002e+02 1.122316686192195712e-01 1.315983856853811806e-01
8.042344714557673342e+02 3.590848683335575515e+02 -4.091746240123812495e-01 2.334434567171304875e-01
1.045954169458721481e+03 1.587676204604030090e+02 1.539127983312819636e-01 -1.191071715512150714e-02
9.219780304080101132e+02 3.205531015329600564e+02 -3.960541058740916220e-01 3.526101958273502590e-01
2.967113928205619686e+02 5.550284722039863254e+02 -4.355926955908116099e-03 -4.088511962000935390e-02
2.695550234196001043e+02 5.757617099361664259e+02 -1.898125046401825597e-02 1.776385965968074743e-03
1.062223236796823358e+03 1.956835534685149582e+02 -2.725666412655195631e-02 -2.529590771332397570e-02
1.073881408541092014e+03 2.123085307309650318e+02 5.942015572054515360e-02 -6.407928660819969813e-02
2.141897704502460442e+02 7.271842527867374883e+02 -1.447079379067763363e-02 3.520941342886247521e-02
2.545498949802715174e+02 3.130219428966780697e+02 -4.201882937837012749e-02 -5.474338854258803400e-02
1.034414388889193333e+03 1.911678470010767796e+02 2.059066646993414768e-02 -6.999214542648815596e-02
1.040717127059878067e+03 2.063100117102304125e+02 1.526198220071819369e-03 -3.097874885676219457e-03
2.342810717241313512e+02 6.806787090825272344e+02 -2.993736880813912746e-02 -1.446507993173781932e-02
1.245728561645141212e+02 4.316477276342081950e+02 -2.899164800217602367e-01 -3.805100361242186868e-01
1.127051950303268313e+03 1.815699854752661224e+02 2.255720302595042026e-01 9.143065399925376369e-02
2.410048187124232015e+02 5.435449567795515122e+02 -3.187358332723396609e-02 3.327682002961296348e-02
1.991741084602855096e+02 5.677302052262618872e+02 6.571128618501613505e-02 2.502806256653542505e-01
6.845638990162213986e+02 1.028622299097836958e+03 8.655821045152833904e-03 -8.655426963031231935e-03
2.160412903036476848e+02 5.282180590936801536e+02 -4.537670160990327911e-02 -7.859521280459316750e-02
1.090127854866655298e+03 1.727714313259222081e+02 8.530610151273243513e-02 1.334303470065811292e-01
1.179937780367125015e+03 2.256062756939801375e+02 -3.568735087121596011e-02 9.202958756621563985e-02
1.142881832900961172e+03 2.441253285130576103e+02 3.545804348771961021e-03 -3.684141822074964243e-03
1.106796752387653896e+03 3.525330312011332694e+02 -1.361411290866706807e-02 9.574594663046770426e-02
8.104307200358414320e+02 9.283482388873025002e+02 5.854360379359515587e-01 -2.086294148264829784e-01
1.073926318689887239e+03 2.927971658917598461e+02 -8.017726513916882680e-02 1.369652007999362098e-01
1.150985400207065140e+03 1.832290857604773748e+02 4.020848239144925174e-02 8.081277142547352299e-02
1.193457389762741741e+03 2.787195680247364180e+02 1.287232554902443919e-02 -1.077440498528661923e-02
1.180483755259114105e+03 3.008174926475159623e+02 9.319198503393719135e-02 -1.706066174068403274e-01
2.704971836631451652e+02 3.986586158928697046e+02 1.792333152980279953e-01 2.738837602016918130e-02
2.645117048167917915e+02 4.415060153924362680e+02 2.767894398727407945e-02 6.741961557911563263e-02
3.471641611882135976e+02 5.203939232742666263e+02 -1.593731711416835339e-01 1.398065703744978683e-01
1.082554227928248338e+03 2.745184644497439308e+02 1.851903292795646916e-01 2.485274987293911164e-01
1.204175453752234262e+03 2.432811398072565225e+02 -1.554230391802558994e-02 8.100386743674226064e-02
4.789890802262530087e+02 1.086502309676867526e+03 4.252921387524571384e-01 -3.792109705449591139e-01
1.165123053464243640e+03 2.486846986716116703e+02 -1.821787918984228011e-02 7.796698307319616279e-03
1.164015326685342416e+03 3.571963125951709230e+02 -2.744356270357002289e-02 2.736872779842656339e-02
1.237017777677759568e+03 4.013817136175931068e+02 -3.336871191244199231e-02 2.280212068210119014e-02
2.575425967048760754e+02 6.806151344236351406e+02 1.196491025219188417e-02 1.154391123779987573e-02
2.472153733689738999e+02 2.903955770441826303e+02 2.802815721668438370e-02 -1.809113074075771556e-03
2.487761092391450575e+02 4.176880538848459423e+02 -1.302601218274272998e-01 -6.016153063629153808e-01
8.313461239710792370e+02 3.324871314540213234e+02 -3.975077722061003405e-01 2.025763864837071271e-01
1.111082941438683065e+03 1.644639361902128201e+02 -4.000952291210667366e-02 1.185976992150615701e-02
5.149698525664634872e+02 1.054092148045676140e+03 3.776601872988563646e-01 -2.088944620205007985e-01
2.351617966238571569e+02 2.930713275769635402e+02 7.812673845165660214e-02 1.199464039955336764e-01
2.956409193455139643e+02 5.005671926135951821e+02 -4.580201099076930404e-02 -2.010105387477191530e-01
3.007458279074364782e+02 4.737500210171065760e+02 3.163285443241553030e-01 3.025083469956655335e-01
1.084794909057505720e+03 3.046118170968852041e+02 3.079569920468985256e-01 -5.058668458957527037e-02
2.488236709786948495e+02 3.293569503821140074e+02 6.338238225742162668e-02 1.542238164225563368e-01
5.064258097628729161e+02 4.549147391244741243e+02 -2.035228364283157287e-01 5.397818769390529819e-02
1.179745773340461255e+03 3.089113189230089915e+02 8.128557272327859018e-02 1.074794997064513480e-01
1.227789084946127105e+03 3.914875590483997030e+02 1.689102931214513104e-02 -4.973148896494074440e-03
3.862557609840145005e+02 5.186867274897425659e+02 -2.637971460903794085e-01 -7.718952198675812625e-04
1.168530687180659015e+03 3.423728200876908545e+02 3.863972505990886930e-02 -5.059800123095570257e-02
2.756146060906017397e+02 7.244389643030150410e+02 -2.722087034825904084e-03 1.355228078161019312e-03
7.556437662285206898e+02 9.309769691049973517e+02 6.033731085401541350e-01 -1.983132895522032868e-01
2.493651713930258040e+02 3.116607199874210892e+02 4.465056714015532002e-02 2.245880251608620426e-01
2.585854541121177022e+02 5.713962802196673465e+02 -1.489331891351980686e-01 2.937049245542463494e-01
2.731886578795762262e+02 5.756462327698725403e+02 7.301037267427546058e-03 6.442003148205609209e-02
4.407949457821065948e+02 1.033081095807445763e+03 -4.962740831006309805e-01 2.255339989214614205e-01
1.015705042070677905e+03 2.402424703201963041e+02 1.745426996051833157e-01 1.601767700152671725e-01
3.492757541707317159e+02 5.396086457444305324e+02 -2.350702649869041150e-01 7.741974852863060808e-02
4.237259305534715281e+02 4.773572546762532625e+02 -3.544088173752278359e-01 1.524639006493832549e-01
1.105929139168801157e+03 1.476349292744069146e+02 2.667552608223699301e-02 -7.601531909153016672e-03
1.128475103428561624e+03 1.481732711848046335e+02 6.438181196879738666e-02 -1.095251200056828467e-01
1.199341731466846113e+03 3.288062668163178728e+02 -3.654483822208651200e-01 7.078699951445234506e-02
1.174199279875771026e+03 3.412674379219760112e+02 -1.239627240561975846e-01 1.312502461790315267e-01
2.530976621282844405e+02 6.875505123990878928e+02 1.116723473601356244e-02 8.578201773161708843e-04
4.144965991493013462e+02 5.190760816967768960e+02 -2.722571086631502824e-01 7.510854299649648291e-02
4.960580022826055711e+02 1.018800312802043550e+03 -3.240809986975294321e-01 3.058004371783996644e-01
2.578590193644293436e+02 4.053923184685298793e+02 1.431200723735533663e-02 4.608800401778978539e-02
1.066779370834700785e+03 1.956129689960789335e+02 -1.297367044766891374e-02 -1.770490207003187419e-02
1.081329437725015850e+03 2.193124107675064351e+02 5.812824356703080037e-02 -2.348599745809162587e-01
1.017848672482558527e+03 2.410351572619397018e+02 -2.302920355027045785e-01 4.492138994460077583e-01
1.154490307965791999e+03 2.125569707231312861e+02 -1.697516866863679752e-02 -7.073172187366576213e-02
1.177982469274668574e+03 2.266784944868423395e+02 1.996238255691006602e-01 1.902822192364581610e-01
1.244782083995283529e+03 3.146571030682877677e+02 -2.736413543542918700e-02 6.871739453239911199e-02
2.429766268101176649e+02 5.356964063879266860e+02 -3.259429574466565782e-02 -1.701236103792874987e-01
2.476405768239541487e+02 5.474941043436945165e+02 7.535071353225693269e-02 -7.170452526516631064e-02
3.205682220677527994e+02 5.655225528297636401e+02 6.334742535487218607e-02 7.903851020965172239e-03
2.216051395633538448e+02 7.317718269423588708e+02 2.543387489846319575e-03 -2.684750168168648088e-02
1.071330739442855247e+03 8.030879004014165048e+02 3.439422020935580804e-01 -7.481999750021373075e-02
8.630647595793355720e+01 3.132801953712807972e+02 2.029861172782819728e-03 9.481522587763762180e-03
1.217272426088881048e+02 4.401104700862903201e+02 -2.795539787815086163e-01 -2.951475420986804932e-01
1.192668562039783922e+02 4.485522972576107463e+02 -2.092536037645399694e-01 -3.810644753721910138e-01
2.724363532479329137e+02 4.433079494580103415e+02 1.657573261616262783e-01 -8.006811729222818030e-02
2.729022929867129506e+02 4.525527930004201949e+02 -7.194708822386659819e-02 1.220332738781321896e-01
1.066975743122412950e+03 1.535783508047038879e+02 1.950849815347158733e-01 -5.112751540669468325e-02
1.086053647790146897e+03 1.654421943409347762e+02 -9.801318862508362484e-02 5.916212541451670859e-01
1.020338722695964634e+03 1.848920755926831418e+02 3.814262674113293172e-02 -1.934492361983240483e-01
1.082704955216570170e+03 1.864945513605280496e+02 2.375274363288429891e-01 -4.820052221403547249e-02
1.110194316759396997e+03 1.977186838950581489e+02 -1.219125872638745639e-01 8.136045776640540850e-02
1.193032101097684972e+03 2.432949752626180953e+02 -6.040819443788594811e-02 2.486880185936089782e-01
2.558553728986445890e+02 5.647747227273205226e+02 -1.604737225644767562e-01 1.539136138371449414e-01
2.858702143918075080e+02 5.988750175843864554e+02 9.232071775515620152e-03 9.657367196755538286e-02
3.128062653178208734e+02 5.079762489797512330e+02 -5.003231070257356528e-02 -3.432921563866102310e-02
1.055355780455233798e+03 1.802968376623477980e+02 -3.849647335982808727e-04 -2.023107812026381791e-01
1.188834712838611495e+03 2.532068187316595527e+02 -1.935033122570075509e-02 -3.134682443264580343e-02
2.762675604236231379e+02 5.364153762909750185e+02 -2.607701081517007080e-01 9.290505689318706573e-02
2.324780686280314228e+02 5.485937805093623183e+02 1.209841218892108855e-01 -1.141559414763946706e-01
7.064547945960389370e+02 5.826392259834966580e+02 1.720740318125990511e-03 -7.929427030182978689e-03
2.511383008911202808e+02 3.894626767191215890e+02 3.050396436636838848e-02 -2.716032477177223944e-02
2.648946514450832979e+02 3.985728751159148260e+02 -1.169950015968071119e-02 -4.277973551362872044e-03
1.030260243816283946e+03 1.743896705867125547e+02 3.951225944388170319e-02 -9.748491439170454964e-02
1.139492153796922594e+03 3.202928326872453226e+02 1.637748756790339752e-02 1.540056673923496933e-01
1.153132456536533482e+03 3.761136859832149639e+02 -2.633100997637585414e-02 9.145807205224324235e-03
1.221060722495036089e+03 4.049267562889843930e+02 6.408580017152114283e-02 -2.134633513087338605e-02
5.976313437886017255e+02 1.025872868308841589e+03 4.214066497683638390e-01 -2.080595688403769072e-01
2.945988395666504402e+02 4.691065902642105243e+02 -6.973731583077125151e-02 -1.554096057991287694e-01
1.079944760705097679e+03 1.995506348882905741e+02 -2.382292513246966337e-01 3.610067060230299774e-01
1.279868720894453418e+03 1.771355032220630790e+02 6.214745592245662920e-03 -1.444791472678375044e-02
1.149191871882110263e+03 3.114594294636442555e+02 -9.608676165279916859e-02 -2.119252322626863361e-02
1.177551902207500007e+03 3.297497967907781344e+02 4.097914351854115012e-02 -2.211614886416413128e-02
1.189288340794726309e+03 3.510045869840933506e+02 4.884228951158320342e-02 -1.488591842502486884e-01
1.195313945073318337e+03 3.476818735348084033e+02 3.128646322126940049e-01 -4.127377874909541333e-01
2.850970999321972954e+02 4.890113690064033563e+02 8.134163095680183031e-02 6.527800248201336142e-02
4.333648587277897377e+02 4.725615148863365675e+02 6.036688861360468561e-01 8.852848200349074104e-02
3.045963430484594028e+02 5.223220429573373167e+02 -3.685809924977385271e-02 -1.315632778222866964e-02
5.058041302942669972e+02 4.465023298652245671e+02 5.259836379024785957e-01 -3.828017746224239848e-01
7.360882556552115830e+02 3.659529503598674864e+02 -5.467097343447123725e-01 4.125511110742650089e-01
1.050443492337491080e+03 2.028401205938426699e+02 1.206638644859075148e-02 2.656815602709424666e-04
1.081047363436185151e+03 2.842400182868330489e+02 1.089284449647038855e-01 2.953398664837599275e-01
1.074109273765329590e+03 2.990540234281417611e+02 3.797631256533285371e-01 -2.865183191950352870e-01
9.422596516953553873e+02 3.599647836067103981e+02 -4.656401232910931109e-01 8.267969951132110584e-02
1.189106220363713874e+03 3.362259644278253745e+02 1.687904437809655683e-02 -8.831865611991977782e-02
1.163087485561377434e+03 3.910429798394877707e+02 2.068710458557429174e-02 -2.149987982410753520e-02
1.191253083446577875e+03 3.921180143213123301e+02 -5.698521037045013553e-03 3.602889690592649130e-02
3.111291683361707214e+02 5.339117894943549345e+02 1.208896365950197678e-02 1.231383979469293510e-01
2.490727449178853306e+02 7.195903197950435697e+02 -7.424014679068184977e-03 -4.530815095423739586e-02
8.651297843251014683e+02 1.102223227939903836e+03 9.650235843017591778e-04 -8.802467902049622298e-04
2.725055425251308066e+02 4.687940258109488241e+02 1.895379023571308608e-02 4.715160603160484243e-02
1.075261966960649261e+03 1.530323348064078459e+02 5.982111025355152378e-02 -2.395002575246962806e-02
1.002999474676029990e+03 2.060177980213997273e+02 -1.562026963789359402e-01 7.475305667648276531e-01
9.144759505567730002e+02 3.446825136940626635e+02 -4.276782647356943551e-02 -6.887764787237813380e-01
1.157522496409254018e+03 1.726419454398919981e+02 -3.867607401909936016e-01 3.003708239926983770e-01
1.195011740164039338e+03 3.302419667362274822e+02 1.000268185658796938e-01 6.367694182028078853e-02
1.247854748631163147e+03 3.253073323037302202e+02 -2.849553733769122910e-01 -9.546217973305222426e-02
1.259722097144260715e+03 3.838104161272476631e+02 -1.035774125564330461e-01 -4.609635993775403756e-02
2.511333759610103300e+02 5.533971382155875745e+02 2.226365868089412101e-02 -9.602189855466274071e-02
2.518632991190792438e+02 5.626347639680939210e+02 -7.888281633393981820e-03 1.895173349239106034e-02
3.041724369530145395e+02 6.239717351054138135e+02 -4.887877613825253320e-02 -1.117749608597478073e-01
1.106050413408303712e+03 7.548048436582214435e+02 -4.076758540070007375e-01 9.497883090040204479e-02
2.171543984580580968e+02 5.353399923437582402e+02 1.013545508491290603e-01 -1.040643138398309048e-01
2.893370006406386779e+02 4.464084927375481016e+02 2.471421470393124833e-02 5.048262512879091168e-02
4.299481415446960000e+02 4.920941870078322609e+02 -2.353907845295111767e-01 1.255115542926432681e-01
8.347616810691300770e+02 3.601970022925914918e+02 6.600151430657205665e-02 2.845550111084094169e-02
1.035521565409027517e+03 1.641420252658562333e+02 3.475483109264132509e-02 6.472831017278508903e-02
1.046876315109187544e+03 2.257103782621336165e+02 2.777882781538210197e-03 -3.201216629458372015e-02
2.690328786908950747e+02 5.391377285110664843e+02 -1.374426796969714926e-01 2.040331537718884786e-02
2.285633683651630008e+02 5.720187032433075274e+02 -2.447197057525386243e-01 -5.810961682393326333e-01
2.572673113763929109e+02 3.723363976824623478e+02 -9.629029558666957200e-03 -4.666049725990717434e-02
2.503097124167599645e+02 4.210056134014774329e+02 5.496944628390565413e-03 -1.762873542883056643e-01
2.712261081651452628e+02 5.291972920417587147e+02 1.199855174741060182e-02 1.582824446302311117e-04
3.002290358801366210e+02 5.135600071326529132e+02 6.646215510873787480e-02 1.763183127940521899e-01
1.103202703848658075e+03 2.351395779129144898e+02 2.214800700153318758e-02 3.502367320717070243e-02
1.143496618033403365e+03 2.561733753162324092e+02 1.679313360323249071e-01 -1.127483506435424943e-01
1.135757529677683806e+03 3.273227378367554365e+02 1.595267265111033339e-02 3.211669536223382693e-02
1.135115617482054404e+03 3.633282805112528990e+02 8.463900825120163063e-03 -2.413524616834195058e-02
1.166725059437532991e+03 3.731564039145309835e+02 -2.041705629778789444e-03 -2.881129196543952276e-02
1.186914537826971355e+03 3.873490411133978455e+02 1.342678217898196635e-01 4.031402937320649471e-02
3.177804423963968361e+02 5.396172047375673628e+02 1.547915552258416483e-02 9.395230518094876970e-03
2.468517861850685335e+02 7.228309322292654997e+02 1.282954862027452236e-02 -3.592957872135116304e-02
2.305749150640502876e+02 3.295707338243156528e+02 -5.574449084983257308e-02 2.448868233691807103e-02
2.773647383749951132e+02 4.220678955634128897e+02 3.965909773417782176e-03 3.288585209577377100e-02
2.814923968264197356e+02 4.351370459448668271e+02 2.699756802144293033e-03 4.185629608506739180e-02
2.914342661923956825e+02 4.461407082934654795e+02 -5.196616771324140231e-03 -3.797887870064187155e-02
3.353037435648282099e+02 4.895795603456481899e+02 1.504191510173313873e-02 -2.677091138106864679e-02
8.550024358213988762e+02 3.329002353608530029e+02 2.404622565374362961e-02 1.953217933403076645e-01
1.102054513576151066e+03 1.558187259418413078e+02 1.347679023929231334e-01 -3.231849035958684335e-01
9.965055362265735539e+02 2.025325235016715339e+02 -2.740975878282370104e-03 -1.033787639819081505e-01
8.766604530552943970e+02 3.314486437333226263e+02 -3.772417263095348972e-01 1.784822178428081829e-01
3.215491849379722566e+02 5.260527033618036512e+02 -1.438720991144274708e-01 -1.193458362651540483e+00
2.115582344077666619e+02 7.206316474637657166e+02 -6.217088055848307704e-03 3.187191557155225844e-03
2.349525365747913668e+02 3.361062678639617047e+02 -1.185946865102494030e-02 -2.028623321853899597e-01
3.157252484247401867e+02 5.077269420081931912e+02 -1.751116518937578803e-02 -3.142101853409826617e-01
7.161912062154387968e+02 3.996739874810673996e+02 -3.017674189098897841e-01 1.864857558501569201e-01
7.054765185196001767e+02 4.155941630886256917e+02 -1.536007181418312939e-01 6.436967404485471889e-02
1.083890420813417222e+03 1.707226244233803243e+02 5.577728472441094709e-01 -6.374932496630094647e-01
1.105076112475067248e+03 2.084005252054067512e+02 1.234072550911378130e-01 -1.090291301746759700e-01
1.152427981109601433e+03 2.043075015223387823e+02 -2.545015887770887275e-01 -5.818288860292852860e-02
1.240758177257712987e+03 3.068978545249441368e+02 1.020157508502279597e-01 -2.380404818667045674e-01
1.188486722810625224e+03 3.204646489425031746e+02 6.780308987458738557e-02 -6.047980554882315118e-03
2.832205052019919549e+02 6.904826984969963632e+02 1.629992441976924056e-02 -5.753953827922941855e-02
3.297790023230921861e+02 5.449362259625253273e+02 1.229065539578755306e-01 -8.001288577713694394e-01
2.428115719620319339e+02 7.613855063951277771e+02 5.513229721202606015e-03 -7.201000101258614450e-02
2.599645471904084957e+02 3.579536974938012577e+02 0.000000000000000000e+00 0.000000000000000000e+00
2.528618751103371665e+02 4.138015464113877897e+02 0.000000000000000000e+00 0.000000000000000000e+00
2.784036035809008354e+02 4.606358104982188024e+02 0.000000000000000000e+00 0.000000000000000000e+00
2.829871657937363807e+02 4.942343590822067654e+02 0.000000000000000000e+00 0.000000000000000000e+00
2.885265916548205496e+02 4.960768096947994081e+02 0.000000000000000000e+00 0.000000000000000000e+00
1.725866225775229168e+02 5.176672781180441234e+02 0.000000000000000000e+00 0.000000000000000000e+00
2.469734667945714079e+02 5.231074558408207622e+02 0.000000000000000000e+00 0.000000000000000000e+00
3.834661948394041247e+02 5.157705943720438881e+02 0.000000000000000000e+00 0.000000000000000000e+00
8.580379122223429249e+02 3.351309745409564584e+02 0.000000000000000000e+00 0.000000000000000000e+00
1.080140787016956210e+03 1.658706774389562781e+02 0.000000000000000000e+00 0.000000000000000000e+00
1.152364196068721185e+03 2.043509148076643669e+02 0.000000000000000000e+00 0.000000000000000000e+00
2.125330843182156286e+02 5.573103941862023021e+02 0.000000000000000000e+00 0.000000000000000000e+00
2.317986093181159504e+02 5.810973455800478860e+02 0.000000000000000000e+00 0.000000000000000000e+00
2.308629546190678923e+02 5.964180796905318402e+02 0.000000000000000000e+00 0.000000000000000000e+00
1.873143160172500359e+02 6.484508226998519831e+02 0.000000000000000000e+00 0.000000000000000000e+00
2.542683164696579752e+02 7.018432352132438155e+02 0.000000000000000000e+00 0.000000000000000000e+00
3.068626832622315987e+02 5.448580857089556275e+02 0.000000000000000000e+00 0.000000000000000000e+00
1.118889343244687552e+03 7.337975949916848322e+02 0.000000000000000000e+00 0.000000000000000000e+00
6.671228577362146552e+02 9.356176741157757988e+02 0.000000000000000000e+00 0.000000000000000000e+00
6.465719885222977155e+02 9.902799073014549549e+02 0.000000000000000000e+00 0.000000000000000000e+00
4.479023766472053580e+02 1.081833375795521533e+03 0.000000000000000000e+00 0.000000000000000000e+00
5.052929607361223248e+02 1.052171372081326581e+03 0.000000000000000000e+00 0.000000000000000000e+00
5.437887991049273069e+02 1.080037689110085012e+03 0.000000000000000000e+00 0.000000000000000000e+00
6.102389918140823966e+02 1.063727100077559271e+03 0.000000000000000000e+00 0.000000000000000000e+00
