1.340474294627890117e+02 3.788729287082088035e+02 -1.709913705471956648e-03 -5.204626229995186482e-03
1.391004024456592276e+02 3.943664250403375036e+02 -1.380140201627619518e-03 3.246399921514545733e-04
3.031036657358403659e+02 5.760914175287069838e+02 1.563023147699562189e-03 -8.411718475030067685e-03
2.739116497601502260e+02 5.433586912196058165e+02 -7.269087635148313966e-04 2.989484022591433650e-03
2.314680749393484689e+02 6.066399291735406223e+02 -5.094628166996852461e-03 1.888595605417565243e-02
2.627768086685211983e+02 4.627657288398177116e+02 7.123347576727648289e-02 -1.507275274420170619e-01
2.549070274732715404e+02 4.657468348861639811e+02 -4.188917097793861885e-03 1.312434117833185827e-03
2.293050573501569431e+02 6.090221739454365206e+02 -6.356595677756770668e-04 3.674103008016023841e-05
2.785363176127103770e+02 5.534098197372893537e+02 8.373805840874140507e-04 7.307996882932142092e-03
2.229040434526600620e+02 6.200147797873313493e+02 3.547170999641339334e-02 5.461574143677272453e-02
2.930468006410414432e+02 5.666140511757939748e+02 -3.154787076827534828e-03 -3.763891453281127588e-03
2.991666670282169775e+02 4.592696487645617935e+02 -6.197689407747250523e-02 -1.744698918865890402e-02
3.147992351421787589e+02 4.714924479327214613e+02 -5.321823013622350475e-03 5.987570766748295283e-03
3.132840358128299840e+02 4.767745668994879225e+02 9.000680355936225424e-03 2.717341962294324287e-02
3.208493987993027190e+02 4.681772468678951213e+02 2.084563085767206919e-02 -2.919309128830407940e-02
5.755586600327186488e+02 3.937082202784732772e+02 5.971198742532299875e-01 -3.660395980668036953e-01
3.558789121706636820e+02 4.871161033257357644e+02 -1.903446217844430577e-01 1.310761526128985735e-02
5.655224140885130737e+02 3.858311248499608155e+02 1.062228600426126348e-05 1.671244270076021124e-03
5.607938936669281702e+02 3.814189463835560332e+02 -5.446939470607728602e-04 4.969470232390224389e-04
3.260986812200330291e+02 5.047071234672418996e+02 -9.260572781320915159e-02 2.724785785934871751e-02
3.214569866506904532e+02 4.932086322602598329e+02 -2.393192959548928744e-02 -2.874653105039885661e-03
3.480169857409726433e+02 4.878526433462038199e+02 -1.251208638128347150e-01 2.856634521444812932e-02
3.201077026140899875e+02 5.128567333622235083e+02 -7.887260393294699690e-02 -3.873906680044316569e-02
2.910859132569855205e+02 4.814048082211344308e+02 -5.008174571967084071e-02 -1.430698281612977907e-01
3.843985815866858502e+02 5.148835308740555092e+02 -1.613901402650131378e-01 6.100902719151859305e-02
3.428752178755098043e+02 5.076791377221104540e+02 -1.240789116789338398e-01 4.040702248604508690e-02
3.782553459868012737e+02 5.166809177552796655e+02 -1.723641740868712691e-01 -4.137139158821342109e-03
3.959028818454540328e+02 4.853921331939694142e+02 -3.266783717419957100e-01 5.630539445768374673e-02
3.728554464284103460e+02 5.332101150920482269e+02 -1.205692816604076317e-01 5.421771122164185247e-02
3.547417053583188817e+02 5.425422975857170513e+02 -5.882736579995271470e-02 -5.865507745500166646e-03
4.065961242037424199e+02 5.234135347435640142e+02 3.944301951024856145e-01 3.612894376552539671e-02
3.312670635734588132e+02 5.490523927593665121e+02 -4.550071936570405928e-02 3.245045507507783415e-03
3.304510846593282736e+02 5.564461082081604673e+02 -2.774235690351349592e-02 5.753786555509136404e-03
1.162704931845638157e+03 3.243235826670294273e+02 1.895703263885885033e-03 1.572499536531258863e-03
8.719095577469817044e+02 4.080548588796440299e+02 -2.369311825129380433e-03 -2.859805218106587789e-04
7.054137622460336843e+02 4.173755483453704755e+02 -2.495931078848602491e-02 -4.192688101462276051e-02
7.700021732472425811e+02 4.328016591602541325e+02 -7.511996123247906623e-03 5.767648428514344019e-03
7.787342104190857981e+02 3.876978882647398450e+02 -4.283332982950059376e-01 2.009284046384289257e-01
1.102069822781840230e+03 2.132668841965744093e+02 -6.439272735308416984e-02 5.097427271442823982e-02
5.763326497940779518e+02 4.256303223326735292e+02 -6.262834429920431933e-01 2.048044893416927914e-01
6.729792331412951398e+02 4.371240064076533827e+02 -5.162228009012886920e-01 1.259193683055854218e-01
1.187699548645969344e+03 1.781927199353513060e+02 1.560640979473736437e-02 7.164747015523424516e-03
1.199185338158651348e+03 2.456849252637109373e+02 -7.890798495192020284e-03 -9.100430434754982947e-04
1.217610513260999141e+03 2.515681272086251283e+02 -3.369353320553867257e-04 -1.470048608560387514e-02
1.181759456729557314e+03 3.659075185737069660e+02 -2.879254516976811223e-04 3.215494272146005115e-03
1.196774163744411908e+03 3.687709153715768480e+02 3.181523097282479284e-03 5.583336706197291992e-03
1.206408847650640837e+03 3.975359631316506466e+02 -5.004196030995444744e-03 8.246388590311366090e-03
2.752090132506382929e+02 5.612327971818612014e+02 -2.088750174813399328e-03 -8.733442814612470476e-03
2.007518398701788840e+02 6.557931346491076283e+02 2.574866058736942809e-04 1.733743604070173919e-03
2.757241562493237552e+02 5.761064932382927282e+02 -7.149975225198288223e-03 2.290863589184194242e-03
2.725351263990240795e+02 5.919663810538299913e+02 -4.686887807615744070e-03 -1.060047006027355423e-02
2.681367878267814717e+02 5.943859770360492121e+02 -1.334073275527057623e-02 9.334911401141977481e-04
2.872850915531035980e+02 6.079422173143403825e+02 -5.440331916867136540e-03 8.746611828375381800e-03
2.486829161057443116e+02 6.035806883492705310e+02 1.690676606140124882e-02 -1.905961028853653261e-02
2.805258060044169497e+02 6.013443677034854318e+02 -5.357434423091386256e-04 6.906853066874474832e-03
2.362082004054340416e+02 6.234481985744416761e+02 -2.713598398806041714e-02 3.458580009944151133e-03
2.483951489956577916e+02 6.189685911471686950e+02 -2.841932208953591114e-03 -4.059992306265080252e-03
2.563465558895621257e+02 6.222871602264376634e+02 3.736364808347188496e-03 -6.659554376231219611e-03
2.277423699529743146e+02 6.333978562727670578e+02 -2.548373997044136099e-03 1.235337862233719386e-02
2.800473665237906857e+02 6.335103008761038836e+02 4.000837000048569798e-03 -1.576741914207802769e-03
3.001392633882421137e+02 6.318889512622357643e+02 -7.679756975945376419e-04 5.259866261924051002e-04
2.251539620886660202e+02 6.463951078432581880e+02 -2.102462820522476173e-03 1.993026019997637052e-02
2.856279277398259637e+02 6.379026746414104991e+02 -1.393851400621878107e-03 4.136745290290293480e-04
2.957457917199083113e+02 6.333782972926580896e+02 1.665948804866455163e-03 2.506198874840211404e-03
2.380300077734861475e+02 6.428161452453955462e+02 8.126416598047241091e-04 -1.811411346367175794e-03
2.581587379726826725e+02 6.398396552709397156e+02 1.426059788173006382e-03 7.335118218185187645e-03
2.648110300789585949e+02 6.394936111801143852e+02 -4.455275850995177832e-03 -5.452936887600612174e-03
2.295503090016714225e+02 6.560790274262841422e+02 4.138299928301156227e-03 8.745589142282000211e-03
2.617528313238260012e+02 6.571520007843281519e+02 1.547487132631661030e-02 3.278666705393383507e-02
2.702527685964174111e+02 6.549993508540306948e+02 -2.959351032289548461e-03 -1.449018402795580578e-03
2.918411005789188835e+02 6.535220363542230189e+02 2.310747025295552259e-02 9.466459490492597911e-03
2.742361416697301024e+02 6.587631319642796370e+02 -6.810648749200760551e-04 -1.130018590036586251e-02
2.476022530871030085e+02 6.613910844163455067e+02 -1.954607851036310620e-04 -5.589229418446713289e-03
2.560406044611247012e+02 6.659516840561518620e+02 -1.836919956709193212e-03 -1.391063869169727836e-03
2.076447451239494910e+02 6.693477866696030105e+02 -1.080090331355179753e-03 -3.813633723559565428e-03
2.265100022610791370e+02 6.688625232451971669e+02 2.250313239068247500e-04 1.824298086216237947e-03
2.618513852692919954e+02 6.686493551695660926e+02 -8.078597055780864815e-04 -5.283224059087500944e-03
2.687774800760878975e+02 6.703877772824174599e+02 -9.197933382998341525e-03 -2.249778059401345495e-02
2.009562794057310384e+02 6.984881311788999483e+02 -1.237180065364309718e-03 -1.018234659366359235e-02
2.375884676877330435e+02 6.835258081555081162e+02 -7.646693123408533806e-03 -1.294216601320723713e-02
2.244640230537917773e+02 6.832840208077744819e+02 -3.189912410056419852e-03 -7.455619215822327159e-03
2.175615767535915381e+02 6.865843924460494918e+02 9.357278672608248084e-04 -3.703772853339047568e-03
2.331503328511811333e+02 6.883618599342127027e+02 6.331410620121703109e-03 -3.679000006186335277e-03
2.409338383701578437e+02 6.931900164181344053e+02 1.203449434385809973e-02 3.455797433614429554e-03
2.021412402346133490e+02 7.099551044398128852e+02 1.102516613698867332e-02 -2.120599031169410724e-03
2.785846627414705381e+02 6.879746809864778925e+02 5.028357997829998108e-03 9.982016258438289021e-05
2.519372100553210601e+02 6.933852602798889393e+02 6.803410750085231527e-04 -7.134277427171988170e-04
2.687435236216237513e+02 6.945712056545191899e+02 9.881200994405025910e-04 8.216818474997269681e-04
2.750119119950861659e+02 6.960275344091392071e+02 1.134060429601977142e-03 9.629169129885838119e-03
2.597796784089180164e+02 6.989109242264522663e+02 -1.239048784465003345e-03 -9.720412641976202556e-04
2.541552852855496383e+02 7.018111090917694810e+02 -4.814178494783472560e-03 -7.846488886958234710e-03
2.460018633068106340e+02 7.026021589359509107e+02 -4.459160296160896361e-03 1.531330859862545550e-03
2.482530132915369734e+02 7.076242025523960137e+02 1.085979905609221578e-02 -1.218236433671093105e-03
2.695605106564273683e+02 7.041802750782012481e+02 -8.308135669517244075e-04 -1.075346433530924468e-02
2.587807195873517117e+02 7.080960430515087864e+02 -5.350617004182822711e-04 -2.746156356509588808e-03
3.276613173655975402e+02 5.562931507510089659e+02 -1.488687062688241747e-02 1.783590661721018780e-02
2.619725225820023979e+02 7.110956892064086787e+02 -4.854335329653595640e-03 -7.268071623513497857e-03
2.200149277072651444e+02 7.160031391252273352e+02 1.240155517750212745e-02 -1.834827329580908601e-03
2.656856024396902853e+02 7.117187261828090641e+02 -9.740618399346225725e-03 -2.120661562275814871e-02
2.269542228528271437e+02 7.223632520114985027e+02 1.683629970798257609e-03 9.889574359198656864e-03
2.213025836504229744e+02 7.245928035884874134e+02 -5.069244671725156928e-03 -2.689793149089733833e-03
2.509765807469651975e+02 7.154826592263378870e+02 -8.911550036876658698e-03 2.066668431924350256e-04
2.141663925535093256e+02 7.379694783496878472e+02 6.539887008394692364e-03 -2.440261061316491807e-03
2.346011139055993624e+02 7.259905657267404422e+02 -4.842086460946507312e-03 9.737683353831575600e-03
2.620604266107166609e+02 7.275366624530927311e+02 8.441497592969534215e-04 2.231957830269160406e-03
2.199672764639401521e+02 7.356536038552619630e+02 1.617858708687656532e-03 2.250225785361396912e-04
2.549178508548989726e+02 7.299368276687486059e+02 1.596451123117109856e-03 4.635554281380206525e-03
2.373765120149595305e+02 7.358435027953296412e+02 2.301237886774123997e-03 -3.044223115718730586e-03
2.204724358494215153e+02 7.488508985580081116e+02 -8.613805923052195862e-03 1.212966653426546769e-02
2.303814158529586678e+02 7.451221937545788023e+02 -1.656085719618528244e-03 -3.615784680968011505e-03
2.477721741002423528e+02 7.453070814745890402e+02 2.036801044657620546e-02 9.599841694145905269e-03
2.410353737896491850e+02 7.467050369188054901e+02 1.578980279182731847e-03 -1.262118600764795123e-03
2.555941971924034419e+02 7.447786159922878824e+02 3.198833248284312699e-03 5.361151479054443447e-03
2.528587289322054517e+02 7.506085125587144375e+02 -5.108284258173202697e-03 2.018296033354837816e-04
2.439623004691618178e+02 7.532644839728950501e+02 -4.252779084307047524e-05 -3.174259046688510718e-03
2.489707147632192346e+02 7.594771252150044347e+02 7.775478180243937561e-03 -2.736538432688152833e-03
2.429063475064756403e+02 7.609880017835854460e+02 2.383542281592662161e-03 -7.117078130541398644e-03
6.343812317286397047e+02 8.221062411729864152e+02 3.870029064107103695e-05 5.010320456059872991e-04
9.124665021056254091e+02 8.058467569757307274e+02 4.245684555009106493e-04 -2.568111143445868556e-03
4.599699932233434083e+02 9.415211587390059549e+02 1.728041263966065950e-04 -6.353008065936124231e-04
7.188514237662565165e+02 8.702422297843327215e+02 1.601902915295471460e-03 3.744474088431287598e-04
9.064602343749802458e+02 9.232290276388516759e+02 -4.776125717027374963e-03 -2.179188922227829998e-03
9.004618137743646002e+02 9.275450411498032963e+02 3.178362547639225315e-03 -5.175441586925894413e-04
6.850855520801006833e+02 1.022453460668562343e+03 -2.701029558832911126e-03 -1.217907574107019797e-03
7.149709196740793686e+02 1.011606359868751383e+03 3.076405410372827672e-04 2.029863977623331324e-04
7.049565290565286659e+02 1.023656004155421329e+03 -8.615861517259557339e-05 -7.040232890221436932e-04
6.876102764565933967e+02 9.582635478139554834e+02 4.886530939071755397e-01 -2.387983400091555075e-01
3.499226526735819220e+02 1.058261041090691833e+03 8.050390356520392785e-04 1.793052672675714450e-03
9.523879342893212652e+02 8.417805956710926694e+02 8.114337456209403943e-01 -2.692470359752237030e-01
9.384312084040296895e+02 8.592032902043783906e+02 6.513121126673436789e-01 -2.068349580451967484e-01
4.815816493770973352e+02 1.099012940033116593e+03 -9.745010700032820470e-04 -1.530642466424960964e-03
7.044886977546947264e+02 1.036413286609782517e+03 5.786322383109658357e-04 -6.750161698195964984e-04
7.518768184934839383e+02 1.067672126876226912e+03 4.640824800227876114e-05 7.117939087943386724e-04
7.456191932733509020e+02 1.071448453754487218e+03 -6.941887010763893133e-04 2.357450663823490943e-04
1.313056812916050546e+02 3.256898825554657151e+02 2.166297526735609744e-03 3.103315812695362549e-03
7.570494747453205946e+02 9.712450750913384354e+02 -7.749029897159611657e-01 3.233443968797496404e-01
7.506594123720691414e+02 9.094032336733922648e+02 5.083989381617195491e-01 -2.440669421252172622e-01
1.083945112549870373e+03 2.282459439047945295e+02 1.930542733670435104e-03 -6.687357313656530113e-03
1.236936677101703026e+03 4.015601799733626081e+02 -1.555693771842925344e-02 3.115720249586963544e-02
8.997713105998767560e+02 1.102174178620497514e+03 8.816134036373799257e-05 -2.541858858300053564e-04
1.175538030246142625e+03 2.269026504993979643e+02 7.449143209907903209e-04 -6.454559722446856582e-04
2.816556079257967440e+02 5.666841083012919853e+02 -5.211470941971903205e-04 1.061748857599842215e-02
2.552852082815557537e+02 7.084909385286707675e+02 1.359518670575077010e-04 4.591269156424117835e-03
4.608337475844189726e+02 5.328303640272586108e+02 -3.531573160669571748e-02 -2.202036478805137823e-02
8.247953292623240031e+02 1.102274962586668380e+03 -6.884746158781433062e-04 4.272252093338321593e-04
2.670775165190960934e+02 5.335078350977844366e+02 -1.088616601801042083e-01 3.229519550513536286e-02
9.492757406736998291e+02 2.485927956937437386e+02 -4.252149576862591755e-03 -2.647986926403140574e-03
1.129819364589058068e+03 3.484263584320725045e+02 -1.078976550824750462e-02 -7.757783675738818066e-03
2.792760210285855464e+02 6.530668134648666410e+02 -1.379433442739039879e-03 4.591754043654999728e-03
1.343775674374158484e+02 3.993893312096009822e+02 -3.654667491753453828e-03 -8.975162914128255801e-03
2.322624057824820625e+02 6.665174214749825978e+02 -6.464548139298290433e-03 5.667045309544594713e-03
1.008278720006554295e+03 9.275571474425765928e+02 -7.930287905132404631e-04 4.259427812867936248e-04
2.771588934732984626e+02 4.856389349555632862e+02 6.799140322560462239e-03 4.979055339491212512e-02
9.182776749595442425e+02 1.102576804201407185e+03 4.167376520082134565e-04 -1.216505894301080125e-03
3.099680912475765808e+02 5.231519050975001619e+02 -2.303630962136997418e-02 -1.838821494973870083e-02
1.204166444638377698e+03 2.038360140223626615e+02 5.267294235683930327e-03 3.288742708272059806e-04
1.289006312266203395e+03 3.637168931742138511e+02 4.165425867268814086e-02 -4.680373324431952309e-02
2.416396787789795724e+02 3.776513708475527551e+02 -6.265251180978835543e-02 -2.518541435883174806e-01
2.623189779858125803e+02 4.486769487293522616e+02 -1.672036552062227885e-02 -2.271891926515137994e-01
2.759587157028868774e+02 6.116582769055336257e+02 -1.561735211049833719e-02 -2.661042675639925872e-02
4.482375480383702779e+02 4.770057538565762343e+02 -2.710056399104920355e-01 5.684935275802568966e-02
2.741736348637575134e+02 5.075684548276479404e+02 -9.567846460009325413e-03 3.071630511701608016e-02
2.290383207064060969e+02 7.757626698774049601e+02 -7.372997648555254697e-03 5.478510944468857093e-03
7.708138869635631636e+02 4.451783828533352789e+02 8.824842103675532845e-03 8.397916729122000684e-03
1.161877098770066368e+03 1.500003036052584378e+02 9.000041685976836736e-02 7.145195942332763228e-02
1.161363469419676449e+03 2.381753192265653638e+02 1.228480561828949142e-03 6.207269538247045526e-03
2.648820398582644202e+02 7.432825071536877886e+02 -1.676699814870044299e-03 -4.868115017661513860e-03
2.634375524753884861e+02 7.029928616576851255e+02 -4.409197087303291449e-03 -1.617744866292234948e-02
2.600571267460182412e+02 6.106930700418810147e+02 -1.434235204927553770e-02 -1.182717238524412908e-03
2.537550859099790443e+02 5.017017958817532417e+02 4.260462635203097342e-02 -4.995092498294038952e-02
1.127626806335010315e+03 2.224901733701481703e+02 2.135609704528448546e-02 -4.600192064718738871e-02
2.539684757014483694e+02 6.902909749947773435e+02 -5.887375456448371317e-04 -2.902931288512227651e-03
2.506799934137903278e+02 4.206656713872896489e+02 -5.892744628666810036e-02 -1.809945395601738616e-01
2.593320564010930980e+02 6.320663266536834044e+02 -9.970845434653179649e-04 2.696465836488686797e-03
3.714998394507372836e+02 5.655228095579043384e+02 5.465403530111231575e-03 5.365526715925823635e-03
5.593784181885559974e+02 1.005315923489565421e+03 5.157992437564555832e-01 -2.573477441656378262e-01
1.106595106751353796e+03 3.583547840604747989e+02 -4.037910832889252816e-02 6.114404388403281258e-03
2.343228825791239842e+02 5.224760537227423356e+02 1.690807686659022702e-01 -6.109287322365027084e-02
2.858595112833895087e+02 4.736185785399609927e+02 3.819196103962487626e-02 2.684832286589462075e-02
2.715183946609302552e+02 4.897080524809720714e+02 2.439500280346881388e-03 1.176758679297234753e-02
2.502048959968519455e+02 6.754686777804917028e+02 -4.078919487541540420e-03 -4.990105976651981398e-03
2.134123169586317772e+02 6.367001806957453027e+02 -5.015207951518309282e-03 -1.191479777412721500e-02
8.895453181963265479e+02 3.721115772964703865e+02 -5.267851018486464643e-01 1.445564132808807856e-01
2.681445613352830151e+02 3.005983414747009306e+02 -6.121277644889223783e-05 2.281360650112453526e-03
1.011670534402484577e+03 2.398815919103450369e+02 2.073047325063557267e-01 -2.958761166174894153e-01
2.676455328589274814e+02 5.791663233506887991e+02 -7.011424148286681370e-04 -9.566802885097506690e-03
2.130277139316986279e+02 7.472046610283474593e+02 1.374513870993216043e-02 3.038181101361611854e-03
9.942172800796374759e+02 8.418064309763557276e+02 8.272340323001005080e-01 -2.129207359659297805e-01
7.531497538233080604e+02 8.452786527364969515e+02 1.619369986678750699e-04 1.172024967729049644e-04
2.819343525584486088e+02 4.420684368280947751e+02 2.380340734104905223e-03 1.567619006428935466e-02
2.441304501917434777e+02 5.298477063219910406e+02 1.446865343643568558e-01 -1.459848061999505509e-01
2.776551469969004984e+02 6.782760442992910157e+02 -1.022148424511041750e-02 2.749705246221292344e-03
2.928437781221185219e+02 6.471234272855698464e+02 2.911519294037467551e-03 -1.411731164417836561e-02
2.352796766302960521e+02 5.410534640375020672e+02 1.838926181661890702e-01 -6.665027711732372795e-02
2.840063727516729273e+02 5.652881798086737035e+02 -1.985250490208997562e-03 -4.084687181477988059e-03
2.622961129420376096e+02 5.134086029087802672e+02 5.779039997387844761e-03 -7.511706769607803813e-02
2.016509293832165497e+02 6.339884990838176009e+02 3.910757483594980849e-03 6.686625114586451299e-03
2.869002177444629069e+02 5.179264522138342954e+02 -1.940301248508617335e-02 -2.411300806404980020e-03
2.754481864568278411e+02 6.898033980967593379e+02 5.155854854523464655e-03 -4.549370042520359259e-03
6.912289808236221234e+02 4.059106917202624345e+02 -5.165385297904353523e-01 1.667084908935948240e-01
1.067881135742553170e+03 2.186859719506108206e+02 -3.252268136919264120e-03 7.182860641473825559e-03
2.700548543505298085e+02 4.275565868492665231e+02 1.048525772384632793e-02 1.469368300743752014e-02
2.564241218180793567e+02 5.155167560272990386e+02 1.591269620281553568e-02 -9.409382480999954612e-02
2.287258519856547991e+02 5.158015106227891238e+02 -2.396188282594127056e-02 3.518851846266637245e-02
2.259814294933998156e+02 7.154928439488207914e+02 2.798401922541753420e-02 3.760643583307070326e-02
1.961244468744792471e+02 6.993754361517608231e+02 -1.087350472707918547e-03 -1.294593865821136057e-03
1.147589202695608947e+03 3.228281144486430776e+02 -1.087945235442453178e-03 -2.126060869362854638e-03
2.599303983295103535e+02 4.258604380237598548e+02 6.147136802139407073e-03 5.311167203803274922e-02
2.306671058267707792e+02 3.506662711872409091e+02 -8.600505780618186713e-02 -2.753375715523589951e-01
1.091671609246433718e+03 2.064986787283609431e+02 -5.986783936575671046e-03 1.569547169523900082e-02
7.424007929625117868e+02 3.766991572932744816e+02 -4.638852346276422511e-01 1.614348561116595304e-01
2.379982131010624187e+02 5.148831029510668031e+02 -6.582745835948677557e-03 -1.336300405139984881e-01
2.456992859520987622e+02 5.209181344406221115e+02 1.311515120483556229e-01 -1.467024092096898547e-01
2.612810055572610963e+02 4.536672159968727556e+02 -1.138885969073940088e-02 -2.121231065779439484e-01
1.154235313757008271e+03 2.478872466176861167e+02 -3.234425313025489357e-02 2.128695257252951473e-02
3.378263213073417432e+02 5.093260371595481502e+02 -1.172154360382466065e-01 2.863193695623742971e-02
2.319968231773890182e+02 7.712264270806020932e+02 -2.873683129573039070e-03 2.562641893795858123e-03
2.752461211447761116e+02 6.405716626746153679e+02 2.479248054665430037e-03 -1.553396516779270882e-02
6.918069886531295651e+02 9.360990844551912460e+02 5.245095113480022775e-01 -2.915225876566043262e-01
5.995959484558239865e+02 4.307268368942476968e+02 -5.711537592356010773e-01 1.292467780785381271e-01
1.175221591449799234e+03 1.872318886838870640e+02 2.664083364140991481e-03 -1.087618033683823010e-02
2.508869860532114728e+02 5.361428385080854468e+02 2.958234093817665653e-02 -9.375645737518448208e-02
2.700868775680963267e+02 4.067801536401469775e+02 2.192592038453551606e-02 7.962122983647279550e-02
3.502361804281025570e+02 5.016368721307952114e+02 -1.071529330005582398e-01 2.214446252789495709e-02
1.153116332947577803e+03 3.248510248538323708e+02 5.872107680490875996e-03 1.030682560028562018e-02
1.207049589774788046e+03 2.305159185633603158e+02 2.511845647078270270e-03 -3.611953051277780324e-02
4.634610425506788260e+02 3.924142146796733073e+02 -3.853493663772235896e-04 -1.885159491757578852e-03
1.149759062793519206e+03 2.186755502476902393e+02 2.010671298506230831e-02 3.083854438181933555e-02
2.312101049313346834e+02 7.637826524429547135e+02 2.493475709816818028e-02 1.589888181338255588e-02
7.790387753760080614e+02 3.639307775205587063e+02 -4.808339152185557297e-01 1.293844766293551496e-01
3.169468486710600814e+02 5.555414533715747893e+02 -4.192510692749999018e-02 6.056443621718704193e-03
2.434321820261999960e+02 5.632341469971889865e+02 -7.370703242637315078e-02 1.357837452520292976e-01
2.478413399004018345e+02 4.918142074453717782e+02 2.313745219741142334e-02 -2.624468121381549196e-02
3.547725680796435199e+02 4.344474832642118258e+02 -3.911814792212166547e-01 -4.301635978365881963e-01
2.407232552791238618e+02 5.960730369731902556e+02 3.602373280050088448e-03 3.113225235442724191e-03
1.983979541684725802e+02 5.488975885858811807e+02 -2.890781321846637719e-01 -5.686082201415871423e-02
9.948977859417664149e+02 2.475705743106631189e+02 3.751451258312391707e-02 3.477586088808613529e-01
2.434389919720725857e+02 5.468614663756820846e+02 4.479970236424702518e-02 -1.781356834723393512e-01
6.306605050165483135e+02 3.902720306350590818e+02 5.383915648799549869e-01 -1.192573191190751530e-01
1.166028925527385582e+03 3.478559007012765392e+02 -1.374501976893088319e-03 -8.275656175931877731e-03
1.942849711266111967e+02 6.868145581492690326e+02 -8.755770350650874181e-03 -1.089461304314402745e-02
2.649182035187760107e+02 4.243287651152367062e+02 1.387365067244902481e-02 5.956384137674446133e-02
6.216243211256742143e+02 4.067457798961514186e+02 -5.614212124934058190e-01 1.255558356603703740e-01
1.139629963857348230e+03 1.627556176133477379e+02 -1.979201914751472224e-01 6.651552492664252738e-05
1.223392932803259782e+03 3.989033158292088501e+02 -9.986759426508364651e-03 2.017956876117541279e-02
2.241133197417447604e+02 6.949757287506552075e+02 -7.380237147036397267e-05 -2.115206914891582749e-03
8.643058933959771366e+02 3.713273605292514503e+02 -4.864506916153436555e-01 1.487224512288781719e-01
1.015328738540203176e+03 1.632779575080397763e+02 1.633636433179261934e-03 -2.848199194561245237e-05
7.479016848827885724e+02 3.688014407057269750e+02 -4.758391351420702131e-01 1.641544251065226445e-01
2.837918989494038442e+02 6.269180079393030383e+02 2.406080967083504968e-03 1.709908128790098812e-03
9.367123221285254431e+02 8.646410632158894032e+02 6.508368015181396071e-01 -2.018609110866533829e-01
2.544386502947353677e+02 4.936240402718026417e+02 2.974196563249901712e-02 -5.142279446794371239e-02
3.652735612207876557e+02 1.040272477953172711e+03 -2.736359394517795442e-03 -8.692234511461648279e-04
2.594445337621044132e+02 3.882108900104925624e+02 6.280462466343388062e-02 1.393183921445434459e-01
2.672917959035668218e+02 6.355450615726841761e+02 -4.777937554404341342e-03 -4.088308917890473397e-03
3.141742022794183526e+02 5.177149579596905369e+02 -6.168792289072247415e-02 -2.458565921306284791e-02
5.199080284163160286e+02 4.446930969647040115e+02 -6.546490578042708508e-01 2.930379558671285523e-01
2.665292353903115554e+02 3.770594676540667365e+02 4.041619859229585165e-02 1.601073529899473824e-01
1.122760845191072576e+03 2.206970068644750427e+02 -1.314412404873551397e-03 4.473240657263474404e-03
1.167606260492603269e+03 3.609561613822176014e+02 6.930857068748154208e-03 5.584885806989981286e-03
2.148252168256853167e+02 6.928599864325557292e+02 -1.143718038708069088e-04 -9.332028274435728507e-03
3.074269439552580252e+02 5.003594669989665817e+02 -4.742792320168107145e-02 -2.355070102228272802e-02
2.824153961306728888e+02 6.135250443502363851e+02 -2.216534348260418372e-03 -5.453559684286632750e-03
7.465445087877043306e+02 9.311227026052814608e+02 4.995935693754929852e-01 -2.289657685078257399e-01
2.685822268490852025e+02 4.120279019933928453e+02 3.297764486038231441e-02 7.284931356206873765e-02
1.193996517335557201e+03 1.890264243973118710e+02 -2.189956711072227336e-02 3.054774461179842610e-02
8.461660919369051044e+02 8.897606143705014574e+02 5.139873425632573989e-01 -2.801570078237127226e-01
3.199696894677298928e+02 4.876729127662699739e+02 -6.262138424595901920e-02 1.198306765368530730e-02
2.610425724473198557e+02 6.793336655330299436e+02 -6.321886892747573435e-03 -8.106354905830002663e-03
3.942408659790400520e+02 5.294688063833007163e+02 3.739817117107538946e-01 1.605020449519295456e-02
1.094732889842256100e+03 2.271823955676057949e+02 4.138717113702645480e-03 1.441565913680615228e-02
1.189405971781625340e+03 1.840398956888479347e+02 7.252831236743338683e-02 -4.161868614700423713e-02
2.496078241913754709e+02 4.836326871069317690e+02 -2.995445688439153133e-03 -1.566824692764837504e-02
1.113424802634916659e+03 2.365810447722312801e+02 -1.427631622180856007e-02 1.120703284630700756e-02
2.114981819131536724e+02 5.792078443447860536e+02 2.137629940032065995e-02 8.578170258860411124e-02
2.709341741905902836e+02 5.699875023889541126e+02 1.082587739949758543e-02 8.394608636704692026e-03
8.594227029355671448e+02 1.102022624855268987e+03 1.477187829492786382e-02 1.263493307278892679e-04
2.770991781566806935e+02 4.502106122143208609e+02 2.612533993612041819e-02 1.344266551316566916e-02
2.929321689433280653e+02 5.949642119037847579e+02 7.331078955562836744e-03 8.841058132663132813e-03
1.155619408295892754e+03 2.264541924381466345e+02 4.632696949099704593e-03 -3.419566615082991756e-02
6.850128864491304057e+02 9.657185038584383392e+02 4.357890776471486372e-01 -2.374466022048600522e-01
7.636876221438932362e+02 4.122558944556438973e+02 -5.116998562134799089e-01 1.074791654515382666e-01
1.204298553878363919e+03 2.619056109889680783e+02 3.594350878275051273e-03 -3.735221577561796940e-03
8.218090242272007799e+02 9.199958689590891936e+02 5.959729999145398915e-01 -2.554210649640479280e-01
5.369589607116720344e+02 4.280844379025114108e+02 -6.776947589829919183e-01 2.115532626931012350e-01
8.915770578001005333e+02 9.320147027190788549e+02 -8.374533741687735944e-04 1.845603594336010875e-03
2.625539803020247973e+02 4.756208128050199093e+02 -2.768614146613500304e-02 -5.351550540362466635e-02
3.438488522670627390e+02 4.925906974456408989e+02 -9.020403773858690077e-02 2.052801250836171210e-02
1.128118266717619235e+03 3.597817583476464165e+02 1.985047071340688765e-02 -2.736833917042374043e-03
7.759646474432896639e+02 9.243275447773908127e+02 4.985185150331668535e-01 -2.847272424817726133e-01
8.230195865552285568e+02 8.808032642633824025e+02 5.082567107016651153e-01 -2.873245827172963285e-01
8.044785320711877148e+02 3.347884059771866987e+02 -4.349680182463314670e-01 1.380403055652499877e-01
5.502542449588867157e+02 4.328064100393027047e+02 -6.047859826600852085e-01 1.953961409590997400e-01
2.971030524296461977e+02 5.367458333607937675e+02 -7.312618410929028201e-02 -1.490275390038858436e-02
7.827626785926307775e+02 3.410496298088768299e+02 -5.134476964406435862e-01 1.384463859056680179e-01
6.825875311737016773e+02 4.043499053534825975e+02 -4.852396249087905233e-01 2.439256782250620037e-01
1.199694638933708802e+03 2.272910356120896722e+02 1.054710930244741329e-02 6.847700832081793192e-03
7.497070146130150761e+02 9.434025295707122041e+02 4.956165401884904398e-01 -2.345190266536573698e-01
2.695361577415977195e+02 3.670465500297768244e+02 4.245744715379570766e-02 1.435003092101030941e-01
3.477647171366321004e+02 1.063750798708752654e+03 2.475464654158749441e-03 1.679919587253031130e-03
1.142190969064080718e+03 2.210638099877212426e+02 6.578556479817593283e-02 -5.805389668920706014e-02
2.091717400172752832e+02 6.868737546998053176e+02 -1.474865613008345103e-04 -2.449801741196403621e-02
2.981628365263787828e+02 4.714715605292293503e+02 5.593092556063140007e-03 5.907100487604566297e-03
2.362333191119811318e+02 5.553528664341051808e+02 1.226349388092996956e-01 -1.177404862923633194e-01
2.439006979448714674e+02 6.472603130448387674e+02 -6.688412389312045896e-05 1.660015471713342143e-03
2.015836239151720122e+02 5.610531828818321856e+02 -1.062992455776846507e-01 1.014046742593428981e-02
2.684916148945006285e+02 6.024021059206838800e+02 1.171745746508840499e-03 1.496487074089460773e-02
8.631288948222049839e+02 3.613538391909149254e+02 -4.555287821521197267e-01 1.663724506906147926e-01
2.837783967896729678e+02 6.898297767539523875e+02 3.370132565527172042e-03 -1.664102605101367869e-03
7.947094256686816607e+02 9.376924638790350173e+02 5.648062833730771448e-01 -2.776661935235173462e-01
1.148643871279992936e+03 3.626689189223592393e+02 3.396266908364598686e-02 3.424942421722586912e-04
2.506696911747514491e+02 3.927703544897055394e+02 5.488360898871352811e-02 1.372329621130112531e-01
1.208561212840016424e+03 2.519829400383102325e+02 3.760321922679917689e-02 1.071672262043416556e-02
7.354071047590823582e+02 3.675322002241748010e+02 -4.821420135338345681e-01 1.783780560199808296e-01
2.439580074587257172e+02 6.293294413890640726e+02 5.506739075904439062e-03 -6.082945424322637983e-03
2.732652136027435290e+02 5.025230350627518874e+02 -6.280070939019896659e-02 -1.596330010426635221e-02
1.929369051195425868e+02 6.851481821143510160e+02 1.425006716204528338e-02 -1.454463333544652598e-02
2.333449029701967561e+02 6.332269588982167079e+02 -1.095418342073079844e-02 1.416476862508004968e-03
2.523663846598794294e+02 5.284675482416881778e+02 5.744341883836493606e-02 -7.693171231119771969e-02
7.815704116797026018e+02 9.388868783416004362e+02 5.708399226816551764e-01 -2.466815589477384940e-01
7.240091087067446551e+02 3.805553957012126602e+02 -4.761889725623855152e-01 1.813813231757191169e-01
2.283481325501224433e+02 6.730420277752231186e+02 -2.508004918776196579e-02 -2.464763884153520559e-02
1.250099637046193948e+03 3.657852289626777633e+02 -3.725567421630366412e-03 3.483181365909038870e-03
7.631525904632902666e+02 9.211785231928167832e+02 4.789596736850432745e-01 -2.229281092150095234e-01
3.382641533122487658e+02 5.201085379226295800e+02 -1.218069856776938242e-01 2.001617460958565048e-02
1.911956350517933743e+02 6.766995374982751628e+02 7.100088772679471680e-03 1.581766622068766365e-02
1.109394121468267940e+03 2.072510506976648514e+02 4.563145052739711605e-02 7.602351866006641645e-02
3.436015816674708390e+02 5.139814947521767863e+02 -1.633819163630961246e-01 6.053111600157488198e-02
3.572986589904157313e+02 5.530820118920530604e+02 -6.403112279546875618e-02 6.268539292010597182e-03
1.167217040840199616e+03 1.831687242666730242e+02 1.660619404316490124e-04 -1.383948224360979397e-02
2.700889383528777898e+02 5.632970817520646278e+02 5.189869739467104469e-03 3.091451053017021272e-04
2.422718925921298307e+02 6.104311065526803759e+02 2.694844262258370786e-04 9.444059345338642539e-03
2.159240320727474227e+02 5.764392142550632343e+02 -2.712875524546735223e-02 1.470321421704750275e-01
2.970853430181840054e+02 5.795068663864011569e+02 1.717843753009908481e-03 -1.958169411775295774e-03
2.447127127372532129e+02 3.770105859487372868e+02 3.928939960588218733e-02 8.257092070436729270e-02
3.564907632419761967e+02 5.136846173394495736e+02 -1.601407785306430964e-01 3.957542899317698787e-02
1.124652620829268471e+03 2.128857323206486853e+02 -8.768514046650044760e-03 9.319726602978622293e-03
1.865007221174262781e+02 6.407653004124130121e+02 -1.037350784621153023e-03 -6.538406326676027020e-04
6.600273806121422240e+02 9.712843885702629905e+02 4.479312085543235011e-01 -2.215317206770778535e-01
3.302040484146160679e+02 1.081599909638200188e+03 -4.019352493304326765e-04 -7.901373886186162376e-04
1.227203102621810331e+03 2.621996660987517771e+02 9.805621502756807148e-04 -1.059394879790164466e-02
1.024232578470219551e+03 1.730150555096010123e+02 -8.677577838582665667e-03 1.104632011861702602e-02
7.582398209576091404e+02 3.932589895556545230e+02 -4.032108958784064168e-01 9.569845655181045962e-02
1.197704739075682710e+03 2.038686203545065041e+02 -1.560043596825182351e-02 1.341247796107222084e-02
3.414630124955389761e+02 4.857914333452295637e+02 -7.834002590940394861e-02 6.081376850624794876e-03
2.160691281697601767e+02 6.589236710694357271e+02 -2.471938167266869539e-03 6.627342782502466294e-04
3.355924941504790127e+02 1.065679195990062226e+03 1.265840206008531478e-03 1.969006459371530106e-03
1.219037126024283680e+03 2.924473506373994383e+02 5.730091652401663183e-01 -6.746361425772498532e-02
6.131768708997699378e+02 9.800817645246510210e+02 4.032680563320798495e-01 -2.287706821198208784e-01
3.294105969723505041e+02 1.068155255779843856e+03 -8.036922073256841728e-03 -7.774819879366735333e-03
7.706251016085504943e+02 9.085484230436518374e+02 4.691433683897162643e-01 -2.289354022658899590e-01
2.988058525028902750e+02 5.497054774594561195e+02 1.154699703857492606e-03 7.097386202546955569e-03
1.148733050942708132e+03 2.454242377811295341e+02 5.223294520568166552e-03 -3.125372445337029365e-03
2.188382299777639162e+02 6.471912958330934771e+02 3.915900896143426763e-03 2.010935755703877059e-02
6.877374410767865811e+02 4.289139783515066711e+02 -5.259767239120114457e-01 1.510162673581257886e-01
2.562163140160266721e+02 3.557476421804769871e+02 3.949301912523801167e-02 9.043194308739853360e-02
8.508361160558724805e+02 8.790637499571781746e+02 5.625373442800929435e-01 -2.631462544575490226e-01
2.065258616915722882e+02 5.133413167077235357e+02 1.774389293671285337e-03 9.750957663503877909e-03
1.105681419525211595e+03 3.226080290711296925e+02 -1.974074757788345236e-02 -1.493197231748959707e-02
6.351469579597647908e+02 3.851578315880877881e+02 5.854345233796635073e-01 -1.181573241005997310e-01
2.388467253057221740e+02 3.583283769928503943e+02 2.568334538699446057e-02 2.765749901273619263e-02
2.323229666890839837e+02 6.466752851435998082e+02 1.047979963280538658e-04 7.868248792800219132e-03
3.827811078954087520e+02 5.252206256568006211e+02 3.523615297466263230e-01 -3.836444380598694193e-02
6.210934642872718996e+02 9.921899238384178261e+02 4.217987900810266089e-01 -1.984643128254692523e-01
3.632816149333925750e+02 5.370970652584991285e+02 -1.320812809612780248e-01 2.753027030659344759e-02
2.354982596146355149e+02 7.570577084703688797e+02 -7.089946430246617378e-04 4.010853439264999362e-03
3.706590627162009355e+02 5.144969671670247635e+02 -2.328549006056670756e-01 4.321002264869026194e-02
2.421758578838929452e+02 5.084743448373976662e+02 1.384869253863030281e-02 -8.259540036849355449e-02
1.195647741296275626e+03 2.164631723719720640e+02 -1.628015626407738337e-01 1.526023409688027736e-02
2.231297288991191010e+02 7.649326960087261114e+02 4.278008653525972732e-03 3.660739271805537806e-03
2.818276119804330619e+02 6.723408964137056500e+02 1.547121227942945161e-03 1.660242213035579119e-03
5.079420945679328270e+02 1.095960402623805066e+03 -4.616008743168351636e-01 1.532271136808963097e-01
2.546677139783951134e+02 4.125122855748768416e+02 1.986700039293960024e-02 1.024774503700978251e-01
6.984566827095936787e+02 3.858134530842097547e+02 -4.788681189241001945e-01 1.783540058874496792e-01
5.998898043848478210e+02 4.396095506255153964e+02 7.128147671810202146e-01 -1.675997717617157268e-01
1.131293799338341842e+03 3.592292166869127641e+02 -1.191176137109044297e-02 2.045886157966919291e-02
8.282008898350795789e+02 3.555638196280871171e+02 -5.217994700932039320e-01 2.030123721205062681e-01
2.588607111518403485e+02 5.078317305212814290e+02 4.962704988009835477e-02 -1.014471061264689278e-01
3.462786607142236903e+02 5.469236591118998376e+02 -5.426960085905663950e-02 1.952070531652310911e-02
2.459200143123714497e+02 3.994243798134555163e+02 -6.474048487910667726e-02 -2.232976003592092029e-01
1.974031640464366433e+02 6.378114200009467822e+02 1.828528327500142034e-02 -1.406105946533232204e-02
2.017570138741545804e+02 6.720110850892118606e+02 1.453774539977856824e-03 1.218870510342640046e-03
5.988330628038737586e+02 9.916813571060534969e+02 4.431618726926845331e-01 -2.259021293470487857e-01
7.200381510133390748e+02 3.732175141353865797e+02 -4.710329054058425835e-01 2.011211364416685687e-01
1.044732658489234382e+03 1.682367710494761752e+02 7.747815728247146871e-02 -2.033875816038889506e-02
2.583342365148888575e+02 3.428750016578214854e+02 7.835518405503274272e-04 1.677316062852644840e-02
5.983792356547386362e+02 9.844871025554299422e+02 4.431034751553746820e-01 -2.187280478910872961e-01
7.059635838647185437e+02 9.620906819140971038e+02 4.924089313975278936e-01 -3.053079505649498038e-01
1.091553785929746255e+03 1.963403216110981191e+02 -1.362255582717348265e-03 1.202729930317427949e-03
1.042063735942731455e+03 3.121771055947973537e+02 2.438290179431222282e-01 2.560687613502333204e-01
7.150667837920692591e+02 9.727862464586095257e+02 4.489784254114166373e-01 -2.287370175176863529e-01
2.425541112088546640e+02 7.237503471388071148e+02 9.633588889837798068e-04 -2.993316886493693763e-03
1.002352784577004400e+03 3.719140231368442642e+02 -4.620742504725697600e-03 -7.309456333885437293e-03
7.540853996876163592e+02 9.141777459636216463e+02 4.959402651209648960e-01 -2.592262469657052870e-01
3.696579167100298378e+02 5.419702856743580242e+02 -8.036569139195624822e-02 1.026619570215828343e-02
2.594912243974152943e+02 5.639818379306368570e+02 -6.864083347240898351e-03 3.961191489470185928e-03
2.490695814091907323e+02 5.878925207741442591e+02 -4.866962522039039777e-04 7.790238048697250119e-04
8.278029047314614672e+02 3.637121124108341519e+02 -5.509200762724555389e-01 1.807238044247701514e-01
3.651509777463372188e+02 4.820682850721528894e+02 -1.915250914483982436e-01 2.177898507566754585e-02
1.097093316335003692e+03 2.918004056878811525e+02 2.749686762774492532e-01 3.238706490753360812e-01
3.771806377193535127e+02 5.372849111959219499e+02 -1.356527487403611509e-01 4.733857632164575890e-02
4.461968455746366544e+02 1.093467799467754048e+03 -2.108915067445562563e-01 3.759964796923861985e-01
2.638578034666727490e+02 4.874557736358893862e+02 3.151469655612309378e-02 -9.286535946794197138e-02
7.391374480582117030e+02 3.952914147601833292e+02 -4.667201773829043887e-01 1.399561016355591325e-01
8.902703320842127823e+02 3.829546940595553224e+02 -5.480608694260640235e-01 1.543724650020830425e-01
1.155665911459965628e+03 3.576283084977694671e+02 7.491960875537224951e-02 -1.197572723562513042e-01
2.357227650856512469e+02 3.468568136403062567e+02 3.198978882229151083e-02 4.230943843114434028e-02
2.575313290552310264e+02 3.275309848224461007e+02 2.616537249367064701e-03 9.540745184057017672e-03
2.360311898145854173e+02 7.495190189032149419e+02 -2.467325994419945941e-03 -9.089672039892482359e-04
3.465183836284218728e+02 5.212215779729152700e+02 -1.751301161300506115e-01 5.415906686293807393e-02
2.482166417982994915e+02 6.321810489772207120e+02 -1.556148429651469517e-02 -7.869466496573511785e-03
5.603630011921910636e+02 9.868300993420175473e+02 -7.349833561765731771e-01 4.102942135484208830e-01
2.215008527202137145e+02 6.072055964589761743e+02 -1.710877193594421064e-03 1.429433933161376215e-03
1.140114310184007991e+03 3.220408591564500966e+02 -2.147718480870196983e-02 1.767986331181121626e-02
3.926613593032934659e+02 5.209183848276830986e+02 -1.626214419198570849e-01 6.579443881586562182e-02
2.599479331956451915e+02 3.699545992885034593e+02 4.939242575544298269e-02 1.411862424030637664e-01
2.596794373218404530e+02 7.207942513906290287e+02 2.367135653922685778e-03 1.158990199203322174e-03
1.217054454687083762e+03 3.742455109780295288e+02 -1.565206279342374295e-03 -8.733356610313835339e-03
1.114791148713612529e+03 1.882254661899116854e+02 6.952156318754199385e-03 2.272539151448792899e-02
2.634928556978135248e+02 3.958038539098001252e+02 3.534406612237885742e-02 8.394506989658102880e-02
2.253784280692174775e+02 7.560896385544427858e+02 -1.987959864913005012e-02 -6.027149919507585399e-03
7.603316494127116130e+02 9.622996869683332761e+02 -7.363925366674317630e-01 3.054416431927557407e-01
6.618832004523020487e+02 9.802226302221159813e+02 4.338830249129080885e-01 -2.177244448631181772e-01
2.704043562552079720e+02 4.944911898598737139e+02 -7.131504167868192579e-02 -9.764526711626557096e-03
1.232204638021470373e+03 3.729686609372496946e+02 6.228193565695871146e-03 -1.226652072548888202e-02
2.791731616479175955e+02 4.972234740973409544e+02 3.519718673928393105e-02 9.167091799419198328e-02
1.129267053397066320e+03 1.970672480652534944e+02 7.483633791354922515e-02 1.320651306108028278e-01
7.709119784486798608e+02 3.804197145362234096e+02 -4.437663165131671139e-01 1.908649876617963259e-01
2.561556661337850187e+02 4.352316594406559602e+02 -5.638579482479426364e-02 -1.789241493550835505e-01
5.777742932394261288e+02 1.041602790699390653e+03 4.493927708434660717e-01 -1.512870884488809742e-01
5.354272010127109525e+02 1.034924526773495245e+03 4.167975920600902606e-01 -1.816637347506970812e-01
3.141385214822298622e+02 4.989154789543134711e+02 -2.875189358372149534e-02 -2.709563096069902283e-02
1.099684714038359061e+03 1.655077911254067544e+02 1.053491831428368490e-02 -5.591387392557620878e-02
2.151033321356622992e+02 5.343695105417363038e+02 1.768168001769986897e-01 1.014499420494073545e-01
2.480486641220225863e+02 3.219286742597806779e+02 -9.648910335408012254e-03 -1.196048718356556781e-02
1.056932567180564092e+03 1.868077238364571144e+02 6.814354405376002628e-03 -2.928727298094914964e-03
1.220203747707200819e+03 3.342561492065987636e+02 2.639458276417007143e-01 1.048159476932598866e-01
7.632865122130376676e+02 3.589715091183163622e+02 -4.410409660668928034e-01 2.236010981733171921e-01
1.079473963543712443e+03 2.216612159417363728e+02 1.313649946224575323e-02 -1.401267065953466957e-02
8.090049401676284333e+02 3.428778755908015228e+02 -4.607315593767083439e-01 1.418500891837445321e-01
1.070431351412229105e+03 3.036196457997655216e+02 2.854964979467555786e-01 3.984263978966372521e-01
2.030029644836015734e+02 6.450421318612686719e+02 -3.323397123750456133e-03 -3.656848358515828873e-03
2.128724710901634865e+02 5.410687446502136027e+02 2.077520019144369345e-01 1.205823243862038097e-01
2.754974615580908903e+02 4.982735802076982736e+02 -6.510049269684990703e-02 -4.087260185260595952e-02
1.251054837767372646e+03 3.323154486156944358e+02 -6.221491813027685974e-03 1.285304783534785625e-02
2.879455543707645120e+02 6.181249553705370090e+02 2.051616413255167909e-04 -1.159244354716344651e-03
1.174037078473460497e+03 3.821247805120245857e+02 -9.353332783697317770e-04 9.817123237201143358e-04
1.160639782876343361e+03 3.830490890838262317e+02 5.451580544257301044e-04 9.562836676752907526e-04
2.446919996038531337e+02 4.984200416890257088e+02 4.112067596255096491e-02 1.744332863892742586e-02
6.241816956660910591e+02 4.363600078150615218e+02 -6.103739799117082754e-01 3.062193536291866747e-01
2.879687043661191979e+02 5.442380848192076428e+02 -2.127868810215758353e-04 -6.944752541186863769e-03
2.857414755849295602e+02 6.467969790556514909e+02 -1.935827414212267774e-03 -2.375280614300848483e-03
3.269555967775701788e+02 5.449061139370624005e+02 3.119963982526101007e-02 -2.748934906478012544e-02
2.094640754973679293e+02 7.369362820100407134e+02 4.026472191361225167e-03 -4.142005235080162620e-03
6.016685918294725752e+02 4.057888292760828222e+02 -5.617979219790010248e-01 1.432571428030013916e-01
2.456289425003943734e+02 7.273195083437251469e+02 -7.151472237566313707e-03 -1.246622304623286152e-02
2.877815204014553956e+02 4.685242538402192167e+02 1.806442268137644584e-03 -1.782856405477762458e-03
2.399411081647971002e+02 5.580810214154558935e+02 1.190497559140145795e-01 -1.081057516039954230e-01
7.143046061281509083e+02 9.438269361636076837e+02 4.412424872545619436e-01 -2.352281212004781741e-01
2.764974282981846727e+02 4.056456182908360120e+02 1.712883422383489410e-02 5.062803797473278827e-02
7.954733968387897676e+02 9.108155996591495978e+02 5.136165420935653314e-01 -1.813769259950193669e-01
2.532412476009355657e+02 3.079643853776094602e+02 -1.583665068674680598e-02 -4.399919348382541617e-02
1.154612861501585940e+03 3.731753925273505388e+02 -1.964209990164097683e-02 4.363188749415305295e-02
1.161663391901806335e+03 2.276695384358363583e+02 2.577071640830987023e-03 -5.335022973066306379e-04
6.854079124413761974e+02 4.195771891367351145e+02 -5.331086758691400140e-01 1.445716556295568445e-01
2.156104724532717114e+02 7.616240479590492214e+02 6.998219006312288767e-04 -2.813050617983253211e-03
1.061155697394468234e+03 3.024958836374295288e+02 1.791540208045586391e-01 1.225343857567351424e-01
1.230482330905775598e+03 2.465314424804176667e+02 -8.200445955429194744e-03 -1.141249156482348169e-02
2.567948099648926359e+02 5.215724461026229619e+02 5.585123468992998774e-02 -1.208728188096628298e-01
1.211288286418652433e+03 3.099138483265104469e+02 1.856304945851778784e-02 -3.829693158568621414e-02
3.168823313549493719e+02 4.089163088129317885e+02 -2.139518145800127502e-02 -7.553467196635998970e-02
1.135033416798599546e+03 3.495899078306066485e+02 7.219994379781409857e-03 -1.856678179896028430e-02
1.161214594635507865e+03 2.946171461545073385e+02 2.926377060285171861e-01 -5.860966298454196172e-02
3.787605627671858883e+02 5.486508775462281164e+02 -1.383280059991195687e-01 3.233330558650057002e-02
2.465925562638967676e+02 4.841810152141952130e+02 1.368462443251374817e-02 -5.814195415541239739e-03
6.131251097553951013e+02 1.016130645800587104e+03 4.437118147319946138e-01 -1.889826120293277845e-01
7.555258598602949860e+02 3.815449514671175848e+02 -4.853054052631669557e-01 2.067990260563508653e-01
1.891938037136256412e+02 5.748929529335337065e+02 6.123096484203632015e-04 -3.359859805957759928e-03
1.051450659044256327e+03 2.178948202649681605e+02 -3.132252868994832296e-02 1.176069571676718190e-01
2.417894547979490198e+02 3.211471128093537573e+02 2.553550043808229097e-03 9.740237078021171668e-03
1.235836756031708092e+03 1.328212863596116335e+02 -4.671313371590718119e-03 9.450592394988415954e-03
5.888899515954927892e+02 4.296494924710009400e+02 -6.073266422364305139e-01 1.717932309688212367e-01
1.212869047746045908e+03 3.021959084303798022e+02 8.588863315104966478e-02 -3.694361926571416987e-02
2.678263486482704820e+02 6.647389646876380311e+02 2.324273156194287936e-03 7.372783799344616480e-03
5.509806573699836463e+02 4.567768804269929888e+02 -6.028503697273659423e-01 1.832590503746396038e-01
1.173694045473377855e+03 3.061347394764950423e+02 2.196679693704819691e-01 5.094131224614676517e-02
6.440921368455103675e+02 1.019617384377425878e+03 5.343444853181537058e-01 -2.554276951040836963e-01
3.965485871947977330e+02 4.999326390673028868e+02 -3.088968204555821995e-01 9.273104001868889834e-02
2.751149591418198952e+02 5.818889462353607769e+02 -5.503990321476476787e-03 -1.356703966719168854e-02
7.599049883759900013e+02 4.026227379829502411e+02 -4.107352217616734302e-01 1.068392461108728514e-01
6.425908765963971518e+02 9.928716871315058370e+02 3.842467782367631202e-01 -2.320757965554393343e-01
1.190190426977199422e+03 1.991903263653485396e+02 2.039785607090686265e-02 -3.049080593290013838e-02
7.689015937299220695e+02 9.025339155513721607e+02 4.944931908458820025e-01 -2.089305254760606412e-01
6.381137578220761952e+02 9.889829391030868919e+02 3.974603491432522895e-01 -2.073994937004049466e-01
2.348206374166899479e+02 3.199300453886992841e+02 -1.508574215859421206e-03 1.889791574964226227e-03
2.285725730479536253e+02 5.360346189146949882e+02 1.932777973034730812e-01 -4.631509086496943262e-02
2.781435398475437637e+02 4.723851408362287430e+02 -4.133249236189000253e-02 -8.418519233475932340e-02
1.190334642110927007e+03 2.297650417561625602e+02 7.127345291969999601e-03 1.170737201630232729e-03
3.268932651190742718e+02 4.908519558024264029e+02 -1.726030980696780653e-02 -2.802679465997475611e-02
1.126957804784007067e+03 1.770648116352189163e+02 1.082586434153141181e-01 4.313424164211546175e-02
6.762054559099710787e+02 3.957488899857623323e+02 -4.987011104105166237e-01 2.002995761309746547e-01
9.063382591983099701e+02 8.771920692080269646e+02 6.614019358513846258e-01 -3.205267056403844350e-01
3.273595497196652104e+02 1.088551294151105822e+03 -5.843467041913889652e-03 -3.765677258996057934e-03
1.069590196681445377e+03 2.593166944121936126e+02 1.947751007620975583e-01 2.639266603721434623e-01
2.588727859384742942e+02 5.927160830523698678e+02 2.533037850570235908e-02 -1.477223000039776940e-02
2.819591219406339633e+02 4.563143973267112301e+02 -6.603533203831217502e-03 1.850220431389750300e-02
3.415067108526181414e+02 4.983769793480397539e+02 -1.048037717602810642e-01 1.906977529889031242e-02
6.302631341115632040e+02 1.032368679445362204e+03 5.594316070265902274e-01 -2.088372348262527989e-01
2.132531312551850533e+02 7.184433154334175242e+02 9.019361905395366147e-04 2.695672387838133222e-03
1.111650621739574945e+03 1.548412407932904387e+02 -4.417276042050562179e-02 -4.159804199072748843e-02
3.266255821233627330e+02 5.109426606599427032e+02 -1.089241742309473016e-01 2.570154401673947417e-02
6.759276244666748426e+02 4.685681987933317032e+02 -2.606179932489803824e-03 8.490388157819964143e-02
1.159039676635384922e+03 3.558211541548053560e+02 6.609221245195057159e-03 -1.936318854282069110e-02
2.996642021393445248e+02 6.032032430595443202e+02 2.370827988453818192e-03 5.844408857118390307e-04
6.220701366456023607e+02 1.025793636283999604e+03 5.904428879885794679e-01 -2.287941664427839139e-01
2.237316202457137138e+02 7.039703719294460598e+02 -3.472291358871087540e-03 -8.133392439758338390e-04
9.071115844316996117e+02 8.671441434483509738e+02 6.836632422842877643e-01 -3.241616894833828644e-01
1.973824801318678794e+02 5.356657248561191409e+02 1.376795133791066383e-01 1.727139712986965059e-01
2.490636108031165747e+02 5.041249286392756517e+02 2.500308932226886008e-02 -9.508273649170448372e-02
7.469744791948942293e+02 3.644745200452744029e+02 -4.678088481212607785e-01 1.848630094786663236e-01
3.611274065578309092e+02 5.278619785914702334e+02 2.981972684255572159e-01 -8.418280929347114749e-02
1.950535158552725647e+02 5.328856353403126604e+02 5.126508096281560262e-02 2.154624520443742808e-01
2.228318060356420460e+02 5.540245782798727987e+02 1.474485426626904183e-01 -5.719326720548739869e-03
1.015496192794716421e+03 2.554145073504606671e+02 7.735312451496151320e-02 5.229320457449071480e-01
2.822496374542099034e+02 4.839316631374651934e+02 -2.865611071544408445e-02 8.003328665282504958e-03
8.714307175455216736e+01 3.668139248925252218e+02 -8.521155501029210877e-02 -2.455053194144445061e-01
1.220057370460088123e+03 3.530546242699388131e+02 1.341624750046834791e-01 8.777372850942139967e-03
1.146395466346616786e+03 3.487532762293039923e+02 2.075692914374512379e-03 7.924676234191756988e-04
5.041682905923094609e+02 1.088030250995005645e+03 -5.077819233734295334e-01 1.654798172454716720e-01
1.168392563819528732e+03 3.846512378700388695e+02 -8.901148477443622401e-04 1.078953906589351017e-03
1.230845951938651524e+03 3.400780765342867085e+02 2.951174805062030115e-01 8.081039324143729496e-02
2.812809749546760258e+02 4.628221130494113709e+02 -4.059823407061401851e-02 2.032013492180509071e-02
8.718826324452068093e+02 9.059114850494971733e+02 -5.595508294095868917e-01 2.390370579525691319e-01
1.103716491909308616e+03 1.606729083629488457e+02 1.875841700597389305e-01 2.211136360865189471e-02
1.066983626792412451e+03 1.803801957757499679e+02 5.512071652836510183e-02 9.904600871666957573e-02
8.095856141013783827e+02 3.754506812634595576e+02 -5.183663381487725319e-01 2.096485263569878854e-01
2.362578950671247071e+02 6.996173581532342496e+02 4.376799439880317728e-03 1.206524774118244601e-03
2.008062663133549108e+02 5.775086786570127515e+02 -1.052464235225904644e-03 1.314118523052934268e-03
2.436737723607897408e+02 3.066998325903644513e+02 -7.791968400314576004e-04 1.374240069504022643e-03
1.037916767585738626e+03 1.793314817583971319e+02 -9.367895037696756522e-04 -5.146874532539610914e-02
1.070106967271488429e+03 1.981214412626113415e+02 4.111344429404225481e-02 -2.308604551900082444e-02
2.330265012463653420e+02 3.325547987654319400e+02 1.977004212630200514e-02 5.613979402237261052e-02
2.351080872485680686e+02 3.086923119949225338e+02 5.496552658903589711e-03 6.304632427371091759e-03
1.140244227664495156e+03 3.403629076504875570e+02 1.207967795788153801e-03 -2.370683182296979327e-03
2.259354227876297330e+02 6.660401178232742723e+02 -1.818478438628623114e-03 -9.814768248762079268e-04
8.028813239044276315e+02 8.859223044828545426e+02 5.947605517252351204e-01 -2.209435430365863096e-01
3.004277173199934623e+02 3.978433131054879937e+02 5.110844643648324546e-03 1.205042018085915843e-02
2.830210650536229764e+02 4.464238597325912679e+02 3.113275383593825524e-03 8.670651312217619519e-04
1.104733547171886130e+03 1.986779439027681917e+02 6.111427913447862320e-02 -7.227749882681119842e-02
3.284921142678404067e+02 5.027119900028951065e+02 -3.176436607125174283e-02 1.335465289225614381e-02
1.244374683741046965e+03 3.979021164498923895e+02 -6.184511778230606001e-03 7.105076745739380938e-03
1.153712400794848463e+03 3.389773354519322197e+02 4.113618421473405964e-03 -7.544339613151679336e-03
2.721629055826931562e+02 4.625546271453117697e+02 2.656447781203942135e-02 1.071074347337591659e-02
2.185842805663941704e+02 6.332682704777105300e+02 1.825186959131945596e-04 -5.065794602211945441e-03
2.540448198266690838e+02 3.686414639781945084e+02 3.536333015776534083e-02 1.177319715267039629e-01
1.172711861655224538e+03 2.242269907677213325e+02 2.143832415785849183e-02 -1.873257634708852190e-02
1.172254838844265350e+03 2.463979785438787644e+02 -7.844495804879397446e-03 3.279129825444886126e-02
1.110683007946123553e+03 1.859287782813120771e+02 6.002229146448857799e-03 2.894099948973334960e-02
1.155425308620523538e+03 1.943986655397281709e+02 1.474076457825413897e-02 4.601424691138966683e-02
6.992837426916530603e+02 3.914098948241347671e+02 -4.681612366494578570e-01 1.144934967399293679e-01
1.067022845276113230e+03 1.638446260393610032e+02 1.081655124675632018e-01 5.803868978238688192e-02
8.124521637540613028e+02 3.859024152135314125e+02 -5.362944903911993633e-01 2.693482645850566182e-01
1.062017796956202346e+03 1.960684186025865188e+02 6.308296424254642397e-03 -7.091445440181868426e-03
2.365733156588582062e+02 6.799658256966959016e+02 7.763037770874882566e-03 5.545980392298588413e-04
1.106786530559572839e+03 3.477032319330197083e+02 1.378484416733666111e-02 -1.376654800865050911e-02
9.448406550101998391e+02 8.691485127080338771e+02 6.549158482314902940e-01 -2.426555692463942815e-01
1.165371934908869662e+03 2.479629300526278541e+02 3.617250542112003964e-03 -1.849529752859531417e-02
2.572987158884355381e+02 6.805191516141735519e+02 1.091692123679877113e-03 4.722415116674764241e-03
6.092729424150541035e+02 1.011321654005948062e+03 4.446229710710244420e-01 -1.946488535035627299e-01
4.111587577583982807e+02 4.602432565845163595e+02 5.872386103888888043e-01 -6.797057180418868139e-02
1.237329540104571151e+03 3.285598872484178514e+02 2.987452046463658917e-01 7.036672033262508785e-02
8.763780003496447080e+02 8.758417467251573498e+02 5.578847712681782589e-01 -2.379911624429996153e-01
3.472829865815410813e+02 1.071588012365767099e+03 -3.698715695372592482e-01 1.126391899778543954e-01
1.055005158573454764e+03 2.953446492777668482e+02 2.548541226781658731e-01 2.833333283604167474e-01
3.638956468726482854e+02 4.857265799876789742e+02 -1.864528470510193880e-01 4.059916628326145499e-02
1.137350620176733401e+03 1.490047362479171227e+02 8.468132411130141479e-02 -6.948856941462655014e-03
1.205162658966760546e+03 3.039349255562581789e+02 7.566101302678578111e-02 -1.085665430373854989e-01
3.671045431827369043e+02 5.312509635006549615e+02 -1.396007169815514370e-01 2.886460476124154059e-02
4.397162200866147828e+02 1.090038379976952001e+03 -1.826864290989309303e-01 3.809446958196346933e-01
2.493966265230530155e+02 5.228168487025402555e+02 3.187337466475315129e-02 -8.927161037495870421e-02
1.187392891558212341e+03 2.504668580705883016e+02 9.733956150438021621e-03 -1.799159839918480774e-02
2.577116638582756991e+02 4.108892708111737306e+02 -6.395396442236111686e-03 8.012833098929816877e-02
5.791955721308183911e+02 4.021487989762049438e+02 6.164875270613384695e-01 -3.229601459662236884e-01
8.340953628301815570e+02 3.884481885945716044e+02 -5.117730349182493255e-01 1.269922604426961810e-01
1.089521156941547815e+03 1.769120598672859614e+02 4.004183439338244305e-02 9.091414786722776253e-02
1.260295464007592500e+03 3.845533891370790798e+02 5.775621923041650806e-03 -1.256880814691211865e-02
3.043765421137757130e+02 6.214907052812890242e+02 -2.944386724921329787e-03 -2.448343239304206359e-02
9.923486633414224798e+02 8.085547080200018399e+02 -5.300064872289234064e-01 2.551175012151951083e-01
2.593398587751956370e+02 5.554104604774013296e+02 -7.583590721639164867e-02 1.297032724695993955e-01
2.351559649591038124e+02 3.676744665083697896e+02 -6.643902558771723477e-02 -2.678744858759157799e-01
5.749967960215093399e+02 4.215364531395721315e+02 -6.142597395940363469e-01 1.925166638654467188e-01
1.146304115910631253e+03 3.790639088903704419e+02 -3.848110788450219248e-03 2.007914518808342694e-02
1.062796597971692563e+03 1.697940794306405792e+02 6.618200329080312083e-02 -9.283451273017986546e-03
1.174983898807787909e+03 1.790065669990989932e+02 -4.446429236048799437e-03 -4.629332928248409453e-03
1.184273832823507746e+03 3.789108431244649751e+02 -8.728573103787698809e-03 1.505476928709732938e-02
7.150826757883108939e+02 9.306379727695982638e+02 4.633274375023057057e-01 -2.442690649599507102e-01
3.331932867420897537e+02 5.203868400353487687e+02 -9.362475940025211107e-02 1.608155964149120612e-02
9.850997937467126349e+02 7.342206219573979524e+02 7.361020123834585184e-03 8.031507323086753761e-03
5.857527054362441277e+02 4.600031018808048202e+02 -5.752426718337706468e-01 2.363725610763266205e-01
1.043618914221065324e+03 2.701569346723932767e+02 1.428008890211796278e-01 2.996460315111260098e-01
2.886577285142536766e+02 6.628153130929197232e+02 2.401519015513082968e-03 -1.043711710391481522e-02
3.286020314061909176e+02 1.096792465813028457e+03 -2.591546761487618644e-01 2.213602812079947801e-01
2.522838593935946676e+02 3.700000924642432665e+02 7.990227945221405059e-02 1.309489466407887659e-01
2.496119639171293443e+02 3.801624651256523180e+02 2.715078691723713661e-02 1.027565717074037238e-01
3.300931440893587023e+02 5.202732937387114589e+02 -9.357324836139412072e-02 3.238727600916880417e-02
1.002500638460212599e+03 2.438888396347097682e+02 2.460095525990448409e-02 3.517327916708752333e-01
1.138485965894632045e+03 2.164343747879590580e+02 -1.135408019577218708e-01 1.378430221294902613e-01
1.121711347249914752e+03 2.424697805309021987e+02 5.169431109100577904e-03 4.941295014280306166e-03
2.663161968178592360e+02 3.837362312473077850e+02 7.618225229611488847e-02 1.424914547492318329e-01
2.804908106744344991e+02 4.941899424112644397e+02 4.113605657789663229e-03 5.608080474697580559e-02
2.579029972432844602e+02 4.434522254332770785e+02 -4.021069966642196875e-02 -1.855501075599443328e-01
2.497971691625388928e+02 5.951497449733168423e+02 3.971181974116918915e-03 6.792030434536569170e-03
2.330019730286486492e+02 5.065432871071080854e+02 -6.537262776276975274e-03 6.081255722481521261e-04
1.088982670322111289e+03 3.319534825789366437e+02 -2.077546544813518858e-02 -4.626697214725576657e-03
1.180437776078507113e+03 2.244609742084689969e+02 8.230523605633796157e-04 2.770024543335716750e-04
9.986190176805195051e+02 8.099514437566232345e+02 -5.228665985671262506e-01 2.481024146821475818e-01
2.868439511536279269e+02 4.915712319312598311e+02 -5.306150645091662482e-02 -3.930999139467163811e-02
8.600837624065268301e+02 3.987912365139904409e+02 6.579583259043917387e-01 -2.162899136452242355e-01
2.656834558100910044e+02 6.023502800010450073e+02 -8.999282135238611700e-04 5.973008846460811302e-03
2.693608176561672281e+02 7.344316850913343160e+02 2.161518536984721739e-03 -6.946631411854396927e-03
2.415182415386306047e+02 6.146458257023067517e+02 -3.028013276127357063e-03 -9.935830420290855600e-03
1.111467944878384969e+03 2.256245089704817133e+02 -5.696627433915880251e-02 1.036703737619581039e-01
1.296867871908576490e+03 3.402725787234548420e+02 4.192762988547615866e-01 3.631130077908696629e-02
1.120104442737117097e+03 1.497579304986397517e+02 8.207929374825337354e-02 -5.341747832179207650e-02
1.055225007183791377e+03 1.820426585637019343e+02 -9.536749658421078690e-02 2.047403098690367060e-02
1.078410424006103540e+03 1.892426837627657221e+02 4.500234714723459067e-02 8.572410679316294635e-02
1.253538633171317997e+03 2.762738071162456777e+02 -2.440660557424800467e-02 7.513071353580381626e-03
2.500547101495433253e+02 6.867393564881560906e+02 -3.508900903461486739e-03 -1.161005452698614382e-03
2.308624845243892878e+02 3.019923280865313586e+02 -1.154408752463473471e-02 2.010665828178128181e-02
2.640791524685161562e+02 4.945853564988921107e+02 7.567865401187650817e-03 -1.028189403085735115e-01
2.758373525927277683e+02 5.333169295287166278e+02 -5.408189240017747396e-02 1.116239898427411892e-01
1.894024186551419575e+02 5.164781157706780732e+02 5.946345437188886585e-02 3.433550484286697624e-01
1.075120766441407795e+03 1.739883290836523884e+02 6.351800872552176846e-02 7.509299644469437374e-02
2.438963398934238569e+02 7.354806521852266314e+02 -4.221766684182311560e-03 -5.686351576781195800e-03
1.896289588278423821e+02 4.881050495976859906e+02 -1.050464333816110846e-01 -2.740929462833628372e-01
2.716785223648872716e+02 4.393284489773502060e+02 6.336405134734917483e-03 1.589602861467780473e-02
7.049444291360752004e+02 9.680339706061040488e+02 5.008964026967870353e-01 -2.920845458222854907e-01
2.847507541385473928e+02 6.850823165609984926e+02 8.017239971006420024e-03 -3.291471322525170006e-03
1.950956969822672420e+02 5.099154031531025453e+02 -2.262035108409742312e-01 -1.457824520204936414e-01
9.905792703333381723e+02 3.538111880674059080e+02 1.171902337147824769e+00 -4.283293167694597892e-01
1.172410955903258582e+03 1.667569089651582601e+02 2.280239826313845697e-02 -4.889570567117244859e-02
2.294861000052334816e+02 7.027743496202650704e+02 -1.413185626091998954e-03 7.359374925824953284e-03
2.421305177995627957e+02 7.129126149511412223e+02 1.701865416747253132e-03 -5.666557874407078879e-03
2.446898419248629750e+02 7.713388596114178881e+02 2.191135503335964879e-02 -2.889356580414691525e-02
1.147643717347046504e+03 1.931826915388338080e+02 6.682622652821766304e-03 1.342865818117862549e-02
1.191940448360451001e+03 3.740457464986126297e+02 1.058149909759227786e-03 -6.074957441426542858e-04
1.091506266092085070e+03 1.845335597897532693e+02 8.599691102303590184e-02 3.113576549257786666e-02
1.183005903680038728e+03 2.331774916146558496e+02 -9.978181699465279129e-04 -4.892597261137253579e-03
1.878218056131402989e+02 5.241977636085839549e+02 8.949609053880799858e-02 3.854658005659558628e-01
2.720271664718720785e+02 5.529486811892815012e+02 6.588204819899831470e-03 3.304274233783817665e-03
1.156345233495482717e+03 3.007196741084848099e+02 2.604481047480233097e-02 -6.834065638340611204e-02
2.794826415842529173e+02 4.278026878395567110e+02 9.722850302290510227e-03 9.644740711710390879e-02
2.442842421190297273e+02 6.840976419521384742e+02 -1.671362400138109950e-03 1.598093982931126159e-02
1.283394562439894742e+02 4.214010535165742226e+02 2.305028793542825138e-01 2.632456708392030831e-01
9.541758424448925098e+02 2.914589762232201906e+02 -4.132331979760219820e-01 3.722591314901012027e-01
3.303490844447769632e+02 5.388744938339159489e+02 -2.968005173629828172e-02 -2.532431099661206983e-02
1.174729034613315662e+03 1.702858287437131821e+02 -2.017145172270163461e-02 -9.643540463095163703e-03
3.088307546155647856e+02 5.627538821100263249e+02 -2.104697285559135531e-02 -2.450304677985500404e-02
1.268292208834479425e+03 3.401595382832117025e+02 -4.346586400592113431e-01 1.208336294638907016e-01
2.797622807053202791e+02 4.595257891984920775e+02 7.404422889021476141e-03 -4.018996452605234047e-03
3.389052590675530041e+02 5.420975621855363897e+02 -5.277594002534791162e-02 1.840080187427211439e-02
5.733415333836823038e+02 1.034561628674939584e+03 4.396958322241215078e-01 -1.281089337391028704e-01
6.170227215545285162e+02 1.055639478916725238e+03 7.531654009998890453e-01 -9.150342479129354445e-02
8.278565696230197091e+02 8.883563586854461391e+02 5.248052500180440116e-01 -2.827476884525932377e-01
5.939305608957959066e+02 3.936307856018996176e+02 4.916634308159023026e-01 -2.615599957174177814e-01
7.509172049504671804e+02 3.891097838653905683e+02 -4.702065248107380468e-01 2.171798332757333971e-01
3.276308944812416826e+02 5.288765153304225350e+02 -1.178428641613395861e-01 3.375952733046737320e-02
3.546957452127660417e+02 4.838116885658295132e+02 -1.883335269837363435e-01 7.138551027514049123e-03
2.052652751874711612e+02 5.814709839306999584e+02 1.293690597921459406e-01 -2.827755598514856694e-01
2.887911022893031827e+02 5.748337517848286780e+02 1.057158427516417809e-02 3.550269403793136942e-03
1.155345266031846677e+03 2.985427561017229436e+02 2.639510347003169444e-01 -7.893892440234304142e-02
2.973592916802653008e+02 5.408014154917160567e+02 -1.681761293828611462e-02 -4.115459534225262357e-04
2.198782939475560454e+02 5.990055661152182438e+02 -2.386489436692563193e-01 1.913711465387873678e-01
4.300878128810070962e+02 1.089849480109154456e+03 -1.923853413382612676e-01 4.232219139053265966e-01
1.222052250634841585e+03 3.267526470570247170e+02 3.668101296797665056e-01 7.230825319493192939e-03
1.129457026023363142e+03 1.886867336314913643e+02 1.025769687729833901e-01 -1.610839644403763982e-01
3.212621538405008437e+02 5.408053896663836895e+02 1.017246785138389287e-01 -1.129064998396906577e-01
2.345760206558034042e+02 5.751189975607425140e+02 1.339166463689104268e-02 -6.750225098620254646e-03
1.193073947088626028e+03 3.912574173642105393e+02 -2.633774146434547398e-03 -7.952949473880524187e-03
9.436193074171807211e+02 2.860588053057950333e+02 -3.780212323000332608e-01 3.179996937649594013e-01
1.176711992021798324e+03 2.130063436136022972e+02 -6.984066470788165108e-03 7.790609429892160487e-03
2.519637290575903705e+02 5.648606689850806788e+02 -3.737378730191960596e-02 1.659462161324523899e-01
3.361449861560978434e+02 5.118330588913016186e+02 -1.131782726121319527e-01 1.343671003169816594e-02
1.240375976664194923e+03 3.096325958224613260e+02 1.242571426012158749e-03 6.833311079140791042e-03
3.478304236023506633e+02 5.284245979917063778e+02 2.680307284118647049e-01 -1.131680731994308270e-01
1.240288236946790448e+03 3.434753314580746064e+02 1.922780407857776347e-02 -2.967380147074526534e-02
2.683789686688443794e+02 3.936831116319814328e+02 5.141911137028917084e-02 1.139423902194415250e-01
2.471379196702177978e+02 7.192756607596726326e+02 -2.568656246535171075e-03 8.252812610828978972e-04
2.162488447666118532e+02 7.331008750333231774e+02 1.803500008708563800e-03 -3.961970103535008246e-03
6.260808933726231089e+02 4.294579144108653281e+02 6.505506054078048495e-01 -2.047459304685960435e-01
2.302885483882707831e+02 3.154104973482259879e+02 2.866257283500401806e-02 2.875984364041950583e-02
3.017055004161484817e+02 4.808376340146880921e+02 4.624321021916186561e-03 1.009927912934927008e-02
1.031292201529611020e+03 2.250999396208457597e+02 2.675389151138697352e-01 3.753853078513836872e-01
3.101266864947241402e+02 5.348531572039270259e+02 3.785881616184411796e-02 7.001906082751872817e-02
1.104944436199511756e+03 2.199575461832895371e+02 2.627642347033993468e-03 -9.321904664520246769e-03
2.750809077900105422e+02 4.592758623656301893e+02 6.940882676188959424e-04 -1.591719284400393980e-02
1.030244679804078942e+03 1.630233617469410206e+02 8.995364930432524914e-03 2.295066953215125875e-03
1.153280540612682216e+03 2.918062490863536595e+02 3.281519166202974680e-01 -5.916669367447562750e-02
2.907384543238824222e+02 5.113881804723593518e+02 1.165260272135821944e-02 7.515557187651882021e-02
2.003280757236470606e+02 5.193770735293358030e+02 -2.595011789816428771e-01 -3.525306266570254771e-03
1.129414791153484884e+03 2.437963262944469136e+02 -1.301758782266132161e-02 3.292020209410156419e-03
2.966612869362089100e+02 4.979237898319476017e+02 -1.189429218468398934e-02 -2.705172715730662023e-02
2.763116456362859594e+02 7.280514582849787075e+02 1.574012878353020506e-02 5.768391848541436001e-04
6.824144606891946978e+02 9.322438663443236919e+02 5.018921148857725667e-01 -2.756293498641618211e-01
2.427875142293999033e+02 3.887886383888359774e+02 -5.787945359654680239e-02 -2.373650954195143936e-01
1.118480026927513563e+03 3.067787122122903725e+02 1.727109431390810579e-01 9.806027487094061412e-02
1.174551463147314735e+03 2.489405702229168753e+02 1.265219357472206242e-02 8.246345446049517178e-03
2.426053193562712522e+02 6.732185949227946367e+02 3.404261886680952625e-04 2.225613124586167321e-03
1.161885098935888664e+03 1.700340971103958054e+02 -3.035959708298976989e-02 1.692639382430163181e-02
1.804373579385783728e+02 5.066306741139654264e+02 1.231316950635289731e-01 3.947825901057013254e-01
1.141094316468517263e+03 2.451622187277742739e+02 -1.665838525753873811e-02 -1.498308914052575011e-03
4.535245116228011284e+02 4.750231191304069966e+02 -2.646173130595383949e-01 7.098717034813543936e-02
1.188575486152110898e+03 2.537831502591194521e+02 3.149693728418431326e-03 -8.691423665122682829e-03
2.565172090485950775e+02 6.584667033399081220e+02 1.309787659519122014e-03 -4.844237271216494077e-03
1.182006882401205303e+03 1.883004640784536150e+02 1.315815733532827402e-02 2.928508357896902545e-02
1.182070046128755166e+03 3.877054850762757496e+02 -1.055143181557549777e-02 1.170079567609572276e-02
2.087870627223540509e+02 6.144870839191697769e+02 -6.737817187632547111e-02 4.394725787738767986e-01
3.330688006994809598e+02 4.933251417393741463e+02 -4.749326473630459400e-02 5.292754541669367555e-03
1.098634964863630557e+03 1.758247300271437723e+02 5.271180372485086835e-02 -1.163485838577757170e-01
2.428896914374844016e+02 3.380958849043237251e+02 2.615877500736975975e-02 2.118611242568107719e-02
1.028902212789198757e+03 2.223416831962911147e+02 2.736232062382099595e-01 3.604822439380488963e-01
1.167402889275287407e+03 1.595077067696743995e+02 -2.800110312820591058e-02 2.104716046210707708e-02
7.849770941370376249e+02 9.447672481945875234e+02 5.539945350141383118e-01 -2.513177753180638740e-01
1.140951002645153949e+03 1.505539733682840051e+02 4.777682137111498306e-02 1.718068507328904260e-02
1.207118169435304253e+03 2.894059281075074068e+02 7.402752477316813795e-02 -1.247052369879582227e-02
2.899401707973279372e+02 4.656251057458246692e+02 -2.089156915831559460e-03 -4.835160567078182828e-03
1.138800451004617344e+03 1.954153478841998037e+02 3.916428352582073530e-02 1.610080064890409834e-01
1.828807232281453139e+02 6.403905105102703601e+02 -3.571429033767984165e-03 6.519275230210374791e-03
2.935647991004543087e+02 5.175476511518628513e+02 1.796852433793865670e-03 5.679558994683695655e-02
1.156910830913198197e+03 3.157592854119449157e+02 -1.093641254959326799e-02 -1.472032841259349016e-02
2.992092215828672579e+02 5.911428926182076111e+02 4.681536558299883785e-03 1.873502693756968736e-03
2.855026983308288777e+02 5.973600006751294131e+02 -2.272249459586324349e-03 -1.206276673736841887e-02
2.685717480256405452e+02 4.459431973967289764e+02 -4.729554949795392038e-03 -6.130563661734318714e-03
2.992209641962913906e+02 5.250937926166359375e+02 -4.252417833645785739e-03 7.988544550621194673e-03
1.087858781010692383e+03 3.087330726040269724e+02 2.980728693630095849e-01 3.348620228852683400e-01
1.091917313430169315e+03 1.607528620072606884e+02 1.855308917134598223e-01 4.878017896631585415e-02
8.191559440466519391e+02 9.051229354279765857e+02 5.797665014083014379e-01 -2.620722929687694380e-01
2.415666512476861953e+02 7.411322041025300678e+02 9.805337207339588981e-03 5.028707236198159437e-03
1.079023459986520720e+03 1.950054535301849512e+02 -2.210312931470746322e-03 2.514757178930094872e-01
1.131674707830896523e+03 2.138290632235876956e+02 -3.510283362749021686e-03 1.116488985489298147e-01
1.038998518792456935e+03 2.031204086339585047e+02 -1.205687117486278249e-02 2.818750550119853912e-02
6.193777771910580441e+02 9.358034197242091068e+02 -1.362415785823680228e-04 -1.355861476759171293e-03
1.096155007792270908e+03 2.466287723437178272e+02 -1.582573905418822868e-01 2.338346812427994081e-01
1.129274908149952580e+03 2.597057674601236954e+02 -2.894264452055416159e-01 -1.799244259772222743e-01
1.135359820881237283e+03 3.295413033824841591e+02 -1.743873479744261195e-03 1.204515690198046385e-02
2.352597999227905348e+02 5.998360488182973995e+02 4.224501560254383874e-04 6.742444315754669848e-02
3.499950649130623788e+02 5.077029782663774427e+02 -1.205651701400932002e-01 4.688862497580475325e-02
2.554995382768634329e+02 4.001336728206795215e+02 3.663004606816137876e-02 1.281322412877905215e-01
1.130348949673764764e+03 3.093437903265023579e+02 1.163606111797479969e-01 3.120011795900634044e-01
2.474974361410488655e+02 3.560804454539521657e+02 2.566486227294262693e-02 3.210275570201758660e-02
2.455884089903383369e+02 3.652232437875468918e+02 3.751552504629160345e-02 1.116787654444493655e-01
2.583719590354123739e+02 4.946126024669053436e+02 7.778198426800088383e-02 -1.202247631754073676e-01
4.427499027522643473e+02 4.579831485146947330e+02 -6.731866916580951932e-01 1.193962654878862328e-01
1.061082845702617533e+03 2.654540180061465549e+02 1.953251835286113347e-01 2.421641294008244072e-01
6.509116446988714415e+02 4.455961817586195934e+02 -5.446988112111057490e-01 2.214587372997692538e-01
4.360766948553002180e+02 1.062587665438470367e+03 5.483022768575789296e-01 -3.843912630209462278e-01
2.944336253821149967e+02 4.656588782398773674e+02 3.417030868388103333e-03 4.537133488893748019e-03
2.939857476667279457e+02 5.066775770983076086e+02 -7.194237881129156298e-02 -6.160276745209761901e-02
1.212398251625059856e+03 2.817207331066471738e+02 1.158749247698774437e-01 1.184424306147951328e-01
7.542253671439511891e+02 3.933474625767879047e+02 -4.334064255986085357e-01 1.282947992794648828e-01
6.952589951562938495e+02 5.456310791725609306e+02 -1.030575296426962523e-01 5.482998971934923554e-02
9.865407222347238303e+02 8.313271882838498641e+02 7.944978111132456888e-01 -2.226102152185447380e-01
1.012254213041085222e+03 8.600470053632735699e+02 -5.523791357451213191e-01 2.197920134197602349e-01
7.981222774132617133e+02 9.217467624618268474e+02 5.511685858705648311e-01 -2.498955415233407862e-01
3.330128233105577920e+02 1.082555185390779570e+03 -2.645203591913393350e-03 3.623111879902508100e-03
1.122608537410734925e+03 1.525592994365710240e+02 -2.795067537210578143e-02 8.334470955278129589e-02
3.036598756063883116e+02 5.407739760477513755e+02 -5.356432426414888676e-02 4.412125916511036583e-02
2.682749984220598662e+02 5.121880374282164894e+02 -1.588437550598725476e-02 -1.593342632152943208e-02
1.252913718674616575e+03 3.146862930900806532e+02 5.573449802362689942e-02 -6.377529971664157304e-02
1.191948813352588331e+03 3.549623740382754136e+02 -1.113627765557845262e-01 3.898734178933039446e-02
1.135904722652978990e+03 3.624662800280703436e+02 -1.210693774096553536e-02 -1.378688625095233870e-02
2.624843426847441492e+02 5.488728053865743277e+02 -3.354169269907781442e-02 1.362388589736243938e-01
2.449587075280631439e+02 3.865451856518855607e+02 -4.642554934605647859e-02 -2.308807663493707141e-01
3.181570512976074383e+02 4.938819502785750615e+02 -2.492595321461441721e-02 6.219767586645395634e-03
3.357194953505419335e+02 5.023465678637284100e+02 -3.322402169911008868e-02 6.513866070132975916e-03
4.418720998511292350e+02 1.070499657097829640e+03 5.091813926767967402e-01 -3.499413766479820276e-01
1.725805897395868556e+02 4.979719297061528209e+02 8.358843594584085268e-02 4.361529266906442048e-01
1.227770524299900671e+03 3.564374896604355172e+02 4.568431610718583745e-03 -1.265588215049379475e-02
6.611450985736922803e+02 4.308973460909656410e+02 -5.170468963246072081e-01 1.355445327375935372e-01
1.140965561709072972e+03 3.580201014847670535e+02 -9.204041886669732039e-03 4.672607799257874617e-02
2.380570281511830046e+02 5.293118346569906407e+02 1.818390006171513584e-01 -9.827007657153204179e-02
1.958733214408628669e+02 6.603047810160084055e+02 -6.946793078763829378e-04 -1.603964256646193617e-02
9.677684014667053702e+01 3.669605010530071922e+02 2.114461135959193605e-01 2.897183737160753392e-01
3.582857146636034145e+02 5.106271570300394274e+02 -1.579510247026174041e-01 5.637060936530141793e-03
1.054297762970267968e+03 2.164607459476902136e+02 4.234004292208210299e-03 -1.233263807728586341e-02
2.394311468080216798e+02 5.471591816479794943e+02 2.576029265988298914e-02 -1.845642160631802697e-01
2.796996378329334334e+02 4.598518511287927595e+02 2.578997287843591904e-02 -9.461574813244907900e-02
5.115253125685334226e+02 4.438354667351368334e+02 4.676150246382349213e-04 1.419680877429385646e-03
8.036539474731813470e+02 8.771592204876291134e+02 6.076804149187651216e-01 -2.136706015432721928e-01
2.393634944133276861e+02 3.764476971948212736e+02 -1.568600927463946818e-02 -5.986947358392358948e-02
1.056337203647156713e+02 4.178618517375858232e+02 -2.179437423216962488e-01 -2.317063384569159612e-01
1.166814220170306953e+03 2.234124256681727445e+02 -1.538352539087857983e-02 3.485633234456687185e-02
1.201924321383278539e+03 2.920523963205654923e+02 5.069055075151592815e-01 -1.407893599100450699e-01
7.475159986062457165e+02 4.136002777893089046e+02 -4.812747266359252429e-01 1.299331973453406452e-01
1.140478567631123042e+03 2.665112357610031495e+02 -3.417893954573268389e-01 -2.374586039866997400e-01
1.206540061397304498e+03 3.528857989321331274e+02 -6.817855798302631734e-03 8.916977887150115065e-03
3.045300551830127915e+02 5.527085320780377060e+02 -4.829284106284087094e-03 -2.024721936141144797e-03
1.194867119936925974e+03 3.570439973672901601e+02 -3.821642969572430770e-02 9.906696898340633384e-02
1.180599102918516110e+03 1.999405297892882629e+02 1.772304096787168659e-01 1.714508070833407338e-01
1.286913000926057975e+03 3.259124698466754353e+02 -3.806897730471367480e-01 -7.794226440728077576e-02
1.055787823454060685e+02 3.749061419917795206e+02 2.930584522679954840e-01 2.512210631838189268e-01
1.123091864734197316e+03 2.320512858933543328e+02 -1.447354939162667862e-03 -2.616367260609161072e-03
2.862295103673025096e+02 4.859732222769847567e+02 -7.963965460092831128e-02 -1.391671584083534197e-02
2.100536247023427450e+02 5.172924535623085376e+02 -1.301678029678608392e-02 4.248098352854712267e-02
1.054887693013641865e+03 2.063409641649055573e+02 2.933300666298436360e-02 -1.157876966605527608e-01
1.048535586205479831e+03 1.700519794036856922e+02 -2.027751347251675537e-02 6.094655340699972612e-03
1.109187503984321893e+03 1.748272487092473568e+02 7.729866171334581759e-02 -4.132555962891772822e-03
3.199643097430678722e+02 5.219446690051397582e+02 -1.097727354635479324e-01 1.757038582018396198e-03
7.353853348243044366e+02 3.778184550544371518e+02 -4.470344276211880019e-01 1.731554308048704194e-01
1.122613062733197921e+03 1.882056436073184784e+02 -1.653501832779639665e-03 6.117487606807509720e-02
2.493272486363903795e+02 7.195716090025371159e+02 -8.841444567392772041e-03 -3.643293202685526921e-02
7.210685755639561876e+02 9.790173320098292606e+02 4.152226516726860717e-01 -2.247140242138940258e-01
1.660511808312799360e+02 4.980030753241994717e+02 6.243579625157816976e-02 4.179313273661218187e-01
3.242027010253635808e+02 5.358436189374011747e+02 1.460695417706436572e-01 -5.426738987269540820e-02
5.640185092307204968e+02 1.009871002664749540e+03 5.046178313015210470e-01 -2.646956353572802456e-01
7.617361389792803266e+02 9.500024756197458373e+02 5.405778528088636126e-01 -2.490766501816048251e-01
3.080823249296223025e+02 5.107608698136120324e+02 -2.452018523419785198e-02 -5.129952017690782295e-02
1.021209414894971928e+03 1.665211156193659292e+02 1.375803184955196046e-02 -7.137125748306599217e-03
1.224651360393817640e+03 3.540170684713006040e+02 -6.555594191316534321e-03 1.367290980344768037e-01
2.383495168869670238e+02 7.189083786649318881e+02 1.639694964587942424e-03 2.278003195932750899e-02
8.554390478465339811e+02 1.101819193907505905e+03 -7.473296874271302855e-03 3.294820315000254133e-03
2.707387746839174270e+02 4.824948822058205451e+02 5.646754097402523036e-03 3.423796384558469574e-02
1.099333849305008243e+03 2.811780714024248482e+02 5.902694064681116709e-02 1.426520424745011950e-01
1.160144930128527221e+03 2.154387765879047549e+02 -1.695605204059365094e-03 6.981065069993519501e-03
1.215374202442833166e+03 2.735519508720603881e+02 1.761075884645309231e-01 1.156180614187222178e-01
1.302900318473555899e+03 3.280721610450137860e+02 -3.411987923842249026e-01 -5.393850271721458561e-02
1.266697315096500461e+03 3.882411046068784799e+02 5.485366049508509471e-03 3.188717061456057891e-03
1.204969998760533372e+03 3.155086714123291927e+02 1.374128273201691286e-01 2.428120066777017527e-01
1.187556855262335830e+03 3.238144144500117818e+02 1.753944727762899447e-01 -1.188587619636729542e-01
2.310769846967406238e+02 5.808814498866129270e+02 3.979634608582749422e-03 3.082776326380631815e-02
2.325820577281277224e+02 2.895867877952252343e+02 1.508584215483439912e-02 -6.889940135590494341e-02
6.502528577387046198e+02 4.518852623170790821e+02 -5.355006091246151678e-01 2.286292942294861075e-01
1.106643629615416557e+03 3.105456234982396495e+02 -4.218077180236114165e-02 4.970356197947012333e-02
1.138031947105292602e+03 2.340671223938578862e+02 3.845906654693162507e-02 9.238793017937134422e-02
1.215083437891536732e+03 2.485082376034388290e+02 1.056596826987008658e-02 -5.704598670594104512e-03
2.527925103215914362e+02 7.137844462043285603e+02 1.684105419296017328e-02 2.383115274738086681e-02
7.800047792339028092e+02 9.085969370334653377e+02 5.058630017359746489e-01 -3.345165429850026628e-01
1.081482227132419212e+03 2.158315053270367798e+02 -6.434454149801543954e-02 1.711805276738625481e-01
1.109426739719906664e+03 2.000048158159045499e+02 1.511381593923374622e-01 -5.984678075398951191e-02
2.238893148110674645e+02 6.056983086667123644e+02 -2.389943182036020630e-01 1.635482501170770209e-01
4.256067971185505598e+02 1.075277842258503824e+03 4.647105763399082545e-01 -4.119455758541334944e-01
2.657829346355932785e+02 4.774230303348721804e+02 1.062607569072129415e-01 -1.774753422603563002e-01
2.103113167489874513e+02 6.029586759573685413e+02 -2.210048103356868909e-01 2.044670262786545678e-01
2.383788234630689828e+02 3.408791860719695137e+02 -2.215003965577709566e-02 1.140619599271686622e-02
5.398083292204528334e+02 1.048230210063111599e+03 4.464841271292622760e-01 -1.188318842246708501e-01
1.086309884376900300e+03 2.179062951641422785e+02 5.436760000569458226e-03 -3.358760329649815822e-03
1.961418918059594887e+02 6.451582645872165358e+02 1.971830443751900180e-03 6.235091226208007084e-03
1.002994413889929660e+03 1.974417265735077365e+02 -7.480229212348974907e-03 5.883415267965246276e-01
1.261124803750395813e+03 3.091309713641068129e+02 -3.147713968434555538e-03 1.625065822451049946e-03
3.073053856859124835e+02 5.940809894268380731e+02 7.231272421258530189e-03 4.638888977190337715e-02
2.904265584949347385e+02 5.344446049182629395e+02 8.793052231403501381e-03 1.134248610848914533e-02
2.489192097874282297e+02 3.677346868923166312e+02 -3.207468901293225594e-02 -2.000238952095287348e-02
1.074038940810103895e+03 1.590361132610010202e+02 1.546513774223421955e-01 1.047986982896770836e-01
1.153822046709066854e+03 2.129764214274135270e+02 5.876068013762960306e-03 5.564354787305774049e-03
1.113563671856348265e+03 3.678174776184690131e+02 -2.483775655487988759e-02 2.421549923074394275e-02
3.015793650615849515e+02 6.381848970438251172e+02 6.867619332620051448e-03 1.366459943109248412e-02
1.048876402890262852e+03 1.786475248972064662e+02 -4.242263121340311000e-02 6.087844342346854232e-02
1.072850624934791313e+03 2.089679827481762118e+02 2.879436514277419062e-02 -7.168007017468175368e-02
1.201125422076413997e+03 3.221191716886418135e+02 2.098838482986686294e-01 1.715454821908642125e-01
1.228459452318708145e+03 3.904956111564919183e+02 -9.050675687737974595e-02 2.473258051150154790e-01
2.493074843453058236e+02 6.466151243333199545e+02 -2.560626333485873166e-02 4.417516984582961492e-02
2.717708200796416236e+02 6.793809812984674181e+02 -7.585391939087736098e-04 -3.329472806632918780e-02
2.390652909076724768e+02 2.887026945361286607e+02 1.567838280580720681e-02 -1.802344998797522635e-02
2.543387291262083068e+02 3.135584240227886994e+02 2.406843204167271114e-02 8.262086395277516704e-02
5.926955853112814339e+02 4.043911859042783590e+02 4.980099061737703892e-01 -1.946647526999321087e-01
1.231514323038598832e+03 4.030292949102443458e+02 -6.348489158704258284e-02 6.101293496743309674e-02
2.397034225102221683e+02 5.775539356629726626e+02 -1.638231436857987833e-01 1.887403844214764204e-01
7.023476582586908989e+02 3.958623721158587045e+02 -4.314311034833295810e-01 2.215970743307170421e-01
1.051163619366704779e+03 2.079094459777515169e+02 2.171863570526240406e-02 1.016435512740390540e-01
2.568267598486473844e+02 5.003656247099423808e+02 2.469844475488722213e-02 -3.194899936804310170e-02
2.308704445921894433e+02 5.519189023196801145e+02 1.958502427454492378e-01 -1.015325786497051630e-01
3.724871968590386473e+02 5.244907463488868871e+02 3.294728068416015732e-01 -5.938765906197728678e-02
2.652299907307050830e+02 7.170111684796464715e+02 -8.610044586646381504e-03 -6.286892439549240409e-03
1.004295550458356047e+03 1.677762038363938188e+02 9.391493525572514045e-02 1.439732230629589202e-03
1.257176663440661969e+03 2.741448449208152738e+02 1.562692931555728984e-02 -1.119647763148451380e-01
3.657761362109682182e+02 5.216675076645792615e+02 3.411118526680941843e-01 -1.217820955411601375e-01
2.941150296110085947e+02 4.880490425334723454e+02 -5.216266313523476583e-02 -1.031219265364210352e-01
1.058499563307079370e+03 1.718393005572656591e+02 6.160792125078531911e-02 -5.913733567682170379e-03
1.227134035868220735e+03 1.494288759829112792e+02 -1.994048173876618313e-01 2.986701810241957356e-01
7.665441668994149040e+02 9.506067754298255750e+02 5.491007766489598430e-01 -2.176214178254786691e-01
1.108225422678237692e+03 1.474426920551906335e+02 -6.226489781804661616e-02 -1.416341458392262331e-01
1.152555341285890563e+03 2.222583044486199526e+02 -1.017873291953460546e-01 1.916443331537547867e-01
2.918102482607173442e+02 6.260299070630253482e+02 1.506078508610741301e-03 1.277876050637111530e-03
1.846402531825735878e+02 6.230549858671990933e+02 2.372406095903615009e-01 -4.278596433273854083e-01
1.122560463098669032e+02 4.274873137350629690e+02 -2.405447621483119136e-01 -2.651612337711120593e-01
1.122249674049755868e+02 4.378738756922753623e+02 -2.227143697904299946e-01 -2.907976181262416082e-01
1.108787013431814785e+03 1.864595592561383341e+02 1.008673547741658488e-02 1.796538465904709281e-01
1.167958446517355469e+03 3.225927164436923249e+02 4.930580369578560409e-04 -4.128207412098357991e-04
2.676929901443683661e+02 5.405386599237293694e+02 -6.270445552776966747e-02 6.516917466419835936e-02
2.270591573820626081e+02 7.276477555701463871e+02 -6.072209254172987632e-03 -1.247453450074382554e-02
1.100327546221169399e+02 4.118810646673927067e+02 -1.728236786262387081e-01 -2.303465007526930008e-01
1.037846745597033987e+03 1.993967081174123734e+02 1.364765405619658770e-02 6.052429510802634360e-02
1.157336046958244651e+03 2.287950853403852989e+02 4.467282633126293256e-02 -1.480500924152923330e-02
3.123677525948859852e+02 5.607799595569014173e+02 1.200949583704175689e-03 3.167668139576008089e-03
7.064176722878629562e+02 5.828294494349381694e+02 -6.894790518405964890e-04 3.266621940663687069e-03
2.097717889252072894e+02 7.241461741089340194e+02 -9.028096346323708637e-03 1.000795753803109499e-02
9.216885131960807485e+02 1.004380693988464373e+03 -1.487545929563100595e-03 5.046724307235087026e-03
4.856413773890510015e+02 1.095069562944523341e+03 -4.628898457907012487e-01 2.240617995881987179e-01
8.359709542409362939e+02 1.091342376025252861e+03 -4.596694855655275927e-03 -7.553139182119794019e-04
2.767454373945702173e+02 4.801593170083896212e+02 1.400699452256333119e-02 3.950160505375919368e-02
1.918828239387404437e+02 4.992313312338467881e+02 -1.043723571820109469e-01 -2.664793433633448894e-01
1.000064407147704287e+03 1.977422581489839502e+02 4.414968082802772642e-02 4.583474345544423789e-01
1.207971213834438231e+03 3.599300289712288645e+02 -1.521841831597612292e-02 6.323953443680921382e-02
2.190045074616779743e+02 6.573149480494639647e+02 4.962626022516047550e-03 -1.737756623638233439e-02
2.493261338952477217e+02 7.131810393732517923e+02 7.337239802817663650e-03 3.675847902036366490e-03
4.710605464053430751e+02 5.074491546710166858e+02 1.350828655951557059e-02 2.959114282272314392e-02
1.168746309609771743e+03 2.988201624686117839e+02 -3.660908603327674982e-01 7.473510078135749135e-02
2.796071982101734648e+02 6.181698299677362911e+02 -9.506960907710656702e-03 7.702679413397070518e-03
2.283330403964824598e+02 6.792308664742156452e+02 -3.857473749534188340e-03 -2.087735228887583824e-02
1.133318137525218162e+03 1.451323132456843723e+02 7.202456527289469168e-02 1.757418579287529578e-02
2.578391800945985324e+02 5.402311204667380480e+02 6.697849996101012948e-03 1.118425790913276652e-01
2.414742944777355262e+02 3.491949890156250262e+02 1.436658688342618007e-02 8.616165460020934475e-02
2.807654161247239699e+02 4.766926425592133683e+02 -4.198621727778271279e-02 -6.871261216386184700e-02
1.018095596372874979e+03 1.693805222438720079e+02 -4.100927704644778161e-03 5.093602465706226212e-03
1.068671918593169039e+03 1.837381708209262285e+02 2.955221303585784873e-02 5.045993963290744400e-02
1.043913044297137731e+03 2.026130546145310518e+02 -5.630702203701902497e-02 9.689217025481175471e-02
1.132748081935975961e+03 1.840660963699931756e+02 4.408237600825265501e-02 -9.356895390919356403e-02
1.192995676437732072e+03 2.049720511524195956e+02 2.835454906348049142e-02 -1.664169151078223607e-02
4.072041333009149184e+02 1.087964936152314067e+03 4.725536733501316533e-01 -3.328267748169543294e-01
2.629849866088284216e+02 3.927558676405840856e+02 3.948897629223482864e-02 2.330240042387825006e-01
1.042799753131642547e+03 2.637310423224156466e+02 2.358958910288480315e-01 2.104484196560810760e-01
1.182544677105857318e+03 2.280747360665615986e+02 1.077109728074295524e-02 -2.066878641305041481e-02
1.230209200984763129e+03 3.157441401880295757e+02 4.734154083690782500e-01 3.724383024434826939e-02
1.225170405486404661e+03 3.698660199748815103e+02 -6.391620382863215377e-02 2.735592195944352295e-02
2.791881078797579221e+02 5.419931857763449443e+02 3.860434504569335712e-05 -1.764670063235169138e-03
1.114552750471154013e+03 2.077814948348977282e+02 1.596378739339213149e-02 1.547465074230201243e-01
1.213693372616123270e+03 2.189437797530082719e+02 -1.616707629505071894e-02 -3.951503785529553170e-02
1.196837695370215670e+03 3.297411140246990158e+02 2.587915601497440821e-01 6.733565829010461357e-02
2.267125036433840251e+02 5.750684123420594460e+02 4.946156208734464772e-03 4.636727119092743515e-02
7.875111978757563236e+01 3.234763238777986203e+02 1.512196975873871252e-01 -3.749318097232604008e-02
2.872730077277692544e+02 4.377322382065805755e+02 -2.161825427771358471e-02 7.850226814469397907e-02
1.103890200220605948e+03 2.398821409042572839e+02 -2.393532683078827827e-01 4.936353583514228038e-01
1.107916276860620201e+03 2.505517960483350919e+02 2.719627775026283931e-02 1.405071345701588426e-01
1.224078690933127291e+03 2.590166569648374661e+02 1.710853695005078168e-02 -5.080654800262356802e-02
1.223405460579001328e+03 3.391332935510754396e+02 4.054470275564065473e-01 2.260832676019788323e-01
2.379892600960235995e+02 6.559519462794582978e+02 2.506024465173548911e-03 3.097348579718955551e-04
2.834600406565636490e+02 4.830825760093657095e+02 -1.856531963335156243e-02 1.304255574576097532e-01
1.044489563658494262e+03 1.579940384123329693e+02 -1.498441164176256279e-02 -1.132073238231741559e-02
1.029570645814889986e+03 1.842686976352695751e+02 7.276664324812179285e-02 -1.981893924077562097e-01
1.065113984092221472e+03 2.008851394981570024e+02 -9.548724682927610050e-03 1.597862234004568741e-02
1.166053111475958076e+03 2.066551570999349678e+02 -3.777502749485530786e-03 -4.978353646889087034e-03
1.266262407547531666e+03 3.430810575158848792e+02 3.858751658901975468e-01 1.048785779904550797e-01
2.499794083418109381e+02 5.471822880016336512e+02 6.901236488245258982e-02 -9.421283323092666251e-02
2.309856328300339499e+02 7.094935454621014514e+02 5.637826974769020137e-03 -8.855751283638737745e-04
9.131187120155865955e+01 3.656205593629322266e+02 2.116031560184477023e-01 2.175585069714767172e-01
2.408035100254425060e+02 4.937858328608381271e+02 -4.271054778840355226e-02 -6.285594986837672593e-02
2.970023847561811294e+02 4.800959598948225562e+02 3.421292189135449746e-02 5.700573379596818313e-02
1.051704263145837785e+03 1.641515939834452809e+02 1.173985672229918009e-01 4.807193319835967316e-02
1.026781114105768665e+03 2.494949345361061148e+02 3.529507735886738828e-02 5.583675068204740910e-01
1.117278044506648257e+03 3.713544480445603426e+02 9.647500514958551321e-03 -1.734171157784381023e-02
1.165446380372974090e+03 3.742786713256860480e+02 -5.090361953378419457e-03 3.997253539271383715e-03
2.262025440253259490e+02 5.335802951867127604e+02 1.623193849989423010e-01 5.125324481505524367e-03
1.123166648663567230e+03 2.449740994895529980e+02 -6.780690427843828749e-02 4.203690928506288033e-02
1.155121959771993033e+03 2.155327313422450572e+02 -4.013205968900483006e-02 1.298855947836837811e-02
1.321835825486329668e+03 3.254116900898108042e+02 -2.155603843357018767e-01 -2.003609742616625257e-03
2.698047334767238112e+02 5.758552880262838016e+02 1.664025012202376141e-02 -1.229461166071594592e-02
2.408351613255125869e+02 6.985041504946736950e+02 7.990306040654567357e-03 1.023824353236220917e-02
1.202410059461670357e+02 4.280983284292545363e+02 -2.484214496077328249e-01 -2.613329438442027475e-01
3.028607603286275776e+02 5.257124024905843953e+02 -3.820590529300981614e-02 -1.176472497744877454e-03
7.737091569997173792e+02 3.618179138823130643e+02 -4.781911376279974202e-01 1.302390788096905172e-01
9.996867944244207820e+02 1.686787205971810124e+02 1.203004090179623092e-01 1.072983362438302835e-01
9.301471253980097345e+02 8.417385579727332470e+02 6.564891717540376481e-01 -1.688580470436401582e-01
4.575814142839892043e+02 1.096770117563360827e+03 -2.001881223323115008e-02 1.025572051721610443e-02
1.099997350069050526e+03 2.050846145221634060e+02 -5.810614250795596847e-02 9.265406039719241427e-02
1.260497742642138519e+03 3.399644777658423322e+02 2.459674795638797096e-01 1.211371713075468093e-01
8.622152513029742522e+02 9.129633758630590137e+02 -5.905591329697605918e-01 2.592356176474148732e-01
2.456244456727764884e+02 4.084056572166260253e+02 -7.177257173951037683e-02 -2.192768898373681774e-01
1.518577582410696323e+02 4.549188463892746768e+02 4.694540533881154214e-03 4.880163350386672663e-03
1.042191790585719218e+03 2.076072262462079721e+02 -5.280133863144393855e-03 -2.764354184095399805e-02
1.179007849391105310e+03 2.528637661775856031e+02 -1.182381384550776002e-02 6.905629529354127827e-02
1.164448368783260861e+02 4.493513064706448290e+02 -2.261434080386821865e-01 -2.403665022828586628e-01
7.460199304935865712e+02 4.211264582536026069e+02 5.656905502177601575e-01 -2.595245162495795621e-01
1.083812931147254631e+03 1.782118623392940151e+02 5.435628279097828863e-02 3.151123767606194698e-02
1.019548417661113945e+03 1.924969881868771893e+02 1.919283872962296300e-02 -3.428964225412932734e-03
1.050958245066311065e+03 1.858562818710455531e+02 -1.414663727818724157e-03 4.029944093210878486e-02
1.145210519098942314e+03 1.481682504869896775e+02 2.342769693567648814e-03 -3.185373098446028783e-02
1.141538801551679853e+03 2.015898435725148374e+02 1.068753528436095918e-01 -1.068231548103863900e-02
1.167136574153076026e+03 1.704066600160286953e+02 -7.620853532025123611e-02 1.024975654629411842e-01
1.223533425112503664e+03 3.501782215391534692e+02 -3.062935937939178371e-02 1.376065719233521834e-01
1.187407815782568150e+03 3.870523956780510844e+02 2.670030766801818889e-02 -1.848869731047714585e-02
2.811700818577490963e+02 6.652929742159960824e+02 1.954036718705345552e-02 2.272123625687072490e-03
8.577035899793687577e+02 9.047492353869756698e+02 -5.086062806508598877e-01 2.343050020368283304e-01
1.086930685660106974e+03 1.981761776054571271e+02 -3.139844625695332320e-02 1.514601008735587673e-01
1.147574020489574650e+03 2.410121516447850354e+02 -2.685643326070931078e-02 1.024028727784286746e-01
2.466413981208504538e+02 5.379927273038620115e+02 1.082850480346269212e-01 -1.015183008050917074e-01
2.590843937642106880e+02 5.815016017247683067e+02 5.349820774758881972e-03 2.252655481710917271e-02
2.527145927148443718e+02 4.028210712656447186e+02 5.658327899638848635e-02 2.416315073886465825e-01
2.414365310453474365e+02 5.256447103778148175e+02 2.994709320610411396e-03 -9.660798488364719105e-02
1.104620825155106331e+03 1.567790025422414999e+02 -1.708058945218719413e-02 9.089189824994292621e-03
1.095464547663019857e+03 1.834810834328852422e+02 1.942890907775070633e-02 -4.990861437645695980e-02
1.198879229565907963e+03 2.266532103733980250e+02 7.530406626591457098e-02 -7.067031528589969198e-03
1.187720670330637404e+03 3.233536891972189551e+02 2.121029669302743059e-02 1.547461780822322053e-01
2.217260012058915493e+02 6.925192813704197761e+02 3.032986958852272315e-04 -1.144655973841205874e-03
2.530394983307547250e+02 3.169415853183608647e+02 -4.946644097273880658e-02 -2.166954981052205409e-01
3.183202120109461362e+02 4.738344131628187483e+02 1.050465421750508901e-02 -1.348683472878065004e-02
1.059671637015962233e+03 2.182682263702010346e+02 -9.520897046098505609e-03 2.397656424979968323e-02
1.179115990390420166e+03 2.471892502961314904e+02 -7.055496866225597838e-03 3.409322924837431684e-02
6.251538768076429733e+02 4.431165948629112563e+02 -5.260393956870799137e-01 2.032096063283755916e-01
1.128680675492190858e+03 2.041355052573664182e+02 4.232405913829883487e-02 9.307661401521985511e-02
2.263133529773477335e+02 7.369458475812187999e+02 -1.345960420518498360e-02 5.630187520699275402e-03
6.961960447436034656e+02 4.032408677627889233e+02 -4.676679266095301601e-01 1.964451402792627976e-01
1.030831553521367596e+03 2.250203828620556692e+02 2.810715547373525691e-01 -2.520149979941487817e-01
8.755862300039367483e+02 9.189824987853238554e+02 -5.219536121173427023e-01 3.665745712690381963e-01
2.940498349820304043e+02 4.985031258179505471e+02 -6.590634487030229416e-02 -6.062486644316323128e-03
1.100867161804239458e+03 1.836761764735700808e+02 3.276412353159230406e-03 -2.011146632460452180e-02
1.151108695577964227e+03 3.224124641638013600e+02 6.387608459112925977e-03 -2.817357022492217311e-02
6.394131189893363398e+02 1.022326229048338178e+03 4.589829462790874226e-01 -3.197407662876628476e-01
1.171894661716484904e+02 4.367285239769037162e+02 -2.403534748395993736e-01 -2.838759168742333583e-01
1.145352726916976849e+02 4.523127781492506756e+02 -1.873517815564769706e-01 -3.041462569438731500e-01
1.038505920379298004e+03 1.847248987714737325e+02 -1.899981355183243820e-02 -2.623840219691305209e-01
1.086024468783717111e+03 2.698560743651229359e+02 2.004496678512647512e-01 2.776087172450669716e-01
1.172728776630544417e+03 2.507972485121023851e+02 -1.908233132146625955e-03 -5.463159015957181307e-03
2.047053725768369361e+02 7.035776682798964430e+02 -6.185537406428178939e-03 -6.195932309861075515e-03
3.767268020707849132e+02 7.001229049709656920e+02 5.966762901082437454e-01 -1.029077745825259793e+00
2.670438722680111141e+02 3.546732123504376091e+02 1.492500916110846808e-02 1.570685218569281005e-01
4.975707114868473582e+02 4.511630420255502258e+02 -6.724911368622927821e-01 2.659864525591552065e-01
1.109452979957091884e+03 1.699333578633760169e+02 2.901237499145029042e-01 5.916297751064310967e-02
1.146554546332365135e+03 1.808892765818502255e+02 -5.916972662400136855e-03 1.556913710168809396e-02
1.087733697796510796e+03 3.387193310080272113e+02 2.885869279604472929e-03 -6.077346603276131271e-02
1.192732608278905673e+03 1.845206781560762010e+02 -8.791181141636014718e-02 9.078009014176460084e-03
1.247131144530568918e+03 3.340548723182877779e+02 2.869373297300323311e-01 7.121392607895889182e-02
2.188823796669783803e+02 6.193142797009182914e+02 -5.003955934479304563e-02 1.015809806569968193e-01
2.149199639777619382e+02 6.700511139978378878e+02 -1.177533815626298323e-02 -4.754245125603043937e-02
6.740680501440367607e+02 4.866470802136753377e+02 2.506846890860793195e-03 3.214657487360581250e-03
2.188241219020663948e+02 7.307735908858450102e+02 3.438026749605979648e-02 4.991185509645548746e-02
8.597109324943679667e+02 9.180677738962131116e+02 -4.598189134807866285e-01 2.798139562809246472e-01
2.817013864520706079e+02 5.137379432468687810e+02 -7.917533920009552084e-02 1.021397597583151851e-01
3.486007205378270442e+02 1.095132598134505088e+03 4.482326501535500718e-01 -1.720417728583122641e-01
2.628162882779119514e+02 3.697077527752970241e+02 1.873209694853414931e-01 1.742655407978936921e-01
2.726523733872064099e+02 4.189674754098448375e+02 -2.318790811333926172e-02 7.473389891540094254e-02
2.647948427209938700e+02 4.242478982071357905e+02 -1.680938672336296236e-02 -1.801895559645991796e-01
3.490796890636038370e+02 5.172013460309143511e+02 -5.573455800469417909e-02 1.422105360195118351e-01
9.724135109838490507e+02 2.923842075837106336e+02 -5.619566851333246404e-01 8.635954274125907659e-01
1.266386737580252884e+03 3.637973900530453193e+02 -2.275678672664014357e-01 4.893726359520975677e-01
2.152722821516433953e+02 6.106948267642004566e+02 -2.317470154593177512e-01 1.029646243360176072e-01
1.212371691737671881e+03 2.267557853217912793e+02 -1.064709543493336241e-02 -5.023951333998108448e-02
2.306121190602870570e+02 7.308290704112960157e+02 2.170269884583717751e-02 3.629270265249336363e-03
2.320802847923214074e+02 3.592889031610361599e+02 -8.646813032464299720e-02 -2.787906986212971838e-01
2.588888583870993330e+02 3.767608414648108237e+02 4.939393221596739478e-03 1.677615529617030865e-01
2.663588406028154623e+02 4.347741657964115234e+02 -2.151871055046074635e-02 4.281159594822270265e-02
2.643415929014880703e+02 4.703406149751946828e+02 -9.372655850095108765e-02 -2.049539900559287642e-01
9.939002098250155086e+02 1.735724800867520514e+02 2.421598343533202819e-03 5.024103003663863420e-01
1.124728139640099243e+03 1.617212996607842683e+02 8.158216926774132516e-02 2.419953010882279140e-02
1.120783613263929738e+03 1.959760009522904056e+02 3.933037144140273667e-02 1.591288440410555116e-01
1.117388233305125368e+03 2.527529741512857697e+02 -2.945329394471432952e-02 3.028963833321540733e-02
1.180672236153892300e+03 2.553535975576977251e+02 4.910648897293867776e-05 9.347384453950067021e-03
1.272947763838954870e+03 2.631039207931968917e+02 -2.444047242205929851e-02 3.803183515764934491e-02
1.174268912488066007e+03 2.865123368969344710e+02 -2.635190944736547913e-01 1.465086355983333255e-01
2.418814326236326053e+02 6.475480618085441620e+02 2.211890484358036701e-02 2.386554833401532960e-02
3.894088822761690381e+02 1.094956232823606797e+03 4.770202433348913473e-01 -3.480572605874061032e-01
2.423720634036042725e+02 3.583005090136753665e+02 7.160543159159697690e-02 1.559643837393790700e-01
2.906074457466570493e+02 4.528400347387310489e+02 7.432229730763904862e-02 1.129897876244766730e-01
3.144151632732048824e+02 4.622311432140369334e+02 4.375551980409944294e-03 -1.829131896054237566e-02
1.095468367943256908e+03 2.270353549533591035e+02 -5.029040330376888940e-02 -2.562771053813260244e-02
1.184794462405994864e+03 2.108564376794551265e+02 2.119574106487002313e-02 -6.459688244936282299e-04
1.182928620662537696e+03 2.687973897426726353e+02 -4.872580670548114223e-02 2.536751881540514897e-01
1.203461851757656177e+03 3.626960721925121334e+02 2.467037823241578429e-02 2.014436046038799166e-02
1.159386616417274581e+03 1.459102633271831451e+02 1.059890617947682355e-03 3.960480952436521568e-02
1.169609055886016449e+03 3.629976259010834951e+02 4.025053088344066055e-02 -7.595443208063556995e-02
1.210637739482129973e+03 3.747256657836295517e+02 1.179846855707940810e-02 4.784173149479423875e-02
3.022098738105245843e+02 5.637675832812018371e+02 -2.633324616889846578e-02 -8.635067283233865965e-02
2.624630253385052470e+02 5.721003142060126265e+02 -4.238063703383924269e-02 -2.901857096289480256e-02
3.675347915220572190e+02 6.995113494943952901e+02 2.050512133745504076e-02 4.890844182334793538e-02
2.829922988471831218e+02 5.056528686366655734e+02 -1.508195633874772068e-01 2.229890766252538015e-01
2.763745197064569652e+02 5.283747441623833083e+02 -1.265594975631126329e-01 2.125895941156117630e-01
1.100825864712451448e+03 1.503699789681282084e+02 1.594213089804063788e-01 2.354020104693755819e-02
1.176380935386491728e+03 2.919886793343700333e+02 -2.166391643337109707e-01 3.341977654714221035e-01
2.727101995312538634e+02 6.510907858721791399e+02 6.586152584439084433e-03 -7.661501484014107688e-02
2.852200920755448124e+02 6.804319690437661166e+02 8.319151297211068580e-03 1.685449706934088673e-02
3.439260286045612816e+02 5.336210242717272649e+02 1.032692104784380532e-01 -3.680027310674011815e-02
3.753528521369162263e+02 7.019373120454482660e+02 4.958531192710841640e-01 -8.898972203013706395e-01
6.171193959777276632e+02 9.946264813375847780e+02 3.162527615251685131e-01 -2.583517448667965732e-01
1.268255229988868962e+02 4.446941701578468269e+02 -1.841814789129614383e-01 -2.861549351615451653e-01
2.683681276521549535e+02 4.542542907524003795e+02 9.704757957052834172e-03 7.154213669542741974e-03
6.787551981964551260e+02 4.296973773584534229e+02 2.287212289331819193e-02 -1.770413870614049867e-01
1.129237920686275629e+03 1.861711587103457362e+02 1.528089510347854230e-01 -2.600092607878536910e-01
1.208428613053877370e+03 3.045368680610993692e+02 -7.885968113350827480e-02 5.630328098246195623e-02
1.285838616366362658e+03 3.336177705609902091e+02 4.525505459798750962e-02 3.519681398796251637e-01
2.544866236621335815e+02 5.966522635648543655e+02 1.874235816579243943e-02 -4.566379418519091182e-02
2.609373158192489655e+02 6.189869571160645592e+02 -9.540147522699271576e-03 2.319176554112800832e-03
2.385785901478003268e+02 7.173345559537419831e+02 -9.867349062773200785e-04 -5.684730637653956364e-04
2.627323897184948578e+02 3.626641865518047894e+02 1.650812585460370296e-01 2.761667097464308163e-01
1.172272095342929333e+03 3.365909696060300575e+02 -7.082219640589453025e-02 6.821557714295067854e-02
1.300479355727021812e+03 3.233010987062309027e+02 -1.632680141376567917e-01 -3.591445291849153509e-01
2.958023814111302272e+02 5.422144652371017628e+02 -1.724731574594468714e-02 -3.727205122054834049e-03
2.743889988054978062e+02 6.121369586590976724e+02 -1.291574237172375857e-02 -5.874876939022517959e-03
3.651836639543741967e+02 5.254136791122577961e+02 2.405034764528042879e-01 -1.105421087078816041e-02
8.431149306247882578e+02 9.317814537843806875e+02 -3.884270063372241566e-02 5.741943652993894420e-02
8.816132811127523610e+02 1.100652522213087650e+03 -3.031250024820211515e-03 -1.309606458284583294e-03
2.585626448559906407e+02 4.853513239292911976e+02 2.921997270440357397e-02 -1.137381776334365213e-01
6.305264411382401022e+02 4.361068826355884198e+02 -9.103425115172569804e-02 -1.181351566479591497e-01
1.211932391536671730e+03 3.771995300441955692e+02 -2.079511283767487839e-02 2.634624593673393633e-01
2.349876284246399223e+02 6.010049251145654807e+02 3.257585337230750611e-04 5.116294369015861321e-02
2.655160375470784402e+02 3.728474645308254480e+02 2.222414232830617967e-02 7.720316401339946677e-02
2.802188016767622116e+02 4.873121527187706761e+02 -5.845536473162026188e-03 3.799507147277836339e-03
2.927002959912474012e+02 4.910240485681868563e+02 -5.617930757522669738e-02 -1.916830804534827570e-01
7.223278002752160774e+02 3.967362887129559113e+02 -4.493451574901103363e-01 4.309845968979938435e-01
8.224089555318455496e+02 3.839414193802641080e+02 -2.497331343870915210e-01 -1.754430111869851316e-01
1.115118943804388209e+03 1.925416676688885502e+02 8.737999879008384596e-02 4.787757454533091150e-02
1.104672323423049420e+03 2.201712577650805827e+02 1.811100743147367811e-02 -9.208969929463250992e-02
1.165734689175195172e+03 1.467065398327531227e+02 -6.465813725279596913e-02 5.329070284505681848e-02
1.258430490329500117e+03 3.346776329001320391e+02 2.619184572353593365e-01 1.461312607805049547e-02
2.990224931319630173e+02 5.305639314847647938e+02 7.408560809113039387e-03 -3.907463426851011390e-02
4.960817611400728424e+02 1.032577356872328892e+03 -3.801218875561614419e-01 3.913932775827301258e-01
2.739960752716635284e+02 3.987723114576816670e+02 5.801564687338137821e-02 9.227220745956780934e-02
2.928327658197019900e+02 5.017715662923238256e+02 -7.643851493325352908e-02 -4.939147397403568368e-02
3.096442120823299433e+02 4.926055962061541322e+02 -7.215426863362495169e-02 3.920596774641656873e-02
8.113270338292750239e+02 3.940155961730872605e+02 -4.542773161321254638e-01 6.123102792295753716e-01
1.099931516632558896e+03 1.623179767668599993e+02 5.390123677019573734e-01 -7.448217599202422434e-01
1.112704773452303016e+03 1.758589440391634753e+02 -1.824499248520320902e-02 2.561403789701539035e-01
1.132484509990048537e+03 1.682358964730236721e+02 1.006536390117010599e-01 -1.385222122247758703e-01
1.276485054090845324e+03 3.417507887962173072e+02 1.043498513045809234e-01 3.434259108406460537e-01
2.770966462496968461e+02 5.969449229148974609e+02 -4.263279172841786396e-02 -1.800123130107446345e-01
2.485766256333912736e+02 6.774045397195952773e+02 1.687163033186796614e-03 2.757803560403241858e-02
3.449574669688807944e+02 5.369710115673448172e+02 -4.035528627663135387e-02 1.528318744141188290e-01
6.919227973805129750e+02 9.350934932028221738e+02 1.839821452477015951e-01 -5.347947573602596094e-02
7.414061077518264256e+02 9.433178735397631272e+02 4.669448062829815171e-01 -2.873141197076923281e-01
4.557758277504927946e+02 1.099398919506281800e+03 3.941451901994620921e-01 -1.637279336556503040e-01
2.559743468425922686e+02 3.606120625611026753e+02 1.204479859969580929e-01 2.628600286286200682e-01
2.851307149494464284e+02 4.616780004150550099e+02 3.350946140486712327e-02 9.897769172416701067e-02
6.740982812257720980e+02 4.404636523529655392e+02 -3.272547585700295025e-01 3.415273124961800133e-01
1.083072182531668432e+03 1.941616544296541349e+02 5.050492055856921347e-02 -4.419816174435027556e-02
1.237120240702492993e+03 1.355220988540983740e+02 1.713501849190834092e-01 -9.196351187912341074e-02
1.266500942443752137e+03 2.712301327265545865e+02 -2.830472483128687773e-03 -4.623000245071580416e-02
1.184325151845185701e+03 3.262192780266578325e+02 5.249781184752464608e-02 -9.179649747833310003e-02
1.272510744382379698e+03 3.773507020751355867e+02 7.079681445520691341e-02 -2.933810185215861635e-02
3.409952609626068352e+02 5.430553612186755572e+02 4.790851720457567353e-02 6.701034790398807846e-03
3.745185760246861264e+02 5.402940620400592024e+02 -3.349254451535443877e-02 -2.725783022224277305e-02
3.217596760135461409e+02 5.504313315757128748e+02 -1.139426832345634411e-01 -1.375378548561911884e-01
3.122080093834382524e+02 5.196305217224695525e+02 -1.110816445018087961e-01 -6.926656147868470725e-03
7.522007195295412885e+02 4.044584390494662216e+02 -1.764588441027115095e-01 7.370347054281580768e-01
1.142811435927834282e+03 1.422789679560260936e+02 6.453000779265494202e-02 -1.360497706891123926e-01
1.076790334737387866e+03 2.101837844457128597e+02 6.674954454030057605e-02 -8.189329793007260605e-02
1.145960096361021670e+03 2.361429663927537490e+02 2.392293700603431716e-02 -1.903335776520265199e-02
1.210746824745391905e+03 2.930675169925464161e+02 -2.149205325655998422e-01 2.966427740577159966e-02
2.305614536728539292e+02 5.705959691271808651e+02 1.640686371385911002e-01 -2.129200282959970991e-01
2.875938647441812464e+02 5.722445713862128969e+02 -2.349128471880845836e-01 8.847525032447549620e-01
2.149948563702406830e+02 6.310993900889644692e+02 1.614770230903417314e-02 1.288021125928935362e-01
2.429991812941959211e+02 6.785672507490074850e+02 -3.049496606432455792e-02 -3.277494453277540742e-02
8.578976300409065061e+02 1.101727689866429500e+03 1.771931674363713682e-02 -2.550824141974317172e-02
2.591477422246292122e+02 4.056518834422423083e+02 2.426691342570090268e-02 1.106539434230550539e-01
3.006713776918884946e+02 5.112624197011692786e+02 -7.680301943772367690e-02 -3.421324928537691074e-02
1.171541837184547376e+03 2.724885407130165618e+02 5.456933399423178344e-01 -1.572559633322991035e-01
4.357464023475116619e+02 1.071698564538128494e+03 4.068332580468639326e-01 -1.618233052929554106e-01
4.554135769028370078e+02 1.099300608297663075e+03 1.094422898224441630e-02 3.378867852408499323e-02
1.942656779707176327e+02 4.961183849306347611e+02 -5.425403909066517372e-02 -1.032713139386203238e-01
2.777315521319906679e+02 5.204067297406251100e+02 -2.380232397317172399e-02 -1.827235513097775765e-01
3.458803871350153827e+02 5.009500887306373329e+02 2.730032663876613697e-02 2.337655628781476480e-02
1.070042912094432950e+03 1.543459374293588553e+02 -3.670205721334696136e-02 1.106266857042328411e-01
1.101764520290398195e+03 1.496718592039647433e+02 -1.971982656507407228e-01 2.677119291652587663e-01
1.031854680136525076e+03 1.808375253449603974e+02 1.287702742972669512e-01 -2.622501821347071882e-01
1.129950044480538281e+03 1.768531565767431175e+02 2.211466461651525606e-01 -2.098689658584476092e-01
1.079340794903942424e+03 2.299217481853075924e+02 1.754725125431377819e-02 -6.906750878998479948e-02
1.183192374900599361e+03 3.344565199573910945e+02 8.699909711310738203e-02 -3.062174556799561742e-01
1.249585571076619772e+03 3.465679997694883241e+02 1.199955502385137152e-01 -1.374381254631202864e-01
1.246349858030424230e+03 3.617468273537061236e+02 9.798479017445060890e-02 6.376738998085329513e-03
2.812354774576136833e+02 6.610460283226518641e+02 1.297723863578426062e-02 1.111363285108950549e-01
2.436259102022891341e+02 7.303020330358991714e+02 -2.607025187305112013e-02 -7.413257158850683481e-02
2.338999958644650405e+02 7.416969330571716910e+02 4.273501701364068595e-02 2.953355703709803493e-02
8.959602349727396131e+02 8.853417098231295768e+02 3.056196167709686051e-01 -6.246281945755072229e-02
6.393110689142316687e+02 9.951317571010030179e+02 1.818953496086237465e-01 -6.538331380653517044e-02
6.136036886061471023e+02 1.015668438289442292e+03 3.804775932269421901e-02 -6.258986679478084625e-02
4.174347441776992014e+02 1.096226327746455809e+03 2.941236539653573345e-01 -2.185400460593882599e-01
4.566521959416220966e+02 1.097873216793498386e+03 3.738855186810496889e-01 -3.853062476053992214e-01
2.856537568427823430e+02 4.736563972154347084e+02 0.000000000000000000e+00 0.000000000000000000e+00
6.286223726825503491e+02 4.360262460550324022e+02 0.000000000000000000e+00 0.000000000000000000e+00
7.445192764865341815e+02 3.979399772799221751e+02 0.000000000000000000e+00 0.000000000000000000e+00
1.055105487985332275e+03 1.894700601681800265e+02 0.000000000000000000e+00 0.000000000000000000e+00
1.137127161270793067e+03 1.961953790703246625e+02 0.000000000000000000e+00 0.000000000000000000e+00
1.203034493396227845e+03 2.216680182959030958e+02 0.000000000000000000e+00 0.000000000000000000e+00
1.276872340348555554e+03 3.426540511688274364e+02 0.000000000000000000e+00 0.000000000000000000e+00
1.280744484923566233e+03 3.555991360335216882e+02 0.000000000000000000e+00 0.000000000000000000e+00
1.220904112903604073e+03 3.676466858175287484e+02 0.000000000000000000e+00 0.000000000000000000e+00
2.079170508727654294e+02 5.499788264325779892e+02 0.000000000000000000e+00 0.000000000000000000e+00
1.897582320720331950e+02 5.747158095239294653e+02 0.000000000000000000e+00 0.000000000000000000e+00
2.276784274902068148e+02 5.764274990175474613e+02 0.000000000000000000e+00 0.000000000000000000e+00
2.671698863908617341e+02 6.166330118947370238e+02 0.000000000000000000e+00 0.000000000000000000e+00
2.426327640478728824e+02 6.725813426001678863e+02 0.000000000000000000e+00 0.000000000000000000e+00
3.800287495510091844e+02 6.995317998603576370e+02 0.000000000000000000e+00 0.000000000000000000e+00
7.472787998528336857e+02 9.313425007929812409e+02 0.000000000000000000e+00 0.000000000000000000e+00
3.552335405420628263e+02 1.078711822061396788e+03 0.000000000000000000e+00 0.000000000000000000e+00
3.554280758565930114e+02 1.100032108887216282e+03 0.000000000000000000e+00 0.000000000000000000e+00
5.071365479618111749e+02 1.095974716043118860e+03 0.000000000000000000e+00 0.000000000000000000e+00
4.567739657008357881e+02 1.097683183558085602e+03 0.000000000000000000e+00 0.000000000000000000e+00
6.187617914634938643e+02 1.029839968952097706e+03 0.000000000000000000e+00 0.000000000000000000e+00
6.212382166674063910e+02 1.042566000470629206e+03 0.000000000000000000e+00 0.000000000000000000e+00
8.650980713340049988e+02 1.102310548857059757e+03 0.000000000000000000e+00 0.000000000000000000e+00
