1.342765200356814148e+02 3.783586991333604601e+02 4.387702799625336808e-04 -4.024300055518081204e-03
1.391608599095362138e+02 3.949811476719734173e+02 7.734789107446701870e-04 -7.981992506101689890e-04
3.025287043890794507e+02 5.763899873921321841e+02 -2.842495820285119781e-03 1.113330811680237177e-03
2.737960662557485989e+02 5.423026443289193139e+02 -1.044047418128058640e-03 1.886849502592766788e-03
2.618830500216180894e+02 4.562717389022462271e+02 3.327174937887978495e-02 -1.941202617959942867e-01
2.553415941891168472e+02 4.661038601422201850e+02 3.266135766169061660e-03 5.136170115856702502e-03
2.282825984663497252e+02 6.088719618334940833e+02 9.384747182733994310e-04 3.967206554716990255e-03
2.785126226272805638e+02 5.529521924482855866e+02 3.029794174751984301e-03 2.564952349940081370e-03
2.189634721513632769e+02 6.199582342779290229e+02 -2.983805865334610355e-03 3.089881316243958675e-02
2.925008376588034480e+02 5.664898706111572437e+02 -5.628734285407139583e-03 -7.733557432455353056e-03
2.983707677586729119e+02 4.542501832091521123e+02 -3.999749055376491946e-02 -7.799008410446031658e-02
3.142605064487356117e+02 4.713145320533612903e+02 -8.745650131665101343e-03 5.462095461460099444e-03
3.125286110371631025e+02 4.749138186834111934e+02 3.655748218080805047e-03 5.827610892313236750e-03
3.215429000890759426e+02 4.687502274163560969e+02 1.822604687451377312e-02 2.176309049093279671e-02
5.934442255289623063e+02 3.882917150808169708e+02 5.791607777460888729e-01 -3.018344594327979080e-01
3.545947920119891705e+02 4.868913865402374768e+02 -1.180400088121435070e-01 -9.196959380657593330e-03
5.657703416899577178e+02 3.856885079039192874e+02 3.837890525399569389e-03 -1.620326696231676536e-03
5.605107850611497042e+02 3.815489584831956336e+02 -3.410485558808684214e-03 4.742883971199815703e-03
3.254751179532112246e+02 5.056779004180603465e+02 -5.877094485150688441e-02 1.055352425716461241e-02
3.184598297170006731e+02 4.945795159939915493e+02 -4.151581493480048513e-02 8.241275310163220791e-03
3.477564089073571836e+02 4.872610044551051942e+02 -5.968029047724063979e-02 3.013701369942318239e-03
3.209374343330314900e+02 5.145278196002241202e+02 -2.651640893047177081e-02 -8.382321067855547439e-03
2.894099624853866430e+02 4.837572939941000527e+02 -6.779832465224613913e-02 -1.241737347036448308e-01
3.792975797156468616e+02 5.116112949756079047e+02 -1.585039343254925626e-01 -3.063568942095999323e-03
3.406561222273383578e+02 5.079206028157532842e+02 -1.170869484784527181e-01 3.190941142152086546e-02
3.740388856769032486e+02 5.153212829613278245e+02 -1.481195274503592785e-01 -1.217539126807000438e-02
3.870008125762271902e+02 4.880751787054095985e+02 -3.086636057414259282e-01 6.559758107014339312e-02
3.704042159779864392e+02 5.347789767613497816e+02 -8.172764387801981223e-02 4.648426671782868863e-02
3.513383072472295225e+02 5.385421531770128922e+02 -8.924972324817613545e-02 -5.110248002588805433e-02
4.206646271337525604e+02 5.151575282194020247e+02 4.277084935113320552e-01 -4.855091224095925417e-02
3.293416875283644458e+02 5.500306953605106628e+02 -5.158535127520060687e-02 1.194350160283598125e-02
3.265449972386180093e+02 5.594024376648875432e+02 -5.026631702850294092e-02 4.649610641054140875e-02
1.161559535192695876e+03 3.251723395357721529e+02 -7.038959249473577227e-03 1.161620241589164312e-02
8.720353933397983610e+02 4.085362121250970517e+02 1.745827894141446356e-03 3.400537473075163162e-03
7.037702449818334571e+02 4.167241226244351537e+02 -2.839229766931170365e-02 -1.591936559782087743e-02
7.702426923016165574e+02 4.320909129746406165e+02 -8.641561937439642266e-03 3.452208329978776954e-03
7.675002181837750186e+02 3.926017468424436743e+02 -4.082215596556771353e-01 1.778971584128314076e-01
1.105986730370170562e+03 2.077754843184850984e+02 -3.420899569658842482e-02 6.471483195261751092e-04
5.572127998895575729e+02 4.314166065687161336e+02 -6.300255569215985618e-01 1.877859125435911158e-01
1.185891509950361524e+03 1.786992258749625080e+02 1.397154906517063841e-04 1.122380757897358840e-02
1.198889303207785815e+03 2.459215454318488696e+02 -1.128956859285005186e-02 3.795973909593432921e-03
1.217012230317337071e+03 2.530383349624139271e+02 -7.905369590677611621e-03 6.373289587122543155e-03
1.182064997327472611e+03 3.660863528363393584e+02 4.076818213519853989e-03 3.868934845573869692e-03
1.196794553178107662e+03 3.686555158274491077e+02 -1.257772714172172672e-03 1.241741709987698693e-02
1.206837416822615296e+03 3.970959344998457254e+02 -5.463640636279895168e-04 5.680238815564775216e-03
2.759434425074726391e+02 5.614259533590485489e+02 8.119955099458604428e-03 1.220520071748780640e-03
2.005805586272562380e+02 6.557201592624084014e+02 -1.433372856485668877e-03 9.764455484623840633e-04
2.759255331965237588e+02 5.776620997149387904e+02 8.422525620078273600e-04 9.737174538239705759e-03
2.734046956373555872e+02 5.907225178434891859e+02 4.195721426359534829e-03 -1.112267520494863819e-02
2.683835216828919670e+02 5.944613431593941186e+02 -1.050193741254795698e-02 -1.235877200102631105e-03
2.875422570142652603e+02 6.086395239850025973e+02 3.311365503735838774e-03 5.389327087963429255e-03
2.481728603651820606e+02 6.043771637604056650e+02 8.318746160988507374e-03 -3.376932520106294862e-03
2.808060112093459111e+02 6.004728503699662951e+02 4.482396710821687572e-03 -1.649989791507332475e-03
2.361237758258351676e+02 6.237541750788680019e+02 -2.408038728858802324e-02 1.113682234912211771e-02
2.483960954467506781e+02 6.188788560190677117e+02 -3.805826913201493591e-03 2.215886972317994159e-03
2.559920224932427004e+02 6.223495301838127034e+02 -1.837418828257444893e-04 -1.248454541420941644e-02
2.276174769910394957e+02 6.327420501389294714e+02 2.508025854536013663e-03 9.946294177888205957e-04
2.804234749922645733e+02 6.336913891328671298e+02 9.361753557440991372e-03 1.006449689542266492e-04
3.000310881699438710e+02 6.317110984943035419e+02 -1.165657539493257858e-03 -2.373135167934577010e-03
2.249755870738787848e+02 6.463834001881899667e+02 5.529241388900334333e-06 7.918116057761935209e-03
2.857936215845263064e+02 6.380730334990970505e+02 4.559009704935576101e-04 7.791307237992009700e-03
2.958190484490314134e+02 6.333214312855109256e+02 4.046625269989088253e-03 6.490707849352610019e-03
2.382658488577415881e+02 6.430691634446662874e+02 3.501572278202272522e-03 -3.425493862437178905e-03
2.586909617768910152e+02 6.399121339369357884e+02 8.247600059235644931e-03 8.127520719312997244e-03
2.648597408787729819e+02 6.396930214551019844e+02 1.013916560453924495e-03 -2.922771373567292774e-03
2.294189135338161236e+02 6.560182650069635883e+02 1.394449962235582308e-03 4.506428527779147465e-03
2.621126457212611172e+02 6.570639096178522323e+02 2.606077632816606454e-02 2.558359064476525835e-02
2.704110614184188535e+02 6.553043050538020680e+02 6.849936753800791797e-05 -4.891696102229634328e-04
2.916264399115415813e+02 6.531970987248409983e+02 5.016617178176773807e-03 -5.001896856844840773e-04
2.745375643563841663e+02 6.592634721422268740e+02 3.670634094476099563e-03 -3.430436493247968760e-03
2.474194171146919814e+02 6.614214489891420499e+02 -4.054056667512787558e-03 -9.190550046640162674e-03
2.553383481005469378e+02 6.673069084787397287e+02 -7.102582504824012100e-03 1.229347146473101782e-02
2.074593902210328906e+02 6.694770152252452817e+02 -6.929202631488295440e-03 1.884685299821942757e-03
2.261036618842036603e+02 6.681788636145654436e+02 -2.378336120577076527e-03 -5.429795371988388724e-04
2.618260282000781558e+02 6.687552957293031568e+02 -1.767556311430289965e-03 6.347236283676069854e-04
2.704162121826019529e+02 6.659039877314505702e+02 9.621971384600027169e-03 -8.605262959767429054e-02
2.009957987007926192e+02 6.983829848347033931e+02 1.291307036742727189e-04 -6.815872703157873670e-03
2.373567267226753188e+02 6.834197643107571594e+02 -7.582297813602810119e-03 -7.039489672819183516e-03
2.248841394229174568e+02 6.840697302695505186e+02 8.812753177541127842e-04 1.731388193403821975e-04
2.175291327098827878e+02 6.869649695533429394e+02 -2.252475983573501601e-03 -1.254353576639617284e-03
2.334821501455196824e+02 6.886488169940091666e+02 7.285813144026144668e-03 3.142231482384697395e-03
2.395977455622387993e+02 6.934813369854111897e+02 5.104716260429184864e-05 1.045819440060646519e-02
2.048437436804208289e+02 7.109073657471825527e+02 3.630344926958820745e-02 8.457307651185309513e-03
2.781666843781578677e+02 6.879912857322082118e+02 6.892409074176198119e-04 6.806062508620935175e-04
2.520788990449241282e+02 6.934220262662789764e+02 2.774407951988851467e-03 2.529982116290721041e-03
2.691029829206486284e+02 6.948362540573139086e+02 5.746289927798789963e-03 8.945815500313453184e-03
2.750075136736992363e+02 6.962394847608943564e+02 7.285729958462273427e-03 1.147278918411680747e-02
2.596102314522626671e+02 6.988556951748865913e+02 -8.071010282984245401e-04 -5.579758761791483827e-04
2.544144735457559534e+02 7.019197802752535154e+02 -1.082371099735920852e-03 -1.311621872306691083e-03
2.466887315191577272e+02 7.036852702388830494e+02 8.241447337503518891e-03 8.338877166037005073e-03
2.698079198563847854e+02 7.046056353628207489e+02 1.565000505492982093e-03 9.495893789814751837e-03
2.587753705650547431e+02 7.078914520912725266e+02 8.984697950434718597e-04 5.899920200919392057e-06
2.622091275795608567e+02 7.116205544372458007e+02 -2.438481505692488040e-03 -3.031889055864216750e-03
2.193368278630913153e+02 7.159218745539494648e+02 9.964192975579714423e-04 -1.180735971167838020e-03
2.660305627200922345e+02 7.119144102507692651e+02 -4.634879852233660981e-03 -1.304005508936397460e-02
2.270850181257408735e+02 7.220132092604429772e+02 2.152831704708800011e-03 9.208521440982757366e-04
2.206207444748143303e+02 7.253060440153233230e+02 -1.219899716343662670e-02 6.666330420831165747e-03
2.509514051315860854e+02 7.156851767439865171e+02 -5.936953708831903785e-03 6.330858607771681044e-03
2.139842006315728042e+02 7.382901955007423567e+02 2.992211880651758811e-03 5.312053208590801706e-04
2.353114830755702656e+02 7.264123334945113584e+02 -1.731905862637611463e-03 1.137723182596301306e-02
2.618719435259181978e+02 7.268606789486735806e+02 5.164767352265933233e-03 -7.607097910512367056e-03
2.194399724536183669e+02 7.345591228500617262e+02 -3.320838351537993161e-03 -8.216305861511986885e-03
2.549711989875029872e+02 7.297564342623180664e+02 1.826664376090496398e-03 1.041504284948546700e-03
2.368828199214792960e+02 7.355249697825001931e+02 -1.403822536833660090e-03 -5.094255640383695515e-03
2.209754890587986438e+02 7.486384235164923666e+02 -3.513511615695094170e-04 6.433913095384239007e-03
2.302839746895141104e+02 7.447871881098881204e+02 -1.985927160604876365e-03 -5.617234960028543236e-03
2.458881700963459593e+02 7.435817236954442251e+02 2.769202910020668752e-03 4.926429737634402742e-04
2.399775571523291546e+02 7.464600111160049210e+02 -9.084573569906816484e-03 -2.619228741656286653e-03
2.554389304183500826e+02 7.446473769460970971e+02 3.509345564573255419e-03 5.453220740380379343e-03
2.527286591363819639e+02 7.509686080044715482e+02 -6.324839064919245829e-03 7.436072613281434485e-03
2.441083954514855918e+02 7.531082561283939185e+02 3.239234778424651684e-03 -5.995713160789612264e-03
2.485502787364133894e+02 7.592768006603851063e+02 -7.300656235800866665e-04 -2.106940899623866575e-03
2.427355085940114066e+02 7.610706156746521174e+02 2.874714041117649218e-03 -4.296545357434378674e-03
6.343616589983882932e+02 8.219683684197890443e+02 2.608822945695906032e-04 -1.508925335323204741e-04
9.124533784283750038e+02 8.058736670857753097e+02 -1.476904282668274821e-04 -9.110322876659386919e-04
4.599543177933353491e+02 9.415653136299785047e+02 -1.636182181167860576e-04 -1.067707255424240774e-03
7.189347014696430733e+02 8.702006177219558367e+02 7.808941452941497259e-04 -5.933154605109299201e-04
9.071457675145237545e+02 9.234684833908893324e+02 2.787007867547601665e-03 -1.778750983741774025e-04
9.001106618608425833e+02 9.274357427404451073e+02 -1.195792518142477917e-03 -2.379019006220554899e-03
6.851657448953029643e+02 1.022735495216337085e+03 1.683942508816921877e-03 4.550284119829376382e-03
7.149797059556635759e+02 1.011530045996632225e+03 -2.020258982025948660e-04 -3.334940315518438087e-04
7.049574685491550099e+02 1.023633827593432898e+03 -8.803898719683689051e-04 -4.514523204727876032e-04
7.013465209541409422e+02 9.497196058487361370e+02 4.798131703317149999e-01 -2.341845383523490365e-01
3.496906159842677653e+02 1.058496245521808532e+03 -2.572633867125299900e-03 2.336200334290276098e-03
9.751639925624880334e+02 8.365557088073585419e+02 7.853152192503233264e-01 -2.184370489302600860e-01
9.588826374801942620e+02 8.516963036839360939e+02 6.451378746654530261e-01 -2.080468338969654329e-01
4.818410644814182433e+02 1.099066063925427898e+03 2.746588797116159865e-03 -6.006098718727918406e-04
7.044425795648875237e+02 1.036474254456527433e+03 -2.137498253587902675e-04 2.931949345588466364e-04
7.519284250624369861e+02 1.067565213335738463e+03 2.439762950175598571e-04 3.253798244560751228e-04
7.456398749459191322e+02 1.071466672244782558e+03 -2.667824733236448943e-04 7.029167291011167377e-05
1.310303496469584843e+02 3.251414629333032167e+02 -3.217628436422136431e-03 -3.075810944379230635e-03
7.359217283735313231e+02 9.787474957331951373e+02 -7.447189857958745884e-01 2.963495915787506818e-01
7.653335488969138396e+02 9.023447534375904979e+02 5.039941395796829759e-01 -2.369400941812703221e-01
1.084031559515099843e+03 2.285321690729736872e+02 -5.135926696392842557e-03 8.775170056910858510e-03
1.237308878829088599e+03 4.008943409562177749e+02 -1.186748412223915736e-02 2.621820628859110672e-02
8.997351331247232338e+02 1.102192380282586555e+03 -5.910230720789090130e-04 1.254195752554182106e-04
1.175996291310660354e+03 2.270517517597606059e+02 -2.883904133604668629e-03 1.406106303622295037e-02
2.812733512655687491e+02 5.661270478420663039e+02 1.781611859430518290e-03 -1.271948009597472732e-03
2.552900899123777094e+02 7.082927682318339748e+02 -6.779831319982525554e-04 -1.057126025875957141e-04
4.605082750370048075e+02 5.329641871463566076e+02 -3.416688570576011802e-02 -1.631150626426258049e-02
8.248490500742570930e+02 1.102265298338539651e+03 1.505479205283480532e-04 5.108992082537357508e-04
2.646173548013845220e+02 5.361179118346785799e+02 -1.001773086786231365e-01 5.247279907920042452e-02
9.492489401902342934e+02 2.485308578385415785e+02 -1.696674975474112739e-03 9.977408955403641727e-03
1.128997758838923801e+03 3.486048323015459118e+02 -1.099447050278916371e-02 -4.801482907246078756e-03
2.791791099966105207e+02 6.524282967687124710e+02 -9.735551426901435266e-04 -5.139149501429069247e-04
1.346446652341159620e+02 3.996238078923175863e+02 8.799200064979034166e-05 -2.870600833026707571e-04
2.330303479687502772e+02 6.669312174755517617e+02 3.527349338037367565e-03 5.587350110141135404e-03
1.008371764621631655e+03 9.275674466218008547e+02 9.854942916837159794e-04 2.363342159775705625e-04
2.768151709203909263e+02 4.880535498007195088e+02 7.335572065590503787e-03 7.654757243858512084e-02
9.180899149260076229e+02 1.102616032053078698e+03 -1.296978941190270152e-04 -2.385581530558225074e-04
1.205033594620023905e+03 2.040025347436966570e+02 1.439877369062463053e-02 4.501203295332781296e-03
1.290559043743187203e+03 3.660845205301500869e+02 5.370383393690167373e-02 -2.193867114875999377e-02
2.390511065859047903e+02 3.714966684997466473e+02 -7.264298535388359623e-02 -2.275798303971536263e-01
2.611776888188692283e+02 4.443348994264058547e+02 -1.474612187089495777e-02 -1.995847067178901091e-01
2.762657448147032824e+02 6.121875347265961409e+02 2.511290875828411755e-03 4.147468728531451820e-03
4.404882122124053012e+02 4.762468562732066744e+02 -2.712866952771647022e-01 2.876785283516111735e-02
2.727081049197560105e+02 5.109469446637770602e+02 -1.561618338668479405e-02 5.078649243825672510e-02
2.290106385454536735e+02 7.758347951186347018e+02 -7.841774821785763711e-03 4.201531507445420421e-03
7.709839029818749623e+02 4.449230684988327766e+02 2.680751892299185896e-02 -1.757663905040641409e-03
1.161257111800949133e+03 1.514822607377092822e+02 3.559613707864060783e-02 7.821865005248926361e-02
1.161004925401316086e+03 2.382398791051782325e+02 2.751994426100083831e-03 5.011741649528261150e-03
2.651418309400859812e+02 7.431245725861798519e+02 9.160001226839742383e-03 4.395880106690218739e-03
2.637258469601992488e+02 7.029764020575925088e+02 4.023632282801732846e-04 -7.167807043703472263e-03
2.604523082822387323e+02 6.100983590437051589e+02 -1.382549869870532870e-03 -4.543508673744480267e-03
2.553505883238914009e+02 5.006824841911164299e+02 5.797983721814739533e-02 -4.084562408358369950e-02
1.125500267030058239e+03 2.263033162355321792e+02 2.477478127734639678e-03 -8.589950985256368521e-03
2.540420736755295081e+02 6.901375498919078382e+02 -1.794834095952434943e-03 -1.046352498713076784e-02
2.484307780519117443e+02 4.134542407361047367e+02 -8.013759122258219680e-02 -2.014893817736541082e-01
2.594767197978723061e+02 6.318744819873945744e+02 9.763021762623928833e-04 -1.951733207783720551e-04
3.720560647600765947e+02 5.648116404202415879e+02 1.213843692809718142e-02 1.003281367129917794e-03
5.752267869803777103e+02 9.969967670422330457e+02 5.110513724732023144e-01 -2.675261873264018209e-01
1.105765773888717149e+03 3.589964765528690691e+02 -2.714153680135675956e-02 1.709688356077612497e-03
2.339410012794217835e+02 5.207316384558737354e+02 1.121409644394345956e-01 -7.006345751638644315e-02
2.869662358378275826e+02 4.745709870117954665e+02 2.860647817883568353e-02 2.337156399350211536e-02
2.778914075209279986e+02 4.941851156871527451e+02 7.940474193152835536e-02 4.854466566582169018e-02
2.494068251602636508e+02 6.747488448818418192e+02 -7.544804496112725994e-03 -1.409044806542502845e-02
2.138763132577077215e+02 6.368943654262592418e+02 9.596694249594720340e-04 -2.444308531777897829e-03
8.731348896836526592e+02 3.754968613079419697e+02 -5.305365460758681984e-01 1.313200914880449099e-01
2.681326937928266716e+02 3.005110914869712815e+02 -3.704164636218646800e-04 -1.011731515049096560e-03
1.009590947333660210e+03 2.305495902402611250e+02 7.310894037538227808e-02 -2.982591768263244680e-01
2.678714505418921021e+02 5.817214499467206679e+02 -2.491837108838092403e-03 1.553781000932821614e-02
2.141250524317956945e+02 7.472384351009485499e+02 7.227706863170117388e-03 7.218194274929995262e-03
1.020066889525265537e+03 8.339277526152967539e+02 8.416398422759868714e-01 -2.301219972546424131e-01
2.818618930559119917e+02 4.419057678955537654e+02 6.750636814624523183e-03 -9.310331382620110540e-04
2.460582455698324225e+02 5.279836189063048550e+02 9.750873184212438538e-02 -1.386944519787356167e-01
2.779172632745745091e+02 6.783091940906795116e+02 7.941824411056815428e-03 2.374292925186285985e-02
2.928656196793618847e+02 6.470432342387864537e+02 5.361064789977686151e-03 -4.945289382405489501e-03
2.368262491780950540e+02 5.383876279176691924e+02 1.415869958251781413e-01 -5.202293210891859726e-02
2.840594180966386375e+02 5.655537259899147102e+02 1.339791338114757879e-03 6.863347454190271008e-04
2.624040535833046306e+02 5.117246241707431409e+02 6.645998189196014073e-03 -4.938756214937824185e-02
2.017174767597992684e+02 6.345653448468189026e+02 6.328023463602153523e-03 -1.830089456413390610e-03
2.877526318452076453e+02 5.224626919784950587e+02 -1.034281141441415267e-02 4.315962620066244454e-02
2.746535215585348055e+02 6.898636251745688241e+02 1.074282099066317404e-03 -8.314506554563987767e-03
6.761234133706400371e+02 4.121754049587381132e+02 -5.124028492209696806e-01 2.028017427410912510e-01
1.067813668792713088e+03 2.178907786006983827e+02 -2.848204289770058656e-03 2.434126047882946304e-03
2.701258129259032330e+02 4.275870941606353313e+02 -3.011895155578816867e-03 1.008335115409014944e-02
2.571760224960012806e+02 5.132881804959370129e+02 6.999006897708771359e-03 -7.841423421042789665e-02
2.294535501673600777e+02 5.146092434586304307e+02 6.296548604094348231e-03 1.724646121816827971e-02
2.253057695118586139e+02 7.143771726785823830e+02 1.856928784489823500e-02 2.842343941650520706e-02
1.962305112993968521e+02 6.996085171975830690e+02 -3.022377344415539194e-03 -8.289498059121518407e-04
1.147587673553150353e+03 3.234565253455201059e+02 -3.950795523390450772e-03 1.269025103780315085e-02
2.601657011759070883e+02 4.260914946797976768e+02 6.615027257221907722e-03 3.466426307438261883e-02
2.279199238935296137e+02 3.398760680669041676e+02 -8.580961753111042423e-02 -3.192002142510298457e-01
1.092061354948462849e+03 2.046417659978846473e+02 -3.022119042306807557e-03 -9.977160455803478836e-03
7.281848909629843547e+02 3.815899272644703615e+02 -4.687835215096142760e-01 1.578768166081326862e-01
2.391112013429197418e+02 5.122664291584874263e+02 1.894822579986181910e-03 -8.289791926323133997e-02
2.446632933917441051e+02 5.179347800763024452e+02 8.029510869020037300e-02 -1.420725800966226859e-01
2.606466504220999241e+02 4.476552461089867734e+02 -1.587650769956026886e-02 -2.195829227138434980e-01
1.153451074898961451e+03 2.491186059577220817e+02 -3.673034045274143483e-02 3.083909754320138252e-02
3.367402584034292090e+02 5.097558867610870266e+02 -9.306466863062165529e-02 6.771897872131871221e-02
2.315452795593434701e+02 7.713817178248103801e+02 -4.682932842046743857e-04 6.228336301938445715e-03
2.756455799832224329e+02 6.396451108971051553e+02 8.456080276153776429e-03 -2.055955240884806134e-02
7.071536322611175365e+02 9.288251774538506425e+02 5.108489040303088036e-01 -2.857454251464890960e-01
5.794101258310037110e+02 4.403708004430349092e+02 -5.902140643547715282e-01 1.708469059413949553e-01
1.174266443541240278e+03 1.890563027857553493e+02 -1.770780494788064957e-02 2.092766437233467211e-02
2.535000968463799609e+02 5.337391057750263599e+02 6.205168023972118529e-02 -7.521183925266113068e-02
2.697124720773466038e+02 4.061368999990638144e+02 1.787996981335027158e-02 1.653484149668226627e-02
3.471744669991928731e+02 5.036351151777795963e+02 -1.084305693738116111e-01 3.333869362791738733e-02
1.152674938738748097e+03 3.244275561080629018e+02 7.233018046679375122e-04 1.589119516594596215e-02
1.207067458377319554e+03 2.305556645104201436e+02 -9.294231322831428494e-04 -2.245508238521557592e-02
4.635526495526417534e+02 3.926910253528143357e+02 6.193282814457675605e-04 4.609192906655445836e-03
1.149988756718890727e+03 2.174562273512325135e+02 5.036957790959811429e-03 -2.603676039819395691e-03
2.335817739437325997e+02 7.641583517133868781e+02 4.572934131972420518e-02 1.539939707982617909e-02
7.644941364922775620e+02 3.679343324182598280e+02 -4.686145043551631639e-01 1.410437031087533599e-01
3.182985286916941163e+02 5.562757724144825033e+02 -1.184515975383460158e-02 1.746646744512679247e-02
2.388739683317006666e+02 5.676088738032202627e+02 -9.419785706730166019e-02 1.580204822127005970e-01
2.487177888384176470e+02 4.908480424536019200e+02 1.687416324588837321e-02 -4.138697366066156763e-02
3.375585364662223924e+02 4.133937022039091858e+02 -4.750776356864760408e-01 -4.958998775038493401e-01
2.414182166848434292e+02 5.970807549532952407e+02 9.509427048701548854e-03 1.221958600038504199e-02
1.874030297291310490e+02 5.429393788040414393e+02 -3.412894218959531822e-01 -9.863066004047393864e-02
9.919533281560632076e+02 2.575026413282521389e+02 -2.231966287165347909e-02 3.365985381965601597e-01
2.422446098545299549e+02 5.460415447079936939e+02 2.334440816795959814e-02 -1.376453493672909201e-01
6.475505800302848911e+02 3.888892550920310782e+02 5.635650319945222364e-01 -7.463174137896572136e-02
1.165987702107334144e+03 3.483428762415945812e+02 3.814207263197807719e-05 -1.828176084288342948e-03
1.944332275924687110e+02 6.875671419462479435e+02 -6.976943900546154348e-03 -3.955764851943202251e-03
2.648856577227618914e+02 4.257187146410987566e+02 1.464052791831845510e-03 4.484146989566420438e-02
6.050413607477629512e+02 4.095589545816918076e+02 -5.624625117728310197e-01 1.205231752959609187e-01
1.134364423891554225e+03 1.642010478717886315e+02 -1.751757143487910617e-01 2.252028471812509564e-02
1.224340783651858374e+03 3.966253677344573703e+02 -4.465732577185431429e-03 -4.282379139304244575e-03
2.244392281672897411e+02 6.950034284692061419e+02 3.135135246012758607e-03 4.121797614951865432e-03
8.497740891848019373e+02 3.732342824311015761e+02 -4.933204690603305020e-01 1.278048979300839272e-01
1.015395759112317023e+03 1.631941496639289824e+02 3.304129381877594484e-03 5.863825616147112091e-03
7.341683779748739198e+02 3.701437721939321932e+02 -4.751511174399120629e-01 1.210875432217825010e-01
2.837679959135025456e+02 6.268247238598978583e+02 8.707862791196714072e-04 -1.415812041539826933e-03
9.569710816266918982e+02 8.581663315687949307e+02 6.707386520491865900e-01 -1.786008239411001897e-01
2.541375543964992687e+02 4.933767565286257764e+02 2.430768362918630035e-02 -3.179590448479754916e-02
2.600293863799639098e+02 3.889552897070273048e+02 2.769191898841197666e-02 1.022267768708558788e-01
2.673137019083912378e+02 6.351952346731191028e+02 -4.304160828887756626e-03 -1.680625660168232754e-02
3.137970256512278979e+02 5.134320643932067014e+02 -3.889263376836458314e-02 -9.633744622211601327e-02
4.979211415836107335e+02 4.556045049556416302e+02 -6.730795510422449279e-01 3.405162232590323579e-01
2.673914638222068447e+02 3.853224646762956809e+02 4.980173467227625578e-02 2.297959921613158818e-01
1.123046184352037017e+03 2.200957249795997939e+02 8.023494204343757348e-04 4.588003070141282434e-04
1.167583200535909327e+03 3.592445028858616638e+02 5.852135324803924704e-03 -1.232909808329668046e-02
2.147413276101995905e+02 6.933075442166632456e+02 1.121500131969275669e-03 -1.633015980766487803e-03
3.041937562194930820e+02 5.048049454907497875e+02 -6.644554183325249164e-02 1.695686087735301037e-02
2.823734605766547361e+02 6.132039350965111453e+02 -7.384508201437706490e-03 -1.048510201954822333e-03
7.619660347268494434e+02 9.243268715502272244e+02 5.007824311848667609e-01 -2.064333267581733300e-01
2.680836217281510017e+02 4.119445481462855696e+02 3.383437423505625524e-03 3.526078595168520569e-02
1.190732148955008142e+03 1.882645963200905044e+02 -5.756791976206147854e-02 2.289978433063254853e-02
8.630833300633382805e+02 8.837831281307429663e+02 5.249795531049895603e-01 -2.519132600010641210e-01
3.192573119574110478e+02 4.878760745408907837e+02 -5.526942463959045454e-02 8.370138972949381709e-03
2.612322190795649135e+02 6.794357786889831914e+02 -2.605244695291280329e-03 -6.306150457783470803e-03
4.149780998322557366e+02 5.279003313957819046e+02 4.560853928470189889e-01 2.938864753383146899e-02
1.094209588136063303e+03 2.267336897447629269e+02 7.496615746315072985e-03 -6.304412403691815776e-03
1.185518686015046569e+03 1.870225040081781742e+02 3.059418053837614088e-02 -4.477552589641150237e-03
2.504393167083468938e+02 4.827724808618723387e+02 5.657759030782753135e-03 -2.249607360168189366e-02
1.113373454604799463e+03 2.367768127666843156e+02 -9.312580216768008914e-03 3.573010650456743317e-03
2.129206670696520689e+02 5.820263885401994912e+02 4.614068092422316664e-02 8.565030114741287171e-02
2.703094146241587623e+02 5.729198590664515223e+02 5.431579241378968644e-03 3.733955010577934275e-02
8.593970545060952873e+02 1.101967969993268071e+03 1.582792056485394019e-02 6.888445498269461049e-04
2.748357300595206993e+02 4.484724565792391218e+02 6.858639471351134914e-04 -4.392255784735690782e-03
2.929206441181584637e+02 5.947702905706730689e+02 1.501624404980783948e-03 -8.342452761785306911e-03
1.156094920376163600e+03 2.293749563416788817e+02 6.014187402471261011e-03 1.885973449986949255e-02
7.003308457030516365e+02 9.580610795603763563e+02 4.480814144509226438e-01 -2.441135222679410577e-01
1.205524814979436769e+03 2.630439746457209367e+02 1.902944926129775810e-02 1.222323361090198700e-02
8.382069873566199476e+02 9.134908813424942764e+02 5.817351953471283643e-01 -2.570990641610825245e-01
5.170303210772291322e+02 4.373542258027727030e+02 -6.653184398114548870e-01 2.178603013973229030e-01
8.915827088866352597e+02 9.320495520398429790e+02 9.389071362987818324e-05 1.772170492729108595e-03
2.625783725247346752e+02 4.697921874292901521e+02 -3.402269277623107269e-02 -1.013827793201105831e-01
3.442625715159043125e+02 4.926722773474267569e+02 -3.513381977992625915e-02 1.550107613846842328e-02
1.127993830555131581e+03 3.595831732406884385e+02 1.592034936095950565e-02 -7.398241809380466140e-03
7.919530640280270291e+02 9.140664364025776649e+02 5.056182494123447890e-01 -3.298978653192399801e-01
8.403715361170067126e+02 8.741941864998673282e+02 5.260300923931270356e-01 -2.736889535150688890e-01
7.901071396011001298e+02 3.404121028728040415e+02 -4.479212224353472660e-01 1.357692840373391496e-01
5.304561233017610675e+02 4.384786791131668338e+02 -6.181897396502145092e-01 1.960472130844522487e-01
2.968575724153693045e+02 5.365888597425142734e+02 -3.627738962727123512e-02 -1.333523919796145499e-02
7.672618444800046973e+02 3.446225517189620859e+02 -5.260465216402198108e-01 1.379993429516938597e-01
6.657366639210639505e+02 4.083539615603060611e+02 -5.084036700336683756e-01 2.128837682910255658e-01
1.198312035344567221e+03 2.268122081887323702e+02 -5.679327559779032662e-04 1.177294575899055611e-02
7.648487583677868997e+02 9.369914426780770782e+02 4.999021696341384713e-01 -2.269409400258274312e-01
2.713366300571780130e+02 3.698262702173520893e+02 5.856486882887092932e-02 1.786552814176835813e-01
3.472621509435711573e+02 1.063289392973744725e+03 -6.218177252631872098e-03 -5.439934174753691988e-03
1.141056257579120711e+03 2.240994522687125823e+02 5.282050466592021903e-02 -4.268642854853257201e-02
2.094437916450182229e+02 6.867902759166267970e+02 2.451309636465638479e-03 -9.672448365050189886e-03
2.370620992102582534e+02 5.513921440421581792e+02 9.675783311645447249e-02 -1.202408895569589686e-01
2.448565507848323932e+02 6.491037104669386508e+02 1.419147809816469728e-02 3.003746163889589593e-02
1.868131066094607888e+02 5.551526549537862820e+02 -3.057832453358412805e-01 -2.443687484360070050e-02
2.679130598877025022e+02 6.010298572396505961e+02 -4.125884357903833975e-03 3.194786921256417313e-03
8.494932894028654573e+02 3.640701327388708251e+02 -4.599085149989251553e-01 1.299740678225611845e-01
2.842804533916570904e+02 6.894004900092523940e+02 3.771044233360498765e-03 -1.814035767807527493e-03
1.153279211355619736e+03 3.628651392021100719e+02 7.743739134413078762e-02 8.662772868694001288e-03
2.524758989091547789e+02 3.926100015902055134e+02 4.774229593940752803e-02 1.050053264953843130e-01
1.209035692457565119e+03 2.504396807040613737e+02 5.778290863497096558e-02 -4.376115253851108056e-02
7.215615799936063013e+02 3.751784535306848056e+02 -4.612659803354657306e-01 1.942694119159159016e-01
2.441158757193022666e+02 6.293809084198887831e+02 7.617359070809301760e-03 -4.306935738425339555e-03
2.731436601293074773e+02 5.030251676234697698e+02 -4.761237162268224660e-02 -1.128801683655908210e-02
1.922730295267698750e+02 6.846801332094125883e+02 4.909439906448301652e-03 -1.879578772941768727e-02
2.335160501697262418e+02 6.337303141203539099e+02 4.548405424967563900e-03 3.027786077336038374e-03
2.501547034765567901e+02 5.248727403950319967e+02 1.358924166786684706e-02 -9.723233101058753602e-02
7.971245887777372445e+02 9.307647530986788524e+02 5.476229304952794363e-01 -2.635371246953879254e-01
7.107040826133255678e+02 3.878498588488962469e+02 -4.557415826141072990e-01 1.915791247710244283e-01
2.277549084839446039e+02 6.723837471108291766e+02 -1.135225432274227821e-03 -8.889605452033251184e-03
1.249729886188308910e+03 3.660120835961121202e+02 3.867957547225448107e-03 -1.642131801613889303e-02
7.778930246536680215e+02 9.154126214724143438e+02 4.778500354473428358e-01 -2.127694856728783168e-01
3.367852137103853920e+02 5.198712795237833006e+02 -9.800086398293372802e-02 1.286245263086940351e-02
1.906942857208958628e+02 6.760841775470159973e+02 -5.570780630916537766e-03 -1.269498099351368606e-02
1.108693346807165653e+03 2.078178233503743968e+02 -5.142576189572005928e-03 9.462531403883166214e-02
3.412532563312307730e+02 5.126502875696169212e+02 -1.224699623340196192e-01 2.820696423573607753e-02
3.529767863175518983e+02 5.537349364389230004e+02 -1.044552987190071336e-01 2.094269481363714158e-02
1.167355042061216636e+03 1.825878194626935738e+02 3.858577271890987342e-03 -1.383807165843723656e-03
2.708796163327593263e+02 5.627832296196335164e+02 6.122498727585038748e-03 -8.864727342955633707e-03
2.422009738600989408e+02 6.096893401664392513e+02 -3.113146963859871920e-03 -1.222680861811041575e-02
2.163824459575560297e+02 5.790910713747789487e+02 2.272630803556812545e-02 8.540455555643379493e-02
2.973154092871372995e+02 5.798836279786746672e+02 7.175488865700549272e-03 4.855691781153611934e-03
3.523423387733386107e+02 5.136699883448947048e+02 -1.463021044826375849e-01 2.829560203503260138e-02
1.124702563375923091e+03 2.125506119002343155e+02 -4.574276578147540642e-03 -5.074660063544882615e-04
1.864578537355901062e+02 6.407471578613891552e+02 -3.661615519929612827e-03 -1.391930763203829552e-03
6.730568509431101347e+02 9.654685057666160901e+02 4.391775467323758564e-01 -2.067300089450660738e-01
3.304919381547476291e+02 1.081234181810395739e+03 3.171656541640274427e-03 -3.914817104034659483e-03
1.227982597650353227e+03 2.610846356448353163e+02 4.992567842988803600e-03 -1.919137534514842036e-02
1.024295959876299548e+03 1.735391877834939862e+02 -4.128748344864205562e-03 6.565247274404319329e-03
7.448957388013553782e+02 3.966725134019039842e+02 -4.389799601907025117e-01 1.088875656088878763e-01
1.195379222469151273e+03 2.069988087377732029e+02 -3.034077697845244392e-02 3.655779454995729955e-02
3.412635654380219421e+02 4.855829319227167389e+02 -3.196885866813180960e-02 5.497925430292957376e-03
2.160020182118474565e+02 6.589488272809186356e+02 -1.151377662435521454e-03 1.591712118463892460e-03
3.361805915165078886e+02 1.065168230949286908e+03 5.653742454965163429e-03 -4.739383794327691954e-03
1.234245446800646732e+03 2.940064645332476516e+02 5.459968790192571975e-01 -3.941013601812888567e-02
3.306548437188653224e+02 1.068662927932316961e+03 5.276977261992710048e-03 -4.572488941232564531e-03
7.838815999748229615e+02 9.038087249413695190e+02 4.552045742557558894e-01 -2.064523495349276094e-01
2.990163858469289266e+02 5.491861142256342418e+02 2.976039532289533832e-03 1.105429407956794174e-02
1.148515673160706001e+03 2.456241826119302800e+02 -1.206756339246171103e-03 6.583830580459641008e-03
2.189633491019909002e+02 6.475947307581660652e+02 5.504582713658095344e-03 1.708420014572221632e-02
6.728607997640366420e+02 4.339617315220807541e+02 -5.146014353222199134e-01 1.861641028854401914e-01
2.579953895585311443e+02 3.607320986752858403e+02 5.654875932048983311e-02 1.380010426913792498e-01
8.686001929621359068e+02 8.724324537504625141e+02 5.678931247110610148e-01 -2.496554305366546489e-01
2.060097711339276429e+02 5.120670495272800053e+02 -8.379762698121785008e-04 -2.373441876992692882e-03
6.535668032927959530e+02 3.854423904858622905e+02 5.926212837029802838e-01 -5.196302191878581639e-02
2.415086737546187692e+02 3.622313243623385119e+02 4.765115073006438717e-02 6.592330071599025731e-02
2.324816615603032517e+02 6.468135648476852566e+02 4.857266162278196797e-03 1.308459113229871844e-02
3.871981735355662408e+02 5.183161328342198431e+02 2.801845508836924847e-01 -8.324232921312398059e-02
6.330093859359850512e+02 9.854819344713217788e+02 4.057908837344268438e-01 -2.171873962279570747e-01
3.579081794730347497e+02 5.354353992049460658e+02 -1.364663090728007178e-01 -3.181475492623360413e-04
2.355755806529684548e+02 7.569272588744072436e+02 2.987128995518542086e-03 6.214577239130575359e-03
3.650935021796153706e+02 5.143795827986584754e+02 -2.103623548188698900e-01 3.173964264935830865e-02
2.431428181664201702e+02 5.050498958266878731e+02 2.090905485144024106e-02 -7.270850089845948272e-02
1.190941226808781721e+03 2.221399108497876114e+02 -2.042839447989860113e-01 9.731291678816002266e-02
2.230478050800190317e+02 7.647084686120857668e+02 1.667262875442231812e-03 1.217325962316088798e-03
2.820258997009406130e+02 6.724651610817535357e+02 3.773601738153542755e-03 4.647690686169880792e-03
2.548169570912324957e+02 4.131780967960006024e+02 7.072527867074770817e-03 6.069123324568401895e-02
6.843915019526707511e+02 3.939398710127702543e+02 -4.730657352106357183e-01 2.074207473052210593e-01
6.186678948132646383e+02 4.358369825899574153e+02 7.052199468384992009e-01 -9.490084182680907920e-02
1.131282746061370972e+03 3.594308391047699160e+02 3.772069267514248890e-03 4.044260206048402341e-03
8.130412620620006692e+02 3.581783295686498718e+02 -5.009935682124089240e-01 1.283929700865137913e-01
2.586849455030281888e+02 5.058361468710060649e+02 2.883855943927237167e-02 -8.586233114509088382e-02
3.462132564634068785e+02 5.475481412150523965e+02 -4.924027231768129953e-02 3.972545477253477952e-02
2.451093225587664506e+02 3.926377648471957968e+02 -5.336828344424628112e-02 -2.350570618335959816e-01
1.973755774845038786e+02 6.381627120966890061e+02 2.581818580707287772e-02 -1.787504018951305632e-02
2.016906571701429698e+02 6.727891879512336573e+02 2.372683199668006084e-03 4.936451202377494657e-03
6.118733619071734893e+02 9.858517036531266058e+02 4.471142688295703937e-01 -2.088271821864919331e-01
7.057574582233565934e+02 3.793784234288127664e+02 -4.661952857541503681e-01 1.902162388523787884e-01
1.042086350565323528e+03 1.731942185629963262e+02 2.653914610220120887e-02 5.422006723586937638e-02
2.606707870437540464e+02 3.468458628680534730e+02 2.693560587051751706e-02 6.152395576544218009e-02
6.118288116210478620e+02 9.774393118795626378e+02 4.431203836103946858e-01 -2.192041813125252814e-01
7.210690234320621812e+02 9.525305296128943837e+02 4.945674929357493643e-01 -3.176786324972222242e-01
1.091704556278619293e+03 1.959411921535743488e+02 1.285165464849180204e-03 -7.096841283669164113e-03
7.269339046981076535e+02 9.679315161187527110e+02 4.211654154059132349e-01 -2.132370361521225277e-01
2.425647683834274346e+02 7.236560259600752261e+02 2.518422020704301641e-04 -7.479296849509193754e-03
1.002448754989807981e+03 3.720378519523722503e+02 2.302729905016412393e-03 9.378765554514541768e-05
7.688917495828185338e+02 9.060986676628104988e+02 4.938561123956479726e-01 -2.645647846402369718e-01
3.645507123323619112e+02 5.408444920927672683e+02 -8.181151836561409429e-02 -2.277147065716136204e-02
2.599334374140405544e+02 5.638546024778435140e+02 -5.158087457164803845e-03 2.129553579942523433e-03
2.490336278457155856e+02 5.879410661154267927e+02 -1.006766278584843213e-03 -1.666399557754882422e-04
8.117970713659501598e+02 3.670275229754450379e+02 -5.349331423666657814e-01 1.425611991778117094e-01
3.621206547033856964e+02 4.830207840740344523e+02 -1.572855512540436151e-01 2.777061779684939641e-02
1.107023066744844755e+03 2.940223060977459113e+02 2.931891624740940450e-01 2.434802508695907419e-01
3.729293951658478363e+02 5.361849668970903622e+02 -8.544129864243629746e-02 1.094717542609109119e-02
4.386717880457830461e+02 1.100363344303666736e+03 -2.187727621830132807e-01 3.156299859992446333e-01
2.646351760809395728e+02 4.834364433675990540e+02 3.345428047465576205e-02 -1.014412549838758781e-01
7.259359929949415573e+02 4.019797465840134123e+02 -4.588182574758424281e-01 1.572866392685223214e-01
8.735791589800948032e+02 3.872483967060105101e+02 -5.510850295191801473e-01 1.431868701863673876e-01
2.378146890716338930e+02 3.473529593125086876e+02 4.318588051216638857e-02 3.989834514461765985e-02
2.589711309234013470e+02 3.294767069682104648e+02 1.838655910563264870e-02 3.902711326081557269e-02
2.364581907642888439e+02 7.500661428669019415e+02 9.552332655766578376e-03 7.772625025913073790e-03
3.437643184342109635e+02 5.209802546599672723e+02 -1.343132700201463692e-01 3.651240840546358252e-02
2.483304364925318168e+02 6.320474831458525387e+02 -1.291547050692627534e-02 -3.442240523685144785e-03
5.406959551677632589e+02 1.000873147027163895e+03 -6.905277855678265686e-01 4.229141083764585973e-01
2.216687924410227026e+02 6.066152792854833251e+02 6.499531174757850567e-04 -3.230962467674850652e-03
1.139708297885900492e+03 3.231770851793871202e+02 -2.304258785429873051e-03 4.590246399652417146e-03
2.623857983997349379e+02 3.741175697277593599e+02 6.251768955026910934e-02 1.808398066797095305e-01
2.590104011349141615e+02 7.200766022329630687e+02 -4.450906814952304558e-03 1.366121489411960916e-03
1.216983369471070546e+03 3.743484831126984318e+02 5.021446918227853067e-04 -1.162563376167631037e-02
1.115320737065723051e+03 1.901050101896338447e+02 -6.052890520075127935e-03 3.840080862937161194e-02
2.635423302745911656e+02 3.967338063799948031e+02 2.386406222885425338e-02 4.109887797251630254e-02
2.258340946033111152e+02 7.566630553289231784e+02 -2.588695408270963103e-02 -2.495666255309641601e-03
7.407803247972281042e+02 9.726444328099544236e+02 -6.982400233521095512e-01 3.130886315390328800e-01
6.753754497580805491e+02 9.737810198163872428e+02 4.333193624698023494e-01 -2.096893790436716032e-01
2.692156191735173820e+02 4.946388702488869740e+02 -5.801708537262528081e-02 -1.693948890909095437e-02
1.232992697897083190e+03 3.709758441337036174e+02 2.306936900955442512e-03 -7.252580086888785020e-03
2.804052838378438537e+02 4.991764923579163451e+02 4.161920668978625476e-02 9.505011418244489751e-02
1.132008683016324767e+03 2.071755612128626751e+02 6.455455147377704705e-02 2.648829130975772772e-01
7.581254159582764487e+02 3.859102546548041346e+02 -4.336715127245724943e-01 1.910555427632009973e-01
2.554974439989348696e+02 4.312715683509371161e+02 -6.131135743178101755e-02 -1.541496579968640313e-01
5.918209263959271311e+02 1.037010565569769824e+03 4.623296580012081214e-01 -1.507758280173414067e-01
5.483978806954768288e+02 1.029826908204976689e+03 4.261116817959744174e-01 -1.685408853250685290e-01
3.110124653863895219e+02 4.996131316001774962e+02 -4.446964886328950983e-02 -1.710664067578118383e-02
1.098056247137152468e+03 1.686950917040498723e+02 -4.802293749430691129e-03 -4.450445219657666457e-02
2.204740612106623701e+02 5.337223838844988677e+02 1.813180445170051169e-01 4.779861673497103752e-02
2.476745394634923514e+02 3.225158077136701991e+02 -1.269518912169986108e-02 -1.747974340832011931e-03
1.057332938996404437e+03 1.867621797928677267e+02 5.236064209096337945e-05 -6.313768930137410654e-03
1.228602637015230584e+03 3.347122574093892808e+02 2.836450889962661148e-01 7.473747951087204855e-02
7.486951127456798076e+02 3.632171862964614775e+02 -4.573245355780437005e-01 1.939478921029065828e-01
1.079419064165700092e+03 2.213990437514368637e+02 -5.501991098585091826e-03 -8.626998004276888177e-03
7.951956260949823445e+02 3.484635937591567654e+02 -4.521668183682313602e-01 1.424404956496119756e-01
1.077873770618181652e+03 3.139531689657309244e+02 2.888702758694213224e-01 3.666074295317364173e-01
2.037712329220687764e+02 6.454977123274925361e+02 1.437412261622350064e-02 4.532908019541537215e-03
2.187389073072837675e+02 5.405878827062816754e+02 2.217714192646221827e-01 7.565440185920570271e-02
2.753719207233345401e+02 4.986503512596312362e+02 -5.422911164744096540e-02 -2.448997264372898205e-02
1.251733423952945486e+03 3.300362277914649098e+02 -3.882499473270895323e-03 5.732999314395017740e-03
2.877806896193982880e+02 6.180148229056194396e+02 2.244019541309387488e-04 -2.578081298075081407e-03
1.174722446403005279e+03 3.810871693336507633e+02 -5.582820449996625523e-03 3.800466721304586546e-03
1.160137564664086312e+03 3.875143851135953241e+02 -4.118493548366140670e-03 4.456574872065997145e-02
2.464866246533248102e+02 4.968824538332908105e+02 5.949783597792064616e-02 2.793631869892150912e-03
6.072944019965874531e+02 4.447201584508509882e+02 -5.890512350301787547e-01 3.120424390802277737e-01
2.867611802411259418e+02 5.427334219809810065e+02 -9.889733983926578612e-03 -1.735395782216388877e-02
2.863284383212732678e+02 6.458963773132899178e+02 3.527214407815880762e-03 -8.533515112081559509e-03
2.096664562240372334e+02 7.371989611866125642e+02 4.372478067453037902e-03 -2.165673491730342546e-03
5.827873728901613504e+02 4.118008517300125391e+02 -5.773136114181681711e-01 1.586588439187445743e-01
2.462748607762535471e+02 7.274476264011722151e+02 -5.481493945996864653e-03 -4.199239239312984456e-02
2.879546333389056372e+02 4.689928952176360326e+02 4.752393588099642491e-03 8.197290535666425584e-03
2.425285301877358108e+02 5.536002998278261202e+02 1.102894385713872605e-01 -1.367803287244775123e-01
7.289393437341818753e+02 9.364784030764263889e+02 4.526905007718639573e-01 -2.319480524217120143e-01
2.752563609082504854e+02 4.054389388323457410e+02 9.128603081855639345e-03 1.417121699298469657e-02
8.104406607397237394e+02 9.055236586154424003e+02 5.106471708900053308e-01 -1.836301822220230973e-01
2.539526960821634418e+02 3.115299149160341017e+02 4.971075292605567093e-04 4.788012662792840053e-03
1.152645011015089722e+03 3.775598074233002421e+02 -3.682961306686584335e-02 7.908772689562185154e-02
1.162560404697132071e+03 2.293319830672795661e+02 8.948340785719205784e-03 1.331444475641605472e-02
6.711279788479421313e+02 4.257956360926151547e+02 -5.128775474788653810e-01 1.872811497150297932e-01
2.158112727326421521e+02 7.620156639597635149e+02 1.226358080777115557e-03 1.600709149645601756e-03
1.061669751401118901e+03 3.030192691330910293e+02 1.499010674314250890e-01 9.808801659559578112e-02
1.230443964125847288e+03 2.456008497817247473e+02 -9.819492531460577781e-03 -4.221798127568574324e-03
2.557175708132148770e+02 5.179084245662452304e+02 1.993100466417766989e-02 -1.109210051532220909e-01
1.211439318712682962e+03 3.098889185282738481e+02 7.552799577934360756e-03 -2.863561298968847132e-02
3.166050491095205075e+02 4.091623152424961063e+02 -1.773827739494305764e-02 -2.083221370080897208e-02
1.134963332981102894e+03 3.498715127411191474e+02 4.768425715759227676e-03 -9.175259135451151876e-03
1.167116450027422161e+03 2.914598622701015529e+02 2.341453270210868132e-01 -2.801158800415091965e-02
3.755598632619852424e+02 5.511691136026341837e+02 -8.049670665211759724e-02 3.292280090472829435e-02
2.462330600425752891e+02 4.797709311758862327e+02 1.668987304402285571e-02 -4.881431257783078875e-02
6.252641416568754948e+02 1.010737832588471861e+03 4.146480835241193041e-01 -1.860273775560478959e-01
7.363401992489750683e+02 3.914376374418961291e+02 -5.308666209477669318e-01 2.536541232203211038e-01
1.896497575264309035e+02 5.759303340617819913e+02 -9.317923925390693418e-03 -1.518913775429506230e-02
1.054588070053163847e+03 2.164146382048278383e+02 2.916377048864833912e-02 8.561470675246229955e-02
2.417485816809886501e+02 3.206545551111789791e+02 2.059875236630777113e-03 -6.708168511285168096e-04
1.235491736355676494e+03 1.334468557026435462e+02 -6.156670090311506909e-03 1.554517370106458900e-02
5.694000989651043483e+02 4.352014363671540877e+02 -6.156935885070222714e-01 1.757532476821924983e-01
1.212866453321572635e+03 3.022880935016272588e+02 2.717846099196123862e-03 -1.110787503909372101e-02
2.682298950503586070e+02 6.646646890209702860e+02 -1.727634215938289195e-03 3.156322388342754689e-03
6.564669466405676985e+02 1.008414426255100238e+03 4.844577217366030086e-01 -3.166448467355623686e-01
3.879711321467759149e+02 4.992942846898600351e+02 -2.851864207850746125e-01 5.976157046933000538e-02
2.754116980663593495e+02 5.826788506897961497e+02 1.315812358907103444e-03 -3.503468330241993941e-04
7.447316362244845322e+02 4.065950556641843718e+02 -4.348311405913519168e-01 1.070568116814203247e-01
6.555890132912893478e+02 9.865539414187119291e+02 3.975134058273768756e-01 -2.211850152053120577e-01
1.187902415627144364e+03 2.023232028339770920e+02 -1.196916067587747807e-03 -6.650278026766630497e-03
7.830121170930473227e+02 8.972175899599781133e+02 4.802137084183141780e-01 -1.968109362685020181e-01
6.502826467124090186e+02 9.802506773692145998e+02 4.001210867046337549e-01 -2.526122353516878638e-01
2.351576242159790411e+02 3.192031276831369837e+02 7.871963489202809389e-03 -7.739364272747659406e-04
2.313576080330992681e+02 5.312265313704492655e+02 2.045216285993083916e-01 -9.638006591851783211e-02
2.768315056791290090e+02 4.714794213742686111e+02 -3.285160543386198007e-02 -6.354033192519467632e-02
1.190489050656437939e+03 2.296104767230746120e+02 1.071658933660323346e-02 -7.849450320968076340e-04
3.265975432315992748e+02 4.914090674968403505e+02 -1.691114623592020888e-02 -2.471892406756276504e-03
1.126201849098630646e+03 1.795283296843973915e+02 3.024621902882065200e-02 7.297499135880358700e-02
6.614918675045155396e+02 4.008411495113027740e+02 -4.973953448173791814e-01 2.032319827534889156e-01
9.269320539525459708e+02 8.696264592718849826e+02 6.786167517407081240e-01 -2.817270642016104221e-01
3.250655021236914877e+02 1.085445255997400182e+03 -3.071707215036555139e-02 -3.847994770672578252e-02
1.075532468012331719e+03 2.695774964219424419e+02 1.882008359523995034e-01 2.525696795924236016e-01
2.585417068309437241e+02 5.921109706542185904e+02 6.740701415921112639e-03 -7.668450382417483363e-03
2.817716730413256414e+02 4.647404712566592480e+02 3.393190439440574996e-03 1.123780519332424066e-01
3.403966900039104644e+02 4.993829009099546283e+02 -9.265787035674451222e-02 3.042966753879893654e-02
2.133275939681419402e+02 7.186018965640237184e+02 -1.430812589725494839e-03 1.109961534583848997e-02
1.110658176954038709e+03 1.480651283787005354e+02 -8.124827254310180991e-02 -1.021706184420128616e-01
3.272169527022916782e+02 5.116388332276360416e+02 -6.258048687141576361e-02 1.422063100207678586e-02
6.763957625386314021e+02 4.685795686435007497e+02 1.957361773703935465e-03 1.110587001807455780e-02
1.158810613882610596e+03 3.565430605579969665e+02 4.951730210067770144e-03 -8.043918686586503525e-03
2.993435933905749948e+02 6.026730394361165963e+02 -9.596161082337929631e-04 -1.528085699848392986e-03
6.349385214851885166e+02 1.012916469140227264e+03 5.237043174565612080e-01 -3.139378355393042108e-01
2.238698541482855831e+02 7.040792295007684061e+02 -1.221981898516947499e-03 5.878141942431095324e-04
9.276762777545122844e+02 8.608500943173684163e+02 6.987085410994068324e-01 -2.768781050855160797e-01
2.042909513112639672e+02 5.409942144499851793e+02 1.954547020782743949e-01 1.532618241207035215e-01
2.509160092621256126e+02 5.036274292938040276e+02 2.801082371902654383e-02 -6.104599833504256723e-02
3.697580477358106350e+02 5.257613861727544418e+02 3.128157300893087966e-01 -7.935641113874004893e-02
2.015754719836474180e+02 5.342249762309738799e+02 1.326757877544949282e-01 1.506443754306064364e-01
2.266729480742657756e+02 5.492472222021232255e+02 1.559161968982250013e-01 -3.201147688115733858e-02
9.989470660856791255e+02 2.696768091758401624e+02 -1.075862716226871629e-01 5.167371235900312110e-01
2.811876714059102937e+02 4.811309253387908029e+02 -2.069463898367877169e-02 -1.682372897959798913e-02
8.527386170548513178e+01 3.625109806254915839e+02 -8.584875451132061019e-02 -1.981498621869051124e-01
1.224016878652333162e+03 3.503816733554728557e+02 1.065014558012733481e-01 2.033249310278844105e-02
1.146592131019707494e+03 3.479652811998548714e+02 3.121622284391261087e-03 -7.455978555303727738e-03
4.904109789880909034e+02 1.094768692423020866e+03 -4.944443419159837427e-01 1.953968680627642951e-01
1.167943498761773753e+03 3.844390364086024192e+02 -1.182000777900008535e-02 5.764212075267452322e-03
1.237463324131427271e+03 3.397701104949026671e+02 2.702504458710260349e-01 7.079623536520841809e-02
2.789805892817033737e+02 4.637155493588323338e+02 -5.936296952052257797e-02 2.782359168133163516e-02
8.554824929002032832e+02 9.143670866272959756e+02 -5.548816362085873255e-01 2.518608285780061240e-01
1.112817871033557367e+03 1.638219202832866586e+02 2.269299059616158853e-01 1.702028696891516937e-02
1.067103370526354183e+03 1.816816869968849346e+02 3.127171025649470165e-02 9.401509705554814134e-02
7.929098333179671272e+02 3.829806628663282595e+02 -5.484110807887684347e-01 2.302135224130024138e-01
2.347629804308436121e+02 6.977347740005985770e+02 -1.040024148006458114e-02 -1.593167218508559010e-02
2.005578297218713999e+02 5.779636616557148727e+02 -3.697058879886794529e-03 2.722348985665994873e-03
2.448565606445853859e+02 3.066144982623113719e+02 1.647957110991973839e-02 3.799325759895045857e-03
1.068810964411434043e+03 1.977905258955896102e+02 1.082190098311840154e-02 -1.310826534977659226e-02
2.349673514763259448e+02 3.313678911517920938e+02 4.211950269835470356e-02 4.813150953153448597e-02
2.349236147330704796e+02 3.105631216657473601e+02 -1.023714831356274148e-02 -1.275191842349874703e-03
2.258717946311143123e+02 6.665152207488368958e+02 -1.542348956669096832e-03 5.606199260088519376e-03
8.204208033863899345e+02 8.799765671035283958e+02 5.988727494761185710e-01 -2.094184959642446109e-01
2.996453712203004898e+02 3.970899893117386910e+02 -4.183531247796360569e-04 2.973364821689819201e-04
2.829455138580526068e+02 4.458747945405438031e+02 -2.073539855948998423e-03 -1.043766971599667352e-02
1.105464330722452360e+03 1.984894887441033120e+02 2.084753653030200354e-02 -2.803943402442580016e-02
3.274949522141214402e+02 5.020013773382477211e+02 -3.556995670676416088e-02 9.603592896097001494e-03
1.244770353998414976e+03 3.973615556711882277e+02 -4.128532087152322438e-04 1.560858917649524981e-03
1.153307763589055412e+03 3.394532256979729823e+02 -1.818727915467053743e-03 4.360506852484120725e-03
2.714980295804974730e+02 4.636323692901151503e+02 2.518212538836905878e-02 1.036879637301819750e-02
2.188363502330075789e+02 6.325268050419152814e+02 1.096794472031791586e-03 -1.382102744699268727e-02
2.526840473986313498e+02 3.675938607750890128e+02 2.010935573329309528e-02 1.147937110808914113e-01
1.172801532637987066e+03 2.261208167408040879e+02 1.399724179249109413e-02 1.124565276539936723e-02
1.172118832838658363e+03 2.513369143937739238e+02 1.997142567278847251e-04 7.903152179015690559e-02
1.109973914919840581e+03 1.887942533497680984e+02 -2.056201978451883006e-03 4.825669564017757290e-02
1.150274001282826930e+03 1.927274965511931555e+02 -1.792022297693638203e-02 -1.324713889638281551e-02
6.855465874154592711e+02 3.984997756700132641e+02 -4.741508252930831668e-01 1.598227159325566749e-01
1.069193384780031465e+03 1.652221376988778729e+02 1.322345393480461040e-01 7.396586088111492541e-02
7.949662874847118701e+02 3.932384615820265026e+02 -5.473760501484395968e-01 2.567312001857685044e-01
1.061552773519720404e+03 1.958078913404530113e+02 -1.449692935281773074e-03 -1.925285293574382573e-03
2.366721141228487113e+02 6.792640261622733533e+02 1.568850820123910512e-03 -3.487436283250536749e-03
1.105150507204421046e+03 3.485770422868870924e+02 -8.348279908040519628e-03 1.463171713644070837e-02
9.650939265556172586e+02 8.637645513577549536e+02 6.796514791189648408e-01 -1.961103913892380257e-01
1.165832877706402769e+03 2.472558088871912219e+02 5.408414495139026411e-03 -5.479613586371973911e-03
2.572088469237127129e+02 6.798631309331054808e+02 -1.669519603308795017e-03 -1.931567803843214567e-03
6.218521557201349879e+02 1.006247794908950937e+03 4.319564253459729497e-01 -1.911043371472210817e-01
4.292322710388216365e+02 4.528983104631331571e+02 5.966337037161624224e-01 -1.049059257196406636e-01
1.243249507721898681e+03 3.248920985174456177e+02 2.656341016443926617e-01 3.771446073956595535e-02
8.929131856210914293e+02 8.714287417139023546e+02 5.623476648981200476e-01 -2.151154798859570283e-01
3.339668716221228806e+02 1.072757289025205182e+03 -3.758914879681390930e-01 6.572239500052892702e-02
1.137196707424229771e+03 1.494414028989332053e+02 5.119175032155899585e-02 1.917610758873098883e-02
1.206184583699557379e+03 3.032048337213485638e+02 7.900694825373576202e-02 -9.939254750106996106e-02
3.651033930638664060e+02 5.330805438143812580e+02 -1.055348621662480779e-01 2.737508259242013575e-02
4.330134541494426230e+02 1.098582380336280494e+03 -2.077110140899983692e-01 3.372216087149723651e-01
2.507074987592714592e+02 5.207719854096985728e+02 3.254888654457840230e-02 -7.744761224597877802e-02
1.187587775821789819e+03 2.507651713912777609e+02 1.842924779972947638e-02 -6.405811756049259627e-03
2.589361499939482201e+02 4.108769694326730928e+02 1.208943390392363745e-02 3.685971681299874542e-02
5.964444315094954163e+02 3.964046162644481797e+02 5.818779416691194362e-01 -2.582425355663536815e-01
8.210518656437955087e+02 3.933542061590956678e+02 -4.812353421837177736e-01 1.542066085074045023e-01
1.091169111654141034e+03 1.793314299844008417e+02 3.023835885377287175e-02 6.261113804608225974e-02
1.259428162008246090e+03 3.868028497756264414e+02 -7.782556786223452164e-03 1.395260514851038788e-02
3.045237192484822799e+02 6.214437751960113019e+02 -2.223556131859890424e-03 -1.721965574634256452e-02
9.759562979506822558e+02 8.140974219512050922e+02 -5.410178823005867832e-01 2.278435147383230386e-01
2.564514300534446534e+02 5.606416374346737257e+02 -8.166286942412677441e-02 1.455444404803198366e-01
2.327893138030647435e+02 3.585023312302511158e+02 -7.112270395958296409e-02 -2.750572524160874721e-01
1.145202383527492884e+03 3.793336927044822460e+02 -1.077042190483624984e-02 1.328726366379628758e-02
1.064699384745262705e+03 1.676780879240005504e+02 7.494335915478785026e-02 3.499930440353599820e-02
1.174797515161595356e+03 1.795677113037679646e+02 -1.027414470129743053e-02 3.395723078782982973e-03
1.184625418055533146e+03 3.791567800512643771e+02 -2.380775098761587884e-05 1.728811805738904653e-02
7.305728519827094942e+02 9.245408123172258001e+02 4.761494924293608877e-01 -2.388743942974655421e-01
3.333728559147632495e+02 5.212904720195458594e+02 -5.611774113317821722e-02 1.349657926024776418e-02
9.849836169854754644e+02 7.345368952605948607e+02 -3.058133431367612409e-03 8.322723467542103093e-04
5.694339217730804421e+02 4.679604891883336109e+02 -5.559119489020054594e-01 2.679483163303841842e-01
2.878449529230077246e+02 6.639560464459923423e+02 -5.258256988560612924e-03 -1.722843431029969473e-03
3.231618562481800723e+02 1.098697376652863568e+03 -2.204315253168755984e-01 1.747315972334936296e-01
2.568720368746457439e+02 3.735425535359786977e+02 1.241514151576110780e-01 1.578406993872790987e-01
2.514247976280361740e+02 3.806408509586516402e+02 3.119270366265523842e-02 9.051608842248910769e-02
3.300829731060084669e+02 5.205281183432617809e+02 -6.332451347115934659e-02 1.119299443590390797e-02
9.991790199658506708e+02 2.523630881486878366e+02 -3.976683569512580452e-02 3.149556380437218972e-01
1.121069972960968471e+03 2.422311192589332052e+02 -7.444538123700742902e-03 5.917741158902397117e-03
2.598761334655646351e+02 4.375038966367525290e+02 -2.678136182418941295e-03 -1.840530068856455481e-01
2.496581806598492221e+02 5.948721040863442795e+02 -2.248725718468078030e-03 -3.197619360686067020e-03
2.331756072041440859e+02 5.064952524058286940e+02 -1.178475554920083634e-03 2.407440733686080914e-03
1.086854671619948022e+03 3.329121970826210486e+02 -3.114533325759625063e-02 -1.147163632796016630e-02
1.180287270066468864e+03 2.246617341545106683e+02 -1.989382908856112808e-03 8.155568665398673853e-03
9.825359320998445583e+02 8.156386084252976616e+02 -5.362786686561150651e-01 2.268769013447381189e-01
2.854994851619959491e+02 4.918329297535996147e+02 -7.955401241242714139e-02 -3.160473695431666868e-02
8.808313632280433012e+02 3.938180366496823694e+02 6.660705931051066342e-01 -1.935047951352223405e-01
2.654511700979674060e+02 6.022930081869030801e+02 -5.971053990963197389e-03 4.293389735082227612e-03
2.696024929010848155e+02 7.343292668494220834e+02 1.354204865170722302e-03 -3.565319757144877130e-03
2.417907053386483369e+02 6.157492250524312567e+02 -2.725827776476528693e-04 5.283237662989576089e-03
1.113319163272366495e+03 2.273890636454418370e+02 -2.113960920627109066e-03 9.861859272486424299e-02
1.307661083660189206e+03 3.430967288612944230e+02 3.883608879353160348e-01 7.788746067608608159e-02
1.119890665048051460e+03 1.499785227373043028e+02 4.423494940092136118e-02 3.352557462371023173e-02
1.051661005339324220e+03 1.855020064195576026e+02 -7.883919767229852216e-02 8.860379814358941564e-02
1.079403310395410017e+03 1.935641949815146461e+02 3.482823117703878757e-02 7.347655363198364598e-02
1.252902545089101750e+03 2.779324906500916086e+02 -3.428628073831334333e-02 2.902574101963216122e-02
2.499558669701622478e+02 6.865868245856214571e+02 -3.356866049809113014e-03 5.430610217490089084e-04
2.329233177408061408e+02 3.018871830330284638e+02 1.898320038160104806e-02 1.379542728749255306e-02
2.631556971211275027e+02 4.903930254836045606e+02 -8.439233776277550031e-03 -1.191586804114134063e-01
2.729160467718761538e+02 5.361399017121134420e+02 -6.347408445336240324e-02 1.407979663920894686e-01
1.940947442628568069e+02 5.214428663013608229e+02 9.046358949876297240e-02 2.844616769857386540e-01
1.075557462118610829e+03 1.750411352205289859e+02 2.833714501286639306e-02 6.449104507045898271e-02
2.442132119153574763e+02 7.356945012486842188e+02 4.526791078176594708e-04 -1.204747398349868001e-03
1.875940226854365562e+02 4.799354497495608598e+02 -8.956352475372472699e-02 -2.793394159765095752e-01
2.717549659585084783e+02 4.393300912593948624e+02 3.767215277350422550e-03 -1.406967041069798674e-03
7.192669347984651722e+02 9.601419783966059640e+02 4.922192923363716832e-01 -2.937178110470538561e-01
1.886467221671727259e+02 5.018605043267131691e+02 -2.169082408460802636e-01 -2.076103556763379543e-01
1.017169103948468091e+03 3.312489230465498622e+02 1.044345120258084236e+00 -5.905981185206033990e-01
1.172023617605650543e+03 1.687372822571680331e+02 -9.719572071925640031e-03 -9.506963367779281207e-03
2.296244117280049579e+02 7.020028851477921989e+02 -4.485134474130840487e-03 1.046627042124908874e-03
2.421919544793251760e+02 7.130332538609017092e+02 8.047904716510973530e-05 -1.469947817545379579e-03
2.443241065448099221e+02 7.712248776435444597e+02 3.189969733010020701e-03 -5.671048592003304599e-03
1.147645690529955345e+03 1.931886720076012125e+02 -2.337995488228488718e-03 -2.035756847256420515e-03
1.192063570393786449e+03 3.741437517390193079e+02 -1.390407075272342367e-03 2.117464111396958823e-03
1.185133365618941525e+03 2.321312657635954793e+02 1.916350116248125360e-02 -7.673019363284758719e-03
1.924311616726253646e+02 5.305386191756221024e+02 1.192387225534543710e-01 3.223164484528366902e-01
2.722456124023781854e+02 5.529282719390237162e+02 1.190190470099378693e-02 1.197476995786820458e-02
1.161651779552129028e+03 2.993177592111852050e+02 8.549717131997099095e-02 -8.408077296902130571e-02
2.796497600466100266e+02 4.281990982751763681e+02 1.792513742679044397e-02 5.526582405196443087e-02
2.439372077939495966e+02 6.831756050260680695e+02 2.230693276853833000e-03 8.736025000632819879e-03
9.386019238024319975e+02 2.994130728444350211e+02 -4.852551521629403508e-01 3.158627244205803319e-01
3.289656013443218399e+02 5.401870109090899632e+02 -2.445606245461339270e-02 2.369055257784989654e-03
3.086116859201360398e+02 5.627340860909556568e+02 -2.123614503504219278e-02 -2.464697890744639922e-02
1.268775951829656378e+03 3.414826487964088528e+02 -2.816027466360470077e-01 3.470343774784684365e-02
2.795652390260354991e+02 4.581695595958507852e+02 6.407101305353422351e-03 -1.745572386070282783e-02
3.372296237637745548e+02 5.438912940122060036e+02 -4.332462502202867605e-02 2.618402441396483482e-02
5.873653245777039729e+02 1.029089717877272733e+03 4.518621379275008509e-01 -1.357746314151746791e-01
6.389467946085131871e+02 1.046986608096263126e+03 7.719228119394914156e-01 -1.372604561807581336e-01
8.449439893697053776e+02 8.808301559043886755e+02 5.312578620567472987e-01 -2.698740156261122958e-01
6.120390054716393706e+02 3.903312374780300615e+02 5.189146474054748825e-01 -2.077223460768626018e-01
3.265275882622256063e+02 5.285959242311690787e+02 -1.020338880883438909e-01 3.832129196204241833e-02
3.533560593941009529e+02 4.823540437653442723e+02 -1.193173682594356882e-01 -1.140676048902715921e-02
2.078261549476345635e+02 5.702454049379623484e+02 4.217766672858733884e-02 -2.625336855442657602e-01
2.156462299938269780e+02 6.072173792879584653e+02 -2.220533280205868321e-01 2.029982701098216602e-01
4.245261631377105687e+02 1.099402256528813723e+03 -1.718566846591622066e-01 3.904284274125291443e-01
1.234431550336347073e+03 3.280892400388746069e+02 4.094598763408837661e-01 5.739107908493172594e-02
1.132975172902896702e+03 1.856448908169024890e+02 1.711959199872396253e-01 -2.045758304046149390e-01
3.285212345515525385e+02 5.400356500409199043e+02 1.638876526292931679e-01 -6.847717497988572988e-02
2.339915433205326565e+02 5.744560155017688885e+02 -5.919690790738577285e-04 -3.850003844029806221e-02
1.192970347121640771e+03 3.914966280526841160e+02 -1.485157870752343680e-03 -6.527958519209188168e-03
1.176761193056939646e+03 2.138260544992375003e+02 -5.518360637531916297e-04 9.820437164093375609e-03
2.477060372114384847e+02 5.688603222227183096e+02 -8.642528397339281632e-02 1.718341102005486454e-01
3.347213474275957878e+02 5.124422114043251213e+02 -7.825059826084293513e-02 1.320503103209607655e-02
3.577133150072632475e+02 5.262104733569458404e+02 3.100048389554830863e-01 -1.329339139367518019e-01
2.676677929712644755e+02 3.948202017251725806e+02 1.172245534011851636e-02 8.423943399273722821e-02
2.469743949692645515e+02 7.195062328821022675e+02 5.048434034877107360e-03 1.456607812457434009e-02
6.367843410972621996e+02 4.259547643417919289e+02 5.366883287742230113e-01 -1.621700027080147377e-01
2.298107511035690607e+02 3.140253376110660497e+02 5.369177549827065972e-03 1.205525243838988236e-02
3.027155249388928837e+02 4.815249344346033809e+02 1.171729787554318288e-02 1.343958118028771610e-02
1.040282530828773588e+03 2.349716138910878840e+02 2.847991936372544219e-01 3.637082867363234939e-01
3.120737143457093339e+02 5.350884587406363835e+02 6.159588061479152887e-02 4.263395462347637638e-02
1.104715321514859397e+03 2.203330129506983894e+02 5.541762267071000288e-03 -6.150282969210730741e-03
2.749909713161802074e+02 4.603821763621974128e+02 7.404542310597558375e-04 6.749693189011161075e-03
1.029497091587111072e+03 1.634508003869911761e+02 1.457498016875298681e-03 -5.595053524542821510e-03
1.158419279649840519e+03 3.006462198158955061e+02 2.662719669805919676e-01 5.069245995169055496e-02
2.902912956723724278e+02 5.113426359389191589e+02 -5.677687437670025060e-03 3.810107533531258139e-02
1.952370673741367284e+02 5.107793683378814080e+02 -2.520856517104071437e-01 -1.166358892917450651e-01
1.129778209124772729e+03 2.432824593648591645e+02 -5.880691328864504595e-03 -8.906175302357014975e-03
2.949191843145079588e+02 4.976227793197339793e+02 -2.397759140756372184e-02 -1.425170470669330156e-02
2.763343411086770516e+02 7.278438155497999560e+02 1.432313573990099884e-02 -4.436489592679586889e-03
6.979264773048989809e+02 9.245660692039487003e+02 4.909314385707503892e-01 -2.724708027126291898e-01
2.409392463930596762e+02 3.822953601256728007e+02 -6.234783841532302862e-02 -2.259934030751561407e-01
1.111777047256834749e+03 3.140298339185886221e+02 3.183061317204507329e-02 1.396103385788028395e-01
1.175150302001859927e+03 2.474300781711280592e+02 5.674712740123555050e-04 4.683399481480970093e-03
2.428116592702436378e+02 6.730095638583194386e+02 4.164948326542280976e-03 -2.216642552562772452e-03
1.161757903001611339e+03 1.696087797872468741e+02 -1.219906191423514481e-02 1.091380729938651274e-03
1.816221456769993665e+02 5.167333200900380916e+02 7.704565729149223663e-02 3.871677395068826022e-01
1.142146090138149702e+03 2.493805339613859644e+02 -1.681226555155091590e-02 4.727204335329313750e-02
4.456676891261468541e+02 4.755591054019995454e+02 -2.740666957289257799e-01 6.308851610099011631e-02
1.182782538472275291e+03 3.870434486584670140e+02 -2.939269031034794956e-03 -3.920680363298833029e-03
2.093830882456077234e+02 6.263661421591934868e+02 -6.761949510623600779e-02 4.120433397923874419e-01
3.331817509109397406e+02 4.940914880405698568e+02 -1.107980996161444728e-02 -4.713112416967792095e-03
1.099506437433504061e+03 1.734554265357938050e+02 4.355481183633946179e-02 -1.059477265469207369e-01
2.426040238705589900e+02 3.376809085312607976e+02 2.116303314190332366e-02 6.141144497798387003e-03
1.038246399322741354e+03 2.322493792863519388e+02 3.005196310373715596e-01 3.529840943738894454e-01
1.167114246854198200e+03 1.600194225080835508e+02 -8.509720264515132152e-03 4.237500141726687625e-03
7.996904777804732021e+02 9.371040895515606053e+02 5.363290567003994314e-01 -2.573661019325642063e-01
1.211737422441442504e+03 2.933971482574896754e+02 1.098474488912600383e-01 6.590444990422833493e-02
2.908045692023765127e+02 4.699294872554623339e+02 1.136771198606471162e-02 5.390577839487226824e-02
1.137645355819231327e+03 2.061395964320675205e+02 -9.417914753153172527e-04 2.183126368469391620e-01
1.831265600894999466e+02 6.404000249762598287e+02 -5.821797784566871622e-03 5.385881373909472310e-03
1.157824533250846116e+03 3.139487747872149725e+02 7.010062238177312138e-03 -3.106142956107535089e-02
2.989426874481530945e+02 5.908450323737755525e+02 1.557262119827708749e-03 2.952476392530827172e-03
2.854853344756639331e+02 5.970350988052174444e+02 2.356174977045733324e-03 -2.413524881887389034e-02
2.679813360146331433e+02 4.453777112698396081e+02 -9.139233749185069963e-03 -9.317952653095002563e-03
3.011116401837513763e+02 5.277506710131476666e+02 1.142943253113805867e-02 3.983581158827674551e-02
1.097027809324371219e+03 1.634896902055500902e+02 1.765227945019847144e-01 3.666266459033033082e-02
8.368199952081928359e+02 8.977792558604653550e+02 5.808702108168353195e-01 -2.556548269212095548e-01
1.133083625709361286e+03 2.115741772003372603e+02 -4.125159389881409913e-03 2.466647605246234404e-03
6.193699533633082410e+02 9.358537881913769070e+02 -2.377209820672373402e-04 6.120214153902947801e-04
1.134459691030792783e+03 3.300370808306227559e+02 2.345619310882275394e-03 4.076215781622923723e-03
2.349240352520913575e+02 6.005666797298358688e+02 2.688048931412480302e-02 3.710194354936344197e-02
3.462934898176158072e+02 5.082147772733334818e+02 -1.329731155039310386e-01 4.314423138676302949e-02
1.128073762979465755e+03 3.192156168214858667e+02 6.802270299134094422e-02 2.991221507111817002e-01
2.512806211091779005e+02 3.608762486735803918e+02 5.413701452751986526e-02 7.510011556058152071e-02
2.595156492658712750e+02 4.909860813016866246e+02 6.214246377780144326e-02 -1.023895345892935765e-01
4.236010567953837267e+02 4.653068981833917519e+02 -6.453130270959208659e-01 1.420501653386809782e-01
1.068489056376035933e+03 2.751119648571702783e+02 2.159122420136356801e-01 2.955136076089993624e-01
6.338834876966667480e+02 4.500649679918488459e+02 -5.538380698015481496e-01 2.178751062825959040e-01
4.537383355690480471e+02 1.055109971004615090e+03 5.636973166140172298e-01 -3.386491297321754246e-01
2.949078889225746707e+02 4.662752280195643948e+02 1.812874880535768124e-03 9.552268621003503005e-03
2.908087169297830883e+02 5.060486944436593717e+02 -7.861789046847494911e-02 -6.558475508917399610e-02
1.217051651447854510e+03 2.860359066366637535e+02 1.322643739781687033e-01 1.273873036602691522e-01
7.421658302247469692e+02 3.949398333945313198e+02 -4.221381797466696173e-01 8.902100228699443007e-02
6.948725514777418084e+02 5.451433906248045105e+02 -2.038110015316963591e-02 1.688028986578807983e-02
1.010858810437980878e+03 8.232230066023254267e+02 7.980671940226637950e-01 -2.167633317017179650e-01
9.943401147388281061e+02 8.670362931765644134e+02 -5.955417568226660796e-01 2.498864177515812968e-01
8.159618262039683714e+02 9.140747428382570661e+02 5.620950692259780723e-01 -2.472176814851604065e-01
1.122477849623427574e+03 1.526267438334259623e+02 -1.875558078451813535e-02 4.560715564729837801e-02
3.032876754544615210e+02 5.416644217491138988e+02 -2.556303275186940643e-02 1.744766110450632693e-02
2.680147233268551190e+02 5.128249621163631673e+02 -5.518498732179536771e-03 5.589775664010504519e-03
1.192222072395134319e+03 3.545876424588334430e+02 -5.151034406099545826e-02 1.055042153665181580e-02
1.135498434983129528e+03 3.623378804528456953e+02 -2.384324668443273121e-03 7.895507735017556761e-03
2.601332241165143841e+02 5.522244289103440451e+02 -4.475822068651484631e-02 1.297567224085678650e-01
3.356681383487901940e+02 5.034012671645659225e+02 -1.114428871075895389e-02 -3.347651661460806366e-03
4.597671875018189098e+02 1.063716886673080580e+03 5.329892608547472932e-01 -3.217393975003098316e-01
1.751699294791996238e+02 5.116792618596604143e+02 8.132668879939317086e-02 4.281399749219190198e-01
6.475010989330651228e+02 4.355726249278931164e+02 -4.977480346328336247e-01 1.452839992068022390e-01
1.144993963760892029e+03 3.591235458109496790e+02 2.822935095564794647e-02 5.752645917648171320e-02
2.421171218725104950e+02 5.245352740277863859e+02 1.659824573459937058e-01 -1.251487080868074475e-01
1.960588477562356786e+02 6.611030509727878552e+02 1.369689084425702429e-03 -2.856940857979301841e-03
1.024553908198275423e+02 3.760636701864787028e+02 2.090060649529066894e-01 3.156586248358053126e-01
3.548505681387580353e+02 5.138519004565923751e+02 -1.474650586010002873e-01 2.605333876151926312e-02
8.208443158853827981e+02 8.691764932129760837e+02 5.969377538699091046e-01 -2.209731910491715967e-01
2.367134864579207374e+02 3.699320630656324056e+02 -4.092824042430016906e-02 -1.166605784590305783e-01
1.167592433866255533e+03 2.198317654954061879e+02 -4.020605154576938067e-03 -9.433470018351071754e-03
7.320542368695485038e+02 4.120224298559954264e+02 -4.904822114717256043e-01 4.879805260641588427e-02
1.136191366943562343e+03 2.643384809723262947e+02 -2.882595378662807795e-01 -1.697907246155123673e-01
1.207044357247292510e+03 3.518283155482307052e+02 6.823888026609451797e-03 -1.854880069258414699e-02
1.194682015776027583e+03 3.575944403304474122e+02 -1.734044780219972867e-02 7.124507177751759901e-02
1.182974853995407784e+03 1.999514566277275094e+02 1.548685363464476772e-01 1.022849027059253707e-01
1.279068243604096324e+03 3.251997544994184750e+02 -3.440738455061152501e-01 -5.444389164460296943e-02
1.119977679254908907e+02 3.861280828829936240e+02 2.690256872006333566e-01 2.771244442467794000e-01
2.843880122066050831e+02 4.816504248511282071e+02 -7.398086352635337148e-02 -5.009018423740119880e-02
2.097759382466808518e+02 5.175194666567698505e+02 -1.074175316668599112e-02 3.141960372254243988e-02
1.055207222846908053e+03 2.048137076891575816e+02 2.197872677070921224e-02 -9.527989441689199701e-02
1.049546255827388450e+03 1.696451644974452222e+02 -7.026421204806532553e-03 7.897816653462598480e-03
1.111800435168092235e+03 1.752401215020558709e+02 7.843522788110894595e-02 5.950094303195704176e-03
3.173755963414291159e+02 5.230245742423227284e+02 -1.027977982133728568e-01 1.192727699511164814e-02
7.206348971008343369e+02 3.826380959091837894e+02 -4.602958622235093777e-01 1.694423410088360116e-01
2.493209800778984686e+02 7.197182061317578246e+02 -6.277337849275224820e-03 -2.415981232362391512e-02
7.354927842711854282e+02 9.727489408103519963e+02 4.347031383761381096e-01 -2.200305635511261293e-01
1.694933277604313275e+02 5.103972952500778320e+02 7.812652666761862874e-02 4.164941284150688872e-01
3.352876435777229744e+02 5.330780379801152549e+02 2.130981047630444991e-01 -6.564298248374597633e-02
5.793782494178113893e+02 1.001490752400704878e+03 5.068298837819736891e-01 -2.690894473905427464e-01
7.779408402792195147e+02 9.418337529856556785e+02 5.404515099655964327e-01 -2.560408814680249501e-01
1.021084531141881371e+03 1.673240314097605221e+02 8.327479237661895850e-03 3.135900139004420446e-03
2.386204253125592061e+02 7.171441483182359207e+02 3.879266445946973063e-03 -1.943516580832013079e-03
8.554034326867018763e+02 1.101836591171695318e+03 -5.568410547038634209e-03 2.472119857822524872e-03
1.099647237318112275e+03 2.811017496522071610e+02 4.400199006639566451e-02 9.774603191313291362e-02
1.160257898704993522e+03 2.143899053130992911e+02 2.899198107833830047e-05 -6.264232055325106262e-03
1.215621477711024909e+03 2.789816339055965955e+02 1.230975633514342360e-01 1.362616529026647594e-01
1.291829273039516920e+03 3.257929277446112337e+02 -3.499891256738273393e-01 -6.089722081075263360e-02
1.266551937611630819e+03 3.888187081915413614e+02 2.222855877351704451e-03 8.261791512184476355e-03
1.210710189975727417e+03 3.232129837161512000e+02 1.546235336562220009e-01 2.472795822467544757e-01
2.312765854062857613e+02 5.813856571889363067e+02 4.832950260579079935e-03 2.635302288518068248e-02
6.330643345243546491e+02 4.587041754257029424e+02 -5.477126193486533401e-01 2.281948842483912943e-01
1.108878289609278909e+03 3.109327767456146034e+02 -4.136389759609122863e-03 3.770406619676197613e-02
1.139190226116233134e+03 2.414267766540043283e+02 3.850859417915781374e-02 1.428056923196493744e-01
1.214775452752863430e+03 2.486594869130260861e+02 3.698229953722777762e-03 -2.161881421087728100e-03
2.525535759169196410e+02 7.132083716241215825e+02 8.663405506579950621e-03 9.644238872343460778e-03
7.951900603740499491e+02 9.008636706520029520e+02 5.059662005059515355e-01 -3.092173132257972634e-01
1.113366721329771508e+03 2.025198896730422575e+02 1.445363463711676899e-01 -1.195258875668514520e-02
4.438416205584863405e+02 1.065207391525690355e+03 5.124162002258919602e-01 -3.865242809340164176e-01
2.691741191484544515e+02 4.753986747882486270e+02 1.085457210155813118e-01 -1.403977611234221989e-01
2.050986522447657876e+02 6.094603759106898906e+02 -2.048970852692216238e-01 2.086453122441285501e-01
5.528709267264623577e+02 1.045015174392462768e+03 4.426688822112353483e-01 -1.148098054190237888e-01
1.955263163694337152e+02 6.449155179290678461e+02 -5.873871298554268240e-03 1.237423843243705846e-03
1.006839178010823730e+03 2.107961414789558603e+02 4.096228265984791506e-02 5.372006827673863061e-01
1.261490126856409688e+03 3.080645784399150102e+02 2.459048532381441152e-03 -1.197426221249204940e-02
3.071054554973356971e+02 5.950063234079722179e+02 2.147511918642161424e-03 4.070190547894049493e-02
2.907663102423082364e+02 5.344359209585032886e+02 9.730832236729339280e-03 7.034355947818464287e-03
2.469634616459964036e+02 3.688867252738523916e+02 -4.449353240098048723e-02 1.898986318601458877e-03
1.078789008529357716e+03 1.606165303767647003e+02 1.560329573796366276e-01 8.525440037809417504e-02
1.154273269910941053e+03 2.128796037986539034e+02 9.312832532029347715e-03 2.267501382570813462e-03
3.011554458303097590e+02 6.381167354648197261e+02 -1.006728308052373677e-03 7.688354906865413167e-03
1.071944104258105426e+03 2.116813969127174175e+02 6.384850826709478726e-03 -1.011277562048354742e-02
2.488165964698060293e+02 6.461159340720273576e+02 -2.209613644187179843e-02 2.108092482472220461e-02
2.717159697743302900e+02 6.791119758846140257e+02 -1.164793997631183731e-03 -2.405629226713319746e-02
2.397324486154753345e+02 2.884675193797423276e+02 1.820153951899491918e-02 -1.410641994627107737e-02
2.543208577453645489e+02 3.175109881184607730e+02 1.458222252764785135e-02 1.015175072487856517e-01
6.106074877920423205e+02 4.011491438424301350e+02 5.361074099628444500e-01 -1.613583357877559632e-01
2.344744099265817567e+02 5.863565524298215905e+02 -1.678528651353686230e-01 2.290019899882025090e-01
6.890529826375158109e+02 4.028961308491251998e+02 -4.359991881154750559e-01 2.266080678806519089e-01
1.050948169188868633e+03 2.081471517987644688e+02 1.045877532871671012e-02 6.512925624536086699e-02
2.322177011575398922e+02 5.502261045484345914e+02 1.362679964689620382e-01 -8.372758406752579818e-02
3.852210687446120687e+02 5.282697494315730182e+02 3.669686973721986156e-01 1.377856270835758033e-02
1.006303599111028007e+03 1.824300621940367080e+02 8.312294318906121582e-02 1.962486174402829353e-01
1.255865440521895380e+03 2.764508947535132961e+02 -8.106814660886812671e-03 -3.643153468626678798e-02
3.751363561440125522e+02 5.237544668343158492e+02 3.294700440414476406e-01 -4.524313506154158115e-02
7.828206318007347591e+02 9.412607672233027643e+02 5.464445820793795150e-01 -2.556939269032955653e-01
1.152524436543311822e+03 2.181653921476973608e+02 -6.038027257504961082e-02 5.681909622861457121e-02
2.915896882804140091e+02 6.253399820258474620e+02 -2.134227457987305024e-03 -8.698306397266993006e-03
1.897400138419681923e+02 6.124327723783832198e+02 2.096042037230157473e-01 -3.975366870122389873e-01
1.048144802566624065e+02 4.167601545858968848e+02 -2.436728619921332828e-01 -3.036657078826776601e-01
1.168267106366790813e+03 3.226040294929599099e+02 4.574559541494081089e-03 -8.368641476705660854e-05
2.652376986551815889e+02 5.417411190652840105e+02 -7.067886974101532382e-02 5.471617329793016654e-02
2.269158488605848163e+02 7.279045986322747694e+02 -5.532518196570240278e-03 -3.709547040317476025e-03
1.037687852919855374e+02 4.057762283265328733e+02 -1.880245092085519598e-01 -2.190006038270457256e-01
3.127796206526378455e+02 5.608345204184219028e+02 6.494464657517345398e-03 2.597679651311294267e-03
7.064244397130030393e+02 5.827826010682432525e+02 -3.028340279631175878e-04 1.226522998201328091e-03
2.098113226126435222e+02 7.238384434206890319e+02 -4.656595250183650191e-03 1.445008039637850523e-03
8.361563950579288758e+02 1.091384929545897194e+03 -4.258693083499219691e-05 1.631781689808685387e-04
1.911237650312675100e+02 4.900167915613827176e+02 -7.048504563933387368e-02 -2.839101915285409117e-01
1.209297422412946844e+03 3.579840520257978937e+02 1.024959779813668440e-02 8.337206172019965764e-03
2.191587876489716109e+02 6.571565156930121248e+02 5.039788974203978679e-03 -1.219335722724476309e-02
2.488499225537152313e+02 7.129670076903495328e+02 -2.610310705996913075e-03 -9.571109545829261083e-04
4.709518581939739761e+02 5.076159334147847062e+02 6.059927021043597963e-03 1.914251179498873898e-02
1.160115640537100717e+03 2.923893321611553233e+02 -3.320030815311443284e-01 -5.095886053599302246e-02
2.797955658830825314e+02 6.173252427816931913e+02 -2.643533369444188343e-03 -7.886705636530638025e-03
2.286406041516888763e+02 6.801928668117772077e+02 2.277134477892509955e-03 2.141791279643547562e-03
2.435573261721354754e+02 3.527049760590640517e+02 3.902381207592116319e-02 9.996967557681749050e-02
2.791924573266412040e+02 4.753751294878733802e+02 -4.666341548299591385e-02 -5.761014509556532104e-02
1.069548471681417141e+03 1.842706702677087094e+02 2.940276075484838866e-02 3.581368974925457083e-02
1.192392988892484937e+03 2.057773087500678457e+02 6.663145822412572597e-03 2.828582264915035713e-03
4.221541421369057048e+02 1.077080839371368029e+03 4.840969365663531088e-01 -3.462490664055723477e-01
1.048450812540570041e+03 2.750585827424288254e+02 2.142925982722124756e-01 2.864194473883651115e-01
1.185316678391705636e+03 2.211651362677160648e+02 4.787516345386462480e-02 -1.159647895411416441e-01
1.240769807797992371e+03 3.245471214456880489e+02 4.182357805229706127e-01 1.536933204008334997e-01
1.226407272322273457e+03 3.674422498276906595e+02 -1.612297730245397173e-02 -2.180237813107399961e-02
1.110562531335717495e+03 2.096053138660099364e+02 -5.279210117950452336e-02 1.113837967833525011e-01
1.214062170561762059e+03 2.186073674500242703e+02 -3.031534225969013258e-03 -2.645290196798992521e-02
1.203474972120952998e+03 3.361315937143818360e+02 2.414612516304364687e-01 1.345727343051766334e-01
2.273275209997060244e+02 5.759900226976984641e+02 1.212512036350316298e-02 3.914561303571505169e-02
2.881102358564552333e+02 4.370063092411241428e+02 1.596991925683077795e-03 3.036168986661191838e-02
1.102239968799243570e+03 2.354959273748175121e+02 -1.529412897473498845e-01 1.937091977266969245e-01
1.109249485367675788e+03 2.501314158961788223e+02 3.527940547757069112e-02 6.807597536295517671e-02
1.234634096508173116e+03 3.449008239351206271e+02 3.908411697826501552e-01 2.102243981642573090e-01
1.053989397285960422e+03 1.567441769999987571e+02 1.429420324331427683e-01 -2.576897747540772901e-02
1.032545154904181572e+03 1.794919181211459431e+02 8.533029073777152751e-02 -1.796353883107870975e-01
1.065511635450569884e+03 2.013632896068697846e+02 1.310213393838109436e-03 1.595943882435380684e-02
1.165934848182778751e+03 2.069450040441547003e+02 -3.855887046227739201e-03 1.993036093212580562e-03
1.279061726816404416e+03 3.432253875659356481e+02 4.052888848134804656e-01 5.722735117040930741e-02
2.518880105990027403e+02 5.438802452857848948e+02 6.644460790972599173e-02 -1.017629557534815293e-01
2.307732963410159073e+02 7.102168380537196981e+02 -4.172729976296017575e-04 1.101696210130537895e-02
9.674664537419661769e+01 3.748115662811322295e+02 1.968721800843271641e-01 2.605303087304396414e-01
2.407455247983154436e+02 4.931043089568728419e+02 -2.297939929606413259e-02 -4.343410160892484384e-02
1.055420744121428925e+03 1.648725609923980926e+02 1.205360504310786646e-01 3.643982050484389362e-02
1.018182571856554659e+03 2.653906164010059570e+02 -1.204693511891975766e-01 5.445716465025002284e-01
1.116803993876774712e+03 3.714523266347796948e+02 -2.666622796691480151e-03 -7.371873875349189108e-03
2.300473591872489010e+02 5.283565510843081938e+02 1.455199360145928433e-01 -8.303047612258844523e-02
1.123504791329836280e+03 2.492810198584556929e+02 -2.891592403873010850e-02 9.196827142196137284e-02
1.312882238533570899e+03 3.252072137677045589e+02 -2.563271945436971788e-01 -4.370298756186241119e-03
1.136315396871882655e+02 4.184688814672258559e+02 -2.343684957868459040e-01 -2.911572546225793534e-01
3.046855580842996005e+02 5.255732443205361051e+02 1.131034328136214066e-02 -2.907539083010609021e-03
9.997181908981582410e+02 1.696730484607957976e+02 6.067347907127214335e-02 7.022129918216156452e-02
9.510732957463624189e+02 8.374754360050876585e+02 6.770140916828969457e-01 -1.554810563159132186e-01
1.101194897271991067e+03 2.040029399458007617e+02 -8.263236098138681401e-03 2.720835890094806114e-02
8.460293525664286562e+02 9.211073621968470206e+02 -5.646120947909940568e-01 2.654545634841192769e-01
2.429668689276610110e+02 3.985288710332910114e+02 -8.046911644520289564e-02 -2.761472258410572755e-01
1.180342908213840474e+03 2.535372216361483595e+02 1.731020750105079914e-02 4.494882287555020811e-02
1.106147666667657745e+02 4.395802847992235911e+02 -2.094024952386794869e-01 -2.852792497027793472e-01
1.083898583600409893e+03 1.806580571734928071e+02 2.725038751774870247e-02 5.784207458688533920e-02
1.045968294098487377e+03 1.928544596305941354e+02 -8.821310330657533560e-02 1.418642572757108644e-01
1.144054578726180125e+03 2.053134627528869487e+02 9.454529193632359163e-02 6.153355317616261699e-02
1.166378287918951855e+03 1.737064501492184547e+02 -4.892335986519112667e-02 1.065129792004683995e-01
8.428261758369211520e+02 9.135474620652439626e+02 -5.018067399887493618e-01 2.658956559147469534e-01
1.086100282883022601e+03 2.008323343428038186e+02 -2.937025333651284084e-02 1.171392592579210967e-01
1.147282296468369395e+03 2.414694613939576868e+02 -1.751154277678159191e-02 5.486148306606124236e-02
2.470274445730803734e+02 5.338188830113263066e+02 5.623950278355623056e-02 -1.220327602302363201e-01
2.591376570134584085e+02 5.802956373827910284e+02 3.400159429394410474e-03 -1.168728130090089176e-02
2.550600939089443955e+02 4.015844939396956192e+02 6.858333129654346771e-02 8.449220095145219822e-02
1.109370307889354763e+03 1.542255089582810115e+02 8.036201087770257490e-02 -4.324727829927083739e-02
2.215617549652749858e+02 6.924424771949097703e+02 -2.906797628061444459e-03 -1.931035534855457016e-03
2.547808359756406560e+02 3.244781130708065007e+02 1.138885853797997130e-02 4.816096784953893123e-02
3.182423560497805965e+02 4.738947589135219118e+02 3.089643129001460979e-03 -4.714178265260215994e-03
1.179125472692448284e+03 2.467934349137402421e+02 -2.882908035756046559e-03 7.326960194742661650e-03
6.078596147902431994e+02 4.520318993740000906e+02 -5.551370908176063157e-01 2.574214586598672638e-01
2.268764817213163383e+02 7.375341499749189325e+02 5.134950989510291518e-03 1.369550998375993617e-02
6.817775377664436292e+02 4.106605389506514712e+02 -4.752849693325484348e-01 2.263729241907267986e-01
8.573544957964287505e+02 9.287611261046848767e+02 -5.724070600386704788e-01 3.426802610982514485e-01
2.926969537611499845e+02 4.968853917032018899e+02 -5.342016236572930815e-02 -3.477967695269967158e-02
1.102437766400849796e+03 1.828672986546263530e+02 3.272265687347044455e-02 -2.422214290871636463e-02
1.109395338687327239e+02 4.272059106781566129e+02 -2.207479249973092750e-01 -3.044133820277048486e-01
1.039015834040865684e+03 1.836111193129103754e+02 3.039126613935988919e-03 -1.244709362444252482e-01
1.091279191427329806e+03 2.776801687818109485e+02 1.849646190364637732e-01 2.673195927417201245e-01
2.046843404894676439e+02 7.035111934232539852e+02 -2.827699961049542389e-03 -3.759134092445269668e-03
2.674983135902028266e+02 3.596041258674162009e+02 1.506440598107635330e-02 1.616280606334020431e-01
4.784913124341834418e+02 4.604001043076909809e+02 -6.496716565871913929e-01 2.921837172542822714e-01
2.186814829084031544e+02 6.166863642350028840e+02 -2.295018389128126654e-02 -1.665537112686384449e-02
2.151065678477164624e+02 6.705909337601619882e+02 -5.281711845460298474e-04 -6.582174172592658579e-03
6.736942449100854446e+02 4.864645737909332297e+02 -6.847541456579619989e-03 -2.596720582700366101e-03
2.833999940488152447e+02 5.146358491824322527e+02 7.502698517936444954e-03 5.604855003095382537e-02
3.634548308146424915e+02 1.089039803771893503e+03 4.781716027537403768e-01 -1.918617978979338945e-01
3.462728792849636079e+02 5.188364360559278339e+02 -8.040353710250730535e-02 8.500996959403635256e-02
9.454984798166507289e+02 3.145327829193152525e+02 -7.805725680289460344e-01 7.818717863957841407e-01
1.258192381473149226e+03 3.751059088027125199e+02 -2.572922170296974009e-01 4.160539331500165416e-01
2.096328344615603498e+02 6.164002479929641822e+02 -2.032043464659158694e-01 1.598446786552175369e-01
2.304904191803228741e+02 7.305375868988462571e+02 4.529791171630550943e-03 -5.267654632689300342e-03
2.658610500221070083e+02 4.361364331231727647e+02 -1.816028473670237148e-02 4.458249250082634701e-02
2.637668033739403199e+02 4.649280447229317019e+02 -4.288548514911512399e-02 -1.882255934783177986e-01
9.961306342590502254e+02 1.862872041824073506e+02 5.146197297373140273e-02 4.488288250178342764e-01
1.126049834163912919e+03 1.655672892145716446e+02 5.599647485368305921e-02 9.510870398433853012e-02
1.117321344285200666e+03 2.528173894885383675e+02 -1.089170761706141459e-02 1.110159713449121455e-02
1.181006991642728508e+03 2.551839658809194020e+02 7.623704083677942424e-03 -8.810976005232295160e-04
1.163037892966098298e+03 2.861981857680292478e+02 -3.390974282863380984e-01 3.947658566980552508e-02
2.419538104072220221e+02 6.483056337846747965e+02 8.682782986353226526e-03 2.481112847288293594e-02
4.052020753078222697e+02 1.083707993996664527e+03 5.107153735986752485e-01 -3.663872835264989636e-01
2.451735367399099061e+02 3.615090681798993160e+02 8.679869644177660992e-02 1.217696780194390122e-01
3.145397169828935375e+02 4.627443579920520165e+02 4.219439196139171053e-03 6.405293756465865046e-03
1.184106469277941414e+03 2.099431423161098564e+02 -9.591825446747416842e-03 -2.143471995496946947e-02
3.009432061223951109e+02 5.652157187366965445e+02 -3.768253909895845355e-02 9.807794797777227847e-03
2.626681690024936415e+02 5.726676249880811156e+02 -7.224380486135151963e-03 5.216379297946461928e-03
2.786655751737092146e+02 5.133130953668086249e+02 -1.459936309935647991e-01 2.466611359273376547e-01
2.766298106332590692e+02 5.283428878947180465e+02 -2.772837918029597698e-02 5.625925042942604010e-02
1.175757408588802036e+03 2.908054887185182906e+02 -7.333067330147592655e-02 6.080450742277806325e-02
2.717884649653906308e+02 6.486949490881505653e+02 -2.071431432766835529e-02 -7.899029139683234890e-02
3.414215851579698437e+02 5.314732113411505452e+02 -3.337761295923461630e-02 -6.225892523782587673e-02
1.185006530537499998e+02 4.335622326778598108e+02 -2.541671183566627801e-01 -3.498371707900617134e-01
1.282206139307364992e+03 3.397450347289773163e+02 -7.949816282544475143e-02 2.411736391695839532e-01
1.171967699131242853e+03 3.380970143250527258e+02 -2.414861485485977552e-02 5.435858752074933936e-02
1.288606710807147238e+03 3.203164580958543297e+02 -3.421040268490637137e-01 -1.594087531548925851e-01
2.955290458681869268e+02 5.408855092429640763e+02 -1.098875345273852763e-02 -3.493591898041487065e-02
2.742045363713009465e+02 6.117159152184242430e+02 -7.710361936983936397e-03 -1.215172649037517955e-02
2.589086891975273375e+02 4.808902478515292387e+02 1.525800324136645549e-02 -1.413416183902487244e-01
2.707298519235041567e+02 3.709419090505826375e+02 1.451184695330773045e-01 -3.689549546348687425e-02
2.929456343807190137e+02 4.917690786192788437e+02 -3.997750366350656843e-03 -1.612841924547004854e-02
1.166564510371036931e+03 1.459639992310117691e+02 1.019497932627534860e-02 -9.986640049350159129e-03
1.265557314118980457e+03 3.371150390042303684e+02 2.421689997331852862e-01 6.864048612553196038e-02
2.737967761571238725e+02 4.012383646232393630e+02 4.133187963906455493e-03 8.388017806430841938e-02
7.940077264645511832e+02 4.000074021217999416e+02 -5.568047572643498588e-01 2.684907673358370439e-01
1.116818396275020632e+03 1.782085535880484599e+02 1.112264685501776901e-01 1.079569950751641111e-01
1.289701404716086245e+03 3.445912742180431678e+02 3.845124925852335118e-01 1.361400246352704735e-01
2.771428439100992023e+02 5.938076340616214566e+02 -5.822196943559750267e-03 -1.171489647594575606e-01
2.479696806916191179e+02 6.772155590603913424e+02 -1.657838787702874822e-02 -6.531234883261226223e-04
3.410239010301697249e+02 5.346451000205390756e+02 -1.159916015658571525e-01 -3.913667500891745976e-02
2.850009722529161991e+02 4.613170627487025968e+02 1.080131728403037989e-03 3.827165493383485537e-03
6.603230673804754360e+02 4.464237421099000471e+02 -4.403282182327659666e-01 2.190778948404402404e-01
1.087093538473189255e+03 1.903003932750935689e+02 1.221108726946762840e-01 -1.166357703794947825e-01
1.264469996163171118e+03 2.709564503086386367e+02 -5.843138979990466358e-02 -1.442378371912939571e-02
1.181502984654427564e+03 3.276150541409373318e+02 -7.313366090058609492e-02 2.676553219679525183e-02
1.276182968046309725e+03 3.748856351449591102e+02 1.150345067487446027e-01 -7.462164112677913130e-02
3.391262755297221361e+02 5.423403153874953659e+02 -4.655550991033773761e-02 -1.947259020651992065e-02
3.720936941270705347e+02 5.423556517522109743e+02 -7.406698914835325998e-02 5.500858745830165819e-02
3.215234005725516226e+02 5.490951455647102648e+02 -2.302825306192387081e-02 -5.782500815095902719e-02
3.111793077982876525e+02 5.148458626513809122e+02 -4.332435773993632139e-02 -1.415401675200033682e-01
1.079737344058020199e+03 2.081991183619668107e+02 9.452963231745691031e-02 -6.800703751371586780e-02
2.377149183439912576e+02 5.669554383789550229e+02 2.296982123438733314e-01 -1.321238488649950082e-01
8.580610276418145759e+02 1.101807499744094912e+03 6.890437290665244602e-03 -6.536202356929767931e-04
2.989097820406360029e+02 5.104909902546739886e+02 -6.036377907774735652e-02 -2.648694528337638618e-02
1.168759961354873212e+03 2.786725149161689501e+02 -3.469078211658212230e-02 1.730971610047118414e-01
2.771494137712577981e+02 5.237789396854863071e+02 -1.967946902122541530e-02 9.396133882005130999e-02
1.070379116146679280e+03 1.533425861398567918e+02 8.212498056863637430e-03 -2.444055994042493296e-02
1.131905043547786590e+03 1.765974877457646244e+02 7.491538623683169362e-02 -2.110646133423088600e-02
1.079590089518733976e+03 2.297227603525226698e+02 8.887159915630604701e-03 -1.053508907390288130e-02
1.253964515203367910e+03 3.498007589420438421e+02 1.443417258507864176e-01 9.243384130091492068e-02
2.434507312856855776e+02 7.304515590128939948e+02 -7.103731885926833911e-03 3.940105680655392462e-05
1.205295545204876362e+03 2.163078466388180914e+02 7.293715511769410798e-02 -1.729087631317743345e-01
3.688383132496205121e+02 1.093641941260963904e+03 4.325883030008871311e-01 -2.061344395565283261e-01
8.650795785792789729e+02 1.102272788357841819e+03 -5.965404750330919681e-04 -1.218080619933501960e-03
1.265969132351591043e+03 2.036291866932172070e+02 2.271911350355064127e-03 -1.827587779632722188e-03
1.351413969143015947e+03 2.609910264383794924e+02 2.808348084916663986e-03 -8.355540360440727454e-03
1.182485073265602978e+03 3.107748630953119005e+02 6.598675472004439380e-02 3.285569088337979560e-01
1.153815985142668751e+03 3.061352734450161392e+02 -1.678776360856015087e-02 1.158990321521666082e-02
7.599542193177471745e+02 4.326624447536837579e+02 6.157127155359548576e-01 -6.769951520075680185e-02
1.152333633768686923e+03 1.752004519737756141e+02 2.073892279920606929e-02 9.346401385249790417e-02
1.260429282097742089e+03 1.955916317941197349e+02 4.727988391629157189e-04 1.029943661133603944e-02
1.275936702856924512e+03 3.370309943148840830e+02 -2.107242698372264744e-01 1.172670422619403463e-01
2.366256082263377323e+02 6.111116377065923189e+02 -1.156047822516566639e-02 3.133890090002908191e-02
2.472469661380075365e+02 7.227347574972989150e+02 9.695877288949900780e-03 -1.372457731182639105e-02
1.163928737101020488e+03 2.182831937438936905e+02 1.133858637679898973e-01 -6.336725904184094260e-02
1.164297344872755502e+03 2.206960458760821382e+02 5.890960276044714811e-02 -3.348593968735867621e-02
1.199545629089322802e+03 2.305489653857013650e+02 -9.984282013635947806e-02 1.249455994504304196e-01
1.157308061436219077e+03 2.466638869790212425e+02 8.267964221645181244e-02 -3.023816277401079541e-02
2.745255307184528988e+02 6.731102059438625247e+02 1.404828422781179142e-02 -1.229047078237093492e-02
2.392136176342658302e+02 7.101838162051061545e+02 1.227002447444748741e-02 9.035311435984081166e-03
6.039041769044689545e+02 4.161362755565330644e+02 -5.687079808058957964e-01 2.314054105675419637e-01
6.348003694291796819e+02 4.349489489108742077e+02 3.241844084609721288e-01 -1.226632554203480052e-01
1.050283564729734280e+03 2.032252392934932743e+02 -1.435514555859535198e-03 1.290687044741776861e-02
1.078502526341031626e+03 2.040288457400573918e+02 2.154848482910488676e-04 -2.939072131294269419e-02
1.249021356712840770e+03 3.074109027353491683e+02 -6.154491713323295699e-02 8.591290550464657227e-02
1.099346670210076581e+03 3.702750705512065679e+02 -2.899055767533422270e-02 1.060534786263908104e-02
1.154758756740431181e+03 3.731512671705305593e+02 -5.505712265512051340e-02 9.968585228264398301e-02
3.602101039318745279e+02 5.427265816017186353e+02 -1.453157788662906569e-01 -3.606490243016145791e-02
3.404102360168504333e+02 1.081548132698919062e+03 -4.897835867929761222e-01 1.175311370279140816e-01
1.163597131892093103e+03 3.096659208423548080e+02 1.943097684321103968e-01 2.660692102006670390e-01
1.142471658021687290e+03 3.194808563075062011e+02 -3.578172746310533808e-02 -5.999416179981573519e-03
1.198589379112384222e+03 3.279005401907082273e+02 -3.414761733588770470e-02 1.823339539458682101e-01
2.251890637872107845e+02 2.917709985654777824e+02 -2.417511534565051218e-02 3.666905644160579208e-02
1.136212899455744946e+03 2.176509855964636415e+02 2.821162431109769386e-02 2.137653422621644816e-01
1.172806578177492838e+03 1.574221522360204801e+02 -4.382468917769984096e-02 3.368928731983873992e-01
1.231211881730576124e+03 3.313784360732599339e+02 7.552069002225834937e-02 -1.121982080861266690e-01
2.727075520244740687e+02 4.807777293160882550e+02 1.476945646949208955e-02 1.059232693253117502e-01
7.368612644086468890e+02 4.197012374400918020e+02 -4.014648888667504134e-01 1.353299085443827321e-01
7.645759641119547041e+02 4.160829524205555003e+02 5.926469156609736055e-01 -1.677326948882983115e-01
1.142253638305488266e+03 3.725616476907548531e+02 1.546547662323594918e-01 -5.572979691571333660e-02
2.836364389224705747e+02 5.074258121358735139e+02 -1.332030702495192419e-02 1.382973209136341974e-01
1.101867509624152262e+03 3.006724214565779789e+02 3.557751578923967761e-01 9.474555609991195532e-03
1.177649170522440727e+03 1.711039744377012539e+02 3.601773062197698161e-02 3.274338020411673295e-02
1.172440772826248349e+03 2.086655175313588018e+02 -1.437479147352860309e-02 5.152454550361085239e-02
3.019849723950530347e+02 5.364660526074299014e+02 4.123031814184168419e-04 4.956130894888009786e-02
4.858388651212803211e+02 1.042189600261968053e+03 -3.038596271080233335e-01 3.162337868251814954e-01
2.530403593242461113e+02 3.479135784640629367e+02 2.694672176024487734e-02 1.932514824786282503e-01
2.713431784725955254e+02 4.716352254780462090e+02 -1.049534042904166561e-02 9.984439660131659566e-02
1.040427163562609621e+03 2.156318352323860381e+02 2.482231081127007563e-02 1.017383634748822256e-02
1.188117217481525131e+03 2.541103668196089700e+02 -1.150007545766129624e-02 -3.620465919897759149e-02
2.670876860791622676e+02 7.278021273417075463e+02 8.605597053123015955e-03 -2.878379672195437167e-02
3.645171306580128316e+02 1.040823720677690517e+03 -2.207269502693262435e-03 8.673356684870337646e-03
2.709662319706728795e+02 4.664771612143795210e+02 1.383483173457875637e-01 -6.055171224722330492e-02
3.605933565184118379e+02 4.879195373229940742e+02 -1.429614926447638490e-01 1.026941269348315283e-01
1.129809006878626178e+03 1.645434039927741026e+02 -1.518147527188462020e-01 8.043879983756055396e-02
1.096200863524914894e+03 1.929284381145235159e+02 6.585391095595262943e-03 9.360362449472772739e-02
1.051182489480559980e+03 2.179614462690049663e+02 5.658387134293921955e-02 -6.546274251071183825e-02
1.173325969928646373e+03 1.493249148069007219e+02 -1.594329403507713239e-01 1.356737017615709251e-01
1.239820643969888351e+03 3.437038268713881735e+02 3.232096779563454342e-02 -6.089945372533683149e-02
2.012932708815486080e+02 6.159784105773708234e+02 -2.237088767881543760e-01 3.593498034134925412e-01
2.347448759247659495e+02 7.051072588950223690e+02 -7.886750467652822380e-03 1.668721193428133326e-02
3.975883517674007521e+02 5.279790951725620971e+02 4.818651830850085305e-01 3.373244792835196348e-02
2.685279984749490154e+02 7.273232363569047720e+02 -3.086962177776729922e-03 -6.384357583166482128e-04
1.126457594601302617e+03 2.321672209692877402e+02 1.318766413236517054e-01 -1.504213234496475649e-01
9.543363630547864886e+02 8.553639531360124693e+02 6.371639049721693482e-01 -2.006810827615595483e-01
6.255405655121627433e+02 9.755834269678796318e+02 3.980138216792056260e-01 -1.497768628045150763e-01
4.648960696687159952e+02 1.092413768860086975e+03 -2.208502278859612172e-02 1.744998929475514299e-02
2.723674483780078504e+02 4.569108651083880090e+02 -5.436473473003532175e-02 -3.616587337874438979e-01
1.082762886982645568e+03 3.396080708315608945e+02 -1.149291872749304971e-01 1.404200078384711114e-01
4.662995328370470247e+02 1.091787660692298005e+03 1.047015146725458964e-02 1.424289522626503122e-02
3.071428903117421783e+02 5.084724297017942263e+02 -1.609887183613838979e-01 4.002274588778694658e-02
2.261074170746724690e+02 6.118120459741529658e+02 6.872708726741431733e-03 -6.136521990605262045e-02
4.670704731308560440e+02 1.091366344148304734e+03 1.499907804637561765e-02 2.265384072461529286e-02
3.366082206113697453e+02 4.971446722926290249e+02 1.512049390319870207e-02 1.171149238757607236e-03
1.058627687642555884e+03 1.746390928663823843e+02 -1.997521451496996753e-02 7.241779769257096488e-02
1.097286684952114456e+03 2.551936859859923175e+02 1.637276614234692562e-01 2.501761762111815446e-01
9.293058900392762780e+02 2.922726632408431442e+02 -4.868418175552198246e-01 2.242883516864922211e-01
1.118515084629521425e+03 3.062284717452834570e+02 8.332135492454494086e-02 -2.085532844123764162e-01
2.472002965100483323e+02 5.980286793290841842e+02 -3.773577850199170275e-02 3.256034157242110490e-03
4.678440301634306593e+02 1.090923127655831649e+03 1.726659848939708988e-02 2.203543532921096657e-02
1.068689805595432745e+03 1.941143273305735306e+02 7.321366693560094063e-04 9.437338923554605685e-02
1.110009517409828049e+03 1.968830407521188590e+02 -7.415457358561639012e-02 1.983601534412287037e-01
1.096090368299398506e+03 2.287955421848076298e+02 -9.489568605573595050e-03 5.131625851884358269e-02
1.170140753380637989e+03 1.515490167014046392e+02 -1.100199802273493788e-02 2.829034409660913241e-02
1.213390287468621182e+03 3.755290655280886654e+02 7.227898467445470487e-02 -8.455270745400156329e-02
6.448756886160941804e+02 1.022265882601960584e+03 3.967288317556310062e-01 -3.281081124548848038e-01
4.785006120508618324e+02 1.087492453009010887e+03 6.431199251132753147e-01 -1.487694062604560941e-01
4.441189962157916398e+02 4.717937661372088201e+02 7.128946235210756842e-03 -7.805138859142365416e-03
5.556608024643124963e+02 4.264220164421330423e+02 -5.722445293301764435e-01 1.501038656767415547e-01
1.051554893348898759e+03 2.784784391074867926e+02 2.618873627062233145e-01 2.236002232210656249e-01
1.062708442223569364e+03 3.029959328097340290e+02 -7.297127962454699746e-02 6.443637354524108796e-01
1.286846722834140337e+03 2.148537750625847309e+02 3.732216485438281245e-02 -1.643911131048033172e-02
1.223325111832657740e+03 2.942372370796435916e+02 -1.378147674489203604e-02 3.395889522964049695e-02
1.242471527781401164e+03 3.056812358397118032e+02 -3.350745689808718591e-02 1.302404493778681061e-01
1.965492963871839436e+02 5.551777239582296488e+02 -3.529106830034133280e-01 2.136236703969795342e-02
2.866014609767195225e+02 4.275541379745359336e+02 -3.232911254562915310e-02 -3.566286935766323912e-02
5.343132231978160007e+02 4.470770125045093550e+02 -5.728022958115762675e-01 1.499799109295817667e-01
7.453246666728626906e+02 3.677631981513569031e+02 -5.257676392140443467e-01 1.814640444579416478e-01
1.032757902235115125e+03 2.239542308800494084e+02 4.177107936860530862e-02 4.031470940961696670e-01
1.113709098810086971e+03 2.116054744433479868e+02 -7.859624647260586572e-02 1.492253469307403824e-01
1.202384370845445119e+03 2.923911361113749194e+02 -2.924791057376978642e-01 4.759639410692833444e-02
2.841994307021959116e+02 6.006034252443776040e+02 -6.021661726638934987e-03 -4.431213271743672522e-03
3.274491398292740882e+02 5.547440581986190864e+02 7.834559346414542505e-03 5.275109074629621281e-02
2.370646399490850058e+02 7.620880727782963504e+02 -1.335284499885704308e-02 -4.557069610577205859e-02
1.117890303282415516e+03 1.686268714978071728e+02 1.296577326393861911e-02 -2.803763316144515863e-02
1.251122908668967739e+03 3.447060517040299601e+02 2.669191230672647852e-01 -5.823103970385982986e-02
1.940498505871530881e+02 3.195433184536164504e+02 3.668366788848705703e-03 3.332111597334138503e-02
1.398933554019628502e+02 3.890467560192176961e+02 3.789605800236017785e-03 -1.527528554024589445e-02
7.475214981323701977e+02 4.171010338474287664e+02 -4.377365806687218419e-01 2.322160494403154377e-02
9.832059260082812671e+02 1.711597639217551148e+02 8.384457125674771305e-02 2.756847427248558802e-01
1.050029505128705068e+03 1.939887433021937966e+02 -2.027459796617373747e-03 2.029142713899290129e-02
1.009003248307016747e+03 2.100824301331151389e+02 2.017150520594176155e-01 4.439664192822452837e-01
1.150739680010832899e+03 3.238732371722803691e+02 -1.639468565859185031e-02 5.941687264546165886e-02
1.244111201536019053e+03 3.293479947319854091e+02 7.235767015498595356e-02 -2.556935191677212060e-03
1.314184935027534948e+03 3.460804035886354200e+02 -2.981692686722681174e-01 -3.696616462267835607e-02
9.249186953415205608e+02 6.551380694847762243e+02 1.933893446405932082e-02 -1.738096919413578689e-01
7.302659102199784229e+02 9.654415308286174877e+02 4.598712779992411015e-01 -1.002970728697410580e-01
2.825950787893644360e+02 4.552770466909431661e+02 -6.495014081896111763e-03 -2.203213485843103989e-02
2.630849743162958703e+02 4.859196378687871061e+02 2.288395603373125781e-02 -1.017366755269739041e-02
2.805809547172943894e+02 4.091169723808850449e+02 1.168311031721652217e-02 7.687739649110302692e-03
1.121206413890226031e+03 2.133432297728111280e+02 9.083176174486982946e-02 -1.194316071997124362e-01
1.216132403477485013e+03 3.164245039761353837e+02 2.449308645542384033e-01 1.887716410780574949e-01
2.843170261688832170e+02 6.704524750945440701e+02 1.264811132349760552e-02 -3.537501319577917441e-02
3.651404952041431216e+02 6.911862917286696302e+02 3.728960574932526639e-01 -8.214631716333335998e-01
3.382773844408667401e+02 5.200899741969449224e+02 7.218907578896959984e-03 2.178916246407425097e-04
7.449164813454111709e+02 3.857947827056009373e+02 -4.494365577937742273e-02 -1.453204799256639090e-01
7.181589213512888819e+02 4.364088572265091557e+02 4.641182232644950889e-01 -7.384351275617859200e-02
1.145737806021801589e+03 1.907665855279050220e+02 -2.899084313783078029e-02 1.374496829111251407e-02
1.099539966218361542e+03 2.458843786979553272e+02 -1.043262394746534427e-01 3.223755702722883032e-01
3.482419483261082860e+02 5.267409876484979350e+02 -8.862316389086118129e-02 -1.045652116612814098e-01
2.970174901592621950e+02 5.026774802264582149e+02 -1.154101070005076994e-02 1.955731408738377655e-02
3.088870379565203166e+02 5.039223810862515052e+02 4.931201259426466754e-02 -2.320251460604241551e-03
1.104051090391331400e+03 1.539265982106111039e+02 -4.686539895179622772e-02 3.056664151650920758e-01
1.101972730711082704e+03 2.135280889504688560e+02 -9.743515278791569159e-03 -6.817468062232971519e-03
1.235515374203112970e+03 1.366988698182061626e+02 -3.652871339553106361e-02 7.155775935149853717e-02
1.155637479422714023e+03 2.260123549655912427e+02 2.110186080489660776e-02 1.860102769348435936e-02
2.269020786563337708e+02 5.909168883025724881e+02 -2.242629687968550056e-01 2.196692262368110660e-01
2.209452246665034636e+02 6.964216668871940783e+02 -2.078394381053764398e-03 -2.139853850295973456e-02
1.071521446709550389e+02 4.167742755915122075e+02 -8.868483809423999276e-02 -1.365289059626917378e-02
1.082185435259394580e+03 2.591879596453094905e+02 3.056067470973289346e-02 -4.512870744328267847e-02
1.201243393608364840e+03 2.708848440063029557e+02 -2.499488156482243539e-02 1.172236324366409121e-01
1.160394063291241991e+03 3.828542944656421696e+02 -8.138814986835996024e-03 8.752260251995380713e-03
2.732639116935894776e+02 5.930094188530053998e+02 -1.222123387004359074e-02 -3.018723834580328003e-02
2.806515480503164213e+02 6.819747996786992417e+02 -2.029754406507322528e-04 -6.112040722399569859e-03
2.768980358509836606e+02 7.396442278196660709e+02 7.711105016930730471e-03 3.874913041656213863e-03
1.143511746770474929e+03 1.509691123308465706e+02 -9.097000464193374936e-02 -3.191404499867595695e-02
1.129894781715024692e+03 1.936668890665444280e+02 4.501095265426816733e-02 1.243389322204271619e-01
1.159599631202306682e+03 1.855151276028043696e+02 -3.443204656836574840e-01 3.470439947540861492e-01
1.111855786700772114e+03 3.481164723662017764e+02 -9.758562128925925283e-02 4.718214866049054712e-01
1.165682900577455030e+03 3.742998017973495735e+02 2.498263368348879049e-02 -3.994151543907621671e-02
1.977707023005391704e+02 6.938613349757366677e+02 -1.883525728638346664e-02 -3.542180175760937383e-02
2.324957423387297126e+02 7.224269253385760976e+02 -8.780124921567480575e-03 -2.632008618810946846e-02
2.194487639121162772e+02 7.346347033905534545e+02 -4.545017973846857823e-02 -8.021517949418921489e-02
3.358850052446663312e+02 1.097460551800699932e+03 -9.515495575068857667e-03 -1.441622518479692035e-02
2.818164190364585693e+02 4.233260392058709272e+02 -3.388266389000212705e-03 2.366502448922839716e-02
3.224693558226396704e+02 4.953195088746712713e+02 -6.203695148421198985e-02 1.967697041465044094e-03
9.804224608167573933e+02 1.688186230355370014e+02 2.725059723341966555e-01 8.466725931967762631e-02
1.161274010740238509e+03 1.432747433836937603e+02 1.948511228014619331e-02 -2.023212960132809712e-01
1.043465978340344918e+03 1.758117175985191238e+02 -8.625097062235909107e-02 1.143045249315311623e-01
1.123357775938883833e+03 2.313681083533864751e+02 -1.185656105227887204e-02 9.280159543511956599e-02
1.120180795361459332e+03 2.942979653267680646e+02 -6.705895648095368256e-02 1.000056901775015633e-01
8.126786032631745229e+02 9.297184188354048047e+02 4.070996625484705755e-01 -2.260139189612573318e-01
2.557824224473372112e+02 4.217414083909031888e+02 -1.207015021799975364e-02 -7.700504323952373116e-03
2.977316332246766137e+02 4.829213327595116425e+02 2.534809302075018492e-02 -1.049985410609224380e-02
9.722439964274074100e+02 1.712445941019996951e+02 -1.962196141589629336e-02 -5.697682145958538058e-02
1.006073960836787819e+03 1.682462917885877971e+02 -1.327364870272958741e-01 3.981025563074354068e-01
1.091487500640480448e+03 2.121915275454487073e+02 2.844586056307889591e-02 7.230416120165727989e-03
1.261453867091222037e+03 2.006161029279361117e+02 4.593596296535907078e-03 -1.859816191224012913e-02
1.201312325176191734e+03 2.112590864424212782e+02 1.151888278815476896e-01 -2.626891343918827948e-01
1.186231526112526808e+03 3.094059924864882305e+02 -6.624283755627403112e-05 6.546864829901437588e-01
1.187313768914954835e+03 3.245698266878104619e+02 -2.871974194841186434e-01 3.288555584701157164e-01
1.294752680293903495e+03 3.094129702289277475e+02 -2.468388355406204993e-01 -6.757166119435850660e-02
2.441901680873207283e+02 5.345309978159849607e+02 2.527998320540404964e-01 -2.261696853463490697e-02
2.471524346877694143e+02 6.419102964835385592e+02 2.351937111891402171e-02 7.272430273731060602e-02
4.496950267971822655e+02 1.099766911225729928e+03 3.519612941651416582e-01 -1.463399061774907639e-01
6.105699221942126087e+02 4.409597270836045482e+02 -4.972634466108161178e-01 2.254290518940536003e-01
9.761581884662384709e+02 1.724969220477424301e+02 1.515078711464070693e-01 1.285557067617020266e-01
1.029495963399229367e+03 1.844817602122588198e+02 -3.031161244888380679e-02 -9.425459884290887658e-02
1.111200517689617527e+03 1.882274533797401546e+02 -4.365468436583341827e-02 1.627197387124184047e-01
1.212563277844254344e+03 2.624268916308353141e+02 7.989549039393750718e-03 2.958151901646033366e-02
1.148606969161811548e+03 3.118179217067336140e+02 1.267311412846083840e-02 7.153769799089104708e-02
1.245418247787046766e+03 3.109578703513413984e+02 -1.485889968525953009e-01 1.065482471558993893e-01
2.773420409442185814e+02 5.312082467793206888e+02 1.235739950078738048e-01 1.729033522007341617e-01
2.838103055641020092e+02 5.499540310354486792e+02 -3.732186702539763701e-02 -9.489008507185303642e-02
2.478792784777789677e+02 6.180271973475784080e+02 4.266252944976400840e-02 1.059053427274818659e-01
1.019846201875594005e+02 3.751332321025843157e+02 1.566803419110366843e-02 -1.926699369287234731e-01
2.797250669610614864e+02 4.670166291877759477e+02 1.704234591151513808e-02 -9.703153324020756532e-02
2.747819283249639852e+02 4.812224124130530072e+02 -3.711769281543789850e-02 9.801786749282352662e-02
2.847781191324006045e+02 4.903769145830765979e+02 -1.215822856073600633e-02 3.716783516265801529e-02
2.791229583008405939e+02 5.199194553194253103e+02 7.943575074273212522e-02 2.692984150229828511e-01
3.030476574319478686e+02 5.259386169699483844e+02 7.417525986123034432e-02 -2.177117176639361065e-02
5.818234690838278311e+02 4.425681736640742088e+02 -4.176372497407404016e-01 1.371785641283622681e-01
7.906633692373037547e+02 4.108023336020766578e+02 -4.009297943635677375e-01 -1.524240738521598360e-01
7.195175172076153558e+02 4.403069638696699144e+02 4.139152232967262535e-01 -1.255368944847722046e-01
1.055287822393237320e+03 1.817785546220968627e+02 -3.936043888385635375e-02 2.166042066777720265e-01
1.016910407110261303e+03 1.911916455876111343e+02 5.687452441585113400e-02 -2.817502228248447982e-01
1.037791097352554289e+03 2.232965880757175512e+02 2.064678250072423393e-01 2.804238583908708615e-01
1.192189915952924366e+03 3.124685569223630637e+02 -2.167863742173115893e-01 9.486449783859522700e-02
1.257512392593363529e+03 3.344390432964252682e+02 2.170451995891653496e-01 7.893069588806156389e-02
1.149844464241525429e+03 3.562760089840366504e+02 8.624560804226651112e-02 -1.629770753750866066e-02
1.137168770818510893e+03 3.655527021013743365e+02 -2.308460861718231172e-02 -7.311449908314671120e-02
1.159618497413052182e+03 3.637361220482525255e+02 1.474664266193788931e-01 -2.615847711874342285e-01
2.477539102562998607e+02 7.080621268824303343e+02 -2.042000636124422994e-02 -5.042143286126096052e-02
3.393971508819199698e+02 5.284307613796554506e+02 3.612176717486666796e-03 -2.757032765829308119e-01
2.445131904498265669e+02 5.019169323823393825e+02 2.979065960089144482e-02 -7.427557694651909515e-02
1.115432939562871752e+03 1.564925174173752112e+02 -4.361578035639013251e-02 7.626047378876421590e-02
1.093727075923602115e+03 2.050464616778007496e+02 6.797653256762714591e-02 2.728638024591134581e-02
1.110812694531396346e+03 2.269811850399516686e+02 3.026231582373384299e-02 9.554226953163436065e-02
1.092055541164723309e+03 2.471655306815770530e+02 1.508393137817165552e-02 -4.559728590426459505e-02
9.400437276842577603e+02 2.911844920267715793e+02 8.098938871421523800e-02 -3.339739951159685916e-01
1.139379042799478611e+03 2.535931182174872447e+02 -6.009097335106616811e-02 2.619827614425389584e-01
1.160109804912338404e+03 3.166149402604142438e+02 5.719053530970086285e-02 3.754613264732711286e-01
1.181092663438712634e+03 3.353568677821821211e+02 -1.201767059490066458e-02 -6.296569550414687910e-03
2.542039909633518562e+02 7.020424429594521598e+02 1.177548172674391935e-02 1.197583023167680949e-01
2.108223353841732717e+02 7.189020011022656718e+02 -2.520662638723081272e-02 -9.799689267134681359e-02
2.419094625881874947e+02 3.495389043473289803e+02 0.000000000000000000e+00 0.000000000000000000e+00
2.483567949097645453e+02 3.594518196039654185e+02 0.000000000000000000e+00 0.000000000000000000e+00
2.549381543361022864e+02 4.659716388975105019e+02 0.000000000000000000e+00 0.000000000000000000e+00
2.626208149082183922e+02 5.116489640490645456e+02 0.000000000000000000e+00 0.000000000000000000e+00
3.201725467429816945e+02 4.955598007641757476e+02 0.000000000000000000e+00 0.000000000000000000e+00
1.103099063311563214e+03 1.655934774279080557e+02 0.000000000000000000e+00 0.000000000000000000e+00
1.176419612092038733e+03 1.905101034645523441e+02 0.000000000000000000e+00 0.000000000000000000e+00
1.249453313592655604e+03 3.205724948411356650e+02 0.000000000000000000e+00 0.000000000000000000e+00
1.245181194487699713e+03 3.277036876770040976e+02 0.000000000000000000e+00 0.000000000000000000e+00
1.280041550976282906e+03 3.541309198473115316e+02 0.000000000000000000e+00 0.000000000000000000e+00
1.953018218365640450e+02 5.597081678298944780e+02 0.000000000000000000e+00 0.000000000000000000e+00
2.505171612774050516e+02 5.661242464312867924e+02 0.000000000000000000e+00 0.000000000000000000e+00
2.392227002632760389e+02 5.940947650353193694e+02 0.000000000000000000e+00 0.000000000000000000e+00
3.764452748284609243e+02 6.995470527949190682e+02 0.000000000000000000e+00 0.000000000000000000e+00
8.931967202705526461e+02 6.609593270454432741e+02 0.000000000000000000e+00 0.000000000000000000e+00
9.480716021013425916e+02 6.563432686303960963e+02 0.000000000000000000e+00 0.000000000000000000e+00
8.529923170750170129e+02 9.313629859752833227e+02 0.000000000000000000e+00 0.000000000000000000e+00
8.547877036704630882e+02 9.322167311442640312e+02 0.000000000000000000e+00 0.000000000000000000e+00
4.473542022933515341e+02 1.072771182500463283e+03 0.000000000000000000e+00 0.000000000000000000e+00
