1.337839815852967149e+02 3.789129336051995551e+02 -8.349213206909413291e-04 7.554878773697793664e-04
3.029564087322244745e+02 5.777351459939110327e+02 2.441236513433442303e-03 1.304584138523692295e-02
2.739436631284234522e+02 5.434556093763713989e+02 -1.609160081060866457e-02 -3.837140926803516480e-03
2.525573448963149588e+02 4.653222805475700170e+02 -2.855610784870699428e-03 -8.094681663883218636e-03
2.282690989557816579e+02 6.098133597453874017e+02 1.499797621386616186e-03 8.296425868201647361e-03
2.782256297266432057e+02 5.532771614844709802e+02 7.979771779195298648e-04 -2.725109043775872982e-03
2.229964425663669942e+02 6.203961171264533050e+02 -2.738482952542489746e-03 2.102509194058950460e-04
2.938572670569729439e+02 5.673426975069984337e+02 -1.943283867701260962e-03 7.714002876910079458e-03
2.814214349583104990e+02 4.173132554997289958e+02 -1.215848419394570529e-01 -1.763131181878065945e-01
3.145113957270645528e+02 4.709740803925975001e+02 1.865692019500424020e-03 -1.023696786425788707e-02
3.061124138382732554e+02 4.719007570650025514e+02 -5.838703608443303328e-02 -1.194923049902374933e-02
3.198250925162234353e+02 4.670981174830583313e+02 4.583020491637479466e-04 7.733661757941213445e-03
7.206555697667137110e+02 3.669457078460545745e+02 5.428802992217879320e-01 -1.774055041936255239e-01
3.489539273401168771e+02 4.891594171927807793e+02 -3.777517763684711677e-02 4.719006698594782265e-03
5.654962321331754538e+02 3.855668254284584009e+02 -1.019739041177474166e-03 9.476130487779426586e-04
5.611664085724876259e+02 3.821511828662717107e+02 3.957600028505310445e-03 6.476285564762031439e-03
3.115197840783816901e+02 5.090147491290131256e+02 -6.884820120073092964e-02 1.617707556272082389e-02
3.113486338974837508e+02 4.999231706740817458e+02 -3.278493264610746888e-02 2.339114401067967849e-02
3.382280820549925124e+02 4.919905834281647117e+02 -9.306321220970736885e-02 4.513220193967643762e-02
3.194797551612801385e+02 5.266395781508573464e+02 -4.549009566365030954e-02 1.277823768254332353e-02
2.836517172309667103e+02 4.770334789475311936e+02 -3.087003853197935101e-03 -2.017602268003850299e-02
3.271666345214703711e+02 5.142680161141398685e+02 -1.219378051432073312e-01 4.572777422284540066e-02
3.514880847843572838e+02 5.281224434701255177e+02 -8.285908046047218978e-02 4.535178528066137471e-02
3.484895689449197675e+02 4.983826291019605605e+02 -1.838020366063013722e-01 5.647518180855214120e-02
3.462575679470121486e+02 5.378278296293528911e+02 -8.460204501736172389e-02 -6.698581591438772243e-02
3.190532644006104306e+02 5.404585110476167529e+02 -7.338890464700173477e-02 3.071719751570112233e-02
3.264159214679893353e+02 5.599200304515627522e+02 1.887332488962668864e-02 -5.705169711013065650e-03
8.718778391363738365e+02 4.079616908407699611e+02 5.433388522398204705e-04 7.170967686685870805e-04
7.052609620277564773e+02 4.172721711853360489e+02 -1.893914148643664752e-02 7.980681137536463007e-03
7.615061532391034689e+02 4.311854202658181521e+02 -2.659097391412867245e-02 9.157649736857032333e-03
6.697898297824774545e+02 4.305423458471843219e+02 -4.234831367736799912e-01 1.941513533166901451e-01
1.093475513443935142e+03 2.289243092996394466e+02 -3.023769814474392813e-03 3.244429048863444603e-02
4.242914183689131278e+02 4.662158679215309576e+02 -5.286226371686024716e-01 5.353682128247388983e-02
1.185390631883505193e+03 1.753946542632172338e+02 -1.394674362027127287e-02 -2.583142389767399683e-02
1.204977710429385525e+03 2.475609094427947809e+02 -1.043918791657404838e-02 1.885510366705766064e-02
1.218029996663399061e+03 2.533347343731617514e+02 -1.110561306370415162e-02 9.215456718112985000e-04
1.192602613235723084e+03 3.737790735914264246e+02 -5.574931170803219642e-03 6.687481737580948035e-03
1.204829331874789432e+03 3.956072035956141804e+02 -7.378641580431793143e-04 -6.287445763817204811e-03
2.751147428087191997e+02 5.614095781955620623e+02 4.409487375194811112e-03 -1.204809524579960028e-03
2.008613569099119900e+02 6.558213921386585525e+02 3.754630065671589814e-03 -3.102663585720377010e-03
2.761361059598291376e+02 5.764909484589757085e+02 4.779460269957109750e-03 1.091882757682447087e-02
2.727477011239495823e+02 5.917141476971557950e+02 4.014722468015168369e-03 -1.252659708271575438e-03
2.683064018543246334e+02 5.942095022929350989e+02 1.068798493413272710e-02 -3.316173055087248082e-03
2.481929537551510521e+02 6.044788512785481771e+02 -1.006301735911521202e-02 -7.888894816810444396e-03
2.812004397834327847e+02 6.022868561577872697e+02 8.989947640414622243e-03 3.791363527716609845e-03
2.485431439909759490e+02 6.190912685375611773e+02 -7.083754860018709291e-03 1.847585823658828537e-03
2.559918330596545673e+02 6.215010081996904319e+02 -9.706747640263578428e-04 -2.091772330733856523e-03
2.275409204999391193e+02 6.334930262668468686e+02 -5.051599527687943405e-04 1.307494647911912333e-02
2.804667835287843900e+02 6.340633754387334875e+02 1.267069160262801085e-03 -2.626464184609941604e-04
3.003401561405432858e+02 6.316193827477251261e+02 1.077655360929141021e-03 -2.013256283876757331e-03
2.246921152820265775e+02 6.430536218651063791e+02 -1.430074283326735699e-03 -2.634918571471860094e-02
2.860048655469886967e+02 6.368462513114642434e+02 -2.093132805036997828e-04 -4.842319256359623944e-03
2.952810064013760325e+02 6.328733911021628273e+02 -3.520808050262814581e-03 -1.989945190570828557e-03
2.373425962969901093e+02 6.434603257929992424e+02 -1.660977388486839512e-02 -2.123602440940768315e-03
2.584140936751920208e+02 6.395655501109741863e+02 6.551806260038367654e-04 -2.285102538065633508e-03
2.648931359422399510e+02 6.399760459182575687e+02 1.363947587019718327e-03 2.510933247846635491e-03
2.273346635203109827e+02 6.570181243980179033e+02 -3.706100769274187079e-02 1.772696554126306986e-02
2.625203834954004947e+02 6.566218200230265438e+02 6.862082070039612382e-03 -1.721933826422290337e-03
2.698710176310390807e+02 6.529348775777758647e+02 -1.731731901221936405e-04 -1.819674285186443155e-02
2.897687829983940446e+02 6.523388279571921657e+02 -1.485974299919685070e-02 -9.595391273596714718e-03
2.752739444701162483e+02 6.602548064461502690e+02 2.479029588812409202e-03 -1.815231947956466628e-03
2.476105586682609498e+02 6.608824673624593515e+02 -1.324487806943010302e-03 -3.884900180280803032e-03
2.558498892526690440e+02 6.660534327821241050e+02 -7.055430163691457646e-03 -4.400003239811217312e-03
2.079439496739169044e+02 6.702247382292532620e+02 -8.019376930864683881e-04 6.977100431356012510e-03
2.614790875658508185e+02 6.682806928762057623e+02 -3.303618914061405478e-03 -3.786464657904130282e-03
2.697082239792721907e+02 6.669399042212082804e+02 -5.270576863120814311e-03 1.031231298051721659e-02
2.010128249950040527e+02 6.991437460280168352e+02 1.603755848226557030e-03 3.677024667273045503e-03
2.366569117152649824e+02 6.793244029825009420e+02 -3.069858913496354477e-04 -3.134747427377262974e-02
2.246749131080891573e+02 6.836099545023218980e+02 4.062834580526943659e-04 -9.306281120689839648e-03
2.174470097760450926e+02 6.868010076947140305e+02 6.491257174276921947e-04 5.532329318939581235e-03
2.341464906297744051e+02 6.882016947746184314e+02 7.424882653224932315e-03 -8.923979993307448733e-03
2.404039347372916779e+02 6.945494001234499137e+02 1.275952571754624884e-03 1.372860565846725778e-02
2.055267977018318390e+02 7.116508617811708746e+02 -5.624219998728755693e-03 1.930106137936013749e-03
2.781339867719000836e+02 6.875797081269394084e+02 -4.968510434734710671e-03 -1.100947705937176243e-03
2.515836080354170292e+02 6.935931363776835497e+02 -1.019897358201721400e-03 4.150811953242719045e-03
2.685607413476342344e+02 6.937690923327144219e+02 -3.169666276469140028e-04 -2.476991441102258454e-03
2.749920457682018196e+02 6.963683365418055473e+02 4.137822799639770399e-03 8.920827548425871653e-03
2.599820697425495837e+02 6.987482228080039022e+02 -1.612084657267587318e-04 -4.390823222951043339e-03
2.543776326212040999e+02 7.019365460122710374e+02 2.801175763570235618e-03 3.169097953552931662e-04
2.478078683047764343e+02 7.076130788951059003e+02 5.546620619541742930e-03 5.049840676918613408e-02
2.692987139021154803e+02 7.047408575450090211e+02 -1.930704370115653558e-04 8.765113796185363890e-03
2.587060713480428262e+02 7.083234130540965907e+02 7.128269850069711519e-05 3.646075324006755377e-03
2.623176494262929168e+02 7.116439678572305638e+02 1.373602906732914906e-03 7.807869066510594175e-03
2.189007576569658227e+02 7.167374266864114816e+02 -3.002153465562816190e-03 -9.329312271761815286e-04
2.663611452728405311e+02 7.118922202820699567e+02 1.374294783430525394e-03 3.572316791486727146e-03
2.206085142016063969e+02 7.241905726244177686e+02 -1.043382403976677447e-03 3.164342652965361144e-03
2.521817820983929721e+02 7.157842655295869463e+02 1.000225938417153605e-02 1.086934822234466615e-02
2.152027107537081463e+02 7.421996881004415627e+02 1.076913290496537765e-02 3.008902797960735787e-02
2.346839246156699517e+02 7.258121035238990544e+02 -2.433637335431035591e-03 1.906871104556512840e-03
2.618298072888959496e+02 7.271265377769208271e+02 -1.667890153128448070e-03 -1.968412875913096074e-03
2.196011479924800369e+02 7.352198819271995944e+02 4.765370003914966117e-03 6.808885431452593034e-03
2.549790400058886632e+02 7.298724130700115893e+02 1.028038412711832373e-03 -7.388583395831939274e-04
2.382193312670235059e+02 7.361647661361967039e+02 3.903791290677154861e-03 1.867586396574236847e-03
2.181140047094627903e+02 7.494258130298622973e+02 -2.238927757735529808e-02 7.727568922895992898e-03
2.301730939913873328e+02 7.461653503871865496e+02 3.696885550620870962e-03 8.225984050685577684e-03
2.475349839199928397e+02 7.450169538108061715e+02 -9.311611050524073226e-04 -6.990191738464541019e-03
2.403498439018712816e+02 7.468786912780527700e+02 -1.711238871264570815e-03 2.301104457217769555e-04
2.556907887755748163e+02 7.450229295347385232e+02 2.750759137628597511e-03 9.802391606350996031e-03
2.515749185485543080e+02 7.490966143805925412e+02 3.575837147253920975e-03 -9.086952483999490363e-03
2.434857150770153851e+02 7.535642422263849767e+02 -3.075076503030727253e-04 5.629263070438743181e-04
2.483815507916384888e+02 7.597635635506289873e+02 -9.490846012991792802e-04 -1.529578533378109662e-03
2.420732790526233202e+02 7.616846170300573249e+02 -1.176295471169894018e-02 2.881234175722038578e-04
6.343461208534056368e+02 8.219551606963417498e+02 -8.230764750027050618e-05 -5.258892116433001949e-04
9.124419696272335614e+02 8.059111618147587706e+02 1.631080272090912331e-04 -4.752368316893366778e-04
4.599657555946641878e+02 9.415814272183422418e+02 -4.987594392634203693e-05 -5.194373273766224276e-04
7.186201123387590997e+02 8.712544683398282359e+02 2.976693771142215495e-03 1.089538366842012981e-02
9.067293987278359282e+02 9.234748688706921484e+02 3.949130484107798251e-04 -3.100531060424893047e-05
9.002725497373071448e+02 9.279361117387792319e+02 1.274584504845634961e-03 1.452703789867216405e-03
6.905838682846044776e+02 1.019718117082051435e+03 1.675618435637720588e-02 -1.257052278034991206e-02
7.149118786632392357e+02 1.011557749695621169e+03 -1.265405694554000730e-03 -1.138927636693641955e-04
7.049314501242788538e+02 1.023652087638038438e+03 1.416091153010026922e-04 2.551305460037208111e-04
8.108101827757417368e+02 9.124373386760651101e+02 4.570098094843536574e-01 -1.253966500521607186e-01
3.501542078598550347e+02 1.058489834971465825e+03 3.254006951145597439e-03 8.546483608581796620e-04
4.816945448197792530e+02 1.099074775019078515e+03 3.924391564626125749e-04 -7.876269577230565787e-05
7.044305204891039693e+02 1.036461090716537456e+03 -4.539229660246413517e-04 -2.760774825966820782e-04
7.518637937017923605e+02 1.067536537475733439e+03 1.660244507831413324e-04 2.017110044913477849e-04
7.456992920806566190e+02 1.071484153397163254e+03 7.790590215513970834e-04 3.624510116622169987e-04
1.310443970166248562e+02 3.249186633381001457e+02 -5.445193704349661577e-04 -2.631952066043469641e-03
6.006882265732183441e+02 1.047722255948022621e+03 -5.710216400717514906e-01 2.855317756386446804e-01
8.734606480543022826e+02 8.698151982356163217e+02 4.666819281757103033e-01 -9.922551546477766105e-02
1.237791426687605281e+03 3.993527763323624526e+02 4.471602081922707202e-03 -3.188831934049756855e-03
8.997106771245909158e+02 1.102192694717742825e+03 -2.146957992537035481e-04 5.027084980476033882e-05
1.177124454296585327e+03 2.278548028371737360e+02 2.313357863903151360e-02 -1.727978620547618652e-02
2.551863945141008116e+02 7.082964241885679257e+02 1.090737209846572481e-04 1.613494422625504077e-03
4.551149863556190667e+02 5.254640561209868110e+02 -4.109998449867853162e-03 -1.755312757403330523e-02
8.249202244756226037e+02 1.102200313192956628e+03 1.463584861887671455e-03 -4.351920094927438747e-04
2.484763023876764692e+02 5.664068949169662801e+02 -7.391054853309692030e-02 1.016985797313358642e-01
9.491181124631036710e+02 2.485729811548830526e+02 -2.268364580067379311e-04 -1.103859977943969081e-03
1.125269959865355077e+03 3.535123360791276923e+02 -4.796544492393364084e-02 4.513856464835062227e-02
2.792010477088357447e+02 6.530100082848426837e+02 -1.272459675890736915e-03 9.542426164770323807e-03
1.344350390232666825e+02 3.990559416121558343e+02 -2.678585380107447941e-03 -5.002483740887071588e-03
2.348612758277057821e+02 6.684875596710658101e+02 4.344124102068957875e-03 3.225559797040812929e-03
1.008353960284850928e+03 9.275325799351384148e+02 2.160685727640066932e-04 1.706708632228934384e-04
1.195219068828871286e+03 2.282763485274118125e+02 4.912997975490347030e-02 8.188908969074844280e-02
1.293122338764440656e+03 3.650352425856316927e+02 1.248095083575784595e-02 -7.799038534416792394e-03
2.451031896224872355e+02 3.912414654475450106e+02 -4.825711748233461190e-02 -2.507961385038921520e-01
2.775235816382066218e+02 6.139187796748085475e+02 4.897518710039873262e-03 3.678554010850060112e-03
2.706576282435268013e+02 5.177184019320242214e+02 7.534068773172140562e-03 3.140034674377845808e-02
2.301200332088067739e+02 7.765594203350995031e+02 6.246625287917707912e-04 -4.669459712263773071e-03
7.695688904419948813e+02 4.448154747183390896e+02 -6.185962698282310157e-03 -7.295040303750346955e-03
1.162480636786903233e+03 2.371451952167388413e+02 2.284164362707331170e-02 -1.981651541468146954e-02
2.638619759881563596e+02 7.030260667326389239e+02 -1.928511765477691753e-04 -3.841458015670306484e-03
2.612346870733350670e+02 4.735366277973890305e+02 -3.445946521119626349e-02 -1.420847871140761831e-01
1.115632476936612420e+03 2.357125109578294655e+02 -5.153225949478531381e-02 -4.772114301955683591e-03
2.541103865783187246e+02 6.900867758200515709e+02 6.569324459137938636e-05 -4.111090406389272464e-03
2.591557858992858883e+02 6.320129225131458952e+02 -1.912954839349705538e-03 -8.310663363531738167e-04
3.728793413571373776e+02 5.517284688830934556e+02 3.236264417985284386e-02 1.367420936418678283e-02
6.854703977000691566e+02 9.399498585985299997e+02 4.607486387600475686e-01 -2.541416851321187109e-01
1.105460974801967723e+03 3.592868522636583180e+02 -1.563247489702736942e-03 9.957546985698163128e-03
2.672128220159044645e+02 5.248591266510270543e+02 -8.652728067147281987e-02 1.082022258673901866e-01
2.485039954214987006e+02 6.738630865482288073e+02 -7.180660473186953547e-04 1.411738320927166624e-03
2.143988963912809709e+02 6.389603812477085967e+02 1.336140562856225370e-03 1.428082876649870367e-02
7.481613083072295467e+02 3.998792084990299145e+02 -5.301281446387745566e-01 6.590926210675253361e-02
2.683471614472093165e+02 3.004511216058652963e+02 1.431152316547693428e-03 7.414489232191369015e-04
9.930001415208055278e+02 2.100958469853748056e+02 -1.988155324348140057e-03 2.798572344705791293e-03
2.674593755689768386e+02 5.807329658461222834e+02 -3.941540024608555966e-03 4.422237938154755139e-03
2.131873402952577408e+02 7.490441984110914291e+02 -2.530150130380402762e-03 -6.660987093016614100e-04
2.839591025695263511e+02 4.502697062724229227e+02 9.490022247404687750e-03 4.461162289569169104e-02
2.778531898259381592e+02 6.782213973321305502e+02 3.974665619948902599e-03 -3.443055362447804395e-03
2.921620740360137916e+02 6.468525819223312965e+02 -2.530141860828248493e-04 3.013220859681703260e-04
2.445874531795217592e+02 5.197393922901819678e+02 2.705318773640057531e-02 -5.039476504043929883e-02
2.637397234812027591e+02 5.016816762074122948e+02 -5.771042308183631057e-03 -3.753822878117698408e-02
2.017546758406770948e+02 6.347036614908688534e+02 3.118383352651137204e-03 -1.694848240985905160e-03
2.749531354522528090e+02 6.904042395057230124e+02 -5.031762511383377871e-03 -4.055004927188224709e-03
5.638955993420885306e+02 4.465464432111442648e+02 -4.594119517878830772e-01 1.583601899576726479e-01
1.069196086908787947e+03 2.163667082541651041e+02 8.537175701932108937e-03 -9.047728563806818614e-03
2.715104466115571995e+02 4.369927996100420273e+02 1.215433208309355147e-02 8.952409385344956005e-02
2.583297897549206255e+02 5.019996848660023829e+02 1.158715959851271300e-02 -3.388571988909015731e-02
2.328629485831464194e+02 5.207080698320945658e+02 2.627740306863471029e-02 7.794468451050189095e-02
2.238783269626105437e+02 7.148426278717821560e+02 -3.216823169654475529e-03 1.660818230055894490e-02
1.961296920460667366e+02 6.988266158507126420e+02 8.899364607457593878e-05 -2.731936871186062005e-03
1.148061986492489041e+03 3.224716158155942480e+02 3.731211581750115214e-04 -2.896675049700800906e-04
2.617856772339903273e+02 4.323136195298379789e+02 7.048354875527509597e-03 5.229163272532211248e-02
1.092976158690266175e+03 2.070236789171695193e+02 1.380419782002052093e-02 2.102933510322526137e-02
6.182096570040483812e+02 4.190038501885665596e+02 -5.103849723941550343e-01 1.515018134941006900e-01
2.435389650958351808e+02 4.985741826859911043e+02 2.087262860551070132e-02 -2.122220812860477202e-02
2.537351546168255538e+02 5.084892829875256552e+02 1.323181502110791843e-02 -2.932439145996455776e-02
1.153972671923525468e+03 2.483160070279462275e+02 2.454000003434984086e-03 -2.124144887163889779e-03
3.216370916103815603e+02 5.128001683738729071e+02 -7.756868974348381240e-02 -9.405990800147345440e-03
2.349298820691376193e+02 7.726391078612340380e+02 2.929754637101113224e-02 7.875772665167262918e-03
2.755083615995893638e+02 6.414903470722895236e+02 1.929207252312090332e-03 1.464955877916527009e-03
8.252869390001112606e+02 8.814974979132254020e+02 5.083844735176956675e-01 -1.798796751912450920e-01
2.602070965839590713e+02 5.232532238057881386e+02 2.474758146000018144e-03 4.813061076837999060e-03
2.695239457015194375e+02 4.076678164675635117e+02 -5.639831427807207292e-04 1.425276990737709727e-02
1.155351420481695413e+03 3.229825803047050385e+02 1.216219651445327871e-02 -1.028110158149491034e-02
1.204866275315180019e+03 2.280285578007633376e+02 2.405470232712005746e-02 -2.392548975039589243e-02
1.153528722138710464e+03 2.202259476287887878e+02 3.898666171266770841e-02 2.152087804873472829e-02
2.302263237073751441e+02 7.632081857433029199e+02 3.616602859413788843e-03 1.662570078122929717e-03
6.616193077394560760e+02 4.069335544641903084e+02 -4.612059988678876010e-01 1.450351667616339713e-01
2.338208428748691574e+02 5.735691317915436684e+02 1.849017594577331272e-03 -4.111137341811122868e-04
2.510382885334076661e+02 4.864008877824160777e+02 5.077499941039165937e-03 -4.084415951631466951e-02
2.405690658776474891e+02 5.948090394587634364e+02 1.762663650173363315e-03 -1.080511229887710402e-02
9.274898206775912968e+02 3.102098375362380693e+02 -2.994105149719682446e-01 1.921279816267925378e-01
7.784208834795512075e+02 3.499792752032343515e+02 6.498487779801613851e-01 -8.631760731070541037e-02
1.167017190080840010e+03 3.505987956931846270e+02 1.582836585294889950e-02 2.370642975143532130e-02
1.915400619188503981e+02 6.843448672575013916e+02 4.347677321667130744e-03 1.096569379243273216e-03
2.662319536179469992e+02 4.287435589846066932e+02 1.676282770418508969e-02 2.586627508473402295e-02
4.696135604804877630e+02 4.597806486719441068e+02 -5.813776705578522774e-01 2.343605440498833514e-01
1.127496615564750982e+03 1.831087189964254094e+02 -1.384491871767119710e-03 7.512815493041524739e-02
1.224583618721750327e+03 3.974395054973968513e+02 3.923932758648379128e-03 8.221120446485134347e-05
2.239459476194409149e+02 6.949440942279404680e+02 3.761370474743916913e-03 1.281071254892243759e-03
7.457302550162219177e+02 3.846894417399086592e+02 -4.499813976706815710e-01 4.451804140703272128e-02
1.013067140179102012e+03 1.623751941438145536e+02 7.797489929349368624e-03 -4.486845908393442654e-03
6.184511412829025403e+02 4.068993821149022665e+02 -5.908345156245313756e-01 8.809207669309113142e-02
2.837561475742016341e+02 6.267743753370697277e+02 -9.307477200994720198e-04 -1.443914296304017048e-03
2.597750608566391293e+02 4.815810352803478054e+02 3.626490975709612680e-02 -6.906326679663013501e-02
2.601828781572153275e+02 3.886189773491846609e+02 1.296210812823250010e-03 -6.055426853029728489e-03
2.672202572407981620e+02 6.352728589036295261e+02 -1.207705183979682940e-03 5.125809342797144237e-03
1.122734302006531834e+03 2.200001257679003857e+02 2.647341798095085674e-04 -2.017280608807857194e-03
1.214136586012898078e+03 3.430812463407342534e+02 2.345376538480334894e-01 -6.515439751718410388e-02
2.148964312923817772e+02 6.936290365778407931e+02 -6.910820206519418564e-03 -1.259683605759268077e-02
2.823349086944655255e+02 6.136328179653950201e+02 5.673816926017448414e-03 2.518158636684176676e-03
8.847639530676611912e+02 8.790952123815468440e+02 5.567025578487181381e-01 -1.807358275202074205e-01
2.674499375951896809e+02 4.116089228848983339e+02 -1.584716909408796434e-02 3.323156481107306191e-03
9.991337130825454551e+02 8.387143642875598744e+02 6.052314715164442971e-01 -1.877126666305356240e-01
3.076743520351040502e+02 4.910194891641307322e+02 -7.309952336553880714e-02 1.060525426728170517e-02
2.615613448128644336e+02 6.797999263898815343e+02 1.693673396412033114e-03 -5.261393075409497716e-03
2.570156449752343519e+02 4.755160629124162028e+02 4.456947610673448606e-02 -1.974210610973159419e-02
1.115045928483694979e+03 2.355471473565496296e+02 4.713698222940815655e-03 -4.007941667965713231e-03
2.095286238026068020e+02 5.836495193945825122e+02 -9.201229473898037137e-03 -4.906662984130844528e-03
2.784037598082823024e+02 4.568026908557475849e+02 1.830456374504270747e-02 4.571193882633348138e-02
2.925003256901610484e+02 5.957955985321544858e+02 3.271552123139669522e-03 1.683928015218088756e-02
1.161032844117806917e+03 2.284959481695406680e+02 1.117342061915863180e-03 -2.934943043493320330e-02
9.692338341510737791e+02 8.631678850596650818e+02 5.785309504307426520e-01 -1.798131430462812097e-01
8.913725885324222418e+02 9.323743746022089454e+02 -1.601399135860546215e-03 2.912555342980808516e-03
2.505093759057298257e+02 4.227467861595794716e+02 -8.209808637370330509e-02 -2.452516397658969505e-01
3.318433833780325131e+02 4.978423198409573160e+02 -1.184953266772031388e-01 6.353814118596580462e-02
1.128876624164201758e+03 3.592236696344672851e+02 4.610770123578038573e-03 -1.593406310480689411e-02
9.795308699299359887e+02 8.233599023223939639e+02 6.441963018304409649e-01 -2.688114533471846479e-01
6.827255676669464037e+02 3.939222515900370354e+02 -4.685878599739214945e-01 2.014617598980904256e-01
4.026267828439009691e+02 4.692899180441824569e+02 -4.870901686306471357e-01 5.094135269617463407e-02
2.976212815899723978e+02 5.373312258435655622e+02 4.783259218544738504e-03 5.554958178485736205e-03
1.186938569110462367e+03 2.273176496102528290e+02 -1.549114827943106655e-02 -2.565273712516055737e-02
8.841758092544777128e+02 8.945729382183327516e+02 5.326216032493135133e-01 -1.497383675277539072e-01
3.472535559834872743e+02 1.063866518912903075e+03 9.629983373192861759e-04 1.823115617060124070e-03
2.085076886354225962e+02 6.879642996276470512e+02 -3.655210362335771946e-03 -1.932689911756266211e-03
2.437683991433087840e+02 6.480101945604678804e+02 4.675030411344395335e-03 4.190751437920538745e-03
2.532735498288801068e+02 3.925466501069922174e+02 1.078517513684207861e-02 9.618791568608784639e-04
1.207507559912664874e+03 2.596021038810258688e+02 -1.484907037820448750e-03 5.764652048314770905e-03
5.999004593876271656e+02 4.107469646618117736e+02 -5.706456169373875786e-01 1.168177682086468522e-01
2.434698560317664260e+02 6.298514749455237052e+02 2.485344600086587200e-03 4.294698521125430465e-04
2.336969096128931085e+02 6.337486388262100263e+02 1.452284196497741122e-03 1.926176355171642894e-03
2.584420817091411209e+02 5.124021481122728119e+02 2.384505200841949279e-02 -3.284160085925438149e-02
9.383586553386470541e+02 8.817246848914924158e+02 6.893187841719399245e-01 -1.806628216199660519e-01
5.887424654047098329e+02 4.268356033891952279e+02 -5.294542535577255737e-01 1.288870721599151281e-01
2.281663603607401285e+02 6.728331544781120783e+02 -1.335221428904600008e-02 4.531515800200431807e-03
1.250060161133295196e+03 3.653350209909556838e+02 -2.078249978374983355e-03 3.314944628459783136e-03
3.268918034274734055e+02 5.204037113954956340e+02 -6.885431431522132106e-02 -4.769032416087575291e-03
3.302322352921126480e+02 5.352851065408253817e+02 -4.949029379218645996e-02 7.983674653427677050e-04
2.714613454528699208e+02 5.661352434430428957e+02 1.191703255584131843e-02 2.505635958572393143e-02
2.420012524793233979e+02 6.100726751619879451e+02 -5.563171392996330358e-03 1.124906043330521285e-02
2.162845852930204558e+02 5.832082977305876739e+02 -1.223476351492986357e-02 5.518748000848081340e-04
2.973929941859123005e+02 5.803293642731107411e+02 8.384621695343790447e-04 9.746417594453648039e-03
2.040056656076778268e+02 5.877523352947738431e+02 1.468111354794144618e-01 -4.385743252578311324e-01
7.807312101306335990e+02 9.158340281408479768e+02 4.949281747268886034e-01 -1.945840499001444124e-01
3.319309885854859203e+02 1.081545117198552134e+03 1.409444726609177835e-02 -9.673393699374470411e-03
1.229767164177116911e+03 2.565285966793942976e+02 -1.124979659648758616e-02 8.866334501418307937e-03
1.028510541121157303e+03 1.647530503857775841e+02 -1.073536195245102139e-02 1.831476661253488448e-03
3.317910092722618174e+02 4.888054060996160501e+02 -8.811109765694612184e-02 3.371640236779532840e-02
3.346669075203121793e+02 1.062492168634810923e+03 -4.695028078881230069e-03 -9.406797495204396314e-03
3.291604234809169043e+02 1.064765614743356082e+03 -1.346297168709605736e-03 -4.215682958144975796e-03
8.904991185499222865e+02 8.665840188792986964e+02 4.581927645568592000e-01 -1.441575342644520474e-01
2.992742211253557798e+02 5.493891423615280019e+02 5.916801637316902555e-03 8.647059148581257015e-03
1.148114345173729816e+03 2.463646302083452611e+02 1.025747677972323711e-02 -4.285596710680224762e-03
2.180662691366162278e+02 6.454599758459581835e+02 -4.258180833053111167e-03 4.110041101332153647e-03
5.471894232060682270e+02 4.646908477169078537e+02 -5.346427745972125445e-01 1.754164868857025494e-01
2.595658608831864740e+02 3.658838110563258397e+02 -8.501985338732042513e-03 4.261438383053647166e-03
1.015376591086804865e+03 8.278739930728065701e+02 6.647397190110883036e-01 -2.283380791222840434e-01
2.068927395094709993e+02 5.127651279349882998e+02 3.311264114202712786e-03 -8.911998267338654925e-05
7.789244758240016608e+02 3.434252831085640310e+02 5.885475897377707710e-01 -1.059963231022325592e-01
2.454954034184808336e+02 3.656754745398408204e+02 5.467329539241930561e-03 -1.670730017719162033e-02
3.344589462400015236e+02 5.188778170337353686e+02 -2.006675382078568770e-01 6.983001842073881249e-02
7.249625227596089871e+02 9.430275638933652544e+02 4.139723764584718468e-01 -1.516649926171679819e-01
3.304058346275380131e+02 5.628521257456350213e+02 -1.200457093044532131e-01 1.901918713592715693e-01
2.352029634509434857e+02 7.569352779723919866e+02 -4.027638393065760005e-04 -2.560309054254251027e-03
3.475017657177132264e+02 5.228499688842010755e+02 -4.377248409964567405e-02 2.906187848626440653e-02
2.499044909432229247e+02 4.942502165525519331e+02 -4.352693451701191568e-03 -4.052606659161366726e-02
2.233658104929013746e+02 7.650261326433360409e+02 3.781362930776493558e-03 2.988419498751231692e-03
2.831075090279293249e+02 6.710486912986350490e+02 2.316684469105939267e-02 2.660768169334239500e-02
2.551682878209078069e+02 4.161806314388599617e+02 4.022799082875253940e-04 2.657306351366318931e-02
7.694050197140225009e+02 4.174307201189824355e+02 6.840993021950405595e-01 -8.848640978439757665e-02
7.024388934006925638e+02 3.859177247340700205e+02 -4.575698875338682914e-01 1.119569258699893155e-01
2.611373945645023014e+02 4.962119791913588074e+02 4.489575075082133208e-03 -2.719570098219206353e-02
3.274566386913583642e+02 5.382425296649865913e+02 -5.051182424378199837e-02 -1.646452728207372946e-03
2.258329485235526306e+02 3.199196576268820422e+02 -7.321472345816909533e-02 -3.501248464577411124e-01
1.973690133913616194e+02 6.382160570257900645e+02 7.441730927757479047e-03 8.334544723467869967e-03
2.017108314213797087e+02 6.755892216123461367e+02 1.421761447121503135e-03 2.648089383862525098e-02
7.131536281249684635e+02 9.235765811502449196e+02 4.858263060087105178e-01 -2.764485714798409211e-01
1.043172767339396160e+03 1.727427343977253145e+02 -1.291475516136595639e-04 2.756329086357236753e-04
8.409510040034533631e+02 8.974024689113006161e+02 5.301590668619871050e-01 -2.026444471179711659e-01
8.443475651037573471e+02 9.171200427873029639e+02 5.110726845020568954e-01 -1.852602441027502711e-01
1.000309304658614678e+03 3.714179271579604347e+02 -2.198402582277959524e-02 -5.462229995023988420e-03
8.771848018979146673e+02 8.754152753726175433e+02 4.592940355945011599e-01 -1.009009853426331982e-01
3.370979247561408556e+02 5.591404389961337529e+02 -1.000102276013038055e-01 1.191325500115381908e-01
2.579004113299064329e+02 5.662806144677959992e+02 2.316701358853210171e-03 -9.521927994413063520e-03
2.481086189878742516e+02 5.879443686281874761e+02 4.223645874432550504e-03 1.014628180044468628e-02
7.017690418528616192e+02 3.975775861233021260e+02 -4.754519581689678476e-01 1.343441193957217172e-01
3.602208085100012909e+02 4.836400285534556929e+02 -7.295924130560949711e-03 2.944505293640705106e-03
2.576558829174408629e+02 4.443973326894543447e+02 -4.153741864609070134e-02 -2.163886989281276485e-01
6.143385017047684187e+02 4.398196274036087630e+02 -4.743634016264735576e-01 1.823614301209176281e-01
8.966993614813666227e+02 3.674771942470914041e+02 5.371036792601203702e-01 -2.520275885622005885e-01
2.413705951168328738e+02 3.549519424132785730e+02 -2.515425290763212505e-03 -4.410437568507481233e-03
2.673355546774739651e+02 3.456350617666518588e+02 5.067886615761561103e-02 1.702631427405724984e-02
2.214260147991080316e+02 6.068340176318450858e+02 -4.635532070861105546e-03 4.070961804774636148e-04
2.671693445050326545e+02 3.780211893578511422e+02 1.492979558519445978e-02 1.581014653980799753e-02
2.602099953889136827e+02 7.223093274232658132e+02 1.442856159334753204e-02 1.036341059266936149e-02
1.216052549536997731e+03 3.764376949175475602e+02 -6.798297810787111949e-03 2.529118281399004783e-02
1.112835857284641861e+03 2.188575659464661953e+02 -5.068452913441982843e-02 1.915908412638074321e-01
2.626859041989428647e+02 3.993015537742909942e+02 -7.663239385376842926e-03 4.579467007935215245e-03
2.270937420034709646e+02 7.554872196893968521e+02 -1.535295607276688026e-03 -8.827374358077684502e-03
2.614950004702079696e+02 5.370477942279704848e+02 -8.490473081977004122e-02 1.155483821573132369e-01
6.656668911267903468e+02 4.229689084080650332e+02 -4.101309886409794658e-01 1.614613963878749059e-01
2.383006398126444196e+02 3.713734091949679055e+02 -7.297792002722251758e-02 -2.878970110948923522e-01
6.875093549762103748e+02 9.907233517906014413e+02 4.053723383223368226e-01 -2.241579748323926091e-01
2.393554410267464903e+02 5.164687976291201039e+02 5.400270428071878015e-02 -4.401939911030811753e-02
2.522934714570488381e+02 3.368870515638686811e+02 -3.659770913323468194e-04 1.461896341743678350e-02
1.057186192520153099e+03 1.859414951054766618e+02 -6.669420595343499882e-03 7.299227768607516320e-03
1.289881476644303575e+03 3.514370568797949090e+02 3.353111524765478579e-01 8.641590156563405678e-02
6.432156734343558355e+02 4.004364589142738851e+02 -4.791805684113233932e-01 1.248324925049883460e-01
1.079972510224954931e+03 2.213157290678034030e+02 1.805778339562178739e-04 -3.899146688493461931e-03
6.859820653936164945e+02 4.036696347395048292e+02 -4.964844875992398543e-01 2.316669241792307932e-01
1.079981238594528577e+03 3.198375529586842276e+02 -1.239474838290010282e-02 1.332501508687924420e-02
2.028356844683848408e+02 6.449732127052739088e+02 -1.838715340862970976e-03 2.266494267455707728e-03
2.648052822317767436e+02 4.892498459885950979e+02 -3.851227470363539213e-02 -8.978550138923728496e-02
2.873694540480344699e+02 6.184552116208957386e+02 -5.239764746388888249e-03 1.831236665641809659e-03
1.173516843246987946e+03 3.829498493740063054e+02 4.436543146922114489e-03 2.782916644881168293e-03
4.690945488097540874e+02 5.093359608468949773e+02 -5.301448618756987585e-01 2.764083826266228727e-01
2.851276333167725738e+02 6.457344626960399410e+02 -1.336731693970255033e-03 -7.601159420168601862e-03
2.091750272223952436e+02 7.369242701228928354e+02 -3.305626088102162595e-03 -6.745498519300178325e-04
2.471982297755837976e+02 7.290328298091126271e+02 4.510971803837984795e-03 5.185231885678662569e-03
2.884217173100621494e+02 4.750941926915444924e+02 9.372869900955878297e-03 1.447676384961173179e-02
9.285011752397173268e+02 8.540287443241277288e+02 5.121879795702548588e-01 -2.630870976107576587e-01
1.153412724454703266e+03 3.760888244829986320e+02 1.352465816546892996e-03 -7.746404025965603068e-05
5.443739038845238838e+02 4.577664549359676585e+02 -5.495245953374744419e-01 1.779389195880056729e-01
2.159936675062704126e+02 7.625418798268357250e+02 -6.832268310107688725e-04 -1.838705610452961992e-03
1.229995755379306274e+03 2.442083602530715609e+02 -5.996080587454002096e-03 -1.072776178818293617e-02
2.577546799780036508e+02 5.087212733500653599e+02 -1.322101028959553858e-02 -2.868994769605334727e-02
3.209978433558540019e+02 4.256233829804269817e+02 5.203650742111681077e-02 1.640800342086539687e-01
1.135190249012192453e+03 3.561572838036926214e+02 2.133410166825432455e-03 1.361689631705465496e-02
3.455128613352234765e+02 5.534612210239556589e+02 -8.461477493518872184e-02 -1.213398439632544686e-02
2.494151185959641168e+02 4.788669502136180540e+02 4.274763798465505520e-03 3.076587227243329087e-02
7.155648065874437407e+02 9.665733501894846995e+02 3.953591153430451310e-01 -2.570421381750407908e-01
6.125217437229747475e+02 4.297960150030509112e+02 -4.892175368728419738e-01 1.659090377870046373e-01
1.925226759786262107e+02 5.789247983630586987e+02 4.303373292251895521e-03 5.742466853940632505e-03
2.472620249685684257e+02 3.358070038518985143e+02 1.087311432376375508e-02 2.115138762693921301e-02
7.627755421349756944e+02 9.393147088847921395e+02 5.041188695633608274e-01 -2.623567830909628862e-01
3.498961438284596852e+02 5.109536695725856248e+02 -2.100283482757659692e-01 7.028869981232699349e-02
2.753238503740119540e+02 5.829900802392181731e+02 8.016347324784046068e-04 1.076286052759116603e-02
7.573394753734663709e+02 9.286232158404993697e+02 4.508337864200585576e-01 -2.364321592233645797e-01
1.198396740489498370e+03 1.980900372155540481e+02 3.037544734572500404e-02 -1.823645761258816528e-02
8.874800853335497095e+02 8.584363437807581931e+02 4.495929957305575542e-01 -1.808098668930998021e-01
7.532589633481265992e+02 9.197483131404328560e+02 4.727705559383483802e-01 -2.486383681673532409e-01
2.388525788661140723e+02 3.339340037247016539e+02 -1.568705808285070225e-02 1.508735615158117264e-02
2.717535244206492280e+02 4.594358602131082989e+02 -1.731104161892812326e-02 -9.991667170770664186e-02
3.131398006362383057e+02 4.922975993741608249e+02 -6.023473270446762229e-02 -5.085871472036808567e-03
1.136892331050160237e+03 1.909130782656172300e+02 3.170625256164177896e-02 -2.586614094335257935e-02
3.291398024723873164e+02 1.081063587245494091e+03 2.985003940967310629e-02 -6.391387405594989302e-02
2.558034095555080683e+02 5.963716779286816063e+02 -8.552362987060042193e-03 2.352820269009336333e-03
3.332410159076571858e+02 5.049511184269761657e+02 -5.820797595560638776e-02 3.526849842318097866e-02
2.145770161818178963e+02 7.191310224904846109e+02 1.965093922978671578e-03 8.521898688885281258e-04
3.130473161902827997e+02 5.169688055992746740e+02 -8.966365841715820406e-02 3.930656712688376797e-02
2.996011813745394079e+02 6.030427718920943789e+02 7.546578015367771041e-04 -6.077442527567195399e-04
2.237158942588503692e+02 7.041945648567831313e+02 -2.717939202104934079e-04 2.068620572279740270e-03
1.075823579213440780e+03 8.107841176009294486e+02 6.082818440344226474e-01 -1.855955071495573316e-01
2.265032012662697127e+02 5.668723724490040468e+02 8.572083227382573667e-02 8.718201634182902449e-02
2.553847774980133636e+02 4.905097657004786242e+02 -3.158243463936890455e-04 -4.180468503878809194e-02
4.941210374709759776e+02 4.823556010842073647e+02 3.798492514910803419e-01 -2.818427424257052838e-01
2.291599995653336919e+02 5.586027087727134131e+02 8.062150638655968260e-02 8.319119887093534560e-02
2.546048268575505062e+02 5.417077466281797342e+02 1.009869306667820488e-01 -9.843442886211721532e-02
8.768456488086695799e+02 3.144057563188260360e+02 -4.747243300149389666e-01 1.418538247885965109e-01
2.766068135685082439e+02 4.831458467960032408e+02 -2.788556359940675983e-03 7.026907006937813116e-02
9.380011481402138429e+01 3.516018552380544406e+02 1.629111688789595599e-02 1.612502842223790048e-02
1.169249674749210499e+03 3.833770230030202697e+02 -7.962424692305100898e-04 2.950529085937335719e-02
2.358242183352656696e+02 6.986867264303760976e+02 -2.357689944007895777e-02 -1.158581941733768245e-02
2.514302765777856337e+02 3.219472082820342393e+02 5.894863625644716082e-02 9.079562466302495971e-02
1.066997303794721802e+03 2.003926550599153984e+02 6.761780321645653041e-03 -1.416049273380750630e-02
2.408346204849622154e+02 3.412682283623763055e+02 1.013739729789324591e-02 -5.008216851839315462e-03
9.523780037346610925e+02 8.488967929746640948e+02 5.563616902446260060e-01 -1.488804299100579820e-01
1.103593412679624862e+03 1.991089830972243533e+02 -9.141947742199870396e-05 -6.012853325697756386e-03
3.161212663397809024e+02 5.075537760014717605e+02 -6.630660313302461084e-02 3.521342275810791789e-02
1.244868134950147123e+03 3.972663551931239567e+02 3.945590799278284088e-04 -1.622123402543960405e-04
2.219151925926227875e+02 6.369102386651435381e+02 2.355735027873465809e-02 3.854963768357701909e-02
1.173562515898905986e+03 2.256737651531276185e+02 5.508217747801339229e-03 -1.986014165583165764e-02
1.122967651492451751e+03 1.961500714797300873e+02 8.932985369771209716e-02 1.052247678308555669e-03
1.078071073898941904e+03 1.732815066624292797e+02 2.648099871032064817e-02 1.765925992809133996e-02
6.835031724572874055e+02 4.423399669992763279e+02 -4.853723917172493296e-01 2.418300299549333288e-01
1.059406373294838886e+03 1.967669470204549214e+02 -7.840437954723035452e-03 1.777548510723295921e-02
1.104910648883324711e+03 3.514918202916069845e+02 -6.791235163622205695e-03 1.674420839680124118e-02
1.165586727371506186e+03 2.479961749320393949e+02 8.671472847159784111e-04 8.181817347093837262e-03
2.566506718391779600e+02 6.801589881839131522e+02 3.940676928039573844e-04 3.319700676649184681e-03
7.125805554716330334e+02 9.604033782457158850e+02 4.328246233509986385e-01 -2.344625684869222626e-01
5.817585633946841881e+02 3.982533103052909951e+02 6.553245145323187693e-01 -2.756219170812207464e-01
1.035032483911975078e+03 8.281859858895006710e+02 6.624234300426843358e-01 -2.128840986854097783e-01
1.137581446088507164e+03 1.479251372495458838e+02 1.011520510546868624e-02 -2.107355622192215103e-02
3.353158579870956260e+02 5.387047923193538281e+02 -1.323450686159015066e-01 1.896715453397807005e-02
1.189371154023645886e+03 2.511788151206337147e+02 -6.931594606644151920e-04 -2.100147480384388643e-03
2.554997776447040110e+02 4.013312570617808888e+02 -3.883080295002294680e-02 -6.751735152889379310e-02
7.236089815241933820e+02 3.610784233386457913e+02 4.956819696579862766e-01 -2.238791911736286444e-01
7.149024542866579850e+02 4.153814030030169420e+02 -4.672106088661630574e-01 9.430844033598399789e-02
3.043640422843458282e+02 6.212228040137276821e+02 7.835601880159547873e-04 -4.994305234312927666e-03
8.478833492520579966e+02 8.597059348611263658e+02 -5.506483258756595944e-01 1.964758558412140199e-01
2.129240873903721933e+02 6.028934855220280724e+02 -2.829641049866127855e-01 1.934819719577438313e-01
1.184742591458679726e+03 3.784474001914396695e+02 1.028896955692136170e-03 9.320932677294174610e-04
9.851979610358530408e+02 7.345877812344967879e+02 1.534515678801230687e-03 2.403744362603595780e-03
2.875738696576437974e+02 6.629972645508246387e+02 -7.557555499953885238e-03 -1.321809871107085775e-02
2.516557512511536743e+02 3.829911098270018783e+02 8.959876402102644882e-03 -1.217966759363302070e-03
9.301783677453933024e+02 3.132425458912050544e+02 -3.515616999376728335e-01 2.113789440489060034e-01
2.401084917813379036e+02 3.829785491810480949e+02 -6.187335506687859782e-02 -2.498364269225196999e-01
2.361028403612520776e+02 5.110746943069268013e+02 2.434365791487122510e-02 5.403678062559337525e-02
8.523742501427386742e+02 8.600195856508274801e+02 -5.730471568332978771e-01 1.806862200966337095e-01
1.028393405870768902e+03 3.483571387105566828e+02 6.343631009069319315e-01 -1.597659362272913774e-01
2.704603085612198470e+02 7.320080755305114053e+02 1.095658812811347443e-02 -2.959110002422613017e-02
2.416909265418973689e+02 6.151749442315826855e+02 2.267146549192292169e-03 -5.549423787771398837e-03
1.125443989019751825e+03 1.443861289215335830e+02 6.517085005097584399e-03 -4.859857517509633823e-02
2.347408872682658512e+02 3.173581085648598901e+02 8.532007296753475398e-03 8.532697522568721826e-02
2.534538245745679319e+02 5.568680746957826386e+02 -7.769083232465624766e-02 6.655204050077646871e-02
2.435932581461846098e+02 7.362652500187742817e+02 -1.935724982353752375e-03 3.217238493598055527e-03
2.747859935275501471e+02 4.484340132869941158e+02 2.977899392425624112e-02 9.113310029217622232e-02
8.432113550243072950e+02 9.027520261607813836e+02 5.446796349371116897e-01 -2.119094202149867934e-01
1.054132338605095356e+03 2.316982421458317845e+02 -3.996413421256676812e-02 -2.625262513663095265e-01
1.164185586007661868e+03 1.640562156353692274e+02 -6.458288194326627235e-03 3.853114033998704391e-03
2.294471393516487012e+02 7.020100192315965160e+02 6.128487833776862827e-03 3.219011380494548116e-03
2.443698934882604590e+02 7.714553086409838443e+02 -1.377153656106051317e-03 3.883998833908653987e-03
2.255113352119649619e+02 5.612023765884077875e+02 8.730692139967921594e-02 1.192235803200921707e-01
2.728461098403972187e+02 5.533245358459381578e+02 1.033282740087259439e-03 5.424215342569899991e-03
2.790444615701002817e+02 4.297195983678432754e+02 -3.010616369816615078e-03 1.445337288001016102e-02
2.451307078974441538e+02 6.823555515568389183e+02 -1.452955974776774187e-03 -7.429651764177473694e-03
8.270242614686296747e+02 3.471861736051100706e+02 -4.680771766382401111e-01 2.383409011894099816e-01
3.190525759735469933e+02 5.290419929143413356e+02 2.866841952901056506e-02 -4.906324450110215868e-02
3.087741347334060720e+02 5.625726950986244219e+02 8.985273025909536887e-03 -3.733182483674366871e-03
1.011104326184863908e+03 8.157710016848617443e+02 9.276347243315348212e-01 -4.029344109346912894e-01
7.418462298737871379e+02 3.567008011167000632e+02 5.494030292188373243e-01 -1.765623012449541174e-01
3.482234184909100918e+02 4.839577996163095008e+02 -5.157650420211709608e-02 1.484483340135511753e-02
2.327494591701404545e+02 5.312492090355016217e+02 1.966528924045500212e-02 -6.052434894332232168e-02
1.124259911457969110e+03 2.044077487204224610e+02 -6.003618580013320161e-02 7.595635637428169162e-03
1.181199336825817454e+03 2.109253593475908417e+02 5.365421524872616976e-02 -2.647183272119073977e-02
1.995570138422173443e+02 6.224696474259900469e+02 -2.673291464438046772e-01 2.941032625369891518e-01
4.486523690378081710e+02 5.003447103672513094e+02 3.535273140527000479e-01 -1.840692845011085155e-01
2.687815849209345629e+02 3.942046750020030572e+02 -3.325788551734095138e-03 3.357900111619541855e-02
2.457939972829963722e+02 7.163587533329266535e+02 1.458426985310394986e-03 -7.050970046739256716e-03
2.332891881292808591e+02 3.277308760664133729e+02 -3.168395704902326096e-06 1.529449346845402312e-02
3.090642478547437690e+02 4.845973898757835059e+02 2.708570045517165806e-02 8.584500437038540890e-03
1.104422937334177504e+03 2.202299990935109690e+02 -9.313010007685583328e-04 2.979970356774277952e-04
1.129151613501757083e+03 2.437523834022906613e+02 -1.012712245215375813e-03 -7.908420782820876687e-04
2.827919640030013966e+02 4.911967189121231741e+02 -4.450584711313096409e-02 -1.322383445163624084e-02
8.152665487297891787e+02 8.811188143873338277e+02 4.713277138246538822e-01 -1.656811606863228814e-01
2.209675455526821111e+02 3.062180058995368199e+02 -9.047065322738602478e-02 -3.410603794165867342e-01
2.420544217213643208e+02 6.729469352419039296e+02 -3.736372517268179635e-03 -4.554413794404345468e-03
2.194112739296380141e+02 5.478107798710553880e+02 1.330872944859235463e-01 7.257204554291502019e-02
1.182912746386715071e+03 3.863216949767909796e+02 1.008077121469561944e-02 -4.094208309510630889e-03
2.111682698994557654e+02 6.539104986086545068e+02 -8.390138626271376882e-03 1.183769090025995003e-03
3.222677153911387791e+02 4.974302072381476592e+02 -6.370603501058030860e-02 8.276604179422749133e-03
9.409318751937454408e+02 8.889786246196690627e+02 6.661513240959628934e-01 -1.596656903179949349e-01
2.991328227986128354e+02 5.906215592401230197e+02 1.317738680526336766e-05 -1.691077196744234813e-04
2.952329612561572958e+02 5.257926088499633579e+02 -3.338730452042067837e-02 -2.703326780366265003e-02
9.749744258025732506e+02 8.477349378690059893e+02 6.065428590614583282e-01 -2.052300296501480270e-01
6.193611749444945644e+02 9.359173254886504765e+02 -1.973891250649517659e-04 1.013590829441878005e-03
1.134844800025457744e+03 3.294684693459346363e+02 4.083565284739925152e-03 -4.407358463174321922e-03
2.350526375504203713e+02 5.997780208840347314e+02 -2.802997143993986220e-03 -2.373572124607824067e-03
3.367320712088576897e+02 5.128122378917431661e+02 -6.530670284133455183e-02 3.281758587094922575e-02
1.126955492259118500e+03 3.331646086894306222e+02 2.258876599950268224e-03 -9.534195335473637234e-03
2.527819947344674745e+02 3.638575237062542556e+02 9.059052275930378970e-03 1.984862684523839953e-03
2.605765442694861349e+02 4.593762781356923028e+02 1.895633703660979871e-02 -1.584931713241800877e-01
3.609076143437928295e+02 5.117948169616306018e+02 -1.059386967631309184e-01 2.777406849711328007e-01
5.873164989107569909e+02 9.978067851538160085e+02 5.613429914984298108e-01 -2.879832716695937544e-01
2.788503709897270255e+02 4.894196871795434163e+02 -3.518796518280097041e-02 -6.586351422461829419e-02
6.944423815320294580e+02 5.458513129753871453e+02 -1.353327148940974877e-03 -4.950011209012420907e-03
8.645381184761774875e+02 9.245294870759353216e+02 -5.200957097623980507e-01 2.793321918184232255e-01
9.474526246022437590e+02 8.630610002584006679e+02 5.536819959656648082e-01 -1.965353764612115250e-01
3.039325336695809483e+02 5.436072207069229307e+02 1.292332564450942786e-02 -8.321807863812818659e-03
3.245772092094890127e+02 5.071988266184191616e+02 -7.125302347743391052e-02 5.881788324188619299e-03
5.906595984240083226e+02 1.007096433850501057e+03 5.368569441420754096e-01 -2.827990890166156013e-01
2.077708713682851851e+02 5.599269902858823116e+02 1.199609684929389963e-01 1.701991545229126490e-01
5.358790726397139679e+02 4.797515757988198288e+02 -4.694253800071113703e-01 1.916784398249766486e-01
2.477663538638175282e+02 5.138191526035034258e+02 1.555040324146796452e-02 -3.676436035917022421e-02
9.567809543278942783e+02 8.341727285001513792e+02 5.875096078611290462e-01 -2.237351957503922739e-01
1.206934170548847987e+03 3.537071206579568070e+02 4.025552497865863069e-03 6.220769162764712423e-03
1.176505006590349694e+03 2.077581029747093737e+02 2.539715383246213612e-02 -2.769359088161406010e-02
2.775921615651251386e+02 4.742435457418454803e+02 -2.575035308788220165e-02 -2.866347849371237225e-02
2.494367958779449737e+02 7.204110669509929039e+02 5.422525323822220862e-03 2.740869197124750495e-03
2.037834660089029626e+02 5.602360170046115400e+02 1.171882706600248791e-01 1.726982041678652158e-01
6.891602691778963390e+02 9.452101871180427679e+02 4.508920185166757633e-01 -2.670409616223817784e-01
8.555106695891887512e+02 1.102013828211391228e+03 6.289681560175078723e-04 2.001167888161800492e-03
1.161616982059982774e+03 2.138479831528980242e+02 -3.781497833685561541e-03 1.236685083291536816e-03
1.227415407462719941e+03 3.074653198417453268e+02 -3.826747295269936761e-02 6.669811126793340206e-02
1.266439348612964977e+03 3.888259568482350801e+02 1.063129908174016572e-03 5.295735940758885055e-03
1.142824854575630070e+03 2.414511316208327969e+02 3.520252789077390337e-02 -4.523189346901989455e-02
1.215227260545429090e+03 2.509723034319117687e+02 -3.230886438814195571e-04 1.630846120987301372e-03
2.520894808459308081e+02 7.126735023053153100e+02 -6.237015464343398201e-03 -3.506316354362005224e-03
5.773995245400934664e+02 1.005452146377937083e+03 5.412266698503869211e-01 -2.879463347467219325e-01
2.719524444172771496e+02 4.943136368186700906e+02 3.629140623406491156e-02 1.684004736817698300e-01
6.464597400751185887e+02 9.936250655991884742e+02 4.034602002062751547e-01 -2.254865440619155115e-01
1.964295914593168675e+02 6.457396595370083787e+02 7.839114237164535731e-03 5.099023955766158328e-03
1.261044058955407991e+03 3.057274331258249731e+02 1.321164854208642381e-02 -1.358945601708120426e-02
3.065104652887090992e+02 5.905329985680012896e+02 1.039800437733519366e-03 -5.079589762809487430e-02
2.491483633922945558e+02 6.476787635133123331e+02 1.152522140287574317e-03 -2.969477985306914064e-03
2.422702816383561810e+02 2.948738309135785016e+02 2.096037985065473536e-02 6.306613479631832664e-02
5.744641213605170833e+02 4.356436442956550081e+02 -5.104806910972902179e-01 1.627630987104966565e-01
5.057700985925720829e+02 4.769291323788152681e+02 4.702523086375707262e-01 -2.658123363084957114e-01
9.134062244898657354e+02 8.901580604944894048e+02 5.889122692699323425e-01 -1.917470523072824506e-01
2.142017674563206810e+02 5.707682220256498340e+02 6.091684527698103258e-02 -6.598942780956439103e-02
2.625964098723107440e+02 5.583930971958717464e+02 -1.556100214278364688e-02 -5.669666069530369598e-03
2.102672022094711792e+02 7.241663752602132718e+02 1.246873733975917276e-03 1.214488298054369276e-03
1.205753024013164577e+03 2.069400859119712095e+02 3.962097452926407332e-02 5.096051880686033528e-03
5.587639942363447290e+02 1.006047833747626214e+03 5.851942126574057879e-01 -3.626098555457330508e-01
2.304010168886051417e+02 7.102608149297921045e+02 1.573849711366894638e-03 2.298431133432573235e-03
2.464163726232185923e+02 4.836739501069533844e+02 2.293170582142194450e-02 -4.929042385126390646e-02
8.844307278814710571e+02 3.238360014754648546e+02 -5.506599094620313606e-01 1.858467861460141590e-01
1.117622036690821915e+03 3.790056021887259590e+02 2.230194510364319482e-02 2.464041354550777080e-02
1.260424540248324774e+03 3.220394149523070837e+02 -2.093908249215644946e-01 6.517904845007663206e-02
3.030995304398450685e+02 5.289463495537612516e+02 7.707778582194953904e-03 -9.389373612007733240e-04
1.029523422660538472e+03 2.349407139170012044e+02 1.533435245441246986e-01 2.888615833540785216e-01
2.254121756721674785e+02 3.273474148020249572e+02 -8.971218251482784845e-02 -3.689015182873900400e-01
7.242963010650612432e+02 9.738877442784372533e+02 -5.335598136201792352e-01 2.234345433552456239e-01
2.971958892286851892e+02 5.172093883252002797e+02 2.578620923380141594e-01 -1.165146016570239584e-01
2.602965463175597733e+02 5.781601435224687293e+02 3.846854997700327548e-03 4.039614408167052639e-03
1.183039501483904360e+03 2.507061906201858221e+02 2.461029997915703885e-02 -2.167526680012730675e-02
3.726202440113460170e+02 4.857648679039422177e+02 -2.584354109454987114e-01 1.160966360820125248e-01
2.190196973296135354e+02 6.154650695562331748e+02 4.297435568970389632e-04 -9.281957378229800312e-03
4.877296095544521677e+02 1.032418868069882819e+03 5.471370419863229584e-01 -1.842634493815185626e-01
1.163334284234621236e+03 2.939866979236928728e+02 1.900366305283046897e-01 1.418667488730403770e-01
2.714466269825429094e+02 6.476505871277187225e+02 -1.039540639572526792e-02 -2.341620656470988146e-02
4.334176386973193189e+02 4.967758914057338870e+02 4.593746106977708021e-01 -1.895432016592790703e-01
1.160637130841188537e+03 1.429266402595267778e+02 -5.566970458687254403e-02 -2.412939903431514377e-02
2.781664270231497653e+02 5.981552611432996400e+02 1.171664956667981591e-03 1.729255002939595123e-02
5.597141007368491046e+02 4.717198138119466080e+02 -4.147989703216565238e-01 8.601286998163004682e-02
1.087835092999166136e+03 1.892505122102127757e+02 5.585784646022562590e-03 -1.329635995069444396e-02
3.006754854582984535e+02 4.911766274699233463e+02 -4.689890418294926505e-02 -7.770946664778075053e-02
8.593118199216984294e+02 1.101932697251432046e+03 1.272406015844821867e-02 1.237426018009824772e-03
2.786731824049358579e+02 4.987189384259266376e+02 -7.438977592674365924e-02 -5.668720884408525590e-02
1.157051324751387256e+03 3.030391699771409435e+02 -1.484911375154981603e-02 1.905699576665278727e-01
1.210275365550969127e+03 2.141653499433673744e+02 3.225577028858721707e-03 -8.226192156712667375e-03
4.910654951223759213e+02 1.039815607751970674e+03 5.384203006318315499e-01 -1.751079950676654173e-01
1.265716857761212395e+03 2.039032804735582545e+02 -1.337495274725316024e-03 7.985679985306050159e-04
8.936538075324655210e+02 3.824039247008803386e+02 5.729906751644531226e-01 -2.422411311892978536e-01
2.360030143657184851e+02 6.119172578966916944e+02 9.298771891930399927e-04 -2.190888651998333138e-03
2.289015420799536287e+02 2.993196463187564405e+02 1.556783404504808420e-02 7.926180203505264754e-02
1.172547113804842184e+03 1.491836604707680749e+02 -1.141806430405042580e-02 -1.754725118098914547e-04
3.026946758236448431e+02 5.365456717402382765e+02 -1.393135000708890445e-02 -2.743479584120166875e-02
2.610296973130626270e+02 3.572208789974094429e+02 3.818539970987754051e-02 1.064350399766037306e-02
3.654849211346034963e+02 1.040159668876756996e+03 6.982740024579812445e-03 -4.853924699260135818e-03
5.151468015845136961e+02 4.620964493641744184e+02 4.242413918563258668e-01 -3.752118509055469286e-01
7.178230454897827713e+02 9.332030184514072744e+02 3.973649036903463827e-01 -1.725722666187417265e-01
2.268341579507928998e+02 6.166237675841753116e+02 2.414553903698146969e-03 1.311900274605488741e-02
1.055926165925184478e+03 1.765638291649233622e+02 1.951974790350811039e-03 2.248081025674881789e-03
8.174316635169258234e+02 3.407642210026553471e+02 -4.562997592450938611e-01 2.543241251384023016e-01
1.117636338814763803e+03 3.071010216896661404e+02 1.206400999284155603e-02 5.165050591048415962e-03
2.491505508462914520e+02 5.979704008053772668e+02 5.729237079248037691e-03 4.521316419894415295e-03
1.070529068293081536e+03 3.097015392178478805e+02 -1.171470134179591893e-02 1.638444763497856616e-02
3.226956200590871617e+02 5.566684921557980488e+02 -9.537312419950868397e-03 6.389654350658533280e-03
2.825192090639937419e+02 4.614556529810594157e+02 6.929416689116454746e-03 5.797550932150067476e-02
8.518355084143813656e+02 3.882810309374383451e+02 5.812027430220424451e-01 -2.322637126040658084e-01
2.320187932778441962e+02 7.224037498565350006e+02 -3.347546041045844530e-03 5.810496653169247051e-03
1.196563297829053454e+03 3.144686026101990137e+02 2.995837002246151126e-01 1.428550272296855994e-01
3.015720060731900389e+02 4.826562638803608252e+02 9.748661782941443060e-03 -1.417227893605939142e-02
1.181289401790416150e+03 3.342290336825092822e+02 -7.810822238068363017e-03 1.948926725020614162e-02
1.240994530529357462e+03 3.782230317247687026e+02 -3.790730089287022014e-02 -1.068340211337060613e-02
2.822201912939734143e+02 5.181330705685642215e+02 -9.448359111284970746e-03 -7.569899352855071276e-03
5.410058715298670222e+02 4.368239399281393958e+02 -5.050891902414880175e-01 1.426780282410786138e-01
6.102583680164470934e+02 4.591827967946373974e+02 -5.490866485677223796e-01 1.759510363037692926e-01
2.300499425064299714e+02 3.278006727415015007e+02 -7.118237735905168229e-02 -3.449942034220235265e-01
7.310350260273103231e+02 9.815114898109569594e+02 -5.818974297106900284e-01 2.100261801362236780e-01
1.190504191873156060e+03 2.134336620518978975e+02 5.318394179341276451e-02 -2.680364444319026374e-02
2.399259734158624155e+02 3.058841384776579275e+02 6.728488902885121359e-02 1.002383594596454180e-01
1.070185101796936351e+03 1.777525971022265594e+02 1.173791870421227179e-02 4.512282273612829714e-02
1.155140926306408801e+03 1.913881380548043296e+02 1.353530687510605748e-02 7.522136218809923058e-02
6.122229802043299287e+02 1.010946800602387725e+03 6.394958905812390126e-01 -3.552603697797533933e-01
4.673870363284350447e+02 5.011095001817685670e+02 -5.375119948737679954e-01 2.728973916429737190e-01
1.127666260682317898e+03 2.262189773494045255e+02 -8.056293101518430255e-02 -2.446595126148612409e-02
3.914992263125071190e+02 4.737865485606413927e+02 -4.787653967146509593e-01 1.212797470214687923e-01
8.309850329919024716e+02 3.989205654637736416e+02 5.227478144595003595e-01 -2.210580836468925559e-01
8.460482673642017062e+02 8.889895610409867004e+02 5.060944251160439666e-01 -1.835047843420456459e-01
7.146159407222346545e+02 9.155670825419124412e+02 4.913737327429154589e-01 -2.591672758225261330e-01
2.453941392682082494e+02 3.991293851168683773e+02 -5.211765247124230255e-02 -2.315049550924332677e-01
1.075758150636733035e+03 1.931334035711378476e+02 -1.400411521989337708e-02 -1.508945131319119545e-02
2.988362364704933043e+02 5.420827005784713037e+02 2.021157471218803982e-03 6.058679921655239949e-03
9.719375557426725436e+02 8.544791094854955418e+02 6.070652036537478313e-01 -2.095234882764091255e-01
8.544021603153090609e+02 3.923227122057053293e+02 5.863292242508267860e-01 -2.246628110292257230e-01
2.564869996456468471e+02 3.206447496234408163e+02 3.259935322253006834e-02 8.515723628569264736e-02
2.935500062990662400e+02 4.625606980278188303e+02 1.381191510073291953e-02 4.733232094237604937e-02
6.065155593337804021e+02 1.001174649012515715e+03 6.568863790444927631e-01 -4.001116506937203443e-01
1.982698026767402553e+02 7.147071081839577573e+02 -5.575758514134806880e-03 -9.095306915442321824e-03
2.411934316017759556e+02 7.413762221895418634e+02 -2.746062253367939979e-03 -1.828587051128655744e-02
2.523068972425252241e+02 5.169970795700305644e+02 2.346551647972229190e-02 -5.420918311478481466e-02
3.427038929082784762e+02 5.400822052918374538e+02 -8.567150540037032913e-02 4.377298553526322994e-02
4.945517796415017528e+02 1.002563566837675808e+03 7.425731919753872923e-01 -3.541774434105749991e-01
2.507399117306108849e+02 4.175159113861714673e+02 -8.396247466121781189e-02 -2.264887769935693684e-01
2.938657440640275240e+02 4.997494715965581804e+02 -1.294549028163391804e-02 8.274747167984183860e-02
3.092544330186136108e+02 5.362757860194246859e+02 -5.992745706675627580e-03 1.019574064706389206e-03
2.486858185474573588e+02 3.747534681078262793e+02 -5.532310489252605795e-03 -2.589846472669322767e-03
5.074731336208020593e+02 1.100671641955610767e+03 -1.118500311316823412e-02 8.232104875409420805e-04
1.065192838135955981e+03 2.384142209577411506e+02 -3.522030387846123434e-01 -3.437505154904432758e-02
1.236197954252236968e+03 1.316374506594010825e+02 -6.200587294095853165e-03 8.293197238805812346e-03
3.055494195119094343e+02 6.363117829790377300e+02 1.030662512629767092e-03 -7.349888222340115670e-04
1.085737855993709445e+03 3.401574580738293889e+02 -1.325612562528467701e-02 1.060938368941673898e-02
4.785783972680893612e+02 1.051492483410278055e+03 5.228627624759146775e-01 -2.577289143334769994e-01
2.313746611462989904e+02 3.465924247593975451e+02 -7.825603174280380825e-02 -3.529784577289829528e-01
9.611481570642026782e+02 2.899066431650479103e+02 -4.932065512463900125e-01 3.802215483581719568e-01
2.735918024277034419e+02 5.290394483694755081e+02 -4.730183488025168498e-02 2.587366305184525817e-01
2.959217476525974462e+02 4.131727783981463631e+02 -2.792189206978561503e-02 9.552574805418530268e-02
2.881851260914539807e+02 5.441971891355644857e+02 1.262212516733841189e-02 -5.630752183455259297e-02
1.062821239490262144e+02 3.623087371000512462e+02 -9.382124811795597473e-04 -5.575589497635915484e-04
2.507413909374479886e+02 5.287353264104405071e+02 2.464687811521069330e-04 -4.758142510855568885e-02
4.736969800794255434e+02 1.062597177705014474e+03 3.902194613799599421e-01 -1.634032142861691073e-01
1.109239294467189893e+03 3.124357968033485236e+02 1.221433823787148286e-02 -2.962238505485609383e-03
8.431712157404872414e+02 8.805873307926599409e+02 5.005057511571967543e-01 -1.738811791122705785e-01
1.182385943079764957e+03 1.999604173646274035e+02 7.940717997407638340e-02 7.982624092668649807e-02
2.753610624947187375e+02 4.073423033944994813e+02 -1.048161329935967320e-02 1.262101611438997718e-02
2.711822482886295234e+02 4.190699060188489966e+02 -1.290666485276136498e-02 6.703641354785965997e-03
1.270104418114552345e+03 2.971440571087653097e+02 7.243386544540062442e-03 -9.867390307025482917e-04
2.788836090677947368e+02 5.433814124672688877e+02 5.024537718792778697e-03 1.033392125626699312e-02
1.109900357021461332e+03 1.669135192783065804e+02 2.151596455767904037e-01 9.801699407748540316e-02
4.751036132787733095e+02 1.047202152496390681e+03 5.405093395605842232e-01 -2.463424261277283311e-01
5.997170275929429408e+02 4.183779631684560059e+02 -5.617763631315395578e-01 7.675674036014042134e-02
2.705167253896062221e+02 4.871787327697693968e+02 1.473846591748402719e-02 1.805772561119259878e-01
4.993598359420075781e+02 1.010749364644262187e+03 7.617256600874919847e-01 -3.758663988212537221e-01
5.653922280194040013e+02 4.329889732025548597e+02 -5.128021079323026310e-01 1.412871054529127590e-01
2.320596483480990742e+02 6.486176795768077454e+02 -5.788960044170472947e-03 1.482173579345631882e-02
1.140086669590055862e+03 3.406477014499009783e+02 2.539407960309497756e-03 -7.844655071836530505e-03
3.791301544723606298e+02 5.052904348226965681e+02 -3.762160903166762993e-01 4.324265575304789833e-01
8.263036415475429521e+02 3.969662919850043181e+02 5.128209204657795395e-01 -2.353788848577518522e-01
2.883005779594084856e+02 4.937458330022179211e+02 -3.683377831970346961e-02 -1.162182487710726117e-02
2.287166835518352457e+02 5.774843599710520721e+02 6.505576837195020667e-03 5.166952221765142537e-03
1.143312878129280080e+03 1.512596087807132506e+02 1.171819465537170171e-03 -4.080581481071359189e-04
4.238341396279354854e+02 4.802601696783832494e+02 -2.855556094710711562e-02 1.889245139618662972e-02
2.595269961889150068e+02 3.302170209132384002e+02 2.428294398455341577e-02 4.050271581074089966e-02
9.547073637219382363e+02 2.819530387625160301e+02 -4.597250655773258976e-01 3.546509267807834154e-01
4.339132586504293272e+02 1.043882305887715574e+03 6.106262127194836964e-01 -2.984721403090994096e-01
4.507942850986983672e+02 4.591585049300205128e+02 -5.521071051633608118e-01 1.439848057352899613e-01
5.470805346014775523e+02 4.564957922094243372e+02 -7.588666770222127766e-01 3.608528058745972406e-02
6.467589642343677951e+02 4.221888736248857299e+02 -4.443368486093621783e-01 1.597983411751233429e-01
1.126889925686786228e+03 2.217680182027058606e+02 -1.221401721412497254e-01 5.811776323890111007e-02
6.831793469016722611e+02 9.828461125664301790e+02 4.086536963426408153e-01 -2.356470487657381652e-01
1.014315073407410750e+03 2.014172233565396368e+02 1.413746835711311989e-01 1.504593292117602787e-01
2.806771433323810356e+02 4.665863255824945668e+02 2.124639063277576970e-02 3.776812024909646792e-02
2.943443933739606564e+02 7.078303656478412904e+02 3.441425146883648756e-01 -6.261995415937140486e-01
2.713740889034471024e+02 6.777625546113721384e+02 1.634457900604389946e-02 2.787621593388326519e-02
2.465221867693574609e+02 4.085210756294979433e+02 -7.496666354161435342e-02 -2.247692157535330915e-01
2.651562215366287205e+02 4.550304375866399482e+02 -4.065902760894932709e-03 1.131484960946297635e-01
1.039443775000532924e+03 2.156080200525360340e+02 -1.735110096109641897e-01 6.094127192879246480e-02
1.199493993842432701e+03 3.862622224448374482e+02 4.379549844372269095e-03 -8.218648522479766322e-03
5.638257965118315269e+02 4.268116280652280352e+02 -5.334871701584166237e-01 1.154790748266529415e-01
4.469367908966424920e+02 5.087745078186142109e+02 6.350809215001044228e-01 -1.995583542365878260e-01
4.364062361141669726e+02 4.688257970254061320e+02 -5.187314184488992508e-01 8.561481966341494276e-02
6.080937523627651444e+02 4.487362456652228389e+02 -5.599614337777686357e-01 1.542122774814950192e-01
1.116550024310547087e+03 1.931628619672761715e+02 7.468300988255416328e-02 -8.190253446479524302e-02
2.939239841322057032e+02 5.129090430458425089e+02 -5.748662096416894129e-02 -2.088900254506874735e-02
4.605823908151974706e+02 1.062518387439829439e+03 3.342405139998940178e-01 -2.721746187274778905e-01
1.219226922411942724e+03 3.199715551490883172e+02 -3.859088888651346361e-02 5.565659606771467677e-02
1.136187448616683923e+03 3.613285296043076187e+02 1.014261375585552745e-02 -4.363361584622826340e-03
1.861320423899522893e+02 6.257262374206915183e+02 -2.676212208418634053e-01 3.068947662947241750e-01
2.423087351529711384e+02 7.234977249236814032e+02 -6.846005121292758448e-03 4.082829972045408200e-03
9.580762340793000931e+02 2.733298845521837848e+02 -2.247296482487073366e-01 7.269707759132479907e-01
1.105453341786078227e+03 1.693800976967455370e+02 2.490025338564613028e-02 -7.318243118276519799e-02
1.081457120674680709e+03 1.949517239125499373e+02 2.110503861130346576e-02 -7.710374609014550296e-02
1.721740572154856750e+02 4.584029050818659243e+02 -1.127517545250140835e-01 -4.326222077907061064e-02
1.055993424714132971e+03 2.263617988397454610e+02 -2.330889808699186383e-01 -1.545232092725485062e-01
1.144690546117932399e+03 3.745702699179665842e+02 -4.296577727688716958e-02 7.196359898423654311e-02
1.889727695705911401e+02 5.747099405503299749e+02 3.766114555371203980e-03 9.233788361874046072e-03
1.101184358484524182e+03 2.158241943907659106e+02 -8.155097089634678192e-03 1.815997376705623390e-02
2.651240719334181790e+02 5.492170589469633342e+02 -5.006286558630626549e-03 4.726819965463002066e-02
2.482912188276004599e+02 5.350442361214797984e+02 2.869289245737121838e-02 -1.214678691683275247e-01
1.404381379140343142e+02 3.899648418760934874e+02 1.905627892491824904e-02 -1.671714378294505976e-02
5.164207230704928406e+02 4.874246635565834254e+02 -1.181474587956993672e+00 2.978463526199753297e-01
1.125082527154079571e+03 1.660178952825857834e+02 2.673366120394114406e-02 7.825247645955681064e-02
1.910491672861307109e+02 6.766836825098804411e+02 -1.125934646601159861e-03 -5.010575463835842749e-03
2.416908925522268419e+02 5.060586335129942199e+02 1.122331643007795296e-02 -2.199329892671402983e-02
1.201205895695132540e+03 2.274253484854106944e+02 -1.100151311446115679e-02 9.084322195758881904e-03
2.713884351913111459e+02 4.032336392396982205e+02 -9.652446108992705776e-03 5.988580328983568457e-02
7.658105243655209051e+02 3.970852724879708830e+02 -6.743672207769937366e-01 2.392745401565372909e-01
7.240016821510582190e+01 3.186856439459601233e+02 -1.399496816703706126e-02 1.060690725255494099e-02
2.675494306039020671e+02 3.546056386614584994e+02 3.730056987308441596e-02 -5.238992943456554502e-02
1.083367164032779556e+03 2.289919656515833140e+02 -8.281717410517837677e-03 2.832070772945423278e-03
1.320699946583121573e+03 3.256899407478401258e+02 3.211271888187594015e-01 -2.828458591172853046e-02
1.174102466965989379e+03 3.700032851413146773e+02 -5.416112668358842065e-03 -6.899845204658266182e-04
1.070884599940259250e+03 1.696238381797557508e+02 1.763105083430308584e-01 2.588170539431892958e-02
3.020729641293842178e+02 5.653782577172304400e+02 5.090955843593630153e-03 2.969301929123737294e-03
1.170405656073544606e+03 1.841531291483513542e+02 6.820630606461515824e-03 3.896189751865188761e-02
1.171219240791639095e+03 2.222883973093617271e+02 2.666439118179188966e-02 5.717142622104336505e-03
1.172855310644139081e+03 1.671126922110457826e+02 4.263663184156931026e-03 -1.434919264685355876e-02
2.923034288507568590e+02 5.530602535084244664e+02 4.263655450521997188e-03 1.141008012768907065e-02
2.971707872626246854e+02 6.134801692147909762e+02 -1.028353169050264535e-03 -1.343656927854068941e-02
8.125908573076001176e+02 9.164636622336740857e+02 4.804753084268569285e-01 -1.773535704218406617e-01
2.487753911259797803e+02 5.046398257146867650e+02 -1.408606490252006273e-02 -2.621764681395974753e-02
1.077980374267967136e+03 2.980494768859677492e+02 -6.467466277712500405e-03 3.292731315549744017e-03
2.698638975403959535e+02 5.713786703057720615e+02 -6.406858087419180919e-03 -1.052456676575275196e-02
4.752122595943938563e+02 1.072758008573521693e+03 4.087405649872891122e-01 -1.964070660944866320e-01
1.100182762836147731e+03 1.650194981138623120e+02 1.639795231856394364e-01 2.018967337634470019e-02
1.025672434188559009e+03 1.728126210992037386e+02 5.132556606012897774e-03 -1.317991990024714420e-02
5.598033720103371707e+02 1.047454070432696426e+03 5.870304333670507413e-01 -3.587874706178003081e-01
5.064345995046381859e+02 4.645833416606571973e+02 5.858544780283928555e-01 -3.702618320583165867e-01
1.149372937948883873e+03 2.109963563642064059e+02 -1.434336183427549760e-01 1.034456230802880128e-01
1.021379252081454410e+03 1.630343992282755323e+02 2.172092341392371090e-02 -7.129374220749053193e-02
1.212152296065874225e+03 2.395056514913002843e+02 5.308208915523372068e-02 7.202054734130743097e-02
1.075888830195027367e+03 1.595351970032178031e+02 1.728916763296196868e-01 3.357971696191563299e-02
1.227777034898495458e+03 3.324921545533825906e+02 1.236649092080878698e-01 -5.488454927624298804e-03
2.836182173469932764e+02 4.438180692172432487e+02 1.512859202508121982e-02 1.926333236546965907e-02
4.373495263751997868e+02 4.870969412835602270e+02 -5.612204385448970045e-01 2.018925000771489009e-01
7.507245171270268429e+02 4.133308974114098646e+02 -5.319557616720443916e-01 1.086047349603760370e-01
1.149968988509070186e+03 1.918118273380937069e+02 1.983476909945373901e-02 -2.074573739503644213e-03
1.856444860253680815e+02 5.152720928451408327e+02 1.889828567951395699e-01 3.778868406084020526e-01
5.846560962448505734e+02 4.151043863031088108e+02 -5.373120058558783496e-01 1.361368786682324861e-01
1.040431831622474419e+03 1.882742106628585077e+02 1.877497134713542598e-02 1.002583391019886555e-01
1.056409712732805247e+03 2.121075183076034421e+02 -6.080581197235041674e-02 1.435944957470951522e-01
1.222875338149798154e+03 3.463087440559341985e+02 1.187394468489347266e-01 -1.165436305956420587e-01
4.390033293461921744e+02 5.175074183780378689e+02 -3.411962228971651689e-01 3.640877884575810519e-02
3.198626534856647368e+02 1.098649523205364858e+03 -8.217315853319561055e-04 -1.053729652339555197e-03
5.259794454687927328e+02 4.453022495803637639e+02 4.226185812871890435e-01 -4.375032562993071417e-01
1.183476188070177159e+03 1.826074748056306305e+02 -5.070338742780672661e-03 -1.195291682133171364e-02
2.759330319105618514e+02 4.275188894478364432e+02 -3.703137417276836790e-03 1.199422495997934379e-02
2.484221382908635576e+02 3.557819139007478952e+02 4.337764764834795006e-02 4.679088963606636148e-02
1.268907036481338082e+03 3.676678563590667750e+02 -7.337524443553072742e-04 -1.618240664477115995e-02
1.103222098848974838e+03 1.645819268451894573e+02 1.127338737171049848e-01 -2.943508208200017531e-02
2.258386641464186368e+02 5.948132091612465047e+02 -2.226651637333048050e-01 2.041728919829503552e-01
1.141083015758967576e+03 2.223636351761104777e+02 -8.735240354666989893e-02 1.257830863956901080e-01
1.136511441142976992e+03 2.655369137536986841e+02 -7.618651809192138191e-02 1.996317374775455344e-01
1.164147719180846934e+03 2.830593154921039059e+02 -5.228606788241765141e-02 1.050963348201918030e-01
1.980116691342366551e+02 5.929049012632007134e+02 1.523753336116020207e-01 -3.994183200576941206e-01
3.253062474728332631e+02 5.092678730604829411e+02 -7.261486100706311675e-02 -1.841003465324095138e-04
6.662475411018378963e+02 3.977360385909648244e+02 -4.897355766697199519e-01 1.890702315751458529e-01
1.038843117659562495e+03 2.013739213163838713e+02 -2.306345100022202770e-03 -1.063401115533871809e-02
2.290311330432888326e+02 5.502399946162964852e+02 1.085044930562640703e-01 1.093276906554011829e-01
1.261844074116850152e+03 3.754220935734803675e+02 -4.959729277409606618e-02 1.639757914355276583e-02
1.158375710385234470e+03 2.457813812717691349e+02 7.333606656060294091e-03 -2.036586994243706761e-02
9.183622811785679687e+02 1.102622043337230025e+03 2.925391528166154751e-03 -2.721032221938237311e-05
1.037914728126516366e+03 1.956997714078492550e+02 -1.373608659545119161e-02 -5.211071876215550916e-03
1.257369052740427151e+03 2.753154981310349285e+02 2.169490173327905808e-02 -6.218115334820313589e-02
4.639771972246891778e+02 1.070323972784001853e+03 3.899111899532059500e-01 -2.818554187461151939e-01
7.881941387032715056e+02 4.088350005427113274e+02 7.065573023203646219e-01 -1.337917317344488322e-01
2.694687768078272256e+02 5.785719222608046266e+02 -1.120972416035468473e-03 1.642313156585012424e-02
1.944798292253030070e+02 6.872658543070574524e+02 2.472923261014820569e-04 3.721785874832036589e-04
2.141699801836794279e+02 6.321876422879170150e+02 -8.683280392853359037e-03 4.215858115717219939e-02
1.114557161735250247e+03 1.789548926509212947e+02 1.957704386162650509e-02 -7.702366579818848737e-03
1.136532424861124355e+03 2.642238037484271445e+02 -1.191028097428618870e-01 2.592283363614729108e-01
1.123659810377610711e+03 2.850726969557448456e+02 -4.180284545495536325e-02 2.730002605181627295e-01
1.957039602954731095e+02 6.600757552538799473e+02 -2.925953437125930305e-03 -6.098336733559632516e-03
2.660643899146405147e+02 4.645966169199180626e+02 -4.333942622583710630e-02 6.542277288351985853e-02
1.072201052421904251e+03 1.599043163165002852e+02 1.877107615320039724e-01 3.741985169551641233e-02
2.262994425548955917e+02 7.364265104074130477e+02 -1.090653455835145433e-02 -1.837377138359343881e-02
8.513055919330424786e+02 9.314420745171878480e+02 -1.995336370469831793e-03 5.086973500187743497e-03
1.241521405528771311e+03 3.048262596824266666e+02 2.833515207042651071e-02 -5.210359384296333468e-02
6.255456885192108984e+02 4.021457497514316515e+02 -5.336755821580029258e-01 7.174753156284781330e-02
1.080513262986613654e+03 2.717512991229082786e+02 3.460163452289000130e-01 1.408123479621766205e-01
1.189297923736268558e+03 2.048362765367178895e+02 3.046564743175226089e-02 -4.305111291025336129e-02
1.158862677941096081e+03 2.266832812887836894e+02 -4.966554872388058282e-05 5.925193549745530822e-03
1.227940526683645658e+03 3.575424110872305050e+02 6.585112217342810152e-03 1.412740704319161329e-02
1.780370793786229626e+02 5.206296755091616433e+02 2.148729191171018515e-01 3.838280976744464779e-01
1.185713912197756599e+03 1.914006506610715519e+02 1.301328339857939220e-01 6.776531914132200018e-02
3.158835278812014167e+02 5.241407411613428167e+02 -9.539188464884716667e-02 2.052566048484779845e-02
2.581885960706978267e+02 4.132881731737887208e+02 -2.301567203964751535e-02 1.670729590311075680e-02
1.185633167663162567e+03 3.027177284102274939e+02 2.414615034288742912e-01 2.135761581582266144e-01
5.705507906916700449e+02 4.570146731253776125e+02 -4.661942607186722598e-01 1.567247913524687508e-01
1.122911798091637365e+03 2.400700955079223888e+02 8.910823925316436328e-03 -1.383283208818824120e-02
1.159485237430689494e+03 3.273657795121124536e+02 2.525751128048341412e-02 5.630096121687074712e-02
2.763664635199494910e+02 5.246499932037642111e+02 1.464386814946423872e-02 2.565588194294098900e-01
1.135259459563706969e+03 2.139601663953597495e+02 2.643295047036043136e-02 1.787169036781523571e-02
1.104126581382345421e+03 2.970067693607028332e+02 -1.465672593040477244e-04 6.225189775833116397e-03
7.658442278598159874e+02 9.762550646858284153e+02 5.320690709554009024e-01 -1.980449795007506175e-01
1.391548130600785669e+02 3.938794094258036580e+02 -2.564111419477292306e-03 -1.794021302349190633e-02
2.871489691522012322e+02 4.389286516166339993e+02 -4.657845755186177349e-03 2.670704425036649066e-02
9.998278196473924027e+02 1.855487423369845601e+02 3.706796451835787931e-02 1.271769498327365022e-01
1.104439905479710205e+03 2.342301129246462210e+02 -3.120207173696585082e-02 8.892803263330330277e-02
1.202270209910466747e+03 2.057917375522920906e+02 1.063088088933384495e-01 -1.824770902892542956e-01
2.635097925912027108e+02 4.817357138737444870e+02 -2.353864082900614108e-03 -7.224985760738651674e-02
2.845950753235022717e+02 4.821515917600810326e+02 -3.266156255393326546e-02 -3.335251642156045193e-02
1.143456978838855548e+03 2.107623512953821319e+02 -1.411826700209022900e-01 1.830452141109602526e-01
1.254652579200110949e+03 2.867873014202483546e+02 -1.987939131716767033e-02 7.150727220137691881e-03
1.182980263656309717e+03 3.283469580720448562e+02 -4.530555077259181170e-03 5.001976980455755638e-03
1.273602350262687878e+03 3.191014704557917412e+02 -1.853346416482673509e-01 3.582221221149436280e-02
6.662700819055552302e+02 3.883552989653827012e+02 -4.877151891144260731e-01 2.087868116565067267e-01
1.103441467124807559e+03 2.435596654858210286e+02 -5.290689926576575691e-02 1.257092621056932480e-01
1.154148529380558330e+03 3.343383182608727111e+02 2.184038421431388696e-02 -2.533158107758026745e-02
2.552410823251857437e+02 4.355630225167101912e+02 -6.236673345225590692e-02 -2.248953072063285541e-01
1.898764504772154851e+02 5.459173802947260583e+02 1.973307275721569720e-01 2.904487094909490863e-01
1.075619442050047155e+03 2.041973658150608060e+02 -4.490320638058417635e-02 2.040018107295351463e-02
2.587030154720191604e+02 7.211910743066104033e+02 7.219895997050368528e-04 6.459660610908536096e-04
1.259415021126009606e+03 3.382943369559732218e+02 -2.013561755864000657e-01 4.306679532887078971e-02
2.683996043429427232e+02 6.023429794487669824e+02 4.861366642015499569e-03 1.726302056164802823e-04
1.188065108725106256e+03 4.153620627266770953e+02 -3.415639801768593619e-03 -8.274084593195092999e-03
8.649898285203673822e+02 1.102340609178942259e+03 5.008082023872200912e-06 6.264627037131274227e-04
1.118792135339214838e+03 3.659504535279027095e+02 2.856903450175343664e-03 -2.033766022108476619e-04
1.161349009429325861e+03 1.844107185809976670e+02 1.017603764048303910e-01 -1.709059396653073853e-02
2.605569430630189913e+02 6.099106369313108189e+02 -1.019698321500420515e-02 -1.106128532063955887e-03
1.095040426253375017e+03 1.824639098666599750e+02 1.566368950255991876e-02 -1.139800954045169616e-02
1.997869350511732591e+02 5.764660465728338750e+02 1.427415106244061226e-02 1.833254411923235239e-02
2.176393447339447391e+02 7.771689680850535069e+02 5.601469494861939166e-03 2.087558393194485773e-02
2.870144035751422962e+02 4.982613998969248996e+02 -4.912638456836378870e-02 -3.339150508148097662e-02
4.121327851172617329e+02 4.793138460571491350e+02 -4.020962105853670421e-01 7.313275453386529346e-02
1.115365016947039067e+03 1.586699321317637441e+02 2.173568982619965562e-01 1.088198257693206439e-01
1.115423790042817245e+03 1.723923885910122920e+02 1.208033411127910489e-01 4.307609778337932044e-02
1.133473645632461512e+03 2.058722247556531784e+02 3.402895587230235497e-02 1.361790155374585920e-01
1.117240402689870962e+03 2.801529928406040426e+02 2.804737001702977683e-01 -7.375719261786997660e-02
1.268309882239174840e+03 3.350486398013304097e+02 -2.296409674811653590e-01 6.961187146270765569e-02
1.142981241917894295e+03 3.200618755572210716e+02 -3.975189738332574399e-03 1.408700383254526435e-02
1.203817087287443883e+03 3.236959936220457053e+02 -2.968758736901122575e-02 7.299247185233070923e-02
5.554408468870479965e+02 1.038563220507618098e+03 5.953528101158234165e-01 -3.727996749532166976e-01
2.977176701565134067e+02 5.209887887345258832e+02 -4.884908664637048481e-02 7.441497589826367998e-02
1.080463971696854969e+03 2.090844264879343086e+02 3.365006703881613399e-03 -4.286619369661208087e-03
6.483185809928100980e+02 9.810326865288934641e+02 4.265049694438053374e-01 -2.120520910321022079e-01
1.108971444026992913e+03 2.087702633044200411e+02 5.375711733324207812e-03 -1.933994795105657000e-02
1.166128132255146966e+03 2.261164883930230758e+02 -2.074024687923263846e-02 -5.607109319996383262e-02
2.821888922563529150e+02 6.844549670070139200e+02 3.067478071572868076e-03 -1.334653464642829822e-02
9.219240082626853336e+02 1.004105034982390293e+03 2.229540113184587911e-03 -2.209411409589728120e-03
1.029902639465647781e+03 1.814067363292774644e+02 -1.919636126067416661e-03 -3.324969108720816913e-02
1.179062967633901735e+03 1.903326919702628004e+02 1.330578652425932207e-01 6.358955680297033453e-02
2.469639776340739559e+02 3.806344335114940236e+02 2.629980766275914503e-05 -2.671236557437293383e-03
2.940172229183731361e+02 4.817578965514143192e+02 2.133780906435826449e-02 7.889781012447530384e-02
4.448287350015909851e+02 1.049832027901008132e+03 4.966808732730483289e-01 -3.442020246797217742e-01
1.148654094976888928e+03 2.163847059446193555e+02 3.869914996987294104e-02 -4.708879936259430937e-02
1.149634647321374359e+03 3.693290581642099255e+02 4.482726639064142996e-03 3.405988385175622718e-02
3.106081936251017055e+02 6.140766520305992344e+02 5.270831570191245909e-03 1.398980950796888945e-01
1.143206034598343194e+03 1.876791025314412309e+02 1.689783848867894636e-02 -5.018955055727490622e-03
1.249000538310867114e+03 2.851073361632587648e+02 -2.103439167787813854e-02 2.632394228153744908e-02
2.687427777696146336e+02 4.778246699744618695e+02 1.008394871342609134e-02 1.218229046665718074e-01
6.988216623901208777e+02 3.937222777368700122e+02 -5.031425940722693557e-01 9.199443028155605828e-02
1.225253408757532725e+03 3.139933473804050550e+02 -3.591910250550373607e-01 -6.949717190464103911e-02
1.201263119547426186e+03 3.670947656004007058e+02 5.807990544652471415e-02 2.118596498504162484e-01
2.485564971014294713e+02 2.948203730830546760e+02 4.322204729240426702e-02 1.163718324390744657e-01
1.942623232396122148e+02 3.197145029095444215e+02 3.994776332358731911e-03 5.689271479904024591e-03
3.177833271466145106e+02 5.022895033217533296e+02 -4.951302175254480853e-02 4.576220989166848892e-03
3.381103741535947620e+02 5.076862320191120830e+02 -6.393632217786944516e-02 3.822324303636238322e-03
1.184109542068670635e+03 2.236862947479460217e+02 5.451199563928219721e-02 -3.201785815811647798e-03
2.164988283875869399e+02 5.918753477851536218e+02 -1.127099608546166948e-01 2.502915576223795902e-01
3.237476209305982024e+02 5.204392288516593226e+02 -8.072274291980560679e-02 -7.478506604955223458e-02
2.063141796040257248e+02 5.176934803565500260e+02 -3.303618485372261659e-02 8.696547069408921971e-03
1.026929349865597715e+03 2.100401523424979757e+02 2.236891463641779154e-01 1.451331932357096122e-01
1.116723647406520058e+03 2.040349718373063865e+02 -1.126570625661216241e-02 1.050492571386061336e-01
1.046067433859228458e+03 2.317851500791745991e+02 -1.506070890820261354e-01 3.310663689176949198e-01
2.786517036799652374e+02 5.189385570750741863e+02 5.934187909768673212e-03 2.199481750999863205e-01
1.109250023019044647e+03 2.329328781427454373e+02 5.004456419987945992e-02 5.673580812913991273e-02
2.743810198643279250e+02 6.730594088729664008e+02 3.936939645933805118e-03 6.981118128080544133e-03
4.479228938223724867e+02 5.261144636721749066e+02 -5.131166990239760528e-01 2.203249712173013242e-01
2.659761482383186717e+02 3.660712221080169115e+02 8.199001506351204921e-03 -6.050674661471493881e-02
7.740777917688104708e+02 3.602455780423199485e+02 6.754872562309203188e-01 -1.623719453862131623e-01
1.104126977941680479e+03 2.109554911236672297e+02 5.199578278662160546e-02 9.330097407103075946e-02
1.234982235545602180e+03 3.256380851291673366e+02 1.202621911704242069e-01 1.746705942406012475e-03
2.486914661763023560e+02 6.291437914581164250e+02 9.761610711029605411e-03 -2.099081348444726061e-02
1.120429109122008640e+03 1.815171787776189376e+02 2.488179050455386829e-02 8.770963599385817044e-02
1.070039645035650437e+03 1.957722783804564983e+02 -1.369033156557917727e-02 -3.197818324520737554e-02
3.214774825130063505e+02 5.372163742245368212e+02 -7.255749422732075959e-02 8.453732923688525233e-03
1.117798161013942035e+03 2.516068951371605635e+02 7.042857529486971219e-04 -4.348267233244075373e-03
1.259866481138700919e+03 1.958936696039677656e+02 -1.434299552306198379e-03 2.729162522108558465e-03
1.136996774441192201e+03 2.358001297540638745e+02 4.602084774556345487e-03 -3.966324494024705410e-02
1.186287589735660049e+03 2.659437538776765564e+02 2.400723232497866452e-03 2.906451622220821915e-02
1.197391211600515362e+03 3.551161967884980868e+02 4.833780977827376729e-02 1.089555601124167451e-03
4.636783982990473305e+02 1.077087594044667185e+03 4.174882044445811236e-01 -3.199313013695523344e-01
8.579288171165252379e+02 1.101858977323511454e+03 1.826205832226844786e-05 -5.584976681571572361e-04
1.109259261500265438e+03 2.195422443816747773e+02 4.165365182900147845e-02 -8.027705106325867812e-03
1.189938332465329040e+03 4.036372538742905363e+02 -1.182828885587520681e-02 1.359701077402413610e-02
1.134373121312498824e+03 7.034295231172856120e+02 7.620609409187046636e-03 -9.800544762940757021e-03
1.044004146462286826e+03 2.433283592332072374e+02 9.843721472749475399e-02 4.483734079809730821e-01
5.153951907830119126e+02 4.766988032871457790e+02 4.624430105168151339e-01 -3.957899362270020371e-01
1.232185542392367324e+03 3.051136414605615528e+02 3.130022830558862879e-01 1.117067057440501443e-01
1.145724495651195639e+03 3.793904461673581636e+02 -1.870919457728632482e-02 1.686354608792932711e-02
3.131359484046919874e+02 5.300424639258604884e+02 8.238958281500882719e-03 -3.359939259161447839e-02
1.038677555100248355e+03 1.775582629692438275e+02 8.526153702763184308e-03 -1.052625020027585755e-02
1.025316096031767756e+03 2.188962662320556376e+02 2.683053155682105229e-01 3.085532774151152346e-01
3.389418585214872905e+02 5.258699459302779360e+02 -3.171836731571939239e-02 1.991649212539590985e-02
7.869573061967132617e+02 4.181156251313296934e+02 6.891854435387568811e-01 -1.487065767461410726e-01
1.020095608442583966e+03 2.420921513030913843e+02 1.850185262950861942e-01 3.061952583940614203e-01
1.207956669535687979e+03 3.362913158734583021e+02 3.943290692484853754e-01 -3.380275090423990880e-01
1.319430719074485069e+03 3.417328905540156256e+02 3.378787684848789108e-01 -1.108620909898467288e-01
1.222242591323699344e+03 3.609975492397876451e+02 4.407087971338046091e-03 -9.620841271417137014e-04
2.725119583036719746e+02 3.733754116536944707e+02 3.251752758740932697e-02 -1.664957844683429347e-02
1.055201380118825909e+03 1.985896858186426925e+02 -1.840033761593618672e-02 6.995858556723916211e-02
1.059393719770142980e+03 2.035610956991644969e+02 -1.473508268271425115e-01 4.595172957164259109e-02
1.115118414421768193e+03 2.558382963804026815e+02 5.359617758908213209e-02 -6.402584258407983953e-02
1.175206537912092472e+03 1.997864629909439600e+02 1.660538675398673114e-01 3.251668945858854354e-02
1.310620170961597296e+03 3.186611500179149630e+02 -4.206850083489246384e-01 2.594476924589098760e-02
1.250416961984949467e+03 3.304421814432295150e+02 -3.380427369539824867e-02 2.196524046139395822e-02
1.239373251028373943e+03 3.393676279317982676e+02 3.626163542103090220e-01 -2.927628732751428320e-01
1.099180551020927624e+03 1.676050719780953955e+02 1.319175817473524082e-01 -7.773604673161400858e-02
1.109159718844658073e+03 3.602609985559162169e+02 -3.729486735048340162e-02 -1.488363936761402315e-02
2.270177981291721494e+02 6.658733842191134045e+02 -3.410281199197640750e-02 3.361874239162943728e-02
1.180805297708215676e+03 2.916544986926752472e+02 2.953050964880202245e-01 2.151869452007649786e-01
1.181740563670720803e+03 3.669495379060041955e+02 1.547501268085546382e-02 7.937070001793361529e-03
3.013982432655110983e+02 6.380565017626214512e+02 2.070301513839467589e-03 8.867731807858566725e-03
2.474535400723683267e+02 7.023825540216570289e+02 1.317434188943404248e-03 -1.369694391245701581e-02
4.218182290282530857e+02 4.695124035319467453e+02 -5.522722309256797857e-01 7.419899495273463153e-02
1.154898232092853277e+03 3.121379595178758564e+02 1.434527816743363382e-01 3.377246564238529092e-01
1.147641605011947377e+03 3.129521048001252552e+02 -1.220219910701713165e-02 2.162058822487537141e-02
2.415456698273440281e+02 5.604357016835739387e+02 -2.725267362770030233e-01 2.945198061268446410e-01
2.372978250494415988e+02 6.828506579641775716e+02 1.188257823914262191e-03 3.757323291645898859e-04
2.419885010888367276e+02 5.136554854366659129e+02 1.648302920376825895e-02 -1.117257431339011356e-02
1.020506756333248973e+03 1.924154778286279850e+02 1.570801831090749279e-01 2.572977910224595877e-01
1.120703479388850837e+03 2.268233360531477274e+02 -2.110667639449275226e-02 -5.141343032877772334e-02
1.166947253656431712e+03 3.616583447043843762e+02 3.383559217115059137e-02 -4.924719992290849807e-02
3.321176130404843434e+02 5.473137347407229072e+02 4.889057010249568160e-03 1.172717336528421653e-02
5.960554691223488817e+02 1.042531748304985513e+03 -5.726804359225146079e-01 3.223884722858605945e-01
6.801544489693496871e+02 4.362506233153743551e+02 -4.657851309299742559e-01 3.461560720512217859e-01
1.158090603731283636e+03 3.337277540405630134e+02 2.790969158354528190e-03 9.094134027794676528e-03
7.486460885349871432e+02 9.535379120563162587e+02 5.007838958679982078e-01 -2.058106599534839376e-01
1.120272250348194802e+03 1.606773515519668365e+02 8.132111173206921922e-03 -8.994426340252154387e-03
1.185282210657272799e+03 3.364473808545735665e+02 1.628676925936942479e-02 1.541126994227450323e-02
1.247595340090864966e+03 3.454448050381647022e+02 -2.055811482234783452e-02 3.039245321282932691e-02
1.048328386050572135e+03 1.873908538025277721e+02 3.418469786863841120e-02 2.601374149207033581e-02
1.203991551654863542e+03 3.048535494934111512e+02 -3.443681322387635857e-02 3.408770368666241835e-02
1.135635642520025613e+03 3.407056714308379810e+02 3.745332213243489795e-03 -8.618691033946322688e-03
1.202183575551088552e+03 3.465643532283008881e+02 2.383646033129187825e-01 -1.168326668248320377e-01
1.222964310658025624e+03 3.729872597328013626e+02 -7.705589069246343570e-02 1.123583841398453353e-01
2.606757860304142582e+02 4.892100415896620689e+02 1.152631322508746239e-02 -8.747886920103865871e-02
2.544988774924573534e+02 5.254472297485932586e+02 -8.069703010238111693e-03 5.041704665662043172e-02
1.093412796903713115e+03 1.778893904351821504e+02 1.654173378698454433e-01 -1.559909579115669187e-01
1.132964840625721536e+03 2.334999515026624408e+02 4.029893644505824768e-02 -6.450226109369651406e-02
2.478529559991349061e+02 5.599428320699711321e+02 -1.498751564821587667e-01 1.111431873320542496e-01
1.018325636605532964e+03 1.690821727511167865e+02 -6.326729074251602816e-03 -8.080753607947599795e-03
1.135525854306510837e+03 3.692331454381986759e+02 -1.393772230620697952e-02 2.923235299297743950e-02
2.648702252521144942e+02 5.344986245145032626e+02 -5.036502368627884113e-02 2.629437853148339221e-01
1.069711797871659883e+03 2.256106097552777783e+02 -1.071835313673312751e-01 1.884789359294872235e-01
2.153624899398449202e+02 6.703335830840927656e+02 4.747114325402306857e-03 -3.986617305844657351e-03
2.669629724345215891e+02 4.422909649424487952e+02 7.384230646697400365e-04 1.366187590777306060e-01
1.115493948885011378e+03 1.909668069499134333e+02 -1.277991042053073199e-02 1.804904258415681861e-01
1.172001260193107782e+03 3.372406956047096287e+02 -1.263558486548869248e-03 -6.908273390811365188e-04
1.194701946655700567e+03 3.395144921841547330e+02 3.631249297383850466e-02 2.054799592615381698e-01
3.961452817304408995e+02 1.090109823836485930e+03 -3.967020151818168583e-01 -2.695928515863790231e-01
1.194580506049328733e+03 1.823654222995454575e+02 2.321819638648997541e-02 -4.913997424144732340e-02
1.207291921911519239e+03 3.106885265814025274e+02 -1.637770868114785117e-02 4.710427047771989159e-03
2.667239544997580651e+02 3.593666517377056380e+02 -3.144899603820445338e-02 -3.935603853592953283e-02
7.398896846059161589e+02 3.651573362991265412e+02 6.340334836821328590e-01 -8.019702466467037993e-02
1.107938553952704297e+03 1.549287898659113694e+02 2.305609295900378775e-01 -3.001508607751554036e-01
1.084538541123302593e+03 2.803943034534338494e+02 3.642224371596588378e-02 -1.791796830375207844e-02
7.809447384601312478e+02 9.267535691304315151e+02 4.764248563409030912e-01 -1.935928976488191511e-01
2.761186205678071701e+02 3.988962546789908856e+02 -2.697261396393741892e-02 -1.751466825729884255e-02
1.133719184781741660e+03 2.912822461553557218e+02 -3.069272846194248117e-01 8.239074789647539421e-02
1.095439130927936048e+03 3.419348605839139168e+02 -1.619155895669531844e-02 1.811469495734172735e-02
2.720770199059459173e+02 4.649443349156384784e+02 -4.911907631790099482e-02 -1.265874746824472152e-01
2.848074806912033523e+02 4.676096043030300393e+02 -3.894844816913867191e-02 -3.292969276746049445e-03
2.735206516021839889e+02 4.721707038420190088e+02 -4.168082490646263238e-02 -1.110548900924808180e-01
4.707334084329404504e+02 4.652166384441745777e+02 -4.804595994546954074e-01 2.590704322825132522e-02
1.082185393394803896e+03 2.202171564468258396e+02 1.104844704173757464e-02 -2.473181143360303480e-02
1.152837162864217589e+03 2.150202152687782302e+02 -5.769438497049605985e-02 6.171298302126349000e-02
1.290378860274975295e+03 3.307494285319759229e+02 -3.134871296344741154e-01 1.170958397742456469e-01
2.268627343130631289e+02 7.278505412790624405e+02 -1.697791518354918594e-03 -1.029609515741825021e-02
3.375556006256028923e+02 1.085287277018269606e+03 6.341719468576734187e-02 3.383574735462957506e-02
2.509975858246584437e+02 3.724238513445545777e+02 -6.829657978175323989e-03 -2.942539712019666756e-02
2.821863879956173946e+02 4.884512224220079588e+02 -1.465677107521221392e-02 3.551572662458526292e-02
2.897641104886263861e+02 4.642265651570587011e+02 3.245557740221131221e-02 1.404772559037225366e-01
1.145928246919611411e+03 2.265982808809588107e+02 -5.013887306397684512e-02 1.951592186373496129e-01
2.838304641361603444e+02 6.003549230634579317e+02 -1.294994728469543634e-03 -1.499341846303811968e-02
2.803551598585862621e+02 6.667555614596635678e+02 5.429617327283062060e-03 9.584230310059454463e-04
3.860181022152171408e+02 6.400791336085800367e+02 -1.699230766436607247e-03 -2.931033922670996106e-02
5.097693954438821038e+02 5.021229480373238516e+02 -1.116286603882842066e+00 3.181571702363479859e-01
2.880155534719547177e+02 6.082381316985779449e+02 -2.169588297973253348e-03 -1.335603203322837870e-02
2.849137801146990228e+02 6.886478835624033081e+02 2.972915615299598358e-02 -4.919544160190601756e-02
5.437421465571645740e+02 1.020479342776065437e+03 5.954170229401597458e-01 -2.601061486280779600e-01
2.672193459705037526e+02 4.490272897865326627e+02 -4.232309089704342636e-02 -1.170512266387112449e-01
2.705769194208429553e+02 5.044162991897063080e+02 6.044876681603886248e-02 2.210979312080996462e-01
3.467391183487529247e+02 5.205073729649757297e+02 -4.663643349081094541e-02 4.859043333924311227e-04
1.207669684232611189e+03 3.767011008811306851e+02 8.731503324285986786e-03 -5.712156147869948408e-02
1.192306548019030743e+03 3.568763154252940808e+02 -4.484700757571350588e-02 2.357620258229279134e-02
6.168528226447821226e+02 1.016683544819224721e+03 6.084977189719243951e-01 -3.406108074940001340e-01
2.325732637857999237e+02 3.022241581025894561e+02 4.151757740665908136e-02 1.359203448815496547e-02
2.708957807270732587e+02 4.748725087204974784e+02 4.879495404683169973e-02 8.465237608870918029e-02
1.194006251090627984e+03 3.450063799558645883e+02 2.705592105481476328e-01 2.174644414931692638e-01
2.109482519393898485e+02 5.920826234485442683e+02 -1.058413173382493494e-02 1.064976528489212232e-02
2.674545882511638979e+02 4.620746762773779324e+02 -7.301777559642302906e-02 2.162222838360496405e-02
2.431661877640249543e+02 7.299769851195140973e+02 8.536859346334652737e-03 6.931337695710646299e-03
2.655199877455356159e+02 7.425001812937578052e+02 -3.993659420993367348e-02 -2.836219261608728323e-02
2.839003210304568370e+02 4.671097907720659350e+02 -3.899235794251580678e-02 -1.925085793796824790e-02
7.423890343900126254e+02 3.767030935306050310e+02 -4.343173578972300830e-01 1.968944554334348118e-01
1.135474410639757025e+03 1.729497579307803505e+02 2.149424434602133227e-01 3.352024758980269303e-01
1.198197308257772193e+03 2.420534755984884896e+02 1.718837906200496868e-01 1.983365562940582472e-01
7.433156698970998377e+02 9.422692175948740214e+02 4.696064014953298948e-01 -2.692580377933972979e-01
1.147121302520200061e+03 2.682584351106357872e+02 2.690327351107555387e-01 1.050228092398484137e-01
1.236171654754289875e+03 2.998858454421656461e+02 -7.534757865158780987e-03 -2.422107765079886121e-01
1.153596113659113371e+03 3.425286849875688517e+02 -2.914664976515268791e-02 2.093423734457644514e-03
1.267368720561325290e+03 3.297635522746122660e+02 -2.619337036134178898e-01 1.138155406534337999e-01
1.231877170615698105e+03 3.829869239808249972e+02 4.704173101583819516e-02 7.819866258453581423e-03
2.330338138854176862e+02 5.898543068250069155e+02 5.692098757205243942e-02 1.141911973326585894e-01
7.508673993387729979e+02 9.328842036649168676e+02 2.284550551980544242e-01 -5.693603280373338293e-02
1.211934437639087037e+03 3.555105105141098534e+02 3.127639386187421044e-02 -6.419114699682050562e-02
2.724720203948330663e+02 6.230495614311040526e+02 -8.910543620938527962e-03 -1.766408714232294008e-02
2.095497785608814070e+02 6.564952857039655783e+02 -3.161781537728381580e-02 -2.926487541046556354e-02
3.320081775995597582e+02 5.127143991002774328e+02 -3.075706997991677419e-02 3.634774333887042658e-02
1.203403127395385582e+03 2.479469566947941246e+02 3.276325710031848804e-01 -1.462844359816002082e-01
1.136349926924894362e+03 2.850200019639464131e+02 1.983893377450013651e-01 4.265929918254973002e-02
1.252444417787016846e+03 3.572535338519983270e+02 1.293719425551774840e-02 1.228387938173150090e-01
2.759411538420306442e+02 4.673216634851683580e+02 -1.266441674906240017e-02 6.742870706399831104e-02
1.173484371540774873e+03 2.471658563368839907e+02 1.036596225036689745e-01 6.268386709673531842e-02
2.812886973093903862e+02 6.308666588699223894e+02 5.698511145829971217e-03 2.987382477392332494e-02
3.293947566765174884e+02 5.284133777510473919e+02 -1.159455278747416416e-03 -2.053130834914489861e-02
2.540727935506944846e+02 3.570028405389846853e+02 3.003192262113287686e-02 5.049713677876184192e-01
2.985671582059516140e+02 4.752947621522440613e+02 5.319339504798108187e-02 8.176524443114771556e-02
1.137900941157260149e+03 2.035726982192217633e+02 -4.582144797154796617e-04 3.070139766113726479e-02
3.364013384364551484e+02 5.273690730761323948e+02 -1.090712450564950559e-01 4.435396938276880757e-04
2.882345003861857435e+02 4.327679124951991980e+02 -2.662352897080286218e-02 3.200133545199809054e-02
4.267838799611936338e+02 4.885929276021292935e+02 -1.578689389339220650e-01 1.306720420756403780e-02
9.974266464981727722e+02 1.675161542612798087e+02 2.284928634961655991e-01 4.486608670360606177e-02
1.124937896311479790e+03 1.498426785158450230e+02 -3.443775474214529758e-02 -1.829757862177410410e-03
1.049852234617065506e+03 2.145923622661683510e+02 7.008997106248371529e-03 -5.147661682625719048e-02
1.187808843349259178e+03 1.782596174577371357e+02 -6.553573072763260732e-02 2.468000484452958360e-02
2.644304883911929664e+02 5.032103543019881613e+02 -2.542070305248797860e-02 -1.062237040798821586e-01
1.034434959978646475e+03 2.396424069837506750e+02 1.207346146118955764e-02 -9.575824615667885564e-02
1.201776452311411731e+03 3.539341000737485388e+02 -1.177860663151225062e-01 1.052669986065476876e-01
7.367951438173872702e+02 9.613661175580258487e+02 3.174358131647384007e-01 -2.577361245910638754e-01
6.431657082783257238e+02 4.066521735684995065e+02 -4.699978039054779622e-01 -2.521707484269801805e-02
9.859946191892777279e+02 2.070575093584110675e+02 -6.071497784486221561e-04 1.711681969528660099e-02
1.106197930314905307e+03 3.234383890650501030e+02 -1.361480871667160482e-02 5.131671673917909127e-02
1.234999382676571258e+03 3.200526776156601159e+02 -3.936895044382976439e-01 1.607710042202704914e-02
1.194309827739421280e+03 3.271477262389091152e+02 6.338803439911423754e-02 -6.610028790776609209e-02
1.275695487964381527e+03 3.668233507905421789e+02 -3.944111873594171452e-02 4.400994187235215266e-03
1.211001976636580594e+03 3.753514416035973795e+02 -1.349088550428752808e-01 -5.980107008854380901e-02
5.535968974019777988e+02 5.010771103483552338e+02 -1.068673288081232853e+00 2.070703239100185611e-01
9.064282669509159405e+02 8.887351009468446819e+02 6.017177282897070434e-01 -1.825274044372704185e-01
5.259811713983669961e+02 4.319415304025974365e+02 3.675850894115200163e-01 -3.872689206752610858e-01
1.146646338172626201e+03 1.802302481355269208e+02 -7.444570305658260168e-02 2.487441410011115295e-03
1.060620222102682874e+03 2.171700665363720759e+02 2.535322185639188319e-02 -4.453294597070467375e-02
1.156916433576594727e+03 2.144182734118926419e+02 1.666480569582518001e-03 1.421978165502579827e-02
1.146242613883336617e+03 3.512007508331983558e+02 -3.260731827337792765e-02 3.518926756457574356e-02
2.683114505963491183e+02 6.738984903703944838e+02 1.793352710885898205e-02 2.363265280470017160e-02
2.368824449706462474e+02 5.113178918469302516e+02 8.575055743456990245e-03 -1.131825895648338196e-03
2.885866181395313106e+02 5.171376136009758966e+02 -4.058670921307339086e-02 5.489646020313709157e-02
3.989223957827071558e+02 3.398113496943199721e+02 -9.435834639718147093e-03 -2.998411869742388658e-02
1.078622837929669686e+03 1.558009951001602076e+02 -1.013937926283991486e-01 1.828977914729061072e-01
1.084643763180006317e+03 2.085272601946617215e+02 -1.886989727415008464e-02 4.715320732877519710e-02
2.542331009758968605e+02 4.951294936414659560e+02 -1.882656580658346665e-02 -1.951185664770654221e-02
1.121017088434600055e+03 2.077931318121227378e+02 -4.492646796206177795e-01 6.150775232226928235e-01
1.045645831707204252e+03 2.151751625226096110e+02 4.282557904957684514e-03 3.870734044769668508e-02
1.118357460052460738e+03 2.393757674168271592e+02 -2.412659143770952141e-01 3.247511458962293318e-01
1.081774155608395404e+03 2.592066547770754710e+02 3.779883258245523431e-02 -6.565206380920634091e-03
1.218473011505573822e+03 2.325030596694994358e+02 1.078468375112769106e-01 3.054713017876115044e-01
1.127705343030415634e+03 3.058438785802320012e+02 9.955098349251199907e-02 3.336282716471877102e-02
1.291082674398162681e+03 3.446320174869296693e+02 2.045814367208679818e-01 -1.934010530160159280e-01
2.449506203703474512e+02 3.300982415557193121e+02 -4.836619947385892987e-02 -2.031654724066330464e-01
3.266284632389363765e+02 5.259218108463730914e+02 4.394411183349470479e-02 -8.607016935893450904e-02
7.156432235624731675e+02 9.819279795136721987e+02 -5.719695760726520861e-01 2.949487488040526406e-01
2.306932895234618854e+02 5.120583265034143778e+02 -2.084444172972628809e-02 2.655786136642745987e-04
1.030805582466634405e+03 1.920995101397097358e+02 -2.261141151104008318e-01 2.540072289355445601e-01
1.126666029486672414e+03 2.059919681618276570e+02 -2.095453764810789321e-01 1.475943405552631871e-01
1.226873269578018608e+03 3.677341259416953676e+02 -3.962574450739945325e-02 6.716733870034848064e-02
3.047004385775364312e+02 5.433218687036555821e+02 -7.844140399366020819e-04 1.896322382110800578e-02
9.199949315361724302e+02 1.102592488010914167e+03 -4.456321380710430262e-03 7.837453127118957155e-03
2.811656167080133741e+02 4.765681495089866075e+02 -2.399899152553850584e-02 1.198737698898743112e-02
1.030468027172649045e+03 1.797010837738833970e+02 -3.717780254642506776e-02 5.963562881358990680e-02
1.140133478176744802e+03 2.701221517442228333e+02 8.528929190711923014e-02 -8.915539290713715703e-02
1.200991886247309367e+03 3.291121718456332133e+02 -5.151849306124942074e-02 2.789430257559605275e-01
2.346588059133035244e+02 3.389680694698005254e+02 1.360262560499165760e-02 -4.611880443315499040e-02
5.423769258748727680e+02 4.649158621029739038e+02 -4.518014788285313332e-01 2.199673205936733267e-01
5.068170457524691983e+02 4.862933787305921101e+02 4.194889357141846631e-01 -2.738703541546271825e-01
5.150505642037262533e+02 4.921739624605980339e+02 1.414570295813064038e-01 -8.931023416911329504e-02
1.091973180975278865e+03 1.931309432600183413e+02 8.765516413404839384e-05 -1.288531141699991202e-02
1.072806694391645806e+03 3.062803712967891556e+02 7.536035491662004815e-02 -1.895311609456541702e-01
1.216991700220595931e+03 3.625968005970323702e+02 -3.967749715927766652e-02 4.077107038347094203e-02
2.347448040408147563e+02 7.522498813669552646e+02 -2.766096448731047985e-02 -8.913323591006019897e-02
3.031416047001643506e+02 5.030776443167898151e+02 -1.406098811536872321e-02 9.093083690774821743e-04
4.447454379588369306e+02 4.891462388971643236e+02 -1.598240314783273275e-01 -1.168666904061284317e-01
1.097972321859483827e+03 2.213812725860497039e+02 6.335962857974664075e-03 1.204947514953384237e-02
1.172472755215314237e+03 1.843221569224878920e+02 4.817919572517186805e-02 -1.150751683097281722e-02
1.185101215720474329e+03 2.303049605006765432e+02 1.373641400972600360e-02 -1.136682456717545003e-01
2.806067969965050679e+02 5.318691416909982763e+02 -1.233954962670572447e-01 1.051964768638147946e-01
2.971448700949485442e+02 6.145184155729680242e+02 -1.528011736837066141e-02 4.790646908102442342e-02
2.543731890779290552e+02 3.429163690425717732e+02 -1.931621672644467935e-02 -4.591812028547792579e-02
1.110200929771820029e+03 2.463876621814845578e+02 4.508891571933304476e-02 4.216728769258679677e-01
1.132651674689605670e+03 3.148314378244822933e+02 2.411731190048840290e-01 4.652886330269723203e-02
1.175840563649209344e+03 3.104835125122456247e+02 2.292586950965187498e-01 -1.009146370388123160e-01
1.328929092490722496e+03 3.243791435102241394e+02 1.823933282072118800e-01 4.430755337429417295e-01
2.282133927849831423e+02 6.091081284977857422e+02 8.225171783521290081e-02 4.814014102072832202e-01
2.535396852075828349e+02 6.887993287077440527e+02 -7.985586385359511041e-04 4.395492604764683620e-02
2.736501157860104740e+02 4.510244707807290183e+02 7.271790980216305544e-02 3.060327635667395643e-02
2.852157751855738752e+02 4.892191850780483264e+02 6.444670912352583672e-03 -1.599633708559947132e-01
3.083192713216472498e+02 5.000648475855580841e+02 -3.186888552884933196e-02 1.133141536417627167e-02
1.151136502887427696e+03 3.235033221779466999e+02 -1.326310662393877515e-01 2.441925850566316891e-01
2.840083968701051162e+02 6.899218156380474056e+02 6.978640195792910027e-03 -5.039680663248548298e-02
3.148150880361315558e+02 5.441711457069476410e+02 3.679465088315022649e-03 4.238400359127224293e-02
9.080572045073972731e+02 8.628925849143877258e+02 4.063286792672410330e-01 -2.661706128448680930e-01
9.063212070247877818e+02 8.741468805200687484e+02 5.291477104028834422e-01 -2.700697976794604882e-01
2.185651966426212027e+02 2.920425383482898951e+02 -1.706986228028644914e-01 -8.788457085155225446e-02
2.444446609927042573e+02 2.879009093126900325e+02 6.801988145165675792e-02 -6.980763998520463087e-02
2.323588965581787136e+02 3.509067296137394010e+02 -5.713217073333490964e-02 -2.697070719903820191e-01
5.431208587445883040e+02 4.455378905509697347e+02 -3.758097853893787033e-01 1.769438197943031810e-01
6.994056819257622237e+02 4.174394347435451209e+02 -3.749345502541814312e-01 1.326342253338831656e-01
6.817602942548659257e+02 4.632987819570054739e+02 -9.795575363815109057e-03 1.113856282245156565e-01
1.112346241629412589e+03 2.293749790157828556e+02 -3.749088948294835438e-02 3.945654844737589428e-02
9.642467229224148468e+02 2.792601971510299563e+02 -3.811368362365404744e-02 8.644421013722572780e-03
1.233168249026086187e+03 3.320237487756881478e+02 -1.121020628245332773e-01 8.982023450499809769e-03
1.291448521770749949e+03 3.520686951870479788e+02 -5.854925218347943883e-01 6.348995553317801077e-01
2.598963135907932838e+02 5.434967754478192319e+02 -6.604585659335764081e-02 2.919035812519534256e-01
2.000127366092304158e+02 5.526177146683959336e+02 1.162427331704331407e-01 3.632844009836920240e-01
2.677761710377062627e+02 6.203108788354757053e+02 7.646977407318900077e-03 -2.700222654745705955e-02
2.218358562975879806e+02 7.113915932131538966e+02 1.672068829823085065e-02 1.732970735929484363e-02
9.544226499888260378e+02 8.418761360433131813e+02 5.951840479431022013e-01 -4.535905154242527715e-01
2.984207891121294551e+02 5.156485742627518221e+02 -1.887825356542407323e-02 1.104399415368789023e-01
2.587438007521099621e+02 5.321610457413403310e+02 5.839598475798766369e-02 1.833284555726777398e-01
6.439954687798699524e+02 4.319821631193420330e+02 -2.509439881208891387e-01 1.973010236207073942e-01
1.061685170532800385e+03 2.082697501916194653e+02 3.545615613738846428e-02 8.793186814006048041e-03
1.133814594406643209e+03 2.191647243597598731e+02 1.274062205374775769e-01 -8.423454606198106653e-02
1.186188662428718999e+03 2.851546629600127289e+02 1.390861158077768833e-01 5.494069233650407391e-02
1.189951525230277184e+03 2.884929946951760371e+02 -7.088511106567238484e-02 1.374894736124815664e-01
2.677698114783307233e+02 5.755036358706394140e+02 -1.156728106801665525e-02 -1.068702497639606036e-01
2.297738278088300490e+02 6.003612776886952815e+02 -3.298836871974344942e-01 -1.205420282351497008e-01
2.381882648358066774e+02 6.559054583980748703e+02 8.366778877820025065e-03 -4.785417226974005012e-02
7.482887090720801098e+02 9.235042882645858526e+02 8.228121634579111179e-03 1.100212661823434246e-01
7.123847338649170524e+02 9.855541925012292950e+02 -4.960641491581554985e-01 3.283203215248022278e-01
2.496640505275672695e+02 4.038675191776391671e+02 -1.003823565398747064e-01 -2.723247737515350764e-01
1.703699378565289635e+02 4.614469002301672731e+02 -2.289605629752600180e-02 8.307823065888442216e-02
2.887130953249256322e+02 5.243843327349154606e+02 -6.217901534114389506e-02 -1.333332627033598783e-01
6.593423571185195442e+02 3.963516109094354647e+02 -4.243049024647973511e-01 2.225228002828174567e-01
1.088243951697755620e+03 1.844251754829853667e+02 6.431685708662371326e-02 -3.355472208364105313e-01
1.100814005557440851e+03 2.041307238426483934e+02 -5.256749315018396373e-01 1.739358989751167428e-01
2.462727615036194777e+02 5.544383571076400585e+02 -5.628274486089566153e-01 1.274174326142940572e-01
3.054640591225902995e+02 5.751291047723126439e+02 -3.025182263044712272e-03 -1.151890590975028772e-01
3.056749023722351239e+02 5.299117243596045910e+02 -2.105632344447485593e-01 -3.719846091948397770e-01
2.060462044371802222e+02 7.144599116720261236e+02 4.901799075352641921e-02 -8.090308245257915587e-02
7.353732827510958714e+02 9.715146580005058468e+02 -3.981860585483047998e-01 1.932392180846420615e-01
8.132837614354760944e+02 1.101497827306897761e+03 -2.425436917954471028e-02 7.434345013336951524e-03
2.524065364673583076e+02 4.808554295582105738e+02 1.268133449974584437e-02 -5.654868199049663431e-03
2.376020823491573424e+02 5.172734519740042742e+02 -4.173986124818421933e-02 -1.654275764180965780e-01
1.102422312342444684e+03 1.731993118051723002e+02 -1.242167102010777596e-01 2.927956879088355890e-02
1.018295876987335760e+03 2.009782755015287705e+02 1.078951036043160200e-01 1.104736308575316600e-01
1.019357171342912920e+03 2.426306771162173561e+02 1.144622892760404964e+00 -1.448679693486449649e+00
1.146267450513104677e+03 2.590481996706154746e+02 4.710709592154671554e-02 4.967870172910693327e-01
1.170947791890159124e+03 2.753990065325692740e+02 2.720663271641872785e-02 -3.576607060292644746e-01
1.183256068794045632e+03 3.013297783077047711e+02 -7.770503562596786651e-03 -3.254270715007123727e-02
1.208324545714662690e+03 3.041895321254268652e+02 -9.492650832779266079e-02 2.317435302967396638e-02
1.212924094044194817e+03 3.414052361044840040e+02 -4.033269838472885449e-01 1.436335978902339550e+00
1.248640847625178822e+03 3.523229873234535603e+02 -8.575047069477174932e-02 6.816474798540639313e-01
2.724588406150039646e+02 5.406683640859633897e+02 -5.647667021825478889e-02 -9.358817720567458309e-02
5.110363786700834225e+02 5.052881244638550129e+02 -6.792909164253918552e-01 4.599978443971508568e-01
8.590040381576525306e+02 9.275452021566546819e+02 -3.036105794514772360e-01 1.847942642154597193e-01
7.488435526880647330e+02 9.320403611482158794e+02 5.072765983935217937e-01 -1.987429647244880471e-01
2.702908555389595335e+02 3.802535132486165708e+02 3.686356767283882618e-02 2.974599839224651987e-01
2.424816630786152416e+02 5.330790989576396441e+02 -2.396925546939598917e-02 -6.671614408196546719e-02
5.532387935426105514e+02 4.934845059969397312e+02 -6.110988261956435963e-01 2.237010749110766028e-01
6.834915805122545862e+02 4.538435054367135990e+02 -4.368949503167414150e-01 3.305875990319577795e-01
9.465348011723939408e+02 1.742158543346839963e+02 2.304694655236971812e-02 1.642727817312561456e-01
9.865342885749489596e+02 1.660906520525996370e+02 1.996341904495011477e-01 -9.793992109716498362e-02
1.169805081576470684e+03 2.729513149820149351e+02 1.565213321155169979e-01 -1.547666729383934126e-01
1.225020177701348075e+03 3.905792680909535761e+02 1.481035715286225241e-01 -1.430475827231987296e-01
3.018618760211442691e+02 5.484582820084547166e+02 1.281269575256942517e-01 -5.071508310459194036e-02
1.997882519789161222e+02 6.000186790939611683e+02 1.536883804006095033e-01 -5.354506231020650375e-02
1.070985721155335114e+03 8.244942486622101114e+02 4.239344799774471539e-01 -2.671577034572010234e-01
2.570333220777769725e+02 3.505050556759210281e+02 0.000000000000000000e+00 0.000000000000000000e+00
2.824901657294985284e+02 5.192218716327093944e+02 0.000000000000000000e+00 0.000000000000000000e+00
2.926857628600469070e+02 5.218892715868871619e+02 0.000000000000000000e+00 0.000000000000000000e+00
9.409636547898162462e+02 1.851940969841971025e+02 0.000000000000000000e+00 0.000000000000000000e+00
1.064321265311356228e+03 1.876624001941052029e+02 0.000000000000000000e+00 0.000000000000000000e+00
1.002607997506588958e+03 2.057673935204182385e+02 0.000000000000000000e+00 0.000000000000000000e+00
1.067491587121561679e+03 2.299306031887433619e+02 0.000000000000000000e+00 0.000000000000000000e+00
1.112674608224868280e+03 2.316968375328943353e+02 0.000000000000000000e+00 0.000000000000000000e+00
1.098905526834911598e+03 2.418735259279611114e+02 0.000000000000000000e+00 0.000000000000000000e+00
1.163602745341552691e+03 1.643874785554587845e+02 0.000000000000000000e+00 0.000000000000000000e+00
1.165860867549956311e+03 2.125504044182075916e+02 0.000000000000000000e+00 0.000000000000000000e+00
1.169495894181301537e+03 2.172695303009198255e+02 0.000000000000000000e+00 0.000000000000000000e+00
1.194898738227429703e+03 2.172471333927967407e+02 0.000000000000000000e+00 0.000000000000000000e+00
1.191690493113105958e+03 2.550175477444443288e+02 0.000000000000000000e+00 0.000000000000000000e+00
1.198117773569133988e+03 2.558657032698627347e+02 0.000000000000000000e+00 0.000000000000000000e+00
2.457171288903534787e+02 5.416686083259777433e+02 0.000000000000000000e+00 0.000000000000000000e+00
2.869324097914176832e+02 5.577018280678588553e+02 0.000000000000000000e+00 0.000000000000000000e+00
2.214623618965553931e+02 5.995438217989369605e+02 0.000000000000000000e+00 0.000000000000000000e+00
2.349163982226911855e+02 5.993357290232764853e+02 0.000000000000000000e+00 0.000000000000000000e+00
3.125169917340168126e+02 6.232496827389250029e+02 0.000000000000000000e+00 0.000000000000000000e+00
2.833615515197566310e+02 6.659677737978465757e+02 0.000000000000000000e+00 0.000000000000000000e+00
2.805347850655798538e+02 6.712211259775324379e+02 0.000000000000000000e+00 0.000000000000000000e+00
3.076171111199378743e+02 5.345998162821929327e+02 0.000000000000000000e+00 0.000000000000000000e+00
7.598273814426264607e+02 4.893373057108890976e+02 0.000000000000000000e+00 0.000000000000000000e+00
9.109344954395883178e+02 8.506836998835948407e+02 0.000000000000000000e+00 0.000000000000000000e+00
8.878241361351524574e+02 1.102568611246841783e+03 0.000000000000000000e+00 0.000000000000000000e+00
