1.338153585541249129e+02 3.782714374096657934e+02 -1.751022951472776083e-03 -4.045909708449949189e-03
3.039496881340950836e+02 5.783893802046845849e+02 -7.689922438225724015e-03 2.390567594871565327e-03
2.738209707319788322e+02 5.437441511808950736e+02 1.483180638523784803e-03 -7.611583274527868211e-03
2.532175032142467899e+02 4.654685743710799670e+02 7.079752619737370717e-03 6.806185438316752438e-04
2.283149382521705490e+02 6.104896851239691387e+02 -3.229895284590330240e-05 3.328297527055424070e-03
2.782544609855315230e+02 5.529835452426580105e+02 -2.952978368244716170e-03 -1.085513640295049593e-03
2.933802780087362407e+02 5.683561372881640636e+02 -1.431534734776543707e-02 7.781335447856069405e-03
2.582856991209399098e+02 4.054227972039511769e+02 -7.579352337539560502e-02 -1.130858930701549026e-01
3.151583880697110658e+02 4.721610669185329243e+02 5.542977043879289238e-03 3.958311509661193404e-03
3.222380297934548139e+02 4.683424347065682127e+02 -4.080780363937161655e-03 -4.770943531984767581e-03
8.221114954441651435e+02 3.351998438481480775e+02 2.167074630999886731e-01 -6.681065847489532639e-02
3.269539707828321298e+02 4.958824246485737604e+02 -9.744719374193980266e-02 3.060690081145249833e-02
5.652435512901473658e+02 3.868795822626000813e+02 -3.137939709310810354e-03 1.103935066602375684e-02
5.633878525960906245e+02 3.811172331312187112e+02 2.569257419302985873e-02 -4.400402659767353904e-03
2.780929993330551611e+02 4.854850959890775925e+02 -6.202000960659254103e-02 4.103653483427550930e-02
3.138316362451247414e+02 5.116135141715189434e+02 -2.566537955583791594e-02 1.974566789556882901e-04
3.382135098709196654e+02 5.327266659104730024e+02 -2.146231604632081735e-02 3.167036656472561190e-02
3.351814391119170864e+02 5.048253669239733199e+02 -6.869405537518746829e-02 3.559931629033396671e-03
3.385820223531490569e+02 5.396306511836854725e+02 -3.966980495243381533e-02 1.002754104578375272e-02
3.109564139231484319e+02 5.322876545409222899e+02 -3.155665100930806453e-03 -1.951505222058864866e-03
3.238545755771746144e+02 5.588404714399899831e+02 5.966563240830586624e-03 7.523282480980186078e-04
8.554936081794071470e+02 3.795720990258197958e+02 -5.659444441988119301e-02 -5.850572420325930029e-02
7.067234355633399900e+02 4.198339412782336240e+02 1.741122436798004075e-04 -6.650854058704572767e-03
7.635142694768134106e+02 4.294050271761767590e+02 7.556201142394888652e-03 9.812762694625937546e-03
5.673315504618808518e+02 4.604253219041386274e+02 -4.338159122924667432e-01 1.172489118222476284e-01
1.097563432854021130e+03 2.089554290367350688e+02 1.423472987090183828e-02 -2.152939359972972644e-01
3.368704619752400617e+02 4.788610704383680172e+02 -1.648126893891990463e-01 2.803560641045141702e-02
1.182291553444285228e+03 1.859417033639595900e+02 -1.518479153356556716e-03 9.422360037408981578e-03
1.218911617663162588e+03 2.527273208938817390e+02 1.338102738309947335e-03 -9.443546579725455720e-03
1.193423760568395210e+03 3.724157307312949570e+02 -1.573989891249487436e-03 2.218364171816426117e-03
1.205460298803288424e+03 3.953213023526803909e+02 7.346724224049413360e-03 -6.416062390339654850e-03
2.751265736939520821e+02 5.624089241258211587e+02 -3.750632235511769212e-03 1.375025807535711422e-02
2.001137654716628447e+02 6.567268670227365419e+02 -1.305915053414440606e-02 -2.186259063823809486e-05
2.762641642995367874e+02 5.762671480901083214e+02 -4.548897795419828190e-04 1.265945653658896415e-03
2.723040962460828496e+02 5.916365166369575945e+02 -7.871328203598093381e-04 1.743450142291546505e-03
2.689059137352731454e+02 5.950291560376650750e+02 -5.522113670583441575e-03 -7.909464608933331007e-04
2.485673542257652571e+02 6.033607625468588367e+02 9.051326681022073967e-03 -8.000961879048137243e-03
2.808091132221018142e+02 6.015274003374528320e+02 -3.270600899326728782e-03 -5.760412126548571446e-03
2.484361969214791088e+02 6.187272726621565653e+02 5.359054337617689479e-04 -4.641497633654148754e-03
2.557875679897106806e+02 6.218782290589603008e+02 -3.492622328613014318e-03 -1.035397587587691404e-02
2.273884731632284968e+02 6.326670930595379332e+02 -2.579420784755792704e-03 1.589001074975304436e-03
2.799708455534187124e+02 6.310770468340633670e+02 1.831516377627385658e-02 3.566725079680833303e-03
3.000049906048210460e+02 6.318248415771695363e+02 -2.574484604683067654e-03 5.384465508766447979e-03
2.246468022445529300e+02 6.438971985305423686e+02 -6.488318897921074163e-03 7.493251255143581861e-03
2.866629820851697446e+02 6.362594794072942932e+02 8.506637823188049896e-03 -8.001783165922244853e-03
2.962236496704662727e+02 6.360184642164203979e+02 1.715286141564765707e-02 -2.082445447196714858e-02
2.376042491311415574e+02 6.441288249139345226e+02 4.232971833575598607e-03 8.234943494771149175e-03
2.589073788938887333e+02 6.402945180826046681e+02 4.513211224899477125e-03 4.955192727891807349e-03
2.645613021236241025e+02 6.396986833580733673e+02 -3.559008321767488311e-03 -6.230831106335028499e-03
2.291950351006648532e+02 6.564425876493152145e+02 1.404060463778140401e-02 -2.182349741379802695e-03
2.613395867591327146e+02 6.555370765483118021e+02 1.132202934302774765e-02 4.612666457626684452e-03
2.694949948660004679e+02 6.521275968364194568e+02 2.620158157378457524e-04 -5.636557816061294433e-03
2.925046142463268666e+02 6.526753651994689562e+02 2.762212474423076172e-02 3.317845434466026779e-03
2.737841747868172888e+02 6.584891766254912682e+02 -9.272074250270408505e-03 1.416519992150288947e-02
2.471902110963550854e+02 6.618803738350878803e+02 -2.159570578045855952e-03 9.869733738799025755e-03
2.554977565704117808e+02 6.661350476095406066e+02 1.039012193952020859e-03 1.460769942285212314e-03
2.080747736138250161e+02 6.707270679866260252e+02 -1.011804551925164037e-03 -1.536195764942413673e-02
2.617125620351943667e+02 6.687808496682531541e+02 -2.290695612265324522e-03 -2.156645310867251011e-05
2.005915757673955397e+02 6.986824849358835081e+02 -3.218246463415432349e-04 3.636943426930893102e-03
2.361838615382827129e+02 6.789637450056727630e+02 -1.814779456613660165e-03 -3.935412286984888222e-03
2.252647459604276037e+02 6.826949155717392159e+02 -3.886271988796403867e-03 -1.288157998802525600e-02
2.172007469612333921e+02 6.864378570946757918e+02 2.523945086438169651e-03 -3.644232706029911471e-03
2.331103493429590117e+02 6.894557485826188667e+02 -1.693514202805423627e-03 1.364847793074051505e-02
2.410803450147350304e+02 6.930294822213085126e+02 -1.182503019975348528e-03 -5.434718929830812013e-03
2.051181659996131827e+02 7.116411833124490158e+02 9.376596605037402186e-04 2.574330127375483966e-03
2.779537059252334643e+02 6.876379828595091794e+02 5.834757211714261451e-04 -8.377823340012610252e-04
2.518251893108029265e+02 6.936347127811110340e+02 1.571423010917365713e-03 2.647618635177927202e-03
2.686067442125319644e+02 6.942113264837076940e+02 -1.793382452410359007e-03 4.113552687544602335e-03
2.751695851121769465e+02 6.961507447182613078e+02 2.875329232474181651e-03 7.400127936083402032e-03
2.596730486126045889e+02 6.985947867464639103e+02 7.896170591333664425e-04 -5.317307793350187261e-04
2.541866478981495447e+02 7.016745787751278840e+02 2.228735225930724567e-03 4.172773712079925904e-04
2.466822287848712847e+02 7.072986403729527183e+02 -1.621719678600847675e-02 -6.151545094210200855e-03
2.696197285150753942e+02 7.053936367688977498e+02 -1.524121890611803516e-03 5.004388920910249339e-03
2.585228159313262495e+02 7.076919789954501994e+02 1.853432864699792798e-04 -5.959618117838833169e-03
2.615502064561409270e+02 7.122168229305984823e+02 -1.031754166645594897e-02 8.333800655675689673e-03
2.191459468014647882e+02 7.170040862053040200e+02 1.538993372489326494e-03 2.370747315819586500e-03
2.212055507564583081e+02 7.251159918769205888e+02 7.889511425509506196e-03 4.952844246883956504e-03
2.506196274894629141e+02 7.142475458886412980e+02 -6.897117251563904608e-03 9.848113661941269512e-03
2.153351073874094936e+02 7.396671086263204415e+02 1.205907450535692420e-02 -1.743354025921185465e-03
2.347913852719097463e+02 7.257109081735959535e+02 3.025094121968808895e-05 -4.790150446994927147e-03
2.619281136168110038e+02 7.269238312814485425e+02 3.116110935304214672e-04 -1.847934428245944210e-03
2.185672452278608660e+02 7.341050677779726357e+02 9.231517812362753086e-04 1.978573754765627999e-03
2.553217907068778061e+02 7.305565601470409547e+02 3.316945624433602011e-03 9.229200997363630823e-03
2.352653462276997516e+02 7.364293225377872432e+02 -5.771529478749363572e-05 2.011007114591316890e-03
2.196698499870014132e+02 7.515141164076662790e+02 -2.565758266557183892e-03 1.590591762573293974e-02
2.277159765005478675e+02 7.468383639546248105e+02 -1.240875760475016257e-02 8.863018325849108398e-03
2.481701691903825804e+02 7.457478095496794595e+02 3.924527837943913612e-03 5.762508500244603073e-03
2.396253316626707601e+02 7.473845437912481202e+02 -1.137633385541091807e-02 1.027096610539051692e-02
2.556357300035670903e+02 7.448899222951338288e+02 -4.107856321225973779e-03 -1.252535417432515516e-04
2.531540445047857020e+02 7.522703601220484870e+02 2.862224461095271358e-02 1.013950219464506905e-02
2.429756726521553674e+02 7.533991644415249311e+02 -4.272508927989733724e-04 4.901239684170264656e-03
2.483426832149752670e+02 7.596383202194115256e+02 -8.780955355554383905e-04 -6.339617531002749015e-04
6.343629372822865662e+02 8.219981679535366084e+02 -2.950371419551134366e-05 5.198067234516094270e-04
9.124624780228034524e+02 8.059608142148499610e+02 2.758412637014302977e-04 4.961679826352554399e-04
4.599826994187945388e+02 9.415421001249362689e+02 4.969775462200232141e-04 -5.561066828481625677e-04
6.974378064809576472e+02 9.060113862948530823e+02 -4.425360706674346528e-02 1.436814469090366697e-02
9.065777857868715728e+02 9.232104463136361119e+02 6.711782800120189192e-03 -5.189058344070521071e-03
9.007363707150219625e+02 9.278913736572338848e+02 3.034553018972356835e-03 4.918568619773801406e-04
7.083408459043264429e+02 9.868181735699594128e+02 1.011610867407384956e-01 -8.017715958090991524e-02
7.149911618498708776e+02 1.011525731162541888e+03 -9.493562397933196092e-05 -5.079228254411610136e-04
7.048977061176085499e+02 1.023711939233804515e+03 -1.073118942060480698e-03 1.263638201630828441e-03
9.157373106110233039e+02 8.723004469082883361e+02 5.143201398019403570e-01 -1.911940141617344824e-01
3.544779825479977262e+02 1.057699278565262148e+03 1.902178960061363944e-02 3.476244063449485111e-03
4.816887527199483543e+02 1.099072881055705011e+03 3.951936310134235427e-04 4.535077468274424108e-04
7.044723337342265950e+02 1.036439181260870555e+03 1.254718243798028102e-05 -2.406750635767064897e-04
7.518423062045637835e+02 1.067588823515020295e+03 1.260052687088642861e-05 5.513733041006711527e-04
7.456311756323297004e+02 1.071420938151444943e+03 9.366565973998671358e-05 -1.096281374864450193e-03
1.309899989501515449e+02 3.248502467746039883e+02 -7.406721095128657346e-04 -4.927094043297291235e-04
1.051868059068416869e+03 8.161993971713187648e+02 9.314073981331805197e-01 -3.730182204483231123e-01
1.239035540053728710e+03 3.979916577179294563e+02 2.494787011835679705e-02 -2.604959231379976037e-02
8.997425758907801310e+02 1.102194574898083147e+03 1.383490676622692740e-04 -1.917079061405445968e-04
1.176203389474712822e+03 2.272764005319607747e+02 -4.263530953912687133e-02 -1.177753868175092887e-02
2.552083462658966084e+02 7.083339535709254733e+02 3.097631860562092393e-04 -3.399151639099376281e-03
8.249662418140907221e+02 1.102212772498171262e+03 1.175358604149830035e-03 -3.060973776590087954e-04
2.480423450200541708e+02 5.656787248496075335e+02 -3.861567648241947311e-03 2.965753670446022276e-03
9.495732183975629823e+02 2.486049371103642329e+02 4.320412582965128465e-03 1.985629070771206209e-03
1.128236810969948920e+03 3.514829254419903464e+02 -2.526395686856522903e-03 7.641585098728529910e-03
2.793664368731489276e+02 6.526101320507266337e+02 2.082677301361832471e-04 -1.040711355143333908e-05
1.348145348860034858e+02 3.997150374506366006e+02 9.571533094262716897e-04 -2.697810306730420715e-03
2.339809877002170992e+02 6.683122945268189596e+02 -7.548951389216062083e-03 -4.288232158821959385e-03
1.008341582796108355e+03 9.275243016778641731e+02 3.010374904340213948e-04 3.053294612329571721e-04
1.294496876941222126e+03 3.660246221079405018e+02 -1.807537884678372259e-02 4.515098648637534684e-03
2.248179100140493460e+02 3.127202325357933432e+02 -7.158234675375582667e-02 -3.382747418230880321e-01
2.774068721646950735e+02 6.151811324156598175e+02 -9.692619379629742330e-04 7.420815650381864560e-03
2.633771062643143637e+02 5.320495297246196742e+02 -7.816497874901050247e-02 1.151494576221689381e-01
2.306712196953981504e+02 7.753016496534655744e+02 -1.030203636679741632e-03 -7.539906170894811188e-03
7.688475395573436799e+02 4.474971082784087457e+02 -3.657339757305995420e-02 1.944446999975595405e-02
2.500739744213776135e+02 4.167981267043330149e+02 -9.163543611665861399e-02 -2.585970145022457589e-01
1.105126017773383637e+03 2.327496004348654992e+02 -9.323493492610900046e-02 9.293614693239990454e-02
3.832038454554653413e+02 5.396218518068802723e+02 6.153601944037018906e-02 -7.117063122966398037e-02
7.822094187513097268e+02 8.887677448632539381e+02 3.938812863906276940e-01 -2.074843850711280691e-01
2.489806434626498799e+02 6.734211554616106241e+02 8.420114374826984799e-03 -1.884739339329420975e-03
2.138391345070773184e+02 6.383872812756214898e+02 5.726747081312023001e-03 -3.805816021442729163e-03
6.284269064051470650e+02 4.380113939712525166e+02 -5.497922320320737244e-01 1.781980781555366766e-01
2.682037930181206775e+02 3.006976268894082978e+02 -7.847201083203763586e-04 -7.106733786829386211e-04
9.920536461124112293e+02 2.097228406697512355e+02 -7.042228247160387845e-03 1.457829670554551017e-03
2.130835176389965682e+02 7.493688210184592435e+02 -1.894650354890443748e-03 -1.537662620908932746e-03
2.863535559850986942e+02 4.517506399098597285e+02 1.482842848075745061e-02 1.084647867150133511e-02
2.765220875953293103e+02 6.771324642295224976e+02 -1.222833976422094474e-02 -1.088107017459502557e-02
2.918624811752964092e+02 6.481934292342094750e+02 -4.646846813066999628e-03 1.349038320383649792e-02
2.462990099233790602e+02 5.175836899000238418e+02 -5.947801642434180462e-03 -5.324155446492068698e-03
2.633472045347969015e+02 4.987712062130311779e+02 3.516991026677458547e-03 -2.192330000336778842e-02
2.018486954081541001e+02 6.343857449424826882e+02 4.748781611628448071e-03 2.521352977170170009e-03
2.750225613902135819e+02 6.898278605468877913e+02 1.831494096468124638e-03 -8.578121564240892907e-03
1.068869935061156184e+03 2.173009625746328766e+02 7.092117520601683286e-04 6.046374141645304186e-03
2.693312063575643265e+02 4.368168558080359389e+02 -4.297161030148579676e-03 1.671746687132344769e-02
2.576967235010147306e+02 4.979899021279180147e+02 1.172476109898656135e-03 -2.567225001542841611e-02
1.964588296567107761e+02 6.992584317919136083e+02 1.110408360063382767e-03 -2.650982360606657460e-03
1.152038828384625958e+03 3.245939692940045802e+02 -1.349530208789708439e-02 8.916659546984943840e-03
2.649356618528314584e+02 4.383665400568962696e+02 -1.737111524164447474e-03 1.359063300775302865e-02
4.883870000501933646e+02 4.515298517344839411e+02 -6.312688444705253366e-01 1.840700243075634457e-01
2.422115455572302949e+02 4.924234785514165083e+02 2.021686635145561982e-03 -2.964056642590526605e-02
2.549921464864947609e+02 5.059003790635319433e+02 4.124836673009377175e-03 -3.412267014969322301e-03
1.154102024151686919e+03 2.474908004264054000e+02 4.154467104858622882e-03 -8.029953944717610828e-03
3.081571409088562064e+02 5.109840988449603287e+02 -3.777986318560874052e-02 -3.309324847249444507e-02
2.338761756877469224e+02 7.721775973220813967e+02 -6.716440436516429510e-03 8.461915206651448099e-03
2.755202772243896447e+02 6.413386917315168603e+02 3.578053870184460389e-03 -1.445133982057617873e-03
9.345462013102934407e+02 8.338864491354449910e+02 4.874412359359522884e-01 -2.525272498886950712e-01
2.624105198869337983e+02 5.160313019076908176e+02 2.187460473750927129e-02 -2.539429572588197074e-03
2.726365523555633104e+02 4.160627044274707487e+02 9.856693555502040772e-04 3.721802742326348057e-02
1.205605025844340162e+03 2.290564828264301127e+02 1.440600380615116201e-02 8.204637951911251947e-03
1.153732262938834310e+03 2.194744284140834054e+02 4.207454201873183329e-03 1.912582809383408947e-03
2.289831692523787865e+02 7.622579734460261989e+02 2.061933815367795585e-03 -1.640328691535452741e-03
5.640610432145639379e+02 4.330545221267925626e+02 -3.910930570331512257e-01 1.501807342347458163e-01
2.302416616153215045e+02 5.754489663952721230e+02 -2.966483488565173354e-02 -7.977200889596663957e-03
2.543573641016782574e+02 4.790190029684733304e+02 7.051472269222808578e-03 -4.517572153332425483e-02
2.407502177541748551e+02 5.963945944242065025e+02 -1.744985813410052967e-03 -2.461974902002615848e-03
8.410530872306687797e+02 3.579151342358175611e+02 -3.740635984993478935e-01 2.534786930234137481e-01
8.344545713594628751e+02 3.218280289589214931e+02 -5.142890991976963901e-03 7.038333443958462790e-03
1.921959713553884797e+02 6.841741798704630355e+02 5.854801156429533145e-03 -4.065185023071733565e-03
2.722343950497670448e+02 4.427383279543505523e+02 -2.538405814586647356e-03 3.902019210183407111e-02
3.569125984345840266e+02 4.863068324573984569e+02 -4.735174261356865921e-01 6.570125363546173991e-02
1.131797381676673012e+03 1.946980786335766140e+02 2.503492523590349420e-02 4.264718649092950897e-02
1.224070303853001860e+03 3.971077436845681632e+02 1.909654180134665643e-03 -4.862588691952790358e-03
2.230394499584485288e+02 6.944846432007683461e+02 -7.569053316043751999e-03 -2.325514032349929039e-03
6.496468243237383149e+02 4.166492694814520519e+02 -4.330147485931565843e-01 1.159290751996438634e-01
5.024177916899304250e+02 4.438014157855624831e+02 -5.222524125162162356e-01 1.892643440056453741e-01
2.841919942904854111e+02 6.266523544039215494e+02 -4.498080518052718565e-03 1.331961690053810009e-02
2.600452850486163925e+02 4.719013046262996340e+02 2.913092921217115116e-03 -6.561970155302172814e-02
2.641231904830789858e+02 3.998968016698282781e+02 4.633112521517349092e-02 5.925478553452516450e-02
2.642229531374389353e+02 6.367372658918702655e+02 1.792893717380298485e-02 1.782940971982088438e-02
1.130398290035187529e+03 2.217743840784333145e+02 2.668891651378634336e-02 -1.739996831247762627e-03
1.253612512988723211e+03 3.286681277455734858e+02 1.241255420375587670e-01 -7.389136121532535739e-02
2.154913096920361397e+02 6.935019208970028330e+02 3.688589350059488705e-03 -4.973653354184507866e-03
2.817905053393069466e+02 6.134625857103166027e+02 -1.497181133043629271e-03 -3.779452814219529458e-03
1.073456654785416049e+03 8.061759130737947316e+02 8.359388828709625185e-01 -4.255679461335639124e-01
3.076564589031415835e+02 4.969035260514726247e+02 -7.128102303624365109e-03 1.721080285355385334e-02
2.616586106587758991e+02 6.791503845346318258e+02 1.748135444267185160e-03 -2.829509861783771098e-03
2.583714894484973570e+02 4.489015538684919875e+02 -2.103229232826415301e-02 -1.112970666572324491e-01
2.099184266442980231e+02 5.840243369013907113e+02 -4.206447058064409494e-03 8.896275246307046303e-03
2.792276140703043552e+02 4.643863467389740549e+02 9.111466407237251222e-03 7.358514735251210637e-02
2.924926712621855813e+02 5.940441783570657890e+02 1.703873469196959560e-03 -1.484540408536853644e-02
1.156413378365165499e+03 2.158968809459472027e+02 -6.610934177562587111e-02 -1.328984016284678604e-01
8.914279861910187037e+02 9.322260654050330686e+02 -2.950455674172279682e-04 -1.129389302411371943e-03
2.325329803191595772e+02 3.546523791694949637e+02 -9.206366941079842381e-02 -3.554163688770889951e-01
3.185136888048805304e+02 4.994049560606962928e+02 -6.362301246801760346e-02 1.991295144853605370e-02
1.127668547765526228e+03 3.616578078495649606e+02 -6.032253085264204125e-03 1.947737120519438259e-02
5.775150663804462283e+02 4.193940215002463674e+02 -4.344356741940290090e-01 8.475913448425180519e-02
3.498098915273992588e+02 4.937217876849301774e+02 -1.601044583341857397e-01 7.441183960430960975e-02
2.975478491468264792e+02 5.389876820863270268e+02 1.676168112021852096e-03 -3.544428618758754378e-03
1.185690825532418785e+03 2.315514161060639537e+02 6.280829274065482257e-04 1.367003645616433026e-03
3.483915097067614397e+02 1.061296446800949752e+03 4.570245102658785676e-03 -1.388722513892353544e-02
2.086991613553909133e+02 6.886457346428647952e+02 4.346601580226492354e-04 -4.376375512003172555e-03
2.445614721699880079e+02 6.460585567223517955e+02 8.025384944416076582e-03 -8.342417465061348347e-03
1.209891159330258461e+03 2.606789606712879390e+02 5.315199382403980495e-03 -1.422657110884308594e-02
4.695080272067745568e+02 4.446231440956065057e+02 -6.369613665349317388e-01 1.668381720080605590e-01
2.435105814126697510e+02 6.291436079444508778e+02 -4.362211666816192060e-03 -7.371352762518627519e-03
2.328956806539020192e+02 6.339124727256591996e+02 -3.517512218692083088e-03 5.102505276326074236e-03
2.578432878585794583e+02 5.104597501563898163e+02 1.173214741864438485e-03 5.449192266809458479e-03
4.614030429774286972e+02 4.587586859003798168e+02 -6.614660229225520771e-01 1.230631750569526478e-01
2.277634746300496715e+02 6.719966596696655188e+02 -1.000326714668462423e-02 -3.062128277457588227e-02
1.250203300899024953e+03 3.648742821322817349e+02 -5.836951297331523063e-03 -4.952757580927838292e-03
3.237977881707123515e+02 5.160433274955987599e+02 -1.824316631622015933e-02 -1.634724951221901146e-02
3.231154031113643441e+02 5.347550626731624561e+02 -1.186748049200793929e-02 2.819560850713118474e-02
2.704840002556607601e+02 5.651077154184296205e+02 -7.187578833087074175e-03 -1.409477900067778898e-03
2.421016920047183589e+02 6.103309005559157185e+02 2.178578418848512322e-04 -4.329229097421186112e-03
2.983418915685355159e+02 5.805791731203845529e+02 -2.497336391272282977e-03 -2.279939746973234493e-03
2.315743421444963417e+02 5.244259136950314542e+02 1.081886546128648791e-01 -1.897396916055892890e-01
8.830084527819705045e+02 8.769440012811961651e+02 4.413779338431196853e-01 -1.715610966768378043e-01
3.362607707560796939e+02 1.081278133166128555e+03 2.807803135253620838e-02 -1.185334575373390466e-02
1.231211330325444578e+03 2.554673383824286645e+02 1.719149955731676810e-02 -6.669426114024809560e-03
3.346849996479713809e+02 1.062547364000200332e+03 1.302711467397077959e-02 3.851605921440885531e-03
3.275425600878687078e+02 1.063746777633137071e+03 1.176097076247549153e-02 1.688081542111282210e-02
9.931370649512836053e+02 8.269481815545926793e+02 4.528835236091218186e-01 -1.716879646301781581e-01
3.006257362325197278e+02 5.496047927354928788e+02 -6.229441940358427902e-03 3.758570205210918710e-03
1.148147609961561329e+03 2.464316072928855021e+02 -2.602954232572463663e-03 6.189497345928322413e-04
2.189526201355344597e+02 6.450212576884226792e+02 3.304381061322245790e-03 2.292869479322347335e-03
4.181474930015605196e+02 4.963876534800334639e+02 -6.007608666490220628e-01 5.721488060185386804e-02
2.601546987505063271e+02 3.600537662400577688e+02 8.021596067839264349e-03 4.133614578054480015e-02
2.073390281395413126e+02 5.133089872013359809e+02 4.516600489067471372e-03 6.309080632647264333e-03
2.487176604714467203e+02 3.747568436397739902e+02 2.495633062520985837e-02 9.374241796661517134e-02
8.148077995194799996e+02 9.127186310197814691e+02 4.121130027886573677e-01 -1.359847906315929111e-01
3.314608556935248771e+02 5.544964537120703199e+02 2.296279704773163469e-03 2.240034924543264118e-03
3.477888239622506603e+02 5.220977546753707657e+02 9.635155458103819570e-02 -1.635287165585720334e-02
2.512886377939364877e+02 4.858954595721069722e+02 1.924193006477021434e-02 -4.040688326110097872e-02
2.247576543690925348e+02 7.646499571922344103e+02 1.504095826710358588e-02 -7.555165119865165724e-04
2.831484195761623823e+02 6.718315581003846546e+02 -3.946463082572205898e-03 1.219849162105625037e-02
8.213595078727323653e+02 3.515341949129684735e+02 9.150113560063927176e-03 -3.111380765415477367e-01
5.954664339273178939e+02 4.138259528744057434e+02 -4.330134907200819949e-01 1.182002999188634801e-01
2.630509057353603453e+02 4.923024211716559080e+02 -2.141086035194213373e-03 -2.642537127933742777e-02
1.957869449214292956e+02 6.345874078928214885e+02 3.306687062489584248e-03 -5.244883467971118290e-02
2.031884070451554294e+02 6.772812391994191330e+02 2.754313888351532947e-03 2.060893625181988570e-02
8.309695695093703307e+02 8.904451661053652742e+02 4.957070564384778444e-01 -1.754465967445617280e-01
9.458350097150622560e+02 8.594016818622925484e+02 4.568236278105742287e-01 -1.596998846963144092e-01
9.572005719812098050e+02 8.776716448440204204e+02 5.082349299596979897e-01 -1.776113943783704796e-01
1.035968777098680675e+03 3.328076743434558011e+02 3.492062955202236973e-01 -9.412478878291247186e-02
1.048973485819095231e+03 8.282421966945056511e+02 9.157586120363219173e-01 -3.405730171304126586e-01
3.288131226700784850e+02 5.494724742388616505e+02 1.338110861647039303e-02 -1.168776223218880896e-02
2.480999686748886575e+02 5.876791088649544008e+02 -6.419930065614814921e-04 2.364133038062535361e-03
2.403943837113929476e+02 3.844965498901169099e+02 -8.553158660057849638e-02 -2.937254457710444799e-01
5.376642118737856890e+02 4.676731577740013677e+02 -1.988933592894607805e-01 7.399792631659211917e-02
2.420806254266684050e+02 3.583894712935914413e+02 4.319377987627322918e-03 1.146810002288950470e-02
2.683900228332575466e+02 3.865962042511429217e+02 1.421058086065507889e-02 8.376239407504280921e-02
2.644368969631479445e+02 4.121365645102781627e+02 1.577402447220369042e-02 6.854597855301663989e-02
2.257435375369881569e+02 7.565303181249715863e+02 -1.030866698137049460e-02 1.294940507860512392e-03
2.399355265819758358e+02 5.772745762599148520e+02 4.917796855116954996e-04 1.937777396349573689e-01
5.661713524036239278e+02 4.529207600635342601e+02 -4.168297663361713590e-01 1.126199300399486625e-01
2.368377995529200462e+02 5.070146362456262068e+02 -2.484034887899160687e-02 -5.968691727330809743e-02
2.531724065005562636e+02 3.362942177579834606e+02 -5.053193459261954949e-03 -1.445941419459158793e-02
1.056460916106925652e+03 1.870251526936517905e+02 -1.160575712325532171e-03 4.351001170409283213e-03
5.507477877065614393e+02 4.355927636106151226e+02 -3.857171739232455043e-01 2.097700843278407778e-01
5.812592911343044761e+02 4.270583821798901454e+02 -4.239742613143517302e-01 6.078913952198450321e-02
1.124956195858644151e+03 3.131411276980720686e+02 2.887949640711901522e-01 8.046193176999685837e-03
2.618727194956218796e+02 4.806623981689906486e+02 -4.018174284785327489e-03 -5.045664727362628166e-02
2.884690430724762109e+02 6.200271949419284283e+02 -9.107502556383399381e-03 1.059294535269321436e-02
1.172943546764282701e+03 3.831095629452365188e+02 -1.202654136284196477e-02 1.332477573227982583e-02
3.678059498775026555e+02 5.260395788810747035e+02 -3.559584707860151687e-01 7.801855043817115809e-02
2.851543015507696737e+02 6.459704929205028066e+02 -1.052690279001725131e-04 -1.604466534481256484e-03
2.112586465572898362e+02 7.376906058717984251e+02 1.737669398592781456e-03 3.683717177713477595e-03
2.463176009378275921e+02 7.285799613730147257e+02 -5.425212444639792436e-04 -1.728002790039879707e-02
1.154003362305234532e+03 3.754474017407956694e+02 6.113805664730678421e-03 -2.911310335312099554e-03
4.159920821723210338e+02 4.893891486077140485e+02 -5.964435416991118455e-01 6.908047120008528608e-02
2.175452493627698232e+02 7.634250356496007726e+02 1.463386498037374389e-02 8.070625974624764248e-03
1.230705551925311056e+03 2.456094382638289915e+02 3.671068119715663151e-03 1.906561238789460837e-03
2.589931329188761993e+02 5.054000953490919983e+02 -1.567892250634846454e-02 -2.213021011225250675e-02
1.134172424816011699e+03 3.573332079633819376e+02 7.383278618817712413e-04 -2.432075360122600699e-03
3.407675780220460524e+02 5.516417867568399060e+02 -7.003393952221687035e-03 -4.808682287712189897e-03
2.632111250156185065e+02 4.656034749354484461e+02 4.410850976669978413e-02 -8.754086288238363545e-02
1.926537292750411723e+02 5.779940225143949419e+02 5.607113680032499436e-03 -2.380936376479808863e-03
2.462999883048631204e+02 3.349604295352373242e+02 -8.218683213495449683e-04 -6.006183215895430014e-03
3.322427148361077798e+02 5.116339968514864722e+02 -6.229423674582536957e-02 -1.951522213077920911e-02
2.751068184488393626e+02 5.821342986030359725e+02 -2.642639938945122620e-03 -7.853335510681559023e-03
8.657128193288938292e+02 8.813335418071138747e+02 4.791325434514813741e-01 -2.435841166646833811e-01
1.198374353853539787e+03 1.986041733950191315e+02 -3.577755413282442728e-03 8.708317472286748046e-03
9.904420047908367906e+02 8.196736246469678235e+02 4.333961342876078149e-01 -1.724845840417221499e-01
8.630590591055847653e+02 8.747476268357703475e+02 4.767017590034757224e-01 -2.435007689560151345e-01
1.142335808862410886e+03 1.885741997698606269e+02 2.623289981779004798e-02 -1.153984356457614206e-02
2.564868891335918306e+02 5.954499232140932463e+02 2.024953997971748118e-03 -2.743114689084481805e-03
3.203356041951458337e+02 5.058013303483253935e+02 -3.982779580948293124e-02 -4.529929056804851001e-03
2.143235121611295142e+02 7.192209486379266536e+02 -2.104652159430045650e-04 1.686139372686108664e-03
2.993113852675638213e+02 6.033014305913623048e+02 -1.356143415923815113e-03 -1.461794935758772753e-03
2.227314454599146245e+02 7.036173551811713196e+02 -1.944459283335093613e-03 1.106548695442242101e-04
2.569816916044978257e+02 4.863597992054012025e+02 -5.057885382249838364e-03 -3.320135222610934994e-02
2.298208764173119789e+02 5.588736862286780251e+02 4.075724826698701436e-04 1.014468634393509002e-03
7.706987328218439188e+02 3.763231152858710971e+02 -5.133835962075339321e-01 2.543170551523760148e-01
2.662169172299870752e+02 4.607380489867194342e+02 -6.081919205055080768e-02 -1.427233673790241630e-01
1.168618211427282631e+03 3.838968604936572433e+02 5.711286316499813651e-03 -9.190016322509785007e-03
2.510274253447452679e+02 3.211233754098616942e+02 2.064589364989209783e-03 4.912150945666879549e-03
1.064067908477739138e+03 2.044135093204361340e+02 -5.894426029984889404e-02 5.534277608992543840e-02
2.406961457194397838e+02 3.421144223452881192e+02 1.299231898948425765e-02 5.004786160086068317e-03
1.105023700266177002e+03 2.064596827462889905e+02 4.653560797401672111e-02 -1.868538995316355693e-03
1.244781844910495920e+03 3.975047678649175964e+02 1.086010355905246130e-03 -7.814755594528950428e-04
2.219070395260054909e+02 6.372654831880429356e+02 1.134295251046237843e-03 4.820816070581722228e-03
1.120949872042946481e+03 2.214261185860808610e+02 -9.704756071292956060e-03 1.815513513364839793e-01
1.075447416003199351e+03 1.796666989850114646e+02 -2.058982098834115024e-02 4.476247627007472196e-02
5.531551577393191792e+02 4.787607007236728691e+02 -5.564540176199608279e-01 9.663702103777682684e-02
1.063091377036753101e+03 1.967973318407591705e+02 8.470792784257608066e-03 2.610398088377944084e-02
1.167147830523757420e+03 2.462554121268256324e+02 1.743676528903420966e-02 -1.962887383199848207e-02
7.205601478908336048e+02 3.670166860363194132e+02 6.009602984077959675e-01 -1.953993817750514506e-01
1.137359362662296917e+03 1.490027943366307852e+02 -8.198064489574384203e-03 -1.305128573767208242e-02
3.330182929425631073e+02 5.393526492205282921e+02 -2.588133639334510086e-02 1.916787730110537311e-02
2.582026419739374887e+02 4.155366899213844363e+02 6.851202815801904142e-03 1.849761394046569446e-02
3.042315754379988562e+02 6.226461120933786333e+02 3.711959958060547481e-03 5.800674381127987264e-03
7.221689990713535963e+02 9.145284710535840986e+02 -1.835696224977597102e-01 1.403527157740731279e-01
1.184797997026347048e+03 3.787951417727302328e+02 9.465808262003781118e-04 -4.914708715277091300e-03
9.914002721242404732e+02 7.382563242769593899e+02 5.896503742626644368e-02 3.928874924846839645e-02
2.885878454427761994e+02 6.619173317462750674e+02 1.656598960033367485e-02 -5.571407416524190581e-03
2.512037579433504391e+02 4.025295189869145815e+02 -1.301688520070929181e-02 9.858066930854816889e-02
8.448249676825944334e+02 3.612953731441596688e+02 -4.359591069321134271e-01 2.013085246874760648e-01
2.213713013172135788e+02 3.035831769740487402e+02 -7.057337744532393708e-02 -3.488928216926747150e-01
2.225201290873022231e+02 5.214442779265075387e+02 -8.839727116538982632e-02 9.625205215744662979e-02
7.265817853416343723e+02 9.158330167705414624e+02 -4.160859086299535381e-01 2.522932806748440782e-01
2.416169759434558273e+02 6.150818852332987490e+02 1.178298944746293282e-03 2.229985630768367526e-03
2.361159262368969110e+02 3.181359377969226898e+02 -1.114341740269605166e-04 3.857252290521780060e-03
2.435664499373905869e+02 7.364024935073241522e+02 -4.819757228590457361e-03 2.259661703583963708e-03
2.776426477844460123e+02 4.541264525678797099e+02 8.132250037634899259e-03 1.458730542518617626e-02
9.552443316432850224e+02 8.630738444869268733e+02 5.002608430549047025e-01 -1.682209558718865683e-01
1.039318393375066307e+03 2.026292877704766511e+02 -2.742026874311659715e-02 -1.825478891160917105e-01
1.164491121339029860e+03 1.625409601367999812e+02 1.521870948219279131e-02 -6.740241138460857477e-03
2.286525806003673722e+02 7.018809477680511009e+02 -3.082823732366122334e-03 -5.801333615867145140e-03
2.446102750108289001e+02 7.716177170995306369e+02 6.779383034700397874e-03 9.334390432268444698e-03
2.240216855454459051e+02 5.627351742708573283e+02 -7.831303739694681770e-03 -3.609359514927188047e-03
2.713375227235470675e+02 5.532058175708921226e+02 -2.618847864087598190e-02 7.328303118914720289e-04
2.818389026015848913e+02 4.390459762695701329e+02 1.055033525742567549e-02 2.245289932700461275e-02
2.451423910447391279e+02 6.823893143536988646e+02 -2.163993354027450924e-03 1.201102260243616052e-03
7.214790362923840803e+02 3.971662993909952206e+02 -4.930778151426006839e-01 2.001944775094264828e-01
3.087665235068648713e+02 5.634287066561784059e+02 -2.398824693183078133e-03 -1.057878844305562734e-02
8.201051259299191543e+02 3.300231001415591550e+02 2.615444476936034518e-02 -3.382476102260760335e-03
2.325852204292013425e+02 5.316428127686325524e+02 -2.220345032762817070e-03 -3.418429889803060399e-03
1.185632742445554868e+03 2.226206151427306850e+02 3.883334503898998313e-02 8.652204735229962473e-02
5.428174024538226377e+02 4.457209140525538942e+02 4.267563995676211253e-01 -2.354551876203582750e-01
2.695132766245511107e+02 4.038551043189061147e+02 5.061388974220538441e-03 6.223419254345207569e-02
2.457491235609855096e+02 7.170465670200118211e+02 -9.248037288486584307e-05 2.135363337579787568e-04
2.349391264085008970e+02 3.307325427124389989e+02 9.331107815647006476e-03 2.337294392204325444e-02
3.012952644627717405e+02 4.920481225646855137e+02 -9.839849242532276719e-02 7.468151338314621456e-05
1.130030126984470826e+03 2.445672590338226939e+02 3.368784111637861383e-03 1.088093296768965004e-02
9.277376071372497108e+02 8.337779412094758982e+02 5.308395191686546832e-01 -2.174211594451910257e-01
2.424665118638206991e+02 6.733652936682379959e+02 7.893822426204129489e-04 -1.757488911780996166e-03
2.278696422261428154e+02 5.356179390673562466e+02 6.351752634216638327e-02 -1.372117585939349738e-01
1.182403749775527785e+03 3.868284167164046607e+02 -1.765601596334682999e-02 -7.647614879337904202e-03
2.123114716725459061e+02 6.531195248053601290e+02 7.052594360706986552e-03 1.840898175635062584e-02
2.987847247459386040e+02 5.908289339025204754e+02 -4.164979992760936035e-03 1.072287039901784547e-02
6.193805755711767915e+02 9.358458573774895513e+02 3.208052759022718024e-04 -2.569011357282121699e-04
1.134213101420678186e+03 3.296104386767974006e+02 -6.036935372582891840e-03 7.976530422368314707e-03
3.250381179305408637e+02 5.103217078834058498e+02 -4.696200835387470685e-02 -2.250538036515583457e-02
1.126566069034954126e+03 3.345494547434066703e+02 8.756502329628581584e-04 1.136605660050551275e-02
2.558740679927265660e+02 3.815901959504619185e+02 4.848508234039960660e-03 1.089504961242571679e-01
3.377105748418013036e+02 5.111541087679278803e+02 -9.993220489034476683e-02 1.866956119719775931e-02
7.142658754819108253e+02 9.327505491946681104e+02 5.344733688590057596e-01 -2.800975393368418942e-01
2.716906996153769001e+02 4.764366183306354401e+02 -2.894893858162936665e-02 -8.307461087348609607e-02
7.030623893494642971e+02 5.377952062099467412e+02 1.111528356375334342e-01 -6.316713245504984586e-02
7.483250693771930173e+02 9.678928174664822563e+02 -4.849907723259935244e-01 1.760901746357367292e-01
7.160803199433852342e+02 9.419146418532109237e+02 4.775640135401531539e-01 -2.472040423902743533e-01
2.479814628691955534e+02 5.111633666831797314e+02 -6.627029826070651546e-03 -9.758516289638360236e-03
1.207036296125070066e+03 3.541758265834500889e+02 3.869430317146709160e-03 1.089602486334538545e-02
1.179655847981034412e+03 2.064541407493083227e+02 6.296846744846495937e-04 1.270693557027854741e-02
2.669015391935184311e+02 4.493556418724203922e+02 -5.995666495371806265e-02 -1.383835635815957588e-01
2.482797385502989300e+02 7.195528006624464297e+02 1.277242746584873832e-03 -4.508791313712505466e-03
1.955159704583483631e+02 6.119960674975582151e+02 -8.683803066899223322e-02 3.199149203390858620e-01
7.938967828579458228e+02 8.930910805680385920e+02 4.665177803067612206e-01 -2.072498139337769774e-01
1.182401429510886146e+03 1.989310974390777460e+02 9.779334919362059342e-02 -5.485908625247380016e-02
1.211551585389806178e+03 2.663298338605653157e+02 -3.617484635917279923e-02 -2.803840740823246858e-01
1.267246874952952567e+03 3.892109518527695968e+02 1.990628098394496559e-02 -2.293716290426859108e-03
1.142928679820613297e+03 2.428181980452873461e+02 -5.101302011636638968e-03 2.119310099059270799e-02
1.215264377513186218e+03 2.515445175753259548e+02 7.953078109956027500e-03 3.824743050362224613e-04
7.031621707117369624e+02 9.345119579031058947e+02 5.482734703296845424e-01 -2.792383671999569827e-01
2.446032455708832742e+02 3.017272926245510121e+02 3.435572143402369424e-03 3.612159944690245938e-03
4.433247009983991802e+02 4.760342494487265412e+02 -6.860821703096181556e-01 5.930859841626021783e-02
6.231691565339559702e+02 4.297182231723872974e+02 5.766802906862098510e-01 -1.097935949662471183e-01
2.224750222846851955e+02 5.903620094060095198e+02 -8.323561218459629230e-04 1.271949940065442708e-01
2.591201384427891981e+02 5.620557358945197848e+02 -1.557020706548648860e-02 2.912966889224176403e-03
2.102265781068794865e+02 7.238758617110892146e+02 -2.133487547644614870e-03 -4.517826073484314947e-03
6.875212849680531235e+02 9.423128351558889335e+02 5.515533335179162444e-01 -2.238184786901663559e-01
7.759099536409914890e+02 3.837786792597781869e+02 -5.043931726495429757e-01 2.410679644523866794e-01
1.074233045542444870e+03 2.745718739436900364e+02 1.900306539737627587e-01 1.503227068261948907e-01
2.995354667849310886e+02 5.129491472577022932e+02 -1.261350494209720341e-02 -2.109379237556750948e-03
3.437867274371218400e+02 4.962096510213494867e+02 -1.232018479402637590e-01 4.174764081475212940e-02
2.190785172434380854e+02 6.154704290787990431e+02 -9.090592520760370360e-03 -1.244688671657076875e-02
6.151059149846774972e+02 9.845120914528811227e+02 5.433895262811657689e-01 -2.032970397060906986e-01
2.722456022523473962e+02 6.480395084459137252e+02 2.327260510393970409e-03 -3.281431090850800317e-04
5.219493422547375303e+02 4.594277345278016469e+02 4.431546611964680693e-01 -1.437250533293318866e-01
1.160218339777434267e+03 1.414805971684520500e+02 2.100445179056544161e-03 -1.460231657260508895e-02
2.764224204762809336e+02 5.941208970880999232e+02 -6.377814595370213946e-03 6.453729131089633135e-03
1.093024304936122689e+03 1.976573754899963546e+02 1.932697762634747254e-02 3.123516354006225515e-02
8.583226150234315810e+02 1.102064947915936273e+03 -9.193240648681526989e-03 -3.174613109757785500e-03
2.739057381366715163e+02 4.837595933193611017e+02 -2.278095803771829422e-02 -1.052186737802560529e-01
1.168782767153041277e+03 3.135304448948526783e+02 1.405506947380109617e-01 9.804912715745751906e-02
1.210844347669510853e+03 2.132740115897697990e+02 3.878003544984791762e-03 -6.252394899408921132e-03
6.172560849894197190e+02 9.919237067006667985e+02 5.408087314482102892e-01 -2.086082435250514455e-01
2.359177219101104583e+02 6.120514869638068376e+02 -7.502205402323006362e-04 -1.142852112917749343e-03
2.331369634523642844e+02 3.073628619761341270e+02 1.530476667962751315e-02 2.394895675033604718e-03
3.033776611710141538e+02 5.364396126477732878e+02 8.710815631739496009e-03 -1.981205242662389954e-02
3.635570362278459129e+02 1.041267467723610935e+03 -9.258663844739001281e-03 8.684099329821937802e-04
6.074334845549971078e+02 3.946516815966153331e+02 4.824120035282496444e-01 -1.484009773952716382e-01
8.062134211627363811e+02 9.035513139701281489e+02 3.959322997745272632e-01 -1.379027253781045792e-01
2.268550806713328143e+02 6.193503108767087042e+02 -6.070057417511999162e-03 -1.672760308735637275e-02
2.483736599317428215e+02 5.978413389278606473e+02 2.717068849248974530e-03 -1.436691882790595105e-03
2.873867309517511330e+02 4.634122672207617484e+02 3.626322596801569847e-02 2.747228677984842049e-02
9.841251802663535955e+02 3.243556142156771216e+02 5.851891517636004236e-01 -2.974053953195923694e-01
1.222900760366926761e+03 3.395724926681629654e+02 2.504422231959189671e-01 6.708189823071489255e-02
3.047724174381403373e+02 4.830007982261854522e+02 -1.081249793859252392e-02 -3.692115475919961580e-03
1.181402087883272543e+03 3.345632049462843156e+02 3.376473481745898009e-03 -3.408242174504995978e-04
1.246008301818077143e+03 3.777894144705697386e+02 5.070651672945537813e-02 -1.260179108773271626e-02
2.820134773052412811e+02 5.209318307949522477e+02 8.966743174911730012e-05 2.868509266078274333e-02
5.347600245733716520e+02 4.823080189964043711e+02 -1.237363462283489202e-01 2.212383428366700849e-02
6.008927928521690092e+02 1.039079764070798319e+03 -6.318028675720219756e-01 2.860950637167254396e-01
7.311677127420404076e+02 9.515866285891411280e+02 4.618449550332334175e-01 -1.959462612729208908e-01
3.635881754007732525e+02 5.140538041292685421e+02 -3.776374261438502078e-01 4.089442754025185423e-02
9.581220204029516481e+02 3.474404563691818453e+02 5.720322664401723545e-01 -1.895035957072898070e-01
9.515625363839000102e+02 8.502069992731048842e+02 4.683434555361100649e-01 -1.680477749254393471e-01
8.323493065884357520e+02 8.847425628812700324e+02 5.095798721572115664e-01 -1.598294998714985815e-01
2.240090042887617585e+02 3.204673094582346948e+02 -8.570676047977913992e-02 -3.631523154495038819e-01
2.992161727068951791e+02 5.437367128552307349e+02 -4.840683252369460537e-03 1.498537408275805657e-02
9.874625181613860150e+02 3.304906926841165955e+02 5.763928280911755353e-01 -2.637350680067569453e-01
2.581886803101216969e+02 3.221252183003072673e+02 3.345506697659704140e-03 5.034258327646282290e-03
1.986634507467445019e+02 7.149837564624543802e+02 1.869302129880407522e-04 4.483207060257152904e-03
2.519904776929758725e+02 5.149586919513670864e+02 -4.661217215745618904e-03 7.068445319615952217e-03
6.465425252342208751e+02 9.492096786616381223e+02 6.518298791246411872e-01 -2.242245418717190852e-01
2.876395630418592759e+02 4.942587417048363818e+02 -1.264208847867405276e-02 -8.542247788734630767e-03
2.522605330875264542e+02 3.850226925619935514e+02 3.592244213531937957e-02 1.043934784111402725e-01
5.032518075199488976e+02 1.096780010255196430e+03 -3.657910289959066114e-02 -3.399875340623526032e-02
1.233913898166819536e+03 1.369835353926916355e+02 -2.323795936540096196e-02 5.369920262907303121e-02
3.051051412085448646e+02 6.362744773888196050e+02 -2.582643494469545522e-03 6.846636087724582934e-04
6.026549371757090512e+02 1.009049156957830746e+03 5.536057712785876772e-01 -2.485768938550984575e-01
8.615179000485834422e+02 3.507053886234765514e+02 -4.181716133785904899e-01 2.700902057651652366e-01
3.051309303723884909e+02 5.257217822306687367e+02 1.470004853992565030e-01 -6.467684834871585686e-02
2.937841317679062172e+02 4.128713454756818351e+02 -2.659036665038299208e-03 -8.698545513718637309e-03
2.529277802412011908e+02 5.285748211188011965e+02 2.321255893911040868e-02 -4.141549070629597235e-03
5.787922235337471193e+02 1.016684410257229843e+03 5.099478305141175172e-01 -2.521465057811398958e-01
2.803136241754899061e+02 5.441874562060024800e+02 4.333069063146594013e-03 4.291133535880002625e-03
5.968055125075328533e+02 1.001959033483546932e+03 5.514540957130907861e-01 -2.658060476704219299e-01
6.536996677015689556e+02 9.592641088570093189e+02 6.919573425226698271e-01 -2.072965014845168652e-01
2.320034687016679413e+02 6.496863395339499903e+02 -2.643719645175674707e-03 1.738498332964120638e-02
3.367880452739252632e+02 5.607474805259678305e+02 -2.626010781255058019e-02 2.268534401795396435e-02
9.539463348188486407e+02 3.454117582400245965e+02 5.700198219791187126e-01 -2.017409821798316905e-01
2.816911421278841203e+02 4.878527258785753133e+02 -2.525050743887639892e-02 -1.611808304295887090e-02
1.143006356286860182e+03 1.507999444991652638e+02 -2.289501520509826422e-03 2.866670448341464630e-03
2.592082837903257655e+02 3.300522392900107320e+02 -8.535933753542997854e-03 9.577553922073579751e-03
8.542152528421896704e+02 3.474761851488510160e+02 -4.170177467523881187e-01 2.839654514319339684e-01
5.608256546592114091e+02 9.925755333525521564e+02 5.790805738884895471e-01 -2.487034595185276531e-01
3.414344194331827680e+02 4.689928744125058415e+02 -4.130353500357628049e-01 6.276265132807885838e-02
7.797473815375028607e+02 9.374452869174635907e+02 4.600062319027157787e-01 -1.894360612437270552e-01
1.047436040284403589e+03 2.543045614836881896e+02 1.933598333601925234e-01 1.869290077579768838e-01
3.249876787809835150e+02 5.883373983315473197e+02 9.771043890664811438e-02 -4.798465171822290376e-01
2.273027456631721748e+02 3.327080791813331189e+02 -9.371935420142787909e-02 -3.562688697284389083e-01
2.674386068386293118e+02 4.798696908656525579e+02 2.023392513090377376e-02 1.140650029504112761e-01
1.027719819538623142e+03 1.953199505840080690e+02 -1.124631878891691611e-01 -7.823162802891335532e-02
3.547993757835832866e+02 5.020626444175045435e+02 -2.355843506182097313e-01 1.832273967408384330e-01
2.939137942663818990e+02 5.123750421524651983e+02 2.235566381360436748e-03 6.352405340462070199e-03
5.730210220972086290e+02 1.005793315697111893e+03 5.423824690456496844e-01 -2.696957253972166457e-01
1.082665184396577615e+03 1.986540294888791038e+02 1.552258388407680434e-02 3.455000603738912768e-03
1.873933247650628005e+02 5.769177675078010452e+02 -1.366818857705779863e-02 4.057884347741834430e-02
1.107033163150894552e+03 2.158893009553878244e+02 3.061255124195514862e-02 2.061093643383393390e-02
2.641581467819969475e+02 5.498959633093688808e+02 1.566631313819628456e-03 3.875537082804650802e-03
2.484791751597251448e+02 5.361177132763310738e+02 1.189652799073113288e-04 5.716082248267916575e-03
1.401837237478686973e+02 3.895706281010947123e+02 2.470187429734400399e-04 3.942055365623988415e-03
3.943253422221093842e+02 5.173445265683556045e+02 -4.964255900351562945e-01 1.387576429656415811e-01
1.133087128958642779e+03 1.708748137424285005e+02 2.770493747636851994e-02 -3.820896371741182296e-02
1.905840776818317011e+02 6.761194542150170719e+02 -2.995628772214162586e-03 -4.433438317230884405e-03
2.434372929300895123e+02 5.008342122719169538e+02 1.026758808310100808e-02 -1.613120764604315457e-02
1.108513461993010878e+03 1.666226711456637588e+02 1.112172969224385494e-01 -1.590790967184553192e-02
3.031831291678155367e+02 5.682192961053639237e+02 8.740931628100237147e-03 2.250209761650064089e-02
1.176626485738008114e+03 1.861353220743158943e+02 5.044977124115315043e-02 1.751672047104356825e-02
1.175077393091631848e+03 1.660135277368481184e+02 1.221236610485497767e-02 -1.912579837365269153e-02
9.148416139618838088e+02 8.777177046330988333e+02 4.778517457353140263e-01 -1.863350524789880447e-01
2.516028558011070118e+02 5.010353687765235122e+02 2.030728952272252419e-02 -1.847201520543518757e-02
5.863843876353214455e+02 1.022161358087558824e+03 5.106780979335071580e-01 -2.624933833626584279e-01
1.025864442963587635e+03 1.735251760286988088e+02 5.001110373185757053e-03 -9.560760266356677778e-03
6.859689463379473864e+02 9.742385184097187221e+02 5.539049696407412071e-01 -3.019421190545141243e-01
1.151816532711941818e+03 2.102816952434953635e+02 2.938385791395322147e-02 3.455021517768813461e-03
3.566709561185762709e+02 5.111382544599020434e+02 -1.420155770966992914e-01 6.127423479923416183e-02
2.093333767882094776e+02 5.366364533364375120e+02 4.053566697308243899e-02 1.487341202050741946e-02
4.549518635856492779e+02 4.535646513652658314e+02 -6.719321544726870599e-01 1.565827334740708676e-01
3.499178604914389439e+02 5.285232169833801663e+02 -2.241633744596840394e-01 4.317746811640819568e-03
3.202457295577724494e+02 1.099624353563546492e+03 -1.797638467174841404e-03 1.337800795904558505e-03
1.270834622926677412e+03 3.404937034797278557e+02 1.870385090035975584e-01 -1.336501969065124196e-01
1.194766459094555785e+03 3.400388640554485278e+02 9.992998688688536912e-02 3.114472821887600551e-01
2.304005523714076844e+02 5.484842250655340194e+02 1.628756510722167766e-03 -7.825207253083388270e-03
1.158013618875585507e+03 2.464722709031224497e+02 -1.892071741701221305e-02 5.720661056007075862e-03
9.182667689987157473e+02 1.102626773475517211e+03 3.585535802209627548e-04 -3.658560966045169361e-04
5.699347663524164318e+02 1.014137896211201792e+03 5.402822052749557402e-01 -2.772803846025447272e-01
1.136595507520117053e+03 2.912340746403004914e+02 1.143843513368935499e-01 1.510523822782144053e-02
1.968226386235161272e+02 6.606295082637251426e+02 1.572376895142672815e-02 6.956425591595527579e-04
2.683482280283835166e+02 4.891037866071770281e+02 9.824152315535693986e-03 8.836610184243008648e-02
1.191288841269421482e+03 2.065424430143785344e+02 1.508859270685017698e-02 1.370069096056212264e-02
1.157802765276270065e+03 2.289983210602721329e+02 -1.497382060389811261e-02 3.891322315466271692e-02
1.224643189889667838e+03 3.698593568665764337e+02 -1.559151531157410009e-01 2.129880735187117957e-01
2.042421786772403323e+02 5.414701677383114884e+02 2.384565813804976481e-02 6.778689003833350372e-03
3.167611541155079635e+02 5.319551333591522280e+02 -2.070179883726876516e-02 7.712156774032066786e-02
2.633898159970820529e+02 4.237890218433642531e+02 -8.481514594443028549e-03 -7.626254971641925617e-03
4.452367384173091978e+02 4.971013423510548819e+02 -6.217594912513976224e-01 9.484124606806987323e-02
1.100294023245521657e+03 2.989037103417700791e+02 -3.537372885097787856e-02 1.353448045163887538e-02
8.641283541984352041e+02 9.300049524436396950e+02 3.412569125464235409e-01 -1.787808866242857619e-01
1.391203341928633392e+02 3.949908507138989648e+02 -1.269485197876927476e-05 1.575651713949355326e-03
1.031774902620262083e+03 2.487705103615963367e+02 1.679432376459988052e-01 2.428919332524304142e-01
2.386794593913780886e+02 3.706809557448032137e+02 -7.771731824060998384e-02 -3.260022882861785543e-01
2.049073628087877808e+02 5.835524103059358367e+02 6.734624291513541250e-02 1.889719881390784506e-01
1.188040841875159913e+03 4.155449006074575777e+02 5.377015869915268038e-04 -9.238355532656356917e-04
1.995026511923851729e+02 5.787027992165418482e+02 2.076433966018700200e-02 6.933596222865216069e-03
2.790570732228831616e+02 4.946683370745429897e+02 -3.632441626375071397e-02 -1.873843019612111971e-02
1.123789610460140011e+03 1.616096004198677747e+02 2.864440711655874203e-02 2.579315088388877547e-02
1.307541636750064981e+03 3.369242573300267054e+02 3.056429464791513562e-01 -7.892912206853222590e-02
6.806079455990123961e+02 9.669174443032138697e+02 5.486634361248767799e-01 -2.877070531921284702e-01
2.980757959228459981e+02 5.127215706520655658e+02 2.614216546292162484e-03 -2.397680116114946081e-02
7.428684655021512526e+02 9.402268643672471171e+02 4.160762009380201687e-01 -1.869912027190533121e-01
2.818039243639473170e+02 5.024984266881297685e+02 -1.105735704980869011e-01 1.087391801753066906e-01
5.619112897083059579e+02 1.000313083257262633e+03 5.931524956068886523e-01 -2.639675402534265025e-01
5.962357307422356598e+02 4.255918460690846814e+02 -4.181484521715478353e-01 1.421077458681469230e-01
2.492296347895018016e+02 3.013232305860346969e+02 2.955426602110298832e-03 3.323806331249022465e-03
1.943453531768205380e+02 3.193539670194350606e+02 2.954101464308565763e-03 5.843963470769862308e-04
1.998157835565060338e+02 5.173328902052066951e+02 -6.187025229917535174e-02 -9.705960927557598025e-03
1.060358823462810960e+03 2.603248277829604831e+02 2.541358230950645503e-01 1.065707977252405569e-01
1.100178743686765756e+03 2.393950695942795051e+02 -5.697145913383099003e-02 1.762703501057235889e-01
1.156096599056014611e+03 2.893475317163064915e+02 2.210081412804874579e-01 2.026006450656610558e-01
8.555812052026391257e+02 1.101853173548793166e+03 -1.700495415567310903e-02 -2.525821896673877218e-03
1.134465742379171843e+03 7.038357313869395284e+02 1.615212681196617815e-04 2.281898843336583379e-03
1.144568181462018174e+03 3.732874620327928028e+02 -1.632556797298912940e-02 -5.164933321617469486e-02
1.039877433543294728e+03 1.805427759435766859e+02 4.864744000767609773e-03 -9.995551034511954147e-03
3.286131381228037185e+02 5.354709243650263488e+02 -4.534124059506045024e-02 5.279363401261281952e-02
1.181654000971375581e+03 3.652983659058918988e+02 2.856389571684078390e-05 -2.619676740446739115e-03
3.015830188798011022e+02 6.387374166236070323e+02 5.580420447031856843e-03 4.232736743033186158e-03
2.473033532831591117e+02 7.025195240071466287e+02 9.170191951591052763e-04 -6.773055981716649861e-04
2.377128596198083983e+02 6.828274144778836217e+02 5.494253966180442234e-03 -4.324810727572221333e-03
1.166121786204360660e+03 3.652576404592086305e+02 2.832889704693413325e-03 4.416679674505028658e-02
3.317316080964953926e+02 5.455958313177679884e+02 -6.799095156243131072e-03 -6.326665895694577081e-03
8.576503785935047972e+02 9.125131860175213205e+02 4.652298218733424418e-01 -1.906163423020542369e-01
2.559672640326286057e+02 5.208571887535151745e+02 8.642824330618484319e-03 1.545881800508469919e-02
3.729159449681390583e+02 1.061744275314075367e+03 7.652503876294425647e-03 -4.600235453331646789e-03
1.211255774612729056e+03 3.012436338429147327e+02 3.903792594953058720e-03 5.898056445012611441e-03
2.674536253429268413e+02 3.603328476086281853e+02 4.191004833963837134e-03 2.608077627101269835e-02
1.086058119864787614e+03 2.816388084102312632e+02 6.713980434590280030e-03 -4.574590550372376052e-03
8.845664963500437352e+02 8.855538142190555391e+02 4.658770273770784232e-01 -1.887732249179481792e-01
1.093754537767458942e+03 2.524975304766367969e+02 -1.090657201424110601e-01 -2.629219004876716670e-01
2.532202414779572450e+02 4.316457948111828955e+02 -1.157239026063474896e-01 -2.083252184351850056e-01
2.868056405529923154e+02 4.733442501466602721e+02 -8.140864959667657233e-03 3.487830280617419676e-02
2.807348278096301328e+02 6.679150168171476025e+02 9.768988628267006279e-04 5.557084107078822700e-03
3.685977399528308638e+02 5.012125939108124157e+02 -3.816758909167285996e-01 -7.510889654106381666e-03
2.733379177666766964e+02 4.537503091357430094e+02 7.980198306401266317e-03 2.205231668346645940e-02
2.719021271842432839e+02 5.198587178042752157e+02 -1.356948161063396829e-02 7.471474722168218452e-02
6.445224110381924447e+02 4.068419137152260987e+02 -4.516155012779484723e-01 1.314239178096311966e-01
1.152540428788589224e+03 3.438062046365980109e+02 -2.015073684998638578e-02 2.693362319075281314e-02
1.177592135769796187e+03 2.454793387954687773e+02 -7.622171035744049715e-03 1.037561299739083939e-02
1.013958693577897634e+03 1.965067606430850446e+02 -1.226916975948068658e-02 2.622308597436394106e-01
1.128946270166597287e+03 1.505232028266855195e+02 2.757096557186264688e-02 1.401462193101814073e-02
1.058215907760675918e+03 2.955961855664312452e+02 7.080434074330670124e-02 2.091643865428399196e-01
1.232075616326979343e+03 3.274651996199855830e+02 1.179702633372102377e-01 -1.123277131835669074e-02
1.209374407141409392e+03 3.754664064960599035e+02 -1.633157785926018027e-02 6.127350204185224442e-03
2.888215473352965432e+02 5.184466665889458454e+02 -1.870310751957443389e-03 5.619467101579706837e-03
2.116150086703101749e+02 5.271615504769252993e+02 -1.758006042558260262e-01 1.012959697932701852e-01
2.701870741403386660e+02 4.577842285611429816e+02 -5.751451501217078044e-02 -1.243121548779345803e-01
2.836467920988752098e+02 6.897647579368613151e+02 -8.301961988481121671e-03 -1.093257244373588841e-04
3.151238947179969614e+02 5.461220650796334439e+02 8.736269698730292008e-03 1.703230428002411312e-02
2.168516255447300694e+02 6.005303899082457519e+02 -2.413912504811812354e-01 2.963467399525746560e-01
1.133103559964391252e+03 2.307224942599086717e+02 2.316483926071020646e-02 4.567289968221503391e-03
1.092967226582848070e+03 1.879099258070182827e+02 1.190517587977383586e-02 1.945154492363181803e-02
2.708550893236260322e+02 5.421775348636890612e+02 8.201517544390829473e-03 3.633308338290851085e-03
1.168505667502348388e+03 2.233932767239570865e+02 5.020074174952620337e-03 -2.344590049367097778e-02
1.192841951396571403e+03 2.512609363984006166e+02 1.336828365875175791e-02 1.552712014742355920e-03
2.808072094426154877e+02 6.726292468498543258e+02 -7.821645415035191227e-04 6.441225672237988441e-03
1.121465269572388479e+03 2.415676706558525098e+02 8.370135142623700078e-03 -3.722195613583848851e-03
8.041259701222037393e+02 3.292576140926971675e+02 -5.375759055456498237e-01 2.768340623462840489e-01
1.210284782165855631e+03 2.406943092283317185e+02 -1.563277925994934967e-02 1.104469370617813667e-01
2.181786404571905109e+02 2.920544730310201658e+02 -8.740460354420205580e-02 -3.432970942204691123e-01
2.812619946677838243e+02 4.763244103282206083e+02 6.977160165297616352e-04 6.779427692939994643e-02
3.676808879612674446e+02 4.900196165630481460e+02 -3.973460193888571079e-01 -2.288804042731024113e-02
3.119640986269537848e+02 6.048821994721137116e+02 1.202727758927249176e-03 -4.798585735226096327e-03
2.488634407163314393e+02 6.865462950210073814e+02 -2.468124626156706272e-03 -4.365074171106595076e-03
3.353781411990427159e+02 4.933030830624767304e+02 -6.936660745288794616e-02 2.510155087617643721e-02
3.181049806194398002e+02 5.189231462724402490e+02 -4.291047522047061746e-02 6.085518922127403779e-02
1.096226940772016178e+03 2.971625659735186105e+02 4.796960484969027029e-03 -5.365466431313317686e-03
1.275258756063004512e+03 2.593930464193482521e+02 1.083238793659694471e-02 -8.585605636564857743e-03
1.159394623188360356e+03 3.157732230269077149e+02 1.258764549000864798e-02 -1.610643050101131938e-03
1.095348322352179139e+03 2.084374823020925476e+02 3.043434068769720890e-02 -4.631066034649124197e-02
7.292235902302968498e+02 9.395142766303786175e+02 4.612044959648726739e-01 -1.843537480938153839e-01
3.103889647598546162e+02 5.174204498764265736e+02 -3.475135605607915235e-02 -1.652024299655277181e-02
6.351541043164764915e+02 3.993928662196775576e+02 5.791989056198370012e-01 -2.687148650486585050e-02
1.178907821807607661e+03 2.579023402822060120e+02 3.096486407973162922e-04 2.262517916698029465e-03
2.696567560497162503e+02 7.332245792557336017e+02 -1.952146249703507039e-04 -9.881614778092032148e-04
2.346250601285791788e+02 6.243892293256861876e+02 -4.741162089893471293e-02 1.452272505016683445e-02
1.083880112800644838e+03 1.628157860479299757e+02 1.810353238229726880e-01 -4.821056028236996027e-02
5.871712911703697273e+02 1.036835858816836890e+03 -5.662817573805537519e-01 2.679727499628561938e-01
1.146901157457083855e+03 2.784274318680007241e+02 2.575235340636171100e-01 -3.759035287434375067e-02
2.344010805152481112e+02 7.520407266748848087e+02 4.025213195193215465e-03 1.211173401929504546e-02
5.989845754348899618e+02 3.997414686653374929e+02 5.124459513715396985e-01 -1.472465471772274881e-01
3.308860982501018384e+02 5.202641728068462044e+02 2.856238165482900045e-03 -2.739887601696954292e-02
2.416848365457817636e+02 7.129220095449238670e+02 -4.125527339413515991e-04 -5.730782757873024774e-04
2.664882305242620646e+02 3.820244013846531743e+02 4.663954309036891926e-02 8.262273129553149298e-02
6.401111873950752624e+02 3.889725018942911561e+02 5.347174736091099279e-01 -4.606721632411101691e-02
1.251052674457912644e+03 2.617515234080439654e+02 2.970076892332523116e-02 2.357514061734063832e-02
2.335312402346815190e+02 2.969936899581733769e+02 1.130531501885489705e-03 -8.060422669131532547e-03
6.053193824584282083e+02 4.587561297650753431e+02 -4.865355869119828425e-01 1.823248127678007979e-01
5.500120940008425805e+02 4.539865512716373246e+02 -4.201711855912367843e-01 1.833512504479677119e-01
2.043711597524878414e+02 7.029560256407420411e+02 -5.081292451637695615e-04 -2.013166679088868299e-03
8.652792722948449864e+02 1.102305425020523899e+03 2.638956355859041480e-03 2.071291221860105381e-04
2.843194335493500944e+02 5.659240780410173102e+02 4.623997480340978281e-03 5.869881939875625648e-03
2.973792465599895536e+02 4.750770980063168736e+02 -1.425381703064928889e-02 -4.975578610314938810e-03
8.306358392084505340e+02 3.280738016069318519e+02 -1.261076397793203796e-01 2.489701374105548690e-02
3.382754341267562950e+02 5.005826811534176954e+02 -6.897710647751358060e-02 1.955519880384948631e-02
5.481988965846725250e+02 4.399935951930305578e+02 -3.900787588512705240e-01 1.892658061660948132e-01
1.146717781323739246e+03 3.234062846439416035e+02 -1.476692953420382856e-02 8.373783276806984546e-03
2.165841522458221675e+02 6.596560219115813197e+02 3.982090616332389400e-03 4.005986612377014124e-03
1.201999138697610533e+03 2.250731530832733824e+02 -2.024591485396605439e-02 1.160223226905613900e-02
1.174662547411019659e+03 2.412593062468445453e+02 2.268875686588378918e-02 -3.453259585281058530e-02
2.877573888407965796e+02 5.724839563999236134e+02 -2.250324303082550537e-03 -9.801015315120047838e-03
5.780401600450805972e+02 1.031855262011507875e+03 4.878260547414025594e-01 -2.784391306301298163e-01
1.136046148897945159e+03 2.160445339573030878e+02 1.702274778155679277e-02 1.074256090461013155e-02
1.125142977188402710e+03 3.291189935457321667e+02 1.968265323585136339e-01 -1.495266564666503616e-02
2.264366355733256455e+02 7.219000665600000275e+02 4.296430700154272621e-03 -1.079607240788364210e-02
3.786038720392256778e+02 5.198391893091442171e+02 -5.327296381557025118e-01 1.743875606140616874e-01
4.067698090662116215e+02 5.082207127366102668e+02 -6.273508406487577904e-01 8.561048061205996096e-02
5.576961723185781921e+02 4.991122696693453236e+02 -5.054566048788683430e-01 1.366153119937800198e-01
1.168062824908766970e+03 2.296502125734660922e+02 -3.063560512220359078e-02 8.964914474083032422e-03
1.074197231182528640e+03 2.269154266929452035e+02 -4.915263474287154266e-02 3.061321911573459259e-02
2.338169994971778465e+02 7.055231279152293382e+02 -1.142705627650891786e-02 9.528273566675665024e-03
2.582437770524908842e+02 4.394656413159507338e+02 -1.090335303330265959e-01 -1.813307390395199892e-01
1.176609736168529480e+03 3.033372983047749472e+02 2.981804307753396222e-01 1.964141736903548263e-01
7.141200778866641485e+02 3.871797319100939490e+02 -5.003072000129821228e-01 1.773021685699366634e-01
2.134852857166304432e+02 7.301165227945800780e+02 -8.544780948620645661e-03 -9.275026425315769166e-03
1.233615140166499714e+03 3.136406336758487328e+02 -2.668771269253792863e-02 -8.911714923018204670e-03
2.066847993156105758e+02 6.264245357337777023e+02 -2.649469848904010237e-03 5.397556425396707845e-03
1.105483070360196962e+03 1.770752138592085032e+02 -1.004947014512434268e-02 6.069204619192046513e-03
3.298640565300243566e+02 1.085247685857466195e+03 -5.207847429813223031e-03 -3.352570752595776960e-04
1.264820021274942746e+03 3.519725407112430844e+02 -1.057300172306481351e-01 -1.337076491286424106e-02
1.088239729664479910e+03 2.091951395466768702e+02 3.175596320166993586e-02 1.140684973005881390e-02
1.108685397781325719e+03 2.008618994763405396e+02 2.761899538622045874e-02 7.066798656300890373e-03
2.312204913327942108e+02 3.476019502361547779e+02 -1.096940376708816223e-01 -3.769369119071798724e-01
1.981882058765084196e+02 7.134755099106405396e+02 1.947053487644399491e-04 1.135308391946574175e-03
3.874879843657458309e+02 4.788100244674473061e+02 -6.485806901495411170e-01 1.533316980851378852e-01
1.082582679363686793e+03 2.587486225616532352e+02 1.786770575606174138e-01 2.076759851937555745e-01
1.255908655911023970e+03 3.389955855226611448e+02 2.227223000178366885e-01 -7.185799631755773742e-02
2.997485298493012351e+02 5.263856212833230757e+02 1.642417203512338553e-01 -6.322192586019985405e-02
1.096289991754312496e+03 1.687096269049763748e+02 1.457710313428347282e-01 8.218685714281392940e-02
1.146793669733049001e+03 2.134194080504387898e+02 6.008431802781097342e-02 6.827335795493906121e-04
1.950127733399410772e+02 6.872748091142927933e+02 3.384043387310981237e-03 -3.286835729011160136e-03
2.694637225691586764e+02 3.955724201551199712e+02 4.587287908912070916e-02 5.725910920191178838e-02
1.194817925707128325e+03 2.273980516233442017e+02 -1.029312439168459520e-03 1.481182445876593097e-02
2.278950391085740819e+02 6.671376600918532631e+02 2.892801130273444826e-06 -4.712242220745279861e-03
2.534535105445350780e+02 7.258262801453399788e+02 2.596245246396316174e-03 -7.058583847894921159e-03
4.386704118047653651e+02 4.857362313040750337e+02 -5.842467146631025177e-01 7.291532984835204234e-02
1.186835735261130367e+03 1.759394546587651860e+02 7.322975097399603370e-04 4.572344364059871547e-03
2.815683267614224974e+02 5.665531700606219374e+02 -3.159786967458303938e-03 8.846104827875708558e-04
1.076782013082006870e+03 2.531160006661412751e+02 2.484377731978626991e-01 7.323480853552741254e-02
3.145321385620044339e+02 4.841329556531018738e+02 4.548565566913585073e-02 5.894739243884861146e-02
1.123618028981539283e+03 1.879018356653469937e+02 -2.959780961958869555e-02 1.682137442288981211e-01
2.375087509627773557e+02 5.624313570287885113e+02 -1.957286293644720232e-01 2.624112443882885004e-01
8.707487165103347024e+02 9.020617011873838464e+02 4.825234888758289653e-01 -1.677561636608475570e-01
1.223992262131562029e+03 3.290153797066348602e+02 2.447237668424786794e-01 6.646051499029456688e-02
1.059709519777954938e+03 2.453863478671269149e+02 3.685394187039757741e-01 2.166106601713718438e-01
2.243689655223687964e+02 6.069383295701924226e+02 7.409325076017210347e-03 -6.048020271849297502e-04
1.265659057726065157e+03 2.040637572175848504e+02 3.106840843627489191e-04 -8.679945073387024864e-04
1.174536770710196379e+03 2.196051426795203838e+02 -1.649917304145881317e-03 5.922959330740752053e-04
2.706232181349511166e+02 4.230675417818425217e+02 -8.473642517913611283e-03 2.243020394994256136e-03
1.052820934528538146e+03 1.818783984130895703e+02 -1.573421489129347289e-02 1.722790512164042165e-03
1.163109170078026864e+03 2.175386757795848212e+02 -1.437446813240129961e-02 9.837070839881142947e-02
1.115982463021180820e+03 2.371414509852914989e+02 4.304005902474389994e-03 -3.760554480272381914e-03
3.760753822713202794e+02 5.237069537652739655e+02 -5.543697884675291565e-01 4.280032449274599055e-02
2.513842381047954575e+02 3.634400844410196214e+02 3.072307395222205820e-02 7.493226714363138141e-02
2.364293793419834344e+02 2.917545920504699097e+02 1.118751925192112626e-02 1.407382961223794388e-02
2.845811992194610411e+02 5.017387960725415041e+02 -5.796773181166225974e-02 1.522939325479910622e-02
1.228965705359742742e+03 3.081876256769144788e+02 -3.316554440511305935e-02 4.312455650061241402e-02
1.311201782453642636e+03 3.232914827136911526e+02 3.162179455570826581e-01 -7.394989711643926156e-02
2.158619838360750691e+02 5.828033002736367507e+02 -6.550512247298625676e-03 5.278068516037531408e-04
1.112143468066187097e+03 2.073019795603081263e+02 2.567229395196708383e-02 6.245693771411638638e-03
2.080818929097838463e+02 7.294965497908540328e+02 4.950834854725198264e-04 -1.044625611180746618e-03
2.723177575829074044e+02 3.743306594414157189e+02 -3.609692355073233251e-03 1.421711392587910600e-02
1.304341462573318267e+03 3.305461993767948456e+02 3.200305990476656204e-01 -8.366481621696565674e-02
2.631541425489270409e+02 7.043714767036390185e+02 -7.244759048485366251e-04 1.265923658794046794e-02
1.752673301912159047e+02 5.255327395697304382e+02 1.781688196159331161e-01 3.364072506667548645e-01
2.427159142517461703e+02 5.324061929484252005e+02 -7.701668356176160669e-03 4.248836315269673624e-04
1.169651870250488855e+03 1.769387244218406181e+02 1.617252306561009446e-03 -1.030850768405362945e-02
6.135382022370620234e+02 4.354205312616055039e+02 6.052712555940716888e-01 -9.715207812497668460e-02
1.272303557151846235e+03 2.937151010105014848e+02 2.313692057985481179e-02 -2.834552227007447467e-02
1.100841021608349820e+03 1.877119003929493886e+02 2.757702773497515761e-02 -5.508855807438426538e-02
2.708915134110125678e+02 6.769044973580217857e+02 4.320762889425631796e-03 1.507598641820428673e-02
1.843807168646881394e+02 5.246525036981279300e+02 1.744488817343109177e-01 3.334860382782454113e-01
1.940236294573514613e+02 6.062994677888333399e+02 7.312321798162056685e-02 -1.420025949473058269e-01
7.830523958676142229e+02 9.470513441466415543e+02 4.603341624957782985e-01 -1.766082004143139927e-01
1.087532660767703874e+03 2.676471391131113933e+02 -1.018454007634665009e-01 2.211481289240124770e-01
1.162260308686133612e+03 1.701863188642967089e+02 4.531919212099457667e-02 -3.190869848973472422e-02
2.734687761415851810e+02 4.716643224119516731e+02 -5.694755960524844340e-02 -1.201990572364209503e-01
1.004727009882189122e+03 2.025538351645819546e+02 4.957548672716216576e-02 3.432023465927425132e-01
1.079858711138931994e+03 3.245802737716126103e+02 1.335189103058112836e-01 2.408006557723273502e-02
6.340782606341142582e+02 4.475239846796264374e+02 -5.266202071478843783e-01 1.916205144879891131e-01
1.095821504681787474e+03 1.623917458568771508e+02 1.887774194202586631e-01 8.815972802578458944e-02
2.416419086986188631e+02 5.144445969709619249e+02 -3.634034521873204769e-03 3.072154178903249537e-03
3.274406740059837375e+02 4.627892446852405328e+02 1.515371809066909728e-02 7.923739687739141113e-02
1.211915397862624104e+03 3.122067020598588556e+02 1.345005129322917855e-03 6.532176769493986540e-03
1.167200106738168188e+03 2.532477060822841679e+02 2.185952761892982488e-01 -4.159821722232230623e-02
2.706471087896620702e+02 3.689966632975744005e+02 8.507428365248870250e-03 1.812792673878884861e-02
1.108547327571340475e+03 3.625811109500562566e+02 -2.682670048673094481e-03 -7.806534201063073698e-03
2.793131988903598426e+02 4.606684008118592715e+02 -1.531312892784243707e-02 -1.098091617158802836e-03
3.590503874964780380e+02 4.894942488309097257e+02 -4.707547980035688973e-01 3.957117344834605588e-02
1.019533635449644066e+03 1.740971552383707035e+02 1.735441520340017668e-02 3.109783588934303747e-02
1.108606746580515164e+03 2.825039164430613141e+02 1.315544582106158988e-01 -3.065214981705709218e-02
1.245563228035423663e+03 3.843814805900690317e+02 1.106011563957072091e-01 6.343574623746471401e-03
2.384670032547264782e+02 7.100131319362576505e+02 -7.476852398290326912e-03 -5.544381017781494728e-04
2.782780760162813749e+02 5.154457144493994747e+02 -1.795427540505645930e-02 -5.628004610469919226e-03
7.559405299803502203e+02 4.573591927710529035e+02 2.235167957407154515e-01 1.178763211935617700e-01
9.445359465197174131e+02 2.085284653399249919e+02 7.830001629084261741e-03 -4.701629869413631937e-03
1.110213917124155614e+03 1.907070499855248045e+02 3.020948638500428260e-02 -1.575312234665894292e-03
2.641262919906990305e+02 4.543568994526524989e+02 3.043891572556479269e-02 -1.715998071955971982e-01
2.893960892087071670e+02 4.402648547407936803e+02 1.878727045476186186e-02 1.523592776452640553e-02
1.172637239138982068e+03 2.051629973414059691e+02 4.833684889762939613e-02 -7.471260467718005005e-02
1.149864321329635686e+03 2.591872613842643887e+02 9.571901848454388018e-02 2.535883078375078536e-01
1.161966318660326124e+03 2.376668514894359134e+02 -1.641763280843919551e-02 3.958804982966113682e-03
2.740264525267410818e+02 6.719277224111634723e+02 -2.759975435067347615e-03 -5.246999390656488516e-03
1.181296675922180157e+03 2.126375548043108665e+02 -7.667024667443235464e-02 1.654675088708247588e-01
1.941689057008017016e+02 6.704510284721363860e+02 -4.963240474061836500e-03 -1.221633786452561155e-02
2.424989113701977033e+02 7.607149189716407136e+02 -2.698181130880087167e-03 -5.951563973056154741e-03
2.443356214335596519e+02 4.012942282001040439e+02 -8.786928895979330412e-02 -3.049092404564575087e-01
1.280910966517614042e+03 3.735692155192871269e+02 1.132368012736241353e-01 1.434078252273847907e-02
2.973724881212402806e+02 5.700359322765868910e+02 5.678469249496269355e-03 -6.917226504369729744e-05
4.420772763398918528e+02 5.056875492919306225e+02 -5.938574226884629770e-01 9.273190518029823803e-02
2.332139371307023055e+02 7.471148628289436147e+02 -1.760172357359912274e-02 -5.109117136071020596e-03
1.218449092864693512e+03 3.090526539404624486e+02 3.763834338666930540e-02 -9.706627766391334733e-02
2.384609321111194618e+02 5.131902724408457743e+02 1.806886570004099385e-02 -5.860731517694233589e-02
8.262179435887587715e+02 3.382250837735300024e+02 1.072733650756079876e-01 5.365204149504531955e-04
2.427129638128558611e+02 7.229872182222886750e+02 -5.183935087780238565e-03 -1.794773855507547341e-03
2.388232226451560791e+02 3.066219336817067642e+02 -1.148864379690441723e-03 -5.747771334846233683e-03
4.506280156799032284e+02 4.692563798192081208e+02 -5.550292894958083201e-01 1.380678976912886602e-01
1.150587468606709990e+03 3.387383827393069282e+02 -2.977128919383176253e-02 4.002450605681455442e-02
1.149354014519912880e+03 1.852524855216069852e+02 -1.307580012023956293e-03 2.699468001554918093e-03
1.107646023432075481e+03 3.287454222953396652e+02 9.465791746036995510e-03 5.619432915902579373e-02
2.963683262206565701e+02 5.201510032421967935e+02 -1.230830535409342327e-03 2.692327329436965989e-03
1.200463765845790476e+03 3.069720811048700284e+02 -1.800970766962699254e-02 3.031120926021125053e-02
2.106072349821366458e+02 6.568280263214986689e+02 1.047737713427456495e-02 2.437275709303546485e-04
1.033518212856555920e+03 3.435828244573885968e+02 6.394539373792238468e-01 -9.006096234643921894e-02
8.508203898591749521e+02 9.001869820903953041e+02 4.518172302825837483e-01 -2.325682516416551771e-01
6.826262714065686623e+02 9.553338078936468492e+02 6.180249633054591962e-01 -2.453538851582807434e-01
3.449556479767464339e+02 1.091191743760144163e+03 -9.429858653388770162e-02 -8.759912333035158039e-02
1.158607675261017448e+03 3.250640123301993754e+02 -2.246966397954133429e-02 1.397894265222973491e-02
2.670269997622994538e+02 5.799949630439101611e+02 -6.182018235364464265e-02 2.536799405001404287e-02
3.149796081978895472e+02 5.728594678133451907e+02 1.887120334895428173e-02 2.182465076235132473e-01
1.060793855869239678e+03 2.965645670414644428e+02 9.665257435795002183e-02 1.478144879498247410e-01
2.561471076538697957e+02 5.418636115152695538e+02 -8.280387909866480933e-02 1.578443209928244439e-01
1.076773065407891636e+03 2.095419308608166205e+02 3.675884503056471575e-02 -1.320963337906367885e-01
1.078129582127756976e+03 2.994802368623311963e+02 3.696149991446409048e-03 5.855139295623043062e-03
2.355827806410676146e+02 5.992280675055403663e+02 -2.499062832232222617e-03 -1.222373702689976208e-02
3.053514226921008685e+02 5.456631734671385630e+02 -3.409716620258199538e-03 2.835982353283809671e-03
1.138164237270259264e+03 2.213153434733477525e+02 2.247238153360105531e-02 -8.463377379595016237e-03
2.100767912127024317e+02 6.240961155184038489e+02 -1.730893594645917634e-03 3.109967333143023090e-03
1.012397250977905173e+03 2.345842713360781318e+02 9.506368256925150362e-02 2.656082914259723093e-01
8.548380916179922906e+02 8.960547277384398512e+02 4.663340336947680576e-01 -2.421070671307884725e-01
5.689753514911625416e+02 4.994398076433831193e+02 -1.177334381328506430e+00 5.985309075521465516e-01
1.020370319657554546e+03 1.814520140334525138e+02 -9.837474211259490675e-02 -2.774564881352398760e-01
1.262227691616880293e+03 3.037491664043564015e+02 1.304292276315981713e-01 -4.825844787863496632e-02
9.493877165058811443e+02 8.378042789394090732e+02 4.515135930869047520e-01 -1.866951572815355453e-01
3.541314978784811842e+02 1.091838779750856247e+03 -8.420198647945897896e-02 -8.956104791668768883e-02
1.121234407231734167e+03 2.137454103231258102e+02 8.953653319709632685e-02 1.788912916920772367e-01
1.139797664746398141e+03 2.432087780253119718e+02 2.380817466470953880e-02 1.347464580292681846e-01
1.073499697001507911e+03 8.121553620922602477e+02 8.292635688381623238e-01 -3.666225490014198840e-01
2.607175799875803932e+02 5.272375150883680135e+02 3.877241259157632181e-02 6.111309193844075872e-03
3.347843328083802135e+02 5.177576583967619399e+02 -6.609581309099282764e-02 -1.369132947971033604e-02
4.807921253732206424e+02 4.965156795229676732e+02 1.332038836982548380e-01 -1.005039493568390813e-01
5.508505639051381877e+02 4.269930281690397464e+02 -3.261249214113496886e-01 1.131886554857446520e-01
9.853496911794750304e+02 2.059707678065375660e+02 8.177584359875434902e-03 -1.925071471179030588e-02
1.124307120425054336e+03 2.344117050296212597e+02 4.270952753447820188e-02 1.849548238234594577e-01
1.130346109366505289e+03 3.073026653167385689e+02 2.427662729244875195e-01 -1.425926675693969803e-01
2.269770448262900970e+02 5.772895812853200823e+02 -8.952882746370335876e-03 -1.980554337812244145e-03
2.438612619618747601e+02 7.306165280257788481e+02 4.305068693191627799e-03 1.404483333625562019e-02
2.919073564360896285e+02 4.861525442391407523e+02 -4.805434800694479563e-02 -2.582172556261755694e-02
1.854697781016999159e+02 6.612891265332059447e+02 -2.178466038472405830e-01 6.144009349473058545e-01
1.964037620776027495e+02 6.440389549399486668e+02 -8.555453268359965516e-03 -1.733487097883503608e-02
1.066819840712854557e+03 2.372183328555425703e+02 -3.244429973305936743e-01 2.745746307400583064e-02
1.166752646533986763e+03 1.738454220422683818e+02 -3.108307529318111301e-03 4.717951188587485647e-03
1.232154069067033561e+03 3.718554835580957274e+02 -4.205003228370578217e-02 1.515198787025935981e-02
2.856387391904052606e+02 5.984253950402660394e+02 3.955733272921723755e-03 4.320142372813903786e-03
2.607327334562963870e+02 7.226281761580102057e+02 2.078063764028702590e-02 1.308682942044998854e-02
2.986594438753753025e+02 4.836986683999895718e+02 1.258733873867720968e-02 2.629823262129976288e-02
1.032457181263882148e+03 2.831454928245632914e+02 1.980543084220517391e-01 3.027322875210536335e-01
1.103627527445420810e+03 2.899145156549665217e+02 3.930656335637108811e-02 -1.397904780153323527e-02
1.289708550833390291e+03 3.344521605201965713e+02 2.754034671297794223e-01 -4.735810634971791312e-04
2.484508024107817903e+02 5.516730241862002231e+02 -7.040994517573126443e-02 1.788540604006189361e-01
1.045272409574887888e+03 1.727155684224009349e+02 9.905252384533287657e-02 -7.421813879178897067e-02
1.009057299100681007e+03 2.217530905662544285e+02 1.402480655145124655e-01 2.065421824465384359e-01
1.071254213500914602e+03 2.810246779809972395e+02 1.894223282594974800e-01 1.617260369933248287e-01
1.192174309778770976e+03 3.500942773792095863e+02 4.665829174749263480e-02 4.169905545149027275e-03
2.593972619554647281e+02 5.762234288082546527e+02 8.399559644220127783e-03 -2.445659031868178870e-03
2.488882187730493740e+02 5.941966491129038559e+02 -3.221959865797601515e-03 1.080744501510674978e-02
9.560049991034358072e+02 8.861221418485461072e+02 5.179889415937213304e-01 -1.940068773629668730e-01
1.225052043587618073e+03 3.913492025489520643e+02 -1.387342945242470496e-02 2.218779851766486053e-02
1.200718579764186416e+03 3.235174566606939948e+02 6.903409257458861803e-02 4.998029308296168122e-02
2.730235747308114469e+02 4.936845873202135522e+02 3.594059093734502247e-02 1.614129950364022459e-01
1.154035806973801300e+03 3.431771031358524624e+02 -9.083713994748075782e-03 2.652413319200060821e-02
1.023188117244792011e+03 8.686351802056996121e+02 -4.425073296825970948e-01 2.049862190874332801e-01
2.697347321505287709e+02 5.710602592237395356e+02 -1.208738726123360918e-02 -1.286888441862652811e-02
2.416405942610597606e+02 6.494493647805761611e+02 -2.758274689943126298e-03 5.681858324472171054e-03
3.464193760362423973e+02 5.354128924649486407e+02 -1.840490752794489704e-01 4.786108314055150664e-02
2.232700291668377872e+02 7.128800493688431743e+02 -2.541072582057982664e-03 3.555795115094692073e-03
6.386789538643334936e+02 3.976871537102701950e+02 5.259493648958593059e-01 -6.389883024977537247e-03
8.309717247141536518e+02 3.470671504651534178e+02 1.265493090458622537e-02 -1.691857475042783943e-01
1.063554960781898444e+03 1.737942248364008435e+02 4.754021449748203204e-02 -5.174848611025178319e-02
1.131980907037500174e+03 2.908500184127491366e+02 1.340779241069685601e-01 6.219875551395792623e-02
4.635536704613157895e+02 3.925583920199190970e+02 1.801577632549553488e-04 -3.920818775677739447e-03
1.007128192735853531e+03 1.816813985827209024e+02 7.689847853625014773e-02 2.242293463350990557e-01
9.930108353789689772e+02 1.927456435020548895e+02 7.441569755474888859e-02 2.856786276880012854e-01
1.007179607235239018e+03 2.073809835120621585e+02 7.026445558011806813e-02 2.809249445386274857e-01
1.208503337107513516e+03 2.823675996754883499e+02 2.070049506475710524e-02 7.711818808756573662e-02
2.672589324571279121e+02 5.265152541578063392e+02 7.531874674544775106e-03 1.053625827031205997e-01
1.090880307526681918e+03 2.432742826619488312e+02 -1.004161549649581174e-02 2.211668837485792835e-02
1.172993595984978128e+03 1.488391761684828509e+02 1.212845666928765706e-04 -3.980386517927764732e-03
1.218739651921416907e+03 3.704551196022338218e+02 -2.918207867445372916e-02 6.987325279369287212e-02
2.593822258891207184e+02 3.770020212329824858e+02 -1.484958342346252326e-02 1.198723239387374795e-01
2.715397708012808948e+02 4.964661350278515783e+02 3.140021021700444698e-02 2.705984500567849144e-02
3.498614199145817452e+02 5.025466036764372006e+02 -1.631751554991280606e-01 -1.070603925591707799e-02
5.556708030787784764e+02 5.056120752716008155e+02 -5.060476701358730400e-01 9.363746294718401642e-02
2.759629663121875183e+02 5.282863801618323123e+02 -5.621521450359941163e-02 6.189063872739933997e-02
1.263842926047052742e+03 3.461202084701575359e+02 1.630723617551820270e-01 -7.258718815988796091e-02
2.588799296199865694e+02 4.263168844816523801e+02 5.446927094231429796e-03 6.531171149012111356e-03
1.191263316208353217e+03 2.691892654989686662e+02 4.738206023735481720e-01 6.912852078256345734e-02
1.172758240699226235e+03 3.463861329182146847e+02 9.976352879146279176e-03 -5.819483277933026888e-02
2.415372403635525416e+02 5.702630087528724516e+02 -3.194589541149936429e-02 1.974398362840084631e-01
1.027810177764866467e+03 8.596796630876352765e+02 -3.506183004239994960e-01 1.857680517031229661e-01
2.870928613843507833e+02 4.554471509091365533e+02 1.630729854433656326e-02 4.937329683466090691e-02
1.029217278975788986e+03 1.651955191768202269e+02 -8.995144460924656138e-03 3.522964667574490782e-02
2.979548279821332812e+02 6.170265445767387291e+02 -1.363989464466437880e-02 3.250575635114238970e-02
5.804193535668337063e+02 1.047801489271824721e+03 -6.020291718705266248e-01 2.991803877766310293e-01
3.374999738393676125e+02 4.913969251412337940e+02 -8.210282525671197540e-02 1.698262597248292524e-02
4.528000819077951746e+02 4.744163957708868224e+02 -6.091681347387114531e-01 1.397845631322461868e-01
5.569826693990986541e+02 4.885188377622378084e+02 -4.938827510034639601e-01 8.368901089750666045e-02
8.794287275524907272e+02 2.199154367030950823e+02 5.759881562505230618e-02 1.986677160047409518e-01
1.190409251564163242e+03 3.948300778555352508e+02 -3.554553042810707896e-03 -1.199938649269384830e-02
1.040394340050423580e+03 2.423502383100627924e+02 1.692070858568707203e-01 1.469109036035151361e-01
1.109492556412514432e+03 2.328970488092618893e+02 -1.466783422306360170e-02 1.384790400047155624e-02
2.534272758816105124e+02 5.582526644340272242e+02 8.449996429055213866e-04 5.205816626152764449e-03
2.520866614557764649e+02 4.232650423404422213e+02 -6.617586411367568089e-02 -2.594426229649409721e-01
2.089742970856037232e+02 7.495354747831092936e+02 -5.784401387328348861e-03 2.387200270786896464e-02
1.182390671807839482e+02 4.143493301220756848e+02 -1.793684769847988802e-01 -1.834895410624089174e-01
2.535062483491174987e+02 4.083261596975382872e+02 -1.884146422699087622e-02 -8.543722095254706328e-02
2.937664353257230800e+02 4.823124827263958423e+02 3.336327306952352467e-02 1.216292389066625651e-01
2.261514828428249189e+02 5.289869316387490699e+02 1.281531315009070970e-01 -1.604119322577277906e-01
1.038513180344686816e+03 8.629404605413074023e+02 -3.824912582108019321e-01 2.967320916748256709e-01
4.703760914839585894e+02 4.525655985008771722e+02 -6.063473369503865618e-01 1.599837055107861117e-01
1.050873083105115484e+03 2.175545474357925571e+02 -4.235625062612033637e-04 -1.608815329729381891e-02
1.351243679384324423e+03 2.613649151737346870e+02 -2.243888592413989861e-04 5.251021740758099639e-03
1.264182989924025151e+03 3.209963729838637505e+02 -4.169486936717507752e-02 5.887436112310583114e-02
1.062301593593748237e+02 3.621410878105908182e+02 1.683572442194515529e-03 7.996782028136182859e-04
3.124648789389404442e+02 4.993548347630797934e+02 -2.168169167840747549e-03 2.245722560386391800e-02
1.122356418252470348e+03 1.796277502849933683e+02 4.853531500177604013e-02 4.614076213507307955e-02
2.871584673813647441e+02 6.080777584371639932e+02 -1.170508636330356428e-02 -5.228104646568297945e-04
3.269284964586884712e+02 5.252149847639838072e+02 -1.036480891889568143e-02 -1.773813318970552527e-02
3.066927160454964678e+02 5.328400392501074521e+02 7.521139575003058225e-04 -1.144727081617802171e-02
2.508281778126108179e+02 3.909526972005855896e+02 2.681981026314923106e-02 5.838395263721046086e-02
2.966717060839235387e+02 4.682688701610678663e+02 9.594864786731502684e-03 3.762480567420973393e-02
3.287504326699750550e+02 4.895667321027630692e+02 -7.506986904306447994e-02 3.125075817351127133e-02
1.135088603729863507e+03 1.733401247674879073e+02 4.736872556936434775e-02 2.511009390397386451e-02
1.047213427953777455e+03 1.888679181597730690e+02 -1.179794813044411812e-02 7.555782353890094782e-03
1.235364793431835096e+03 1.334238215347038761e+02 -7.418642423183996470e-02 1.091227673748958599e-01
1.180709580442372953e+03 2.280346462829612335e+02 1.764235163775700749e-02 1.412895858243114200e-01
8.067537746887132926e+02 9.272919008781285584e+02 4.326526900006513188e-01 -1.224135344180236201e-01
3.678316754104878896e+02 5.066018108209666480e+02 -5.025545802435441717e-02 4.561904434736085978e-02
5.499331697047633725e+02 4.163304666543855319e+02 -5.270136664687049555e-01 1.689369631832393914e-01
1.157668761972312268e+03 2.996729505926067532e+02 5.788218674263134744e-02 -8.495398059762414300e-02
1.246988844947974826e+02 4.141497305514662344e+02 -1.755153146001969255e-01 -9.779254955692243123e-02
1.123740696589195068e+03 2.597628963288651676e+02 3.604293883808906002e-03 -4.912773054239199556e-03
2.311504690107222757e+02 6.061475725837641448e+02 4.169971567835798962e-03 1.074234284724855798e-02
2.265719536126771914e+02 6.954840582443642916e+02 -4.289597425554776688e-02 -2.103133010633590969e-02
1.032280497444430011e+03 1.803808953821067860e+02 -6.807071577869605074e-03 2.741613225348789318e-02
1.128938167620015747e+03 2.861720002640238363e+02 1.018550084534257799e-01 6.123694467551388243e-02
1.196675362509268098e+03 3.586476357223420450e+02 6.072236870487848423e-03 -2.650236026472787068e-02
1.105699003266899808e+03 3.558052948216244999e+02 1.828721846483001845e-01 -4.600738035135149007e-01
2.961414240171181973e+02 6.861493596774467960e+02 2.218078840839165788e-01 -3.949175174824141599e-01
2.606513328605184370e+02 3.864554483003563519e+02 4.773633991696696333e-02 1.372526603531417644e-01
1.037807578186180081e+03 2.368409905821277448e+02 4.459260514212313314e-02 1.583537065139771216e-01
1.106987323805166625e+03 3.354783224361150360e+02 1.521311086735206014e-02 6.674022972116762376e-02
2.220581221766350950e+02 5.491859937113484875e+02 1.016399119573723614e-03 2.962087167778534869e-02
2.921312610717651523e+02 6.286515155961149048e+02 1.745988627759649872e-02 4.111654129387849743e-02
4.459066061984281646e+02 5.072854767244018035e+02 -5.642893015584001803e-01 3.728700451957706746e-02
1.068164495566693176e+03 1.683753238659926410e+02 -8.780725708165846785e-03 1.791085060886359742e-02
3.074388610522854037e+02 6.843603072276911234e+02 1.898101756468156542e-01 -3.845703830938077550e-01
1.064135827397328057e+03 8.329903028821926227e+02 4.678638280869563265e-02 -1.636592305643648493e-01
2.505251612358833597e+02 5.288218667557754316e+02 -1.121084466506995199e-03 -1.165324708445644557e-02
2.924202582577753446e+02 5.265452724386854015e+02 -9.379775846189297370e-03 -5.367320318242138448e-03
1.170352687261584379e+03 2.811960571313930473e+02 -1.298582635332905418e-02 -1.103601568872029579e-02
1.172722994613051696e+03 3.336627766180965864e+02 6.480439937944056095e-02 -5.236755087971965705e-02
2.490791053365670109e+02 6.474643085592033458e+02 4.515872051119426168e-03 -1.046922762261416140e-03
2.364411188133880728e+02 6.986917080015840611e+02 -3.123107260631393170e-03 6.227963831100410269e-03
3.382672215519718293e+02 5.232452397519376746e+02 -3.891606482052013816e-02 -4.958574366828914781e-03
3.789115383460127191e+02 5.295209051951039783e+02 -3.513436908335861864e-01 -2.658373511356015156e-02
5.041657314618044552e+02 4.368984640091020424e+02 -5.571132679583147285e-01 2.031886328615396808e-01
1.112021418218046847e+03 2.201819611766346441e+02 3.447955613304695688e-02 5.644447570420139948e-02
1.158916581433013334e+03 1.711471498249615593e+02 -3.588774541137179966e-04 2.878782003832817266e-02
1.192044368223756692e+03 1.795267460179731813e+02 6.103560165090923112e-02 -1.850116099248088897e-01
1.224528508874775298e+03 3.409056003841309348e+02 -3.349311995815832388e-01 -1.261317212759777984e-01
2.806233456221311826e+02 4.231943529767621612e+02 3.181585326292752595e-03 -8.214019019587596657e-03
2.570127383559673717e+02 6.318521452860795762e+02 -7.702040939892887753e-03 -1.702783116249283234e-03
4.423719429136476720e+02 5.119231204949958283e+02 -5.671112639048697668e-01 1.212192062209530193e-02
7.468104184208757488e+02 9.602698968986431964e+02 4.746918501736904772e-01 -1.109923575881798935e-01
1.101858160959008046e+03 2.046550667545230624e+02 9.269725547235591404e-03 1.688442792503034792e-02
1.128598444361769225e+03 3.724801805163223776e+02 8.304776035480346263e-02 -6.427412113779634728e-02
1.073572963396858313e+03 1.754115929091272506e+02 1.444088889161476430e-01 -4.794855603303415648e-01
1.098625787458449622e+03 1.851145848732899140e+02 -8.823709566133236537e-02 -1.141556976752156061e-01
2.603867795357703017e+02 6.890266615882812857e+02 -6.130871950196075879e-03 5.743863368520992461e-03
2.265430669168001998e+02 7.374914131778847377e+02 1.274259897266331789e-03 -2.894356186583412188e-03
2.374697008797589035e+02 3.755113375823971182e+02 -8.352458306457817561e-02 -3.166478099876620100e-01
2.704884838482451528e+02 5.030160745624301626e+02 -9.975032335569003136e-03 6.684333224489517888e-02
1.096271574178844503e+03 2.874278978257462427e+02 1.920129952513572047e-01 1.965205374106194780e-01
1.168813539671593162e+03 3.379947141976132912e+02 -1.069590958092365290e-02 2.361056064721466646e-02
1.236891255044396985e+03 3.960281243154957451e+02 3.430862451453516732e-02 2.803732210995912161e-02
3.341572575799024776e+02 4.806748588227683285e+02 -5.942949423686419430e-02 4.159049029089362942e-02
1.141254204038831858e+03 2.710670801155719687e+02 3.163679612175545053e-01 1.041113265286054829e-01
1.142211153748221705e+03 3.482640615269244222e+02 -7.139598153161187330e-03 1.280914565789472055e-02
2.837602702249297408e+02 4.646625607687403203e+02 6.880862209906979561e-03 -3.173086375640821275e-03
3.751558788320808162e+02 5.053009184405801761e+02 1.802792570887987861e-02 -1.816125618412144094e-01
1.084546990462389886e+03 1.694456628025767202e+02 2.140871249159033707e-01 1.504283152077149910e-01
1.195057517293477986e+03 3.197267830308966268e+02 6.226989583887530127e-02 -3.040059685904168349e-02
2.822413498854999716e+02 6.838594655373195792e+02 -1.965946463856482838e-03 -4.193399093271636680e-02
1.199475548968835028e+03 3.863685542035494791e+02 -8.637126034524883478e-02 1.918124049707432555e-01
2.043822362246142745e+02 6.130007873877746079e+02 -4.165808748949582918e-02 4.199110837792909834e-01
2.403787149258567410e+02 3.284553288700062126e+02 5.667734400794033171e-03 1.281805003368988727e-01
2.794524049449676681e+02 4.105610841292471491e+02 1.387892390626102763e-02 2.247103004725359982e-02
1.011953098161522689e+03 1.629182436304900534e+02 -4.053759769249154488e-04 6.839794356170763624e-03
1.147051681882654748e+03 3.110237700065353010e+02 -3.136795891859827518e-02 3.809303109336855970e-03
2.430955837620596753e+02 3.159667888146179848e+02 5.655035353122672692e-02 1.076090381423830122e-01
2.458600168260841201e+02 3.462004232758728790e+02 1.058166583325868479e-02 1.471059297713619984e-02
1.215249789563413060e+03 3.445278832696894256e+02 -2.670195725609979531e-01 3.564150745579029028e-02
2.656490919059694988e+02 5.395912924704153966e+02 3.945443127874439376e-02 1.238062419835743583e-01
2.662384923592872497e+02 6.038772082114295472e+02 1.291053806852921100e-02 2.443512958156613540e-02
1.092124672392577395e+03 2.057538531477532899e+02 7.116164997201065989e-02 -1.681795547582033423e-01
1.096589956672871722e+03 2.262411630889797891e+02 -9.841548284454246925e-03 5.487170021575988460e-02
3.038604773605807168e+02 5.040266485281637756e+02 -5.004174265771683255e-02 2.697834809609633150e-02
1.052691689805245460e+03 2.139943702317697500e+02 -6.057219720248342709e-03 -2.211823992893755669e-02
1.109875745327640061e+03 3.128488876518367761e+02 3.847276916358168680e-02 -1.516606610915524796e-02
2.015096010030952129e+02 7.030097453525601168e+02 -6.942760394097798743e-03 -1.228723966578399926e-02
5.116102921759791684e+02 1.100701629677427263e+03 -7.292747979231373190e-02 -3.823040256176162520e-03
2.645320018395244688e+02 3.441122043379285174e+02 -3.387090750053670801e-03 -1.529103416639125516e-02
1.043295564679093332e+03 2.696120438480060102e+02 2.125906015214762690e-01 2.879258402648742221e-01
1.205403005052939307e+03 2.205619055698993520e+02 -5.361940089227011652e-02 4.113127581549198830e-02
1.189516100660498751e+03 3.479149608456726810e+02 -7.048863842422125377e-04 -3.411618884229697390e-02
2.779358044330942334e+02 5.374063002729674281e+02 -5.362522801169861131e-02 7.107600212013880092e-02
2.571055638714553879e+02 6.804592824074006785e+02 4.287189486474014127e-02 -2.213243924799109669e-02
2.608066988722071642e+02 6.924276461535664566e+02 3.312690276982438453e-02 -1.568309804745102523e-02
3.234252543954424937e+02 5.558038064676089789e+02 -5.331272016323138118e-04 -1.463738128026045339e-02
3.205190006196625063e+02 1.098248017133249959e+03 -2.010568699611005750e-03 8.899709973637513934e-04
1.175374802823966547e+03 1.626954528984914248e+02 4.186248942023951258e-02 7.430453763350719498e-03
1.146564981794918594e+03 2.191771257005245559e+02 1.392346040353373837e-01 -7.080158126316238310e-02
1.158660288838282440e+03 2.381909805583289597e+02 3.533326932612368410e-02 -6.011653180643961036e-02
1.153941942226333822e+03 3.021218421614522640e+02 -9.280646391410130036e-03 4.302703477361085049e-01
1.184200818586739615e+03 3.161489185139355982e+02 -4.296652281998802891e-02 -1.764366395391370190e-02
1.137724744239156053e+03 3.560254900553943571e+02 1.748171700366896175e-02 -2.502000857079167417e-02
3.135385357497794985e+02 5.348622955394689598e+02 3.071642659632445316e-02 2.153450016574254278e-02
1.062941576139985727e+03 1.889660624190738645e+02 -8.580723131364075169e-04 2.835074974044005103e-02
1.076070963188071801e+03 2.083528238632826515e+02 -1.962705890928044539e-02 3.762359870744504814e-02
1.015127690317999281e+03 2.299695404762135809e+02 -5.872560859276906853e-02 3.346703284644227117e-02
1.186648836845127335e+03 3.163861217352120434e+02 -3.239310751972322711e-02 -2.295253989579519160e-03
1.196520750233727085e+03 3.468269842330502115e+02 -1.250301261377591289e-01 3.273126270003873795e-01
1.238809247762873611e+03 3.485338171408790799e+02 7.634458236665405372e-03 -5.021197634335573118e-02
2.729083060585557519e+02 6.913506371670250701e+02 8.129475972467995609e-03 6.349190476559366837e-03
3.174541138850854622e+02 5.373315235996656156e+02 -2.544361372158808476e-02 -8.671948614505708757e-04
2.613004200357742661e+02 4.727996891522087708e+02 -4.538667867026999897e-02 -4.063574768396988426e-04
2.786303166375403180e+02 4.779288155298315246e+02 -9.338048885371304231e-02 -1.273770366165002943e-01
3.071529154734740246e+02 4.708527617492661079e+02 -5.782103362490872978e-02 -3.025421703801380868e-01
1.138185693762792880e+03 2.001538198292081177e+02 9.185344271038738129e-02 3.596253426637523697e-03
1.205173570012941582e+03 2.126693658505320172e+02 6.921409791677183123e-04 -1.469721337735332457e-02
2.136280197821501190e+02 6.858678738473769272e+02 5.840834795132673722e-03 5.908328384728927553e-03
1.140306259406624577e+03 2.138895720457031757e+02 4.660411175163809566e-02 -3.521760392658076361e-02
8.683063514706212800e+02 9.272360679905448251e+02 3.688365548406246641e-01 -1.469974728462619118e-01
3.231910637057054601e+02 1.099264434690954204e+03 -1.785842592756889087e-03 -1.038904080933532141e-02
5.315586193949416156e+02 4.798047655946237455e+02 9.150509273682574246e-03 4.978293770742497210e-02
1.144060432894657197e+03 1.440901831710484373e+02 5.729404510576487780e-03 -2.530547168737905944e-02
8.126223154864140952e+02 9.291543811855043487e+02 4.450639642070149948e-01 -1.401198754750331010e-01
1.000193839380108187e+02 4.043204331085820513e+02 1.171778323769595703e-01 3.127837235015424322e-01
3.415642819763644980e+02 5.096745908861981889e+02 -4.732754537753600110e-02 4.835786922143151673e-02
3.300228877207917435e+02 5.184226537360042357e+02 -8.800692336907681157e-02 -3.172518176375241361e-02
1.110451647874571336e+03 1.508510363775698977e+02 1.072757958064147858e-02 -2.117819296003631280e-02
1.210415840054127784e+03 3.227671388361152367e+02 1.659161456559471726e-01 1.539607190018334529e-02
1.239493100791431971e+03 3.358522712976330808e+02 -1.221693937802333790e-02 2.770630744640374676e-02
2.058393617576751069e+02 7.150617861232362884e+02 5.472837545361550551e-03 6.973118208354487681e-03
2.355912915557114502e+02 7.563959347534998869e+02 -2.702902371970376024e-03 1.549846985680093225e-03
2.538760892704406160e+02 3.021471578927394148e+02 -8.174715757762669385e-03 5.018076138937203889e-02
2.899334467127210928e+02 4.855861739331129456e+02 -8.056363662952435722e-02 -3.459750395635865367e-02
1.178384040682974501e+03 1.997594672398945761e+02 7.328183655603424940e-02 3.024763975079508907e-02
1.211928034925566408e+03 2.631180916845674460e+02 -1.141705951366020662e-02 -1.011365656097882454e-01
5.571641708846267420e+02 4.957768658581691739e+02 -4.130000217908407767e-01 -8.297742325230454685e-02
5.998554859377504727e+02 1.027109548936736473e+03 -5.477041640062149108e-01 2.917603317351146752e-01
1.097339373930141846e+03 2.075152156291749463e+02 1.262588873762228101e-02 -1.925481952601222017e-03
3.251658016752432445e+02 5.332122420837548589e+02 -2.129635929542394654e-02 -2.774268682362716204e-02
2.459556939503122237e+02 5.099838918321148071e+02 3.683237477078581817e-02 -4.164687591350519497e-02
3.154898539246823930e+02 5.263150905557741908e+02 -8.071999332289888154e-03 1.002030640641102949e-01
9.536499354454826971e+02 1.795811006148750266e+02 -9.455017071827982386e-03 4.235926186476035582e-02
1.055879775848130976e+03 1.744250436096527608e+02 -1.613705213987838283e-01 3.263459701721067585e-01
9.758979457728182751e+02 2.220514857038505454e+02 -1.531590250824799437e-01 1.074677442083272094e+00
1.084232174578739205e+03 2.283594458631600048e+02 4.184082388613577508e-02 -9.969023115520511680e-02
1.126678019661316739e+03 2.248138956754533808e+02 2.433354035683392425e-02 9.565510850927178010e-02
1.076361829810128029e+03 2.664083144359350399e+02 1.601776706439543563e-01 1.643321443724103572e-03
1.042509533855954487e+03 3.322540132539981528e+02 5.144415009485679979e-01 -2.670654192207745289e-02
1.205342150607224539e+03 2.831091052086453601e+02 3.734016505392322854e-02 4.939899036703691848e-02
1.270637930745893755e+03 2.922474561268290358e+02 -1.177458163548098131e-02 2.572145752026968046e-01
2.875617720386720180e+02 5.476685631302784714e+02 -1.759536542568505141e-02 3.061533378798809643e-02
7.348926667900516350e+02 9.587443185833727739e+02 4.670397044290863220e-01 -1.075649593955848721e-01
2.626980221720309601e+02 4.218532696112908980e+02 1.260293773185865163e-02 4.485131953146037631e-02
2.616387549136040320e+02 4.455253239773581413e+02 -1.387587653895414885e-01 -2.371830499815218984e-01
2.742382843287642800e+02 4.945070982535813187e+02 -1.491116806260519949e-02 2.511893487872769448e-01
2.910196159256917099e+02 5.107840199353616981e+02 1.743848599710418057e-02 -3.848418098692177325e-02
9.669684394963149998e+02 1.839024586827335952e+02 2.872290974595498314e-01 5.649589804702250806e-01
1.049165376005080134e+03 2.076335279291292295e+02 9.178168398768450642e-02 4.421779872651703316e-03
1.034120803967252868e+03 2.222053603049562582e+02 2.248594651902446062e-01 3.145892336329695893e-01
1.153670672411152964e+03 1.848900947315242718e+02 -7.864158266648874074e-02 1.215405682261640752e-01
1.206187248821043113e+03 2.453213385308199008e+02 -2.059582866150950001e-02 -1.871362908589379193e-03
1.241322578299652378e+03 3.270166618506673899e+02 -2.079525426154846257e-02 1.268879401765540538e-01
1.865139122577054707e+02 6.671688968685507461e+02 1.141906115470008032e-02 5.857078600898830700e-01
1.137952264490819061e+03 2.793250441215914179e+02 3.015616674793363816e-01 1.705200389924499405e-01
1.116992489990320337e+03 3.083930426997803238e+02 5.496441334321389496e-03 2.402875661777841357e-02
1.067866613920499276e+03 1.550214865731306872e+02 4.158916253508993521e-01 -4.108895034081390396e-02
1.200594604362041082e+03 2.600505503351600964e+02 -3.516080772928705245e-01 -7.858235815599289020e-02
2.671585803774767669e+02 5.153112972472338242e+02 -6.882998950140024885e-02 -7.009384244591704283e-02
1.194003869821043736e+03 3.157459391349110547e+02 -5.797705217196380545e-02 1.291709298368522996e-01
1.198505581667935530e+03 3.349610004133441521e+02 -1.465431459108559598e-01 3.563498060007993518e-01
1.001005616875345936e+03 1.918574029432766679e+02 1.881890653269371882e-01 6.978103139593322402e-01
1.032222256537368366e+03 2.044974332732111009e+02 -1.856021524139818968e-01 -8.769048016987024408e-02
1.248548104652010807e+03 3.105249071917108949e+02 -4.640230695580987302e-02 -5.610552849810132581e-02
2.966339661232758544e+02 5.288957103198058576e+02 -2.049445059224928867e-02 -2.361212261907627216e-02
2.718052694165868388e+02 6.780424897683606105e+02 -2.909501122073098606e-02 -2.511981116734820357e-02
1.065870133654892470e+03 7.988240580512990618e+02 6.636535401740890627e-01 -3.488589009787119721e-01
3.167867301431613214e+02 4.919946190002576145e+02 8.405024141151073991e-02 1.364237627134343711e-01
1.121947186816482599e+03 1.966050248723457514e+02 -4.584213751235211021e-02 1.055176087178715250e-01
1.103515329076421949e+03 2.215269926662780620e+02 -6.389816411883941782e-02 1.920107624538189839e-01
1.093302775841302264e+03 2.279782307394521013e+02 1.964265972300864860e-01 -1.604140541712109069e-01
1.041038598945474178e+03 2.405762948035452666e+02 -1.759726865415700559e-03 -1.984492851204215924e-01
1.184574913133086056e+03 2.813550019774937709e+02 4.575864549102419687e-01 -3.408372024586370230e-02
1.232588632729062283e+03 2.913002965404398310e+02 -1.513830113626113416e-02 2.162351766623693550e-01
1.237125929369683035e+03 3.027232206729622135e+02 3.062472876879951400e-02 -2.128783613133862218e-01
1.284525848981648323e+03 3.204217649557260188e+02 5.062896274813795117e-01 -2.024258628176625052e-01
2.469079558203596605e+02 6.422536015539667460e+02 1.427897078089603866e-01 5.412300936139757823e-02
2.590371698371978937e+02 7.223385465697197105e+02 3.021355634610856100e-02 3.299699253029331203e-02
3.458093641723015139e+02 5.054503295901531601e+02 -7.349635420693326725e-03 7.213559377764038050e-02
5.438107993561287685e+02 4.415835829220461619e+02 -4.600747937568712698e-01 5.342734294712651183e-02
5.509052167984650623e+02 4.631877797734118758e+02 -3.525742585836648124e-01 -9.283239061372797196e-02
1.100388455668622555e+03 2.573315736594843202e+02 -1.059332976637961083e-04 4.825576478784796702e-02
1.091745052034616947e+03 2.879621309971746541e+02 2.380693343612620139e-01 1.582479838509205650e-01
1.104491760679915387e+03 2.982746224454872390e+02 -6.250291066988514221e-02 1.407821093609337992e-01
1.185543466962692719e+03 2.438135153016382901e+02 -7.578658440509874507e-03 7.418820911925649852e-02
1.190551672498159405e+03 3.274182003810449260e+02 5.716446608278905051e-02 -4.077459284100844877e-02
1.208330197188052125e+03 3.597991082221646479e+02 -6.848554078586251148e-02 9.898985492437001321e-02
2.959700179399384865e+02 5.596751180214432679e+02 1.473993484119849422e-02 -1.095034903716092800e-01
3.068815427567005258e+02 5.613794041627364777e+02 -8.374983450848579036e-02 -1.773421685571444639e-01
2.745466184066061146e+02 3.976378381767388532e+02 -3.485373301574311300e-02 -6.752480238973086746e-02
1.099715575447080482e+03 1.564712000294847201e+02 3.341395904023362201e-02 -5.025143870755398312e-02
1.118873915095026177e+03 2.164699764324111015e+02 7.708596158291973477e-02 -2.654843271033005894e-02
1.198741211267949893e+03 2.562509303805888408e+02 9.809074320844501926e-02 -1.700568676244529343e-02
1.201293924119575422e+03 3.664704429798350134e+02 -3.344562733747936945e-02 5.672764162890432671e-02
2.160124585483320061e+02 7.004824222625743460e+02 2.919859445352049852e-03 -1.089850204540912873e-02
2.898507088260795399e+02 4.650726389819770930e+02 3.021256810584943293e-03 -6.590978476258267139e-03
1.128177155940810053e+03 2.059842215023995777e+02 -1.095530887422892924e-01 -5.769776949368685777e-04
2.722416785400041022e+02 6.221593014776448172e+02 1.164809898759900687e-02 1.787898022421184271e-02
3.085001628757670460e+02 5.372491778658154544e+02 8.159534103970145225e-02 1.735466052925683234e-01
2.646921366405535991e+02 7.139447006032252148e+02 -1.988245122067575435e-02 1.362816416086179150e-01
9.200920303484518854e+02 1.102490948997547775e+03 2.948688333879964998e-03 1.179172213072049051e-04
3.132041381895653558e+02 4.906097862749040814e+02 5.130384376190496448e-02 1.758863242539140115e-01
5.356477027436833396e+02 4.625576301344604531e+02 1.244762247078294028e-04 1.770146775270831085e-01
1.115756783340619677e+03 2.094091301007153163e+02 7.099365818678886331e-02 -1.093331654868142239e-01
1.205433814442774974e+03 2.080378881132974414e+02 -2.462058907288640960e-03 -1.922645595723319542e-02
1.169950271816639543e+03 2.293105042965831615e+02 -1.477474887593643871e-02 2.859975995801515222e-02
1.202914287795878863e+03 3.523700974527920380e+02 -2.438572073651812389e-02 2.744827199403232498e-02
2.952033172991019114e+02 5.664452052355542264e+02 -3.602040241396290560e-02 -9.509014617959603288e-02
2.486867000185275174e+02 6.292563906782662571e+02 6.570821560766641582e-03 3.332661666282395792e-03
2.016352217125758557e+02 6.448293163355832576e+02 3.227450032378934800e-03 -4.019669037641430791e-03
1.268725355667999537e+02 3.828738468168760392e+02 7.837407813705061024e-03 -2.373010447547068899e-02
2.800298064149316701e+02 4.546508413772573363e+02 6.422108940998069726e-02 3.764374297407419717e-02
2.878571237844201960e+02 5.068511242444806726e+02 1.330476963989274918e-02 3.452069493131788847e-02
3.479953128231618393e+02 5.167513329815063798e+02 -8.206880466347725792e-03 -2.593794021921977215e-03
1.079110596562932642e+03 2.526883425154820770e+02 1.401700764792663534e-01 5.541546949423160201e-02
1.185801951257298015e+03 2.114615666217525813e+02 6.406575494303400065e-02 2.327920919258949783e-01
1.198683329572085540e+03 2.131061763222266165e+02 1.060590273239499365e-01 -1.026233035187364001e-01
1.126099144637157451e+03 2.873594707351506941e+02 1.844969015134086954e-01 -1.157102825602216584e-01
1.212813677769752530e+03 3.185255018490198609e+02 -8.770079913560122065e-02 7.852276072818850650e-02
1.243529931415604779e+03 3.161080791720981438e+02 1.442226602111779943e-01 -1.208968490817803471e-01
2.334947082192601897e+02 5.852252225038052984e+02 -1.927983506516051659e-01 2.880385374037153223e-01
2.117865436138264670e+02 5.922014617164678612e+02 3.888954769022037912e-03 -3.314843560292501934e-02
2.206779464452939692e+02 2.916860935517820508e+02 -7.719998907782041342e-02 -3.627157400463772996e-01
2.354702772668241266e+02 3.564703003739174960e+02 3.401032369453958065e-02 -3.913669214252991080e-01
1.098021184376767678e+03 1.681729823759790179e+02 -1.725208228128849441e-02 8.546282371665370886e-03
1.041417744158464529e+03 2.323760081466572274e+02 -1.596955545139735339e-02 1.247409733055633227e-02
1.085673118597055009e+03 3.123224877518918561e+02 7.972952773573069307e-02 1.198781076038642340e-01
3.034296678755569587e+02 5.502816915206540216e+02 -2.248018802049500664e-03 4.857438893756125392e-02
5.944814588677819529e+02 4.454805134088393288e+02 -4.170272534778784457e-01 1.058006826823429947e-01
1.173216169705887069e+03 1.833709150536286074e+02 -1.902940553261739907e-03 -1.134550022393088775e-01
1.135246304164332741e+03 3.707008252219322344e+02 -2.399042733077294542e-02 3.632590796596307098e-02
2.206936059668617247e+02 6.204068403551832489e+02 1.293880466056186451e-01 2.951963506101644083e-02
9.512549925973501104e+02 8.816261965701406780e+02 4.560413462358812731e-01 -1.956147412522063478e-01
5.698330400579136494e+02 1.021550466119480575e+03 6.081716704032310572e-01 -1.952764901259848029e-01
8.210616446123333390e+02 1.102152765195631900e+03 9.758213433567814636e-04 2.520558080474681259e-02
2.520032923397337754e+02 3.706963904642491343e+02 -1.099410910381735107e-01 5.946393931153437507e-02
5.437379495567573713e+02 4.542662567149871506e+02 2.995038964420473349e-01 7.736814331531078892e-01
1.265503593229663011e+03 2.964780463448695400e+02 -2.674240696030096842e-01 5.601840736429792855e-01
1.118804551828820195e+03 3.827526359378562120e+02 -3.032044378247178429e-02 -2.696563155879516671e-03
3.846821715920058864e+02 6.362055914948979307e+02 3.853821638273302597e-04 3.409727495900938266e-02
7.531871195190608432e+02 8.451988799766816101e+02 6.993852245273046719e-03 3.589149082884546260e-03
2.386358562935546956e+02 3.336283318502322004e+02 -2.777817517801801223e-02 -2.576094161056192156e-01
2.686626197559236857e+02 4.973887693967548671e+02 1.189382764540596327e-01 1.648859830651271674e-01
2.935071090710828798e+02 5.045204487699666061e+02 -7.452731393149340799e-02 6.580915449636190462e-02
2.107763982763680701e+02 5.222406946912884678e+02 6.186535463764438608e-02 1.004452288824495554e-01
2.870025680700303496e+02 4.341318804346066145e+02 2.211883091586384562e-02 -1.021550478843177541e-03
3.195533335981220375e+02 4.939372607320639190e+02 -2.570382286676574091e-01 -4.545578930097755530e-03
3.521873728955966385e+02 5.116161100482093502e+02 -1.832216141308354584e-01 -3.168699424350783223e-01
1.018251857344178916e+03 1.947962804780477484e+02 2.643079476761808419e-02 3.508028166603643361e-01
1.149605266574558300e+03 2.393327307961782537e+02 4.266710416530778427e-01 -4.300938733447838280e-01
1.221654261055873576e+03 3.049461810335925520e+02 5.500684708678298812e-02 1.654765689545131813e-01
1.227486832320091708e+03 3.570274673230139229e+02 -1.180765290964050709e-02 3.322069358559279900e-02
1.146453600501791470e+03 3.807941505318397617e+02 -4.252252286836925160e-02 1.932725616579205052e-01
1.216745298351186648e+03 3.750126302168587813e+02 6.187081445279675462e-02 -4.470056711211815165e-02
2.650794094992502323e+02 6.863725565088562917e+02 7.626267730326422543e-03 -8.871862666800163152e-03
2.484454825098702884e+02 7.244821222945181489e+02 2.365175877541300306e-02 2.838303101709373569e-02
8.684884000614458444e+01 3.141896141290279161e+02 1.743182491730029329e-02 3.295454667369313029e-02
2.575890632859214975e+02 3.582125214945446032e+02 -9.442993729180670925e-04 -1.866853774305449465e-01
3.477883134051149341e+02 4.977691502009304259e+02 -9.477502000481763389e-02 -3.738673342987416243e-02
1.099331394724256597e+03 1.938364644305657691e+02 1.149597870033479269e-01 -2.124137937219785499e-01
1.160649334093284097e+03 1.903150474353847983e+02 2.871654184362644815e-02 -3.610186792546699053e-02
1.139226841784727640e+03 2.311319180307322938e+02 -1.125550006918274448e-03 -4.465408835165571300e-01
1.139771724781164039e+03 3.409016823339350708e+02 1.809061360900917140e-02 -1.065631524740714119e-02
1.271902204889949417e+03 3.528789695408781881e+02 2.326938054991766480e-01 2.937464269855070143e-01
2.463830543125583858e+02 5.423459739895718030e+02 7.950703960598085387e-03 2.244328604062199514e-02
2.347496114337361064e+02 5.926035914018651738e+02 1.145481640291308167e-01 1.378953121534512716e-01
3.057923748854760220e+02 5.273579762120089072e+02 8.745877154986676782e-02 -2.611729920488414791e-02
2.392165404920781668e+02 7.217666385236357200e+02 -5.572659229476546912e-03 -4.928410656231108078e-02
2.898278229437151481e+02 5.140986659674983912e+02 2.525294992516364731e-02 4.997737790124574808e-02
1.104550211210935686e+03 1.665539107301107720e+02 4.163606945899119005e-02 -5.702403237705198219e-02
1.099551299373339361e+03 1.992755141586244463e+02 -2.344052379366985336e-02 7.811171041038278418e-02
1.062895756357175514e+03 2.530862951877820990e+02 -2.074298070981058228e-01 -2.221664280103425315e-01
1.143765080042095860e+03 3.178630713865339317e+02 1.905231170062506724e-02 1.618256390366923370e-02
1.237954532305772773e+03 3.269746225197128524e+02 -3.158968517009271004e-02 6.061028857344581688e-02
1.097135475226433982e+03 3.548743024596959685e+02 -2.146894151122978600e-01 7.592160342765851277e-01
1.223257124532349508e+03 3.456921009270938043e+02 -2.746466977590898972e-01 -1.398656201095263840e-01
1.242263284933232626e+03 3.438421591647559694e+02 -2.918388134785345617e-02 -2.922407495829020332e-02
1.207134840531868349e+03 3.777621236681857795e+02 4.197933778496008156e-02 -5.804063492552131998e-02
1.201036680704349465e+03 3.979668205753350776e+02 1.190718728676074499e-02 1.550444074816823524e-02
2.217878147914350109e+02 7.306308718968980429e+02 7.074715545741128587e-04 -9.251820514339215151e-02
2.829796788563460836e+02 4.746355210211247027e+02 -3.185001869120185347e-02 -1.229961650490878355e-01
2.695722154961175647e+02 5.079830858500887985e+02 5.544134370823314839e-01 3.052110968380219447e-01
1.105988789839505216e+03 1.954196938001618662e+02 -3.288250917512414162e-02 1.559512890052587863e-01
1.079715945204409081e+03 2.222198704483968470e+02 1.854605494567067581e-01 -2.034827497448148392e-01
1.021421000204054280e+03 2.454033046472795547e+02 1.426452071784467535e-01 3.469457179134778357e-01
1.088270889970520102e+03 2.834206994695226740e+02 6.119304868757922122e-01 -3.552048331945059090e-01
1.229990840788432024e+03 3.834485866803651106e+02 2.555759671810164946e-02 1.730060096411989434e-02
2.878815081053817266e+02 5.663469238856673655e+02 1.686092329069310836e-02 1.055501488632160090e-01
3.634181977623195507e+02 1.041283425485334419e+03 -5.621507160014971305e-03 -2.839636567432535230e-02
2.330272485987788968e+02 3.067018228616166766e+02 4.626649831880058628e-02 1.141243147944805969e-01
8.173029358752788198e+01 3.504769877921267494e+02 3.110226669564989874e-02 1.669872387130529393e-02
2.859116563816168650e+02 5.064799789806158401e+02 -8.445766986937996990e-03 1.423302517848128446e-01
2.878229699356732567e+02 5.220500223338117394e+02 2.567030498717788947e-02 -1.736976546513157305e-01
4.605223585026693627e+02 5.077136497980843615e+02 -8.468468189513677080e-01 3.120483575294959525e-02
1.122549867790562530e+03 1.843506745106213600e+02 1.898000947191273366e-02 -3.182266699926117326e-02
1.099366790673869673e+03 2.153846077453675889e+02 7.698887020804552617e-02 -3.547095406870918316e-02
1.097522421399815357e+03 2.523190703010969003e+02 -1.918274528197798645e-01 2.621392929859022725e-01
1.060507552263690286e+03 2.626597295009435697e+02 8.220224803684081025e-03 -3.028918612834369806e-01
1.167249553663655433e+03 1.944170774898185527e+02 4.766141017429011834e-02 -3.812450358544575840e-02
1.141842096941961472e+03 2.479427231204561792e+02 2.996059057432678974e-01 -1.033368595837070414e+00
1.169005768054423925e+03 3.057887603613886540e+02 6.414680575683935626e-02 4.623642822098569805e-01
3.056387810549010169e+02 5.687353825199342054e+02 -5.658468340868694213e-03 2.851803610159701560e-02
3.042390798366593572e+02 5.010930011567794509e+02 2.412588555301908855e-02 1.433903519720161057e-01
3.935961742336625093e+02 5.155713141539620210e+02 -2.555538542600004348e-01 -1.785132045159798508e-02
5.451905439917840113e+02 4.632561008505937252e+02 1.023030383470882043e-01 -2.662953902181754984e-01
9.809451379070452504e+02 2.161334587679563413e+02 -7.874285177598494556e-02 -1.724177957390793381e-02
1.024976690911493279e+03 2.144154981361964190e+02 1.118990204236069985e-02 -1.518035681264819914e-01
1.137121742219019552e+03 2.062368387388007420e+02 -1.474730845814065106e-02 3.296561824417381104e-01
1.029772397968678206e+03 2.523922944837657667e+02 3.941374662827001885e-02 2.859110601363994419e-01
1.097650176737179436e+03 2.772802945372321233e+02 1.824061835170596169e-01 -2.811324999872795161e-01
1.061968577089032351e+03 2.867409714537577656e+02 2.340744374217820223e-01 -2.523119646610894051e-03
1.166436080745066874e+03 2.471553895097668487e+02 -1.932835477305161476e-03 2.165251170126225588e-03
1.251594819649583314e+03 3.254196334170400178e+02 9.587392667942822300e-01 -3.576852153754543906e-01
1.216672015513973747e+03 3.558356312757717888e+02 -1.979185736910267224e-01 -1.740690964751934189e-02
2.555840874495289654e+02 3.702378830561026462e+02 0.000000000000000000e+00 0.000000000000000000e+00
2.768946065612338998e+02 4.296032321508851055e+02 0.000000000000000000e+00 0.000000000000000000e+00
2.545715710150981863e+02 4.773758319697603838e+02 0.000000000000000000e+00 0.000000000000000000e+00
2.708494440627380868e+02 4.870046280728238344e+02 0.000000000000000000e+00 0.000000000000000000e+00
3.645578636258299525e+02 5.177851604553069365e+02 0.000000000000000000e+00 0.000000000000000000e+00
1.063898502008565401e+03 1.660212696210388970e+02 0.000000000000000000e+00 0.000000000000000000e+00
1.056096192346623866e+03 1.929280945098522295e+02 0.000000000000000000e+00 0.000000000000000000e+00
1.035047602319310045e+03 2.153347802286460535e+02 0.000000000000000000e+00 0.000000000000000000e+00
1.087987478288901684e+03 3.289654660692926313e+02 0.000000000000000000e+00 0.000000000000000000e+00
1.085672892459884451e+03 3.398815455488768862e+02 0.000000000000000000e+00 0.000000000000000000e+00
1.139984358573013196e+03 2.343366541051656213e+02 0.000000000000000000e+00 0.000000000000000000e+00
1.192331460202205562e+03 3.128094586727779074e+02 0.000000000000000000e+00 0.000000000000000000e+00
2.574621348659645719e+02 5.971480423152380581e+02 0.000000000000000000e+00 0.000000000000000000e+00
1.954690010104357896e+02 6.134022323802316805e+02 0.000000000000000000e+00 0.000000000000000000e+00
2.115126823636200584e+02 6.620275005495304868e+02 0.000000000000000000e+00 0.000000000000000000e+00
2.633286520666089814e+02 7.042925352246445527e+02 0.000000000000000000e+00 0.000000000000000000e+00
3.229384335313112047e+02 5.338320006962463822e+02 0.000000000000000000e+00 0.000000000000000000e+00
5.557520427812686421e+02 5.095890828126363203e+02 0.000000000000000000e+00 0.000000000000000000e+00
1.055577504300213377e+03 8.311434898073906652e+02 0.000000000000000000e+00 0.000000000000000000e+00
9.007112440889191021e+02 9.278778551739829936e+02 0.000000000000000000e+00 0.000000000000000000e+00
6.158634915720341496e+02 9.846318761065838316e+02 0.000000000000000000e+00 0.000000000000000000e+00
