1.339781817615536568e+02 3.788434538170592418e+02 2.090873400112457743e-04 2.474096723509625756e-03
3.030414287204002903e+02 5.791604787036188782e+02 -5.272947638102908237e-03 -4.096538339443006951e-03
2.745576689240341466e+02 5.437175702684724001e+02 1.043871369515243612e-02 1.718306308326096815e-03
2.526146710701902407e+02 4.633780660231973911e+02 -1.130850938722399550e-02 -2.714925786749641801e-02
2.285035471553466948e+02 6.105778641061492635e+02 3.976784179708419613e-04 4.662683835443086604e-04
2.781854212791963050e+02 5.534279015960214565e+02 -1.111185113928166808e-03 2.469194323584635725e-03
2.504950907519252894e+02 3.877788124663243252e+02 -6.630144350188178770e-02 -7.456592590730089232e-02
3.135846876478127569e+02 4.810609741912899153e+02 -6.956269817727830061e-03 7.890774457375936135e-02
3.201469677742188651e+02 4.690134259531888006e+02 -2.391433660357119347e-03 9.772484627080307504e-03
8.189793250343122963e+02 3.360460427613951424e+02 -3.364309329616178151e-02 6.269553551638380566e-03
3.066840396912823508e+02 4.920609459308014380e+02 -1.292839961015476991e-01 -3.897200649264910555e-02
5.654518232682710277e+02 3.874806267250802989e+02 2.774548311148833640e-03 -3.092096897880269608e-03
5.639900992814846177e+02 3.819448132268345262e+02 2.940203620437837565e-03 4.819025253400716427e-03
2.679465247834643264e+02 4.752221720388038761e+02 -6.540918301355941322e-02 -7.942230560430832420e-02
3.078943574758581008e+02 4.980562616120255939e+02 -4.473073332523163498e-02 -1.094145496992298128e-01
3.331931333552458341e+02 5.324731827343907753e+02 -2.126310382926129700e-02 -9.280084945892145068e-03
3.252260254263700858e+02 4.982400950298059570e+02 -7.936146960937244532e-02 -5.057124731536246504e-02
3.391274730738749668e+02 5.412682147182953258e+02 -8.969580504596463355e-04 9.843588259587201031e-03
2.986677952332992163e+02 5.263446321300631325e+02 -1.354645055177969015e-01 -7.026262538732851171e-02
3.235385795493419891e+02 5.562159104530478544e+02 -4.211208943125725225e-03 -3.732148661315207172e-02
8.335381824004940654e+02 4.052544729919660540e+02 -1.176996650269002964e-01 9.423686628866677351e-02
7.070961066450638555e+02 4.150121994143387951e+02 5.382454354355897114e-03 -5.529320411693561255e-02
7.633761776745014913e+02 4.291629196967808753e+02 -5.698619460303017961e-04 -1.205011190700471446e-03
5.357826094967639392e+02 4.550110108542897933e+02 -1.435166290078442319e-01 -5.761278751200416687e-02
1.093255387747350369e+03 2.333898591337251673e+02 -3.500752831949978383e-02 2.265341729234451873e-01
3.322268062301905616e+02 4.863687633436884994e+02 -6.022673004469420582e-02 5.259131960802015254e-02
1.218631996699174351e+03 2.529328212820437329e+02 1.529463233861077858e-03 -3.667953678745847559e-03
1.193088582547290571e+03 3.757609242099839548e+02 -8.697588960231849783e-03 2.967260552788608327e-02
1.204660612941267800e+03 3.963167888763377960e+02 -1.126426222297163566e-03 -8.556668576559196132e-03
2.755196128835498257e+02 5.616040536645492693e+02 2.632893821519606548e-03 5.732679301068306643e-03
2.012570996830635579e+02 6.605010759584937432e+02 1.222102736987959459e-02 3.612206764620677635e-02
2.766249776899074959e+02 5.776949735244933208e+02 7.990882020080091602e-03 1.505731375579157962e-02
2.728809653585728938e+02 5.911901130260273476e+02 3.332797209204367561e-03 -5.175943267974193740e-03
2.687779401655508309e+02 5.947614887269775181e+02 2.404491693994259549e-03 6.165210440797474871e-03
2.482292882684582764e+02 6.037741076553777475e+02 6.390182228393755624e-03 -5.595336611245239553e-03
2.805606124289341210e+02 6.017096678151416427e+02 -2.412497030725757868e-03 -5.181306867897736423e-03
2.480700524533226599e+02 6.196809352762667231e+02 4.304617820612394175e-03 1.250967954804016978e-02
2.555843739498875209e+02 6.234006320203319547e+02 -2.690289894020722258e-03 5.438016899379048176e-03
2.270423097698770789e+02 6.324972763936252704e+02 1.905688982384728036e-03 -7.010891313484535203e-03
2.784726713710614376e+02 6.316753745085037508e+02 -6.142596895001183575e-03 9.365654151316888873e-03
3.000422976403056055e+02 6.320919800019705690e+02 -1.768378002989580997e-04 2.976322957441889221e-03
2.243219259424261054e+02 6.433623481552588146e+02 -2.646665052089580456e-04 -8.411927258531376461e-03
2.867774653633282469e+02 6.385251507312237891e+02 -1.063099319389160594e-03 9.765440490243668809e-03
2.957277473059745034e+02 6.365304642872868044e+02 -3.232371966654938762e-03 3.104147458415273866e-03
2.385500168962342684e+02 6.438015073523478122e+02 1.171456883807562438e-02 -2.129315393327343899e-03
2.583596895109324123e+02 6.400030569269848684e+02 -8.594261805925915154e-03 -6.629268878910888306e-03
2.668379899179965378e+02 6.413071739365076382e+02 1.981022828232820165e-02 1.288951607463588618e-02
2.283082636959021272e+02 6.573456422335809748e+02 -1.367680276495808304e-02 4.009237532732141084e-03
2.682694191328239981e+02 6.519332223146752767e+02 -1.157664155312371039e-02 -2.484565704687363794e-03
2.928186146679453827e+02 6.528786387056650256e+02 1.305652345041551782e-02 -1.758388395455092335e-03
2.772239811306087631e+02 6.582741829553293655e+02 1.551748864671080239e-02 -3.262362534309260886e-03
2.475588340057363439e+02 6.606825930693743203e+02 -9.135263620135161342e-03 -2.390342700830995828e-02
2.553746556860903922e+02 6.655114091284463029e+02 3.354986979268863062e-04 -4.186268458323244741e-03
2.078771739472398679e+02 6.705249886431511186e+02 7.710646984672747022e-04 7.787726331848221235e-04
2.616546426403169789e+02 6.687724140617484636e+02 2.991073248523153571e-04 -5.786195453173614139e-04
2.000714782628871831e+02 6.993400947901677682e+02 -5.292564652431691608e-03 1.014089931868511485e-02
2.367328862786804393e+02 6.792210357198426891e+02 1.487146017937691217e-03 -1.935007821140907964e-03
2.247892036116817280e+02 6.833413915217690828e+02 7.383289899730743379e-03 -9.684810014181097562e-03
2.174959330316892192e+02 6.869933049461707242e+02 1.119665761059355450e-03 -3.071456555735584256e-04
2.339195198332382404e+02 6.888658646546600721e+02 -2.844381668105237576e-04 -6.889536905862427528e-03
2.401647974046447302e+02 6.931191858065609495e+02 -1.087850531321788751e-02 2.278137762177135598e-03
2.052161173939085472e+02 7.114460799255562051e+02 4.071829848366142427e-05 -1.060397092929984920e-03
2.781021879972291231e+02 6.875317681577503208e+02 6.593896629879910298e-04 -2.082364545834358358e-03
2.517809259536383024e+02 6.934445687760746750e+02 2.352582236570111788e-03 3.123458000551622947e-03
2.687245722188559398e+02 6.943209183288925033e+02 1.789680410163530455e-04 1.769901918008838374e-03
2.747452528939548415e+02 6.959717920490215874e+02 -5.451855252883911103e-03 -4.909238417392789398e-03
2.599391507925009819e+02 6.986586856452815937e+02 2.299384895094238983e-03 -1.785804149158769260e-04
2.539781154269952026e+02 7.017463881007652162e+02 -1.662217495285547939e-03 -1.190150471065952800e-03
2.474784375660164244e+02 7.078719175607698162e+02 5.395396867516630800e-03 4.036102610344002514e-03
2.698556228283417795e+02 7.051366198146955639e+02 -1.002815313552669072e-03 -1.621054326815598483e-03
2.585601676828891300e+02 7.080926724434207244e+02 -3.918543330477819182e-04 -3.965686540699481206e-05
2.603119711191381498e+02 7.104294153082955745e+02 -8.357504017931543377e-03 -7.709287291972806606e-03
2.200360920723448146e+02 7.165766768538868519e+02 6.894535164406923218e-03 7.878198065572907666e-03
2.196297080713857213e+02 7.260337446985026872e+02 -1.404940725742286935e-02 -1.135401146043567636e-02
2.521432349445758234e+02 7.139492657248382557e+02 6.538232268078085496e-03 3.768413135383138265e-03
2.350506043934460934e+02 7.255934279768916895e+02 1.973177933026568336e-03 -2.846463781480397786e-03
2.618886269838881162e+02 7.269392916898553949e+02 -2.558934261855375612e-03 1.197269506064913003e-03
2.189616271266530418e+02 7.334771703714227442e+02 -1.370216917584146849e-04 1.530902154344727321e-03
2.557194309015082467e+02 7.299361462701323262e+02 -8.716958843689495131e-04 -1.570479241286418639e-03
2.358991290895328916e+02 7.361371852889959655e+02 7.216735662335802687e-03 -2.236457255120026522e-03
2.194924255310416754e+02 7.507577795997598287e+02 4.810166882268416579e-03 1.436686828208279428e-02
2.278079650290707150e+02 7.462943775769119839e+02 -7.256169227266391283e-03 -1.311193490504264023e-02
2.482370249037410588e+02 7.475322338651347991e+02 5.850386060085001165e-03 1.652669009469700731e-02
2.418346820527135037e+02 7.462845006452797634e+02 1.869298070871092121e-02 -7.529194300353551396e-03
2.570415575082550959e+02 7.442156772050933569e+02 1.156285894095440865e-02 -3.028832390300792085e-03
2.542394764824714173e+02 7.517762256000645493e+02 8.922931857600218536e-03 3.580984451542859257e-03
2.442337525578600435e+02 7.519541325140484105e+02 1.542043711695234576e-02 -1.280478924452989678e-02
2.485205993888772866e+02 7.598636334729202417e+02 1.970571283791151991e-03 3.398814825803776925e-03
6.343943792988245605e+02 8.219861714146016993e+02 1.958900739536787079e-04 -1.042281249592948893e-03
9.125331279266977162e+02 8.057794598466999787e+02 7.539826759739298723e-04 -1.564864927992389541e-03
4.599899631558827195e+02 9.415389518839693892e+02 5.711040208701311568e-04 4.628077461163256534e-05
7.104906614195809880e+02 8.856131482124594640e+02 8.707156119957704110e-02 -1.217831973311347404e-01
9.066291843755402624e+02 9.231881563938273985e+02 3.266457639282148440e-03 1.365305074388050008e-03
9.005400142153742991e+02 9.279734281934189539e+02 -7.809314942681403133e-04 2.343249705826664416e-03
7.068954008978893171e+02 9.913461306001136109e+02 -1.161049871865484952e-02 3.168819642205968068e-02
7.149324673933407439e+02 1.011683539847391103e+03 9.718665037753724059e-05 8.384773390173337528e-04
7.049229157463837510e+02 1.023692311861451458e+03 3.186625558746887738e-04 5.562852263350091971e-05
9.785931366604432924e+02 8.471482674620094713e+02 3.466481171090409208e-01 -1.385516127543607035e-01
3.540334589448728480e+02 1.057999067925954478e+03 5.587831301759611791e-03 2.026650590611854194e-03
4.817049035301350841e+02 1.099045120031457373e+03 1.041902053686661277e-04 -2.473822885822120929e-04
7.045133521378839987e+02 1.036494099349052931e+03 6.472468119126110120e-04 -3.619747479449258163e-04
7.518441296448866069e+02 1.067579755903842170e+03 1.406044147962789017e-06 -4.220135993945053833e-04
7.455860089915512390e+02 1.071508497869612711e+03 -1.058408270207317073e-03 3.970870111628539679e-04
1.311991232570440502e+02 3.249159189557718150e+02 5.203064786519124869e-04 -3.496544257349215698e-04
1.237383411883933604e+03 3.998431682579111452e+02 4.801557636571064766e-04 -1.468489098015659210e-02
8.999915260790749016e+02 1.102030115549548327e+03 2.141016486779344623e-03 -1.146751268906162202e-03
1.166493630229247174e+03 2.389006769191348667e+02 -8.734588984309381299e-02 1.191957070175569955e-01
2.551689253618218913e+02 7.085109364073216511e+02 -9.269069047543371156e-04 1.663607857982143338e-03
2.507375291027734647e+02 5.685942016867173834e+02 2.557748056715112434e-02 2.771696441261655916e-02
9.491493415132977134e+02 2.491257574530960710e+02 -3.858722239197229925e-03 2.849731455146096472e-03
1.128995956232643948e+03 3.504928132102264158e+02 1.804177265665491033e-03 -1.080513086373565551e-02
2.792848223547865132e+02 6.524860184621202279e+02 5.912381120291648313e-06 -8.060225859458339422e-04
1.350561797570483407e+02 4.002600957432379118e+02 3.656424125260078484e-03 5.292235431887989082e-03
2.342468968621130330e+02 6.675798365586618957e+02 9.769748810705807798e-05 -1.396506990612475518e-02
1.008319706803162148e+03 9.275442840236729580e+02 -1.239712396916207277e-04 9.927006905319004921e-05
1.294497868455052640e+03 3.665921214548338867e+02 -1.340190505986653836e-03 1.171139597850375186e-03
2.779444288340312710e+02 6.143635323569710636e+02 4.043862523567643731e-03 4.036057612638884839e-04
2.506937204702850011e+02 5.466847434864666866e+02 -8.133285237912440957e-02 7.991984272351007612e-02
2.303035277830404084e+02 7.798591869649029604e+02 3.815130782179561916e-03 4.140533492292240020e-02
7.665457334959348827e+02 4.492074811817070668e+02 -9.248853217046767300e-03 5.500455663482148143e-03
2.375426104080262917e+02 3.617195227770639008e+02 -7.008445479053530824e-02 -3.389028076788591637e-01
1.112632411938570385e+03 2.255023741942241600e+02 4.712942195639095028e-02 4.618244589974720288e-02
3.870386145629495900e+02 5.258422514525105953e+02 -1.054383149013324479e-02 -1.477310566147171655e-01
8.054846187938366029e+02 8.759329520842508146e+02 4.653033977306695462e-02 -6.166394659686208479e-02
2.486087924755719598e+02 6.744134814277185797e+02 6.416745908069569149e-04 6.760694030696534976e-03
2.137933048871792607e+02 6.368834221031441984e+02 -7.183714506854778532e-03 -1.312795377474356914e-02
5.778588219415571530e+02 4.525361343880761069e+02 -1.857450885964503362e-01 7.232724227750597645e-02
2.682247311618844492e+02 3.002248024414851102e+02 -6.439456441166885228e-04 -9.246987605192793364e-03
9.929367048536896618e+02 2.097372122072981711e+02 9.158777252263696801e-04 -4.961711011187369333e-03
2.120948579552216700e+02 7.497607641469646751e+02 -3.985951466788854695e-03 -4.012357303897242690e-03
2.776554559574633458e+02 6.768809561188505768e+02 7.127646755535433330e-03 -1.091291191318809542e-02
2.923360030704395740e+02 6.486002228029725529e+02 8.772008657594129082e-04 6.368230376000214368e-03
2.497968735210024818e+02 5.127469352897974204e+02 3.998697641169586536e-02 -3.756311952573167245e-02
2.663259372465148545e+02 4.912746089434716623e+02 3.419127020539789591e-02 -5.107416576078882553e-02
2.038632442654680403e+02 6.361256122060093503e+02 1.980986535585147271e-02 1.310481166610703158e-02
2.743176266717053409e+02 6.901805947741978571e+02 -4.549983775517614168e-03 -9.922083772776790420e-03
1.035987851253912822e+03 1.981966201748934111e+02 -1.918497633062606345e-01 -1.856205999753940683e-01
2.725748366051919334e+02 4.417409741393091167e+02 1.498762498463371805e-02 7.240028555502091290e-03
2.594159523119399751e+02 4.904517899474709566e+02 2.312818031820953329e-02 -5.228863482734247281e-02
1.964452484214496053e+02 6.998228251127356998e+02 3.594220986966570070e-03 5.313814164451017077e-03
1.151562439163373938e+03 3.245008436878628117e+02 -1.007149862654598688e-02 6.385266722017519242e-03
2.564031223184699684e+02 4.267511244774271972e+02 -7.567369102332689723e-02 -1.416303492082605919e-01
2.461688549578899767e+02 4.837433195167228064e+02 2.816115314203164466e-02 -4.647443618509187330e-02
2.561224284642223665e+02 4.962163600791258773e+02 8.718812513632932457e-03 -7.542211329356214577e-02
1.156592636537360477e+03 2.510396440997816114e+02 2.334147207325528925e-02 4.512036179383133866e-02
2.340821545665302210e+02 7.724545158901255490e+02 9.201029977865371468e-03 -8.308371556018071154e-04
2.750943105758370848e+02 6.398169728029091630e+02 -6.667925924515171344e-04 -1.633198706383609533e-02
9.985430831495508528e+02 8.115272536950816402e+02 3.455313586850889407e-01 -1.328214962065739357e-01
2.560034910015527885e+02 5.155106796673188683e+02 -5.142769044097110498e-02 -1.056591017300091868e-02
2.747697314554600894e+02 4.247543647902446082e+02 3.291885578768063980e-02 7.555790191634341457e-02
1.205402507020324492e+03 2.298951697463449477e+02 -2.142545545776817877e-03 2.801891658290883973e-03
2.282575399950360406e+02 7.632996276291052027e+02 -3.225072115772419264e-03 5.821366310042906840e-03
5.086819918086070516e+02 4.401072858996116111e+02 -3.231928556679285469e-01 4.551981686584739839e-02
2.329090043416911158e+02 5.742234302516508251e+02 2.089235123572582772e-02 -3.836379017467278062e-03
2.599528393487856306e+02 4.735808905806070470e+02 2.929698007986500374e-02 -4.462880263845127315e-02
2.407271543621748719e+02 5.954066026613295435e+02 6.818032390455782852e-04 -6.026661509871259793e-03
7.840065361376516648e+02 3.926966591251813838e+02 -3.690952092843919896e-01 1.727322923569989954e-01
8.331152124559264394e+02 3.245072361624181099e+02 -1.631175274545255786e-03 -2.454223909046279392e-02
2.775566727792010511e+02 4.453590355767577194e+02 2.620864138321401041e-02 1.162775535041000226e-03
3.340760834783004611e+02 4.913379870087916856e+02 -1.010637315647162499e-01 5.444238127935283750e-02
1.223872574611108575e+03 3.972434102039899244e+02 -2.617735578298541698e-04 -4.968436154580793164e-04
2.226211333892005655e+02 6.940550255790780056e+02 1.241227936534110808e-03 -4.465480391993626764e-03
5.890725962840639340e+02 4.331097133171629139e+02 -3.462910699210752785e-01 1.049784274638797116e-01
4.630287410650227571e+02 4.523718574263522214e+02 -1.485169803223033991e-01 -6.826881635773399126e-03
2.835370116247240730e+02 6.288267840597087570e+02 -1.226908412328305909e-03 -1.515114296610968990e-03
2.643667245737803455e+02 4.033178990842501435e+02 5.864957065089940018e-03 3.310218616483007886e-02
1.147256050273993424e+03 2.334282196558148712e+02 1.143384340933576160e-01 6.106705671822711817e-02
2.153767461447447147e+02 6.937524758408854950e+02 -8.452590204619313957e-03 1.314984053737593963e-03
2.829730983163304359e+02 6.131293834214251319e+02 2.230761774766019945e-03 4.481068650535451081e-04
2.617573338652160260e+02 6.798139407313482252e+02 -3.175299515182341582e-03 -2.962937404014731949e-03
2.486595004188833684e+02 4.164332930795295624e+02 -6.443997792008886172e-02 -2.398287653285746668e-01
2.100169017898723496e+02 5.837792008124636141e+02 2.957916294978659658e-03 5.715514676417610389e-04
2.944578248961289546e+02 5.986031940551889647e+02 2.604377267145609187e-02 4.305802398070033427e-02
8.914619740611611860e+02 9.323250864760307195e+02 -2.513018446729847126e-04 1.855806102356035532e-03
2.198211681122164407e+02 2.953313432733563673e+02 -6.317775912994263998e-02 -3.356070310302075588e-01
1.127416171397790094e+03 3.626115169949094366e+02 -1.218182955653676278e-02 2.841106638516573135e-02
5.234083352504334243e+02 4.262529493907669575e+02 -2.888346311932987187e-01 3.104250203746446515e-02
3.392530788170533356e+02 4.947784578024167104e+02 -6.067121714571972746e-02 2.086879806517070307e-02
2.978967407881585245e+02 5.392108087597545136e+02 2.583961186489729545e-03 3.309827067157427184e-03
1.185434487905342621e+03 2.313088335817509744e+02 -7.705156618187336721e-03 6.392650681420090214e-03
3.491013996007395690e+02 1.061033027282267767e+03 9.386194367982287484e-03 -2.238865265729209075e-03
2.090754755189646801e+02 6.887321270275241432e+02 1.048158543000843714e-03 6.556736112218972687e-04
1.209940641700669175e+03 2.609208618340028920e+02 2.731838200314105035e-03 -4.114367697528644070e-03
3.722693489121775201e+02 4.589748622275715775e+02 -6.059679105138042754e-01 5.499218205193807940e-02
2.442629270232737326e+02 6.291482857583397390e+02 2.083211024044955440e-03 -2.435452585170495669e-03
2.583063065380803209e+02 4.998266466585011472e+02 -8.844564065547125958e-03 -7.587333690788727880e-02
3.687246571071507333e+02 4.817158439391075149e+02 -5.584485423459512043e-01 1.724164502886234851e-01
2.285451233653790837e+02 6.728184118465135271e+02 -3.990223359684059654e-03 -5.553121648548236221e-03
1.251118449984539666e+03 3.644386875034684294e+02 2.756077031157888341e-03 1.333840899268307588e-02
3.152388300863467521e+02 5.155032872343861072e+02 -6.966528403537190772e-02 1.563618190107150807e-02
3.179865983054429535e+02 5.388283252664716656e+02 -4.958752036780273570e-02 1.129572434996080690e-02
2.712814556568816897e+02 5.660309893195274071e+02 1.361994971505687754e-02 -4.093489634865678760e-03
2.987676108111833742e+02 5.804075729401722583e+02 7.855256030545728838e-03 -1.275040744186560103e-03
2.388992431035121058e+02 5.130742954422012190e+02 5.184209929456524285e-02 -2.562767857911001090e-02
9.504713413918547076e+02 8.504161757099691386e+02 4.181967706533792906e-01 -1.656886659739952583e-01
3.375444670093247055e+02 1.081414284161121032e+03 2.040507468927674033e-03 -3.401326952197819813e-03
1.230413104329297539e+03 2.554946691300999078e+02 8.411937332836471465e-03 -1.014505449863873331e-02
3.345421784693752443e+02 1.062398977391368362e+03 -4.655651784597885159e-03 -9.866302652836106760e-04
3.261674077376949867e+02 1.062964853026839819e+03 -5.661388330995826071e-03 3.359748555166703048e-03
1.017889164974713935e+03 8.165357737193950243e+02 5.724323695788051392e-02 -3.670259624044378693e-02
3.008828147190632762e+02 5.502620303902317573e+02 2.401880964738877661e-03 -6.803237967351333758e-03
1.150036127648622596e+03 2.453734919033404651e+02 2.297781170946199339e-02 -2.618104806176525454e-02
2.187031245279000586e+02 6.446025534103293921e+02 1.800108021434639570e-03 -2.760800681580848938e-03
3.646585633409243883e+02 5.295908632955039366e+02 -2.543681458974649812e-01 2.312050105032166514e-01
2.021534440615728272e+02 5.077622049683649834e+02 -2.426953858392491906e-02 -4.444843675686725726e-02
2.536848926914571507e+02 3.817757711974941799e+02 2.994723535550859739e-02 1.296929927385667876e-02
8.827811096360969714e+02 8.858517503714241457e+02 4.215710860961811579e-01 -1.720291182772224758e-01
3.229675303111180256e+02 5.448222781154804579e+02 -6.135319162537805626e-02 -8.944822321471197768e-02
2.556416852893537737e+02 4.794678573103000190e+02 2.589419353886240546e-02 -3.860008123585784157e-02
2.827028115223230316e+02 6.700538239323504968e+02 -2.947630001496898220e-03 -1.244807784794014875e-02
8.261406684546871020e+02 3.483420243571570154e+02 -1.156184667260871241e-02 2.522769803166319963e-02
5.445528587613669060e+02 4.291882130394241699e+02 -2.885441974514793007e-01 8.074216499903234812e-02
2.671762173406830811e+02 4.835909500790558582e+02 3.353714260809470549e-02 -5.291425191709964171e-02
2.024459112584559080e+02 6.764494523879254757e+02 -4.714756565773417334e-03 -7.211689393393993890e-03
9.050664144870510199e+02 8.652107399215717578e+02 4.484551329155951338e-01 -1.364522886056269424e-01
9.945141864442581436e+02 8.358639880964992699e+02 2.471420043793470245e-01 -1.274861757895435210e-01
1.023799096582203902e+03 8.528922194644429737e+02 3.898636131385773695e-01 -1.229358085471943945e-01
1.067913646240103617e+03 3.418687839795863397e+02 1.472703747036837041e-01 8.091589505809314298e-02
3.178313648488190779e+02 5.472289803458538699e+02 -6.387490284388512574e-02 -4.080032810770492339e-03
2.478668945098648635e+02 5.866529262661362054e+02 4.765563132677655758e-03 -1.144329396936652823e-02
2.265060738222740895e+02 3.252007590778550821e+02 -8.628387151162429658e-02 -3.634068330345655018e-01
5.327604278247501952e+02 4.757372801218931500e+02 -4.633585142355987202e-02 1.039761610981312923e-01
2.464781830557856210e+02 3.699424082720692581e+02 9.428750744270568418e-03 2.729443927220155316e-02
2.687677308880060423e+02 3.851068209922814276e+02 2.110684899216518778e-02 -7.479215898238597560e-02
1.923540988886500429e+02 6.168324694756006465e+02 -3.466764121056343240e-01 2.788598103383352900e-01
5.388982034235247056e+02 4.470034902195766904e+02 -1.071924784273078080e-01 -6.472416720475905605e-02
2.426125473874649856e+02 5.028583620939745060e+02 3.082061633067254697e-02 -1.850075745830839780e-02
2.561863817034524118e+02 3.463276964745476789e+02 3.239746464926061137e-02 6.133406827483001839e-02
1.061151995052514621e+03 1.900897577958175759e+02 4.210518654865001709e-02 3.681735171151238883e-02
5.286161274420651353e+02 4.353949679721849293e+02 -2.923482933245030724e-01 5.288059254695948175e-02
1.148537276437475384e+03 3.056404049434428316e+02 6.180784815438024327e-02 3.624990714391933960e-02
2.639249907679929379e+02 4.643136706996029943e+02 2.883670664408104906e-02 -1.125077203268342596e-01
2.887850635530546697e+02 6.204665290019263466e+02 -2.767810112563982980e-04 1.680849364341759989e-03
1.173971762202522086e+03 3.818053502229315654e+02 9.288086336273228966e-03 -9.837981349442718668e-03
2.853767944997728705e+02 6.466978452134725330e+02 -1.533954134194825307e-03 1.882052586585931464e-03
2.108097349568513721e+02 7.382637022033703715e+02 -4.439176140714729338e-03 -1.424817118161532566e-02
2.426443135915650657e+02 7.235618841216854662e+02 -4.219515781795397241e-02 -5.979210151033025056e-02
1.153938722466155468e+03 3.757650326760602866e+02 2.463701325922385693e-02 -1.058152681896264678e-02
3.600183062768188051e+02 5.251191166416706437e+02 -2.779115708341429736e-01 2.453189283476999161e-01
2.168001369651511823e+02 7.635869117564068347e+02 -7.762174048367276487e-03 -1.934757289948513389e-03
1.231095527422697160e+03 2.435079403164691314e+02 1.047106847706102267e-03 -1.777242001340211333e-02
2.621760072627914155e+02 4.949139255537929216e+02 1.842639395048725412e-02 -7.227344743964828067e-02
3.395379286553082352e+02 5.517055293992467568e+02 -3.552649424127684100e-03 1.307385036288523372e-02
2.574800970498049537e+02 4.457818050271387733e+02 -3.892144999782872622e-02 -1.221033462360045785e-01
1.932708452977918796e+02 5.781754887956506082e+02 2.959224609894602152e-03 3.070335546784791589e-04
2.485220996688379671e+02 3.438264507525490785e+02 8.737556779359105519e-03 4.820763494320310510e-02
3.274879391240818336e+02 5.269525888968551044e+02 -3.273052915881011909e-02 1.475691589212236865e-01
2.743016927629266206e+02 5.824474810298952434e+02 -2.859159927283198583e-03 -9.630307452749944583e-03
9.400502284701391318e+02 8.474781015017947539e+02 4.578956909796655372e-01 -2.012237684750698974e-01
1.199137435988032394e+03 1.994677147362037317e+02 9.303134285571581369e-03 5.274217065812982115e-03
1.015537747951348706e+03 8.110832141571768261e+02 8.355992235969399162e-02 -4.773818185768022998e-02
9.373767889692143171e+02 8.411466631855827245e+02 4.621981203593187870e-01 -1.925422688994337939e-01
2.570565158636725869e+02 5.956907686781742086e+02 1.126036226404404303e-02 -2.887000017181836058e-03
3.140142876289176570e+02 5.074377506474529014e+02 -5.078937085404887364e-02 1.106180129347862987e-02
2.140449503998261775e+02 7.186919411272860998e+02 -1.040870511627813846e-03 -2.262907339915574620e-03
2.997280191933501214e+02 6.035480548626007931e+02 4.131020420858238021e-03 1.772958287962847186e-03
2.231228189630015777e+02 7.034438565313683966e+02 3.408703483375017003e-03 3.761408015161758073e-03
2.588179244661914140e+02 4.810311613268996211e+02 1.160583195107869718e-02 -3.661282632774060658e-02
2.311333208028580657e+02 5.610405163359356493e+02 1.677274742329917800e-02 2.999149619816618428e-02
6.911110316504318689e+02 4.047350355167554881e+02 -5.078356140066663249e-01 1.309328296243752188e-01
1.167493396339137234e+03 3.857823264522260729e+02 -5.076143917411101054e-03 1.317138604470794241e-02
2.536591077977864188e+02 3.271663318291463725e+02 2.267173276807243898e-02 4.195137702068995472e-02
1.067083433041846774e+03 2.093612053689438142e+02 3.229868188287078612e-02 3.739050680814647726e-02
1.110859496433678032e+03 2.114091975428688954e+02 3.892496579079072344e-02 1.333545306500910979e-02
1.244786506700974542e+03 3.976926061066450302e+02 3.267123092770123105e-04 -6.660009321979144890e-04
1.084626955162452305e+03 1.814602007687339551e+02 4.438044004788061631e-02 3.278863888693387546e-02
5.479623194347336721e+02 4.680609426977426892e+02 -1.885320488891056509e-02 -1.196698358448473609e-01
1.068549298401782153e+03 2.002993838771712944e+02 5.130791775797553106e-02 4.038512245318320176e-02
1.168681778534911928e+03 2.463520585556134677e+02 9.510548605595602056e-03 -1.172934348170485280e-02
7.996227098537215170e+02 3.679812659941414950e+02 4.525900175555518934e-01 6.538800325391449890e-03
1.136923918420688551e+03 1.499102599060692569e+02 -2.670853988385517470e-03 3.548994145758554292e-03
3.240534362273731972e+02 5.341569178355980512e+02 -7.573876095675034781e-02 -4.072592264404954060e-02
2.597450764362625932e+02 4.206556639282284777e+02 1.138847296979720626e-02 4.924801544188938535e-02
3.036639980066714202e+02 6.231035662306682070e+02 -1.046105676242305941e-03 8.293952675112360598e-04
7.211691134150686366e+02 9.134811654006443860e+02 2.930944290983011121e-03 2.847311335938117107e-03
1.184623404451989018e+03 3.788474561949633994e+02 8.808720807958860324e-04 4.022034520986462157e-03
2.885364518418506350e+02 6.620350360891559376e+02 -1.020436433483135064e-02 2.324194028133071306e-03
1.726533042712966051e+02 4.963142105044523191e+02 -2.848464925857857044e-01 -2.413293496941343319e-01
7.258383285222745371e+02 9.179116223524309817e+02 2.210392391305612304e-03 3.790726590293638527e-03
2.416656292324762205e+02 6.156402357095142861e+02 9.944621882635434201e-04 2.683567241581048552e-03
2.382968273362076843e+02 3.305526852104619593e+02 1.427689889222205806e-02 1.306210035196179176e-01
2.440909075396760386e+02 7.361444910544694267e+02 4.244435593665342975e-03 3.679589698242242708e-03
2.801637231623001298e+02 4.571255055991972540e+02 -8.536031336404340929e-04 8.363889748372146590e-03
1.003520397976586082e+03 8.399971779993558130e+02 2.495693485340998441e-01 -1.303638578957611316e-01
1.042049753450853132e+03 1.984907972064374349e+02 2.589970978313134095e-02 -2.211178645168786899e-02
2.443879180498757080e+02 7.713611569848347926e+02 4.278612055266461760e-03 -3.847358425829979292e-03
2.242143658712950867e+02 5.623667979617280253e+02 1.947760515315678136e-03 -1.051458283049696261e-02
2.835748526266000340e+02 4.440115386080206576e+02 2.091668663795774943e-02 7.769125106095445266e-02
2.448386944897931130e+02 6.826507136486425225e+02 -5.214093985772602809e-03 -7.152930072964922351e-03
3.085952090980063076e+02 5.627039258302457938e+02 8.548341800983417713e-03 -1.001452949001552370e-03
8.191077562517897377e+02 3.287900865511163033e+02 -5.507711239514233303e-03 -6.022558568290177841e-03
2.345787065835753538e+02 5.290467152427369228e+02 1.817532994934930451e-02 -2.241071419260687661e-02
1.191922636607954246e+03 2.139075613774512306e+02 5.523587126605555842e-02 -6.258614171489673694e-02
6.235340266517638383e+02 4.446603846688367980e+02 5.267349850417221147e-01 -1.656716320252709165e-02
2.721373038612102846e+02 4.107879758779906751e+02 2.947720724395454933e-02 6.844376030814414147e-02
2.461326177401901987e+02 7.159089570150791815e+02 3.523325224028275859e-03 -7.939812128678667633e-03
2.380495209123332927e+02 3.393686429179626316e+02 2.239204874262166328e-02 4.695392716639493202e-02
9.924382721625424892e+02 8.083475737605498352e+02 3.461267171881294291e-01 -1.294537750788779251e-01
2.416838875073060535e+02 6.733638197525275473e+02 -3.323503419522077455e-03 1.319413806586993776e-03
1.182894745771205635e+03 3.871839324473033912e+02 9.762198740033211503e-03 -2.089488727865883473e-03
2.125709493197284132e+02 6.516370355008982642e+02 -4.980222905257138642e-03 -8.521022970509226861e-04
6.193946162640030479e+02 9.358665826113599451e+02 3.392184622815884606e-04 4.208797070167756712e-04
3.191942068771107301e+02 5.109003819740765948e+02 -4.977678290285128537e-02 8.934023608507533562e-03
1.122559107997969704e+03 3.333063025316014318e+02 -4.327844059990314934e-02 -2.831535940694522753e-03
3.322536029279534660e+02 5.089802092775501023e+02 -4.308894119605503198e-02 -2.880488295887057709e-02
7.953336210296073432e+02 8.931779018678992088e+02 4.939899095462916279e-01 -2.463116603710587549e-01
2.683666123116117888e+02 4.523806820798145623e+02 -2.848270712890985448e-02 -1.663068335508854079e-01
7.253868205973868726e+02 9.743586620946185803e+02 -3.708354790574566739e-02 -7.355729179208213460e-03
7.928972521541375045e+02 9.061958003319468844e+02 4.688204617897000492e-01 -2.236343078142316587e-01
2.492373210330211748e+02 5.041677001976375436e+02 5.617228425849686395e-03 -5.896029799038891850e-02
1.180353228758219302e+03 2.054140367415071751e+02 3.030674445608833815e-03 -2.072552298923627245e-02
8.211015002702365564e+02 8.673863428991870705e+02 7.459201535928487725e-02 -1.472423926764187541e-01
1.266936904913346780e+03 3.889315140401021722e+02 2.006356759947905595e-04 -6.150896865604112140e-03
1.214571017128406083e+03 2.524108756904315385e+02 -7.521548680152041755e-03 4.911632403087144369e-03
7.816209131411267208e+02 8.995176159349765612e+02 4.763030569234493750e-01 -2.307855145759344084e-01
3.833487304832598284e+02 5.000117734434943486e+02 -2.724465041833495360e-01 1.711215193239119248e-01
1.888816936192565947e+02 6.345855511985715793e+02 -2.218089655876894495e-01 2.581800930049261700e-01
2.599357088924152777e+02 5.665105496918729386e+02 -1.090052271673236026e-02 2.052094162366410214e-03
2.102091565624289728e+02 7.238905164408250812e+02 3.691091297965987139e-04 -4.765313430072079862e-05
7.552967320668016100e+02 9.084918547644948603e+02 3.949008192767299863e-01 -2.442293292598254895e-01
6.973291954871673397e+02 4.083839223241257628e+02 -4.750698758009829770e-01 1.225313916716291307e-01
1.091046916061823140e+03 2.827943123861774097e+02 4.650136576320295506e-02 8.189027899596895699e-02
2.201694435546882573e+02 6.161455642852661185e+02 3.045445889924421404e-03 -1.881597202024822045e-03
7.077183943725362951e+02 9.458939476494709879e+02 5.961559170403015750e-01 -2.380016303936995925e-01
1.160593141317694744e+03 1.416703222042431776e+02 2.181173620709448192e-05 -2.631220292927439336e-02
2.764208772007610833e+02 5.945312156946829418e+02 -6.291555953177323419e-03 -5.530617496692504659e-03
8.592897375259727824e+02 1.102057941334255020e+03 1.114275900428567286e-02 2.577420371646511714e-04
2.684359356901309752e+02 4.623441609314064067e+02 -1.813208559145541507e-02 -1.539085661981853259e-01
1.211074332818119274e+03 2.130610841522702970e+02 -9.180563908179608865e-04 6.081267962572089970e-04
7.108057082226167722e+02 9.543337728869757939e+02 5.923071934743030509e-01 -2.188717651708592116e-01
2.367333132748757691e+02 6.115484733109693707e+02 -1.089674391017571818e-02 -3.964507196801515115e-02
2.357684610152574578e+02 3.097617701726068731e+02 2.326729984725791830e-02 2.132384037480336905e-02
3.715182086767975420e+02 1.026322161950547070e+03 8.215219679744444059e-02 -1.529543532806876549e-01
6.807459293402713456e+02 3.895333250349476089e+02 4.374291245969597064e-01 -1.765415511441530486e-02
8.739515790291816302e+02 8.786093315380841204e+02 4.174147310294855640e-01 -1.747478946944990841e-01
2.271496376443684539e+02 6.164588404379868507e+02 1.384188849546136519e-03 1.577691387129192624e-03
2.864346607828497895e+02 4.794397716665117741e+02 6.381621058851983698e-03 1.235902244141280637e-01
1.019168057046910121e+03 2.658748523866996720e+02 1.122663854558935553e-01 -3.796473311499066750e-01
1.216567065399409785e+03 3.284163796834938580e+02 1.990764664047800156e-02 -3.844006823533895056e-02
3.075874076983097893e+02 4.833024453186856135e+02 4.165360226524496105e-03 1.182710605113042844e-02
1.273244157805469968e+03 3.553897409885119032e+02 2.373486820127835573e-01 -1.965379157430816870e-01
5.352117424384722426e+02 4.824155475603611762e+02 -1.504842683402785042e-03 1.043058069056445377e-03
5.096047412547638942e+02 1.066720036524516900e+03 -5.820783299678649048e-01 1.540220638392289509e-01
7.982207853598521297e+02 9.280539284986285793e+02 3.840067678595640022e-01 -1.328303819866032687e-01
3.462199051114803297e+02 5.132593516177685160e+02 -6.681235053558468029e-02 -1.624826630841153322e-02
1.046977740987788366e+03 3.274549487717738430e+02 5.371912248437372694e-01 -1.210529809927973904e-01
1.017530108980957834e+03 8.344156303760584024e+02 3.877181100047646378e-01 -4.888516324380438177e-02
9.057307253905897824e+02 8.582563202854887550e+02 4.421118202733621549e-01 -1.468853594053170786e-01
2.987579733554950963e+02 5.445098985473590574e+02 -3.222873630345092326e-03 8.703524025943104245e-03
1.021059541193290443e+03 2.724687769778171287e+02 8.638620896282767081e-02 -3.551221988969646692e-01
1.988795857718618549e+02 7.145624085239743408e+02 -1.712417640917037365e-05 -2.745613148906861280e-03
2.529277606847576294e+02 5.065448741786401570e+02 1.520588681066496403e-02 -7.633247110412200165e-02
7.361455490597293192e+02 9.205123698702595902e+02 5.185464478456494053e-01 -1.927587818072818704e-01
2.816518738517727343e+02 4.865248735461967158e+02 -3.372916218155906642e-02 -5.518657239377325330e-02
2.500391512233338744e+02 3.889849050717940031e+02 -5.266090870468315664e-03 -1.825108436070431699e-03
5.027452837451504024e+02 1.091900054038849248e+03 -1.644951762952951910e-02 -4.836339242108193825e-02
3.052975020344663335e+02 6.364466080100522731e+02 2.149687250927386460e-03 4.366771218485047089e-03
6.977719308181224278e+02 9.729506655436272240e+02 6.026335902653531251e-01 -2.447216510004013301e-01
2.945262946445809575e+02 4.125184692377342799e+02 2.123096721046387192e-02 -1.486347404436243538e-02
2.530978764330937167e+02 5.278066957154870806e+02 -7.085648534229275564e-04 -6.766784764569802081e-03
6.634909566004357657e+02 9.746490629180844962e+02 5.347261867379657918e-01 -2.553237504548194203e-01
2.824076868557818329e+02 5.483141872662299647e+02 2.162889930205793426e-02 4.453261014100687309e-02
6.887943475337868904e+02 9.641605940700726478e+02 5.739300902264684590e-01 -2.496243868952318645e-01
7.432865476160681055e+02 9.313782571667593402e+02 5.281116621660166821e-01 -1.753859213604458400e-01
2.327195621881352849e+02 6.476313737991875996e+02 3.871134551337661973e-04 1.453013106641372993e-03
3.369962685235108779e+02 5.604968221368716286e+02 -1.179550203475362557e-03 2.652668455472830845e-03
1.043216218149784481e+03 3.270369921076440960e+02 5.321098972520816872e-01 -8.426127859605112014e-02
2.730655441286245377e+02 4.791966786136911196e+02 -5.901818619935565724e-02 -5.064937369594069150e-02
7.966494187530065574e+02 3.819617345584566692e+02 -3.366416228335403216e-01 1.829816747151574718e-01
6.624276434461174858e+02 9.448062189720126298e+02 6.301704273138836188e-01 -3.124845809520356843e-01
3.345045737237154526e+02 4.668665742543572605e+02 2.693468684621130264e-03 7.787708879871811651e-03
8.501392883617102143e+02 9.131246942600251941e+02 4.213018861368387769e-01 -1.319974207545245304e-01
1.073966474803910160e+03 2.668294893708171571e+02 1.163443960323084087e-01 1.153306451331891497e-01
3.264134035792149007e+02 5.814202239062195758e+02 5.102777809807181562e-03 3.350956878228649946e-03
2.741021620222896331e+02 5.055799726300864450e+02 3.790323267276445723e-02 2.091589741191955398e-01
3.431351912704359961e+02 5.079838543608311738e+02 -6.844990917368823369e-02 6.383733368875030290e-02
2.927173077697360668e+02 5.124608021824236630e+02 -1.173168645313337616e-02 4.751543515573019606e-03
6.598880317268080944e+02 9.647664007571487446e+02 5.209046479557477571e-01 -2.571565384127894593e-01
1.868671452038246628e+02 5.756847609351572146e+02 5.997861930757378453e-04 -1.424097107861364408e-03
2.590352468719981971e+02 5.536595436533435759e+02 -2.277015457273384724e-02 1.587914169088002966e-02
2.479155749757078127e+02 5.355666149498142659e+02 -2.928924629769102169e-03 -2.406850126470828476e-03
1.395990507033766903e+02 3.903253856055388837e+02 1.554307918458262784e-03 8.305016798852076637e-03
3.503203326926952741e+02 5.322057921101023794e+02 -1.936031907416347619e-01 7.798612210537594902e-02
1.904264510895455942e+02 6.761657132082390262e+02 -1.933843207078690327e-03 -6.219679682900359184e-03
2.453712436147719700e+02 4.933367395167234690e+02 4.829333783540264678e-03 -4.241685452595136963e-02
9.778576155583151603e+02 8.532910459803214280e+02 3.683372674273382996e-01 -1.398921151365971893e-01
2.506109044801613948e+02 4.917768048060089541e+02 -1.613422729303327224e-02 -5.773078395909387456e-02
6.700156304223293091e+02 9.829602336478135385e+02 4.985719852461510948e-01 -2.626467113896215899e-01
1.027126642930333446e+03 1.757383769934525333e+02 6.847660575217425112e-03 1.373856580436898320e-03
3.658478890380856114e+02 4.691949577788564625e+02 -5.075119153367585456e-01 1.159323968331411325e-01
3.368830648659910025e+02 5.246827823118204606e+02 -5.681902272859117725e-02 -5.197421755444522895e-02
2.330266259985403963e+02 5.480811984743153289e+02 2.868949079089504542e-02 -1.276073595306570496e-02
9.181779147373470096e+02 1.102636520482368041e+03 2.202929309776051770e-03 -6.936193293732136273e-04
6.566441222246838834e+02 9.737543383141004369e+02 5.326581329217623395e-01 -2.565343011606127099e-01
1.138685584540126911e+03 2.913555554780395482e+02 8.815166865835888377e-03 -1.422018657334738617e-02
1.967171641086725060e+02 6.623760491434341020e+02 1.715380902680131367e-02 3.638640438236399183e-02
1.190447595975508420e+03 2.059554675170418250e+02 -5.132270509463550748e-03 8.578880311788305776e-03
1.162316281314535217e+03 2.285502004448658795e+02 -4.951452080313804502e-03 9.731544693847966887e-03
2.168505032040432070e+02 5.367850823484902776e+02 9.311535671304170536e-02 -4.222307064027391865e-02
3.140244089723733509e+02 5.387810580653464285e+02 -3.102056680690097948e-02 3.248660635920439660e-02
2.628910329562691004e+02 4.309861999391322342e+02 -1.304845755935624477e-02 5.126149413098177871e-02
1.401714903990741163e+02 3.980300197065305952e+02 1.071543296588750929e-02 3.995607747943646232e-02
2.241777582913322533e+02 3.124039165564157088e+02 -8.927053613500179896e-02 -3.646315090192007724e-01
2.017671817201075726e+02 5.758793210128716282e+02 2.758767184930532163e-02 -1.965362731210227795e-02
2.753801084936533243e+02 4.844937109871989378e+02 -4.078617045325082929e-02 -8.491490389760972257e-02
1.284976768260026347e+03 3.552954388804337782e+02 -2.385850214728760521e-01 1.261118621785810023e-01
7.698643762435995086e+02 9.329810864604916105e+02 5.523407001319570186e-01 -1.924415053989582958e-01
8.103373348683286395e+02 9.194615219723460768e+02 4.161187156357136208e-01 -1.140648656397435790e-01
2.761068885483771282e+02 5.280345782610831975e+02 -2.383057032812478659e-02 1.901130954481996260e-01
6.668337679963261735e+02 9.540126688426817054e+02 6.428159367598275109e-01 -2.709243561431977088e-01
5.426012184283006263e+02 4.383866464319023066e+02 -3.031412910625697621e-01 9.021283655407232038e-02
2.492551419592734305e+02 3.006740826215367406e+02 1.860893285942436361e-03 -1.575445683141820643e-03
1.894215359020306835e+02 5.070946055707096320e+02 -3.294043235593696606e-02 -9.367650231342962083e-03
1.081533773312656649e+03 2.712246782902287237e+02 1.223334856607258547e-01 1.049183581985423386e-01
1.109398976100877462e+03 2.688042946843840468e+02 3.755244130215402293e-02 1.907889965750047545e-01
1.146112866239178629e+03 3.787122243807233417e+02 -3.123581040147718757e-03 -4.656922370779086225e-03
1.044832002459783098e+03 1.712480579280860127e+02 4.792577516659908554e-02 -8.797818505876177364e-02
1.189246749444389707e+03 3.597359150227605369e+02 2.739309014071583670e-02 1.997429649745833397e-02
2.474381863339772849e+02 7.021479551234343717e+02 6.407820578648498744e-03 -4.653113063386176904e-03
2.376766452610246176e+02 6.828789405411688449e+02 -5.948159775856099590e-03 -3.409078425155293718e-02
1.167315001057065956e+03 3.672520008489270822e+02 -6.741957877193722256e-05 1.765855455849053152e-02
3.317178961258996992e+02 5.453484949181637376e+02 -1.564082008489959229e-03 -1.183994137824073006e-02
9.290188718468180014e+02 8.816107209417681361e+02 4.572033330284998032e-01 -1.680711387938727819e-01
2.579281100716087280e+02 5.187994352104763038e+02 2.014791999977824655e-02 -1.119363418000951862e-02
3.728696913965590625e+02 1.062852815772484973e+03 2.880636144496266302e-03 5.501912733340606418e-03
1.214076030791447920e+03 3.046123120219783686e+02 3.139523692180944819e-02 3.492998262082169791e-02
2.690272154900553119e+02 3.694103452694384941e+02 -4.227437988055778376e-03 2.300604112487897313e-02
9.536859566278009197e+02 8.600057082468742919e+02 4.165980204765700745e-01 -1.733431069898131727e-01
1.058672712720678874e+03 2.240397751645430731e+02 -2.054669425896855084e-01 -8.823180508100691988e-02
2.400323041841465965e+02 3.794373491224852160e+02 -8.400494456584330083e-02 -3.566783885145095034e-01
2.908133110002126500e+02 4.798628514370922744e+02 2.111701165637776961e-02 3.843032307048419721e-02
3.379042486791990996e+02 4.830862952703621431e+02 -1.476803542238309952e-01 -3.906623153423623152e-02
2.760136096510778430e+02 4.577577735304367934e+02 1.081107976769582826e-02 2.583672876704836904e-02
5.822451174116356469e+02 4.257051728542315914e+02 -3.747781504887865989e-01 1.215424596981760919e-01
1.154630018335533805e+03 3.419571827501368944e+02 -5.846208284247670847e-03 1.010828133697410335e-02
1.177008475171089458e+03 2.484250548179497002e+02 6.202673479663752855e-03 1.640492781325519900e-02
1.040192194873885683e+03 2.489460715669945046e+02 1.251300304563553456e-01 3.295858033057954550e-01
1.130665488513228183e+03 1.541665508583356541e+02 -7.449257144220483573e-03 4.087108151381217344e-03
1.207458431329134555e+03 3.760694485860523741e+02 -2.376277457514477942e-02 1.501564143956496226e-02
1.673287560466363288e+02 4.993562117729461534e+02 -2.583623702138437839e-01 -2.427901193785164391e-01
2.594270639595661123e+02 4.330973849246424834e+02 -6.018430067480762258e-02 -1.472451745430623515e-01
2.840793836566861046e+02 6.896280054876222039e+02 3.494383780005451932e-03 3.843465519922925687e-04
3.158378415111782829e+02 5.750525175354739531e+02 1.946990798089779512e-02 1.583879290892109826e-01
1.849806031758477047e+02 6.528645594664792497e+02 -1.791457107649601366e-01 3.251693265171698433e-01
2.674351574625597436e+02 5.470916995889987220e+02 -3.361278729859393244e-02 5.402269885496480128e-02
1.169187861068965503e+03 2.242528355316928526e+02 -9.367377041254518547e-03 6.742859750114339919e-03
1.194376114408599051e+03 2.507972151922751323e+02 1.575559684096612678e-02 -1.375075303345997535e-03
2.805906536707822738e+02 6.711102693317528747e+02 2.219695440591168845e-03 -9.804958979947793821e-03
1.135107599236315309e+03 2.371448073652664732e+02 1.348039445516667212e-01 -3.788781920956164895e-02
7.101260459350743304e+02 3.642707072207421106e+02 -5.912699767565849918e-01 1.513558183589230888e-01
3.313096696804191197e+02 4.760117113271967924e+02 -1.866045079332021850e-01 1.566477006077651724e-02
3.125687551853459354e+02 6.041827227604992459e+02 7.081694853138629543e-03 1.130173894793107085e-02
3.185838500297807627e+02 4.940003918050070411e+02 -9.830268837059083498e-02 -2.080689847627586325e-02
3.100426349976512483e+02 5.265790390677350388e+02 -7.404680249554432270e-02 6.663211860746169612e-02
1.157948804024490755e+03 3.264597291950676663e+02 -1.085501797777369860e-02 4.925937495441827518e-02
7.245654766960759616e+02 3.846131217659361141e+02 5.310510767413870736e-01 -1.130813113660417840e-01
2.371272420784049473e+02 6.261454103084439566e+02 2.106130215367240516e-02 6.631672399215282274e-03
1.100380094760583461e+03 1.783523031787401862e+02 7.908339840048371483e-02 9.101720802419045742e-02
4.944569876631965712e+02 1.067345551027866804e+03 -5.764933142148118694e-01 1.589104051567961362e-01
2.352519820922917404e+02 7.505409885364739466e+02 9.625537061919426166e-03 -5.111018233684838999e-03
7.221971675734557721e+02 3.736141643433504100e+02 4.913407663617151422e-01 -1.222015685754171271e-01
1.256280231481266355e+03 2.599320746608695458e+02 3.142297187437945172e-02 -4.172144670347128353e-02
2.339882121427993695e+02 2.978613522364983055e+02 -6.363548843150717985e-04 7.703536293048939909e-04
5.641805557231097055e+02 4.655408133560050601e+02 -1.528986978300198030e-01 2.614328948600877500e-03
5.137283112677862391e+02 4.659334861369925420e+02 -2.087018599090855187e-01 1.415920053128087996e-01
2.036040643733289528e+02 7.027535144966259395e+02 -9.406116038326443538e-03 -5.692500043050365867e-03
3.002633929314707188e+02 4.818476588264427960e+02 1.295564298270912053e-02 6.578639674942808602e-02
8.275464643478723019e+02 3.294155306123382161e+02 -1.987428113410251093e-02 1.606617667733804128e-02
1.147848036112667842e+03 3.224942950049200476e+02 -1.931346883097965865e-03 -7.713932262602314627e-04
2.164345628258962506e+02 6.590986576838854489e+02 4.689829637642884850e-04 -6.881858478362407223e-03
1.200616045187947520e+03 2.249264098224649047e+02 -1.396976454066134465e-02 -9.313885391218443971e-03
2.891083518017958909e+02 5.752123093841269110e+02 6.184151777283164626e-03 2.009223924333150210e-02
6.693683436321566660e+02 9.949717303622976488e+02 5.840288259149600814e-01 -2.459923382232543643e-01
1.131159506480339587e+03 2.225379085677999456e+02 -5.380401216695582245e-02 8.271609490274715870e-02
3.408689491636503703e+02 4.927983622061366873e+02 -2.323558375311826907e-01 -1.143687001045665536e-01
3.604841292188589819e+02 5.351766244515666813e+02 -2.482135365993203280e-01 1.623613181095809321e-01
2.432646911443597162e+02 3.914893450549221257e+02 -9.459654257363135643e-02 -3.248103053948090957e-01
6.381658146471744431e+02 4.101595352850363838e+02 -4.563421216446520989e-01 1.166515138187400880e-01
2.152187768346744861e+02 7.297899380631157555e+02 6.666635417110680813e-03 6.412332735157187484e-03
1.235577214531360141e+03 3.099358836934588339e+02 1.203591997661965403e-02 -2.551228535617043602e-02
1.119714859497822090e+03 1.741415703347127533e+02 9.522700579253132180e-02 2.238491371588337275e-02
3.318348779562223285e+02 1.080549982023576831e+03 5.275537178468510217e-03 -5.446061074962926796e-04
1.088059930463210549e+03 2.198236283286127843e+02 -2.417002722764700212e-02 1.020690884066509374e-01
3.454298490482457282e+02 4.814585533222792151e+02 -1.871167109985871213e-01 -1.267831933300851525e-02
1.092426017538815586e+03 2.613383485670440223e+02 6.492993039755404205e-02 5.467561479228566675e-03
1.296699609228199733e+03 3.342414274619355865e+02 2.028371743352334611e-01 -4.053677659808024511e-03
1.151714706391419895e+03 2.162545451043005471e+02 5.703309890356586531e-02 3.125745694850568662e-02
1.967689292564786570e+02 6.905868881951315643e+02 1.808477567592664537e-02 6.749412132485799014e-03
1.194143879294528460e+03 2.269470860142186268e+02 -1.107791935191250986e-02 -3.427597598505484431e-03
2.292635760813859633e+02 6.676173548072517860e+02 5.284604444433612346e-03 5.406480235271626583e-04
3.665943312336199824e+02 4.986499982200215868e+02 -4.193706110817005950e-01 7.344710463379758303e-02
2.822540058838388290e+02 5.660744890295796949e+02 3.557676423561066063e-03 -4.088611279948873786e-03
2.159541155693454471e+02 5.981735635894792722e+02 -2.430386531643947967e-01 2.210218185929216927e-01
9.527393524191047618e+02 8.764905375683133570e+02 5.142436997003801968e-01 -1.632322847945236188e-01
1.086648351792469612e+03 2.634738289953261301e+02 1.464464179045382175e-01 9.714996741761881827e-02
2.237575684414210855e+02 6.067258084581329740e+02 -6.153399664071631386e-03 -1.147815824640924763e-02
1.174891282639503288e+03 2.193692349358863396e+02 -2.630544875985086403e-03 1.819499338196946822e-03
2.749299598136981331e+02 4.322051321161512192e+02 2.545653181976946511e-02 4.893206022919538434e-02
1.166587292953297720e+03 2.134673126620388643e+02 3.449364171148664587e-02 -3.530543179939322346e-02
1.115502035954626081e+03 2.363330796896408685e+02 -4.204872133069591060e-03 -1.194596581202018136e-02
3.447917359909117749e+02 4.966288346005391645e+02 -1.613837873556260294e-01 -1.303065642509025623e-01
2.369897970404440457e+02 2.932941467402798139e+02 1.423233813878480372e-02 3.217876972212083825e-02
2.152127330071263600e+02 5.821442613120823353e+02 -4.865979967798403361e-03 1.315864574248600156e-02
2.741873995926767975e+02 3.826285894418930411e+02 -6.020220804779149310e-04 4.303290619620354918e-02
2.631435062961444942e+02 7.027026784658993392e+02 1.443945550049940572e-03 -3.729919281642363020e-03
2.053973881613030699e+02 5.587034452905033959e+02 2.016448433201733226e-01 2.210409150274253998e-01
1.265326408278576537e+03 2.961136030935519443e+02 -7.374812677025291419e-02 2.734387824385816484e-02
2.109028990292981405e+02 5.726341242056302008e+02 1.753799161972252330e-01 3.195617970792398732e-01
2.635774449466537135e+02 4.474226268573264633e+02 -5.809525004546701316e-02 -1.478141001984656921e-01
1.088085545894396773e+03 3.220681788873260984e+02 -2.832299442195225243e-03 2.148817878514031401e-02
5.808539026331042123e+02 4.606833964462068707e+02 -1.936445230866105094e-01 2.209092187674212629e-02
2.430261140708990126e+02 5.116422311876935396e+02 2.760140438165916213e-03 -6.106660208244888560e-02
3.265650881939972692e+02 4.652130417615891815e+02 -2.935223868019978745e-04 1.715345134938377203e-02
1.108316441876974523e+03 3.558241401184031361e+02 -2.153479748623641707e-02 2.628082003043053557e-03
7.538225531541651208e+02 4.496914845588903518e+02 -4.416446883281666819e-02 -1.167796644272467571e-01
9.448409774488426365e+02 2.074742715881517086e+02 7.351726289375439677e-03 -3.973065359164397459e-03
2.538431453550992671e+02 4.295125835959833580e+02 -5.724610484589469361e-02 -2.061502057552113965e-01
2.896099086746911553e+02 4.417979631257272217e+02 1.731441785741570996e-03 9.006875411685514796e-03
1.949628307843789798e+02 6.713425285322726950e+02 2.129473700020440268e-03 2.818364685507245004e-03
2.421832553951520026e+02 7.614372910589404455e+02 -1.888527147849628678e-03 5.751297154642323085e-03
2.310787624390713120e+02 3.446548149021893437e+02 -8.701504924047162581e-02 -3.578767433534761344e-01
1.281281912366258439e+03 3.740833618366579003e+02 5.987139797552756739e-04 -8.333570030481271367e-04
3.736853005468760784e+02 5.371474108883464851e+02 -3.607814641404099021e-01 2.103808950210649675e-01
2.434664934076373299e+02 5.079733274795751754e+02 1.464773078519686876e-02 -2.285137006879717908e-02
8.256713069186955636e+02 3.414280367909472602e+02 -1.450294074176088207e-03 3.673232459632266161e-02
3.760287640897232109e+02 4.913660542723876006e+02 -4.224412364121977181e-01 1.704614434865729389e-01
2.966911503978080304e+02 5.221450452293902345e+02 -9.761606853804451547e-03 -3.995231013862907479e-03
1.204973885321747048e+03 3.042551735601650762e+02 2.918196182831437127e-02 -1.960103568916056818e-02
3.451332887279216379e+02 1.092307960159653476e+03 3.917981635502561233e-03 3.439116748056518947e-03
2.676724237176964039e+02 5.802473836601911898e+02 1.162050726369814966e-03 -8.377350052688768700e-03
3.164166984715204194e+02 5.862173116894624627e+02 1.064750221195366782e-02 1.418083304357910246e-02
1.062427872525248631e+03 2.982852490008721134e+02 1.053792427247608049e-02 5.167818232395897382e-02
2.456617362680371741e+02 5.532350329618708429e+02 -6.559392848138000109e-02 8.388800485199500445e-02
1.086751866501365157e+03 1.993717389224371743e+02 1.090212968831250212e-01 -8.302684429905174412e-02
3.062895959896729892e+02 5.458877983967490763e+02 4.513165435598535946e-03 -2.155176560855278159e-02
1.144910742798707361e+03 2.123614393244092469e+02 5.724435842611825392e-02 -3.270762298234696636e-02
9.293992586161576810e+02 8.696028210097292686e+02 4.263250495928906370e-01 -1.772211043581267964e-01
1.012757676358206822e+03 8.257915722049269789e+02 3.548343711383567523e-01 -4.593984171232351477e-02
3.548600720295162319e+02 1.091224720864359142e+03 4.479204248422554747e-03 -4.245364843711177914e-03
1.144113950361869684e+03 2.400046299551943321e+02 4.197904808583332800e-03 -3.842029168188815930e-02
4.743706612718734164e+02 4.901015395328593627e+02 -5.337084134030890131e-02 6.012710922428789878e-02
4.965759199692540733e+02 4.606413217470503696e+02 -3.194064094128297171e-01 1.626239395041568503e-01
9.856519140355910622e+02 2.056418698369087679e+02 5.355007345210561695e-03 -1.045838503247273604e-03
2.777915455034808474e+02 4.738546487600735304e+02 -8.127007949704224965e-02 -6.204720650116271607e-02
1.959838460546394288e+02 6.464422942243481884e+02 -3.185547855524488870e-03 6.156371692573920848e-03
1.034738944422836539e+03 1.976110267991501814e+02 -1.334823622361824003e-01 -2.300068194482590422e-01
1.231614102550174948e+03 3.730584625107134116e+02 7.245250575743459806e-03 -1.792242237269642963e-02
2.599064267704783902e+02 7.218155199107841327e+02 1.086100328375616021e-02 -1.304333956937571686e-03
1.044898596983962307e+03 3.015240236857528657e+02 1.577841671904943802e-02 1.401947963226028541e-02
1.044349171383776365e+03 2.577997635286798186e+02 2.040421430567349592e-01 2.137449258643856764e-01
2.581346511843286748e+02 5.777218411287141180e+02 -1.241838882140369228e-02 1.094034917765037557e-02
9.521956470696093220e+02 8.946574563297742770e+02 -4.634500892579225262e-01 1.747699207785579911e-01
2.251262646866905754e+02 7.157650461949489227e+02 9.905792639219129087e-03 1.503540334799326195e-02
8.291424175790906475e+02 3.382149742301544393e+02 -2.754918877876729594e-02 -6.708007792516332279e-02
1.132143235463471456e+03 2.920355504998535707e+02 -2.161837479920589980e-04 5.264931762360109541e-03
1.025037635862400521e+03 2.194798975559727694e+02 1.293125913623172085e-01 2.137756970023201586e-01
1.212549749303364251e+03 3.139471366374305035e+02 -1.851591345975390698e-02 2.553956122950770680e-01
1.101726817678128327e+03 2.337471092027609245e+02 4.032546524552407807e-02 1.734249809160224101e-02
1.217045598267830201e+03 3.741247375845700844e+02 1.331394779538073916e-03 -1.356265314316013049e-02
2.648014830485967650e+02 5.082595110343175406e+02 -4.719126928198319471e-02 5.875868263078892068e-02
2.047892962401645320e+02 6.069049695666564048e+02 -3.299144539431375089e-01 2.112419629325602011e-01
9.615944958858038945e+02 8.896935889932913142e+02 -4.569751892182131181e-01 1.855099010720523689e-01
2.854080115358936496e+02 4.565111227490240822e+02 -1.447765812080622702e-02 2.586869119261393096e-02
1.032782212858541243e+03 1.641173435217911845e+02 1.768204579552910133e-02 -4.315586645598350549e-03
2.980535348173401076e+02 6.171772139338376064e+02 2.201047611015045664e-03 -7.062334681202376598e-03
3.255450981555022167e+02 4.944541356772372183e+02 -6.205080827633217833e-02 5.833817136356241224e-04
4.190816904268857570e+02 4.813445075523150649e+02 -1.771929432037281857e-02 2.342331481337689078e-02
5.432622941437948612e+02 4.728163053665368807e+02 -3.911559919566404142e-02 -1.374347135104129758e-01
8.803661894224796924e+02 2.193971477940552290e+02 5.804897028584977969e-03 7.647499340000176761e-03
1.191635275657478815e+03 3.939596330168856184e+02 -1.501956462372690303e-03 -8.652853853616892729e-03
1.056555401836997362e+03 2.832580754388954460e+02 1.324676484085773598e-01 2.319076703304138454e-01
2.537977819732521425e+02 5.619603438654174852e+02 1.558243101592246072e-03 3.691692429248687179e-02
2.395353019519129987e+02 3.722589760414541615e+02 -7.174247428772481672e-02 -3.508624809114324616e-01
9.207176547074973882e+01 3.744443087771542196e+02 -1.484596703236795989e-01 -2.397362968595087851e-01
2.330007750360126124e+02 5.086788088544001880e+02 4.150827899627163725e-02 -1.071206695628771077e-01
9.756578464533826036e+02 8.864026961966943645e+02 -4.229510670811217898e-01 1.579197814053529270e-01
1.120224542360645273e+03 1.791273133224428022e+02 -2.358285279496662515e-02 -4.210441309711237395e-02
2.873633662135791269e+02 6.081309152130588700e+02 4.809334559923280662e-03 2.542274135305320950e-03
3.785664351501979468e+02 5.402874681772445911e+02 3.048931874619598692e-01 1.219109802078258004e-01
3.172874710999104764e+02 4.888228120321913934e+02 -4.431372896553482932e-02 -3.529461109138258557e-02
1.179174620676276845e+03 2.297423378358390096e+02 1.553321593377458582e-03 6.118178456379965444e-04
8.717929934403086918e+02 9.016499409795560496e+02 4.112233492553581948e-01 -1.509029194171275512e-01
4.926733084565531726e+02 4.442341873118608646e+02 -3.279043207574269814e-01 1.806345401967902886e-01
9.909113660459614437e+01 3.833909574122435515e+02 -1.620190711443773857e-01 -1.985835259982101086e-01
2.322814923063008337e+02 6.090657984656515964e+02 1.162791075207008848e-02 2.782917246795342525e-02
1.127456668766567418e+03 2.871968106896479753e+02 -9.482055587215095643e-03 2.641836563827386960e-03
3.004100439653474268e+02 6.739428517630381066e+02 -1.743963464532205868e-02 -8.503653840138536771e-03
1.106561924782715550e+03 3.357856920510531609e+02 6.679411809239237802e-03 2.093493578895662052e-02
2.211489557904305343e+02 5.513588531011665737e+02 -9.615322135354547814e-03 1.769638274342496403e-02
1.069864515951584053e+03 1.752668000295792012e+02 1.344240104658908468e-02 5.912591140388468586e-02
3.088163473413000588e+02 6.729698484176340116e+02 -7.211748161902469326e-03 1.528885886004179972e-03
1.063276955494337017e+03 8.365965604372727284e+02 1.021032970248318683e-02 3.976705890896609086e-02
2.500611354513485765e+02 5.258679311473642883e+02 -1.729506918761131531e-04 -1.663907949979814144e-02
2.491407614051171606e+02 6.484346831646988676e+02 -9.142193680149953566e-03 -4.247894063668679158e-03
8.129469570776593628e+02 9.331653567745780720e+02 4.027881829350138387e-01 -1.474575986992386900e-01
1.112815969842225513e+03 2.050389666485254736e+02 6.666343874960174720e-02 7.919833654830002456e-02
1.104142621248103296e+03 1.925210378507455005e+02 4.963249747109978877e-02 5.624001562293470119e-02
1.104725155312632523e+03 2.985672509148161566e+02 -4.717022752435812843e-03 1.090033384537262076e-02
1.168498152993022586e+03 3.386106458386689724e+02 3.802621103179964959e-03 -8.199994443954649465e-03
3.274770619490652166e+02 4.858798640447354273e+02 -5.845519975440932603e-02 4.625863943230306558e-02
1.200018365037960166e+03 3.887539185388097849e+02 4.075031994948358736e-03 2.191232931768737069e-02
2.449736383921021741e+02 3.352291396828420034e+02 4.846065223954141438e-02 5.906880892216082035e-02
1.110372443255134158e+03 3.112299665933829829e+02 -6.535645243680432686e-04 -2.396593499732246196e-02
2.669943422565214064e+02 3.565534804941005405e+02 2.224726120145379890e-02 7.001890804527402534e-02
2.587906762075724600e+02 6.818972385040550535e+02 -4.521709393970067131e-03 -3.433591316258958418e-03
1.140041612666702122e+03 3.509833080755825563e+02 3.038790529791582026e-02 -5.147945145457618471e-02
1.075798457911670766e+03 1.951108328577449242e+02 1.202219023021636607e-01 7.041900061238075270e-02
9.365538222132590818e+02 8.928201988656783215e+02 4.092086716620310649e-01 -2.051795275148545483e-01
8.806126343752396224e+02 9.035223062337172450e+02 4.318767670573392947e-01 -1.592742299806690076e-01
3.232713814337640201e+02 5.210482011229433965e+02 -5.194127619088508008e-02 4.848261416663766921e-02
1.285224396341519878e+03 3.255896759985455446e+02 2.964424383055959678e-01 -1.172014381959286811e-01
1.212083183615218786e+03 2.658409787900939705e+02 -1.982180851184851388e-03 1.096615434266429330e-02
5.090574270017358458e+02 1.057684178757928066e+03 -5.598976315068869836e-01 1.496558871914959732e-01
3.191078418583957728e+02 5.297326925079458988e+02 -2.770915678128277673e-02 -4.102022381408631548e-03
9.538603388555184210e+02 1.793712184476693778e+02 6.465465172952759854e-03 -7.653746726802664394e-03
8.937633335167354289e+02 3.231830432945522489e+02 -7.649610375769322346e-01 4.392729840403576946e-01
2.877557817240467557e+02 5.462916738709790252e+02 2.143246860318958182e-04 -1.622213229607288865e-02
2.452705355211548124e+02 4.042328062517854619e+02 -9.171893047045776015e-02 -2.713664036340991403e-01
1.010279670249644482e+03 2.775657225076134296e+02 2.936576716245198337e-01 5.084893267723327170e-01
1.081657165992503906e+03 2.453963497584417723e+02 3.129993580277758980e-01 1.187726470317481547e-01
1.117310595995915264e+03 3.122840934494920475e+02 5.674592442337688183e-03 4.211878207973376864e-02
1.195469835286926809e+03 3.704509513240806768e+02 -5.396813939627788208e-03 2.925287241612520850e-01
1.225368033681344968e+03 2.957978957211921056e+02 -2.604514702249666191e-01 -5.989378934540163374e-02
2.695941593996230949e+02 6.752176317043415565e+02 -1.436005519736672890e-02 -9.927022948130175689e-03
1.120679849581520784e+03 2.036180512568175800e+02 -2.522619336869271617e-02 3.539413766723432941e-02
2.954296354799308233e+02 5.618852607455285124e+02 1.188027539324600611e-02 1.088381161575808186e-02
1.118354359274684839e+03 2.136686068663591129e+02 -9.183500502248004294e-03 4.358813430764677671e-02
2.032422363722892271e+02 6.452283689339734565e+02 3.692245227975292539e-03 2.827596311189523406e-04
3.415643248290888323e+02 5.205667414865816909e+02 -4.087330658131016481e-02 3.832896727157285299e-02
1.203487512293649615e+03 2.033888789004125215e+02 -6.696728811070131945e-03 -3.465666387385164804e-02
2.107034617557362708e+02 6.058914631706609271e+02 -5.457965301936252428e-02 9.799615036998188256e-02
1.099199220703297442e+03 3.123118953354409086e+02 2.902852998878269544e-02 -3.852567320999660764e-03
1.192524053226321485e+03 1.788390203540481309e+02 1.105372869849383932e-01 -7.396167316482439580e-02
2.213893315383887455e+02 6.208990426756713532e+02 -1.287636623725218338e-02 -6.266823312040007907e-03
1.119342358689713819e+03 3.841771785730733768e+02 7.827792388201091365e-04 1.306976134874264679e-02
7.532475601242633729e+02 8.453073157853400517e+02 4.173485025848824056e-04 -4.034397787644692095e-05
2.416800043379100202e+02 3.456268325597694684e+02 -5.926919698050078789e-03 7.002420111457681451e-02
1.227956295275742150e+03 3.572827418785174700e+02 5.457266276790046292e-03 5.674727839633387193e-03
1.306479714435561618e+03 3.456595540468238710e+02 1.284843443257267515e-01 -5.212972211017309621e-02
2.880549665303327629e+02 5.177234900439763123e+02 -1.567470303160352005e-02 1.017898620602638790e-02
1.080425101430077348e+03 2.265348345908648753e+02 1.245892012444654515e-02 2.869822225698815538e-02
1.052234057809073192e+03 2.813129439095805537e+02 1.665692242952288016e-01 2.141244894599407811e-01
1.171248286663175577e+03 3.163639050122311005e+02 -1.764066934158270818e-03 1.281669604634654534e-02
1.087282164365725066e+03 3.331381323656024733e+02 -4.623853884165534875e-03 -5.847113968065338965e-03
1.139020745437111600e+03 3.094185439477360546e+02 3.221930335578033211e-01 -3.859756686121321168e-01
3.041849956927679841e+02 5.400526825040693666e+02 1.955709285113297821e-02 2.715527173607838393e-02
2.697943792911388528e+02 6.672220060523844722e+02 2.477925479266415709e-02 7.368873637167978712e-03
1.020004577153999207e+03 2.113249575225481180e+02 1.592601409125014578e-01 3.055502337960575576e-01
2.609254691051704640e+02 4.701282259307960771e+02 3.674519669777064068e-02 -3.294250411352996066e-02
1.167076696924089447e+03 3.506976598775413549e+02 2.188467609756225042e-03 -7.483819497264953234e-03
2.694349523992704576e+02 3.983132566991956764e+02 -1.682319052456883110e-02 1.608167598182305355e-02
2.534653899476774086e+02 4.014065963796965661e+02 -1.630793416168729165e-02 -2.783965509288891665e-02
6.732494859522014394e+02 4.965976387546280648e+02 -1.223231755593677875e-03 2.136242832934817908e-03
1.046523997493710567e+03 2.368027298446828581e+02 2.131337103717169668e-01 2.960497549093311642e-01
6.243513788324128200e+02 4.372566009211225264e+02 5.039241811760647449e-01 -3.097177222389009901e-02
1.174149804394092826e+03 2.060189747617741318e+02 1.136674063631546439e-01 2.493279434151146334e-01
1.066805617861182043e+02 3.769060243555981060e+02 -1.495452924457708332e-01 -2.264006703649433794e-01
1.210230559362828444e+03 2.415593586212556545e+02 1.964670284813353068e-02 -1.906493263580931810e-02
3.036781943703833804e+02 5.335287995793778464e+02 -3.552237897914361370e-02 -1.354148024534262452e-02
1.093218491904227221e+03 2.241328482726167692e+02 1.359484512816780399e-01 8.073358683961288917e-02
1.082090069111140565e+03 3.035734341143273127e+02 -9.546292884680393021e-04 8.466163326400280575e-03
3.109112571814733315e+02 5.139591809613471014e+02 -5.955458969327370733e-02 2.049010772583246057e-03
5.037409177227316945e+02 4.326518377370031203e+02 -3.288571712131020952e-01 6.483045696714863360e-02
1.057558173072969566e+03 1.773876309465696295e+02 1.440984290888766214e-02 3.798343593234198429e-02
1.135351857174167435e+03 2.029079703170694415e+02 -2.897104241029266336e-02 -5.290716458238148810e-03
1.118615444786932187e+02 4.008946447132594244e+02 -8.824116892118948063e-02 -1.288572951873464822e-01
1.213637139844302283e+03 2.339380676414097593e+02 6.398292294383425491e-03 9.689913450637896442e-03
1.226197615126905475e+03 3.160838835654562899e+02 -3.945865130041587704e-02 -1.624046499280898392e-01
7.267340895333820754e+02 5.260624962185632967e+02 6.622636914454854695e-02 -4.448134289200672553e-02
1.171375793280621565e+03 1.504554004449114473e+02 -1.300413476486811729e-02 1.357700289683115916e-02
3.094590333205516117e+02 6.152693273404660204e+02 -8.516524592252073048e-03 2.536540684286141961e-02
2.076994981474705071e+02 7.453488055251929154e+02 -1.947067258684980363e-03 7.253447719124166138e-03
8.016927295970475598e+02 9.357228923568609389e+02 3.864737221072152562e-01 -1.292323043802334481e-01
2.888244466895699247e+02 4.882673025603503447e+02 -5.110656898771893941e-02 -1.134128078779027271e-01
1.130227494180574013e+03 1.475154490355380688e+02 3.075516361325816850e-03 -6.667466537946904401e-03
1.147634520492716547e+03 3.520433846439473200e+02 -5.045948002481225915e-03 6.122310656459069994e-03
2.627892091197750233e+02 3.688573165177437545e+02 1.580555527764678295e-02 3.269248546727528820e-02
2.914319204652383064e+02 4.492229608672368499e+02 7.019419822957879626e-03 -9.211556448147772014e-04
1.235543120169423901e+03 1.330083537241923466e+02 -9.891929446799658729e-03 1.362368487666442557e-02
3.070690448622769964e+02 5.914323318321488614e+02 1.221556790961013860e-03 3.843457004745011912e-05
1.179134205530604049e+03 2.577156047216801653e+02 -1.103448578552534698e-01 1.939393788045419217e-02
1.145208470189338414e+03 3.761593359381684536e+02 -3.472664217027537220e-02 8.321029067001864399e-02
1.031466744550977864e+03 1.807777771076973465e+02 -5.116077708596932123e-04 -1.096179633564494001e-02
2.260295713837633969e+02 7.276580790740592874e+02 -1.453661380272824356e-02 -3.012264560192135909e-03
1.242254102632610056e+03 3.185394955424874297e+02 7.004722937528531923e-02 3.084394229357102779e-02
1.159459279456834111e+03 3.695768327194778067e+02 -6.764410649723929386e-03 1.190714467223993878e-02
8.653098732608962109e+02 1.102263108822061895e+03 2.000143437336903145e-04 -3.675850043376581336e-04
1.515894738469985157e+02 4.551519801412117090e+02 7.510731574235129156e-04 5.072154110493020708e-03
1.074499766206626418e+03 2.191803561243119418e+02 5.315868697214520128e-02 1.786541928556141870e-02
1.196992239632980045e+03 1.856408768240258382e+02 5.579656368841725417e-02 -1.217708436960259627e-02
1.119003533462959012e+02 3.853321687853413664e+02 -1.546699100940190363e-01 -1.940021199497217463e-01
3.304349859849467066e+02 4.979361721323410848e+02 -1.001622141679821554e-01 1.147727735608238854e-02
1.186766209939722330e+03 2.334971779734675295e+02 -3.505349331765338777e-02 -1.565390368069661045e-02
7.965672042398349504e+02 9.157490866243826986e+02 4.092745038198389307e-01 -1.434667183598490325e-01
1.101687441663502113e+03 2.913672944891001748e+02 -8.655232146453488776e-03 -1.358815011622759375e-02
3.008466294756286175e+02 4.937965932270528810e+02 -2.698036111706869633e-02 2.936366584512793698e-02
3.924796702022499630e+02 4.689496169510308619e+02 -5.926300745771012624e-01 9.680600637172724621e-02
1.161564287004369817e+03 2.458386191496229287e+02 1.786158191987284594e-02 9.155133224726172761e-03
1.091850808850638487e+03 1.598807985489804935e+02 2.320102042824465916e-01 1.114209049948265175e-02
1.129235018009705300e+03 1.845001918173005038e+02 -3.021527432007033859e-02 5.596480682877477686e-02
2.446089414422208392e+02 3.021597237878364126e+02 -3.660395205175442056e-03 2.288789394206465488e-03
3.069367075524606321e+02 5.070488680575930402e+02 -2.504706052176592680e-03 2.585713009568003581e-02
1.180829916162858808e+03 2.892529606565205427e+02 1.216947474602708829e-01 -5.890473713243285503e-02
5.919436558998860392e+02 4.428192754620211531e+02 4.704230026639757978e-01 -3.798323195024358445e-02
1.073957111916196709e+03 1.632242753717264634e+02 1.513101924722782821e-01 -1.355929814605071893e-01
1.172107263604532363e+03 2.754916875235034581e+02 4.233510057758286226e-03 1.122195070231757873e-02
1.134180915640042713e+03 1.702733795819270313e+02 -2.792532333948053586e-03 3.516563502146108442e-03
2.688918503652822665e+02 5.042214152261704498e+02 1.089645294438140516e-03 9.702902197187431022e-02
1.258498867222804165e+03 3.549481720507636169e+02 9.792337964382108809e-03 -7.465406901496074790e-03
1.239926767426266451e+03 3.466560416845934469e+02 -5.288280127061706880e-03 1.713048927613463335e-01
4.889208536233966242e+02 4.715204191710545274e+02 -2.814635244482436849e-01 8.207043097571714574e-02
1.216975879015456485e+03 2.310216745709085444e+02 -3.060846697647744141e-03 4.255486816282089829e-03
1.192162872543670119e+03 3.889190179530082787e+02 3.178299182658213956e-03 6.567559050911696457e-03
3.847138920549194268e+02 6.375389676091479032e+02 -3.451813575778861520e-04 1.080088176344347686e-02
1.154510617361699133e+03 1.907785039235912166e+02 -4.887288969702113794e-02 2.106320916404061383e-01
1.148940581298122424e+03 2.872773642042486699e+02 9.167410614107139588e-02 -1.832840409009549310e-01
2.660992205866369318e+02 5.555635791161024599e+02 6.843716402959734713e-03 6.162177918321670722e-02
2.431067905004228749e+02 5.319571918288951338e+02 -8.462791514380632813e-04 -8.053956695197494325e-03
8.855613172268750759e+02 3.022690106057079333e+02 -4.873389990453082521e-01 8.557243135035752513e-01
1.130583777104553747e+03 2.027258140268668001e+02 -4.870414167450491660e-02 -1.128545933804808114e-03
1.046183103841827460e+03 2.751338480197757690e+02 2.029087254722148070e-01 2.063173508979715132e-01
2.872341759548115760e+02 4.642842880723375174e+02 -9.639369743001230048e-03 -2.031772693370871574e-02
3.273819943821171705e+02 5.206307012023013385e+02 -5.173760106036090489e-02 3.441423270635931425e-02
2.946450450568160591e+02 4.701005627148715575e+02 -4.589667158943439539e-03 6.934758737363135896e-03
1.246075451406580441e+03 3.269320050066026511e+02 -7.320240953426361552e-02 1.287157027064486092e-01
2.358432615866987874e+02 7.568794178579540812e+02 3.874386836028267077e-03 1.431521970905668198e-02
3.004512515786311724e+02 5.151062105882157311e+02 -1.610192549534281495e-02 -3.023052002501824126e-02
1.163169850204276145e+03 2.157736574782169612e+02 -6.872046607990305814e-04 -5.039278871291259093e-03
1.300088997833423946e+03 3.493565716040366169e+02 2.635428006898100570e-02 -9.426054340023164169e-02
1.085897991866511802e+03 1.659059337117220991e+02 1.969986289763669962e-01 1.069748609542536116e-01
1.103050427483811063e+03 2.111611655816732025e+02 4.065363195988565964e-02 4.672944419452154489e-03
2.883588141057716712e+02 5.005809457071553652e+02 -7.869851207678522920e-02 -1.856453921014446923e-02
1.121599183172048015e+03 2.229674243210958196e+02 5.499026813130076380e-02 -1.370443343831760641e-02
1.136519708524072485e+03 2.145359802927268618e+02 -1.963243803957131356e-02 -8.278215350868965705e-02
1.267469268200394481e+03 3.512846154669912266e+02 -4.428506554304007525e-01 -8.158998011989009036e-02
2.256108542825678853e+02 5.658651480630842343e+02 -2.058003021119833836e-03 -1.459936194667595458e-02
1.206018489115108878e+03 2.454580325454117258e+02 -7.194055417755862436e-03 1.896513670344823765e-03
1.208776077447759235e+03 3.105887357077237994e+02 -9.354035681180523920e-02 -2.951569551425355445e-02
2.268433114747288357e+02 7.004031807625088959e+02 1.836033469464481982e-03 -2.633040158901422956e-03
4.974441350973366980e+02 5.033659424300150249e+02 1.103830606995517272e+00 -3.037203014420401526e-01
2.549334631033804897e+02 3.702123951603971932e+02 1.955443253989385191e-02 1.232920886243152152e-02
1.198892921133398431e+03 3.485204875187129687e+02 -4.095145178186947524e-03 1.747283010460310704e-01
2.595569477811184242e+02 3.864592529325360033e+02 6.966636746314629897e-03 1.236918218887453000e-02
1.142720008257958625e+03 1.513772569901879024e+02 4.815667333535569922e-06 -3.228599735082975358e-03
2.896342092286382695e+02 5.811487742697822796e+02 -7.389327562653892623e-02 8.215092526870648726e-02
2.687291535966303968e+02 4.426739849598769752e+02 2.228610284521253745e-02 -4.129218605058174174e-03
8.166493184569577579e+02 3.370155967910495178e+02 -1.661892903189010444e-03 -1.295479588180699013e-02
1.073063926999502428e+03 2.593492922539860501e+02 2.727076411489834373e-01 4.573832959821536731e-02
1.110833997399664895e+03 3.635524188366381964e+02 1.711258347089399459e-02 2.580121530128070759e-02
2.356002836940587883e+02 5.996410895528230185e+02 1.680988611212673456e-02 5.720206148294971170e-03
1.167968201165395385e+03 1.772815732831235209e+02 6.860258821491242720e-02 -3.531101295789053351e-02
1.111490003723762811e+03 3.492681950803916493e+02 2.060551440307115956e-01 -1.951929396733348421e-02
1.319926708379073489e+03 3.257396552507573233e+02 9.771838692591352030e-03 1.501764272700320535e-02
1.203852628466766419e+03 3.332581027785464016e+02 1.555166037142580449e-01 -1.821359819294931237e-01
2.849564763144301764e+02 6.797181416348008725e+02 -9.068118091437518810e-04 3.186565155167474499e-03
2.415714551478613146e+02 3.152722310763795122e+02 -1.091926974815070686e-02 1.700178309640033511e-02
2.447502888847808151e+02 3.539890435951018048e+02 1.632878102062659473e-02 2.795757424123608559e-02
2.707629020732596814e+02 5.784225109975890291e+02 1.012701148345162075e-02 -2.118673227466222678e-03
2.908981645328172476e+02 4.687776009848384433e+02 5.410112150562472987e-03 3.218103379725070767e-03
1.164557081109794808e+03 1.405688114411705669e+02 4.210600555055883307e-03 -3.107407348436344585e-02
1.169675104212280758e+03 2.561786032503493971e+02 4.737257240976602835e-02 -1.094315064162536127e-01
2.967555910518852329e+02 5.295255856449047087e+02 -9.569688928403092057e-03 1.120285805873418028e-02
2.594648961357843291e+02 6.101530761280678234e+02 -1.444086356008648236e-02 -1.822476879241177738e-02
3.459383624392639831e+02 5.390947649206111691e+02 -1.549901498933179723e-02 -1.308787941690658582e-02
1.188060458922775751e+03 2.813648097835834392e+02 -7.927749739358893113e-03 2.323122685321893800e-03
7.721895807163847394e+02 9.471108948291594061e+02 5.388733452673094559e-01 -1.214983994375918308e-01
3.116050126522412711e+02 4.940085394586083112e+02 -6.603988892756447460e-02 -3.836718008520446227e-02
1.097924548588649714e+03 1.745827032904898317e+02 1.267426992548761899e-01 1.453804255803534673e-01
1.122033266817856202e+03 2.417319964891346729e+02 1.897362394647108749e-02 -1.348201127179556730e-02
1.144008791879188266e+03 2.614636595955848293e+02 -7.160309094965935928e-02 -3.711969994382516985e-02
3.486902253299279550e+02 5.244752177143950576e+02 8.918885517818166131e-02 -1.427370262822344471e-02
1.049221660170580890e+03 1.611730326121289352e+02 6.559634770727165720e-02 3.186264464031025867e-02
1.985313390200367394e+02 7.134502940202289665e+02 1.664974477234539268e-03 2.349831857933232845e-03
1.113188632074109819e+03 1.689308944964919021e+02 1.533551389207863658e-01 3.648235587760265825e-02
2.489838991935902186e+02 7.201364065530448215e+02 -1.235266599069811825e-03 1.382615894645954991e-03
2.651553771425915897e+02 4.176338988455233903e+02 4.812689605653470287e-03 5.395877411933516776e-02
1.086734541231166077e+03 1.720313455774331430e+02 1.663464976175806354e-01 9.556142572965896365e-02
1.023451769372974013e+03 2.388271852021723873e+02 2.246409746274024288e-01 2.783111974435951153e-01
1.108508939360194745e+03 2.365241712180940112e+02 6.842592565011907692e-03 -1.390409121266021446e-02
8.860337189611010444e+02 1.096537339823092680e+03 4.562439294639621242e-04 1.701267939394857055e-04
1.173181166503022723e+03 2.924356572364808926e+02 1.802907144920169458e-01 9.398437150963374898e-02
2.997088579560877406e+02 4.715744313684477333e+02 3.859382283330226038e-02 6.130616028135188467e-02
1.030163203676857847e+03 2.496782962159466592e+02 1.717809241657934360e-01 2.691295563405515234e-01
1.173491641994495239e+03 1.792925898825701552e+02 5.259967359584555649e-03 -9.879822868737092589e-02
1.216075369501794285e+03 3.173096321981076358e+02 1.627031195724767676e-01 -2.236900961523340670e-01
2.177598659725444463e+02 6.301597107148679697e+02 3.405836347822541882e-02 -2.960267451142131051e-02
1.123928399443402213e+03 2.173667149584079255e+02 2.728933454650709495e-02 1.817797476894356459e-02
1.025584310763879103e+03 2.008780761860281245e+02 1.815941341874305337e-01 3.150841449362360436e-01
1.091763720664537914e+03 2.020765256769441862e+02 6.532837270320114575e-02 -2.766504622050030768e-02
1.160833168311582085e+03 1.728954257966710202e+02 -2.483358897661791867e-02 4.127453334272901397e-02
2.669566047346105506e+02 5.257820670787762083e+02 -9.470255024831131241e-02 1.754116732857788075e-01
1.142562038839392017e+03 2.348784627503191302e+02 6.771892368888680902e-02 1.628325706332460210e-01
2.960458244089911091e+02 4.986415428686114524e+02 2.263388560143653194e-02 2.155253686966172588e-01
1.131134948890119176e+03 2.146314219274408686e+02 -6.752305913716947702e-03 1.763405579788622154e-02
1.134179257772213305e+03 3.299465557242895102e+02 -2.325872873121944632e-03 6.829382524744220242e-04
1.139342165177067045e+03 3.319503236107174757e+02 1.504630368651760364e-02 1.497285433274601549e-02
2.659013825966968625e+02 6.037261246817495248e+02 -6.150518443177275044e-03 -5.605806624387425947e-03
3.120887552983497812e+02 1.072194533965327082e+03 6.527102158442502078e-03 -9.327136273244635012e-03
1.082083880089527383e+03 3.399838743513774943e+02 -9.058533649836946096e-04 -3.984708787347450258e-03
3.011232381065985351e+02 6.382111616276955601e+02 -3.907354816539600076e-04 2.900070359828532673e-03
2.662800948284437368e+02 4.288457328792729868e+02 -1.561602364936286180e-02 -2.431451294182967321e-02
2.794803644413457846e+02 4.612429459738972355e+02 1.641949764481904703e-02 4.290844814660508405e-02
2.974935758185457075e+02 5.152480974358403500e+02 -1.753701039387793592e-02 8.748020516429733107e-02
1.266367127061053452e+03 3.380102629281774398e+02 3.458490863855126496e-01 -4.808207610826572415e-02
2.501635576251215127e+02 2.951831875251756969e+02 2.895532403136209017e-03 -1.173196592445070220e-02
2.600465352477348802e+02 5.262874415031409399e+02 -2.016541143662493527e-02 -1.418511867118305882e-02
3.561776383722863102e+02 5.195511765305616336e+02 -2.389474688267633970e-02 3.184121317709858465e-04
7.978050063433686319e+02 3.890426632845977224e+02 -3.776567490335764887e-01 1.877389193884149710e-01
1.065090754524228032e+03 2.827343028887539162e+02 1.265697561005936223e-01 8.663490941156298808e-02
1.202113401569472671e+03 3.311462123219102409e+02 2.504398905998641428e-02 8.352761653128075447e-02
1.276369649682077579e+03 3.247279582907302711e+02 2.448281556971713679e-01 -5.217372917776644942e-02
2.717304327614388626e+02 7.454184740001584260e+02 -2.291372451374676031e-02 6.311753035917685994e-02
2.081774811890219041e+02 4.899577604644652524e+02 2.060623621430311692e-02 -6.053971870431374552e-03
1.096408824363017175e+03 1.991811130949699304e+02 2.313973771183686773e-02 1.036312704399117504e-02
1.154250069098055974e+03 3.056633044541718505e+02 7.558141849229919884e-03 -2.312156343396219380e-02
2.616144909187920575e+02 6.363356224905993486e+02 -5.237034998716366338e-03 -1.460023527915935669e-02
1.183856250626288556e+03 1.816965665734156232e+02 1.272456426789657924e-01 -7.895654633894115537e-02
2.597559626954027294e+02 5.428042349741710950e+02 -5.108092712766379440e-02 9.737309022233209266e-02
8.527224969897691835e+02 9.213707022556548054e+02 4.037078221597446004e-01 -1.589312686498691729e-01
4.254507060054759791e+02 4.803193241541287080e+02 4.559433140355164116e-01 -1.062381628690530072e-01
1.076133118155558577e+03 2.597389512460864012e+02 1.205396756414150589e-01 1.269458772698660309e-01
1.142969184991682141e+03 3.193461669332875204e+02 4.549022231113516307e-02 -5.103360120245418324e-02
1.292860590965814254e+03 3.281057958615510302e+02 7.036873170909185848e-02 6.220798921783177865e-02
2.214283689316839911e+02 7.297142531629315272e+02 -1.083457736865684091e-02 -6.018040923866734004e-02
1.110370482263222812e+03 1.541670192503038095e+02 1.378784296139691223e-01 7.855047454186948885e-02
1.122680674041104112e+03 2.997113805352620375e+02 1.054732286670444497e-01 8.402832386180027202e-02
2.602671862616403473e+02 4.564303045370630230e+02 -1.617379076095648571e-02 -9.581883798837420585e-02
3.074866660226866770e+02 4.602113637696283490e+02 -1.424986214863750433e-01 -2.824071129123950641e-01
5.142955359267601807e+02 4.715887976007148268e+02 -2.285277749357277344e-01 1.471871413451619759e-01
1.003007770974200639e+03 1.751357845527165296e+02 1.748460483187752601e-01 1.484822070116456061e-01
1.085816474381150101e+03 3.397737473861333228e+02 3.032169001532025732e-03 -4.218563859756940815e-03
3.328009484301778684e+02 5.425749242561984147e+02 -5.896576030762723519e-02 2.452961207522719178e-02
1.099422271957058911e+03 2.831309663061844049e+02 1.300183495007165568e-01 3.133740332110041688e-02
2.800117449874994691e+02 4.300019204792552614e+02 -1.871053557784677773e-02 -8.175660982438480440e-02
2.727255272693382722e+02 4.624907829857489787e+02 -3.294310166649534050e-02 -1.123657706987040844e-01
1.092355637876464243e+03 3.042148763102077851e+02 -1.073895517444556913e-01 4.652389723821120232e-02
1.128397526193211434e+03 3.139879826892223491e+02 1.431281698532287927e-01 1.531773619901815042e-01
1.119515210217865842e+03 3.336253833101479813e+02 -3.591522132133802975e-02 6.341852418851369466e-02
1.136826296485351349e+03 3.304728261608307776e+02 3.777683899432583009e-02 -2.584905319112214273e-02
2.260224422133417193e+02 6.657544925544682428e+02 2.082723270427961140e-03 -4.005745365147151890e-03
3.746506018312769584e+02 5.112901816772463803e+02 -3.852029284911414608e-01 3.826564805808629899e-02
1.154876002346423093e+03 2.184825428825404856e+02 -1.201519235329945486e-03 4.052429547176624944e-03
1.324319884766547830e+03 3.313370237928422739e+02 2.300452699516546129e-01 -7.719987022419277922e-02
1.265670986432155814e+03 3.468744747750082524e+02 2.630192323867139303e-01 -3.063183874899860076e-02
3.658379617017975534e+02 1.097574146639667561e+03 -1.096814233348267741e-02 -4.284761207599495358e-02
1.190582384529625642e+03 2.398366781258823721e+02 -7.038795409937392659e-03 4.183782758354889775e-02
1.214259521080569812e+03 3.675229500504956377e+02 1.006139945493108277e-02 -1.519722905941497081e-02
2.286382610026477664e+02 5.774819194049108546e+02 2.676686110806372060e-02 5.999657364062613990e-02
1.937136801361827452e+02 6.062618709445708873e+02 -6.312656945332170005e-03 -5.068194091990108063e-03
1.115977300975821208e+03 2.591511467691153143e+02 -1.852089430269835899e-02 9.723342517774029303e-02
1.249419287345441489e+03 3.034448839115100327e+02 1.501770631474663199e-02 -8.238904555885467884e-02
1.169890419412747633e+03 3.608890090880904040e+02 -4.238413162865827498e-03 1.098333588899773339e-02
1.060167726061616804e+03 1.606157899078709477e+02 4.476841279636667621e-03 1.818975812845000529e-03
1.190712122812905136e+03 2.876590122157130622e+02 3.897844719578470729e-02 -1.131767193072913229e-02
2.087817165443788099e+02 6.267325614801604843e+02 3.833165160910444874e-02 1.949932468739171837e-02
7.503016536346506200e+02 9.192044931173425084e+02 3.068967887576812825e-01 -2.402543555613623760e-01
2.755300631825856499e+02 5.176428761462437933e+02 -1.057018529967059250e-01 1.282239998196176289e-01
1.105705304751770200e+03 3.737590662033623516e+02 5.033835152568443688e-02 -5.900070918850312818e-02
2.678409104157390743e+02 5.332904614433083452e+02 1.734535715421056321e-02 2.381491985411189893e-01
2.651611245214483574e+02 6.867619388025627813e+02 -3.985233244429358182e-03 -3.006827488525638022e-03
2.940399961500600625e+02 4.869487779869728001e+02 2.678222118705388469e-02 5.677499810682173215e-02
3.440534352911374185e+02 5.185386823415462914e+02 -1.128070551213858769e-01 -1.795661633772843366e-02
1.204198885055513983e+03 2.071312788743892384e+02 -3.937069409651620423e-03 1.866146229929883937e-02
1.199664946798052597e+03 3.110095833117926531e+02 4.502027310619033384e-02 -9.773929646063568566e-02
1.235260987432938919e+03 3.214713610772849393e+02 6.503892281956621946e-02 -4.272018422195573983e-02
2.631006043554214102e+02 4.823259065075887406e+02 4.151944927061219232e-02 -5.432086032657853364e-02
4.942796325580317216e+02 4.537918785641368231e+02 -2.880587671585435605e-01 1.213908300758548831e-01
1.091898579224501646e+03 2.545864705572151365e+02 1.496271843144605374e-01 8.497163834968171625e-02
3.476290565513849060e+02 4.881719542387544379e+02 -1.298600931535182079e-01 -5.099148902299951991e-02
1.121348268200009898e+03 1.883537745855385879e+02 -2.809060784160193891e-01 -1.685064039472774222e-01
1.081132224651132447e+03 2.107852236182307877e+02 1.256009463410586724e-01 -2.445361896244035299e-02
1.176870597398958580e+03 2.270539090564928415e+02 -2.668036543210452333e-02 -2.322989089042233266e-02
1.107760427687375795e+03 3.298905047527995862e+02 -7.962968649164894972e-04 1.011855812516708301e-02
1.096027024759711594e+03 2.977556778686283678e+02 1.599447849739590258e-03 -1.908560766704567790e-03
1.214810794315194244e+03 3.250354567841404219e+02 -6.132146371310227828e-02 9.470242306089630968e-02
1.100144401996252327e+03 3.496076106182341050e+02 1.883570139174207680e-01 -9.750050226865142333e-02
3.150055243366614945e+02 5.646289684562318598e+02 3.601942297578375474e-02 1.878233661428998780e-01
1.060048997984679545e+03 1.957028975718613140e+02 -1.125149381546504818e-01 1.613101511864910298e-01
1.230032251534017178e+03 2.874683296185709196e+02 1.324387196820114299e-01 1.133163047717010985e-01
2.435476042506970487e+02 3.275336024862020281e+02 5.464056530014952404e-04 1.215719175235510791e-01
7.808120718791815307e+02 3.861185952367999334e+02 -4.006936574005640073e-01 8.549337214276182817e-02
1.195594777416516990e+03 2.555951228655126499e+02 1.821507310467988458e-02 1.693151165366894514e-02
1.128945572137471572e+03 3.370943741036278425e+02 5.382417956620126447e-03 6.431920907938130103e-04
2.353389799866944543e+02 7.052947050185701983e+02 1.042977785578536043e-02 2.719008977115796102e-02
2.325675407542262008e+02 7.466028361570990910e+02 2.139111552659992907e-02 -4.383258778153967944e-02
2.489289196857577338e+02 5.975555860858688675e+02 -1.609863811941092274e-03 -7.755319421961602913e-03
1.026231918993849604e+03 2.506704244436424460e+02 2.330671256642359579e-01 2.049380066693114177e-01
2.609373414468770420e+02 6.042637518558389047e+02 9.942805581577273191e-03 -8.342492829060772688e-04
3.251959279260757967e+02 5.119630463630074360e+02 -8.104099854154911409e-02 -1.428552203248551096e-02
1.102977015806518011e+03 2.746692359545343152e+02 1.429707012625739404e-01 6.185396083138686163e-03
1.180836140194656537e+03 2.108861726800450356e+02 -6.617253526686303101e-03 -6.974485168231265610e-03
1.126060059051979124e+03 3.349413428772502925e+02 9.109836763956183098e-04 -8.565232579350221323e-03
1.073347452183237237e+03 1.949565043104560402e+02 1.024070472039191187e-01 7.535541787098248845e-02
1.135729139514592589e+03 1.903560507025021309e+02 -1.778953260358920666e-02 1.223331955015732322e-03
1.049162173415961206e+03 2.121989156609631664e+02 -3.140976064066142853e-02 -1.400845806717728459e-01
1.129679673764828976e+03 2.437237276224349500e+02 2.115849027098771692e-02 3.329152903484358661e-02
1.226183472950725672e+03 3.445533501071830074e+02 4.465216973238222281e-02 -9.453156280824517865e-02
1.158146496991648064e+03 3.861818544062698493e+02 -4.462752916233305757e-03 8.375781392054838792e-03
2.947871414852128282e+02 5.755140109019384909e+02 2.289313716400701200e-03 8.384157293014543599e-02
2.307096043574533155e+02 7.100471040572275570e+02 -3.122613005560543123e-03 -7.042888292178614389e-03
5.270816131718834185e+02 4.729552385342769298e+02 -8.708756870134948258e-02 8.096584662412355249e-02
1.116564090170175405e+03 1.770599968526237546e+02 1.021542578449170374e-01 -1.225346619385335456e-01
1.096133389098390808e+03 2.685689402815116296e+02 1.153565576431330592e-02 1.008820341551940059e-01
1.169526670131131823e+03 1.595667676716126948e+02 1.853289380374982531e-01 -4.947218291090826892e-01
5.436905792397317327e+02 5.002531484819378989e+02 -4.575535693436449947e-02 -2.300459180281163307e-01
1.021962052969409456e+03 8.638483775760379331e+02 3.395922121883711009e-01 -5.566157693759589409e-02
2.816791222983615626e+02 5.196814350610044357e+02 -1.108073322114794430e-02 -2.434192014209756588e-02
1.086855309497161215e+03 2.657791092150330314e+02 3.525715438807632274e-01 1.106265838900470921e-01
6.443140497612289437e+02 4.166642697626431868e+02 -4.559439712750446572e-01 8.410146708227159151e-02
1.193605229674144766e+03 3.564530588942631084e+02 2.938238336831204903e-02 -1.062376617911255094e-01
2.730979374298775610e+02 6.490343197475648367e+02 3.037385323410006846e-02 -8.729642133375534185e-02
2.569461255523489740e+02 6.592574093440891829e+02 4.788012530475285050e-02 8.739584256088051700e-03
3.137758776637635947e+02 5.346429765044243823e+02 8.217025292756830260e-03 -1.471123057972931712e-02
1.067475779229090449e+02 4.157826708320969828e+02 2.199142720831562814e-01 3.315697089772551842e-01
1.100880435090832407e+03 2.589501008002100093e+02 1.052035371647154841e-02 1.882246860740894798e-02
1.238980515592303163e+03 3.537043570218459081e+02 -2.545700569178221268e-02 6.695072780776055443e-02
1.193770883926010811e+03 3.633169539920632474e+02 -1.163493508416697797e-02 2.714884401706884123e-02
2.633353509400729422e+02 3.910549234072244644e+02 1.270652217087254489e-02 2.671121556817512496e-02
1.154722610913298467e+03 1.694324911200175166e+02 -1.142961360768134232e-01 -1.100849794191138299e-02
1.151241322870180284e+03 3.764575594435054882e+02 8.323637554286580226e-03 -1.953099372551113724e-02
3.047182846483595426e+02 5.752200160326971172e+02 -2.567977059462660944e-02 -3.181934837917541059e-02
2.147681742423075093e+02 7.395714416955576098e+02 -5.635086062362596078e-03 -9.815666920604672156e-04
8.556854659744250284e+02 1.101655886312469647e+03 -1.100891454559833026e-02 -7.844608507657785043e-03
1.031420729878529983e+03 2.197376322757259572e+02 -2.979394752319863837e-01 3.186925073973811973e-01
1.172203575538486803e+03 2.832080605983011878e+02 3.061188148643875784e-01 -1.053161548949677617e-01
1.122543511239811551e+03 3.589391313923125040e+02 -1.730823495633633871e-02 2.857166484310072127e-02
1.108320553284420384e+03 2.927337352895063987e+02 -1.034849752494405306e-01 3.605701568510474853e-01
9.255535215545378378e+02 8.731607028916072295e+02 4.281347795341421958e-01 -1.405120697105498306e-01
2.445677091082628181e+02 3.414769918061026033e+02 1.247041761057901370e-02 2.412768648315143354e-03
1.002255803985375678e+03 1.863517696733305513e+02 -1.423458974540929393e-02 1.007458356644138665e-02
1.136404244903644894e+03 3.570813927962528851e+02 -3.990663238817112116e-03 -3.165212270565622571e-02
2.493840104453764184e+02 6.847742468378995682e+02 1.017802185982094078e-02 -6.828587047081167982e-02
2.267689130051981010e+02 7.226178083520422888e+02 3.224934928952320062e-03 -9.361154933488331775e-03
1.190292432397786570e+03 2.679550679363603649e+02 2.810655626450777045e-01 1.366316028448243958e-01
2.402280752717460643e+02 3.089885420866652339e+02 4.510817878956885352e-02 5.159654059883678201e-02
2.756628849558934462e+02 4.194362079406283215e+02 5.563871918510265857e-02 1.294886608500771530e-01
1.042947366907119431e+03 1.800331797840744059e+02 2.346012663123246966e-01 -4.061597272150327953e-01
1.929454248967372791e+02 6.843348700553560775e+02 7.380412687405524252e-04 -1.949693184997158824e-03
4.651868502345096203e+02 4.560586869455322585e+02 -4.109724488301568640e-02 7.420717177362876407e-03
1.149275813015370431e+03 1.437194896670870889e+02 4.608218642074608795e-02 -4.707022148463124722e-02
1.044672717747166644e+03 2.004200217618536328e+02 1.075891169697452826e-01 -2.380664508452186579e-01
1.122952963198750695e+03 2.338941433202770384e+02 5.146172398274522636e-02 -1.121884616823814601e-01
1.167341003330501053e+03 3.011339685472995029e+02 -1.332076502507656933e-02 4.634203282783881661e-02
3.552803038383152057e+02 5.268670302477238465e+02 -6.652282613976379100e-02 -9.420076905051964766e-02
3.085463723081388707e+02 5.375347929897819768e+02 3.840298376479539186e-03 2.395923310534946518e-02
2.257148559880897949e+02 2.904333081296658747e+02 4.926672042912135646e-03 3.500781201963339400e-03
2.816673133730625409e+02 4.234814984683941930e+02 2.982147792097725181e-02 1.768100786393758950e-01
1.125894009434721738e+03 1.641243385700785780e+02 -1.277227572619455548e-02 -4.392679388110540956e-02
1.113073569962451529e+03 1.769654496966468002e+02 6.299569173337470074e-02 2.467788430380359055e-02
1.121793084827798793e+03 2.917313421690927271e+02 1.040199927518517253e-01 1.957742859767540033e-01
1.243671134196924186e+03 3.006431667737796829e+02 -1.209744969458229069e-01 1.568433676687512601e-01
1.156477717445244480e+03 3.441651421849641679e+02 -8.388737958174997955e-03 4.533239837248151556e-03
2.617997741897621040e+02 6.567316333866175455e+02 -9.567126136179750218e-03 -1.054794019905236011e-02
2.287473006200355030e+02 6.802015134193951553e+02 2.487528994217608116e-03 -5.333349875490183203e-03
2.005859219345794031e+02 7.191467944779386698e+02 4.947044409832826450e-02 -4.659854513086993631e-03
2.817721645270518707e+02 5.172618774465342995e+02 -1.468770254146331278e-01 4.563851770577847383e-02
1.022935555355851989e+03 2.107486697561637357e+02 2.039794664742617392e-01 2.394319061670111271e-01
1.188652093929513285e+03 1.886280751579920718e+02 1.363326654839218909e-02 -4.328196333602818413e-03
1.260059962823653677e+03 1.958565820397991217e+02 1.736166111803478509e-03 -2.318476760383499959e-03
2.716253821414830441e+02 5.501939406268445509e+02 -2.627130998916982207e-02 -8.196407021365205436e-02
2.137399399902942321e+02 6.862375655328088442e+02 9.752653771164838817e-04 3.679175555664723068e-02
1.226887594410761039e+03 3.371818864587013422e+02 4.927872422400823016e-01 -2.839164448655790395e-03
1.120638512852521444e+03 2.719467126242342943e+02 -9.065861881780480636e-02 2.204255835386364770e-01
2.130343935978684726e+02 6.230816836317069374e+02 3.241161591916007223e-02 -1.021797263676769638e-02
2.850780052022225277e+02 5.250864622625575748e+02 -5.031017223124081145e-02 -1.070843329195167865e-01
6.801182549864270186e+02 3.958298206549519023e+02 4.649617336498249598e-01 -1.036778968410544642e-02
1.085794889831326600e+03 2.270384235259535330e+02 7.393069897699205972e-02 -2.623962961750248568e-01
1.054086885651929833e+03 2.886180849321972346e+02 3.454993558617389104e-02 -2.448052230881103339e-02
1.189161946086536091e+03 2.150157964816692697e+02 3.820394556987139478e-01 -1.681710719684406385e-01
2.500790704962846576e+02 5.412537706886157594e+02 -1.001123166593572422e-01 7.002075452263852029e-02
3.022843107794119533e+02 5.370561828572305103e+02 -6.344367604479884959e-02 1.911038298353014420e-01
2.265746927266244199e+02 7.367401135195516417e+02 -1.050639055711144405e-04 -1.615792977548608303e-02
2.822075160969991998e+02 4.704336794041656731e+02 1.337675456543910568e-01 8.223594651545103329e-02
3.120813491220868059e+02 5.001666437327142489e+02 1.005640716757720153e-03 -1.928558664199423942e-02
1.141123019338509266e+03 2.173265976865485811e+02 8.876519775365447618e-02 -1.792141225626373569e-01
1.265756499700980612e+03 2.040666506077401436e+02 -2.871851720177195141e-03 4.284512497260806185e-03
1.216522359024879961e+03 2.706473310638327803e+02 -1.720813691525980571e-01 -2.590825435688041620e-02
2.645936028781771938e+02 5.155058745710691710e+02 1.050352694630651423e-01 -6.356668515927990648e-02
1.061602731479639260e+03 2.728957596740076497e+02 1.628907132244421518e-01 1.974275596986276582e-01
1.171260052446839381e+03 1.861813332103153016e+02 -8.759713833506280189e-02 1.278913475591324511e-01
1.224271026510101137e+03 3.222041272438612509e+02 -7.890313234433367351e-02 -3.801571630784001538e-02
1.220700946509301502e+03 3.456617566754284780e+02 5.033216516626156656e-01 -2.330355107420947671e-03
1.098887067330008165e+02 3.869646890769351444e+02 -1.367821991357303091e-01 -1.288516564169671363e-01
2.486421934657801387e+02 5.240483417904844146e+02 -2.692485455301594777e-01 2.081758492927085757e-01
3.002125649259475040e+02 5.057739041914210816e+02 -3.768267516022143909e-02 -1.345350279239157232e-01
1.078330843971548347e+03 2.034140864643607927e+02 6.533041281670648459e-02 -1.166933609043109207e-02
1.110514453519836707e+03 2.008213196922615964e+02 9.331120061547566735e-02 -1.203989604089563542e-01
1.154997874832404477e+03 2.555774738206848724e+02 -6.465835441982066556e-02 -2.099207354388412938e-01
2.920773276459920567e+02 6.274923816744752685e+02 8.852808553665558050e-03 -3.124137231741935458e-03
7.395567947307321219e+02 9.343870741474235047e+02 4.218950446969322865e-01 -5.971801367513762671e-02
8.580379836018028072e+02 1.101868452423580266e+03 -3.202314416207420900e-03 -5.188615002049862604e-03
2.329380406449340910e+02 3.420591692974805369e+02 -1.756882542028663508e-02 -1.510990697843740682e-01
2.424972509399881062e+02 4.927596694372365960e+02 -2.527522624157135193e-03 2.627942330962338910e-02
2.893113184640267264e+02 5.113511517823887971e+02 -6.318908990063965003e-02 -1.209319799886272861e-02
2.960002560645830840e+02 4.925167350737585252e+02 -5.520379945548505550e-03 8.912538130025333960e-02
1.204912134083176397e+03 2.200819973960097116e+02 -1.773964795163573277e-02 -1.338805054672591310e-02
3.212457455949071345e+02 5.371033574637252741e+02 -3.587273386055011420e-02 -9.181963860256862897e-02
3.470467225535990110e+02 5.019007169905148658e+02 -9.953196757962246011e-02 -1.896193680303554230e-01
3.539211632428445000e+02 5.168577099730025566e+02 -2.489867607831968213e-02 -1.761094618656045552e-01
5.446109450546207427e+02 4.813328503349198968e+02 -5.659894768057256720e-02 -3.028234407527946592e-01
1.085950688793629524e+03 2.173693006053714498e+02 -4.739065179137469494e-04 1.921581396025743571e-01
1.205593469931032587e+03 3.195294108082478033e+02 -7.476136176429690194e-02 -2.063421258796949986e-01
2.592451338438658581e+02 3.782507294928664692e+02 1.917642194290405597e-03 3.403888628647085655e-03
1.123579342659492795e+03 1.827264515319462532e+02 1.824810591339978694e-02 4.168087171909387600e-02
1.126173300393758382e+03 3.048344191259515696e+02 1.019680319913947447e-01 1.728328130607104385e-01
1.239538145720887997e+03 2.965646579083114034e+02 -3.368225143869829630e-01 4.485690429834251480e-01
2.578316335418629706e+02 4.109350004205071514e+02 1.687878789980048755e-01 -3.309264159636882141e-02
2.954240886576898788e+02 4.988665589370901898e+02 -6.482227314854248704e-03 1.177806437782970110e-02
1.045261194794898074e+03 1.653702681019835268e+02 -4.289101474368332140e-02 1.804379146704238601e-01
1.158477344546830864e+03 2.224650459614043996e+02 -4.545836449311637523e-03 -2.564619322534945553e-03
1.331335404007161969e+03 3.202736327855528202e+02 1.364900142407729222e-01 1.795164433848412955e-01
2.535435258759175952e+02 5.828295459311261766e+02 -2.655942904807615337e-04 6.619088257269822861e-02
3.256524659275850695e+02 5.524773141333909052e+02 -1.117376338980907158e-01 -7.692053804707812970e-02
3.227017974404957386e+02 5.598396073414252214e+02 -2.898803242140641362e-02 2.286852351124303573e-02
2.478246858038066875e+02 7.291531870438623173e+02 1.319321392354942842e-02 -2.244085430977646803e-02
7.546750830969690469e+02 9.206731578611504574e+02 3.284758772596079179e-01 -1.455656127955206880e-01
2.623351181071068368e+02 4.540354360741063715e+02 6.310510468268697160e-02 -2.665030145459802713e-02
5.241559068655481042e+02 4.646350930035401916e+02 -2.646338402007586410e-01 2.226845284971044198e-02
1.205880673215981460e+03 2.072661943183659048e+02 1.846299503822860025e-02 -1.887494969783093043e-02
1.115315437533533895e+03 3.634629143619018237e+02 4.329818280599711904e-03 -1.216539987214727142e-02
2.751138063662246509e+02 4.731696791865945215e+02 -2.837224179821262737e-02 -8.290575397419175374e-02
2.719538582329504948e+02 5.122903496847667384e+02 1.462544247734953728e-02 5.960187844944186963e-02
5.256728497154756496e+02 4.969104276960868560e+02 -6.579815005332534383e-02 -6.689302306084954353e-02
9.541190320536521767e+02 1.863225938674341080e+02 8.088393158502071856e-03 -3.165151666969734379e-02
1.029968089727613233e+03 2.284938468645852083e+02 1.779634730463754977e-01 2.754814140258545763e-01
1.155673815260763377e+03 1.811380557290301283e+02 4.444977259115034940e-02 -1.482346893727104487e-01
1.177997340087443945e+03 2.423146181670066710e+02 1.415143607555080507e-02 -7.321749174435510099e-03
2.422013339897343087e+02 6.090614612373639147e+02 8.062389050966345394e-03 8.253514884373203131e-03
2.503068395477732793e+02 3.960011401101614297e+02 3.148115088873737304e-03 3.379495117849273898e-03
1.147270892072533570e+03 3.113271556544347618e+02 -2.640341678065851599e-02 3.663211866462082189e-02
1.224857226742638204e+03 3.000527344816009077e+02 1.241661447491878845e-01 -2.204553046613909884e-01
1.142156860408273815e+03 3.413032088428649899e+02 -1.867857024949444097e-02 1.225288863813223800e-02
1.183388632091762702e+03 3.633018819436245508e+02 1.019073229363433170e-01 -9.958794727948543091e-02
7.233608757439920964e+02 9.580931991538993771e+02 -6.500224277336504649e-04 -3.608955314052764325e-03
2.590126924287032466e+02 3.289359864359063863e+02 2.023581126315272122e-02 8.173823577232854076e-02
5.420017472902399049e+02 4.335330492058143932e+02 -2.227643684049667172e-01 -5.893829128070900841e-02
5.111509741795784407e+02 4.566886821413140751e+02 -3.089687199260180914e-02 8.686965759080749194e-01
1.089779787873303349e+03 2.215973841958933122e+02 -5.269212901708085484e-02 6.648717762554870458e-02
1.078303138143323395e+03 2.979165524445310780e+02 -1.013972463731858779e-02 -8.998584399863927136e-03
1.162879324706458647e+03 1.882051488530307211e+02 7.428849751170218951e-02 2.175923151964046301e-02
1.137412138450975135e+03 3.400284425030514512e+02 1.015563912466177499e-01 -1.724015474454176911e-02
1.221415142743590422e+03 3.654510201253513628e+02 1.354463234125660165e-01 -2.149343939941843473e-01
2.285504115553650877e+02 5.833096296320088641e+02 -9.591175755880547785e-03 4.686105551191336455e-02
2.549234925561977434e+02 4.373414617084481506e+02 -3.494290937362402177e-02 -6.358155554453158442e-02
1.093261279909269888e+03 2.433462176535561241e+02 -3.791576978126333895e-03 6.704925173976378217e-02
1.179598392210579277e+03 1.809249328138299688e+02 7.183171369136358980e-03 -2.557713666023503710e-02
1.161392932594632157e+03 3.071153005439183517e+02 -5.512400817170041295e-02 3.740935115994130644e-01
1.164864814826328711e+03 3.094165933626172205e+02 -7.342780498360157969e-03 -1.532529373594115896e-02
2.160167692625254574e+02 7.004447128396400331e+02 4.511984071506538752e-05 3.141096765515472965e-03
3.416224279382175837e+02 5.231228972467251879e+02 2.588373009816153161e-02 5.637498391811627749e-03
2.814841665204948526e+02 4.758006687972223290e+02 -8.092825426385275023e-02 -7.752733976525878756e-02
3.494406435898677046e+02 5.035857462691203636e+02 -1.930426933039134096e-01 -7.165558105653720145e-02
7.160807182855353403e+02 4.207441043852455778e+02 4.920758609479586876e-01 -1.067090964164568306e-01
1.048229643692845002e+03 2.292708030283358198e+02 2.141733857614175063e-01 1.322827144883570727e-01
1.152552624501553964e+03 2.619992602172229681e+02 2.536851649667255515e-01 2.244604089474790953e-01
2.722086313010665322e+02 6.224752445713579618e+02 1.492262151910968802e-02 2.327302583317229431e-02
2.271155290850929873e+02 6.961121296444550808e+02 7.182485565901212780e-03 1.875958522036095741e-02
2.656563623847969211e+02 3.914478521828656312e+02 -2.362910776316663394e-02 4.728674118393366016e-02
1.908616785486237859e+02 5.383495952367119344e+02 2.818487491321713598e-02 2.577203925797923872e-02
2.882596769890640758e+02 4.311548806128505475e+02 1.690702882628287995e-02 6.105574739086188502e-02
1.132442945425615562e+03 1.445667602656937731e+02 -3.651172836748628470e-02 2.782460954563248379e-02
1.025562200948359077e+03 2.597175964763854950e+02 2.893420246986538324e-01 3.328572922003497081e-01
1.172313601980176372e+03 2.133060499167168587e+02 3.592921377479053047e-01 -2.759181790411637802e-01
3.721363415039316465e+02 5.337163466929345077e+02 -1.732485129351227227e-01 1.702892383337422655e-01
3.223836598804329014e+02 1.099686947396617597e+03 7.073523841995665862e-03 -2.071378954189061553e-02
2.885549181046693548e+02 4.698420764680460593e+02 6.593995853660317152e-02 4.716716177373996011e-02
3.042049046797774849e+02 5.239997751069164451e+02 -4.644412971833844841e-03 -3.401598286300213519e-02
1.068894848295506790e+03 1.550545453659714497e+02 2.553122227342555783e-01 -4.798141942410723282e-02
9.996402938893439796e+02 1.820877137631489404e+02 1.474459874737704124e-01 1.991771138806200381e-01
1.054946421745689349e+03 1.748652530931514946e+02 -7.810676854933262803e-02 1.217005622375126050e-01
1.073243937163651026e+03 1.720522342011107924e+02 1.265914868399022342e-01 6.576912392718839429e-02
1.219665137923936072e+03 3.289667393557996320e+02 1.419515024810607540e-01 -8.568301617295333295e-02
1.218039637536592863e+03 3.715918850876894339e+02 -1.857201824990624972e-01 3.227860756335871883e-01
1.902405012267361997e+02 5.783228743640576113e+02 6.711034965167073270e-03 -6.132645445075013239e-03
3.122752850121662505e+02 5.502425163272130249e+02 -7.440899914919896219e-02 3.947079974793723384e-02
2.458362191728288053e+02 5.022665298060172177e+02 -3.362119810885625532e-02 -5.367969480655195719e-02
2.856557614026180545e+02 5.041685277990938516e+02 -1.030608592208813630e-02 6.876433216108226304e-03
1.078217184165800745e+03 3.028007049980766965e+02 -2.218644433547625403e-02 -6.730338093887490436e-02
2.378976546129095198e+02 6.564266793197397192e+02 4.277988491434017715e-02 7.473526597534095595e-02
2.420015307185978202e+02 7.122470521526975062e+02 8.601052720573912694e-03 1.066700922360218524e-02
8.138809457846757596e+02 9.323190225002157376e+02 3.304272153567480164e-01 -5.261667293514923210e-02
1.103196138358126518e+03 1.611415642490840696e+02 1.245585101225401559e-01 1.689802713717476479e-01
1.059076575146278856e+03 2.242441767301792481e+02 1.217794099493119120e-01 -1.676608488645427997e-01
1.099432836541241841e+03 3.007163873089770050e+02 -6.305582204822712811e-02 9.062092275147648479e-02
1.209546868545857023e+03 3.750097080560313429e+02 9.291054698650214050e-03 -2.942582980100638679e-02
2.545024961651054980e+02 5.535675396666410961e+02 -1.357958715369349534e-01 5.532054199309754949e-02
2.211278123547436678e+02 6.356337401247409389e+02 1.329250191741238041e-03 2.701827818523838687e-02
1.058496800299758888e+03 1.552632251543373627e+02 2.727737632809358881e-01 -1.036609228314862990e-01
1.098097481634885071e+03 2.059959680559902608e+02 5.525551236694679902e-02 3.948389738199905019e-01
1.197968754426600981e+03 2.708140237638291978e+02 8.582391162570145171e-02 7.433048985467719527e-01
2.137186170122626550e+02 5.904637369709735140e+02 2.868556474701173305e-03 -2.904376109807214543e-02
2.006963900563873722e+02 7.039083322219727279e+02 7.463650646140049250e-02 -1.096315528844148263e-01
9.490747022642311492e+01 3.539775217182822189e+02 -2.869116219752735827e-02 -3.294776318858794184e-02
1.388408038553823474e+02 3.955948119239772041e+02 1.197379544196053303e-02 6.582052733055358817e-02
2.560514494917246111e+02 5.082628745225804892e+02 -8.660303879651110037e-03 -1.207331675756696115e-01
5.290258844681777646e+02 4.729684064924487075e+02 -2.291615580989704026e-01 1.821021879970790847e-01
1.055377662927526444e+03 1.808894056798305883e+02 2.208092469631992572e-01 -2.672557027614317349e-01
1.051398933304427828e+03 1.865473772031921840e+02 5.211300591573338886e-02 8.845256217124131126e-02
1.211547277710307526e+03 2.242882406288013044e+02 -8.675857625992952279e-03 4.395931041470646505e-02
1.146290355906002560e+03 2.507666212213935353e+02 -3.312723321729815207e-01 1.560358807547193860e-01
1.306661957102960059e+03 3.335884236864025638e+02 1.971669735942214174e-01 1.003416989419747551e-03
1.191479956627114234e+03 3.903444138261000944e+02 -1.029602595459285473e-02 1.477979036881530740e-02
2.534657927338749630e+02 5.378991450065608433e+02 -1.183241063911140145e-01 -2.174251519157527068e-01
2.991440703694354397e+02 5.902448807759180909e+02 2.230350155349469787e-02 -9.331006763953079985e-02
2.441833633630262739e+02 6.363790026907980746e+02 1.279645879086880635e-02 4.167206125481470735e-02
2.671573976972842388e+02 3.869230845266436631e+02 1.179509881086687473e-01 1.768667707985400739e-01
2.903528791905960702e+02 4.980325558861056834e+02 -8.291874193038210883e-02 2.062639009938038726e-02
3.326712701561169183e+02 5.067600163432817340e+02 -2.132626401203196846e-03 -1.566286096477028933e-01
1.097928306455183474e+03 2.032375093926945056e+02 -3.008420316291449126e-03 4.618584129137275063e-02
2.682779129810381278e+02 7.222392671452490731e+02 -8.464615854893508401e-03 -6.580450336418834645e-02
2.692688958499556406e+02 4.639749881606788904e+02 -1.587711978874892793e-01 -1.195782943350707228e-01
2.724571985052847367e+02 4.829342643462861702e+02 -2.652460235594844562e-02 1.443116293527708649e-01
2.765745322096830705e+02 5.025563207725508619e+02 2.063813500264899403e-01 3.350173248387449121e-01
2.471171073900762849e+02 5.168654768035861480e+02 4.920985585687276398e-02 1.146013023147531840e-01
2.569330060335362305e+02 5.304274268578881220e+02 1.634305747775499640e-02 7.202383530889733265e-02
3.159195373699270704e+02 5.180232503893304283e+02 -8.892438086289189414e-02 -4.760705237004003720e-03
5.098912548187085463e+02 4.629852593666252574e+02 -1.116707349781194125e-01 2.724327098887613374e-02
5.359285859272222297e+02 4.902381504411836204e+02 -2.427980262996243255e-02 -2.230514863379085000e-02
1.130254077350543412e+03 2.221334946447495042e+02 -2.313923278802576533e-02 -5.705164196480438932e-02
1.034963624954348006e+03 2.586434882069697778e+02 1.203850608192169602e-03 6.096734061658537485e-02
1.237986777494972785e+03 2.894446325925717929e+02 -3.961712407016193538e-02 1.633613174073644814e-01
1.119753695737842691e+03 3.140945197232927057e+02 1.880875337860743457e-02 7.724802171935607475e-02
1.299865546635384590e+03 3.539053440376051185e+02 -4.497580904660480883e-02 -2.022828334813766560e-01
2.576533626171909646e+02 5.744291993765982625e+02 8.403303338781142884e-03 2.490888664181056811e-02
2.179822286698154699e+02 7.095600628587415031e+02 1.632259076124142894e-02 3.730450454378342329e-02
2.727762316173710815e+02 4.448385169835377724e+02 2.904642727742157149e-02 2.358721703696460281e-01
3.408368765328083327e+02 5.131017598873995667e+02 -1.424759385443318538e-01 -5.812059734701809782e-02
1.037249211788805496e+03 1.829032474993175299e+02 -3.860885204265590009e-01 -1.143864496517664975e+00
1.094253842548955845e+03 1.800355129970436394e+02 -6.794300906418963837e-02 -6.961707025378889580e-02
1.079754205304080870e+03 2.158293135702028849e+02 2.656517794601616703e-02 1.450379038354204508e-01
1.096908336825573315e+03 2.427296057222996524e+02 -4.072564999645086198e-02 -1.340793667147389956e-01
1.050227794114818835e+03 2.842538290309759645e+02 -3.151816006580550611e-01 6.695354980019677660e-01
1.231961615027417110e+03 3.278405300639280995e+02 1.272299728767241900e-01 1.397384646192942059e-01
1.212570938527624321e+03 3.616711625022361432e+02 2.156628320048336322e-01 8.226412688240240800e-02
2.989341726746388872e+02 5.849729487024264927e+02 -4.052969289513915635e-02 5.471619016729315638e-02
2.554030612713854396e+02 6.897963541767281868e+02 -2.155487088001943261e-02 -2.064793591951759669e-02
9.066537721720899299e+02 8.581014829318604598e+02 1.158663622979550639e-01 -1.171129505011473705e-02
2.760471784992269590e+02 5.225021184459189953e+02 -1.752259720769302476e-01 -2.436989664281554724e-01
2.832565677014846415e+02 5.273522742949338635e+02 -3.174216334858215305e-02 -4.381465641858994786e-02
3.732610935729045991e+02 5.046258222350403457e+02 -4.311826657595929646e-01 -9.982292786511948179e-02
3.850204391699060125e+02 5.080028320030734790e+02 -2.711774718995059175e-01 7.955799357065984623e-02
1.049927238750422703e+03 2.205428909835407296e+02 -1.034473439813154982e-02 2.547113592220853207e-01
1.096322839342407178e+03 3.153235818435871352e+02 1.568529380676864093e-02 -6.442349435511118827e-02
1.155139277292266115e+03 2.477592216047200111e+02 -1.089790512196486816e-04 4.091833764714181143e-02
1.202583176878031054e+03 2.872374450607358085e+02 -2.339723412050034312e-01 1.604533418091023123e-01
1.231891755770527197e+03 2.932373533889187911e+02 2.380639842833716102e-01 -8.330532768911780295e-02
1.321836441377127585e+03 3.307547662735371432e+02 2.923484567687637536e-01 -2.795648156618426583e-01
2.759761181280869664e+02 5.423597713444000874e+02 -6.106625877941951330e-02 5.885064425274322275e-02
3.448995829664505095e+02 5.333830537399492187e+02 -1.910984864252895932e-03 -7.520303393681615489e-02
9.926482287034739329e+02 8.077058420638592224e+02 1.182503755297830139e-01 2.685509790609330594e-02
7.894145273789026760e+02 9.045922740884349196e+02 2.092021672418127309e-01 -1.740905105644969808e-01
2.631572356057443471e+02 3.640389636822919783e+02 0.000000000000000000e+00 0.000000000000000000e+00
2.677380147479056518e+02 3.665594280308898192e+02 0.000000000000000000e+00 0.000000000000000000e+00
2.650748657529814523e+02 5.242070414728456171e+02 0.000000000000000000e+00 0.000000000000000000e+00
3.214146762306660889e+02 5.015217784972610957e+02 0.000000000000000000e+00 0.000000000000000000e+00
3.454599860718120112e+02 5.049883423759645211e+02 0.000000000000000000e+00 0.000000000000000000e+00
1.015168727504527737e+03 2.724381743320214468e+02 0.000000000000000000e+00 0.000000000000000000e+00
1.069911488763198804e+03 2.707167773151547863e+02 0.000000000000000000e+00 0.000000000000000000e+00
1.053340943116487097e+03 2.950847592306712386e+02 0.000000000000000000e+00 0.000000000000000000e+00
1.051780908734155901e+03 3.009518262555373553e+02 0.000000000000000000e+00 0.000000000000000000e+00
1.075011615654964089e+03 2.979297791910201454e+02 0.000000000000000000e+00 0.000000000000000000e+00
1.162474868449351106e+03 2.281302750590886603e+02 0.000000000000000000e+00 0.000000000000000000e+00
1.225004798644970379e+03 3.047219531483795549e+02 0.000000000000000000e+00 0.000000000000000000e+00
1.171893515375656534e+03 3.480501226505376167e+02 0.000000000000000000e+00 0.000000000000000000e+00
1.317052640262341583e+03 3.463813602502060007e+02 0.000000000000000000e+00 0.000000000000000000e+00
1.167678546947472796e+03 3.672561161026872014e+02 0.000000000000000000e+00 0.000000000000000000e+00
2.980949486165480948e+02 6.172804741399056638e+02 0.000000000000000000e+00 0.000000000000000000e+00
3.067635290291254933e+02 5.330911642485986022e+02 0.000000000000000000e+00 0.000000000000000000e+00
5.455129583640077726e+02 5.002184133451147545e+02 0.000000000000000000e+00 0.000000000000000000e+00
7.113420423262271015e+02 8.918144595595048258e+02 0.000000000000000000e+00 0.000000000000000000e+00
5.107264760458934916e+02 1.095886653529702471e+03 0.000000000000000000e+00 0.000000000000000000e+00
