1.346214329909100513e+02 3.805351370241475024e+02 6.873618300804167774e-03 1.463755875922776936e-02
3.032654255313398153e+02 5.784135507225208812e+02 3.494894954415728866e-03 -6.620307983516029657e-03
2.744016810007992149e+02 5.434464545534088984e+02 5.460363800425916715e-03 -2.639856391116910880e-03
2.523370064859587387e+02 4.645319002311026111e+02 -7.238394006319617997e-03 -6.669406541752575211e-03
2.261174849514001437e+02 6.108572185622829238e+02 -2.274828323759445908e-02 3.559017842909576596e-03
2.782938961535438693e+02 5.540952135774851968e+02 -4.935146431349867781e-03 2.776375639836494314e-03
2.335484114445940804e+02 3.615991875056984668e+02 -1.603556979838945407e-01 -2.599510102415844015e-01
3.160530915596909836e+02 4.794609162004110772e+02 2.011643708460037622e-02 -3.798706281289955522e-03
3.188943854550602168e+02 4.681915812881598526e+02 -1.630816299355316787e-02 -9.664742038550306648e-04
5.651666427675842215e+02 3.875783646399378881e+02 -1.383443380577188079e-03 4.121459862255172704e-03
5.623189147501458365e+02 3.830581872452536345e+02 -1.670323798591743028e-02 6.084344934674732787e-03
2.646843399072889156e+02 4.588588009618550245e+02 -2.541241779874499687e-02 -1.214188618044713119e-01
3.085776591012195240e+02 5.008681328747831571e+02 1.855941687308913096e-02 1.867436936593398072e-02
3.309163690396833317e+02 5.312591691537297720e+02 -1.382177432147707608e-02 -2.871773975634328308e-03
3.178018747547495195e+02 4.963034148617809933e+02 -2.942845218284120129e-02 -3.842260606888536767e-02
3.351781414480206536e+02 5.411701578254900369e+02 -3.650339327727954858e-02 -4.316484235635533969e-04
2.774387864491324081e+02 5.315974219062018165e+02 -1.443096114109652661e-01 2.141386562652994666e-02
3.229302279422109905e+02 5.562540088570310672e+02 -1.910501195389220858e-03 4.273896827926634487e-03
8.333001517662482911e+02 4.056058233497111019e+02 1.259641741960489721e-03 2.994019525359173806e-03
7.101063190867863568e+02 4.186019982124110470e+02 6.028770971027095499e-02 1.942089071698632416e-02
7.620333239948457731e+02 4.310585789837782045e+02 3.213705924332375258e-02 2.642194799805639913e-02
1.093473441150183135e+03 2.333635682959177871e+02 1.582468439903437964e-03 -1.739431838768048123e-03
3.238063509105717230e+02 4.892943590882799754e+02 -7.262869185927404991e-02 2.039484416546107418e-02
1.216916315709627270e+03 2.534051549631949740e+02 -1.502760052890963430e-03 -1.308430439816882099e-03
1.195789452340732169e+03 3.700069516850654168e+02 2.023074196758313167e-02 -4.939280297333364933e-02
1.204914654039590914e+03 3.965380211768172671e+02 -4.383143462852182731e-03 1.295314656841011457e-02
2.754056733067810114e+02 5.614601491595080915e+02 2.127911738106228606e-03 -1.288675852003174152e-03
2.026516637035367694e+02 6.599418346381096399e+02 6.479258840018905889e-03 -8.899143701854080046e-03
2.765580006492481289e+02 5.770969546072063849e+02 7.939949289634299148e-03 1.068595406610427928e-02
2.727088429850329589e+02 5.922657068114023104e+02 -1.796126738517303621e-03 -1.377291700993899491e-02
2.678212057725145883e+02 5.969060082444573254e+02 -1.223032044455947369e-02 1.973401156978507251e-02
2.477846273543540576e+02 6.042261156429526636e+02 -1.076184066738731073e-03 -6.671899637130946324e-03
2.803514664034037764e+02 6.015473842768151371e+02 -4.977920565170392518e-03 -1.658949687815506648e-03
2.513845075557042605e+02 6.191612313639751619e+02 1.737038510628738028e-02 8.408190866939458871e-03
2.549047793847742867e+02 6.221960305410584624e+02 -8.909510626317073984e-04 -1.548932211035252728e-02
2.281152790523360920e+02 6.333620583635482717e+02 5.519509985545185959e-03 -5.800317445855308765e-04
2.784903927069537417e+02 6.302832672145663082e+02 -7.893392472759400797e-04 -3.992684387314808514e-03
3.001794349717555974e+02 6.320527638740865086e+02 2.350793468408348026e-03 1.428919244267715495e-03
2.257911696118675877e+02 6.449607307544398509e+02 1.058014498062445977e-02 1.845593943882911647e-02
2.872960702884539614e+02 6.382292388269994490e+02 5.696751157777631136e-03 6.386361052730958610e-03
2.951240981697667394e+02 6.368697421235119691e+02 2.618822306530573310e-03 5.021513174403597485e-03
2.382778994439426583e+02 6.443537017043688593e+02 -5.189515057548593942e-03 5.415003833994176501e-03
2.584737088352759997e+02 6.402311553980755434e+02 1.427016322039808801e-03 2.785155030643623152e-03
2.652932750358695557e+02 6.403336451097125064e+02 1.077991179391520407e-02 5.018814930295856756e-03
2.288318171936186332e+02 6.570614159441782931e+02 6.425909345818642433e-03 6.035644786143255910e-04
2.692449239018645812e+02 6.561053967453639189e+02 1.515093868421544220e-02 4.110122188407137195e-02
2.909956578676582239e+02 6.522712784412331075e+02 -1.858018624880859379e-02 5.292532731454058746e-03
2.776463558667767302e+02 6.579546371651042591e+02 2.414709988588831149e-03 -1.817507347924571205e-03
2.477475985123440694e+02 6.613542795080584256e+02 2.629389906168385325e-03 6.283233895005920985e-03
2.561355108956319100e+02 6.670052427629450449e+02 1.164881893403319976e-02 1.673538479483701116e-02
2.072770273362569071e+02 6.717446589321677948e+02 -6.411131709657778323e-03 9.708065747291935027e-03
2.618385160340042148e+02 6.693802469015447514e+02 2.002636718473375758e-03 5.131616267926846810e-03
1.992249535684719035e+02 6.986678478968334502e+02 -4.432124672632653528e-03 -3.450392142543807095e-03
2.367478458671081967e+02 6.790639421403654978e+02 1.520966219103040296e-03 -3.039987953264577589e-03
2.251658293324130398e+02 6.829957209838671588e+02 -5.424973347887467566e-03 -4.144553599554447361e-03
2.174043582924469717e+02 6.868165320311285313e+02 -6.412549294189843303e-04 -3.825380584086166772e-04
2.329564384370417258e+02 6.873093496698450053e+02 -9.412172615408326629e-03 -8.718984755935904954e-03
2.391182153299610604e+02 6.937055218228293825e+02 5.311971329496089668e-03 8.432880169874184401e-03
2.053416154975531072e+02 7.115572146166641687e+02 2.512865425616143868e-03 -6.848567681892277952e-04
2.783275106890916959e+02 6.872788560484407299e+02 4.751819338969423719e-03 -9.844089902749642278e-04
2.518352319551436267e+02 6.934220688729789117e+02 6.170017282341736442e-04 3.868556705244805254e-03
2.687159429209340828e+02 6.940297347000588388e+02 1.204567057528146230e-03 1.685565522041200612e-03
2.752625433950196907e+02 6.960512905861130548e+02 8.496994476715398828e-03 1.079087763361987438e-02
2.597328934277295502e+02 6.990042943738275198e+02 4.691421558673613103e-04 3.062210902390859624e-03
2.541421401576003234e+02 7.015353648460278464e+02 -1.697889812880863051e-03 -2.123030361548048153e-03
2.466092160795223265e+02 7.078012302950907042e+02 -1.033440495840207834e-02 7.325598570929233583e-03
2.698373062487758034e+02 7.050741231414232288e+02 -4.930864470157523643e-05 -2.237896315551048034e-03
2.611833743780694022e+02 7.102175943925150250e+02 7.513466069497098943e-03 -4.167524104878109377e-03
2.205646433517771356e+02 7.169318171401968129e+02 9.308556259800117999e-03 5.100427994994959947e-03
2.197796819968329487e+02 7.250197377328290713e+02 -2.755340654279154079e-03 -2.326000534901370362e-02
2.354872202461043287e+02 7.263419589457910206e+02 5.096010433294508556e-03 7.836856581723686266e-03
2.622057021468994549e+02 7.266959832858475465e+02 -1.428278795904224310e-03 -7.796966391418947394e-03
2.180696881193709373e+02 7.332999390520411680e+02 -9.653913158066787167e-03 -9.056048964660223799e-03
2.552664936339062081e+02 7.300475184627028966e+02 -9.260958002097975997e-03 -6.863885321353796129e-04
2.371458338346902224e+02 7.363155805295120899e+02 8.080726698862594412e-03 4.987821820066636914e-03
2.197771003279045772e+02 7.498406641493885445e+02 2.057862692639234742e-03 -1.613903668143875508e-02
2.269787484396566981e+02 7.461528995250613434e+02 4.081691995570463989e-04 -2.577355915768253253e-03
2.484814151316744812e+02 7.457144325420694031e+02 -1.273293020735319359e-02 -1.326758442254267339e-02
2.405571280595832491e+02 7.472407016605383205e+02 -2.375043515206586020e-02 1.140551880972353639e-02
2.566497769714975448e+02 7.447798024871442522e+02 -4.067529417466062870e-03 -2.530511436716416547e-03
2.538388036852613823e+02 7.521499436748674725e+02 -6.605443119088751786e-03 -2.566787311614930427e-04
2.457567860948691703e+02 7.540724667531410432e+02 2.055518464881781263e-02 1.843258801960419649e-02
2.498303009621793933e+02 7.605088618497001107e+02 8.374054435270833832e-03 4.299056817837418332e-03
6.343215986153484209e+02 8.220649321396658706e+02 -7.852046387935194497e-04 1.274452576609237924e-03
9.124723051396751998e+02 8.060040557078007168e+02 7.896060552548978678e-04 -6.926878850715120555e-04
4.599948012606417933e+02 9.415596417343341500e+02 2.923224979846765774e-04 2.217675808284670484e-04
7.155105344246945833e+02 8.787996390772613040e+02 3.221330664498937152e-02 -1.766241757504961180e-02
9.066263394078662259e+02 9.232259790943610369e+02 7.475236660154971390e-05 -3.183850706046532767e-05
9.005354391456892245e+02 9.280641761265454761e+02 -5.596162475701858992e-04 -1.858810236535421044e-03
7.083345845424329355e+02 9.915588733619076720e+02 -1.368777599411894787e-02 7.822305273723734534e-03
7.149556692296226856e+02 1.011689521539448833e+03 -8.603424356781736023e-04 1.227300380209595757e-03
7.048830188631693545e+02 1.023785289765295715e+03 -2.677476638510678498e-04 1.120954913758261291e-03
9.829827224050368386e+02 8.456383713502922319e+02 1.980177910241979946e-03 -4.030951214066463839e-03
3.535545642369734765e+02 1.058024335941379150e+03 -1.015044049213406890e-03 2.799332556844434574e-04
4.816846586811644784e+02 1.099082243867745092e+03 4.317926224767815071e-04 -1.221162674120464774e-03
7.044312846936575170e+02 1.036511150645374300e+03 2.360545779358272063e-05 2.500966937050449579e-04
7.518467804400369232e+02 1.067633730222486975e+03 -5.509628457356583191e-05 4.697324127459303104e-04
7.456524349935718874e+02 1.071487541083306269e+03 2.037328894963444804e-04 5.257647580587181905e-04
1.314638780321755576e+02 3.251801090935018124e+02 2.188226631069978539e-03 2.074227318828299367e-03
1.236831769000181794e+03 4.012613760130124092e+02 -9.662153227009634762e-04 2.087612821082309323e-03
8.997912013138820839e+02 1.102179695519984989e+03 -1.342882698313272545e-03 1.408959823423417551e-03
1.165426645214970222e+03 2.392952228855959902e+02 -8.969845845409634604e-04 -1.099563040284916825e-02
2.553598658716945522e+02 7.086564397189279134e+02 8.032754929010168729e-04 1.970902629017752452e-03
2.501503844254819739e+02 5.681464652203584365e+02 -4.395825845121111020e-03 -1.059595690732505896e-03
9.491320098402385383e+02 2.486895825379157827e+02 8.648783560795774675e-05 -3.536863224714561528e-03
1.128690248262829755e+03 3.514803046911014235e+02 3.568703779711711972e-04 2.334902777470470106e-02
2.793067027056977736e+02 6.524430484525705651e+02 9.641209154714902325e-04 6.477728245004478599e-04
1.347658113169023011e+02 4.002007645841262615e+02 -8.717631529237331468e-04 1.564530275867816612e-03
2.341117033627479884e+02 6.673945477393600640e+02 1.433617963723215908e-03 -1.870117956029011298e-03
2.767832731217338846e+02 6.139483400775317250e+02 -1.161718156491489164e-02 -6.065213348705637136e-03
2.311886363845234484e+02 7.788507417981932122e+02 7.529155978370218223e-03 -1.846731728834480292e-03
7.693093829010514355e+02 4.484698729191212010e+02 2.379009326924316770e-02 -1.786456791246271783e-02
2.252815034749455378e+02 3.094075709736914064e+02 -8.266591922460835018e-02 -3.540665773163472196e-01
1.121987964484281974e+03 2.227132418762302564e+02 6.059781144705255612e-02 2.428593367786794494e-02
3.659762084894840086e+02 5.348853000423151798e+02 -1.596589360033558724e-01 7.551336187535494238e-02
8.010675838000180420e+02 8.793056294962042330e+02 -4.521360332870978660e-02 3.442287141723736343e-02
2.488244678825607537e+02 6.741183727920633828e+02 4.560939288412814430e-03 6.976497639831031813e-03
2.143363737109768294e+02 6.385209444582056904e+02 2.882921596502041866e-04 1.421562958605793701e-02
5.727068139960884992e+02 4.548232326125014424e+02 -5.321822830140011257e-02 2.447459749163834880e-02
2.683291071474849332e+02 3.008751846394816880e+02 -2.455405071665865972e-04 7.854374615532726256e-03
9.928732660640612266e+02 2.095747203339588509e+02 -6.036073478214509964e-03 6.637234483841803964e-03
2.124734087836374385e+02 7.505384114021652522e+02 -2.336489756427541885e-03 7.728765091991419110e-03
2.773486434244714474e+02 6.769050794481742059e+02 -8.299186444537779914e-03 -8.016297855508830797e-03
2.919855133331311094e+02 6.482275818283812896e+02 -1.057204416115393834e-02 5.003915332463743711e-05
2.540679896695848186e+02 5.040053475641867635e+02 2.220000520515267792e-02 -6.440576290211844079e-02
2.664479682466945292e+02 4.819404531196892094e+02 1.300132663943252311e-02 -6.568129168188292788e-02
2.032063561638685201e+02 6.353692518364947546e+02 1.268740472874363770e-03 2.445882155759118194e-03
1.043376885213735477e+03 1.927176250292520763e+02 7.399580650554742067e-02 -1.540001480282846957e-03
2.775783691803439979e+02 4.516800924392246088e+02 3.977897624226312684e-02 9.419722168728311695e-02
2.617308601521396554e+02 4.833507209023131850e+02 1.216134218377939481e-02 -6.336744881653459671e-02
1.954956322303692104e+02 6.994805768045625882e+02 -2.852882502591597407e-03 -1.225820871017015536e-03
1.152462755508629016e+03 3.246467343909968690e+02 7.057265802627220828e-03 -1.075103360452624559e-03
2.411740362662883683e+02 3.888729756866942466e+02 -1.117471964120926864e-01 -3.006664728854822610e-01
2.528359666929756315e+02 4.782730661617435430e+02 4.738043704469954015e-02 -6.372727783042927974e-02
2.593642479418264770e+02 4.892958899033484386e+02 2.819359178165361276e-04 -6.920638128306705328e-02
1.123907024601135618e+03 2.674487252130834349e+02 -1.804248153092804230e-01 1.118557636265070793e-01
2.341125849988267760e+02 7.746890798990165194e+02 2.988543832758084251e-04 1.355207122837850248e-02
2.752136323452207307e+02 6.396167062893888442e+02 1.158079623343099369e-03 -1.829143791520427848e-03
1.006740260927512622e+03 8.057242186960163508e+02 -3.153459333115243238e-03 -7.685148584837721807e-03
1.941689291773159880e+02 5.212485032105739720e+02 -4.799508977934818232e-01 1.182604444353602471e-02
2.717788934026863785e+02 4.289740724058456749e+02 -1.503292969059060943e-02 4.782659165159927617e-02
1.205242349548466791e+03 2.281560332632776635e+02 -4.099260638744597549e-03 -1.460166325572283264e-02
2.346491070568042971e+02 7.663596612587072059e+02 6.253802929969431990e-02 2.993029370564966041e-02
4.870619709618577531e+02 4.474039885948561164e+02 -7.641169420544136059e-02 4.082151610898259592e-02
2.310175466821709733e+02 5.752551012105819837e+02 -1.444570870012735174e-02 1.265022578150135427e-02
2.634109749399923430e+02 4.649073957284148264e+02 2.755882758353463829e-02 -6.664684502217682605e-02
2.413830669957862938e+02 5.969861281654174263e+02 6.824731018256350971e-03 1.369783087696278302e-02
7.265500209629850588e+02 4.037831165948509806e+02 -4.187459122343492601e-01 8.433041892718248778e-02
8.349123803176854608e+02 3.231484845817925589e+02 1.106105387534716059e-02 -2.594921394710647186e-02
2.808308976584789320e+02 4.558216297133476473e+02 2.657816141154151213e-02 8.183966516386509404e-02
3.234143749551364522e+02 4.982488822739687180e+02 -9.471305249646697066e-02 5.443542396851411974e-02
1.223985713829526503e+03 3.980178443421788188e+02 9.912450632080184367e-04 9.893364948188808697e-03
2.232753521050098584e+02 6.946376580616134788e+02 -1.019782160920955274e-03 5.424448625585862743e-03
5.543642983370515367e+02 4.332815252169283440e+02 -2.084395379688655792e-01 -3.290326984115145292e-02
4.634044481558131565e+02 4.539049236681346997e+02 7.108943242902605528e-03 9.382747254292526581e-03
2.832067850224084964e+02 6.281570562157157838e+02 -2.628377607951472902e-04 -5.723989994353900074e-03
2.156808353631024886e+02 6.936652241399461900e+02 5.498655715025552084e-04 1.313564697545306173e-05
2.842324607964465599e+02 6.164783327555036294e+02 9.541076383607443451e-03 2.337115688619790729e-02
2.615352359846741592e+02 6.801259606494753598e+02 -3.142409126516920292e-03 9.531174946022078279e-03
2.097928980257619287e+02 5.831081730827737601e+02 -3.943883086134742158e-03 -3.181963734344226379e-03
2.932792178572728972e+02 5.954442569599797253e+02 -1.274337870045043775e-03 -1.565062160805627892e-02
1.127863618567877438e+03 3.620337825952399271e+02 -2.157184254465031721e-05 -7.913852628232712029e-04
4.943217891609698995e+02 4.312476383551417030e+02 -1.822395819227176361e-01 3.769048766540798734e-02
3.313406138701012082e+02 4.953014516855126317e+02 -4.741572683504539226e-02 -4.410637971692168155e-04
2.975351134399049329e+02 5.385819615675825389e+02 -1.221330751517112068e-03 -6.398309564170487698e-03
1.192934786554924131e+03 2.379269087216550531e+02 5.954213957886510256e-02 5.508585166868465444e-02
3.476084471042713631e+02 1.060876112441814712e+03 -2.020504612885935108e-02 3.222056520286005954e-04
2.087601339530409632e+02 6.888954226243888570e+02 -2.003543021328819096e-06 2.754960232943567955e-03
1.209491620097487839e+03 2.610135867715439986e+02 -6.089940816122684474e-03 7.811401886806154486e-04
3.465823925972096617e+02 4.695304686400404535e+02 -8.119080542696219260e-02 4.417808296073592877e-02
2.441010915095544647e+02 6.294702992781183184e+02 -9.754716181281774395e-04 3.364356774998461443e-03
3.542713381367094030e+02 4.864277588315529783e+02 -2.878900295462303097e-02 4.543807864053795061e-03
2.273768773801885743e+02 6.717523007829071275e+02 -6.556094964031388729e-03 -3.590140664575283171e-03
1.250840075704993978e+03 3.646537990941114344e+02 -8.540666002421732446e-04 3.153015282998469608e-03
3.186516479189628512e+02 5.401736915762046465e+02 9.190794987210274209e-04 8.694725791481840507e-03
2.705824666116946560e+02 5.648324152457906848e+02 -7.689379990810298049e-03 -1.365005294517479539e-02
2.989145150072470756e+02 5.810312912186516314e+02 5.756068055150350901e-03 1.556994436333243928e-02
2.421738876285272681e+02 5.132520891853453122e+02 3.927379437358594766e-02 4.401837251330873238e-03
9.693817669707264031e+02 8.443316713688947175e+02 5.889121688423893525e-02 -1.002280312739363584e-02
3.372799728130111703e+02 1.080853461100911773e+03 2.209699029306351047e-03 -7.732425620108890688e-03
1.228463117435191180e+03 2.570872520468273024e+02 -2.427468453513956584e-02 1.033019796925893109e-02
3.345178312876033146e+02 1.060437372074553878e+03 -1.098465061892227963e-03 -1.779163473893862271e-02
3.268748442377240053e+02 1.063063049951930225e+03 5.898750897363760903e-03 3.859660419221195519e-03
1.017542725996995955e+03 8.168857570103551780e+02 -8.843359590911751677e-04 2.838942011377716158e-03
3.013336810341522778e+02 5.500049617313857198e+02 5.036432514069330915e-03 1.112550331884962782e-03
1.150998591896191556e+03 2.466188404510006364e+02 3.277436867806905654e-03 -3.178738242316775982e-03
2.188579588784110683e+02 6.456531239404323514e+02 2.610724774540369806e-03 6.956369190303652618e-03
3.506481920374855576e+02 5.319331793383885270e+02 -8.904134163692155324e-02 1.157197547914363793e-02
2.019423758300647478e+02 5.081899568229308102e+02 1.874476987615532244e-03 -6.407121952887868434e-03
2.416474839766636364e+02 3.886504003437503911e+02 -1.171969010249087478e-01 7.242946438130090647e-02
9.358890875940157912e+02 8.662008394878818081e+02 3.567702031886850200e-01 -1.300981960830833173e-01
3.198049498752964155e+02 5.444132760067079744e+02 -5.956699914475388838e-03 -6.003382451887440477e-03
2.611533810849171005e+02 4.735211449915401545e+02 3.302256967466103005e-02 -4.858922634205067176e-02
2.805906780680213046e+02 6.719164976891405558e+02 -1.730118215177956636e-02 1.370530524509872179e-02
8.239074511871959885e+02 3.496421317012444092e+02 -2.779100461525851537e-02 1.418022475066193361e-02
5.091855563642111520e+02 4.398628363916288322e+02 -2.667064362856240711e-01 7.183861765239746289e-02
2.727450579251972158e+02 4.764155191541739214e+02 5.225222227789858703e-02 -4.597114299912726659e-02
2.028152535709070605e+02 6.769547968001772915e+02 2.168784582775375744e-04 5.281205355452196944e-04
9.568062726363683623e+02 8.382393972534687236e+02 3.549824074615265390e-01 -2.040678759395567199e-01
1.004015637669724811e+03 8.316175822276892404e+02 2.791183078744383442e-02 -1.741291508645050751e-02
1.041580780295589648e+03 8.481005178800380691e+02 7.176826745873794711e-02 -2.015340287836676555e-02
3.166952631155372160e+02 5.481512667107176640e+02 1.133463243479694658e-03 5.610825891690498189e-03
2.482346019045090202e+02 5.867230952379250084e+02 2.812088464618272589e-03 6.399971929261815459e-04
2.465849433183655321e+02 3.709589139932492685e+02 4.545867159753760878e-03 -1.209847529363548444e-03
5.102168363295494373e+02 4.555436918505783979e+02 -1.907088433453910103e-01 6.489431193246655849e-02
2.463332143232306635e+02 4.975755302044065047e+02 6.194528734771674421e-03 -4.899084425008003868e-02
2.561836739070008093e+02 3.468113919386039470e+02 -2.407640397783631508e-03 -1.655865388055878951e-03
1.067917983949710333e+03 1.887444398841814177e+02 1.629908425530125424e-02 8.953036747319437823e-04
4.958497369189277038e+02 4.394771055648532183e+02 -2.055658817788486581e-01 2.066800359211856328e-02
2.584147466990548310e+02 4.466621878787807418e+02 -4.814637313110761013e-02 -1.292145295650949377e-01
2.885302560260893188e+02 6.200042651037365431e+02 -4.485287721284650191e-03 4.037944535485117094e-03
1.170995050978336394e+03 3.846525217661590546e+02 -2.907608560320851937e-02 2.324257197962352472e-02
2.857984420319926926e+02 6.467576119279578961e+02 3.248142437905473905e-03 1.800024616108482269e-03
2.104417848299185891e+02 7.382397596034247726e+02 5.858189976127298188e-05 2.259139576847134148e-03
1.153826472843070633e+03 3.774355742286869599e+02 3.419782553658361462e-03 1.124542964231354213e-02
3.469890649913612037e+02 5.275607704127178295e+02 -8.448106175932713902e-02 1.073581771095627989e-02
2.174145165665283059e+02 7.637589805061609241e+02 3.447120466717868478e-03 -1.985921081239500183e-04
1.230768014297432956e+03 2.431916141074697180e+02 -4.267607733348959334e-03 -1.078582235601907753e-02
2.672776359551593259e+02 4.881370425213580688e+02 2.343985093735211772e-02 -7.012154248861850181e-02
3.376647633163062778e+02 5.504605025969389089e+02 -1.519873527548094849e-02 -4.010437318608844545e-03
2.535032028491779954e+02 4.247731111158059889e+02 -2.348832128812899586e-02 -1.494547392921829476e-01
1.926830827524981089e+02 5.781854493237800625e+02 -5.558256375487565654e-03 2.421832203917981957e-03
2.486297559876281014e+02 3.417256239980674764e+02 4.369120505965093382e-03 -2.592751660095603608e-02
3.247133463827080959e+02 5.259846217993133450e+02 -2.451727519792032059e-02 -2.859034743743571819e-03
2.735662561259886729e+02 5.829173923322148312e+02 -1.821191834746496360e-02 2.428798027661440220e-04
9.854995078757463034e+02 8.276471122107321889e+02 2.823570789828758199e-01 -1.143476743512859967e-01
1.197909596612114001e+03 2.002328799624615385e+02 -2.928683224158388208e-04 1.169147125668105504e-02
1.015180929622151211e+03 8.109962264603960875e+02 -4.719755676982422769e-04 -3.874892055192179826e-03
9.826757954232219845e+02 8.206176860472440922e+02 2.699458686899430804e-01 -1.156832617399616847e-01
2.575515562822769766e+02 5.967555674176779803e+02 -4.655980781755112569e-03 3.923416911974716981e-03
3.049872627151678444e+02 5.070583816919370861e+02 -5.909196022364956308e-02 -5.844954616438511642e-03
2.137058019398832585e+02 7.189297362103743581e+02 7.608281898790278039e-03 -1.223772710457947388e-03
2.958973640492112054e+02 6.108351695588229404e+02 -3.553934986913227095e-02 7.328894235752046737e-02
2.226808038261492015e+02 7.033422311973022261e+02 -6.477182420679405105e-03 -5.926752570114403144e-04
2.658473935692810528e+02 4.717782963016624080e+02 4.555876887040612166e-02 -7.297118872949991120e-02
2.315293749740814917e+02 5.626368976325907170e+02 7.924425752983018517e-03 3.638406461327081415e-03
6.187896743202712742e+02 4.151231684802060613e+02 -5.056120210775231216e-01 9.713561978861098845e-02
2.539423501417589932e+02 3.279466946471566757e+02 1.021101228432954623e-02 -4.036560473905703543e-03
1.074971943218367187e+03 2.076907141931108072e+02 2.679063536862432218e-02 -3.081653609214893980e-02
1.117489497760808035e+03 2.063340327143087336e+02 6.521853845655831150e-02 -4.334729532224392001e-02
1.243951233070685703e+03 3.972984322173170426e+02 -2.296490008714922870e-03 -8.165873846276707274e-03
1.087553837549426589e+03 1.868082653612807746e+02 -2.078016182037059276e-02 2.724096311139041077e-02
1.073044302943760385e+03 1.995717328177034062e+02 7.735756869621608980e-03 -3.732687882363183024e-02
1.168920695878809283e+03 2.465018711385285144e+02 3.424028472708603565e-04 -2.852462663173414023e-04
1.137650386235668520e+03 1.494716871832566483e+02 6.408942618301609502e-03 -2.573389239423063118e-03
2.604713961824091939e+02 4.218135184353987484e+02 -5.720780627065310230e-03 1.810434527748618419e-02
3.035237607544434013e+02 6.234059176676418019e+02 3.732771071221271247e-04 -1.035900808683481479e-03
7.230694775782739043e+02 9.134621795660706312e+02 5.430517587640652441e-03 4.589506838468391972e-04
1.185122932571543970e+03 3.790339913723032623e+02 1.580311237714592670e-02 6.269391649814314363e-03
2.882811948821126293e+02 6.626765702751990830e+02 1.061270087110516508e-03 2.484768667809791193e-02
7.210291529884680131e+02 9.181506536011781918e+02 -4.260969045757596191e-02 4.425272782467314092e-03
2.414382388650790574e+02 6.150648043650664931e+02 -3.993968530313442983e-03 -3.536433012983468426e-04
2.378328570041002479e+02 3.307752939138588886e+02 -2.851082742263079135e-03 -5.205627119160493969e-03
2.434289489661193500e+02 7.361142418208521576e+02 -7.370622835429629406e-03 1.222454755876323544e-03
2.860531688164613229e+02 4.725201036340316705e+02 4.732242346783843007e-02 1.134745486299092998e-01
1.004724099393613187e+03 8.396131148475933514e+02 -1.110490099894251639e-02 -5.153909271537639517e-03
2.602747957345305849e+02 7.778019364557973176e+02 1.478117650144651074e-01 7.360587891870262744e-02
2.238317595254821413e+02 5.633466685796181537e+02 -8.518980165831073047e-04 1.209621945925882375e-02
2.846550572451916423e+02 4.488642111087901867e+02 1.083062178322833323e-02 5.290855115454392438e-02
2.447737166236128132e+02 6.823238033249930368e+02 1.106473099417769985e-03 2.260800164010268783e-03
3.047643944685423207e+02 5.696372605494212848e+02 -2.562751252230442700e-02 7.268004832112615055e-02
2.349950502496535307e+02 5.281246860108357168e+02 5.957867271619496363e-03 -7.180393792692025060e-03
1.197099483881400374e+03 2.252251821076340548e+02 2.887217296550729714e-02 -1.356637202566038369e-02
2.721711726350955018e+02 4.126421149434866606e+02 -5.322267031719957707e-03 -5.067889159344268150e-04
2.459332188798165646e+02 7.168415725088278805e+02 -9.331226216092977687e-04 6.971892516707166136e-03
2.389885576583419891e+02 3.413160565920875342e+02 -4.785908794299347825e-03 1.140325564946610692e-02
1.002449375614246605e+03 8.023524199169195299e+02 1.775983439046789972e-02 -1.275200317014639657e-02
2.421648560806403054e+02 6.726797783833973199e+02 -3.385470583930102854e-04 -3.140662347763876192e-04
1.181400022480470170e+03 3.866276678689097253e+02 -1.414528376615113020e-02 -1.250301286152327848e-03
2.127362782996173109e+02 6.511856044592709623e+02 4.845569811365212955e-03 3.188113346526067539e-05
6.193830146178179348e+02 9.358253006376701251e+02 2.524939646147037836e-05 -2.187018315448812571e-04
3.098742375372438573e+02 5.118981238754021206e+02 -5.376853315965884894e-02 1.773645070731464865e-03
1.122455678917713612e+03 3.329869412707948300e+02 -4.464553319013869585e-03 -6.549722395369249935e-04
3.107726988417005600e+02 5.136102962123833322e+02 -1.904907085532210609e-01 3.308258093589488968e-02
8.552752486390534159e+02 8.655767391793685874e+02 3.941351059954920633e-01 -2.039813170776837714e-01
2.597965796142578938e+02 4.369716357187832614e+02 -6.034750805610322733e-02 -1.009626452477793285e-01
7.250595761949796270e+02 9.766245936650676640e+02 4.464259019585478140e-03 2.359100885117564744e-02
8.567273712946148407e+02 8.778440222844973277e+02 4.526507777796725529e-01 -2.048026548885087672e-01
2.525850963652649455e+02 4.970456261932562825e+02 2.084981693336050365e-02 -3.670324972412939563e-02
8.152961577971617544e+02 8.694147602581692809e+02 1.509464624149865764e-02 -1.777326007905766572e-02
1.267103562140624263e+03 3.887417840109616805e+02 5.237591227999266810e-03 -7.961326860086024443e-03
8.480299198720522327e+02 8.732641140553729429e+02 4.573333887221039951e-01 -1.694484367337488750e-01
3.532251022732745582e+02 5.200520994793308773e+02 -1.730621382201725789e-01 1.174407046606419647e-01
2.094047778988993969e+02 7.234607384679649158e+02 -8.204327445613140979e-03 -8.528709171851051388e-03
8.012723144761682761e+02 8.932462634600800584e+02 3.386669478375187170e-01 -1.332918572828309112e-01
6.251265278879985772e+02 4.244227680692466720e+02 -5.087822575627254373e-01 1.075807555402272381e-01
1.090842019193846681e+03 2.818635975943574863e+02 7.644052098020447258e-05 -1.974805091320394959e-02
2.203044981055137157e+02 6.167872674256674372e+02 6.682494139158565508e-03 1.223975228687759461e-03
7.691057769225940319e+02 9.151474998149095654e+02 3.990602343486423509e-01 -2.069421635970866702e-01
1.160489318508364249e+03 1.414499442446864634e+02 -3.063658547746107098e-05 1.805232485856092918e-03
2.766655743599858965e+02 5.949463028185997473e+02 7.366546087881839684e-03 8.557292675975373963e-04
2.648865838643981192e+02 4.445582700134390279e+02 -3.261306115321684074e-02 -1.127848612929032018e-01
1.211704507839567441e+03 2.136136729683862825e+02 6.319970288381912375e-03 7.482479271796517797e-03
7.688266772473705259e+02 9.232009017150006684e+02 3.797020869921375885e-01 -2.168999114023419383e-01
2.363249576967700705e+02 6.122555845641536507e+02 -4.471957426503784909e-03 5.338973004667071746e-03
2.355990732428787737e+02 3.167217484517971116e+02 -1.519931466581728174e-02 -2.392008397358081056e-03
3.728794516949772060e+02 9.808451865211255836e+02 -4.412236576175104091e-02 -3.009581622941582268e-01
7.438335894389301757e+02 3.780269373629687379e+02 4.497241553011476767e-01 -1.108524905552222134e-01
9.290539978337484399e+02 8.557510730287755223e+02 3.850156095274546719e-01 -1.699666393305397927e-01
2.275308911992348442e+02 6.161795199685245734e+02 6.376429582029639193e-03 2.092606966206547823e-03
1.019271542318030015e+03 2.560087249039777362e+02 -4.958400704590575948e-03 -6.240956651137342243e-02
3.089513295671699211e+02 4.803189519831650500e+02 1.707222593764844490e-02 -1.980913980762208371e-02
5.353039941492875187e+02 4.836044302521974032e+02 -2.660119762598435640e-03 1.125021711651538053e-02
8.527878598034778861e+02 9.061030185816592848e+02 3.609708478287507183e-01 -1.430945157847706428e-01
3.251098316560410240e+02 5.135025905126515227e+02 -1.855783884736032785e-01 -1.568198591054498561e-02
1.074913978402602197e+03 3.175638078454034030e+02 1.033266712486508448e-01 -5.276543237356981497e-02
1.031688447594646505e+03 8.336272967297052219e+02 5.397997591881174145e-02 -2.083347851136957505e-03
2.999450780362131468e+02 5.438741817204080462e+02 -1.062593737388977874e-02 -4.435620344401565787e-03
1.992878552323896884e+02 7.130799855103836080e+02 -1.245933037026951233e-03 -1.262731843521893577e-02
2.589379501986317678e+02 5.003328220671271538e+02 4.606901162036432934e-02 -2.832947497493158717e-02
7.936909795212145582e+02 8.883141970341255274e+02 3.923312069536356028e-01 -2.161258872712965573e-01
2.779171808922505420e+02 4.750820943683909263e+02 -2.006981010387535319e-02 -8.818424222960793979e-02
3.051975432024205475e+02 6.359684359365276123e+02 5.208647621060717237e-04 -7.292186066010934763e-04
7.755083371159552144e+02 9.474608595978395442e+02 5.458553053195448479e-01 -1.815079855296197475e-01
2.944403967824824804e+02 4.130451265644073828e+02 1.833287006970501934e-03 1.204477620471791806e-02
2.612764967088062917e+02 5.125456474711271539e+02 8.214023710186836580e-02 -1.321568125985016495e-01
7.363496740174414299e+02 9.468706015448364042e+02 5.140778262105747398e-01 -1.807985014067924612e-01
7.702608198913113711e+02 9.402434374243807724e+02 5.745589010952759645e-01 -1.578963549043788939e-01
7.914394758184218972e+02 9.042096849579102127e+02 3.065747953664507697e-01 -1.914949694272761460e-01
2.329933098143613677e+02 6.484641205490740958e+02 2.194046293474308934e-03 2.214170450538449110e-03
3.369769746580905689e+02 5.618746943243131682e+02 1.003165546400495121e-02 1.584099835291805092e-02
2.696766845070995942e+02 4.634251441038774715e+02 -1.982951240659706904e-02 -1.174372492382622368e-01
7.415481467376534965e+02 3.939577000487484497e+02 -4.079539822345708555e-01 5.442467531923235458e-02
7.411280877811592518e+02 9.228413442740597930e+02 5.261994096590164594e-01 -1.641864982985536403e-01
9.078032469801995603e+02 8.852991593109666155e+02 3.960860991245071516e-01 -1.998010751060620704e-01
1.080392274838772209e+03 2.695886447233222043e+02 6.461144432414314687e-02 -3.450062647952691769e-02
3.280476293167700419e+02 5.830817822371540160e+02 5.803026623960695803e-03 5.001321414880240818e-03
2.708745348237725921e+02 5.038571520728918358e+02 2.416392482426671026e-02 -9.669074748060188518e-02
2.758364102501064394e+02 5.193398714247787211e+02 -1.209762977220307095e-01 6.084543499685644147e-02
7.304109216433100755e+02 9.352195926826766481e+02 4.989552062311867209e-01 -1.942122992878187737e-01
1.853440661002441345e+02 5.748128153567306526e+02 -1.331727266240407756e-02 -1.077953755969197555e-02
2.567183822945674478e+02 5.555444083803324702e+02 3.935730249074619568e-03 1.582007468282381826e-02
1.429855478419364090e+02 3.928406834447402503e+02 4.573099983685207509e-02 -3.399091209653666568e-02
3.432206835405300467e+02 5.334897493321833508e+02 -5.624150739859742204e-02 3.547774747972418791e-02
2.497016151351959081e+02 4.865940993430087929e+02 2.788893468299206632e-02 -4.349703469959215196e-02
9.909567917490368245e+02 8.505734233999941125e+02 8.037039261228298703e-02 4.550660876318916512e-03
2.561055032189919416e+02 4.881729531232754766e+02 2.397670954217608758e-02 -2.992373605033014569e-02
7.405532813567896255e+02 9.555012725669288329e+02 4.991002374604159852e-01 -1.701630627731003653e-01
1.036388870976546286e+03 1.815199075540961928e+02 8.670535094551728994e-02 6.516230726606775381e-02
3.508634806394739485e+02 4.767229838825302863e+02 -1.414551598318133409e-02 1.895935322243650495e-02
3.291155845270988607e+02 5.175202525022179998e+02 -7.051497891476930790e-02 -7.527027391887429475e-02
2.332197087305882519e+02 5.506012887764666175e+02 1.568262274185677069e-02 -1.451791465117231901e-02
9.181929416056583477e+02 1.102568600710420014e+03 -1.094533251015455348e-03 -2.989140857990416501e-04
7.266194890972891471e+02 9.432048401415768240e+02 4.955030047578671271e-01 -1.976918111822455748e-01
1.138295896299997366e+03 2.919837414704785488e+02 2.742893405337160258e-03 -4.935054592979753324e-03
1.987753656542184046e+02 6.621834838616866818e+02 5.256979578518894414e-03 7.123878176492659184e-03
2.162793003940511198e+02 5.368703130280938467e+02 -1.115550897371196323e-02 9.520199135887186942e-04
1.998986061526993296e+02 5.784270190462452774e+02 5.706824131072161903e-03 1.349493885235874928e-02
1.275724190518561272e+03 3.411009008722189719e+02 6.652415580757937465e-03 -1.304191776739594133e-01
8.307469944275118223e+02 9.057742698412012032e+02 4.259409399593244716e-01 -2.164510889285196915e-01
8.684174949547669939e+02 8.963678277325293493e+02 4.160127820357344408e-01 -1.712498576356179247e-01
2.626911924215943941e+02 5.370941697268318649e+02 -1.106787954967514143e-01 5.176256850817332472e-02
2.506631976530438521e+02 3.068531388775019195e+02 2.272430400770507689e-03 5.056256256781611891e-02
1.889720565464252786e+02 5.067879728543090891e+02 1.041885448717433209e-03 4.335685686950262012e-03
1.055974532336073935e+03 1.697969990879129512e+02 8.742988143792602973e-02 4.131469395461510874e-02
2.475037977286231978e+02 7.023692498962183208e+02 1.933574489265540595e-03 -2.109238155089589867e-03
2.377112040471698720e+02 6.825762688849747519e+02 -1.710319159747874834e-04 -7.454005705096620939e-04
1.167181919304360690e+03 3.657693976944056544e+02 -3.594419732206294467e-03 -1.162817525405140072e-02
3.310633894434782292e+02 5.437508346986484185e+02 -3.292432151621965935e-03 -3.157835214069834237e-03
9.843818586563209010e+02 8.738865430974533410e+02 3.756657282507060991e-01 -1.845476040854788710e-02
3.723520604937094731e+02 1.062159813270036466e+03 -5.930004846325771621e-03 -7.321221202969939619e-03
1.185242638215106126e+03 3.139192101051244208e+02 -2.639305246824922291e-01 -6.131781275420978422e-02
9.738761285494368849e+02 8.524801220058400304e+02 7.402221836005735967e-02 -2.086075082779486126e-02
2.264256395870448273e+02 3.281462638553103375e+02 -9.946977739508414129e-02 -3.858461568139270326e-01
3.335316775528125390e+02 4.866347173886204018e+02 -2.340382650371813922e-02 2.040773523077013540e-02
5.568309798035161293e+02 4.243662520351342096e+02 -1.301183047143868454e-01 -3.965019316126022070e-02
1.156082284300069432e+03 3.441316741125379508e+02 7.233892181926817808e-03 3.288645187877188569e-02
1.131724764291077236e+03 1.563073437476662662e+02 1.697186106360565327e-02 -1.419879548633968917e-02
1.207521809205641375e+03 3.789064910161334296e+02 1.082426459342878886e-03 2.817811353387716933e-02
2.492006056886797865e+02 4.037276847359282215e+02 -7.748687779042705281e-02 -2.314084540771377263e-01
2.837319905173142160e+02 6.893588342128289241e+02 -3.829282272783759815e-03 3.654863051016072392e-03
2.662913529612474122e+02 5.483168390057736588e+02 6.766062862430380354e-03 1.088305193099635762e-02
1.170363681928750566e+03 2.225171109465353538e+02 5.200875895401496640e-03 -1.535074070461368324e-02
1.188820148805782310e+03 2.509799323765537906e+02 -4.644747500938228163e-02 -4.371894855658035178e-03
6.335449711034731308e+02 3.930021452693907804e+02 -5.453855338600639424e-01 1.707983563430376661e-01
3.299699267848552608e+02 4.764594725894671114e+02 -1.916107538035460162e-03 1.356686421906481456e-02
3.121994362429859393e+02 6.043076070911470197e+02 -4.647174162864239899e-03 -1.249711772520595808e-03
7.885726883115695500e+02 3.641857552159602847e+02 4.312387248408071083e-01 -1.392517589262818600e-01
2.347247327588599717e+02 6.258474099204989898e+02 -2.310081444375128648e-02 -1.475467083187230813e-03
2.358119367219619846e+02 7.505865432642069663e+02 -3.747946926964822222e-04 -8.161501085585696341e-03
7.865854247351747972e+02 3.544851211024529221e+02 4.345906521780442122e-01 -1.103399145317223301e-01
1.254667202385492374e+03 2.592051237250473150e+02 -1.618974973858838470e-02 -5.721687916529462174e-03
5.493990183731702928e+02 4.652020400766184594e+02 -1.443049615514792605e-01 -9.889025882590895405e-03
4.944702882746209980e+02 4.725578150647273787e+02 -1.049705829473765312e-01 -4.501104454365560670e-02
2.031922095620851110e+02 7.034766351220756633e+02 -1.552012946005745927e-03 5.205386670725980179e-03
8.268368101518231015e+02 3.279172418555681929e+02 -1.294951303151211167e-02 1.572048057153997355e-02
1.139879800108361678e+03 3.305505328166981940e+02 -8.268559365261704541e-02 8.579481605129285482e-02
2.881576934296886634e+02 5.746222453058647943e+02 -3.444939967122613057e-03 3.886587971073192285e-03
7.272107966224360780e+02 9.614103364113054795e+02 3.813097605159395664e-01 -2.256597965447912080e-01
1.134427461645702351e+03 2.231502911439504828e+02 3.306535310526885485e-02 3.875595291243390250e-02
3.522663573700077677e+02 5.422787812355668393e+02 -3.025962094175955672e-02 2.632015908840354412e-02
2.302809433242893817e+02 3.393833851004030180e+02 -1.064520628856399503e-01 -3.721473736488241646e-01
5.842009242373752613e+02 4.172845200057817010e+02 -3.670475065069483400e-01 6.363288534808109187e-02
2.131401661308398445e+02 7.307853856155553558e+02 -1.920504030568867884e-02 7.696379263803005202e-03
1.127218794838905524e+03 1.664162489894268901e+02 9.796192911539497450e-02 -9.285574376605661151e-02
3.334218600714716558e+02 1.077484290838175866e+03 4.548922797675688905e-03 -4.133547522992602678e-04
1.088386892542087026e+03 2.248512573502978000e+02 1.429198596301290217e-02 -3.468609747029395562e-02
3.393671214357165127e+02 4.806859592838426920e+02 -3.085127703820494255e-02 1.818366070717774771e-02
1.111939096405568989e+03 2.590070491924229827e+02 1.549894590737355138e-01 -1.364428610776950435e-01
1.152800388398882660e+03 2.150713609710153094e+02 5.966760545876726839e-04 -1.665424826377870414e-03
1.967532302544529443e+02 6.895553712153961214e+02 1.391836152084907846e-03 -8.461324301766347256e-03
2.281846085312653827e+02 6.657349643686953868e+02 -7.918107248657957689e-03 -1.823877775182784766e-02
3.447381633517346131e+02 5.014100363139938850e+02 -1.015508146052988975e-01 2.751412916302061265e-02
1.019266152025873680e+03 8.652872514880808694e+02 4.496637755364701339e-01 -7.876818294473740545e-02
1.095865958301858200e+03 2.705496287134548652e+02 5.302874091615977781e-02 5.767098204734674022e-02
2.219717379434472946e+02 6.080943044565476612e+02 6.461520977282616054e-03 -1.411735684107295235e-03
1.176959338947258175e+03 2.193861429127757390e+02 1.675277893000969368e-02 2.091112549534430553e-03
2.769267359651559559e+02 4.402872240822355820e+02 2.147291596718625337e-02 8.101839766450301406e-02
1.167399689867147117e+03 2.140010203763463323e+02 -7.609474872062023908e-03 2.396267502131656669e-03
1.116418623405265862e+03 2.365309840775945247e+02 4.734681501966154539e-03 -8.564222826988602188e-04
2.358248406309975280e+02 3.029899905255581984e+02 -7.951268803364570231e-03 8.034791710508164264e-02
2.156062577430854503e+02 5.815070908421232616e+02 -5.834251729892669242e-03 -1.605220656253352092e-03
2.740009503386087886e+02 3.818825949615813329e+02 -4.268367749618688645e-03 7.959870952923116466e-04
2.639382661271833967e+02 7.021145802210244256e+02 7.273185237330259331e-03 -1.563690311526879859e-02
2.017580108152089906e+02 6.090798647696353783e+02 -7.685401037419843651e-02 3.700054118623826160e-01
1.248891671670980486e+03 2.985923504088622735e+02 -6.689632403758832835e-02 -3.224201931753119255e-02
1.091775264253285059e+03 3.239462559828137387e+02 -1.967608824703113556e-03 3.501984747908346018e-03
5.778951267380281251e+02 4.614644959283086223e+02 -2.681916110857220786e-02 8.526964648131024269e-03
3.273047131987166267e+02 4.648452328793009087e+02 -1.073232323542560110e-02 2.288628431450875043e-03
1.109233002206627816e+03 3.575778592320454550e+02 8.315906677839532413e-03 1.348848326328453903e-02
7.496939850915492798e+02 4.445488038750370379e+02 -1.661606778271440196e-02 -4.664819889755466437e-02
2.920792047473848356e+02 4.498122160078606839e+02 2.412196253829330950e-02 8.117145577495867015e-02
2.440288725082567112e+02 7.633884931194160117e+02 1.461170470719168508e-02 1.686147689170046718e-02
2.181489356148707657e+02 2.944957220513577454e+02 -9.495832792213076967e-02 -3.416584602642139257e-01
1.280630815324924470e+03 3.739534578304574097e+02 -4.785823252650336229e-03 -7.099676305720455105e-03
3.432139426699527576e+02 5.575067286723013922e+02 -1.886656150972273738e-01 1.242992216379666393e-01
8.286289961976792711e+02 3.398510468966798044e+02 2.772499696517444559e-02 -1.273880964948875295e-02
3.575292634193005483e+02 5.189534392691800804e+02 -7.646843795778340835e-02 1.638494310680354282e-01
1.197996858609892342e+03 2.936372630209908721e+02 -1.252037377803795135e-02 -1.338327524600540774e-01
3.492091506508496650e+02 1.091258449978950011e+03 2.202204965420090366e-02 -6.507073197175630361e-03
2.684990289054722439e+02 5.844965832787083855e+02 5.208281272279808444e-03 2.963164171338612124e-02
3.159973749256377573e+02 5.865109397132903268e+02 -4.694484595648704475e-03 1.516551877224322576e-03
1.063126448745546213e+03 3.032895236839063386e+02 -7.202913678624874201e-03 1.122287299134057219e-02
2.404916246843917804e+02 5.599555425390717573e+02 -7.712837616866586622e-03 1.480050589768689903e-02
1.092108920890466834e+03 2.139785473706207313e+02 6.741907125484827498e-03 8.312250600107827514e-02
3.048411309367868398e+02 5.481085812270890756e+02 -7.467629109046333528e-03 1.421757339304768192e-02
1.145230642203673597e+03 2.179983510704661285e+02 2.495525153875914354e-03 3.901925103210512197e-02
9.869175440981093743e+02 8.637470320385622244e+02 3.895861434219165531e-01 -4.346799743318187359e-02
1.025388477404802416e+03 8.265574394424455704e+02 4.524290478953767874e-02 -2.349582533842033312e-03
3.547478801591959154e+02 1.091259502134712648e+03 4.142526311436157786e-03 3.638414069477635421e-03
1.153946940235381817e+03 2.582382270219265479e+02 8.493068469592214564e-02 1.534514479133783638e-01
4.746241620804866557e+02 5.037051335041950892e+02 3.803386025719200647e-02 6.991354174161049095e-02
1.961232100667440648e+02 6.456514560167798891e+02 6.948013708864383053e-04 3.099393828198018178e-03
1.231103979883605234e+03 3.729510431457545678e+02 2.170292851410026997e-03 -8.809128898578797578e-03
2.600544509565528415e+02 7.217878877065155621e+02 2.013917175880727405e-04 -3.340664700825226111e-03
8.905888154301738950e+02 9.144429074879365089e+02 -4.510121840601569176e-01 1.357405756492754689e-01
1.133012939980985720e+03 2.901874714477217481e+02 6.826194961271233458e-03 -5.281334726846850878e-04
1.101971971595452942e+03 2.322665003835870721e+02 -9.210083079643922518e-03 -4.950755265592660104e-03
2.222228983859475022e+02 5.289863680640933126e+02 -3.738878075512869215e-01 1.615685260719196270e-01
1.789058393628404247e+02 6.450544671598686364e+02 -1.920771593689944434e-01 2.980041107503051956e-01
8.921996643578103203e+02 9.053034918999015872e+02 -5.094113749491885335e-01 1.077569190356100909e-01
2.889812038144465305e+02 4.654538356749738455e+02 3.814837675042050125e-02 8.082704285942779454e-02
1.048472466188336966e+03 1.625195000402354140e+02 1.493652874422211618e-01 -1.113870230629363314e-02
2.979898473423603491e+02 6.177627075139843100e+02 -3.745631496097883827e-03 8.728258101737398911e-03
3.136151351293644325e+02 4.911010650849544277e+02 -7.301097050898677776e-02 -2.043194671169446669e-02
4.746904965080578904e+02 4.665271289597184818e+02 3.572719755991987656e-01 -9.724348209033281676e-02
8.805092637698546696e+02 2.217287658861622504e+02 -2.119082521969653261e-03 1.927143401217569843e-02
1.061130602569812936e+03 2.864207989827756933e+02 1.078522854837807819e-02 -4.008243598709815281e-02
2.531632166454428727e+02 5.607229144899966968e+02 -1.370662782674983557e-03 -1.234729617290258354e-02
2.247526300246530013e+02 3.191866923617058660e+02 -1.063922580532588175e-01 -3.761633347763436164e-01
9.124689603322124185e+02 9.040194231625697512e+02 -4.545375288615078335e-01 9.500293136177491438e-02
1.128234597336461775e+03 1.879357424811007888e+02 4.171854643488973752e-02 4.670928207749010935e-02
2.878280317461097297e+02 6.082114135008004041e+02 4.983119314321658375e-03 6.310790586770836930e-03
9.273656295635823881e+02 8.811691348765994007e+02 3.905186274680106373e-01 -1.386852007296470735e-01
2.310663077561989951e+02 6.088720848097407270e+02 -8.223404327896553789e-03 3.079303014697141322e-03
1.127100362525331320e+03 2.872836549171373122e+02 -5.699457126640913689e-03 -5.371511214508304169e-03
2.992017388998080492e+02 6.731791394998733722e+02 -1.373288380984764162e-02 -8.063250816270161811e-03
2.238826198834544527e+02 5.528145021249879392e+02 -1.229659112025015266e-03 1.397709926424237038e-03
3.093011447360684656e+02 6.727510684378329415e+02 4.833779110256701192e-03 -2.697612941976177889e-03
2.491851961444676817e+02 6.483808948728496944e+02 1.413315509317739950e-03 1.490564251279429767e-03
1.096542667818297332e+03 2.045069197180242213e+02 -5.008196055198615992e-02 6.741871054121661988e-02
1.103889840848968788e+03 2.982822449247367445e+02 -2.817511506727536641e-03 -7.276093737282910909e-03
1.168448826843520237e+03 3.398055797175530870e+02 1.405786117195272815e-03 6.111435818821059698e-03
3.196603901255223263e+02 4.886976941724814196e+02 -5.091599960562092492e-02 1.847496414352643029e-02
2.418339623619825147e+02 3.458875078771386598e+02 -1.291565958684648928e-02 8.594846314027487777e-03
1.110612442293854883e+03 3.135552371187289964e+02 1.424851763824947978e-02 4.930158742211298954e-03
2.689297683435324871e+02 3.573429647746681326e+02 1.713056573902349555e-02 3.962456276119576820e-02
2.564922965470554459e+02 6.798203495836593220e+02 -1.740396619889414062e-02 -1.867958131341797279e-02
9.974644562714017866e+02 8.770965549544386022e+02 4.418178276015047312e-01 -6.783860537467208129e-02
9.322939129336632504e+02 8.821544316052265913e+02 3.629900034732561620e-01 -1.380684836711299490e-01
3.130398198029021728e+02 5.331080957662112496e+02 -1.448037316998356840e-02 7.525000890456394476e-02
9.548329246417803233e+02 1.778386415106800200e+02 5.595371761627224638e-04 -1.463087469402927349e-04
8.198259560970622033e+02 3.677946273825197068e+02 -5.040397035454667884e-01 3.121385230919217491e-01
2.898770084985342805e+02 5.451911129577681550e+02 1.866542206238814422e-02 -2.680470436377330005e-03
1.056578322118786900e+03 3.273014319979655511e+02 3.170332832063254003e-01 3.132875419890793212e-01
1.105472594483935836e+03 2.550099010773406860e+02 1.057764378919394954e-01 5.237940309484571955e-02
1.120506262052035026e+03 3.136151389296729235e+02 3.376460504429616705e-02 2.703079551587065678e-03
2.944738222084576478e+02 5.613505397409865054e+02 -9.018038455564585110e-03 -8.702453677967854351e-03
2.030235528832554053e+02 6.463267241862311039e+02 7.490222942764564597e-05 9.213862210269398861e-03
2.087115065990996641e+02 6.101820440231970224e+02 -2.073417258229355922e-02 3.923303247770806162e-02
1.100733452111877568e+03 3.122657002728450379e+02 -5.924437322288338874e-04 4.448202256292074427e-03
1.191993939838921051e+03 1.801194570214040880e+02 -1.359999213171717881e-03 1.101784916026041748e-02
2.238279959659533915e+02 6.219330874789501422e+02 1.932365491973959265e-02 1.324770523723879656e-02
7.531797210172280757e+02 8.453056864169715254e+02 -1.157768732437349695e-03 1.364153561091892893e-03
1.290813653624577000e+03 3.425247812575888133e+02 -1.486558326739781388e-01 -8.296601831305638886e-02
2.885658154677925040e+02 5.178226979844729385e+02 3.570463665101728315e-03 1.538954487696376182e-02
1.082520645283261274e+03 3.393886124179424542e+02 -4.741456365065622319e-02 5.079951516501575448e-02
1.152508506628698797e+03 2.934616071084377609e+02 7.149681877556327003e-02 -2.975292573360644940e-02
2.700618141447732228e+02 6.659963590909832192e+02 1.024782727327392664e-03 -1.092281347158260973e-02
1.166315757869552272e+03 3.522089896858425959e+02 -7.800650498254098689e-03 8.649336181935435991e-03
2.568831391952496688e+02 4.037217025041607030e+02 2.351666666789097027e-02 -9.882551540201374787e-03
6.733266747055997712e+02 4.963165357423141018e+02 -7.158620419262985311e-04 -5.052572545613800634e-04
6.914869611584203994e+02 4.188580559041057541e+02 4.693046693620080978e-01 -1.518021580905244972e-01
1.206404175723747812e+03 2.453186652744232674e+02 -1.986972350883067090e-02 1.898583796914643865e-02
1.082233731886317855e+03 3.021463621745875798e+02 1.535339751644462097e-03 -8.821715427008131050e-03
4.710184140279269513e+02 4.363800830747347277e+02 -1.888850207142049598e-01 2.296143790481617458e-02
1.060137865347031948e+03 1.909281068420283702e+02 -7.641060273841719999e-03 1.076817481329472026e-01
1.136678705403231334e+03 2.034357761760222729e+02 2.214637071157391640e-02 6.870041391343109302e-03
1.080387416402620602e+02 3.965631518759589085e+02 -2.890279625590354978e-02 -1.431125496544879798e-02
1.216418825665582062e+03 2.432238715591120410e+02 2.239929943080409824e-02 1.004804972054443579e-01
7.279853566703179695e+02 5.257103119975205345e+02 -1.572428866191078400e-04 2.294895574667600753e-03
3.096117283926221830e+02 6.161752912666455586e+02 2.189225108938584220e-03 1.019827164942051917e-02
2.092065188447333810e+02 7.474195135620230985e+02 1.530348420876471646e-02 1.617122708820590074e-02
2.782114836198064154e+02 4.838017585023293918e+02 -5.838729356538511356e-02 -5.264990072205623373e-02
1.131822908460032522e+03 1.501808150004821414e+02 1.944310269075433945e-02 1.206507923663114289e-02
1.179316322344649052e+03 2.564914725297267637e+02 1.463053250517987181e-03 -9.931151310924502332e-03
1.136538071926427165e+03 3.582713084238554302e+02 -1.150814616700028964e-01 -9.741920860763779444e-02
2.274733312359017532e+02 7.294272911498297844e+02 1.281428914159765502e-02 1.155654266009457053e-02
1.159862220917656032e+03 3.682263061979471104e+02 1.177335183407680896e-02 -3.115460606532863622e-02
1.517904253116792290e+02 4.546889743309085361e+02 2.120333019846465470e-03 2.790258807927370726e-03
1.078518760816054055e+03 2.217252181102837483e+02 -3.798648217615673158e-04 4.410806964597945544e-03
1.196077898486834556e+03 1.865239308754353260e+02 7.946264202626768637e-04 1.272166888099664477e-03
8.554008918193536601e+02 8.940342365783948253e+02 4.156335418546932003e-01 -1.613692808216523333e-01
1.102922467699779418e+03 2.896743562060025283e+02 2.048729181697441643e-02 -3.398979905692851855e-02
3.536582873417592623e+02 4.738887680640018516e+02 -1.955159944107763559e-01 9.222074219512660029e-03
1.162039933103483008e+03 2.449255628099161299e+02 9.020181103305911080e-03 -1.737281467738021473e-02
1.094936941840031977e+03 1.588429196887009596e+02 2.288606912306796748e-02 -3.210746525245929822e-02
1.131490020851867030e+03 1.939358549336062083e+02 4.516332642158589483e-02 4.058662819201123290e-02
2.458559259271048631e+02 3.100160964373186516e+02 1.084016078367860958e-02 5.457276213918915014e-02
3.023208942725173642e+02 5.006734704211223743e+02 -2.387931873271113489e-02 -4.745425719016511945e-02
6.587754895314094483e+02 4.237259320421199504e+02 4.673045134088016916e-01 -1.589571796038734552e-01
1.161171230843098328e+03 1.842229246839866335e+02 7.056748134545438866e-02 -6.174757644378847665e-02
1.166064464892292108e+03 2.836692377599404722e+02 1.113762402459371470e-01 -7.123685858079337012e-03
2.653529016521391668e+02 5.583971005730139723e+02 -5.004820421174714130e-03 2.963640649420765452e-02
2.358150696886916080e+02 7.568970036799137233e+02 -1.256086493165950359e-03 7.376570437109326861e-03
1.156285657473399169e+03 2.391474854818009987e+02 -2.396743417924620048e-02 1.031827309930994641e-01
1.091483264789902250e+03 1.725152460344732788e+02 3.552982792761627540e-02 2.299244594324773364e-02
1.105984267257196279e+03 2.125655000985760239e+02 3.028960121185146973e-02 1.215619650564025121e-02
2.775376331491516453e+02 5.030123877545713071e+02 -8.102019422237012602e-02 3.916146770832188567e-02
1.129479874640099524e+03 2.172312854377021267e+02 8.325285330387585669e-02 -7.474481456500937926e-02
5.106313350833070785e+02 5.020150419295954975e+02 8.439697268477681924e-02 1.268730826958719936e-02
1.148464389520766190e+03 1.403397923481504677e+02 5.763712461561956019e-02 -1.120902860979599985e-01
2.846643883994697148e+02 5.862013608653960546e+02 -1.769473170344495680e-02 1.053509097972991047e-02
2.352628376282767135e+02 6.000083935537978732e+02 -1.798638707709183113e-03 4.228007962596355696e-03
1.330044696498388930e+03 3.214946736105596869e+02 5.861903782547730341e-02 2.025893394082429739e-04
1.204435007422358240e+03 3.446684466012577559e+02 3.077916512118706455e-02 5.033281577903207793e-02
2.429542975750585754e+02 3.241359561143354426e+02 2.179509446868973296e-03 4.414950772352335684e-02
1.170142958084419433e+03 2.548928316035433852e+02 8.901230708535859751e-03 -1.888541520387147440e-02
2.605194021198630026e+02 6.100180806052444495e+02 -3.598157452369612087e-03 -5.128384507116553331e-03
3.379862238631546347e+02 5.373278125553703148e+02 -7.283738825079560941e-02 -1.184034337863369354e-02
8.339780209750128961e+02 9.141625178173550239e+02 4.263244035559281553e-01 -2.266283394052199529e-01
3.031373459735104916e+02 4.930399008215805452e+02 -5.623702030031960120e-02 1.122850306893947124e-02
1.122244346456000585e+03 2.433708604386053480e+02 -1.443335025514177593e-03 2.064373670292592861e-02
2.490778768141346973e+02 7.202289622593764307e+02 -7.766850017983449421e-03 8.370721742668894502e-03
2.668887400688967091e+02 4.192504704116384460e+02 1.724220793091256129e-02 2.294292873931296287e-02
1.040965273358849117e+03 2.734672990830622439e+02 8.580500521460103502e-02 2.632027937465101219e-01
1.061545185755554940e+03 2.580759542366291157e+02 2.356066492914349053e-01 -1.800031909990965073e-02
1.172590210595797089e+03 1.769538473255917381e+02 -2.730076722282364851e-02 -5.436246456241070578e-03
2.872565634481429129e+02 4.988653237737471500e+02 -4.740320971555855856e-02 3.860550109076448747e-03
1.135606351667943045e+03 3.293351676765404363e+02 5.030772090920814475e-03 1.053651722694405948e-02
2.677888072658361693e+02 6.043722336043704217e+02 4.845017349359547441e-03 -5.757713563898190536e-03
3.127612559588759495e+02 1.071970682116800390e+03 6.491046280561053872e-03 -3.058703698233068875e-03
3.010934894535590729e+02 6.380704249003567838e+02 -1.097553042868212045e-03 -4.866689531746208261e-03
2.686780655268287887e+02 4.351806358507905657e+02 2.286927214386410070e-02 4.568926185808804691e-02
2.827591849846551781e+02 4.757712781521189527e+02 2.332870921468620587e-02 1.101022184792881387e-01
1.292079375016804988e+03 3.333935565624923925e+02 1.545312463553799864e-01 -2.455469520033363995e-02
1.072477884386265259e+03 2.862661074023326364e+02 5.708740265524986368e-02 -1.271087307860580516e-02
1.305350489843081959e+03 3.228994448030134095e+02 1.819598901366332733e-01 -2.106976785568696019e-03
2.082709525866206377e+02 4.897505952747637821e+02 -5.133964280389028811e-04 -2.670039019144136716e-03
9.094997656960028962e+02 8.921684914088970118e+02 4.038281035710566957e-01 -2.159643453114801770e-01
4.863327426560343838e+02 4.689248919712930501e+02 4.015477605960516283e-01 -8.648247459939059634e-02
1.143021056420123159e+03 3.193557463865496970e+02 6.330849280697528093e-03 -8.334530675608563602e-03
1.130812120270195464e+03 3.086271701364894966e+02 4.437201661754794357e-02 2.787403776996467616e-02
2.567698454736078588e+02 4.327206845651012941e+02 -1.126882841531492985e-02 -1.422019517998973637e-01
3.081920232023508106e+02 4.593760844699120867e+02 2.899355421014111756e-03 -3.313143903310469558e-03
1.025298213856828170e+03 2.272472134228896437e+02 1.354688798215526180e-01 4.226554382462694437e-01
2.669099407667379182e+02 4.493698844017414444e+02 -4.119053334369932734e-02 -9.208035904527372972e-02
1.135597394391231774e+03 3.330921178630356394e+02 -2.925816301001867990e-04 6.483800748768961397e-03
3.662458021043264580e+02 1.097009714517864950e+03 -2.122977104406935205e-03 8.012983587030987620e-03
1.997301539057497166e+02 5.950546922482940317e+02 5.923521464664407987e-02 -1.093955148226672114e-01
1.066697373501892343e+03 1.779051753016721023e+02 1.039811900287072599e-01 6.795863052625064626e-02
2.082134130187625374e+02 6.255268838463464363e+02 -1.418997466252073158e-03 -5.656699168048587474e-03
2.651902536290674561e+02 6.867694281017190860e+02 -3.968710700294172987e-04 6.541741069582659085e-05
2.955957775838035673e+02 5.037135388556405928e+02 -2.055925494293225908e-02 1.859752320755903715e-02
1.203912271083697306e+03 2.023318951919364395e+02 -1.877387502015765916e-02 -5.026372381808195955e-02
3.385217174847515480e+02 4.864052733019574930e+02 -6.193844722118494600e-02 -5.655786186842774212e-03
1.109236196965628551e+03 1.641778420286956646e+02 1.051907037213543894e-02 -1.545546017795144667e-01
1.108527308457916888e+03 3.299956409992615818e+02 -3.608206783250316688e-03 1.716443076605686860e-02
1.096729436776274952e+03 2.969661871028192763e+02 5.401731387310334739e-03 -9.593834292023994265e-03
3.148570235444805689e+02 5.667265589955844689e+02 1.034588064155763894e-05 1.815584981302256068e-02
7.246201841261756726e+02 4.009555695004203244e+02 -3.988878373902840502e-01 1.112373615338034111e-01
2.353930225957269613e+02 7.054376739136633887e+02 3.553543352655980526e-03 1.707306352868681945e-02
2.328046973616023081e+02 7.473367719532167257e+02 1.574688465560323408e-02 -1.412552154252325921e-02
2.480853677402977837e+02 5.983638007894345492e+02 -4.905324463679069501e-04 2.241846476995126153e-03
1.038541478796587626e+03 2.832402240254048706e+02 5.224393172435463223e-02 1.838119706052434854e-01
1.108863601994037708e+03 2.801595498834115574e+02 1.830344238151786207e-02 2.178448903574104964e-02
1.179837108941589349e+03 2.287256534084020529e+02 -1.901977020404524085e-02 1.750113849528174281e-01
1.126285840971774860e+03 3.347086305506213080e+02 7.893474452799583352e-04 1.508769364089529224e-03
1.136722932759699461e+03 1.885448350350440592e+02 1.251048969398463676e-02 -2.165295617243596232e-02
1.034426427798481427e+03 2.132887511086444761e+02 -8.036059844612011838e-02 2.604607340685143740e-02
2.918822055445899650e+02 5.857848456341174597e+02 4.156596671813225091e-03 4.944479641801197839e-02
2.307680427855229652e+02 7.103555439419316144e+02 3.123935287976114302e-03 -7.143076136693401329e-04
1.114805247251002584e+03 2.656486789731321778e+02 1.368718898193262701e-01 -4.469481159377223373e-02
5.854202018896312438e+02 4.308282216904439110e+02 -3.972111858212066804e-01 1.062088235535246922e-01
2.720739261705319336e+02 6.478526394496827834e+02 -4.921733405761206069e-03 -1.666349117137412225e-02
2.635563647105042264e+02 3.955921342945863444e+02 6.229090842508651013e-03 3.988344755685888782e-02
1.152477078807264434e+03 1.626180667462988652e+02 -1.034608858905659498e-02 -3.037855001469770208e-02
2.146488152227291266e+02 7.402888634313144394e+02 -3.289468169077117143e-03 5.767284134880229507e-03
9.814794963400775032e+02 8.678095421439902566e+02 3.801127557216472663e-01 -3.813162104602225294e-02
1.927024376739535398e+02 6.855446771198320448e+02 3.977771438927236308e-03 3.097419768304426283e-03
4.660199354546735435e+02 4.568740264303906997e+02 1.210436727081845576e-02 -2.542445864808897619e-03
1.177047209411632593e+03 2.952975729628775525e+02 1.090764991532402195e-01 -6.675206198271423086e-02
3.404368004656167273e+02 5.200687898165056140e+02 -1.253359258696699619e-01 -4.524415729764147409e-02
3.082100504542095791e+02 5.376556207035193893e+02 5.206500775493127803e-04 3.086858062236180885e-04
1.114124649773480996e+03 1.811609736848379271e+02 1.433975984939321949e-02 4.509048679571436152e-02
1.241839413751761413e+03 3.097254634478926505e+02 -1.539028061048417981e-02 1.149484887987725461e-02
1.995522350859899916e+02 7.207150540883769736e+02 -2.178123725780136202e-02 -1.111091421875253123e-02
1.259928819735360094e+03 1.959674628888934649e+02 -2.232990629055517438e-04 5.626120623246336130e-04
2.731290504933976422e+02 5.535576749056693870e+02 7.198660193874856228e-03 4.989900234657416132e-03
3.028564042587328800e+02 5.403687757238340055e+02 1.064314652329033904e-02 1.889438542265213516e-02
2.734615924452409104e+02 4.898953282724695555e+02 2.094174284446459131e-02 -1.439607376503357350e-01
1.173217593374650050e+03 1.872236528902507473e+02 1.662005004189466215e-02 -7.247403017009000463e-03
2.577537395271320975e+02 3.763374782898127933e+02 -1.635467100323460474e-02 -1.431562653353054930e-02
2.582020602968887601e+02 4.113806498795758557e+02 1.002650847108934803e-02 -4.809806962914918611e-03
1.047649839798655421e+03 1.714740204845500386e+02 2.755482560805695702e-02 4.080388471709397134e-03
1.157708650874000341e+03 2.215641817035116219e+02 1.571201359032928322e-03 -1.490624894834065295e-02
3.240512702919772323e+02 5.605128520643854699e+02 1.316869974200449329e-02 1.204373649811443922e-03
2.453931570824409505e+02 7.289073954734803920e+02 -9.345444933513975816e-03 9.220959520991240527e-03
8.039063946094863695e+02 9.034355624346197828e+02 3.537173508259017773e-01 -1.007016611358035330e-01
5.065306184274353996e+02 4.759416964193265471e+02 -8.624061623589796000e-02 4.470241984886298009e-02
1.147985636576075649e+03 1.773844574757111445e+02 -2.927920449693005231e-02 -5.890969816687259553e-02
1.177972996722140579e+03 2.425335553809688349e+02 5.361475266668229260e-03 -1.444950183496792641e-02
2.420485631971307328e+02 6.101149967940027636e+02 8.999318938960398440e-04 2.585941529620714927e-03
1.182358401245980303e+03 3.627405461994638358e+02 -1.127119366881040868e-04 -2.264401492922532566e-02
1.078443389810963708e+03 2.969322360331067898e+02 3.310972650619042282e-03 1.097365016956961979e-03
2.459624650047125556e+02 4.026755114541366538e+02 -5.805719797880717209e-02 -2.543101091797220770e-01
3.416480507863722664e+02 5.233957376655256439e+02 2.763582075958608431e-03 -5.235396973546920830e-03
7.836424181907331104e+02 4.092345531214170933e+02 4.496642600087429331e-01 -6.531193274152244377e-02
1.172753446283197491e+03 2.893527624439950046e+02 1.287915929558696715e-01 1.233744141597795385e-01
2.699523691618330190e+02 3.928566203752498609e+02 3.777911081664961368e-03 2.640630773486698016e-02
1.033227399113381125e+03 2.892394068255248385e+02 4.184671445149307223e-03 1.458952493551553542e-01
1.077063422062474729e+03 1.792608216130417418e+02 6.211444587823523183e-02 1.249701164168164069e-01
1.215052022093413143e+03 3.822952914879332980e+02 -1.472553877463292187e-02 7.405457652349595188e-02
8.697930005136076943e+02 9.089668656844658017e+02 4.055612930147574624e-01 -1.609059675358607555e-01
2.214608949301244820e+02 6.361180230784855212e+02 3.435648068424730639e-03 5.314053089655812294e-03
1.102321784102844731e+03 2.045702319229374666e+02 7.285472554553287274e-04 1.688420469721568090e-02
9.436184092129595058e+01 3.523494476170077974e+02 9.799494619598487707e-03 8.628427752734126044e-03
2.683373478504823879e+02 5.229360541673900116e+02 -9.500593783478858412e-02 8.107830674119705094e-02
3.024815666216976524e+02 5.258675747419061963e+02 -7.986368543465113823e-02 8.138434520992407495e-02
4.918810584274289681e+02 4.596237764665228269e+02 -8.067065661692529588e-02 -9.130444272475719825e-02
1.100333373045498092e+03 1.733974685414155203e+02 7.056498953589779299e-02 -9.239547021405881966e-02
9.586305578307735686e+02 8.321000848846947520e+02 3.455533950557738154e-01 -2.022773107472698173e-01
1.157669126726579407e+03 2.494461941451690734e+02 5.456503490098713050e-03 9.358973257562156964e-03
3.386915817914198215e+02 5.317191003666583811e+02 -6.299056087975049567e-02 -1.959354565747837770e-02
3.130509810710317424e+02 5.045497802536140171e+02 -4.979478525276061218e-02 4.668768983855846322e-02
1.014745526516199106e+03 2.544251353364113299e+02 -3.346525531004646437e-03 -7.724038090179452531e-02
2.099750160062172881e+02 6.165873028767208552e+02 -2.059417301991896612e-02 1.997449437950907236e-02
3.071869924622691883e+02 4.906703920843642663e+02 -4.398073661759711872e-02 2.807734035748058691e-03
1.225113867520990425e+03 3.695620165443025371e+02 6.814523882064016727e-03 -2.273209388319948239e-03
3.593862444077266787e+02 5.240308370208301767e+02 -8.429026452117818757e-02 1.792780864539949004e-01
7.064497757265069140e+02 5.827691338266663479e+02 7.652872134055749970e-06 -4.559716850483502967e-04
2.813840092320810982e+02 5.212773537835912521e+02 -5.742316555422393755e-03 4.270218293949354545e-03
1.018696146378789081e+03 2.006556729018726060e+02 1.944842874870393590e-01 2.751403871647308819e-01
1.319381471047356172e+03 3.420627020833910592e+02 1.431147645947782321e-01 4.468465186176832221e-02
2.840801517120062840e+02 5.665281294368045337e+02 -1.297585143827471171e-03 5.447615698573268946e-03
2.490961464714108615e+02 6.860459126866182942e+02 6.507544163187588965e-03 -5.561066379065175008e-03
2.490508561546510578e+02 5.359305528749717951e+02 -1.719983898132890210e-01 6.764314478346360182e-02
2.563978759195509838e+02 6.315581541177398321e+02 -9.670137107188074913e-03 4.434426933370208372e-03
2.449219689726002684e+02 3.330230594810090565e+02 -1.707077261706820915e-03 -3.649919959659846808e-02
8.793674379514720840e+02 2.143081227278754568e+02 -4.588115602590472127e-04 1.486816818845316211e-02
1.060814174511763440e+03 2.787817722105592679e+02 9.230662988349902509e-03 1.327817911438313250e-02
2.895290799007524356e+02 4.719342446516633913e+02 3.362514602306452410e-02 1.174243139082343790e-01
2.596956588010339715e+02 4.559308977122257147e+02 -2.203266886314764542e-02 -1.075563482118599146e-01
3.157222692010726632e+02 4.715099915746088755e+02 2.287479767154581775e-02 -4.028385363545063103e-02
1.018232407712624081e+03 1.690404870043095684e+02 -9.278572343989686250e-03 -1.531630792476532110e-02
1.208641767003919313e+03 3.571601461464590557e+02 3.714881173120582192e-02 7.116078875559884998e-02
3.180655544985750112e+02 5.304221500421544988e+02 -5.764115230992348723e-03 -9.202737660862202532e-03
2.644889579233142740e+02 7.098077341640513396e+02 -2.091671994883830075e-03 1.333145114701869954e-03
8.548539905954589813e+02 9.116577561977396726e+02 3.620925036852951640e-01 -1.728967279262579315e-01
1.154532874391610221e+03 2.054590430786853972e+02 7.144817881831697429e-03 -3.013938377751227901e-02
2.447323013491781865e+02 6.503234423610394970e+02 3.608422102089299706e-03 5.998810222787133613e-03
1.063020921409820403e+02 3.620627079744413095e+02 5.031384717080464091e-04 9.325709102637516059e-04
1.083465516045678669e+03 1.903347199028224850e+02 2.527650264562340821e-02 2.192106550399157069e-02
4.470673680233280152e+02 1.097494384127215653e+03 -3.976900905241285145e-01 3.266958766555512761e-01
2.841968936820622389e+02 4.901036614071061877e+02 -2.857638228364845715e-03 1.251830562399821045e-01
2.656524367489858491e+02 4.068176849877784207e+02 -8.011846727313668912e-03 8.496961595692100605e-03
1.064499316384964459e+03 2.288910502348796854e+02 2.990144854853533235e-02 8.065784312626726044e-03
2.265491851226594520e+02 7.566382470656610622e+02 -1.083819912366271914e-03 1.601203403175973337e-03
2.855403815540800565e+02 5.973773157761594348e+02 5.957835490820267109e-04 -7.870002551357228177e-03
2.342190723328195077e+02 6.348664828964778053e+02 1.028844706376003636e-02 1.627319883176360157e-02
1.183948828415533853e+03 2.474311243882607982e+02 -8.563944430984566161e-03 1.495010926211986189e-02
1.227550668844468419e+03 3.280619308667998553e+02 4.049493312464115535e-02 1.991071796326837617e-02
2.250425842611002167e+02 5.687912653030855381e+02 -8.181744463420632940e-03 2.321635849820592387e-02
1.188357647212564416e+03 1.890995528326334352e+02 1.107632319894721494e-03 -4.748444445602269595e-03
2.102939632838316015e+02 6.570476302793732657e+02 4.868150221945692418e-04 7.372634525170111697e-03
1.090346464648967412e+03 2.577595749572370778e+02 1.067548992285326098e-01 -4.509382013145400020e-02
7.863756137581904113e+02 3.991262071817808987e+02 4.700769589017596561e-01 -1.166242410041970490e-01
1.026752110143292839e+03 1.807481886018059356e+02 2.228700382193286866e-01 1.439791447769668553e-01
1.213481095156377251e+03 2.709942978383762693e+02 -1.177589122201173032e-02 -1.344275630430666509e-02
2.219411849808555246e+02 6.577631560853791370e+02 2.955465454982742889e-03 5.558101049689524818e-04
2.535097914527194405e+02 7.253716018899223172e+02 4.311952764537647573e-03 3.281550840312666938e-03
2.934640534831066816e+02 5.132859674812940511e+02 -4.539289571343121249e-02 -4.358352014156313681e-02
1.099532695646738603e+03 1.816589123301604332e+02 1.481401790939380209e-02 1.416534237408779810e-02
3.010597526846815981e+02 5.154152956978671227e+02 1.311518353237589802e-03 1.056003776310681513e-02
2.637417363978432263e+02 3.368681141533016330e+02 2.438295082967134250e-02 5.815377125417577064e-02
1.090409845156675829e+03 2.008158645341680710e+02 9.979278340936860621e-04 -1.327019330623660509e-02
2.512342344180562179e+02 7.138287644166607606e+02 -9.415198154000157735e-03 2.835968399655921547e-03
2.815590693499014492e+02 5.678390486509765651e+02 -1.154182327203252031e-03 7.152960433385001371e-03
1.096033659485910448e+03 2.152503995875947282e+02 -3.318543983150358187e-03 9.239317190127230295e-03
1.201608415279180008e+03 2.938472514821987716e+02 4.229578901772178268e-02 7.288999350007566332e-03
2.937511487643090504e+02 4.913459406950913149e+02 1.501168475822576426e-03 8.977995687996835616e-02
3.706177169000516187e+02 1.099354164737666906e+03 3.569827201258726507e-03 1.219034998162032458e-02
1.073118444692986714e+03 1.674056425304648030e+02 7.102239056528802941e-02 8.942609741275940605e-02
1.071957646042656961e+03 1.828319894975474540e+02 -2.559632628662716208e-02 1.088925997116138994e-01
1.140650452287064581e+03 2.399152120275637401e+02 4.587954628271578850e-02 6.231819891666256356e-02
2.502002292658227418e+02 5.221615717424041350e+02 -1.545758937757385765e-01 1.631467067037149776e-01
1.207747156520712224e+03 3.529607066905804231e+02 1.086716707543293470e-01 3.315558013560456624e-02
1.945383731616120428e+02 5.513525087635218824e+02 -4.206060181255440455e-01 1.078089510349299063e-01
2.704046750544804922e+02 4.030759542036115022e+02 1.201891621985006799e-02 1.193042010496436940e-02
7.457110625137545412e+02 3.740639186113416486e+02 4.554266449702747410e-01 -1.165305925837535339e-01
1.142051491321694357e+03 2.061180563755688695e+02 1.552785396378981719e-01 -9.903699784529783334e-02
3.004075083200512495e+02 5.705256406130104097e+02 -1.613422604892696816e-02 5.987800278140045090e-02
8.237716517682800941e+02 3.359408017233319583e+02 -1.110132092922768658e-03 -1.338553228392620059e-02
1.115870111172308498e+03 1.920278815272185682e+02 2.794631862352977072e-02 -4.941113817305353012e-02
2.742231681091300288e+02 6.905766784586679705e+02 -1.075831691582156905e-04 -1.604473623553467952e-04
1.177069702985438653e+03 3.098020648114004416e+02 -2.596120315780525156e-01 -7.471825813895002777e-02
2.778336421611260221e+02 5.111653476605163746e+02 -1.156131324845315472e-01 5.513096943405125516e-02
7.437381956734569712e+02 3.985635386234668545e+02 -3.923208788904956057e-01 4.492309732654800603e-02
1.003066800664052494e+03 1.964938404451777103e+02 1.235334120188806284e-01 2.832242816033191390e-01
1.125813305606822723e+03 3.245553941955790265e+02 2.805845412603282310e-02 2.911795529157396034e-02
2.384387201590092502e+02 7.164403982378773890e+02 6.824598430301706889e-03 -3.796578050365622802e-03
2.328727329227876623e+02 7.211972037837941798e+02 4.639500616622284877e-03 -3.626756296663044467e-03
1.209937349146856832e+03 2.426458299998141115e+02 -1.351541312000335837e-02 1.781389285811434409e-01
5.098371767705430671e+02 4.827959948097022789e+02 -8.074823261367931881e-02 4.415159808630767652e-02
1.051641539667017241e+03 2.428472361205464267e+02 1.925978417531510056e-01 1.685478761740136777e-01
1.135484786601550695e+03 3.224409400964787551e+02 2.943246908403860523e-02 1.287682272474034717e-02
1.780987236267514504e+02 5.306645585666583429e+02 -5.432196382847317428e-01 1.774314250250774022e-03
1.130468920241775095e+03 2.738874125730475839e+02 2.005003116559724713e-02 7.916823141913681416e-02
2.507119737052017854e+02 3.917267847678438102e+02 -3.820975556018050504e-03 1.130769299857211328e-02
2.388244770764166844e+02 3.721372793808519646e+02 -5.550196612737737928e-02 -3.123353794045513609e-01
1.147090572425220898e+03 3.779441486138839537e+02 2.596523246784462110e-03 -1.266205798529244399e-02
2.903030141662345045e+02 4.833419856258599907e+02 -3.181368031038529776e-03 9.177678496480633219e-02
2.918004818839957579e+02 5.007860655462945374e+02 -4.882082023975291285e-02 6.701813039569153030e-02
1.189622264965046043e+03 1.729107752714235744e+02 -2.484305969596056242e-03 -3.749528920262847759e-02
1.154534690447268531e+03 3.062692095024686978e+02 4.517207334685579244e-03 1.046977828049340357e-02
1.315100605834237058e+03 3.493764942641255402e+02 6.944400697261943374e-03 4.444025547641580753e-02
1.079158260716891164e+03 1.700053940674291937e+02 1.158620293519991573e-01 1.390166510340042627e-01
1.137281315623872160e+03 2.299194470825742371e+02 4.724238951589986024e-02 -1.591323179725449106e-03
1.193571964188046877e+03 2.530350439101490849e+02 -4.170406903222843159e-02 -2.187833092408012371e-03
1.251589644851221010e+03 3.186924203478560003e+02 1.066411751954230748e-02 1.359115072568536746e-02
1.268313634123100883e+03 3.630880214270778765e+02 -1.832616585333861070e-01 7.529279064499405649e-03
1.202563891080797930e+03 3.122896664170689860e+02 3.464823828464962119e-02 3.115174181561184905e-02
1.192546923499873628e+03 3.578641835448866004e+02 1.336923701993517847e-03 -4.260049235418656918e-03
2.714980527402375401e+02 5.291550236147337500e+02 -1.443461718481696965e-01 1.551643550762239199e-01
1.170724472836405539e+03 3.513585750874931932e+02 3.099062752706534772e-03 -1.513462967624642878e-02
2.163683871313961617e+02 5.486273458796132445e+02 -3.496309166601608842e-01 3.837452674458492752e-02
1.061798215730560742e+03 2.198472623619581157e+02 3.702654380475997598e-03 9.768718688010548379e-02
8.652808630194931538e+02 1.102320983771610145e+03 -1.639079385995501070e-04 3.318500354391821497e-04
2.723256016609429935e+02 4.972162536522669711e+02 3.961343546854925735e-02 -1.914078261796577918e-01
5.140640434894766031e+02 4.863157200481893483e+02 -1.969898701506907768e-01 2.381692834778368906e-01
2.835985717461691138e+02 5.342176896169461315e+02 -8.549926704615158635e-02 -1.500604410249823479e-03
2.796950885627638854e+02 5.423004856520718704e+02 6.988892045368693198e-03 7.152848663863128377e-03
3.709228012826711733e+02 5.301677259689196262e+02 -1.378749002172313387e-01 3.107836557708170203e-02
1.008311007670059325e+03 9.275045938321383119e+02 -7.525769500568648025e-05 3.623660825533713990e-05
1.192463411674350027e+03 3.123563051069576204e+02 -5.839307839642060571e-02 -1.986329887243822312e-01
1.182761620409426769e+03 2.310502332041217812e+02 -3.306687358614605193e-02 -8.169489201996444142e-03
1.141337023381696099e+03 2.723792745848278969e+02 1.238237522541816155e-01 1.747348994714761627e-01
2.441303367412899092e+02 5.047912546483064489e+02 2.251011100438394825e-03 -3.660625929586969196e-02
3.265440627600829657e+02 5.221645613311034140e+02 -6.389473985582121152e-02 7.885728121757493159e-02
1.125593042447713287e+03 2.351122993729960626e+02 8.691985313069118535e-03 7.378622271962109735e-02
1.193384586533494030e+03 1.840607678913241330e+02 2.285960595055170144e-02 -4.475206395425969548e-03
1.141302525587953369e+03 3.423444725689302572e+02 -7.480004534809596949e-03 1.217942290427221838e-02
1.064179581631154861e+03 3.061121190346752883e+02 -2.645506205724414833e-02 3.479997855758203834e-02
1.198839937564531056e+03 2.196237202261031314e+02 6.366404921395104298e-03 4.581022505209132734e-02
2.634691174417783373e+02 3.393685165774546135e+02 2.509690317348707914e-02 8.762383821551148616e-03
2.733680307249592261e+02 4.579091590122895923e+02 -1.375265752179153853e-02 -1.242373770968119295e-01
1.146665208786988387e+03 2.408476581709797699e+02 -2.722166511732189431e-03 -5.014010396359655335e-03
2.491545679548613350e+02 3.582435447818858165e+02 3.397567182354066734e-04 6.728447836896833331e-03
1.185703320725847561e+03 2.772296535512858213e+02 -2.263670455990789698e-01 -1.081747133265099081e-01
1.138871063734097561e+03 2.336477025817396225e+02 1.623326748682384080e-02 -1.400416428554197585e-03
1.246651256771887120e+03 3.415332419062719396e+02 -3.145937767082369607e-01 -3.098683916454967116e-02
1.187492784108414071e+03 2.180404238735803233e+02 3.501361716196213503e-02 -1.112178928658105470e-01
1.147361389486268763e+03 3.232778992380445402e+02 -1.266710595468321585e-02 2.280909082377128444e-02
1.045764905295344533e+03 1.798229171116418570e+02 1.466806185998090380e-02 2.136719631496286284e-02
1.210843477769630908e+03 3.192801056368783179e+02 -6.323273141833851696e-02 2.234001274510092130e-02
2.878890326433664768e+02 5.481388171337856647e+02 8.140222266395842903e-05 9.287649624028138443e-03
1.070323722150966887e+03 3.441990333368431720e+02 -3.863714010537318277e-02 4.026236349513995921e-02
1.282536150986233451e+03 3.286761917318191308e+02 3.085144401992957475e-01 -3.168729984643019887e-02
1.177707513069873130e+03 3.028435935496798947e+02 -2.150497214424737791e-01 2.199220335742086696e-01
2.971642127417038068e+02 5.285735773574565428e+02 3.141261358095642992e-04 1.348204371164721119e-03
2.875502202993888545e+02 5.669884416925766573e+02 -1.146454036177458474e-02 6.519649026408344539e-02
7.427437119148395368e+02 4.087446343300646845e+02 -3.880093555314911291e-01 3.953405356857489505e-02
2.285907163432581513e+02 2.965164000855607469e+02 4.396620408206906166e-03 9.150791633090059329e-02
2.840003305335392270e+02 4.814794233496360221e+02 2.612558930813510885e-02 9.103979036403246627e-02
4.753851462018807865e+02 4.458395020732905891e+02 -1.364951959065238973e-01 2.291115812308464755e-02
8.248343248743199183e+02 1.102269433429342598e+03 1.206655317953935587e-03 1.956863245211447593e-03
5.191428482802627968e+02 4.911636480564469593e+02 -1.545217651344968912e-01 -1.012213170173852234e-01
2.718853872155632985e+02 6.837255756096685673e+02 1.103304220453165362e-02 7.101205303371463384e-02
3.257651594184728197e+02 5.345061353314089274e+02 5.838663131074567011e-03 -3.018845145306116133e-03
3.297616472940606513e+02 5.465088466510736680e+02 -1.476367930422298191e-02 -8.810934276935409801e-03
1.048846077130857566e+03 2.708891359448103344e+02 -1.124440666198657165e-02 1.746923523789589150e-01
3.426262769884764907e+02 5.291176888083907670e+02 -7.057566492451751439e-02 4.756996122243715985e-02
1.109966647351183610e+03 2.026901722532703616e+02 2.467595924568044552e-02 -5.579216371005557562e-04
1.129098285076690217e+03 3.034249829027427836e+02 2.880268381112571774e-02 2.109310487110782617e-02
1.147740925892398081e+03 3.520722009078040173e+02 -1.375052026298462238e-02 1.294485231048447815e-02
2.781256206909548609e+02 4.927593177085069556e+02 -3.975517847994336496e-02 -8.593421631740652544e-02
2.556356708358149206e+02 5.313857082943882233e+02 -1.238033663185073435e-01 1.519729540384397726e-01
3.371838811920142120e+02 4.753398142674289488e+02 -5.843970858381547680e-03 -3.359794775729059262e-03
1.050684355877473763e+03 2.170711760568263173e+02 3.347775280036007634e-02 -1.123373889404682135e-01
7.996341440621554852e+01 3.434642126103995565e+02 -1.246819337466704009e-01 1.075377347163546243e-01
2.328406172818629898e+02 3.498389604111696372e+02 -1.104614861194426062e-01 -3.783918494075043659e-01
2.914907375178290749e+02 4.946957034253126153e+02 -7.087694326108502640e-02 -1.063266787609548902e-01
1.212499022223876864e+03 2.643409169271786254e+02 -2.841435814023826004e-03 -1.120919897550161533e-02
1.222229171045751400e+03 2.961588443206044303e+02 3.170637610592390299e-02 -3.774952887327271966e-01
7.632261590023642839e+01 3.143847038633746251e+02 -5.124904582575122262e-03 -7.173266400952608111e-03
6.333511083371269024e+02 4.016085737214503411e+02 -5.658707493887675799e-01 7.098630793959444241e-02
1.067086760686114303e+03 2.885438613501661962e+02 2.295074188267563070e-02 -2.521035385196531385e-03
1.169734850515592598e+03 2.340204654885832838e+02 -1.154115232000814673e-01 1.196715691959629596e-01
1.249750050926129234e+03 3.019193319819268595e+02 -1.269203557715930727e-02 8.524188773917747847e-03
1.197729678071444368e+03 3.883887185010726739e+02 -8.209894807028680561e-03 -1.738824439151566426e-02
1.274410681713196027e+03 3.374355218834494394e+02 2.804504736986503932e-01 5.795532887439826426e-03
1.225466001890104963e+03 3.410673452247817750e+02 -1.605455363481353981e-01 -5.854783342951801195e-02
1.303316591430658491e+03 3.527732151093707103e+02 1.334653794775492348e-02 7.336065256840541837e-02
2.638995056756928079e+02 6.993287991265884784e+02 -1.924644131868956387e-02 -1.776271161670438595e-02
2.621140917131783112e+02 3.835514190304211866e+02 4.989866168644680605e-03 1.065806061390617288e-02
2.813618690925830492e+02 4.680901613175576585e+02 5.586184189851808174e-02 9.936200755700398679e-02
2.831182905000881078e+02 5.073335945564111285e+02 -9.422587637909639324e-02 7.645314997602550844e-02
3.284183019256349780e+02 4.993171550989915772e+02 -9.421374930332747366e-02 3.380886622196692393e-02
3.201015978075177486e+02 5.066805354137737254e+02 -5.210581133252489491e-03 -2.406672320328277770e-02
8.188611429451609638e+02 3.384948037075147909e+02 -1.223312207114384161e-02 1.640505976916086309e-02
1.128242582874792788e+03 2.677312641663432373e+02 3.550178356587358613e-02 -6.043152973684759455e-02
1.273923113865043206e+03 2.877867662339140225e+02 2.454589083919544307e-02 -1.528079782116763610e-02
2.925106717697081535e+02 5.764486856239338977e+02 -5.319373990700844435e-02 -8.990281339974939834e-02
2.679189020075700682e+02 7.211575754432860776e+02 2.683480941698733815e-02 -4.356092270768186642e-02
1.943865864213674968e+02 3.195288659267334310e+02 5.808217429946337280e-03 6.411030742050627396e-03
4.881745815008072782e+02 4.587557517827683569e+02 -1.070013783860750698e-03 2.612543797060392671e-03
1.136563685766743447e+03 2.007613598951982681e+02 2.851088773193818579e-02 1.088924046865759193e-01
1.232881874156515778e+03 3.138741712497735534e+02 -9.891846166984967492e-02 2.676739259843787244e-01
1.238856447383655450e+03 3.512859886051420517e+02 1.223176201847309130e-03 -2.855672886947705283e-02
2.747303095734823728e+02 4.205232925773101442e+02 -8.353223815533345614e-03 -3.117333376430699455e-03
1.189885333284390526e+03 2.651096423621739859e+02 -1.867622182685202137e-01 -1.174811825314701630e-01
2.549284961781433196e+02 4.378263509319893956e+02 -3.316487263994571250e-02 -1.277487175321604662e-01
1.311401877403235630e+03 3.321042031164332116e+02 1.966616962194907281e-02 1.532165800669036682e-01
1.258249472244601066e+03 3.539286714310696311e+02 1.003125089299053939e-02 9.645749465697142644e-03
2.612223496041430622e+02 3.634921037007323434e+02 2.371797469881481955e-03 1.793149856115298577e-02
1.209244751646341683e+03 3.029646039339587560e+02 5.162137278755767056e-02 -4.040502377209440402e-03
2.658732257729986941e+02 3.470687936612083035e+02 2.528398673868755778e-03 -3.889128995549657845e-03
1.390757349102819660e+02 3.976745947593885262e+02 5.319699206047800999e-03 9.637914514990178136e-03
2.936358764556526921e+02 4.594860705362348199e+02 3.383457977233096658e-02 1.347801514366940845e-01
1.005154810721711215e+03 1.816195776119234608e+02 1.637002385506014790e-01 2.914331673133394029e-01
1.243505828427104916e+03 2.996318852842628644e+02 -8.813047829449251191e-02 2.572979925612879359e-01
1.215085356491508719e+03 3.120255636729343678e+02 7.193462847478668265e-02 6.238055487841508845e-02
1.181876182496110005e+03 3.344844927428658821e+02 -1.102857106876872079e-01 6.621423219629783696e-02
1.135899282935477231e+03 3.406424208865675496e+02 1.814658917193774746e-05 3.775011245450371391e-03
1.278230134909538037e+03 3.568747510634880769e+02 -2.197866192127816420e-01 -8.924868775764872864e-02
2.551235423752602003e+02 5.856256173308890993e+02 4.204707171651608094e-02 7.011265512994668825e-02
3.342792957042457260e+02 5.062452569292152020e+02 -7.020320706540246480e-02 7.743572979638202458e-02
1.038872585612742341e+03 1.633110960065306472e+02 1.092340510935400771e-01 7.039334691247291220e-02
1.114766696568716497e+03 2.426819960734799224e+02 -5.782927687097071806e-02 1.215781818204453718e-01
1.135308910785469152e+03 3.130795579822804484e+02 3.713475674589062497e-02 2.296013837587906816e-04
1.238649354926761134e+03 3.455304829751392504e+02 -5.691492997098066692e-03 -1.750094391968559713e-04
3.365337930438339527e+02 4.948457563953878093e+02 -1.316899930699659028e-02 6.470343520010378435e-02
1.522458326010144845e+02 5.100068353540921180e+02 2.011096030395910506e-01 2.929657362696692080e-01
5.147532309614927044e+02 4.622178426131904416e+02 -3.443411540927835551e-02 -5.039445982429905518e-02
1.089042608359809719e+03 1.699032190660232970e+02 1.557887638754683335e-01 -3.708110782356991569e-02
1.076356866343359343e+03 2.718676280426296330e+02 1.882806006765930240e-02 -8.370923626310944245e-04
1.005429004138581263e+03 1.862411314195439047e+02 5.275752489849656196e-02 3.263017275939265605e-01
1.014559890878446481e+03 1.761653352701725623e+02 -6.150868136602560300e-03 1.871872076764539636e-02
1.218935397217428999e+03 3.038190765820792194e+02 2.522241336303859133e-02 7.067671041034412349e-02
2.540601928683331892e+02 5.250296125114081178e+02 1.034068559543281224e-01 -1.469322312166266575e-01
1.135120833658116908e+03 2.168741018294260243e+02 3.121104567466217311e-02 -4.069002038247364859e-03
2.634447046252607834e+02 4.934344959833770758e+02 4.073755888212686471e-02 -4.344769712564817282e-02
2.379582605494865106e+02 5.319096888485316867e+02 -3.880487322599451283e-01 1.932552714805136906e-01
1.213109076933002370e+03 3.444831044950528849e+02 2.460336831190891860e-01 -1.170731636629020883e-02
1.186106301464881881e+03 3.578884538611429207e+02 -5.139084613555992831e-02 -2.484412088856980880e-02
1.264646246636087653e+03 3.720252880030208757e+02 -2.029512088406022485e-01 1.191255648643127912e-01
2.590991705536653740e+02 5.791229578069605850e+02 -7.302794234788155536e-02 -2.195880049084476815e-01
2.488320538146096510e+02 5.938137477791610763e+02 1.863824130086687769e-03 1.426601388288872840e-03
2.445785938379894162e+02 3.623888115736656914e+02 -6.726218714168966106e-03 -1.029282968909096471e-02
2.583022210302174244e+02 4.944496780918561285e+02 1.067917407642574035e-02 -6.843973536085160014e-02
2.884416207685184190e+02 4.322870906433885807e+02 7.640386902957035410e-03 1.456843053005931615e-02
1.024796315833938706e+03 2.210447146572657573e+02 1.537172659867327151e-01 3.031816986146291248e-01
1.159202749483598154e+03 3.333973684723941346e+02 8.866305612114998985e-03 -6.396873686157616978e-02
2.994676568123020957e+02 5.911886078821880801e+02 1.514819769990380892e-02 1.076764978546539478e-02
2.621103106500458466e+02 6.569506965332404889e+02 1.356861919613186604e-03 -6.677038489886737670e-03
2.655321010291288530e+02 6.644439160014851495e+02 -5.772708425985096509e-02 -2.051429339549877204e-02
1.150089815303281057e+03 2.661059779565633789e+02 1.313295322627796025e-01 2.053998110111857900e-01
2.507492834259820427e+02 4.185207291390144633e+02 -8.136332582115431145e-02 -2.462577509833444867e-01
3.376441051523805754e+02 5.111963388926257039e+02 -1.794526288739794750e-01 1.922730121445439047e-02
1.138080825253172179e+03 1.435422963161671817e+02 -1.040956077494695070e-01 2.695046537178799259e-02
1.224312125387101105e+03 2.168839735422199624e+02 -2.758002380465857453e-03 1.415112745379696127e-02
1.195249057299109609e+03 3.614246721801657714e+02 -1.712054938942212667e-01 5.115121567039656592e-01
2.716697439204760940e+02 6.787381153082616265e+02 1.104026455148486401e-02 -3.538812350151734985e-03
2.251589851919075045e+02 7.157814311813824588e+02 1.974795785584738256e-02 1.123159979135945757e-01
8.554386167126797318e+02 1.101838472899485851e+03 -1.958867520653900188e-03 -2.736491532681522773e-03
1.126921711699305206e+03 2.235138322779555722e+02 6.193125876710041389e-02 -6.932780513972928993e-02
1.184954676660079485e+03 2.855862857505092620e+02 -9.278442106460716571e-03 -6.092895127051178861e-02
1.120595010373468995e+03 1.802467824936068155e+02 1.953678491671057699e-02 9.726454029272520174e-02
1.078361817528558959e+03 1.960696386809326555e+02 4.680053011605149471e-02 -7.667441249631022637e-02
2.586623464415495732e+02 7.079079381402627860e+02 1.158629733357685989e-03 -5.990735604943718019e-03
1.060273474476337469e+03 1.703028602717887736e+02 1.479826851139801336e-01 -6.481275866290864274e-02
2.191570665589257203e+02 5.547962146977118891e+02 -3.263004728234186191e-01 6.355682606787120548e-02
6.909502910218930083e+02 4.259826487043627594e+02 4.344839846524711779e-01 -4.195886045705277123e-02
1.081653902812352044e+03 1.792807481314557094e+02 3.961073942694359057e-03 -2.167669242215126621e-02
1.114525258320533339e+03 2.120811743167789700e+02 8.652098874305821918e-02 5.340588459657092529e-02
1.058291682554804083e+03 2.293283566586029281e+02 1.727360621912892580e-01 4.094448782058640601e-02
1.177428591002774738e+03 3.607488928197261089e+02 4.683722840463446641e-02 2.292646216105638339e-03
2.804671627717476667e+02 5.487784028260924742e+02 -5.747433984458586408e-03 -9.966708660084731136e-03
2.350033414866692283e+02 2.911607588336153185e+02 2.860296914767780641e-02 5.006495614420379547e-02
2.967186664340040920e+02 5.109903410167055995e+02 -1.680395253154327168e-02 -2.903542711464505641e-02
2.503392010702827122e+02 5.043441388131979011e+02 1.034655691640758851e-01 4.769422072611665536e-02
9.886542561176602248e+02 2.111640792338274366e+02 9.255929870988828523e-02 1.328656506203718113e-01
1.154286196074470126e+03 3.001141724896351661e+02 2.515576018770713986e-03 8.781106259566351380e-02
2.657992525732500440e+02 4.334628713978719361e+02 -2.486795812794017398e-03 -4.522127774912539089e-02
2.845037557999095839e+02 5.031704018217885732e+02 -6.091349488954232033e-02 8.231957178865660640e-02
2.642152074447819814e+02 5.153752554124924927e+02 8.273444763974634186e-02 -1.829510790365602435e-01
5.309855694578405974e+02 5.005058387776279005e+02 -8.172979544396826584e-03 1.139660214578738957e-02
1.181098864955547469e+03 2.111235530621175371e+02 -8.806329354396277842e-03 7.429321562244360459e-03
1.235045979102639194e+03 3.133446708288415721e+02 3.165948649923260028e-02 9.612134912941883158e-02
3.450493968040074151e+02 5.531275835547676252e+02 -3.017059669205683983e-02 -2.539268567976946112e-02
2.352062545926045516e+02 5.251206385539200028e+02 -4.060469774727938352e-01 1.814762265554773768e-01
4.643052388708564422e+02 4.535813666145110119e+02 -2.181671892953379946e-02 -1.081155349798950012e-02
5.261046637777293427e+02 4.972050396280047266e+02 2.989055116345849458e-02 3.359231197558446014e-02
1.136774300776188284e+03 1.773304082601605387e+02 1.233604086029448516e-01 1.855404500381472102e-02
1.057149537551830008e+03 2.977453692942819430e+02 -1.793411148165350091e-02 6.876987214063705334e-03
1.257046221752506881e+03 2.712144165884209315e+02 7.281353075102219019e-02 -1.561442367822334087e-01
1.296717522541256812e+03 3.664077212634644525e+02 -3.257539023634377084e-01 1.210094951766515770e-01
2.209386523670781060e+02 7.303435595338814892e+02 -5.671445423514121995e-03 9.313901409599924588e-03
2.717387431434035534e+02 7.445098479332948500e+02 2.573435313734700677e-02 -7.298470494097065997e-02
2.629071006436466860e+02 5.300764396864381069e+02 -4.714148914176341520e-02 9.786382438306873155e-03
1.911582354821762522e+02 6.768018600718008884e+02 2.103656324372682462e-02 3.241269231212839941e-02
2.837325043378057217e+02 4.937864051551006810e+02 -7.544956560575465099e-02 7.029775130611838618e-02
1.122056357650881182e+03 2.585896596422715561e+02 -2.588787498406154401e-03 8.085836463140499975e-02
1.172937115953662669e+03 2.750161471894097076e+02 2.756412461643952851e-03 -5.098398384802382138e-02
2.842139225658013402e+02 5.170256047157350849e+02 -1.133756663223058070e-01 8.374112044558994217e-02
2.962992273076731067e+02 4.967011286842597997e+02 9.076470227182654310e-03 2.031732755428909687e-01
5.315749289489162948e+02 4.800237658112527015e+02 2.145551885619928142e-02 -4.143859580947643027e-03
1.087437461512356322e+03 1.985632461251325367e+02 -1.255385389564859676e-03 -3.556113101382910036e-02
1.154471955803021956e+03 3.281975910261702438e+02 -4.609871792953678521e-02 1.345394299071775435e-01
2.822942886440303596e+02 6.643183614799474981e+02 1.431228763447999625e-02 3.106810777440690077e-02
3.065189160191461610e+02 5.340216526263046717e+02 -6.945424320736037944e-03 -3.210618972242021418e-02
5.194296402617312651e+02 5.072418822087878425e+02 -4.358291949559619551e-03 1.049609135708730497e-02
1.124263257257297028e+03 2.038069813346563137e+02 3.171853610322238060e-02 -1.658443238679835896e-01
1.194318289431797211e+03 2.915107176652315388e+02 8.189161083325008361e-02 -9.679096797575265088e-02
1.295253870986660104e+03 3.629712114524703566e+02 9.058997439478844171e-02 -1.948910438253094457e-01
2.294060751629503159e+02 7.024204304513559691e+02 1.519741510699743926e-02 4.442521135725373271e-03
1.128046261376378197e+03 3.746668499751739319e+02 6.112433184238495743e-02 -8.446031688737930254e-02
2.589517256167060850e+02 7.217151178654868318e+02 -8.651316689657002554e-03 -8.130396331998619372e-03
1.197470443284297971e+03 3.048641980668730866e+02 -7.629709161254275007e-02 2.633651646340450792e-01
3.041819262779379756e+02 5.403112017337628004e+02 5.251053349123021609e-03 2.918777968289776661e-02
2.592400997677080454e+02 3.830182719533031559e+02 -5.361344002625838441e-03 -1.005899628537507001e-01
2.533198666736387850e+02 3.949559165021678950e+02 -1.814470492122338208e-03 6.222302953987606661e-03
1.498793142860530736e+02 5.202794096815759985e+02 2.161485558609519686e-01 2.832487804964697320e-01
8.250194800713459244e+02 3.406812253941754989e+02 -1.232336500738448644e-02 -1.353159366973299103e-02
9.983187237987723393e+02 1.718687532370620090e+02 2.191940191287576889e-01 2.444644625267183291e-01
1.109033091527724537e+03 2.877068696122767051e+02 1.320666347714904987e-02 8.203007146203863259e-03
1.134766672614969593e+03 2.651350609618485805e+02 -5.056867613908567344e-02 8.882266703719210454e-02
1.837277097662119445e+02 5.987175620148500457e+02 1.598893120895839709e-02 3.132861202616893121e-03
2.613609456081092617e+02 6.044837335348821625e+02 4.949628625704112841e-03 2.322298224957928571e-03
3.617778738349372816e+02 5.309985578654521987e+02 -8.850602336501040002e-02 8.666883678685841086e-02
2.051040333023595963e+02 7.274251281257024857e+02 2.128078558558417488e-02 7.093549693291396722e-03
2.486160316585476266e+02 3.458799135552776534e+02 1.053066174999685300e-02 3.061368151591977935e-02
3.169260924851839718e+02 5.161451968330860609e+02 -1.941100541265791402e-01 1.084472645060122892e-01
1.087867550945368976e+03 2.130402026757387830e+02 -7.009145768187409475e-02 7.895727289796354575e-02
2.637673369213305818e+02 3.682341780503330142e+02 -9.380541372493667041e-03 -6.262827261974497628e-02
1.112874993770498577e+03 1.509480912900584997e+02 -1.192426500932697309e-02 3.065959315475907943e-02
1.043249642747798134e+03 1.697434311477690017e+02 1.635644457356117132e-01 -4.391868383011754418e-02
1.072670172960773243e+03 2.024964998355429202e+02 -1.113573117905275467e-02 1.282672979185051076e-02
1.221060290895287153e+03 3.537648825896318385e+02 3.378641438369337727e-03 -1.247564647831230335e-03
1.204979523634286579e+03 3.712274480058527502e+02 1.469090719791760480e-01 -9.462914261900579049e-02
8.587814425023991589e+02 1.101969734213541869e+03 2.508713368547906344e-02 3.021129738328909298e-03
8.210997486591147663e+02 1.102124186231184694e+03 2.093718555949900754e-03 3.454407392155189882e-03
1.045814257354408028e+02 4.155513028325690357e+02 2.009318678094655086e-01 3.201642213609409704e-01
1.097256488374415540e+03 2.372785454081901833e+02 -1.905822514573114745e-01 -2.146590057832549470e-01
1.161337545803901776e+03 2.226269032992285588e+02 -5.142585259352966398e-02 2.641965031908331540e-01
1.265888155995340639e+03 2.039738502226754235e+02 4.130958886702026586e-03 5.655128100191019261e-03
1.193245031507348585e+03 2.610616056975732135e+02 -3.219487528413083055e-01 -2.889114548991840170e-01
1.167108750038922608e+03 3.855726112337218865e+02 -3.786124232340665457e-03 -2.361538049804632472e-03
2.432202283409116319e+02 5.525127072830164252e+02 -9.822224468485807325e-02 3.963916258666427828e-01
5.185740848015518623e+02 5.006439024433584564e+02 -6.631665625455049860e-03 -1.274278875262718248e-02
1.002747755368872618e+03 1.697931755566162622e+02 2.327996257239988154e-01 2.033751295816211280e-01
1.145555303654791260e+03 1.511283906869286966e+02 9.976765333207864364e-03 -9.852885697053569841e-03
1.190454322158320110e+03 2.539521289419179482e+02 -3.707064829034772274e-02 1.067510837331853563e-01
2.600098701272484050e+02 4.469834260174720271e+02 -6.702047107579357788e-02 -1.289437662831952880e-01
2.947615264722908250e+02 5.286867372896640518e+02 3.533102334162257357e-02 8.126335163724109079e-02
5.062875982591327215e+02 4.695303124342850083e+02 -9.962010732891442288e-02 -4.142722595163864791e-02
1.181135480075574833e+03 3.153566467588845512e+02 -1.149119941709982190e-01 1.749881900471667029e-01
2.171079063029410179e+02 6.291448156264852969e+02 2.094698441429781663e-02 -1.151111148291355211e-02
3.184845372551438345e+02 4.735169405417607891e+02 1.865414729948042943e-02 -4.014983745560129873e-03
8.101843938948725281e+02 3.971751631514074461e+02 -2.775403731391747758e-02 -9.646293980154610481e-02
1.190719578382210557e+03 3.963961698379241057e+02 -8.733421372812699701e-02 2.253301479960697351e-01
3.494871350488892290e+02 5.363058554856606861e+02 -7.168059976380050657e-02 -2.093794743105945738e-02
2.354771921122593028e+02 3.106868584892582703e+02 2.995757128711991346e-02 7.790031791076121488e-03
2.030610067858990249e+02 5.350120811119980999e+02 -5.196936955497095667e-01 -6.154612389860559390e-02
2.936604472150193033e+02 4.805496676919145216e+02 6.653707041378634224e-02 2.483269584788439233e-01
1.033412120217920574e+03 2.691399222892687249e+02 -2.237424931928025662e-01 1.055135870497924538e-01
2.724877046972246148e+02 5.316673380010321353e+02 -1.367634549563436774e-01 3.464495928142241610e-03
3.093004560858537957e+02 6.224948500775427647e+02 -8.260282169353080906e-03 -1.143477487556466242e-02
8.120701123010995843e+02 8.745168797838208548e+02 1.529301867267469396e-02 -1.076121358263854326e-03
2.990623153975728883e+02 5.123052016463196878e+02 -5.166885514133115476e-02 9.030033537878681682e-02
1.077125047502245479e+03 1.578729480138078429e+02 1.877578631363879536e-01 2.508861315588859497e-01
1.104704080533446358e+03 1.645757289607477674e+02 2.613434419269348649e-02 -1.573819125669567998e-01
1.150354113546343115e+03 1.683085725939621113e+02 -1.614825704521712924e-01 2.462296401306660887e-01
1.259190534110389535e+03 2.809622752884376951e+02 -1.418764907018359861e-02 2.751932254659550381e-02
1.011785342180247767e+03 1.635845434428590863e+02 -4.399932828598995468e-03 1.893968498739816153e-02
1.042987501758081180e+03 1.599498645615413182e+02 1.871927691742230823e-02 3.016112593806329675e-03
1.069994038032662274e+03 1.571873019319249920e+02 2.008285327258764741e-01 1.190527428647669694e-01
1.015489372922359848e+03 1.802323313345884515e+02 -3.848779748522889177e-01 3.544291971539955677e-01
1.066166841817674594e+03 2.763969372007417178e+02 2.485608060212197296e-02 -6.883863145907967440e-02
1.191666543862047092e+03 2.880813592943634376e+02 9.228688321520487833e-03 1.154019542406103938e-02
1.195154237894684911e+03 3.128867316425862555e+02 -2.413099451492357883e-01 -1.490470165448715134e-01
1.194244123448162327e+03 3.729371935683333845e+02 1.232423528121858814e-03 -2.029467261587904192e-02
5.340046307202840126e+02 4.775547955995685925e+02 1.266696442535675260e-02 6.713840056007924773e-02
1.033010456018222385e+03 1.639992228662955540e+02 3.600632232760858642e-02 2.674316087740464809e-01
1.120402918084301973e+03 2.137124263461057865e+02 -1.962964182410615877e-01 1.332304829614123776e-01
1.162481026722993875e+03 2.274655970687558408e+02 4.552250931794787903e-02 -1.379807221551434537e-01
1.188240370057055998e+03 2.953489088764419535e+02 8.933218254772157252e-02 2.020210140166902590e-01
1.056275167026945155e+03 2.691344359491797036e+02 4.109998390673960666e-02 -1.651373268146774931e-01
1.206933113770406862e+03 2.607730242273391355e+02 3.341026278509919845e-01 -2.233638979584005313e-01
5.183141815581863057e+02 4.742683873486422499e+02 -9.917689374861180657e-03 1.951642567831868291e-02
1.099608836372462520e+03 3.133380427631473140e+02 6.103278744522607803e-03 -1.293590873559326455e-02
1.204489368002147557e+03 2.061871436174804160e+02 -9.356772294311863081e-02 -8.317213395597734815e-02
2.484327250518826418e+02 7.277650968943754606e+02 -1.672851001249244310e-02 8.096049212692182570e-03
1.439511588490979932e+02 5.102717409585903852e+02 9.558079378381133251e-02 2.762549373697119059e-01
3.469971417322136631e+02 4.769299595728057284e+02 -2.894154576556327504e-02 1.794112981606478877e-02
1.212946935038659149e+03 2.359650242431105198e+02 1.103697353091075313e-02 3.128610985288341612e-02
1.253087064997777588e+03 2.807294994025020856e+02 3.391285553697379052e-01 -2.707433340710018732e-01
1.246028650831621235e+03 3.120849619496848959e+02 4.143094050199089273e-02 -3.393846293582433032e-02
1.236325490833814683e+03 3.416817581116741849e+02 -1.230733492250762418e-03 6.832505930490766904e-03
8.916146540339270814e+02 9.321145150478402002e+02 5.571810117465667359e-03 4.178412189625864762e-03
2.628097528059984711e+02 3.724322987920207311e+02 -3.822623572806568056e-03 -4.886158913275077779e-03
5.081563016466718636e+02 4.476879558566282640e+02 -1.360634059029261211e-01 2.801289827120190812e-01
1.024297983433505124e+03 1.819084589263569853e+02 2.682125880770911408e-01 -7.502903545328246659e-01
1.119538703793285094e+03 2.381829974748717405e+02 4.328886517978011023e-02 4.789601824191199592e-02
1.088238181636535273e+03 2.481660112373141089e+02 -3.073593875667484099e-01 2.639771529099969524e-02
1.052918309611384529e+03 2.648838716864984804e+02 1.516731745380373864e-01 1.548038679734844436e-01
1.085192389716728485e+03 3.465852688845337184e+02 3.805439095610078318e-03 -2.815313390531552426e-02
2.947401521971303850e+02 5.799903000055053326e+02 -1.183770680486067733e-01 -1.547696514803836576e-01
1.769298722169596942e+02 6.403278323957641760e+02 -9.117062778303146320e-02 2.482446887846284367e-01
2.909435265082409501e+02 4.785818744193502425e+02 7.873147432491639508e-02 2.615663923098116364e-02
3.378531471527849703e+02 5.186015551402410892e+02 -1.210539587352121305e-01 3.163442251580115411e-02
1.176104343854320177e+03 2.272069768469413589e+02 -4.746729261784243120e-02 4.964504357864349925e-03
1.202600248066004042e+03 2.240743237159034322e+02 -1.216460756293145096e-01 9.490295585741458095e-03
1.217386522924971587e+03 2.308665159931026949e+02 8.749456995164191578e-03 1.300796587979003924e-02
1.211817442041073491e+03 2.855297289496218696e+02 -2.892048930399265805e-01 -3.493316224556069494e-01
1.217752726460469376e+03 3.424884791643914355e+02 -1.156635869916416703e-01 8.180539840031997301e-02
2.678697518426461102e+02 5.312192805453365736e+02 -1.065311672232176349e-01 1.296153676167415870e-02
1.076177354205927259e+03 2.214461742423176531e+02 -4.458921677382932103e-03 2.224616260005802745e-02
1.155835490234955842e+03 3.421792174164766038e+02 3.087244256228132214e-02 -5.070362598174824736e-02
1.224878414598949803e+03 3.918479996149753219e+02 -2.464959587066005153e-01 3.570865745969683536e-01
2.431726568562305033e+02 7.275673634587747074e+02 6.778920213540402806e-02 -4.075066903405968194e-02
2.415001052642922161e+02 7.408325607284692751e+02 9.050483457571090185e-04 -4.757698861906192039e-02
8.290250859489491404e+02 9.304495691320494188e+02 3.417733779370450975e-01 -7.669922172261749160e-02
3.222831202420300087e+02 1.099801136914374183e+03 1.546051325903476971e-02 -1.956152019927230937e-02
2.530157270332878170e+02 4.321291336398995782e+02 -9.169784462070790232e-02 -1.246681972989828607e-01
1.149644009974401115e+03 3.081463594120301082e+02 1.153981790071156865e-02 3.598857679566612455e-02
1.201574111552310796e+03 3.509189334620443219e+02 1.478833566132683151e-02 -6.067786462079867160e-01
1.167777184401026716e+03 3.633320166456871902e+02 -1.558692562412539173e-01 5.289167277432069159e-02
1.225140508030395722e+03 3.621638407270346534e+02 3.224065124525420933e-01 -6.006914739809303683e-01
2.516254348064280180e+02 5.517741952601816138e+02 -1.805248021587683716e-01 -8.844319912383172277e-02
4.797234130931462346e+02 9.408582096048023686e+02 -1.338989838494500026e-02 -1.326196150049933388e-02
3.116012552247370877e+02 4.998902051012133256e+02 -2.710136814106789416e-02 -1.075673503724416946e-01
1.092092307214348693e+03 2.846131068595080933e+02 -4.252581330466682630e-01 6.336419464415854463e-01
1.155933597842176141e+03 2.157443633369849181e+02 -2.068436344126212134e-02 1.864099788070561203e-02
2.012037065362488875e+02 5.389536590743191482e+02 -3.804979055042494451e-01 1.593509412086291377e-02
2.373429593432959166e+02 5.445460172324590076e+02 -4.490136019518935484e-01 -1.109854806533121518e-01
1.916641685699273694e+02 5.861331661686884900e+02 3.263319693274979727e-03 -3.936199571839438249e-03
2.636692412699542274e+02 4.471996394756612290e+02 -1.442071052946565513e-01 -6.684025027984066836e-02
3.162985905036755980e+02 4.877751117529523412e+02 3.554465669620705121e-02 -4.446762670795578742e-02
8.203385844496752952e+02 3.318956781778970822e+02 1.009657350177154203e-02 -2.145100303649932066e-02
1.117280060241284218e+03 2.128200350282694728e+02 -3.122911390106050331e-02 1.425248765847300092e-01
1.106868397736902807e+03 2.748741201817422279e+02 -3.115654168436776672e-02 -2.208464284326185426e-02
1.318982049696586728e+03 3.319570802353068757e+02 -4.404672859508147048e-02 9.830187464323054958e-02
7.485283471560896942e+02 9.317839226320958232e+02 2.577759443809100048e-01 -1.619682659948498971e-01
3.253604339631527864e+02 5.136307670317019074e+02 -1.883861408422641548e-01 -1.115763398885045943e+00
3.200789459333362856e+02 5.240646344724565324e+02 -1.556034261696102872e-01 6.431995766699098727e-02
1.074894222664277095e+03 1.746760127523766073e+02 2.464328165689266825e-01 2.427415828253458585e-01
1.031793961489379853e+03 1.848491938781841384e+02 4.137124974590733473e-02 -6.648231418420398608e-02
1.101397641919569423e+03 2.191212085797097870e+02 4.375394002439255553e-02 -6.915796059115091043e-02
1.102919704770032013e+03 2.477812165528890489e+02 -1.260220174975756890e-01 8.506875101680435591e-01
1.167277674426774638e+03 1.881465732994006430e+02 4.801314529883408261e-02 -1.200912811474618563e-01
1.191031869770174353e+03 2.056173095984495092e+02 -3.180843147220002720e-02 1.073808221180930361e-01
1.203795615417468525e+03 3.379639011153779506e+02 1.527528718240015737e-01 -2.382044800918189653e-01
1.305663710613719786e+03 3.594719984770294445e+02 2.673708681852531299e-01 -1.135064743975722906e-01
2.705796051695979827e+02 5.721297866735064872e+02 -6.313068552875241704e-04 -4.593751427345675424e-03
2.695227365968557365e+02 3.702436237844525522e+02 -1.003469062303565841e-02 2.106001792267307021e-02
3.158521730792419362e+02 4.970073250583605500e+02 -1.485598515096626104e-01 2.604857563596851833e-02
9.842396140640400972e+02 2.103013354722435508e+02 -3.963402338144987602e-02 1.085517723392911138e-01
1.145421271592596895e+03 2.571362920785551864e+02 3.533383635649443161e-02 -6.605092294200858027e-02
2.706449717564784692e+02 5.781844276704860022e+02 3.400834408089394717e-02 4.128400095682991516e-02
3.208904923849977990e+02 5.266274025899762137e+02 -1.481820442170715124e-01 1.296670415899370821e-01
2.531549153883684369e+02 3.822668027093142769e+02 2.038872906016564457e-02 -9.806617735303291283e-02
2.906234183759074199e+02 5.268261109456734630e+02 2.662520734995155181e-02 -2.431867385618602384e-02
1.031667608433227997e+03 1.647502099037935466e+02 -5.570529266179846672e-02 1.863487663019256502e-01
1.188188959327095290e+03 3.066282644611223418e+02 -1.907941160237669465e-02 -1.255214163681728223e-01
1.245241225573176052e+03 3.907138607923138807e+02 1.829156351151937088e-01 -2.027705713849599078e-01
2.595375830065710829e+02 5.666543530397547102e+02 -3.423899494592319570e-02 -9.797243425933288563e-02
2.839256461535256335e+02 5.741963924152609025e+02 2.711181263472894898e-02 -2.520189001739936430e-02
3.048979036053597724e+02 5.277316110692188431e+02 -1.421704691735214965e-02 3.371390473529345400e-02
2.430423279009413022e+02 7.316460162292225959e+02 7.848612220655581950e-03 -2.042255601375302376e-01
8.572551487197861775e+01 3.523780294123707790e+02 2.770360002846909350e-02 1.986829219605018293e-01
2.608182015704722971e+02 3.277834702639608508e+02 -4.007831615448746547e-03 -2.210472880517500016e-02
2.897267903017638560e+02 4.662356054737999784e+02 -2.697415044823022190e-01 -1.119310882905381277e+00
3.275872567402868754e+02 4.970601966736469990e+02 2.809813300962105131e-02 9.333313364055584316e-02
2.987605007951307812e+02 5.025007793383652483e+02 -2.769491736075717081e-01 -3.504406750779859858e-01
3.355509618500170745e+02 5.215425361878278636e+02 -1.408616827570767782e-01 -1.417160703424921453e-01
1.073967047606416827e+03 1.528385815061299979e+02 1.910564882332437264e-01 2.168977024334897974e-01
1.111495990636828537e+03 2.318230578120193570e+02 2.352563708958162539e-02 2.471081975728376887e-02
1.088160002049688046e+03 2.795244168795765063e+02 6.922727792971272720e-02 -2.382951423651130940e-01
1.072189683435649840e+03 2.970320681242421301e+02 -2.221637446399805926e-01 6.285989370964746581e-02
1.235986224295678539e+03 2.905575585045812659e+02 1.114008386631818760e-02 8.159097231379822679e-01
1.119989415000215558e+03 3.840976427854697022e+02 3.900015495120593562e-02 7.088773599946307513e-02
1.210246286262415879e+03 3.765055360594661806e+02 4.935530083010538499e-02 -6.459060344976326473e-02
2.376280497806877747e+02 5.372358329068470084e+02 2.004788717613621429e-01 1.236081555328685938e-01
2.180917144653664650e+02 7.098342244070419156e+02 1.448088162049998573e-02 1.924406538015925247e-02
7.304161087520321871e+02 9.345909793834567836e+02 3.364597123345068330e-01 -8.351500352428804785e-02
2.547185438651277138e+02 4.048658495361671044e+02 -7.514547776086999420e-02 -2.556358845226043286e-01
3.134559955576832522e+02 4.701581933207311863e+02 1.025036116517981100e-01 -7.779058863718546490e-03
7.414410377149848728e+02 3.848039990772335273e+02 4.412410813778819829e-01 -5.423966750109912027e-01
1.023718807875226048e+03 1.932969488953654320e+02 3.239507814498665539e-01 -2.529707667251130943e-01
1.104583860756034483e+03 2.652946988544624105e+02 -3.890958729239173408e-01 1.296405595463852478e+00
1.194443678193738378e+03 2.278975842372184957e+02 -1.074946561784599908e-01 8.912298416163366710e-02
1.198174559647598244e+03 2.276835503597990567e+02 -7.816307327345839440e-02 5.393430520686592899e-02
1.128045642128763802e+03 2.860250714399928142e+02 1.234524232645526354e-01 -2.967877920384580648e-01
1.239018435331455748e+03 2.874053335681065846e+02 -3.584362082240204472e-01 1.304020201768310017e+00
1.151600168454563345e+03 2.987254157639828804e+02 5.189796929016665672e-02 -4.779048711631617152e-02
1.151018551200871116e+03 3.776049018973497482e+02 8.650476876914581226e-02 1.637580939697613758e-01
2.861596685675779099e+02 5.848933869265330259e+02 3.306745354990425767e-03 -7.684177642789791207e-02
2.762892416161203073e+02 6.102017150207452687e+02 4.760881262367888667e-02 -4.398428325509939896e-02
2.276713850570886279e+02 6.719546056070701070e+02 -1.028715564392257420e-02 1.856542647772130294e-03
2.347214785624837816e+02 7.199564549492592960e+02 2.573523832430169023e-02 1.964858818178072397e-02
2.712371229796158900e+02 7.469674015637679076e+02 3.958106512746439876e-02 -1.526018810725986441e-01
3.246544682237646953e+02 4.961967339945074968e+02 0.000000000000000000e+00 0.000000000000000000e+00
2.999899681002717102e+02 5.096331228774506030e+02 0.000000000000000000e+00 0.000000000000000000e+00
6.908524304310551543e+02 4.191493211880578542e+02 0.000000000000000000e+00 0.000000000000000000e+00
1.077303523797127809e+03 1.576879865258406710e+02 0.000000000000000000e+00 0.000000000000000000e+00
1.057433215639745868e+03 1.688540645926824766e+02 0.000000000000000000e+00 0.000000000000000000e+00
1.093676109973393295e+03 2.751763353094819422e+02 0.000000000000000000e+00 0.000000000000000000e+00
1.162694255970532822e+03 2.159829520246968571e+02 0.000000000000000000e+00 0.000000000000000000e+00
1.171960560454010874e+03 2.114141608727705091e+02 0.000000000000000000e+00 0.000000000000000000e+00
1.184759379140903775e+03 2.261541548547381524e+02 0.000000000000000000e+00 0.000000000000000000e+00
1.116891348625760884e+03 3.173363378054440886e+02 0.000000000000000000e+00 0.000000000000000000e+00
1.198213143246472328e+03 3.123481834624873841e+02 0.000000000000000000e+00 0.000000000000000000e+00
1.263464284925767743e+03 3.570708184980110218e+02 0.000000000000000000e+00 0.000000000000000000e+00
2.950573828459193351e+02 5.346347878144774768e+02 0.000000000000000000e+00 0.000000000000000000e+00
2.836891376875763058e+02 6.280966343710958881e+02 0.000000000000000000e+00 0.000000000000000000e+00
2.230060718378634590e+02 6.943402955975767554e+02 0.000000000000000000e+00 0.000000000000000000e+00
2.003448706574729101e+02 7.008164475671248965e+02 0.000000000000000000e+00 0.000000000000000000e+00
3.158686244388147202e+02 5.345136760298406671e+02 0.000000000000000000e+00 0.000000000000000000e+00
3.517302591168411254e+02 5.415649365138853000e+02 0.000000000000000000e+00 0.000000000000000000e+00
3.203573310183655849e+02 5.517509592391392061e+02 0.000000000000000000e+00 0.000000000000000000e+00
8.040522473538775330e+02 9.034673156813855712e+02 0.000000000000000000e+00 0.000000000000000000e+00
