1.346415019985178105e+02 3.805274376865382919e+02 6.233215805344449398e-03 1.401609494416451197e-02
3.038228472855232098e+02 5.778736143725462853e+02 7.276967293361764205e-03 -1.023297882015710217e-02
2.740309441915202910e+02 5.429698608665935353e+02 4.629707384573507854e-03 5.065857610367118825e-03
2.520160263681323727e+02 4.648629001501302582e+02 -1.269266274227300387e-02 -7.121898414081357515e-03
2.264509736381117193e+02 6.106650302754276254e+02 -1.728513636489743821e-02 4.662952577308318927e-03
2.783787191702356267e+02 5.543798347576000651e+02 -2.658675034826213195e-03 1.862767863717590920e-03
2.303021013440485945e+02 3.519659502127506698e+02 -1.342064188602307695e-01 -3.357253978791394644e-01
3.144440411455494768e+02 4.794410598478932002e+02 5.322796859868255889e-03 -5.815126597600611680e-03
3.188382577697590250e+02 4.681441348888926086e+02 -5.192965725397883162e-03 -8.730967066123912837e-03
5.651705383456014715e+02 3.874599947529297879e+02 -1.677248724909437489e-03 5.095489008382547182e-03
5.618706197955881407e+02 3.822234731763084028e+02 -1.888074418992674933e-02 7.549338231505731307e-03
2.620462160853092541e+02 4.554569157630078280e+02 -3.219455153511249085e-02 -1.245709037367701694e-01
3.083742187897157692e+02 5.024553753015538859e+02 -4.656212197038159077e-03 3.235608224190512916e-02
3.316146744859515820e+02 5.322364729809827395e+02 -1.523815638892198022e-03 7.187204418282997637e-03
3.156741956112711023e+02 4.978542471695970448e+02 -5.005522897090936701e-02 8.809967571689619401e-03
3.349816504820100818e+02 5.404442433086787787e+02 -3.783217719411922225e-02 -7.185854420561887598e-03
2.744412468386358910e+02 5.287305999702150530e+02 -9.699113128210110069e-02 1.089091746821103067e-02
3.228711513468450107e+02 5.566551330129999542e+02 4.543382455670951815e-03 1.305289275621862068e-02
8.334849880331995564e+02 4.055922378616376704e+02 3.243690882632198694e-03 1.294137859828073433e-03
7.086408376964720901e+02 4.187718175431945724e+02 2.869610243337347016e-02 5.107682970260769839e-03
7.618651276945095105e+02 4.312430851115989299e+02 4.592962570881475859e-02 8.007064679686821951e-03
1.092968507810712481e+03 2.340502730026665290e+02 -5.284258210590766190e-03 9.795407511211294549e-03
3.230964720567165500e+02 4.914304913689896921e+02 -6.541553366484452459e-02 3.871192794021099948e-02
1.216930741282098097e+03 2.532504027509416460e+02 2.725171493678020095e-03 7.833072931909087393e-04
1.193736941142446767e+03 3.741442007762141770e+02 -6.123711893253291861e-04 -9.015236991068391673e-03
1.208694283832917790e+03 4.050037518679192772e+02 3.329889131471348851e-02 9.479875398297997469e-02
2.762880511075114782e+02 5.640689972243010288e+02 1.266540642550038204e-02 2.324290603065820929e-02
2.025416301095096117e+02 6.601280320807650241e+02 1.652364781912104641e-03 -4.245396161735751983e-04
2.757770518055988873e+02 5.763473541038417807e+02 -2.855951719863183622e-03 5.919393784799719359e-03
2.729025856653255460e+02 5.922556237208559651e+02 -2.411313704652853426e-03 -1.947229165418798078e-02
2.672562423528754039e+02 5.961942515521674295e+02 -5.499493474897886036e-03 -1.369863435845200235e-03
2.481015638763302604e+02 6.042344909009544835e+02 2.573525743122161581e-03 -4.961937878702559097e-03
2.803592265319720696e+02 6.017760178374616089e+02 -1.278403154304165153e-03 -1.447504057826264024e-03
2.506186500065360576e+02 6.190049409166732630e+02 1.472112133906886000e-02 2.662939641981670099e-03
2.553241774662242562e+02 6.227932351368719992e+02 1.820579958789066708e-03 3.819095988398324773e-03
2.277214250778487212e+02 6.332969648331850294e+02 -4.385998102754280997e-04 -1.671194810701128602e-03
2.791175199542823293e+02 6.305383503845034738e+02 1.350554965753392699e-02 -2.401138579214170639e-04
3.002761572442073543e+02 6.320857880647149614e+02 2.461844960113341186e-03 -5.042081697674442647e-04
2.254669913008230253e+02 6.453186330604264640e+02 8.275422893585373391e-03 2.344136182314894915e-02
2.870283387372760444e+02 6.376055179347487183e+02 9.185627428713800599e-03 2.105606217530140920e-03
2.947738388230213786e+02 6.371669720561648091e+02 -1.129825948548683970e-02 -8.139044874686005709e-03
2.367090527400328313e+02 6.443687736569071376e+02 -1.802850265088684970e-02 9.711561752444123133e-03
2.583747640005767039e+02 6.401018983688563821e+02 1.323008202009509898e-03 2.084775606259553059e-03
2.652376042498256652e+02 6.423093150769972226e+02 5.814134729651905184e-03 2.667957454847586646e-02
2.285217934418450056e+02 6.566064695168126946e+02 5.412132056825598968e-03 -6.538029234698880879e-03
2.690304237006907329e+02 6.518572340426743494e+02 2.314960479070983426e-03 -4.956270332717403575e-03
2.910402937326362007e+02 6.523723730643469025e+02 -6.730101165036296747e-03 5.997139006339157787e-03
2.773909163639105486e+02 6.579581197656603990e+02 1.905504307777697781e-03 5.736472383416797716e-04
2.478199555168317829e+02 6.611089009044882232e+02 5.233011931368151959e-03 5.473717828217199155e-03
2.556302672952856767e+02 6.674390678964358585e+02 6.027144968632935050e-03 2.084200252162046740e-02
2.080138511175972553e+02 6.717347579209537116e+02 8.189114758271453381e-04 1.205753143974764262e-02
2.635445085014629854e+02 6.695100522993374170e+02 2.090689295580815121e-02 5.932967552849272366e-03
1.995052125461473338e+02 6.988279828733834620e+02 -3.987468559616314965e-04 6.940113743359805493e-03
2.365649768945098401e+02 6.791276173061112331e+02 1.275668271087269153e-03 9.173439895432851376e-04
2.260045694573906303e+02 6.828581063192503962e+02 1.064795813424789222e-03 -3.341727987673840349e-03
2.173778268851845326e+02 6.871791024673453876e+02 -6.747885582505056684e-04 9.001000515719160405e-04
2.329909019242321335e+02 6.875149852701689497e+02 -2.458147662192157815e-03 4.894646168498967926e-04
2.402327665623235760e+02 6.936409109712475356e+02 1.144920537805013162e-02 5.840611613195667746e-03
2.049427201227394733e+02 7.116512553924073927e+02 -4.459512302683397121e-03 -1.903590545575662915e-03
2.783636559627314000e+02 6.874730806677941928e+02 1.172853699972789022e-02 3.093481419311123505e-03
2.517995117954229443e+02 6.927950823025181535e+02 -5.972012634886411740e-04 -6.468616624151718973e-03
2.686828083331149628e+02 6.935705084576898116e+02 8.651187594203761189e-05 -9.423063490685038360e-03
2.747562526986948797e+02 6.962418689046756981e+02 -3.410987468479525445e-03 7.062397598976513126e-03
2.600571345619115959e+02 6.986761268010747017e+02 4.048207892144501351e-03 -3.802242528610516202e-04
2.541214650149582894e+02 7.016559922661928113e+02 3.989544656713851626e-04 -5.731844033868250480e-04
2.480523168567871153e+02 7.073446088865391630e+02 1.338640527688319225e-02 5.888108046734838626e-03
2.697951583590713653e+02 7.050303505624719946e+02 -1.444903416495885780e-04 -2.258722512632999318e-03
2.610132086764461974e+02 7.099400982003661511e+02 -3.218515844156793863e-03 -1.069218848552097416e-02
2.206132619406756135e+02 7.171230798088291749e+02 7.839851347778963725e-03 7.793424300341102000e-03
2.200216868311600251e+02 7.253938207006430048e+02 1.374466434159817008e-03 -1.466065541633202601e-02
2.352318438048882854e+02 7.262054298788107189e+02 -2.215411285744879177e-03 1.896128325271736678e-02
2.616444638301460373e+02 7.268928004950892046e+02 -7.067087884333638978e-03 -6.588113566749598249e-03
2.183123321680293145e+02 7.338712438611016751e+02 -3.445262870809416480e-04 -6.758087271332622464e-03
2.557580299093221470e+02 7.299369798808272662e+02 -1.190394621080249730e-02 2.250464034871286774e-04
2.367993491025067669e+02 7.369709118025408543e+02 4.676314814790570075e-03 9.914708287340652515e-03
2.206743813683260953e+02 7.491281433942075410e+02 1.095174463675661035e-02 -1.326819504587736440e-02
2.286333710873458926e+02 7.484545396063025464e+02 5.700349195083422027e-03 -5.919136547467276563e-04
2.474281732261119942e+02 7.502149658735382900e+02 -1.878328093549680791e-02 3.676878700267560696e-02
2.427586066014514188e+02 7.484215521392216033e+02 1.753595374953443795e-02 2.021814108874567251e-02
2.582726037014439271e+02 7.487806037472997787e+02 1.320716110924456330e-02 3.648169294455112788e-02
2.524353671409002118e+02 7.513603510207661884e+02 -1.787617787778736367e-02 -6.982165160814087987e-03
2.443735592697521781e+02 7.568253498712132341e+02 9.767631767852599789e-03 4.305305680392312873e-02
2.523465972354880762e+02 7.680115024688583389e+02 3.308308371916690582e-02 7.810618706987992876e-02
6.343449964702045918e+02 8.219680136003835287e+02 1.008747390457783480e-04 -1.641505003468716266e-05
9.124720026375889574e+02 8.059786305235924146e+02 2.312142609645150655e-04 1.836864115164031912e-04
4.599729961653138730e+02 9.415606804221666835e+02 1.484820982721718593e-04 8.253573296787910813e-05
7.151602717660064172e+02 8.789816027804366740e+02 6.736463181695093172e-02 -5.930909286043272582e-02
9.066779745234319989e+02 9.232435993442813924e+02 1.308373794850778231e-04 2.634695683641979664e-03
9.005778619454380305e+02 9.281204338837228534e+02 3.856117226227484280e-04 -9.392792353098526614e-04
7.081923956699544078e+02 9.913758807504513015e+02 -3.962834313752675031e-03 -4.079377033470939912e-03
7.149473635960592901e+02 1.011666661219036087e+03 -2.372436442389545472e-04 7.133630698692988844e-04
7.050328540864064735e+02 1.023746977450856434e+03 7.876493356668494254e-04 1.670586062553159430e-03
9.837203277881524173e+02 8.464608839473263515e+02 1.485993413686880664e-03 5.375068122722077499e-03
3.538055672542738535e+02 1.057424752633025491e+03 9.148652898108305563e-04 -6.567499047479383352e-03
4.816604790176254483e+02 1.099094359834393344e+03 -2.408136395462573290e-04 -7.845757598166564536e-04
7.045428560111765819e+02 1.036434484607634658e+03 1.644575254286197901e-03 -7.752221689396819040e-04
7.518279212031436600e+02 1.067593658053413492e+03 -4.823085762764814811e-04 3.010901705823529886e-06
7.456656629384737016e+02 1.071460807893284937e+03 -7.354142270728651122e-05 6.913916698806025617e-04
1.310652256781727658e+02 3.245474801778751157e+02 -1.334775578501117520e-03 -4.032154346001752890e-03
1.236894598573898065e+03 4.011254919768016975e+02 -6.991926645428470956e-03 1.034821946484780139e-02
8.998410446051032068e+02 1.102162422118391987e+03 -2.755304086115369804e-04 1.441691202620012718e-03
1.165033978293817427e+03 2.402532440541791914e+02 5.033623836961041145e-04 1.381484967761297845e-02
2.554021169221729224e+02 7.086551074364994065e+02 2.165656752872350578e-03 2.495874420187962038e-03
2.503587540086476508e+02 5.683792916185648210e+02 -4.761868648180966630e-04 3.278306818537887572e-03
9.491468615842959480e+02 2.490085915335420736e+02 7.505481049758942942e-05 7.366438788691334789e-03
1.130623376388897441e+03 3.501570178855707240e+02 2.697932105729030153e-02 5.544989936916719722e-04
2.792280704516817309e+02 6.523573945736827682e+02 6.729375380593797910e-04 -3.142300652368726311e-04
1.348588721880488208e+02 4.004867316468808554e+02 2.855892324985819571e-03 5.298136625853122096e-03
2.345928036306490014e+02 6.680130572702568088e+02 4.831058210707696136e-03 6.932070318668485075e-03
2.775035608905288314e+02 6.143401599355677263e+02 3.304930215294196293e-03 5.574303912454741175e-03
2.361522652190758151e+02 7.862226252395521442e+02 5.369348267556282861e-02 8.145093857462534781e-02
7.691625372181223383e+02 4.487468827795997868e+02 -3.271357675434911037e-03 -9.584789649346196413e-03
2.217520869713619902e+02 2.985934375745199532e+02 -8.536176925267902060e-02 -3.464991489067774655e-01
1.122027795228997547e+03 2.200425134094301711e+02 4.438500199542810137e-02 -4.469355502590302218e-03
3.641116353101022582e+02 5.365508759081390053e+02 -1.469097090478843348e-01 3.711032647293175529e-02
7.999218206713596828e+02 8.823987436952387498e+02 -5.158739942510012777e-02 3.715994812907438133e-02
2.485243359993833394e+02 6.742052895127014835e+02 1.250300390078301020e-03 6.207348622425424255e-03
2.141491089259994567e+02 6.378628064211536639e+02 -2.297629791908971375e-03 -5.248192604127135952e-03
5.667658245193556468e+02 4.565275532587862131e+02 -1.056025950775948685e-01 4.387623298772935082e-02
2.683775574687051062e+02 3.003996469353290877e+02 -4.163700073965880617e-04 4.878818779559986919e-03
9.928817959284561994e+02 2.090886230961803847e+02 -2.272137503206914100e-03 2.682751130783677870e-03
2.134080098717641931e+02 7.515424082549112654e+02 -1.553810968112605360e-03 2.598239858748614337e-02
2.774748602437394425e+02 6.767349408087915208e+02 -3.715578972972225879e-04 -2.487273699188389826e-03
2.922487063908890832e+02 6.487056882444883286e+02 -1.517768788818161249e-03 1.034384641257763034e-02
2.553712748249118363e+02 5.055639044506597202e+02 3.546922167793672975e-02 -2.009689437742585155e-02
2.694392435037357814e+02 4.810204458336523885e+02 2.191604390956194623e-02 -5.791408224435524998e-02
2.033979824220386092e+02 6.355356270442416644e+02 -5.922451672781711002e-03 -2.964456629250448484e-03
1.045296353951306173e+03 1.954139303016774249e+02 9.438799449644377781e-02 5.606932137807955213e-02
2.776352349299340290e+02 4.533395790185214764e+02 3.752881057340798354e-02 8.057648788568001763e-02
2.632892072502573342e+02 4.803849452547065084e+02 2.476888338830828679e-02 -7.658992363247696389e-02
1.957289745904027143e+02 6.994948479711731579e+02 7.295042345802893978e-04 -8.068370964518198005e-03
1.152267749103895767e+03 3.248790556888606602e+02 3.132996687221441950e-03 1.349617292162022661e-03
2.392439409227905003e+02 3.789674623065350261e+02 -8.173311127582887081e-02 -2.879509332263500143e-01
2.558086297425977875e+02 4.767947456675338458e+02 6.909819001192224475e-02 -5.011715025224450920e-02
2.622417179474526279e+02 4.884119689845530843e+02 5.700068098132540263e-03 -8.643913514020713784e-02
2.406485461225121867e+02 7.821671270774611457e+02 6.562087188854796860e-02 9.116599459003391082e-02
2.765969197166281788e+02 6.400969441282413754e+02 1.527880801999702796e-02 3.535947009570711199e-03
1.006865167803024519e+03 8.052489582447141174e+02 6.535104122345990023e-03 -2.359210624569308204e-03
1.820830174244810848e+02 5.179558637679687081e+02 -4.603264254125981059e-01 -6.613695466488943298e-02
2.716940345552146141e+02 4.325856642001618297e+02 -1.447005805146439963e-02 7.858314771697177958e-02
1.206019895884409380e+03 2.280318088383695283e+02 -2.122301696686864064e-03 4.246206430869476703e-06
2.381151211799752332e+02 7.719078223360245374e+02 9.564137480015318105e-02 8.070565306177916731e-02
4.871389407767342163e+02 4.474341321382343040e+02 1.216366409457039863e-03 1.427517394922620756e-03
2.310044281840890790e+02 5.750518824926547268e+02 -1.401464891072541109e-02 1.283291222989871652e-02
2.639217124283249518e+02 4.611079361881619434e+02 4.257411437749333838e-02 -9.401898265853410319e-02
2.413232818488370413e+02 5.974603039415919739e+02 4.502109707537234329e-03 1.323693951632668592e-02
7.144594321276348410e+02 4.046222416402275712e+02 -4.070088914584141793e-01 6.130993434363677524e-02
8.345231730489455231e+02 3.228436938917461703e+02 1.345767509143016606e-02 -1.745517826162936922e-02
2.823988249012165852e+02 4.595308184123356341e+02 3.333385023622082582e-02 7.841565366396932579e-02
3.217529020743010619e+02 4.960373687347859004e+02 -7.462861249871648173e-02 1.462659304518082112e-02
1.224331115735977392e+03 3.973116674196676286e+02 7.602155414547674163e-03 -4.372904699146214929e-04
2.232018885851281027e+02 6.952347352045217121e+02 -7.504832388532788751e-03 2.902705720394256617e-03
5.544105655671895647e+02 4.333818323443082932e+02 -9.807293940591106651e-02 -3.576272338154010133e-02
4.628390222703596919e+02 4.546046853008091375e+02 -7.646155395049602371e-03 4.967681490136958630e-03
2.834323801658764523e+02 6.290234594123431862e+02 1.824910293945853669e-03 -4.217998082705241375e-05
2.146982664100615636e+02 6.949407794664105040e+02 -6.604459177588136928e-03 1.236223445379446180e-02
2.847296417714263157e+02 6.173048773352460330e+02 1.469517438923697086e-02 3.470345016240337227e-02
2.613683445058479720e+02 6.799724701145422614e+02 -4.161576148000771525e-03 4.918197703470540520e-03
2.098569905888195990e+02 5.829788324354161659e+02 -2.540629072166268165e-03 -4.505453695403480001e-03
2.936575052528067431e+02 5.970448596364406058e+02 -6.860479522692844792e-03 -5.650149369410311512e-03
1.128603321809127237e+03 3.614576425859598885e+02 3.133239433102044148e-03 -5.141293062806225403e-03
4.943063615021230248e+02 4.315551237066294448e+02 -9.286858444435008852e-02 1.270477468987808028e-02
3.291366059510821742e+02 4.936125400581526605e+02 -5.293768469338338417e-02 -3.040672193642399504e-02
2.974987456362127887e+02 5.394402960910146021e+02 -2.970064125733107210e-03 -1.538376502068813110e-03
1.194091759233342373e+03 2.370988328201090098e+02 3.116737293320925861e-02 8.329582695815850035e-02
3.480312523717271915e+02 1.059603500428876032e+03 -1.270331183642968952e-02 -1.902595705572290158e-02
2.086238850449700521e+02 6.886715739670695484e+02 -1.593328634068637631e-03 2.525350113352609299e-04
1.209128530832489560e+03 2.613039941478693322e+02 -5.869534909787053022e-03 -4.963392895013718151e-03
3.425525820016781609e+02 4.704590210977129345e+02 -4.230605333020213271e-02 2.608423511434250497e-02
2.442193232805107925e+02 6.297008724861441351e+02 3.911542630889205518e-04 8.203218843568090349e-03
3.541762486351793768e+02 4.869527034290210281e+02 9.348991878322756612e-04 1.017022688278874454e-03
2.276089154973664392e+02 6.724154910415985569e+02 -6.811830884333689448e-04 5.849699390459550848e-03
1.251241431465160758e+03 3.630933592317039142e+02 4.487120091306507534e-04 -6.367965954084546347e-03
3.176982562014590599e+02 5.396183668892155083e+02 -9.919130903172387534e-03 -7.047290333710155320e-03
2.713064336083330659e+02 5.658132051708893187e+02 6.187109286337103648e-04 -4.928032446634847755e-03
2.989276818991200457e+02 5.780860753667573135e+02 9.423361164961237268e-04 -2.346385834887922475e-02
2.430765565197422120e+02 5.099248019401425722e+02 3.874679786300624235e-02 -4.340530741571044238e-02
9.699437811251573294e+02 8.446661428793688629e+02 9.317727546567540833e-03 -4.387545659956051253e-03
3.368965666000654551e+02 1.081533584622627359e+03 -2.972105817892691133e-03 -5.994818549193086689e-03
1.231279077313634389e+03 2.564107929674798925e+02 9.204627664336956813e-05 5.925697661693350889e-03
3.340546624066051891e+02 1.057282566436748539e+03 -3.171669913066273855e-03 -5.514391497957032290e-02
3.257970673913268342e+02 1.061286738179448093e+03 -1.245289413089431703e-02 -9.864199678666878482e-03
1.017768931699961627e+03 8.168566431678399340e+02 1.146823065172080346e-03 2.911067505012829336e-04
3.012391472494072673e+02 5.501636483248981904e+02 2.844593212145274299e-03 5.822398826953443553e-03
1.151673902974049724e+03 2.437603379277443025e+02 8.350646065352547789e-03 -2.315562763961321810e-02
2.185315780998350590e+02 6.452529664878258018e+02 -2.436131214887264900e-03 6.686734726943063638e-03
3.510586667905893705e+02 5.332252154941048730e+02 -6.985967618473269691e-02 1.134082437121072297e-02
2.017354029935648327e+02 5.090178677018335520e+02 -5.726678669295306697e-05 1.704959245041146260e-03
9.445874938862473300e+02 8.615113466521236205e+02 3.275664727148732691e-01 -1.286247219286226484e-01
3.199870755556272570e+02 5.444726050158881208e+02 1.508498833823406415e-03 1.437410414758566219e-04
2.610763204814560936e+02 4.704805241152491817e+02 3.452008907171465885e-02 -6.757092430049034537e-02
2.809543393186586968e+02 6.717553670904841283e+02 -1.722619604309966537e-02 2.234215641585751352e-02
8.271442416282989143e+02 3.484421166734140343e+02 3.962220284541100729e-02 -1.362627919318826902e-02
5.061287380527111281e+02 4.406819251622285378e+02 -2.170887973210627320e-01 6.209304165035196832e-02
2.712724868871928834e+02 4.745659350901980815e+02 1.780778927321807412e-02 -4.323387278614885393e-02
2.029628519244089944e+02 6.761571753315713522e+02 2.792038305907082376e-03 -4.866828524750597268e-03
9.634964738413600571e+02 8.324717790955103283e+02 2.992697445808589207e-01 -2.163555850433054317e-01
1.004588355505502136e+03 8.315288460269792949e+02 1.219287962019865133e-02 1.406962730070202700e-02
1.041839940286453384e+03 8.485067692436093694e+02 1.652541958394139476e-02 8.671970662640608382e-03
3.163373717243514420e+02 5.490047020340680319e+02 -7.123481776926216154e-03 6.712094184192688058e-03
2.480995288774323910e+02 5.867349365049457219e+02 2.601720667996687553e-03 3.960955163540464535e-03
2.462411846408465124e+02 3.700894603954803870e+02 -1.058839467167146768e-02 3.055238714268560581e-03
5.105265072913396125e+02 4.577951662253922791e+02 -1.070259892636906268e-01 5.646752353288325005e-02
2.472569787970904827e+02 4.957950996891906925e+02 1.671701985666198056e-02 -5.828629790465304772e-02
2.561823031150282191e+02 3.468435565752473622e+02 -2.331061065664772822e-03 1.583139870302435921e-03
1.068421337877036422e+03 1.881407288315751316e+02 5.999980455231202804e-03 -9.859056121740650269e-03
4.950434396812572118e+02 4.392439079657960974e+02 -1.205026616301214520e-01 7.891140232176763539e-03
2.570925655771709444e+02 4.422876335594265811e+02 -5.909420290780161011e-02 -1.160573001198001997e-01
2.887150212230890247e+02 6.199717183461596051e+02 1.578171309796572901e-03 -3.088064829547298648e-03
1.174440840559513617e+03 3.816906412899106726e+02 2.802106459770278141e-02 -2.189120864116573736e-02
2.856084278801602068e+02 6.459765001060477516e+02 1.593060892772801525e-03 -3.461448210681836776e-03
2.096145801124883974e+02 7.387773466429085829e+02 -5.253323831391073888e-03 5.042390110590963363e-03
3.464862738052391364e+02 5.276292723487829335e+02 -6.972740258117149370e-02 1.015111108711603226e-02
2.179376936077561311e+02 7.652738781147278360e+02 8.820093251338142343e-03 2.074446736458858062e-02
1.229933514271104741e+03 2.441419460486259823e+02 -1.227413252745869141e-02 5.167127157125825897e-03
2.660066789923540682e+02 4.862091523561910549e+02 2.050085041844847134e-02 -7.614287977227127135e-02
3.367531804034428546e+02 5.499836712410810833e+02 -2.988058893913209113e-02 -7.175642238097013764e-03
2.513494518651352507e+02 4.186661185587556133e+02 -4.186442997624564843e-02 -1.758572133300021212e-01
1.925534346382497120e+02 5.781432016637594415e+02 -5.434591083007325740e-03 -7.099033384544989203e-04
2.484846998932130475e+02 3.453425967192721373e+02 1.092812984208000769e-03 1.756379049772075970e-02
3.250823030408113254e+02 5.264835636929923339e+02 -1.816358130047556266e-02 3.852967699618368557e-03
2.738097288269999581e+02 5.831792786827739974e+02 -1.464217276992935655e-02 3.081170841906301881e-03
9.841193957218939659e+02 8.257857412633313743e+02 1.451199355497742038e-01 -9.240936991855928928e-02
1.198006043688518275e+03 2.005971212684171689e+02 -3.979088774618539867e-03 1.813088422845580625e-02
1.015797626933751758e+03 8.113805997827688543e+02 4.257863915953938316e-03 2.109324896489870281e-03
9.838794019733082905e+02 8.205915760730217698e+02 1.732658200385917557e-01 -5.795116699857996712e-02
2.575940017602264334e+02 5.956222399112632502e+02 9.539630020624530193e-04 6.826644990432628908e-03
3.042454069705692632e+02 5.065330128302626918e+02 -4.845649921443203473e-02 -1.171198843249077019e-02
2.137817942996945249e+02 7.186872906066286077e+02 1.336470656428169175e-03 -1.215169190014547601e-03
2.960212046202174747e+02 6.105734306696393787e+02 -2.968206183870373757e-02 6.728934067491018634e-02
2.229465818046554944e+02 7.045692528492995734e+02 -5.502119052483287441e-03 8.774947409560269335e-03
2.663973561354165440e+02 4.687085019489280171e+02 4.335718522315688828e-02 -8.032621458656730162e-02
2.311730055024572437e+02 5.626399749085485382e+02 -3.146640434573330473e-03 -2.121154615145648165e-04
6.082446556108418463e+02 4.206659738278643204e+02 -4.548991230860083834e-01 1.230943469143538777e-01
2.543381389027250066e+02 3.290622085058702169e+02 -5.892466295572849032e-03 3.367153415936600599e-03
1.074935460688639523e+03 2.069905091577341807e+02 1.238086350609493048e-02 -3.650306615986186748e-02
1.118944924814304613e+03 2.060498730729133570e+02 7.809740039761882413e-02 -4.322129613766712009e-02
1.244191338194288619e+03 3.974006048805317732e+02 4.669020302477328629e-04 -1.942857447571972630e-03
1.088344899350033984e+03 1.884361758210666835e+02 5.824631623938492271e-03 1.867167074708853472e-02
1.073047740968921062e+03 2.017495854939483593e+02 2.200212288124759729e-03 1.595211457344088840e-02
1.168928306915778876e+03 2.468494124452757603e+02 -1.112414479607785715e-03 -7.886929712291889955e-04
1.138162319534076005e+03 1.477427157823240975e+02 1.551969451713943078e-02 -1.755130533717987051e-02
2.607001044717570153e+02 4.229420989572572012e+02 -1.180454436826264584e-04 2.464331594014011750e-02
3.044805325617952008e+02 6.233338955498265932e+02 1.016708753296496556e-02 -2.919809836829573724e-03
7.224486939845962752e+02 9.133523285873817485e+02 -5.600140707169074146e-03 -1.005288223702206253e-02
1.183326292555533200e+03 3.790459146802695045e+02 1.004819380149330268e-02 2.657089925487007842e-03
2.879274855435581912e+02 6.627834152654401123e+02 -1.487090761901130884e-03 2.537257732922508849e-02
7.243146757068501529e+02 9.164687668643246070e+02 -1.137717564761552870e-02 -7.926485209213301672e-03
2.406540414238083656e+02 6.160775399129662446e+02 -8.402752308321263797e-03 9.652208686631665382e-03
2.380306282995391882e+02 3.304256130436252761e+02 -4.409273482753626149e-03 6.645638471286024682e-03
2.440288012600333047e+02 7.367812916486416270e+02 2.642576401648351943e-03 1.084536969775322900e-02
2.866279336403954972e+02 4.754602313054674596e+02 3.283513065756180072e-02 1.025970362529879665e-01
1.004838060625076537e+03 8.398882839167710017e+02 -5.554226544455280121e-03 3.000273048014200170e-03
2.703919827703268766e+02 7.832750325005674767e+02 2.421583121034351638e-01 8.685472116392158048e-02
2.235309892332523418e+02 5.631041530816560226e+02 -7.431915882526506610e-03 -6.785228680235710561e-03
2.860296872790191856e+02 4.521547207624911948e+02 2.394329292819927929e-02 9.143867478775910551e-02
2.458437286837413751e+02 6.841327863071771844e+02 7.567078852161449563e-03 1.652308689046373680e-02
3.051640290433746259e+02 5.706604132080349245e+02 -2.826455278774166885e-02 5.531716770934004546e-02
2.363048164077831927e+02 5.261268030837854894e+02 1.879778821883053286e-02 -2.539734648301887263e-02
1.196168753829157367e+03 2.262074874869644532e+02 1.075578757839517306e-02 -4.749074601129236496e-03
2.707976039852542840e+02 4.135708904871520986e+02 -1.375264919071995939e-02 1.080798753912122837e-02
2.457702596515630376e+02 7.170369721475409506e+02 -2.017667090183182434e-03 6.292495533826505949e-03
2.390343485335855291e+02 3.399968670990270994e+02 -7.200106017947545747e-03 -1.140167771234302380e-02
9.987271332422672003e+02 8.050878780839742603e+02 -2.607745546537790921e-02 1.124003472869678118e-02
2.423533185886796559e+02 6.732236596010177436e+02 6.560185309378746207e-03 4.924630090221678372e-03
1.180907422071242763e+03 3.890207730077336237e+02 -1.941074795868054370e-02 2.200304896911458100e-02
2.122732155991167247e+02 6.514317862944744775e+02 1.109811449256571658e-03 1.025492396329715167e-03
6.193880376896617008e+02 9.358422929359968521e+02 1.138334407608336936e-04 2.937055856292128831e-04
3.077433427406857618e+02 5.113542175930685971e+02 -5.458452102436357062e-02 -9.719934008375735388e-03
1.123003606963573930e+03 3.325674731132987176e+02 2.616898894043830602e-03 -4.570312756214045362e-03
8.666524957061741361e+02 8.609040069012382901e+02 3.691598611872063396e-01 -1.823439732146752146e-01
2.570612830756451217e+02 4.322332247154619722e+02 -7.380407034053020066e-02 -1.153185072698682534e-01
7.249868094404763497e+02 9.763487305516358674e+02 9.180514487180777353e-03 1.819579667095254025e-02
8.701435824186429500e+02 8.747027401769719290e+02 4.462652522226285834e-01 -1.761874997477936577e-01
2.555371199439498184e+02 4.964351777285116896e+02 3.137456966268532821e-02 -3.155796447135056360e-02
8.142107327436285686e+02 8.703129876304356003e+02 4.089828893830770680e-04 -6.874203342499415718e-03
1.266927445310012217e+03 3.893142992238517763e+02 4.164449208123061075e-03 -1.574477867321921439e-03
8.602699558264483812e+02 8.674366712541013840e+02 4.387278738528547772e-01 -1.588956075055353578e-01
3.508571551945638021e+02 5.238089109958393692e+02 -1.410056215117041212e-01 8.533314161316339630e-02
2.091477130863337095e+02 7.232461673590917144e+02 -1.526027933417871754e-02 -1.576974318442857584e-02
8.145611869291934681e+02 8.881827258866046577e+02 3.710940580173493486e-01 -1.643433696236257513e-01
6.111710338815800014e+02 4.274620712051173541e+02 -4.912502306371487881e-01 9.969370318705925160e-02
1.097455221218825500e+03 2.772694252315051244e+02 5.459587079331138654e-02 -5.850601926976993494e-02
2.199681625491319039e+02 6.163128510962038717e+02 1.194776275465335089e-02 2.128683419378281372e-03
7.805053501644937342e+02 9.097125796980850509e+02 3.949478637540640991e-01 -1.944963199715348812e-01
1.160671101038325105e+03 1.425229011378573034e+02 1.169769270217609070e-02 4.051751131669053402e-03
2.767300709932547989e+02 5.951530396355071844e+02 1.091210148017366863e-02 -7.830913885712079527e-04
2.628829835446288143e+02 4.411010838496183624e+02 -3.583356764503062980e-02 -1.383186064648622149e-01
1.210824674339420426e+03 2.136673507429825634e+02 -1.545699323208615458e-03 1.042316549899169331e-03
7.806458085878886095e+02 9.173624055994772561e+02 3.706947584667427686e-01 -2.093953591685767113e-01
2.361364124159163680e+02 6.122255966320108200e+02 -3.765756664058631745e-03 3.563060122157574259e-03
2.359411108923655149e+02 3.163374211918203969e+02 -2.992063959113681806e-03 1.098594651269573473e-02
3.696162723940742580e+02 9.736062901353116104e+02 -9.816870806709894481e-02 -2.773215432861195762e-01
7.570958704798085819e+02 3.731690548646393495e+02 4.582550645224158781e-01 -1.192143003328710871e-01
9.366060591750824642e+02 8.531292721450447516e+02 3.386672153697965482e-01 -1.438833542640026442e-01
2.274568037517000505e+02 6.157947008492776604e+02 7.894178811645330765e-03 -3.164144040174460791e-03
1.018440460039179129e+03 2.568537519259709256e+02 -1.447606720285754198e-02 -4.362024373586782973e-03
3.085935598479205737e+02 4.804623001640802045e+02 1.571531665435074374e-02 -1.807427877978195346e-02
5.351885244443775491e+02 4.828812367728530148e+02 -9.106958722911555337e-04 1.974530931868297753e-03
8.644672618577728826e+02 9.011734532563591529e+02 3.577418106239898532e-01 -1.532176096994693482e-01
3.187455183699210579e+02 5.147182794390423624e+02 -2.144581436645749406e-01 1.828578280095249572e-02
1.069974032883148993e+03 3.263668410361219685e+02 -2.366569554670145542e-02 5.688962823363410970e-02
1.030925173450820239e+03 8.335722852109464611e+02 1.501374541513847936e-02 2.513511435085551745e-03
2.998736055757127019e+02 5.426807993108179744e+02 -5.927415754756408528e-03 -1.215083619698780620e-02
1.997424052963651491e+02 7.129488300393952613e+02 1.601468352592940250e-02 -3.377940258166862737e-03
2.607009378853957173e+02 4.993542822190376569e+02 3.448441845802220629e-02 -2.427055348701429374e-02
8.054451653891326259e+02 8.864980712021026648e+02 3.926184404407636053e-01 -1.595403748338397043e-01
2.768210566455700246e+02 4.743411366896698951e+02 -2.670160585308444315e-02 -6.645458992448093072e-02
3.052386570186751555e+02 6.358931448301161709e+02 -2.624182135929400408e-04 -3.549204387276953809e-03
7.921422733603537836e+02 9.409477567934347917e+02 5.475897967597149751e-01 -1.977085597914826354e-01
2.942930305867243987e+02 4.125395132433970389e+02 3.204080026820281448e-03 -2.673636303204557883e-03
2.641880835389210915e+02 5.097400628900408606e+02 8.665426735369506639e-02 -1.765508813371762797e-01
7.496513590901244015e+02 9.426420641347955325e+02 4.877853042609925360e-01 -1.488199739596646198e-01
7.867235364201725361e+02 9.344468768384861050e+02 5.588533976300854578e-01 -1.863237358388901421e-01
8.040196046578490723e+02 8.991244806765184876e+02 3.248822703441450743e-01 -1.863240868269004091e-01
2.327942016936336529e+02 6.485713397942286065e+02 -2.089943967196560178e-03 1.313010263188381550e-03
3.363641673311427098e+02 5.620629909436053140e+02 3.269624073089915251e-03 3.032744137565507314e-02
2.675317353912641352e+02 4.605118370513086461e+02 -2.990111218248150265e-02 -1.245198119687574434e-01
7.295565926049788459e+02 3.974905058876310591e+02 -4.097192050157787979e-01 8.641914422084295833e-02
7.549701511542876915e+02 9.194237112840737609e+02 4.812809472433278724e-01 -1.430671088822468850e-01
9.211417396728955964e+02 8.823901955474379974e+02 4.063496346026498340e-01 -1.483023348501697758e-01
1.083868190062172516e+03 2.685872319695595252e+02 8.863249094713072929e-02 -3.634946290264456231e-02
3.282622858713425558e+02 5.829363869939285223e+02 6.050754938104150119e-03 4.990718862376128731e-03
2.709458503275080261e+02 5.015722456194257575e+02 5.232768477352105208e-02 -1.812970415359345944e-01
2.716462978067597760e+02 5.216405359725167727e+02 -1.300174228975970181e-01 6.158552869208119146e-02
7.447074621673656338e+02 9.306940289351298361e+02 4.927780865437562663e-01 -1.825271425317970264e-01
1.858814387322668438e+02 5.748422528433754906e+02 -1.138486950600703547e-02 -1.132811131953693172e-02
2.553649671938123902e+02 5.562085911326946643e+02 -2.936357649790883456e-02 1.961195269207605119e-02
1.425635294897313088e+02 3.920533241784519873e+02 2.903453080844204878e-02 -5.113772384223096851e-03
3.428546973399616604e+02 5.342151001951962144e+02 -4.366645220901230889e-02 3.286698755477960449e-02
2.524777564569019432e+02 4.864988921513669311e+02 5.320773043026078009e-02 -2.960712499215544663e-02
9.910967472438286450e+02 8.506457288802658923e+02 3.766635593750505828e-02 1.063192840285414643e-02
2.575234321447484263e+02 4.863197489700615392e+02 3.364789772157680825e-02 -5.216684829116784161e-02
7.550087077459728562e+02 9.495672894234149908e+02 4.871995368658703640e-01 -1.726042697803774340e-01
1.037159155547123646e+03 1.823034608829561876e+02 5.413919417564066333e-02 2.369001920197044350e-02
3.485114102574983690e+02 4.759985045362010396e+02 -1.776376835919683123e-02 -1.593240967183489221e-03
3.274238656532754703e+02 5.143680156086527404e+02 -7.620070897996022996e-02 -6.286003107396766210e-02
2.315370791030059650e+02 5.463527758556474510e+02 -1.551668298476881896e-02 -5.039311303238210027e-02
9.183431953647256023e+02 1.102594582722071664e+03 -2.673779549729378164e-04 1.320509514689637411e-04
7.419492147401988404e+02 9.376191094007202764e+02 5.056837258838244864e-01 -1.895798233578338265e-01
1.137973509937040717e+03 2.918141351070038922e+02 -8.105384823162095978e-03 1.738662436357436836e-02
1.988720754543161320e+02 6.626528609452523142e+02 6.727585021219556396e-04 1.711475193120025676e-02
2.003187646321584907e+02 5.792356128064783434e+02 1.854545352841487083e-02 2.953127907387106954e-02
1.275864639960953809e+03 3.308968516071004728e+02 2.334119981648006756e-02 -2.144296046147760038e-01
8.422477761034515424e+02 8.972084233063786769e+02 4.157026044660961928e-01 -2.349738100814667829e-01
8.811495765346571716e+02 8.926760673503981707e+02 4.197004882178044793e-01 -1.660884174955153114e-01
2.588769257671810351e+02 5.417118849127384692e+02 -1.349558919774633270e-01 5.881848584613631054e-02
2.505302874219282216e+02 3.070920499964734063e+02 9.919518524639844154e-03 2.221943361164921762e-02
1.889930217629197671e+02 5.070321958462072871e+02 1.839590447987109320e-03 5.664094569625030030e-03
2.474584496589257014e+02 7.028440149927116636e+02 2.638527953231099626e-04 6.438506027665885298e-03
2.375713864596224028e+02 6.830400471197146999e+02 -2.667759998082534063e-04 4.307491723734123944e-03
1.168018623249796065e+03 3.694620093068826918e+02 4.782616830868959522e-03 3.910645939748971789e-02
3.309776045241618476e+02 5.430819596005251242e+02 2.157991979122426095e-03 -1.068123373658753407e-02
9.945278595288464203e+02 8.729823279435281620e+02 3.543994874952139384e-01 -2.912956812434855033e-03
3.701145361115620176e+02 1.050795016462430567e+03 -2.914305782865771882e-02 -1.171608330059172864e-01
9.747153542300617346e+02 8.530702345281349608e+02 4.180920995376331134e-02 -2.568555104734163153e-02
2.238530618511523471e+02 3.169400799210981745e+02 -1.019702790800101483e-01 -3.886194929917060614e-01
3.326230886682291725e+02 4.875185812027677912e+02 -1.433601072884100984e-02 2.241851249564858969e-02
5.558993221985621176e+02 4.237973761800600414e+02 -7.311384244054680570e-02 -3.795940350213323350e-02
1.156369454462142130e+03 3.428731722978073435e+02 2.193349168155151255e-02 1.365027775162753684e-02
1.131687589262526217e+03 1.557929357675680819e+02 2.351068033582429800e-03 -1.474064818385406594e-02
1.209118491126195067e+03 3.764439820484981851e+02 2.677674186438167361e-02 -1.680262512985001427e-02
2.469893252846628400e+02 3.954184812617311309e+02 -8.135269385414599375e-02 -2.478247259791861168e-01
2.839893147697683276e+02 6.907797532851802771e+02 1.912006697886348486e-03 1.821578366262557175e-02
2.680866509194243008e+02 5.489612626133396134e+02 2.782494309507014749e-02 3.156956303300628014e-02
1.170322288514253842e+03 2.228100400426318117e+02 3.811687467717065833e-03 -7.407285267017903012e-03
1.190216440776609033e+03 2.510625632914621974e+02 -3.652811332466455313e-02 1.443856966649646745e-02
6.169214254598523439e+02 3.954556000143487040e+02 -5.600027563522673724e-01 1.062013196007428883e-01
3.269303067108349978e+02 4.757317148989091038e+02 -3.400830919317155560e-02 -2.900716370595771317e-03
3.120722389859005261e+02 6.050996852121633083e+02 -7.516497954350481042e-03 -6.348157917892143258e-04
7.953585436912960631e+02 3.616080173410770158e+02 3.562688744655020945e-01 -1.157203913558601527e-01
2.344226946362817330e+02 6.258539497689737345e+02 -9.107797573016463213e-03 5.431486794834361649e-03
2.363166360890692204e+02 7.513442872597340738e+02 -1.069064708212075568e-03 -2.947363927934911788e-03
7.933268433195175930e+02 3.481929356448163162e+02 3.551937597776981814e-01 -1.336936702256477927e-01
5.437237991809760160e+02 4.679724548525160799e+02 -1.991021617371814545e-01 2.391315044593849207e-02
4.947933787765081775e+02 4.728396360591628991e+02 -5.522343953826424484e-02 -6.493446949307686566e-02
2.033039912993459097e+02 7.030783516902394013e+02 1.631031322143644026e-03 3.481812751673904038e-03
8.259231173912614850e+02 3.295181302776549614e+02 -1.894539215285282949e-02 2.741203879146260000e-02
1.140401410452682740e+03 3.292083836767206435e+02 -1.881115420424336535e-02 1.179240988614533268e-02
2.889736661584441322e+02 5.748937146796193929e+02 4.125384912093536284e-03 5.055440362207039122e-03
7.412221938049464143e+02 9.565531984829623298e+02 4.094878660710273843e-01 -1.903001896666290937e-01
1.135730444964702883e+03 2.221097040440369312e+02 3.050613989625171676e-02 -1.381592892625203850e-02
3.488851804047748146e+02 5.414442597903731667e+02 -4.147280854525064314e-02 2.198534018925491287e-02
2.287354696017297329e+02 3.277589826481319051e+02 -9.511539276671709953e-02 -3.917653332189539594e-01
5.772745739308613793e+02 4.220387162670846237e+02 -3.170904246986754327e-01 8.185742369745400981e-02
2.130880947196867510e+02 7.311099601348960277e+02 -1.348069287412486175e-02 1.361046827309344252e-02
1.127208980030939074e+03 1.662223340221763124e+02 1.244231271362148707e-02 -3.922578274748975656e-03
3.343217519450014379e+02 1.076340919835399973e+03 1.193393053356790919e-02 -1.801017557391283372e-02
1.089655759708435880e+03 2.215265261611462222e+02 1.986483930797458206e-02 -5.744133357520222333e-02
3.386378120244386878e+02 4.819595619395307153e+02 -2.842856077141126675e-02 1.208626711636126561e-02
1.155110107482115609e+03 2.115659138941221329e+02 2.380291229325965860e-02 -3.728680679560540667e-02
1.969425933190242688e+02 6.894034411995972960e+02 8.430971097720209306e-03 -3.223271698574859626e-03
2.288961623912889536e+02 6.672471179616263726e+02 1.639074338371945393e-03 -1.574667861337495766e-03
3.429576167471861368e+02 5.002076879235721663e+02 -7.005264834878974223e-02 -8.925608607513584383e-03
1.023786021014715061e+03 8.647593879138006514e+02 3.398189761708034773e-01 -6.655856290819883725e-02
1.096385568255944236e+03 2.693065883808932313e+02 2.692070097321961133e-02 4.609784083468657784e-02
2.220038020205403200e+02 6.083730921653553878e+02 8.002743717510033689e-03 3.423827487679746359e-03
2.783468807535306837e+02 4.436903661827716974e+02 2.906818030787307328e-02 9.771262934909355491e-02
1.167957424740351371e+03 2.135235025009177434e+02 -8.078591022832360552e-03 7.880886306027984345e-03
1.115024546591126182e+03 2.364510438012956968e+02 -7.865764037777547499e-03 -6.071129708009221325e-03
2.373370507784454446e+02 3.040518615084570797e+02 7.200863616021132597e-03 4.869900464567502446e-02
2.159928329649511909e+02 5.818713442841659571e+02 3.331159733085312276e-03 1.355330347668187935e-03
2.738648408946094150e+02 3.818703746023814460e+02 -2.989184567376590787e-03 2.670324410311116642e-03
2.635206936920511112e+02 7.022101652734838808e+02 2.664618202878514064e-05 -1.030886561284205527e-02
1.968547755448269641e+02 6.211313753987624295e+02 -9.925687730202498171e-02 3.780050993262200065e-01
1.092454192818052888e+03 3.235975629552366399e+02 -5.907820216157458511e-04 2.338691748692812988e-03
5.741998358326188736e+02 4.622491720474600356e+02 -5.858949910114771842e-02 1.400850094350994217e-02
3.276490289968158436e+02 4.647968998609426876e+02 -1.397579810466849891e-02 4.076460269874191149e-05
1.109056378276588248e+03 3.587399700752651484e+02 2.599831536333950706e-03 1.043724732673946207e-02
7.474094642043507974e+02 4.470345034822331058e+02 -3.757951298097404746e-02 -2.270003805793661261e-02
2.921331171803626034e+02 4.543656593549699778e+02 2.373171665219739324e-02 1.230018519854087222e-01
2.470574089269719025e+02 7.733108231447860135e+02 4.373161520705152322e-02 1.153170705674530783e-01
1.281055771084019852e+03 3.741778165660408604e+02 1.184501358252283872e-03 -1.872782103803972281e-03
3.435207328594365777e+02 5.571128680990050270e+02 -1.078077928327611512e-01 3.599599372370727857e-02
8.282906081472148117e+02 3.393301721105910360e+02 2.362736307291263271e-02 -6.590473699344162779e-03
3.570214511325053195e+02 5.195745365107070484e+02 -4.063652786483810259e-02 1.168011787441671084e-01
3.488481609294555028e+02 1.090524024876363683e+03 7.544111992241695104e-03 -1.248478278214204019e-02
2.678200412677406916e+02 5.837381545359934307e+02 -3.403297743382649714e-03 4.759478697132865470e-03
3.158511676793519882e+02 5.864909910475770403e+02 -3.699837488159794362e-03 3.506479280191558711e-04
2.406477546213989172e+02 5.599885686760424051e+02 -5.739332603286134357e-03 9.459534864007954069e-03
1.092170503004918601e+03 2.156620484596749350e+02 1.964521767403951472e-03 6.146489452416488419e-02
3.049314351523160553e+02 5.482811152990944947e+02 -9.433658092285725216e-03 2.985868170333330976e-02
1.145352765189545607e+03 2.172457462642220491e+02 -4.382937879138961226e-03 7.177440538500528232e-03
9.947397356059811955e+02 8.649773438192794401e+02 3.421827845513599753e-01 -1.399325364790082911e-02
1.025932528241836280e+03 8.264866067541261145e+02 1.103885720804686187e-02 -8.013110707779696334e-03
3.548600048583252260e+02 1.091091730983672733e+03 5.953163963342808333e-03 -1.815501804516640120e-03
1.161209951195437725e+03 2.465226535260717071e+02 1.434421975530668636e-01 -3.641703573465480959e-02
4.789295892945895616e+02 5.100547782407729756e+02 8.574455891165416732e-02 1.211957542590406806e-01
1.954155064357101992e+02 6.457044243378509236e+02 -6.090432176409426787e-03 5.687701590247369945e-03
1.230419935720932017e+03 3.733761834439860081e+02 -6.819076456163247237e-03 2.042197386273447626e-03
2.596036793656090822e+02 7.214842891590744784e+02 4.122115857867221685e-03 -5.061005560898394935e-03
1.132943558544556026e+03 2.898959816448039533e+02 1.852180537354689753e-03 1.813154107423997630e-03
2.069550137128315725e+02 5.256529785555377430e+02 -4.526974227039792242e-01 6.403591114442834520e-02
8.778772165715431584e+02 9.131579133464194911e+02 -5.066391542586913266e-01 1.636861517874111382e-01
2.900003118624561012e+02 4.719332873989827704e+02 4.192615361788365469e-02 1.236487114448667629e-01
1.046290797214247277e+03 1.655468911974763841e+02 1.185501308217059707e-01 3.326615336358978298e-02
2.977550527554200244e+02 6.177325073158193618e+02 -1.317087439649595147e-03 8.865362039352142967e-03
3.127233431654864262e+02 4.924008618635376138e+02 -6.083341866121602659e-02 5.919115139183286391e-03
4.862755317017001744e+02 4.623668249916868263e+02 3.594184880741403409e-01 -1.148538063777157781e-01
8.820141045923708134e+02 2.274012635830293050e+02 1.640004420902313118e-02 7.357163232274102627e-02
1.061236755514217066e+03 2.854465523725834828e+02 9.639144183674853636e-03 -4.276547219714334214e-02
2.531962786917979713e+02 5.618745243162686620e+02 -3.026725378887958409e-03 8.132325627360445855e-03
2.219450621049604706e+02 3.096741355032585830e+02 -8.710829267551413457e-02 -3.551102838804624517e-01
8.979146881307108288e+02 9.087965797831116106e+02 -4.732715148162751073e-01 9.576058935115586146e-02
1.128806241354401891e+03 1.879703709262844313e+02 2.650904098208238871e-02 4.452677605121942855e-02
2.875486793090021820e+02 6.078416447063477790e+02 1.511492787121295270e-02 1.877231762680614665e-03
9.388474043651175407e+02 8.797463710988366756e+02 3.867532286904131755e-01 -1.065694066646846322e-01
2.308707500781391673e+02 6.083765628361229574e+02 -7.410182464884756959e-03 1.708854600533728967e-03
1.127913593763643576e+03 2.869090698040070606e+02 1.337276478521420061e-03 3.556006857228576328e-03
3.032564489052533077e+02 6.669282050310960130e+02 3.458976674954558628e-02 -6.034717487974750050e-02
2.237421083728688984e+02 5.527082603039033302e+02 6.495280223522387859e-04 -6.307752307121193731e-03
3.090062476069054469e+02 6.728868705138443147e+02 -2.570608412328835189e-04 2.198558142195582762e-03
2.495792549876304349e+02 6.485710477474518711e+02 5.003214120653701191e-03 3.400770136190568380e-03
1.094679392933488998e+03 2.078408006652993834e+02 -2.840185364499066625e-02 6.819707959661429342e-02
1.103766850992833952e+03 2.992648568233933020e+02 -1.297937690484410843e-02 1.807935884661705794e-02
1.168590384600276138e+03 3.414501070561919960e+02 2.003758802253863616e-03 1.703128428837463390e-02
2.425250226896414460e+02 3.453000886544081141e+02 5.131432887147224613e-03 1.533569789692384999e-02
1.110351772914893445e+03 3.165324863714524213e+02 1.216365042156698772e-02 3.524232943846691835e-02
2.676677297364329320e+02 3.558567482818202166e+02 1.871691777039652003e-03 1.456021977169077129e-02
2.564529849871781266e+02 6.801313889816109395e+02 -1.045776587994513319e-02 -5.593940827615784435e-03
1.007305143476471585e+03 8.751632472910342813e+02 3.991280115834738851e-01 -4.108856489672955276e-02
9.439398472682210013e+02 8.802516333620844762e+02 3.720176769353947255e-01 -1.135099830796358067e-01
3.135130895132228375e+02 5.344214375055786377e+02 1.076620386022444920e-02 3.924545799178204980e-02
9.557858571202476696e+02 1.797526201221922406e+02 7.179343149147987720e-03 1.840575916123264252e-02
8.043171124149952220e+02 3.740499716705655828e+02 -5.097114299494782674e-01 2.609566522026196544e-01
2.895703035642707164e+02 5.455109801298044658e+02 -1.292752854597253734e-03 1.003007756149388446e-02
1.066484821479081575e+03 3.496754587026785543e+02 3.122425818827007094e-01 4.272610438557570278e-01
1.108457586984450472e+03 2.535227599951857655e+02 9.450345081024064120e-02 -3.432353953929118823e-02
2.942892885313381726e+02 5.600487778971256603e+02 -1.068998909268920744e-02 -1.273814843210798776e-02
2.014446816953388577e+02 6.461294208058998265e+02 -1.298511515099282261e-02 1.874527902228323092e-02
2.072087902796694721e+02 6.105831915646425614e+02 -1.698201474302813568e-02 3.924316217652933092e-02
1.100908940582668265e+03 3.114834543241030929e+02 1.290995061891624281e-02 -1.356980895153774708e-02
1.192277397373111171e+03 1.801551881978082577e+02 2.586063404767556702e-03 -5.415689026932287353e-04
2.228658908414619759e+02 6.236148246510618947e+02 1.931250992099941611e-04 1.462850404823707283e-02
7.532856480010874520e+02 8.451632311811990803e+02 2.352536347461414094e-04 -3.984576343732937603e-04
1.296634559896541077e+03 3.426689889100159121e+02 -1.775224100688409593e-02 -7.634006527183601065e-02
2.882537203645123327e+02 5.172549708824930121e+02 -6.416345670971275884e-04 -2.250849716324635104e-03
1.082414737249663403e+03 3.394831680848254223e+02 2.178522237763540204e-03 -6.814230906427113169e-03
1.153020551150784740e+03 2.956341193359480712e+02 7.993589981782239784e-02 5.770670582188304476e-02
2.700348389758281655e+02 6.656415630361019566e+02 5.091400586189313501e-03 -8.953150916225933661e-03
1.166388131680701235e+03 3.528682989276364310e+02 -6.200895700595258561e-03 2.020479512743230538e-02
2.589034230082694990e+02 4.032825132066155334e+02 1.922606183659928553e-02 -4.866512321986066203e-03
6.734234669835037721e+02 4.962836454964938184e+02 1.457374919188605652e-03 -2.872872957150793792e-03
7.058030721965442353e+02 4.178677791384935745e+02 4.723970306186555113e-01 -1.160135308924134662e-01
1.206463448583733225e+03 2.453792239556155153e+02 -4.918346638681547409e-03 1.226306141463518254e-02
1.082439391027959573e+03 3.025448226425573921e+02 1.876280954293449302e-03 5.652420078866603800e-04
4.706407796417337863e+02 4.363438682962795383e+02 -1.086010965224170760e-01 6.946076904364192721e-03
1.144628787491265712e+03 1.967872824601013804e+02 8.319841087677559699e-02 -6.089815667901252866e-02
1.008071626317815230e+02 3.859862647403716664e+02 -1.053417168909747820e-01 -1.280092854762894805e-01
7.278977879364138062e+02 5.259235739055568501e+02 -2.635959274388964026e-03 -3.028213122655699484e-03
3.096973210619107135e+02 6.159665701538497160e+02 5.315574519041245741e-03 8.152585671867579320e-03
2.106970243654162687e+02 7.466378810484732185e+02 2.596668744492106398e-02 -4.196633325333627186e-03
2.754207169522142635e+02 4.812619291818690499e+02 -4.792363272250859535e-02 -7.029143976063891019e-02
1.132551410609397863e+03 1.486961847370120040e+02 -8.326539511161550576e-04 3.742211725474565293e-02
1.182188895087502488e+03 2.549955168272507251e+02 3.237133594716802565e-02 -2.728819422647135035e-02
1.136174428056413035e+03 3.574914874998556797e+02 -1.102294090028183293e-01 -6.881891435690623560e-02
2.289998582489882040e+02 7.305438059001908186e+02 2.686412217630590113e-02 2.821054255799359742e-02
1.514203122517137956e+02 4.549726437495363598e+02 -2.190701330967426131e-04 4.047709641398986036e-03
1.077821246174099997e+03 2.222307502406557660e+02 -7.655749483443413661e-03 3.981892922641884665e-03
1.195961080936206372e+03 1.862870746176533601e+02 -1.432119300774826630e-04 -2.297603592192744119e-03
8.671434895277803889e+02 8.906607359390261536e+02 4.192569383772700164e-01 -1.281292088228252746e-01
1.102649902441773520e+03 2.923018793514090135e+02 8.922820523204593726e-05 6.862076920143489987e-03
3.531752936945372880e+02 4.733145193588451320e+02 -9.274413809627296557e-02 -2.468175590711730802e-02
1.097770378330654921e+03 1.608608235687354124e+02 4.422995633538646942e-02 -1.282549792337826962e-02
1.131398856054323687e+03 1.956812957354890727e+02 5.012482125613978989e-02 4.432895316798442925e-02
2.459831649686376807e+02 3.103595019617148409e+02 -3.699593747219104885e-03 2.907752790426821818e-02
3.029565319114735757e+02 5.015528736040006947e+02 -7.571280225290188091e-03 -3.954081523088597006e-02
6.700220870295546547e+02 4.137767955297628646e+02 4.307332648122599306e-01 -2.314365994386797520e-01
1.164365587380409579e+03 1.858858052440017161e+02 1.067042320409974793e-01 -5.194077316978892161e-02
1.168512363672067295e+03 2.854962859505633332e+02 1.231921560780090963e-01 4.836633031605418881e-02
2.666306166181203139e+02 5.599282698821643862e+02 6.189432645580025989e-03 4.819579077850156407e-02
2.362556935151106074e+02 7.584233232523482684e+02 5.845884195460849739e-03 3.274689748825786867e-02
1.156291854350896756e+03 2.385442804710551172e+02 -2.687512184188067550e-03 9.669910842726967297e-04
1.108320959865362283e+03 2.111260572693416009e+02 5.258748310629610817e-02 -5.258885448151233172e-04
2.748354088798086536e+02 5.039915256820216314e+02 -7.578753244956151769e-02 4.418245112379445838e-02
1.128796074333237129e+03 2.185485160208448292e+02 5.807480293969777274e-02 -5.846386399900443259e-02
5.187823105881162746e+02 4.954686603722487916e+02 1.597797195677202742e-01 -4.879997370260928669e-02
1.148196596570353904e+03 1.404912314296587965e+02 5.242813676135942708e-02 -9.369352397658697873e-02
2.845788225556055977e+02 5.877864342354249629e+02 2.341679895652764513e-04 7.441846622189380103e-03
2.349433970726116172e+02 6.001281230944600793e+02 3.169427911860332302e-03 6.887521367863009766e-03
1.216090753357274480e+03 3.448631468227996493e+02 1.408836144840027171e-01 4.128156543631215925e-02
2.428856818350852507e+02 3.214744009706348606e+02 -5.907960277452579435e-03 5.230353604008654376e-04
1.169675384314199391e+03 2.571395627107876862e+02 -1.199102830230570991e-03 1.266823029725975408e-02
2.624689541829595782e+02 6.111804967882392248e+02 1.968574201671322368e-02 3.473330844531794925e-03
3.346890791559648619e+02 5.344037805426448813e+02 -1.029783672956054441e-01 -5.024183017415245756e-02
8.436513726158735835e+02 9.043844703166332692e+02 3.910228288001518782e-01 -2.589540627343782653e-01
3.036044204854194390e+02 4.926029396571163375e+02 -2.894698100035080629e-02 7.432554192598447677e-03
1.124226335828820083e+03 2.421241310545877354e+02 2.395569255248002419e-02 -3.096619753117321652e-03
2.488432588874933629e+02 7.199322581190939445e+02 -6.589060829972284358e-03 8.412745441251666401e-03
2.681115336505777691e+02 4.210103832430491479e+02 2.215802080054559212e-02 3.549735899052071375e-02
1.041216980708384426e+03 2.753570738470813239e+02 4.539564480408236902e-02 2.217753448775891534e-01
1.065219983428241903e+03 2.589833985654725552e+02 1.771218369877773924e-01 9.886303462835847877e-02
1.173163148251080429e+03 1.777262476089672703e+02 -2.058377876403820819e-02 1.101446591554708712e-02
2.862106142286750696e+02 4.980723942013078158e+02 -3.650439198103939964e-02 -2.041156651317029350e-02
1.134637270804548507e+03 3.302620042196069221e+02 -1.802947716862828486e-03 5.324323464407987490e-03
2.682136322828143875e+02 6.048747837054401089e+02 2.140840531958114468e-03 4.791619373085412634e-05
3.127762710013631704e+02 1.063232348318170125e+03 5.328151918866630074e-03 -9.142088681699191144e-02
2.719528931391335504e+02 4.394736640339478413e+02 5.747398032168564430e-02 1.007108336153400563e-01
2.825983935693991498e+02 4.829447145493235212e+02 8.954322389662016865e-03 1.505903184706063602e-01
1.299747437572541230e+03 3.334880426146769423e+02 1.945778402891374104e-01 -5.913343465777817082e-03
1.071736281283044946e+03 2.871781996689782090e+02 2.359511017093519555e-02 1.364274686950229902e-02
1.307506660218360366e+03 3.197480504898429672e+02 1.513594796612805771e-01 -4.844355293521920847e-02
2.082129159644790661e+02 4.899150650601533812e+02 -1.397082933196559101e-03 -3.628885069664791827e-03
9.222015890317379672e+02 8.917016271686252367e+02 3.964086218700659248e-01 -1.651372944285343092e-01
4.987921215202017606e+02 4.641002293741308904e+02 3.966037692611278365e-01 -1.075384115978931104e-01
1.142844053049217791e+03 3.202404371735374866e+02 1.811848369382883239e-03 4.274423571893415721e-03
1.129360783418470646e+03 3.091506339354859847e+02 -6.375672354671665064e-03 1.699531821589174430e-02
2.552500402420224361e+02 4.271312654636592470e+02 -3.362409909787560797e-02 -1.886469886108883554e-01
1.030908383205732662e+03 2.320269510474594767e+02 1.670853902594692242e-01 2.775733619602942515e-01
2.651934180549965276e+02 4.461969194251229283e+02 -4.643443742836912691e-02 -8.942598111163571617e-02
1.135598693312284468e+03 3.326839491280210268e+02 -8.428261250678092259e-03 1.341118042613471083e-02
3.661817915119644340e+02 1.095066179327307509e+03 -1.429667229004816390e-05 -1.546923666265990170e-02
2.067177170180376038e+02 5.881943169367906421e+02 1.292160111163566660e-01 -1.791665402311183597e-01
1.066969236476794094e+03 1.786305700697541567e+02 5.275657269994148135e-02 6.323955401520528485e-02
2.059294763992848800e+02 6.268925902093491231e+02 -1.245470733278460779e-02 -4.540734675638214909e-03
2.646251701467853650e+02 6.868996170076079579e+02 -6.402925224693213103e-03 1.544659866758953332e-03
2.927001503662430650e+02 5.050667880059391450e+02 -4.285578651248758003e-02 3.037546883325997760e-02
1.203601907141319316e+03 2.024343301678352134e+02 -2.241500360132434380e-02 -4.532577429371894423e-02
3.394322623976252657e+02 4.863402846769751022e+02 -4.402748709268415606e-02 -8.674841706379375975e-03
1.109675663995283458e+03 1.664244863503469389e+02 5.696353746554567304e-02 -5.817993756086860258e-02
1.107995534815738438e+03 3.306997832721270356e+02 -7.945936397460839212e-03 2.446768112302960194e-02
3.152943169017337937e+02 5.662948815375633558e+02 -9.683209706860686217e-03 -3.934904935582687197e-04
7.116974749830585552e+02 4.013942402330019377e+02 -4.133522350593099581e-01 6.473455380745350707e-02
2.348386674283138689e+02 7.038824571680279405e+02 -2.289213125481360991e-03 1.483299534926334228e-04
2.325545146163198353e+02 7.473168810068444827e+02 8.282801862724745168e-03 -1.159519367931266878e-02
2.481392366898804767e+02 5.983885663959555359e+02 9.083679978738864796e-04 3.325323129721561438e-03
1.037359674967431829e+03 2.831701394127400135e+02 -9.932913106031084766e-03 8.487007184691386374e-02
1.109312257621133313e+03 2.820627377872747843e+02 4.255272828258696918e-03 3.475565026114693645e-02
1.179130372405399839e+03 2.297989119855776607e+02 -1.659675856956818046e-02 1.905708501945243757e-02
1.125243536859339883e+03 3.349060941822326640e+02 -5.813702100727589049e-03 -1.757022872514219089e-03
1.138931965063359939e+03 1.900717063755633376e+02 2.991219095932110689e-02 -6.894700554578500878e-04
1.032832027847304971e+03 2.194541946265210584e+02 -8.948280266450088505e-02 1.219185607983605951e-01
2.912929624182010002e+02 5.832931478521413737e+02 2.486032627310726800e-03 1.178482770879187724e-04
2.307447944026082212e+02 7.102361710865136502e+02 1.493051461949897836e-03 -4.823714894825462639e-03
5.765931229201573842e+02 4.327151209020177021e+02 -3.540191685654683895e-01 7.959195727058199221e-02
2.713559068356011039e+02 6.479756140139669469e+02 -1.256609880853924548e-02 -1.263594773972794710e-02
2.634532683933945236e+02 3.958390279774087617e+02 3.342102968276484173e-03 1.842891626773397393e-02
2.163256037593993142e+02 7.413388167787911698e+02 1.448068746043024331e-02 2.005832025895978171e-02
1.924196830369070597e+02 6.850077863781472161e+02 9.508692488649072173e-04 -3.130981344337903805e-03
4.656348153063301538e+02 4.563873996328919702e+02 8.261528121892914786e-03 -2.151764346610146421e-03
1.175884763179670699e+03 2.927237885845129313e+02 6.573324078878009513e-02 -1.076888357463708923e-01
3.327645379396689691e+02 5.175661578858238272e+02 -1.685450283728800458e-01 -4.969459871757736513e-02
3.081961930220129489e+02 5.373301734664128162e+02 4.637318704747503927e-03 1.001958039814150603e-02
1.118103740843469723e+03 1.814371051263464665e+02 5.024097408646763241e-02 4.878101886988352176e-02
1.238608347694404756e+03 3.093585829613525675e+02 -8.709046672061725169e-02 1.940410818469044327e-02
2.004929741876310914e+02 7.200124294145330168e+02 5.426615527380424138e-03 -2.179191225793647088e-02
1.260114585371671637e+03 1.958363503913744808e+02 7.966612910003826936e-04 -4.074076732444276388e-04
2.733390291410846089e+02 5.528957007255230565e+02 9.427864574726557353e-03 1.503061428206144595e-05
3.028434359119937653e+02 5.390795677143938747e+02 5.454858384103943893e-03 -1.987014639265489296e-02
2.736418919367482658e+02 4.885288317666453395e+02 9.390927287975811902e-03 -7.599195717207046785e-02
1.172219760574678276e+03 1.889920807023978568e+02 -6.436877633278878692e-03 6.903285193193752119e-03
2.586216787598781934e+02 4.118173977418473442e+02 1.688839729669300987e-02 3.766278520505567540e-03
1.048937655545382768e+03 1.696692645018688097e+02 3.802815301064088604e-02 -2.545158571902983793e-02
1.158084802015744344e+03 2.208495505036382838e+02 1.800695562575254987e-03 -1.256636279735983894e-02
2.464579749193900398e+02 7.274947450731827985e+02 1.308751528864773297e-03 -5.143060984797593813e-03
8.155368739810289753e+02 9.016405296537776621e+02 3.675012317959215902e-01 -7.339999401439724347e-02
5.071515017211311260e+02 4.762492421716798390e+02 -2.376978298817765747e-02 6.516436151891506767e-03
1.143517379398807634e+03 1.790525432087068225e+02 -6.273327999080567652e-02 -5.106197122272657096e-02
1.177241742890326805e+03 2.432811473391406594e+02 1.271645079011457383e-03 -1.172052083335707248e-02
2.421636081240524732e+02 6.102881282875282523e+02 2.332460864500032933e-04 5.608198945456834570e-04
1.181616945651709557e+03 3.664972764976371877e+02 -5.397625818767493554e-03 1.512247114930973489e-02
3.398445740878971151e+02 5.250376962624744692e+02 -4.308131074116889475e-03 1.547745453767292168e-02
7.926959098596113336e+02 4.015686323246451934e+02 3.877278281400452498e-01 -1.200980887700903721e-01
2.698734898285319446e+02 3.933118306670626225e+02 9.833697456450985266e-03 1.885172688492721058e-02
1.030377288042301416e+03 2.894351587443971994e+02 -5.919744588082172243e-02 -1.258968276692602273e-03
1.077786710549306918e+03 1.774188654683306936e+02 3.434011034835856430e-02 2.840771149782071042e-02
1.213756636854044928e+03 3.886916628762447772e+02 -2.327085602137185863e-02 1.272823915625263258e-01
8.803035647808310387e+02 9.015834284786885746e+02 3.878164944851460461e-01 -1.890060805572212899e-01
2.219985566971851654e+02 6.362560296941009028e+02 1.096112445324424166e-02 8.023513700877765026e-03
1.102000282312458012e+03 2.035568770034542752e+02 -2.284877422054327513e-03 1.058047047544534609e-03
4.917311861191593607e+02 4.595179472710583468e+02 -3.048968608716098871e-02 -1.158350854734331581e-01
9.650315526771483974e+02 8.253346686157826753e+02 2.869670252910550001e-01 -2.118569789044696949e-01
1.158313394253739261e+03 2.483756930522961568e+02 1.280409620926097926e-02 -2.129263588448066478e-03
3.120881670656203255e+02 5.053624489203387498e+02 -4.823866759226357048e-02 5.777362588963796952e-02
1.014489643690700632e+03 2.550029621739369645e+02 4.536437353500773727e-03 -8.644717951863084560e-03
2.119110807379091170e+02 6.224613180399735484e+02 1.415253201379964784e-02 6.896265153077275889e-02
3.069567459574365671e+02 4.903070844664165406e+02 -6.140108187984669869e-02 -1.183887019957038933e-02
1.224630224123596008e+03 3.695898452524560298e+02 -1.508003208336598571e-03 7.456058731496242051e-04
3.575091607505892739e+02 5.250257099846370465e+02 -7.633684284738785630e-02 1.315798317912539872e-01
7.064323566035513977e+02 5.828738400148013170e+02 -2.546093107382895794e-04 2.513454189063327963e-03
2.815495322187326792e+02 5.214267555207777605e+02 -4.042735863967352947e-03 -9.449181267706926795e-04
1.024848327870731282e+03 2.071434941877794529e+02 2.116422376430202035e-01 2.328259510398816012e-01
2.844555814694259084e+02 5.661779208421066869e+02 -5.922986129204750073e-04 -4.061621073756529164e-03
2.498195988752000858e+02 6.874186481971273679e+02 9.256445434780210396e-03 1.030735159708168029e-02
2.381242294606008159e+02 5.354329329215654525e+02 -2.509456017864504229e-01 4.717035732403811882e-02
2.572239050561539671e+02 6.318895491759551533e+02 -1.856569367850179324e-03 7.181057753352505617e-03
2.451822711327885713e+02 3.338093135395403692e+02 1.076113730324708070e-02 -1.147266749996723144e-02
1.057881871347382457e+03 2.846149741459124130e+02 -4.559461910661870981e-02 8.676144939408295120e-02
2.589217282622565790e+02 4.538210115496132175e+02 -2.971777821030548855e-02 -1.036556399597312744e-01
3.150617447252723196e+02 4.710271002253546726e+02 -5.206745740083803739e-03 -3.132801419879382987e-02
1.019894409328989468e+03 1.694226161191005815e+02 2.936341675601199415e-03 -2.275644966329251270e-03
1.208556549075104613e+03 3.573720210717041823e+02 -9.210039399796627821e-03 5.940156569615602511e-02
2.639231573349767928e+02 7.079359882831138293e+02 -1.036983102512907193e-02 -2.259241807899068505e-02
8.644953111480406278e+02 9.068210118591312039e+02 3.393395815949854510e-01 -1.860343141343971385e-01
2.445428919862106341e+02 6.504715414837219214e+02 4.193812365050552174e-03 5.120883011742161615e-03
1.063692492310473767e+02 3.621906875431739650e+02 1.941816772324556810e-03 2.119610140832066565e-03
1.084528352085943197e+03 1.820330847629063271e+02 3.630762554763746625e-02 -6.805139175103047666e-02
2.793758639469878062e+02 4.892058393967784014e+02 -4.136907112883019683e-02 6.834838799011659638e-02
2.660487498378733449e+02 4.084344776402668913e+02 -1.799585238918642984e-04 -7.067916306734539286e-03
1.064895041178295287e+03 2.288974235484006670e+02 9.824375309839938203e-03 1.155209768904740669e-02
2.274720901411545810e+02 7.588995341265791694e+02 8.021457149688089247e-03 2.532231587239795398e-02
2.854865904540847055e+02 5.976099390151154012e+02 2.540655759529803805e-03 -1.271467295162050700e-03
2.339208467637992044e+02 6.351088993066097146e+02 4.206787465081992909e-03 1.168732814863633965e-02
1.186102618219016676e+03 2.491822329856161673e+02 1.834752249397067839e-02 3.037249015881819669e-02
1.236187171972100941e+03 3.266977037962837471e+02 1.560168343131669855e-01 1.168761031785474141e-03
2.248830397052655314e+02 5.689559101460581587e+02 -9.041485455654056300e-03 6.921729216358444778e-03
1.188061753802481462e+03 1.892933579579018328e+02 -4.325535043547164316e-06 -5.086666544037195606e-03
2.100391142087227365e+02 6.570055655036055668e+02 6.893672031589567544e-04 3.560752217769578773e-03
1.093396024318858508e+03 2.610561247782933378e+02 1.180906376463045082e-01 1.143469422937405493e-02
7.982709346067024399e+02 3.919020069206266612e+02 4.333144084684887876e-01 -1.678995916473971506e-01
1.026052384268551577e+03 1.849434255473691167e+02 1.523653844488843945e-01 1.120819646750714910e-01
1.213222293957794818e+03 2.715042141907492805e+02 -1.123752752702857072e-02 -5.775905822708796503e-03
2.221022542134808191e+02 6.581078912317533423e+02 4.300281063448514220e-03 3.554140783396880689e-03
2.530508040332509268e+02 7.250010734698562374e+02 -2.157055328874740111e-03 -1.518382174847126989e-03
2.935036168778985370e+02 5.126007276287701870e+02 -5.149380995423445337e-03 -1.424545458270009765e-03
1.101362210625317175e+03 1.790995263805272373e+02 2.372709932488436049e-02 4.878284434625746076e-03
2.987738385515858681e+02 5.124738959230091950e+02 -3.183049645282200885e-02 -9.583743071421886583e-02
2.641335406458252351e+02 3.379419658110270461e+02 2.796987474094593529e-02 6.598924508435261016e-02
1.087243989400515602e+03 2.012143202702168878e+02 -2.566074675291029131e-02 1.955512577152680211e-03
2.512299995308809741e+02 7.141494124956024052e+02 -1.399265775683653174e-03 8.448996063086522401e-03
2.822725224386292666e+02 5.678219757997227362e+02 5.973864934654413497e-03 6.847249929516764470e-03
1.101704452896208522e+03 2.076616726570617288e+02 5.923791556882734843e-02 -7.193499126187231918e-02
1.203256420366500834e+03 2.923048826352537617e+02 5.375224159127239137e-02 -9.473483976681464427e-03
2.934299749434675277e+02 4.939540255574288494e+02 -1.541080037890253012e-03 8.664632809593446339e-02
1.071469242593904028e+03 1.706180452995913868e+02 2.777591805361586189e-02 5.702065639974560757e-02
1.072242355143814848e+03 1.819520797600738433e+02 2.840097412161520928e-04 6.313045006068856123e-03
1.139439242389809351e+03 2.425242222467672377e+02 4.410726646046716354e-03 3.422394939263320029e-02
2.540038120230874199e+02 5.167472226746365322e+02 -6.748594850094434550e-02 4.753050848815163626e-02
1.212062373827917554e+03 3.448269659175346078e+02 1.111470177921267399e-01 -4.425213606972903946e-02
1.886728081769691414e+02 5.515066711888896407e+02 -3.297716824535443236e-01 9.018054912138326329e-02
2.705850341208959549e+02 4.036469574104957019e+02 4.664473303989217189e-03 2.062247947360908509e-02
1.141870798821584458e+03 2.045675384600835969e+02 1.324235208042112699e-01 -1.212461268338346498e-01
8.227694046763951974e+02 3.386573848260518389e+02 -9.944913323980102832e-03 1.468893397480603054e-02
1.115289633386173136e+03 1.961373559314993429e+02 2.000625978865686397e-02 -4.277963130149519712e-03
2.743083745844740520e+02 6.899313248784196730e+02 -8.310241485116763496e-04 -6.187249147083859549e-03
1.174702783457948499e+03 3.062299531446286665e+02 -1.870893853604319590e-01 -9.566392321693285850e-02
2.725591142708286156e+02 5.132300695234748673e+02 -1.351359776977602289e-01 6.833134316636713113e-02
7.323021191303622572e+02 4.006872305304567590e+02 -3.931664061581947034e-01 5.877333323856853697e-02
1.125960671067945668e+03 3.245991816480607781e+02 1.174953293487909257e-02 -7.834544188130062453e-03
2.383884108392992403e+02 7.167149197103821052e+02 -1.974070537664041405e-03 -2.033624823433014851e-03
2.324763659893683325e+02 7.208339802388022690e+02 3.532087352116625298e-04 -9.873207502451885817e-03
1.209616297968481149e+03 2.429755323053673806e+02 1.103071731664511876e-02 4.969626932676991099e-02
5.098662348263362105e+02 4.828056325227647676e+02 -4.516375625761631651e-02 7.281482476387417073e-03
1.055420074791409661e+03 2.448210332406793555e+02 1.684020432777278975e-01 1.324045859892331312e-01
1.135532878244569929e+03 3.213874076094186876e+02 -9.525614640718384554e-03 1.279363698600236845e-03
1.692961070224508546e+02 5.278642069640250156e+02 -4.453512445868634817e-01 -1.597602472399517470e-02
1.130831900701197810e+03 2.744590600848054578e+02 2.181867121270001861e-02 1.523503681268421894e-02
2.507714799732024176e+02 3.921628258763882400e+02 2.438509286107411363e-03 3.645501306012627341e-02
2.357895762181929058e+02 3.611101270662707066e+02 -5.812490755797462827e-02 -3.163731113084695123e-01
2.898777798110809272e+02 4.853661035124507634e+02 3.536000853597611945e-03 7.759530236268176451e-02
2.903139500982024970e+02 4.994068059901362062e+02 -4.594287955053955042e-02 4.960416665731728209e-02
1.189995193763465068e+03 1.725551659808023146e+02 -3.240241684768917392e-03 -2.008088508093389471e-02
1.153862313555939636e+03 3.081915818307625159e+02 7.606345543918716524e-04 1.310380164740295242e-02
1.314245848586310785e+03 3.513272750111319738e+02 -1.289185651514551667e-02 6.478836451280151065e-02
1.082120640925877751e+03 1.712480857808093617e+02 9.133618085079343862e-02 9.002022923311672753e-02
1.138887931826513750e+03 2.295648751001867254e+02 6.063528816736771243e-02 -4.628831140691865194e-03
1.251667646094587099e+03 3.193456199956876844e+02 -8.057994108882964024e-03 1.108323466236231687e-02
1.266329481180416678e+03 3.703767294296831096e+02 -1.520911199409483994e-01 1.013402709755195780e-01
1.209697497960991086e+03 3.202641112790144007e+02 9.146636460492785226e-02 1.007503967642067871e-01
1.192983233225632148e+03 3.581569558504414772e+02 5.669141350131437669e-03 8.359771355146946789e-03
2.692767016781810980e+02 5.333961282178315741e+02 -1.234243457932219096e-01 1.639222421940082774e-01
1.171314635432817568e+03 3.537472946380005396e+02 5.004883019130892952e-03 1.393158683236611108e-02
2.073832513493198633e+02 5.506260526731408618e+02 -3.335996112640821631e-01 6.628287861095072397e-02
1.061965804192886480e+03 2.194045956011310352e+02 -1.154281065587068472e-02 8.576760773677712113e-02
2.720220836552465471e+02 4.952218466134756341e+02 1.300196011806290311e-02 -1.323172688703509459e-01
2.819877567335022945e+02 5.358803555077809051e+02 -9.202262375881201106e-02 1.160763908897159517e-02
3.689411525863578163e+02 5.301543830576931668e+02 -1.361529053832453984e-01 -4.032807989555258713e-04
1.008377196895052748e+03 9.275545423592416228e+02 1.464944523363691069e-03 2.139345456721502485e-04
1.187235462599689981e+03 3.122084791672741062e+02 -1.306561047009980325e-01 -5.910422615782370132e-02
1.183283489110731352e+03 2.314288290515457049e+02 -1.143662669330684084e-02 -1.218282944277029618e-03
1.143945583408642051e+03 2.780935851699252908e+02 1.141294620943106991e-01 1.734476228074496862e-01
2.446802582477495775e+02 5.029687977747547052e+02 2.123241151853918433e-03 -4.230803046063200817e-02
3.228671731251078540e+02 5.221487546732121245e+02 -9.138831866459613817e-02 2.504290793493591308e-02
1.193734109148388825e+03 1.833768516979383776e+02 8.606897544916929793e-03 -4.591070494135825186e-03
1.141184903458354711e+03 3.427136422718886593e+02 -6.932087232360230854e-03 1.375895826831281636e-02
1.063926119850760870e+03 3.079510178593497471e+02 -2.227855284859242904e-02 3.724850654730300914e-02
1.197265176400972905e+03 2.203143146030880928e+02 -1.773852240921544240e-02 4.166471366311056551e-02
2.721023655384033759e+02 4.564222928652393421e+02 -3.277235054231807804e-02 -9.992706563067801917e-02
1.147111273896960938e+03 2.396710482254740100e+02 7.741444891935586256e-03 -1.455172496797035343e-02
2.494657129992481828e+02 3.581717285314681476e+02 3.935643125732996017e-03 4.913546954940507284e-03
1.138813443210801779e+03 2.334777926658595959e+02 7.597707222383196478e-03 3.281269852426296069e-03
1.186585048724083663e+03 2.233485432264318717e+02 1.696552933729003274e-02 -2.715534687717174878e-02
1.147947804307906836e+03 3.221902456009626690e+02 -4.564303453756983833e-03 6.585939089773947680e-03
1.046989023401616805e+03 1.798488191312898437e+02 2.060354949365337043e-02 2.640287314603361954e-02
1.075505492520326925e+03 3.513045928056552043e+02 1.698932023030483643e-02 9.761946262416122677e-02
1.287413022489268769e+03 3.296360637260469844e+02 2.618865514784131654e-01 -4.586597935611275503e-03
1.167375464185453438e+03 3.149991929972367757e+02 -2.589198436867961584e-01 2.821188568749938286e-01
2.968907131350470081e+02 5.283453345920488573e+02 -7.139439609481501321e-04 1.076939626015322761e-03
2.883700781376497275e+02 5.652549422398551542e+02 6.581903064760818295e-04 2.298979010517073276e-02
7.313386052871953780e+02 4.108287034998159015e+02 -3.873780716291159165e-01 5.067887959355720645e-02
2.291255080849420551e+02 2.967287516341547189e+02 8.385661293728655097e-03 6.642983770384072728e-02
2.823543113685266235e+02 4.876378436551344748e+02 2.068293820445437411e-03 1.249727269440075034e-01
4.753120378216926269e+02 4.462054354482546614e+02 -9.667591375793421760e-02 1.972896635349586508e-02
8.248256233660353018e+02 1.102250530418411927e+03 7.620892999021085462e-04 1.188458212666746719e-03
2.723597349836130093e+02 6.837932121072511791e+02 1.248108767840802949e-02 5.017644602938304416e-02
3.255029799034953157e+02 5.356889867252965587e+02 1.421093344107487305e-03 9.843950291530395927e-03
3.292832737540460357e+02 5.472141744799117760e+02 -1.513308723013887837e-02 1.289647568337197068e-03
1.050912287740870397e+03 2.815113703620882006e+02 1.405604396824951599e-02 2.313393402306336277e-01
3.376685518478541326e+02 5.324920029512795736e+02 -1.004751932706947071e-01 6.806696444576022798e-02
1.111008412072547344e+03 1.987113798401538247e+02 2.788325652220513193e-02 -4.270744040309545214e-02
1.128299293121918481e+03 3.028875822009213721e+02 1.111042350149265591e-02 8.644234148186056080e-03
1.148601141949282464e+03 3.513690647774304239e+02 -2.108217015599253401e-04 1.333344866993756931e-03
2.500215916594931400e+02 5.380067141559508173e+02 -1.442332392944918606e-01 1.741430318923042897e-01
3.368885408481201011e+02 4.749019330933388687e+02 -7.134521591098369475e-03 -6.984389730763557007e-03
2.880157887577432234e+02 4.937060385405511056e+02 -8.569716812101139947e-02 -8.214936581516217584e-02
1.212826069549331351e+03 2.636949055478034438e+02 1.689227920868498819e-03 -1.461288480088769430e-02
7.573793751713446909e+01 3.152608130261973542e+02 -9.913029533960740491e-03 4.952368652950806666e-03
6.172525797169693078e+02 4.048275036285133979e+02 -5.561197064831516768e-01 8.309009314931914414e-02
1.067368978829392745e+03 2.870225924697027153e+02 1.843625173598866310e-02 -1.858367781750303038e-02
1.169908245038616997e+03 2.327294433754241822e+02 -7.501440965533877347e-02 6.543635598442973378e-02
1.250362319253814121e+03 3.012291107305858304e+02 -1.658375632718566035e-03 -1.986332498955157948e-03
1.221058987317068613e+03 3.431810384545424881e+02 -1.559460810963633481e-01 -1.506324654585224250e-02
1.305594818719664090e+03 3.530619476073727014e+02 3.444576435868696579e-02 5.187652808469562365e-02
2.615358163855327120e+02 3.829338108850385538e+02 -3.282535112093269616e-03 6.356479817332621359e-06
2.814511451909388029e+02 4.707233055593702602e+02 3.783253327806593291e-02 9.541068954680492764e-02
2.783366734883271647e+02 5.110105156516729608e+02 -1.164399754744151610e-01 9.217277038490126473e-02
3.258598238858456284e+02 5.039911014813876591e+02 -9.113404310435650746e-02 7.587415812699076223e-02
3.204007972222049716e+02 5.061229118214785103e+02 2.524471369920790818e-05 -2.217731971129119004e-02
8.194898632664992419e+02 3.361884369768855549e+02 -7.881337553669056327e-04 -1.576181981364444332e-02
1.126712957907533109e+03 2.699371727261570300e+02 5.677893057415123700e-03 -1.423780040444275891e-02
1.274126648197779105e+03 2.873288149113305394e+02 1.842126563873608056e-02 -1.527536549873607236e-02
2.920992148854776360e+02 5.757930737749102263e+02 -3.958046044747125236e-02 -6.643761164148720422e-02
1.940672762692359754e+02 3.193776125771346415e+02 6.918632494736632168e-05 2.415864790186576534e-03
4.882113032804259660e+02 4.575101994138641430e+02 -2.697557241571419610e-04 -1.278197577056781192e-02
1.135158151192953483e+03 1.981834792041404967e+02 2.221803944169466194e-03 4.093132524872651612e-02
1.232040538827369119e+03 3.161710061798618199e+02 -7.419499049602605589e-02 2.010066835489938974e-01
1.227015621942775624e+03 3.567997705642154074e+02 -1.368875299253067002e-01 4.551866444630977421e-02
2.736050921823675139e+02 4.223386362559809299e+02 -1.864287883493168096e-02 1.933988638784820205e-02
1.190178202665828621e+03 2.643243173756518445e+02 -1.174006190980060871e-01 -8.525635324415294092e-02
2.537745873779771273e+02 4.338759808255930466e+02 -3.505728479432453776e-02 -1.291523911087263665e-01
1.258231946624792499e+03 3.536785234144898027e+02 6.240022957296700694e-03 3.222886363902586777e-03
2.660605393452167391e+02 3.471270169622817434e+02 3.887686625112442718e-03 -1.756236667013931062e-03
1.392067028182563035e+02 3.979897842368274041e+02 4.970637398644185342e-03 9.955622344126429518e-03
2.933989562986760689e+02 4.626766492654825811e+02 1.856680477054374612e-02 1.243798366336079653e-01
1.008905100024768444e+03 1.919959898727150289e+02 1.495451427766890939e-01 3.113528897693318975e-01
1.245148788087588173e+03 2.997918057352059122e+02 -3.520610780908470933e-02 1.639767663156633526e-01
1.217047253411996280e+03 3.167080372505257060e+02 6.951312311977385361e-02 9.708496143691984492e-02
1.136470719637600951e+03 3.397611458739829118e+02 7.066199730512200648e-03 -8.503079494650232426e-03
1.272178888657631887e+03 3.546195658620976587e+02 -2.130909115031853485e-01 -8.403541082753707148e-02
2.530092659502553545e+02 5.789025418644997671e+02 3.719041054009188368e-04 -3.885592660200062887e-02
3.326020563698952515e+02 5.039257465452886890e+02 -6.484249609525746805e-02 1.940345132365734956e-02
1.042077844776301617e+03 1.631431037423595853e+02 1.083370214779535018e-01 4.189593851815729547e-02
1.239327324839432549e+03 3.449615230959240648e+02 4.917440785206395049e-03 -7.221379389687854027e-03
3.357438964069832537e+02 4.956500981583986913e+02 -1.816680509991812700e-02 5.031405174450592072e-02
1.598981910269306184e+02 5.170136780689520037e+02 2.218669150232885356e-01 2.701179237923591048e-01
5.142476861452227013e+02 4.622686508775580592e+02 -2.767156866558159387e-02 -3.036058727177868080e-02
1.088981700760650028e+03 1.722500746409173189e+02 9.508914188285626234e-02 7.268748709777766298e-03
1.076257599585718026e+03 2.746886335078705770e+02 1.020327357842428992e-02 3.612548213243223921e-02
1.221128550857717755e+03 3.040709020537773313e+02 4.412348230248067105e-02 4.609150198123607156e-02
2.597194497443485375e+02 5.186377047982384738e+02 1.375008719194681928e-01 -1.733847749055712484e-01
1.134868220793347746e+03 2.142219448095381438e+02 1.535845587454180879e-02 -3.780349482145349549e-02
2.651228320599643666e+02 4.912686106530348980e+02 4.689973007455628534e-02 -5.510248653879321057e-02
2.249643816320466954e+02 5.344831492068868783e+02 -4.063246369848297346e-01 1.496850311283485502e-01
1.259584576434394421e+03 3.710651072827482722e+02 -1.890746404145909609e-01 5.785600180752917265e-02
2.569518691715966838e+02 5.804842940813241512e+02 -7.243960601858755177e-02 -1.121694046163261016e-01
2.487717758357075581e+02 5.941027148189699574e+02 2.936524705638027537e-04 4.753209471535019791e-03
2.446743304507857033e+02 3.628193605915240596e+02 -2.650558793328472267e-03 -1.649679283910039879e-04
2.603777921099197101e+02 4.926073032228497368e+02 3.472295294504921387e-02 -6.555182862360288409e-02
2.880774746642380251e+02 4.348475783730743274e+02 -4.878009240170061780e-04 4.365657866408626658e-02
1.029587161114929813e+03 2.288639927301555019e+02 1.561738043619262106e-01 2.856998782646410495e-01
1.158772632276597506e+03 3.334309596641637086e+02 -6.693981599959418190e-04 -3.722006155175618114e-02
2.995059539273772202e+02 5.923272825582691894e+02 9.447528988643675782e-03 2.194087146378248185e-02
2.617910972551040913e+02 6.570429874363464933e+02 -3.573538799977921381e-03 -2.668791122727743985e-03
1.153393961325740520e+03 2.715657745729532166e+02 1.224998107985584284e-01 1.956470649841616782e-01
2.485133620762530313e+02 4.108321834238645920e+02 -7.847630575206110404e-02 -2.504945564150281023e-01
3.349217546295445231e+02 5.085133201801860423e+02 -1.419705395305522477e-01 -2.668590651615537421e-02
1.226420567678268753e+03 2.160720320442426328e+02 2.810372103617673686e-02 -3.264017920727523871e-03
1.193587556603637040e+03 3.642500894071075095e+02 -1.222665626075442463e-01 3.351748683352722136e-01
2.266752681952029036e+02 7.175519672274471077e+02 3.275984894908650497e-02 8.979566141580319627e-02
1.185183417378210379e+03 2.856932195245509547e+02 -2.034242373250500727e-03 -3.328891823969683944e-02
1.119826801411898714e+03 1.838786648210731585e+02 -9.093260606620616243e-05 1.076115854910525416e-01
2.587397591025517727e+02 7.082475896000837565e+02 1.776800298596365336e-03 1.536416974321239875e-03
1.061466731945218271e+03 1.652718391789337034e+02 1.002441103413536233e-01 -1.102044988536117487e-01
1.114312119126672087e+03 2.121114432565528602e+02 4.459906551689405557e-02 2.994457716189573987e-02
1.179353813316370633e+03 3.628050845198716843e+02 5.459999648608016010e-02 3.195551656927587969e-02
2.493059514906602487e+02 5.016266680294998537e+02 3.981608217107988901e-02 -1.612573935821483978e-02
1.157960292794916541e+03 3.018653474093487716e+02 5.787910586312906142e-02 7.422403247018197203e-02
2.674626652004984066e+02 4.370454643964540082e+02 2.466971202520884532e-02 3.195421179862201200e-02
2.818638969052188941e+02 5.053609334353508871e+02 -7.360808938961138637e-02 7.795932897463497824e-02
2.677136941360652713e+02 5.109509835711393748e+02 9.861652985991664622e-02 -1.663220082593150906e-01
5.310160916877414365e+02 5.001067311856659217e+02 -3.864985540760201843e-03 -1.816112344563691749e-04
1.176132467959139149e+03 2.208897425462519664e+02 -8.227831553840303513e-02 1.565435377695427732e-01
3.444301813620467101e+02 5.542220176524111821e+02 -2.570337077329121200e-02 3.610668508303049862e-03
5.256877257764562046e+02 4.979320202266376327e+02 9.038891859063369338e-03 2.913534752106656037e-02
1.138758192224379854e+03 1.773651343054023357e+02 9.610769733474207321e-02 1.026999254551877461e-02
1.057162439749674377e+03 2.979307204816316244e+02 -9.189261603971375300e-03 6.544313736726724284e-03
1.257698955837259518e+03 2.694948173036618186e+02 4.850127935772015342e-02 -1.090850650567113528e-01
1.300861446779665812e+03 3.586537163131669104e+02 -1.048564212632451670e-01 -5.969351761060381206e-02
2.202687807571789165e+02 7.319578814327815053e+02 -1.360363982341516662e-02 3.050286738756846985e-02
2.552159783632434937e+02 5.369434846837484656e+02 -1.483814505312842091e-01 1.158098263763899793e-01
1.909321918624461887e+02 6.771696423393822215e+02 7.211716194664433838e-03 2.266110357370067566e-02
2.824131318261190131e+02 4.972318505627350191e+02 -5.997227943385414345e-02 9.220779832990178004e-02
1.123023768884927904e+03 2.600097846577498331e+02 1.454358723928083665e-02 6.437269375494805712e-02
2.799223455775901925e+02 5.180172239827013527e+02 -1.282141162980053595e-01 5.839754800556609671e-02
2.959169672666771476e+02 4.945811887258113870e+02 -1.832765569674658446e-03 6.625430513063861049e-02
1.086785098489662232e+03 1.980816145221037061e+02 -1.150040973968392138e-02 -2.580775889072839391e-02
1.158161900690648281e+03 3.275079200805907931e+02 3.844972249567035760e-02 5.577519919393125747e-02
2.825692378915199470e+02 6.641400542571212782e+02 1.173863127539978742e-02 1.256226684009978563e-02
3.065406644522254851e+02 5.343538831760183712e+02 -3.110238275712618079e-03 -1.051591903264845022e-02
1.195029570944638635e+03 2.990822657064553596e+02 5.230742757636740181e-02 8.075610118520328007e-02
1.286793818217448688e+03 3.635824389380558728e+02 -9.886344935190763406e-02 -8.543411500590605834e-02
2.294140049919406295e+02 7.020665397300946324e+02 7.604319781241344195e-03 -3.814535734327133363e-03
1.129231232642508758e+03 3.773580077794127305e+02 4.993883720202308557e-02 5.625326403313418190e-03
3.039684330248778110e+02 5.397319641323383621e+02 -1.258154607611279693e-03 3.663727193224587241e-03
2.535024786446880967e+02 3.949962119248875752e+02 2.418495325966623592e-03 3.608487491488533965e-03
1.573212841733059122e+02 5.316514664339512137e+02 2.332470060649569632e-01 3.345808043800612142e-01
8.248114706226931503e+02 3.409286563570356066e+02 -9.436016765085193311e-03 -1.864115581302680210e-03
1.004972304425141829e+03 1.812983728846349436e+02 2.205825914949497979e-01 2.818874227369216334e-01
1.107845937940495332e+03 2.929256364936027239e+02 -1.506750601470230322e-02 9.700080477013070523e-02
1.843412354790011989e+02 5.990528886072141859e+02 1.837924864682451490e-02 7.442517564860346921e-03
3.598325507082804506e+02 5.318328695569121010e+02 -7.582999525262680562e-02 5.513752585568251069e-02
2.052820398946779221e+02 7.263310028907136484e+02 1.305905388470561361e-02 -1.624451683862965928e-02
3.089169460717486686e+02 5.205332844510983250e+02 -2.338526866654505876e-01 1.290776223756831265e-01
1.087071308719947865e+03 2.175704942072497374e+02 -4.633688486305386628e-02 1.182586064356371536e-01
2.639108283837251747e+02 3.690080748459986921e+02 -1.511880195282502577e-03 -1.350336568904077043e-02
1.113251761938485515e+03 1.514330854519714080e+02 1.677514958575759309e-03 2.260785921531715398e-02
1.220254977277360922e+03 3.539004459001513396e+02 -1.341159672972901638e-02 1.955958499473177056e-03
1.114170435808449184e+02 4.246799807743160500e+02 2.161707699060721188e-01 3.111783968499746700e-01
1.265973389293724040e+03 2.037348072775756975e+02 3.400855712783904753e-03 -2.056132052742124048e-03
1.165811539235487089e+03 3.867312492111640836e+02 -2.611871058074253030e-02 2.083627551503189693e-02
1.007424016355774597e+03 1.811001988539800038e+02 1.884202452467298727e-01 3.034860797722963022e-01
1.144435559351634083e+03 1.521515400162800233e+02 -1.731260511205006888e-02 1.550742007723361973e-02
2.883501289639726792e+02 5.274002474409350043e+02 -1.111656081989033651e-01 8.236088934372852444e-03
5.039107055740564647e+02 4.674696640607432414e+02 -8.762578311732273362e-02 -5.746313957894467334e-02
2.174017638232936065e+02 6.303277568775248483e+02 1.438714104025181836e-02 1.845505705683072109e-02
8.082527615039790589e+02 3.969704674986425630e+02 -4.973426274343637626e-02 -4.267908897591610184e-02
1.190777276547011525e+03 4.035180565660172078e+02 -3.377972219523144026e-02 2.325697937602899390e-01
2.354536074811800574e+02 3.109866916616402932e+02 1.113488210971495980e-02 9.139668906376921531e-03
1.893072801846929565e+02 5.321705121698005314e+02 -4.822021799316438817e-01 -8.185602645451173220e-02
2.925754939027861496e+02 4.792917051463015810e+02 3.658184196505855513e-03 7.061734011194069349e-02
1.027271547002171928e+03 2.744611122808184973e+02 -2.120751140084060071e-01 1.495091458264454776e-01
2.666387831768898309e+02 5.326349144963011213e+02 -1.723964727450064127e-01 2.108983505925895313e-02
3.094741176151298419e+02 6.218828025448755170e+02 3.411462869048498834e-04 -1.692465827148931234e-02
1.083800913283029331e+03 1.525900031413810893e+02 2.094897357758090661e-01 -1.597905217430846750e-02
1.148194452370530598e+03 1.643550645763989166e+02 -1.055489050823249925e-01 9.971364683099892545e-03
1.258596604720420828e+03 2.820012862654145351e+02 -1.769389735900024976e-02 3.196580797532414669e-02
1.073765673893759185e+03 1.610248900532565415e+02 1.528876790944002362e-01 1.247124414900550593e-01
1.065002933127276265e+03 2.824745835837529739e+02 -1.577351745026077043e-02 1.044125457065298301e-01
1.190679996899417347e+03 2.887704107396913287e+02 -1.765232470561483094e-02 1.883478228801976212e-02
5.340248514202182832e+02 4.784130600714524348e+02 4.845481103043015533e-03 4.201041045315457440e-02
1.026608736699522979e+03 1.750983434830850740e+02 -1.266438730751667241e-01 3.343049208081361745e-01
1.117844937425728858e+03 2.224361440807165025e+02 -1.238852902267413153e-01 2.359870752607242106e-01
1.158616382173274360e+03 2.309127823365579673e+02 -6.818009566592062032e-02 2.694551550695285097e-02
1.194941009970040795e+03 2.944087407103644409e+02 1.767381485597465940e-01 4.982974039542460015e-02
1.056769021075893306e+03 2.702520344064697611e+02 2.467452905664989371e-02 -3.021025433178010575e-02
1.206809881751738203e+03 2.618110926240159415e+02 1.086290533132493324e-01 -5.138644605998226450e-02
5.183140083825820739e+02 4.736264273300909622e+02 -3.159564246642916716e-03 -8.380228614882412330e-03
1.204854594498491224e+03 2.044690892488906968e+02 -2.147094601954532486e-02 -6.551055099939549764e-02
1.508720690965056406e+02 5.202093687605353125e+02 1.898479201534231386e-01 3.146265578546786346e-01
1.245983015888508589e+03 3.118360517619080383e+02 1.146435542821479421e-02 -1.604907455680404382e-02
8.914670077691714596e+02 9.321768253784481431e+02 -1.749133330896933489e-03 2.712318350536724234e-03
5.059187593988528420e+02 4.490798796358687923e+02 -9.215007425366988913e-02 1.131778945663037550e-01
1.056005660107688755e+03 2.680260377302141706e+02 1.168435378752541304e-01 1.190431537951786578e-01
1.085153729789099543e+03 3.461143964443563732e+02 1.667938456756972083e-04 -1.925500112002694053e-02
2.954330562494650962e+02 5.807000873656276099e+02 -1.732430391068024225e-02 -2.732020137243634447e-02
2.893295908951022852e+02 4.791684390102137741e+02 -1.824120476986791292e-02 2.132408835132498445e-02
1.172921525363651881e+03 2.286254835832685046e+02 -9.036484657230642314e-02 3.592966546984521087e-02
1.204115936608884795e+03 2.230238509047662774e+02 4.331261242885197510e-03 -2.307511121204875240e-02
1.217016521050596566e+03 2.310080729241944084e+02 -6.677020668980841733e-03 6.942550140717169277e-03
1.200540731772222898e+03 2.757478088218871335e+02 -3.526332705436532877e-01 -3.323065359694246657e-01
2.508398637715695543e+02 4.265052878212827068e+02 -7.695240675140087305e-02 -1.729707588284030151e-01
1.200638531549776417e+03 3.484882827063764807e+02 -2.057653798929328856e-02 -2.023502197830698013e-01
3.082205121542123152e+02 4.926908903162540128e+02 -9.467247409613988030e-02 -2.121014102089170128e-01
1.091845462240945608e+03 2.845461990050682743e+02 -9.602394836253767829e-02 1.316375715024438176e-01
1.157406654931525281e+03 2.132209585895992063e+02 3.441005741629061393e-02 -6.248096748263334138e-02
2.231131474710171858e+02 5.462563575810971770e+02 -4.689979128393126362e-01 2.164359219504400494e-02
2.625573688522075599e+02 4.433933367150004869e+02 -5.733303121106116812e-02 -1.155185003410709871e-01
1.109854768766104371e+03 2.701117036726751053e+02 7.481824965975647501e-02 -1.328921353775663616e-01
7.611925108363096797e+02 9.259139423267259872e+02 3.910431159699014891e-01 -1.892907612792915084e-01
1.030893985255002690e+03 1.856891991238418314e+02 -1.810413155282554476e-02 1.225309334867969585e-02
1.091135499918045753e+03 2.442279269138294353e+02 -3.483426932492142969e-01 4.307876172079577043e-02
1.190618033399868864e+03 2.058053607355080032e+02 -1.679685997607470449e-02 2.312044638241812083e-02
2.708538122579270748e+02 5.717868513309954324e+02 7.511645755482416163e-03 -1.029160697430913513e-02
2.695854793002410474e+02 3.701204298876258463e+02 3.591214362895048555e-04 -5.112516346668728772e-04
9.827906791881405297e+02 2.133992704607289852e+02 -4.706014265162333787e-02 1.040198242909111392e-01
1.145885622366430653e+03 2.564870048834287672e+02 1.831485587474942014e-02 -2.798690885247034563e-02
2.707932607802743519e+02 5.787086674752879389e+02 9.095164120010070657e-03 2.087599455960246694e-02
2.513329810808539264e+02 3.835853693625587653e+02 -5.118762915511317069e-02 2.724417481859872647e-02
2.597757349627256644e+02 5.666177446567295419e+02 2.976352246202609766e-03 -1.260288588419116937e-02
2.841353989533093909e+02 5.750102271966402441e+02 9.358825009490387078e-03 2.097138886205129893e-02
2.427132660203641592e+02 7.294320441163084752e+02 -8.754924461603549521e-03 -8.914336333718357597e-02
2.623100102937723932e+02 3.330783415879544123e+02 4.484197661981059735e-02 1.584411253811526255e-01
3.251561355782220062e+02 4.982276440510498219e+02 -7.111596251624260900e-02 4.386202358559061765e-02
2.986539007942879493e+02 5.044172492830160763e+02 -2.840750065653172354e-02 2.621660361869303235e-02
1.078522878215052970e+03 1.533581255841848190e+02 1.554242446465416427e-01 3.546173288955425246e-02
1.111195208054711657e+03 2.328336618927928328e+02 -6.975929419640482590e-03 3.287080424379779098e-02
1.237581936292736145e+03 3.073724364807894744e+02 4.936764389868365105e-02 5.837153680491562469e-01
1.120837823103584469e+03 3.853173654444531167e+02 2.925480509765238102e-02 4.340563233278193350e-02
2.551405082870329863e+02 4.053166494530659634e+02 8.489795824485391051e-03 -1.889745379573426476e-03
1.030891154224926595e+03 1.993466381388310822e+02 2.443827472687587488e-01 1.732421159379819997e-01
1.240311636085777081e+03 2.965096876199011149e+02 1.801026055854038077e-02 3.660123267290984472e-01
1.154596451276178186e+03 3.040523712758550232e+02 9.687746125609919545e-02 1.634804543012347011e-01
2.862979291804906552e+02 5.851688504237013149e+02 4.527315738210191398e-03 3.805623259765411603e-03
2.765996337452950229e+02 6.100970568634131723e+02 1.267530482568979266e-02 -6.019585120071724305e-03
2.350335535509491649e+02 7.209429628144019944e+02 1.136079578481208330e-02 3.205640754707062001e-02
1.163164882880716959e+03 2.158669115361207673e+02 1.518151323174636060e-02 -3.743241566970636255e-03
1.172327598646284969e+03 2.109476097424858665e+02 1.183994168626111010e-02 -1.505003646079492233e-02
1.197805101501825902e+03 3.131939609067444508e+02 -1.316263692407823420e-02 2.728314336313118413e-02
3.203264059945213944e+02 5.519150253018724470e+02 -9.975814143287256141e-04 5.292453636556156658e-03
1.115984239499582600e+03 2.583248867106636339e+02 1.002122349571588217e-01 -8.710427976369411462e-02
2.505016447672990410e+02 3.011676261244834336e+02 -1.446565455782923733e-02 -1.894471094559274302e-02
3.043923214871088589e+02 5.233988179498278441e+02 -7.049974963339976017e-03 2.709254749035984629e-03
1.167345291470778875e+03 2.227991594966789535e+02 5.134558087022390816e-04 1.913539885077264859e-03
1.210535114145296802e+03 2.835330430040097554e+02 -2.647668240175523047e-01 -3.912510466441309620e-01
1.129762890646838514e+03 3.239020013047215230e+02 -7.668892968169906295e-03 1.836454214794920083e-03
3.007201045085869850e+02 5.285374324701624573e+02 -3.873413494606101765e-02 -1.596446164150251978e-01
2.622265437892084492e+02 6.362606084418147248e+02 2.879014240463596786e-04 8.893509333347537904e-04
1.092213244957341203e+03 1.622374357943845382e+02 -7.395302419849615443e-03 -1.325000786136700144e-02
1.113272040669166245e+03 1.841762949489793755e+02 1.979734140826881761e-01 -2.023491462986644895e-01
1.127141845098107751e+03 2.259192885998684233e+02 1.453664180730486755e-01 3.072977971191700672e-02
1.120570427819440738e+03 2.736666419464319233e+02 -7.215877473908806176e-03 -2.176131791529404072e-02
1.278914165754067199e+03 3.360338385943459798e+02 -8.880780478969134417e-02 2.317761107629243977e-01
2.946281485067197536e+02 4.853580079928586883e+02 -8.563265719669323206e-02 -2.400967993075769080e-01
1.100417955940187767e+03 2.600935185103048752e+02 -6.820525098932934786e-03 4.373047982009783952e-02
1.180554669100160254e+03 2.081441669109592283e+02 2.442281825443825757e-02 2.332898863201122476e-03
1.202149375178532182e+03 3.659851628282432898e+02 6.885514009262031811e-03 7.065846502755616931e-02
1.101100542499553285e+03 3.793823330306461230e+02 1.786499219162107285e-03 -1.322188755837159016e-02
3.094097342656167484e+02 5.620257611328123630e+02 -1.362044855238722096e-01 1.381913457322020422e-01
2.427621191000046110e+02 7.236063230862430373e+02 -1.312152409561530460e-02 -9.590189810457003250e-02
2.343013872823565862e+02 2.935982048047664534e+02 4.453250316824918648e-02 1.589405533018114491e-01
2.226210321955167331e+02 5.264883327995083846e+02 -3.959094287162875370e-01 3.736299260897077423e-02
1.030182559365190400e+03 1.758355357147734992e+02 9.524290986021591299e-02 -6.527158595107952765e-02
1.068316842653308640e+03 2.236275414549894833e+02 5.516691454842587855e-03 4.038101393872750577e-02
1.177365676767880586e+03 2.893435341122217324e+02 1.564801309982088440e-01 -1.463510689491311634e-01
1.280922926017047757e+03 3.435076030444582784e+02 -2.431116553925588841e-01 7.329877281246520437e-02
2.157168275604493886e+02 6.720422721408592679e+02 -1.181200622883802828e-02 -3.405746521721434578e-02
2.261613254126552022e+02 7.711726651189553650e+02 1.891451432634388974e-01 1.675271427105389510e-01
8.859894799040981752e+02 1.096664301762180230e+03 2.244554283248152531e-03 3.546422100997076183e-03
1.094299882147848166e+03 2.209533796828730203e+02 4.660246165514763533e-02 -1.328384896999830200e-01
1.119118569175339644e+03 2.554975826139728099e+02 6.155511771994497637e-03 1.253918428010752095e-01
3.300106007423623851e+02 4.988479803404717359e+02 -7.079170584820815293e-02 8.072174732930648133e-03
1.163335033068167832e+03 3.168948371711196046e+02 5.884498602701644827e-03 1.747785287384099814e-02
2.673196752205601570e+02 4.277375012607153053e+02 8.466780026638477674e-02 2.697135171121090025e-02
2.721880025364765743e+02 4.689117341367513632e+02 1.137466226309351985e-02 -8.546385896614122624e-02
3.316432718311019698e+02 5.081578932896613878e+02 -1.015349112245115537e-01 3.048490560307409031e-02
1.113744599409405510e+03 3.634900021569930004e+02 -5.095605501761066997e-02 -5.906403436958755637e-02
1.293750216608110804e+03 3.507843542355049635e+02 -2.060885893678439384e-01 4.138610670971781119e-02
1.125180997892460255e+03 2.063909676631812715e+02 1.339559008756839933e-02 -3.196329076958531745e-02
1.132014552740008412e+03 2.073848557385936715e+02 -1.144124281642061314e-01 2.888979211001745789e-02
1.176668444084459907e+03 1.867286346391564109e+02 2.875221718723185507e-02 -1.522862843129468326e-02
1.206987342928029648e+03 3.515390315714313374e+02 -4.565258708615017036e-01 3.405641178854650342e-01
2.500080947476212998e+02 4.849826915040881090e+02 2.071572115922606233e-02 -8.450514638480796648e-02
1.102354445436337528e+03 2.309411468983296913e+02 1.146406833936794156e-01 -2.264853213919636177e-01
1.163238860112298880e+03 2.571503953529743853e+02 8.304613217455880311e-03 -2.951966094082081413e-03
1.190325548878428663e+03 3.209226494755524186e+02 5.973528337832476748e-02 -1.282490913864961501e-01
1.114478035025010968e+03 3.558848692035149952e+02 3.243253754964144087e-02 1.136016497223010929e-01
7.382974207991954927e+02 9.444201869966628919e+02 4.365785353017372361e-01 -2.282045077705106562e-01
3.319243272964363314e+02 4.987207699151503562e+02 -6.832037317672015608e-02 4.721976952324487622e-03
1.122550465154728499e+03 1.676807719165003903e+02 -6.904657458202516362e-02 4.685187495522283863e-01
1.087748497039112408e+03 2.079840890411667829e+02 5.446458797339465835e-02 -2.235961982284164207e-01
1.092660589193102396e+03 2.770277877009616532e+02 -5.643336672620822420e-02 1.204387217340976458e-02
1.156454547656232762e+03 2.916998822360292820e+02 -8.774080517150650849e-02 2.231701931591308086e-02
1.118595977093270449e+03 3.144584307857215322e+02 -4.105756981624309604e-02 1.181390309406328692e-01
9.791222628499276652e+02 8.232524133231441965e+02 2.844565764603669902e-02 -2.700621661656561409e-02
2.651770644093611509e+02 3.526506248580444094e+02 -9.721990586228912434e-04 -2.931623733862428246e-03
1.111585622371709633e+03 2.553061770961197681e+02 2.242014976944422811e-01 -6.235731167679306464e-02
1.224809555203853051e+03 3.912964097106031431e+02 -6.882212680344916567e-02 -1.764592263258338029e-03
2.570281636558545415e+02 5.239875466848758379e+02 1.814159754490577425e-01 -1.883055079400719478e-01
1.129990094541358758e+03 2.089112907469074116e+02 -4.881048472088878043e-02 1.143666031255045623e-01
1.085714658837433035e+03 3.405160735605360287e+02 -2.356618605838722066e-03 1.117795191528530782e-02
1.187860628807298554e+03 2.309501333106983907e+02 5.308719255359552885e-02 -9.658781727567683495e-02
1.239753476309148255e+03 2.879228530676606397e+02 -5.928782256109223214e-02 5.360952393353352746e-02
1.124514193478323477e+03 3.252766439814467390e+02 5.740958881232044453e-02 -3.529219184361957751e-02
1.152143979436552172e+03 3.380476557534855715e+02 7.195922783720935800e-03 1.255448005472450945e-01
1.254599260678204473e+03 3.390971418623179829e+02 -2.020411120192072973e-01 5.446181280765759886e-02
1.278375334625920686e+03 3.379695372115874648e+02 -8.588904862228766970e-04 -1.945044592781741966e-01
2.269645486572397886e+02 6.950951049526638599e+02 1.399655366285782387e-03 -1.358116790973941911e-02
3.180854500756229868e+02 5.305067391962606962e+02 -1.085916802337110604e-01 -3.902718509420189958e-03
4.956104252801063694e+02 4.398683665345985219e+02 -1.119147163350220353e-02 -1.585286314461704649e-01
1.134450693711182339e+03 2.437588306692560423e+02 8.556965532338267622e-02 -1.313407081476611893e-01
1.211049725753036000e+03 3.843420909114626056e+02 -8.284679358780522307e-03 1.850935150464749768e-02
1.011175643276763935e+03 2.044141806419372926e+02 2.743886339266509711e-01 1.714032913129282520e-01
1.220418483284896865e+03 3.681975134971497141e+02 3.911633607616143288e-02 -3.677799077915248297e-04
1.154090144502580642e+03 3.894519824919552207e+02 -6.565336698304236225e-03 2.946881335668914970e-01
2.331756075993046409e+02 5.507682326727561986e+02 -1.926661264722232328e-02 -2.155623918905196987e-02
9.901088523024305914e+02 8.680714229524179473e+02 1.739374806178830002e-01 -1.143530192776779641e-01
1.128133759059541035e+03 1.979169389723135737e+02 -3.353958004501172291e-02 1.587162962265133703e-01
1.108174814619892231e+03 2.767748839551225046e+02 -3.200920962055014279e-02 1.598892359308601019e-01
1.183368616032935051e+03 2.002666395153142389e+02 -3.904352971273640765e-03 1.463312897292163455e-04
3.147612634063374912e+02 5.745042050140809806e+02 3.035808340858433575e-03 -9.711466973791564941e-03
2.833916113615502468e+02 4.776650301223057795e+02 -1.995334653033226449e-02 6.770041604737396523e-02
2.617620027796702402e+02 5.156399407376478621e+02 -8.215495834856220703e-02 -5.341117314823735224e-02
1.118871817498322343e+03 3.358295599395582940e+02 5.300143615087248711e-02 2.985212209695803712e-02
1.196674456331262036e+03 3.407268487519692712e+02 -1.311205063995238007e-01 -1.013296747230688494e-01
1.234501676964551052e+03 3.551513851034040954e+02 -9.653853485598609674e-02 4.648984612586341131e-02
1.296717523227133825e+03 3.439471814370164111e+02 1.724839541104057072e-01 -2.441617140532125196e-01
1.210136910646105207e+03 3.799206565717630610e+02 -6.528887996719626163e-02 1.821403110611186094e-01
1.194954405843267978e+03 4.098283786386640486e+02 -8.216277062974068623e-02 2.152608302393096418e-01
2.740058712007440249e+02 6.727880841407419439e+02 -2.136396270543627907e-03 2.197052315501388589e-02
1.032872291713614231e+03 1.782877014379318439e+02 2.370590413394969287e-01 -1.426973410017140509e-01
1.011655591543911555e+03 1.879725605440807499e+02 4.848969898922442928e-02 -3.530521367792592291e-01
1.085360316012707926e+03 2.622313785864619149e+02 1.467255405136901059e-01 -1.195084823847546857e-01
1.181363075643468846e+03 3.096751801741229997e+02 -5.076435010749946741e-02 -4.654168135720718885e-02
1.330728490896007997e+03 3.186587836552121757e+02 -1.260722710951919512e-01 -4.260462623027668101e-03
8.443541305876553906e+02 1.079707133742112319e+03 -4.952472369249487187e-03 -1.002266290962931404e-03
8.592451426947774280e+02 1.102322227381405128e+03 -6.344676903268009482e-03 1.674444495544472891e-04
8.008355531165220498e+01 3.372556353248610890e+02 2.175371594878896531e-01 8.688508651439198760e-03
2.350735384082425696e+02 5.051730201425379505e+02 1.089902546291909857e-01 1.035472618366332642e-01
3.262731006443866022e+02 5.130086729353315604e+02 -6.005368932912089064e-02 3.357903824022204393e-03
3.367450924793778881e+02 5.170055609765366853e+02 -8.350364566775231312e-02 -1.643599921268849573e-01
1.070005342579119770e+03 2.787934448260468230e+02 8.653878344065642561e-03 -1.322730618643390699e-01
1.155686321366103357e+03 1.828861168601003158e+02 -1.327737131208033862e-02 2.402277947836947355e-02
1.161668279158529913e+03 2.296249927275056564e+02 -4.090633800956311461e-02 6.647590898994466813e-02
1.193352543577835377e+03 2.275707216658183540e+02 1.743646600199636743e-01 -2.470295262691774019e-01
1.166183536938904808e+03 2.943115095088344333e+02 3.829016916080780347e-02 4.481367865979150877e-02
1.167315949849843037e+03 3.191834452540676352e+02 -3.560497934196601988e-01 2.508197585977892663e-01
1.196667715061989156e+03 3.728353431257065154e+02 -1.702328086089850701e-02 4.382173539978411747e-01
2.380412919205570574e+02 5.443626257769161612e+02 -3.141529587216935204e-01 1.111485024235166381e-02
2.111873257657005638e+02 6.334643312413488729e+02 -1.664041726769999521e-02 7.723009225491171692e-02
7.967480817923109271e+02 4.022135859833630889e+02 3.438208520083890218e-01 -2.918371207253812605e-01
9.876132297090767906e+02 2.074012024266628487e+02 -3.069640596205772676e-01 9.211136840366037637e-01
1.058763492193467755e+03 2.342198658163248979e+02 1.879445875367309893e-01 5.656283113628433196e-02
1.162802548734713355e+03 1.818558521219261195e+02 6.562598247769528548e-02 -6.367624239689462402e-03
1.143713933493357445e+03 2.361961303594764843e+02 9.768723605441209656e-02 -4.955218571356283241e-02
1.203706986755828666e+03 3.188893486792015324e+02 -3.858958305363557797e-03 1.365393158416907116e-01
8.776016133981784151e+02 9.220744790190308322e+02 -4.359586385669558806e-01 1.706747183981064953e-01
4.926447891615160302e+02 4.703179795132030563e+02 1.654665120660562747e-02 2.624059886910067030e-02
1.087468175328056304e+03 2.335448651945179108e+02 3.968356195789763535e-02 -9.229284576333738471e-03
1.034563241064666272e+03 2.774379672574497704e+02 -1.323920219940393772e-01 -1.012122939293804980e-01
1.163042398566055454e+03 3.033225606683994329e+02 -1.448690467163689655e-01 2.312450984162460754e-01
1.075842251649658920e+03 1.658552716549552031e+02 1.695699444974252401e-02 4.918692089138332335e-02
1.261713387965732181e+03 3.624443117540492381e+02 3.180666433257783865e-02 -9.148611185414523561e-02
2.728866859084170642e+02 4.822586142445139785e+02 -1.658086389440021485e-02 4.056045581735848865e-02
1.014309221189800496e+03 1.765902272889117910e+02 -2.152454411015826755e-02 -3.295595847630546776e-02
1.108623069770956590e+03 1.922355844437232122e+02 3.494143688943560089e-01 -4.892190895780451076e-01
1.031816084211037378e+03 2.156098601891218607e+02 -1.394783999286508813e-01 -1.232377112123320545e-01
1.019206420413919886e+03 2.565874337950389759e+02 3.146816363036058356e-02 -1.481735464190186112e-02
1.161336765582063208e+03 1.712899428383341274e+02 1.535293513273115491e-03 -7.135473660360551473e-02
1.197191941763843943e+03 3.141128092005263284e+02 3.580257529407130379e-01 -3.182062570648928057e-01
1.873036333889450873e+02 6.329012092351302954e+02 -1.730003846570541959e-01 3.491411803937093383e-01
2.606462401246054128e+02 6.940637443193536456e+02 -4.390674107086819239e-02 -3.709346025316660744e-02
2.435445970966973448e+02 3.930250333493353878e+02 -7.391492964411365552e-02 -3.138817263838784011e-01
2.143180531989999622e+02 5.329350996837886214e+02 9.891712435703918505e-02 -2.191033860702873426e-02
1.135782200170973283e+03 1.716915147934010122e+02 -3.992959495728125134e-03 -2.616352003685070218e-02
1.205601330216958331e+03 2.075295030009636719e+02 1.835712310090305624e-02 -2.531991378823287772e-02
1.167035103265181078e+03 3.087043675533436158e+02 -1.422265219677380267e-02 -4.422053862829973818e-04
1.200851250283424406e+03 3.637560456181913082e+02 -1.175588057575775204e-02 1.143809847804391211e-01
1.217117593504146953e+03 3.755250290621145268e+02 4.628178879875122220e-02 -4.573096943084919985e-02
1.206731809208130926e+03 3.890859194610922032e+02 -9.557046266687999406e-03 1.568677784373259387e-01
2.451198667091492496e+02 6.410001439824429781e+02 7.313474083285124820e-03 2.003934501582686420e-02
2.968681749612778731e+02 5.214384518646673996e+02 -2.355277680339895770e-03 -4.699232796212982066e-02
3.009570534324636242e+02 5.149652487886964991e+02 -5.210049953575434994e-04 -2.303651249796985143e-02
3.232134878812491365e+02 5.124893728924324705e+02 -5.217074677934761123e-02 4.847419819232072491e-02
7.540027410359377882e+02 3.821961552723812474e+02 3.051041811667346559e-01 -1.800768447704285680e-01
9.644234136967642144e+02 2.793801906006564195e+02 4.328005418856264302e-02 -1.322075571678851813e-01
1.061640214554557133e+03 2.793352943232532652e+02 4.118931763605360521e-03 -3.305976556326868654e-02
1.176627307407831267e+03 2.712396533897148174e+02 -5.238794447059262616e-02 -3.492455728960180972e-01
1.177595089016871952e+03 3.146219015363619178e+02 -1.428412296333135545e-01 1.959615083108246780e-01
1.312216617488097654e+03 3.200326181981408240e+02 4.127329264038052947e-02 2.767470018453650413e-02
1.223221873787599179e+03 3.465244623951767267e+02 6.023223038546347829e-02 -1.048081072266427299e-01
1.177362287792234838e+03 4.264376330058152575e+02 3.870769546488191104e-02 2.389190489970815234e-01
3.135216348412567413e+02 5.386968636622625581e+02 -1.706226180999692588e-02 -3.964599875594103373e-02
3.244110751303563802e+02 5.602794122939832278e+02 1.109208363671996232e-02 -1.397216724553800374e-02
8.265127866486923267e+02 1.077123841355865125e+03 -2.969386922002286225e-02 1.573287816245283466e-02
9.200651865570537211e+02 1.102484033029835473e+03 -1.419940407117792347e-03 9.648502613299570624e-03
2.653154764921072797e+02 4.294934588947081693e+02 5.366622993685155052e-02 -2.717035251951926966e-02
1.483372582829835267e+02 4.795661104615417116e+02 5.165077182369515185e-02 2.232477659212861454e-02
2.591397437316006744e+02 4.757286358078297894e+02 4.325712744983434277e-02 -3.925446892348816164e-02
2.758541315379600860e+02 4.907953034584218130e+02 -2.383981749841268538e-02 2.036563534996105318e-02
3.162858626321516340e+02 5.221944836291213505e+02 -4.630092451122891362e-03 -1.351706503461969078e-02
1.089081566209890525e+03 1.509918178884290967e+02 1.885191627535505177e-01 -7.709402205641424644e-03
1.099790040074553872e+03 2.120090284874848692e+02 1.475736660552229296e-02 3.295516582042523623e-03
1.291530712771652134e+03 3.578914528755211677e+02 -3.293825415290712044e-01 4.615711696216919790e-01
1.147420288418426253e+03 3.921837123028161614e+02 2.049084688500784068e-01 6.293343711238179594e-01
2.409724004169037528e+02 5.537749384022621371e+02 -1.856836468407436769e-01 -2.178492421397493217e-01
1.945239559986266045e+02 6.187845662787538004e+02 6.433524665105494478e-03 3.661616318157712158e-02
2.191076926539663816e+02 6.680698750895338662e+02 -3.224800656269621868e-04 6.727196695482007271e-02
2.826543436179059654e+02 6.718672314563370946e+02 -2.638692278657117640e-02 -6.320978743312366532e-02
2.121125756567142844e+02 7.243161264817972551e+02 -5.568859030560702195e-03 -4.518870308939426650e-02
2.706931146517390516e+02 3.961188526774882916e+02 5.019970861440015142e-03 -9.103809753194506971e-02
8.084775791504608833e+02 3.678946319820310578e+02 -2.654567079778947236e-01 1.915737527022353393e-01
1.060443953412860537e+03 1.652993101607167432e+02 4.251095033941965085e-02 -3.199707400174626321e-02
1.046912429433384887e+03 1.708370457270616498e+02 8.124743975107170382e-04 -8.527624266815791998e-02
1.099266749565362716e+03 2.701979254896547786e+02 -1.002991471697593263e-02 1.767501499296978695e-01
1.150995939400929274e+03 2.185710892195019710e+02 3.975098420823997003e-03 2.673878997715443614e-02
1.144690761148956881e+03 2.427749527595223640e+02 -4.258530693649239390e-02 5.930465582763607552e-02
1.230413821249513376e+03 3.169743359823333435e+02 2.982293576140667216e-02 1.650091106096169824e-01
1.157478077709049785e+03 3.924243607788714598e+02 3.752255917837980514e-01 1.706891234341583186e-01
2.994701306331890578e+02 5.319282566848727356e+02 -1.019536003924486067e-01 4.644651728532759455e-02
2.682321976145152576e+02 5.489000407727270385e+02 1.356687062669455768e-01 4.210219743184779873e-01
2.442407253956401121e+02 4.974093493704774573e+02 5.043602295808113922e-02 8.987104121848688010e-02
3.538251516720702057e+02 4.986622737025309107e+02 1.815602419571860082e-02 6.834493876220903985e-02
3.254773215970753881e+02 5.037574850699859894e+02 7.562360151524671892e-03 8.699836964353835356e-03
3.498130846815539030e+02 5.097084900864113024e+02 -1.399563148004290269e-02 -8.549628608034254285e-02
3.233204591682361411e+02 5.193645997264885636e+02 -1.654274857432369572e-02 -4.583852144855882216e-02
4.885828035049424329e+02 4.689323617817120180e+02 1.593854654350934652e-01 -1.543682632570835267e-01
1.028700122377076923e+03 1.842718822710571089e+02 1.529458510404992921e-01 -2.927865459540583970e-01
1.095680639313394977e+03 2.358427082558206678e+02 1.325679324030488715e-01 -4.360836017628315631e-01
1.215519775064583428e+03 3.046124669807147711e+02 5.216996068247681251e-02 -3.245673416455474580e-02
1.222448287340562274e+03 3.094300760216146955e+02 -6.699872503872938978e-03 1.872179963034739103e-01
1.240235103450205315e+03 3.485721137275984916e+02 -7.969591276207665942e-02 2.473286357485449116e-02
1.198705952714845580e+03 3.568067613741418995e+02 -4.482328107144439855e-02 1.511622330404804870e-01
1.268495203149767576e+03 3.531950248573586464e+02 -6.540816157803419628e-02 -2.014072680086087530e-02
1.214277642809246345e+03 3.674952915242062090e+02 -2.209016105946375319e-01 4.275565545878521334e-01
1.160032731981787265e+03 3.955305792372601559e+02 -9.552384500125299382e-03 1.839628217499011953e-01
1.242962227337755849e+03 3.942141708744798621e+02 -1.450153839311951742e-01 2.254700176686128543e-01
2.921635623025412087e+02 6.273936480352167564e+02 1.560131310768042567e-02 4.770023317354343817e-02
1.966486996489270211e+02 6.392034094173320682e+02 3.713443618266865087e-02 3.558058136894715062e-02
2.208372023374283799e+02 7.313538558560709362e+02 3.148435732725829439e-02 9.049548910337534835e-02
5.565631566632335989e+02 4.248323396603613560e+02 0.000000000000000000e+00 0.000000000000000000e+00
5.761550899524120268e+02 4.312981866524854695e+02 0.000000000000000000e+00 0.000000000000000000e+00
4.775136567307260975e+02 4.847876373489759203e+02 0.000000000000000000e+00 0.000000000000000000e+00
1.137713857950914871e+03 1.430267050642676736e+02 0.000000000000000000e+00 0.000000000000000000e+00
1.080596357616625937e+03 2.249911343409555400e+02 0.000000000000000000e+00 0.000000000000000000e+00
1.080509605510877009e+03 2.306497321238213090e+02 0.000000000000000000e+00 0.000000000000000000e+00
1.172983567146013684e+03 2.485723959865546249e+02 0.000000000000000000e+00 0.000000000000000000e+00
1.170427719520788742e+03 2.963774421754700938e+02 0.000000000000000000e+00 0.000000000000000000e+00
1.234301374601179987e+03 3.161711596811623508e+02 0.000000000000000000e+00 0.000000000000000000e+00
1.135647271610289863e+03 3.491030205521989274e+02 0.000000000000000000e+00 0.000000000000000000e+00
1.244052010566087802e+03 3.389802050212628615e+02 0.000000000000000000e+00 0.000000000000000000e+00
1.298455427749046294e+03 3.667533997210854864e+02 0.000000000000000000e+00 0.000000000000000000e+00
2.672297709342007010e+02 5.361422286734667750e+02 0.000000000000000000e+00 0.000000000000000000e+00
2.995223797381635791e+02 5.809573006736294474e+02 0.000000000000000000e+00 0.000000000000000000e+00
2.575721545767127054e+02 6.374465699241538914e+02 0.000000000000000000e+00 0.000000000000000000e+00
2.533970580650040176e+02 6.528192988888374657e+02 0.000000000000000000e+00 0.000000000000000000e+00
2.349663932273834632e+02 7.041116953789419313e+02 0.000000000000000000e+00 0.000000000000000000e+00
3.465001939636795214e+02 5.279161800041642891e+02 0.000000000000000000e+00 0.000000000000000000e+00
9.941482381101609462e+02 8.629810846458129845e+02 0.000000000000000000e+00 0.000000000000000000e+00
