1.344147803933950343e+02 3.798701255543546722e+02 1.250855798148920589e-03 1.247234008423668029e-02
3.032181464044004997e+02 5.776146151226718075e+02 9.217219632941493291e-04 -1.382132485027435902e-02
2.738900489313430171e+02 5.432717796847272211e+02 1.809140339411000921e-03 -1.212388122854184125e-02
2.518524699044935744e+02 4.647771165825977846e+02 -1.126781126712662721e-02 -5.647178456031539881e-03
2.273113646580382010e+02 6.104978434399305343e+02 -7.735318794074585308e-03 3.599671403445553041e-03
2.782482207814989010e+02 5.540062484914599281e+02 -2.799911795969112650e-03 -3.386803573213307411e-03
2.289113257526509244e+02 3.441724212197288466e+02 -1.055459986632155400e-01 -3.551982387100356409e-01
3.147030414968356240e+02 4.799331009786296818e+02 1.122426168797569478e-02 -4.662893574457502820e-03
3.187537627441284371e+02 4.679941921863002108e+02 1.845767699495413092e-03 -6.991647638820308423e-03
5.651682252029962683e+02 3.876064348800317703e+02 -1.819209426190976191e-03 6.218744562716546111e-03
5.620787878415268324e+02 3.822659159266344204e+02 -1.526361878539449733e-02 3.447413267004924980e-03
2.624525753015028613e+02 4.536579209952819269e+02 -3.704179536958017438e-02 -1.150390857980821691e-01
3.092828682471369461e+02 5.039463765034153084e+02 9.505749663396097573e-03 4.760090892370548443e-02
3.319340799593373390e+02 5.319249626134155733e+02 6.478225799716399655e-03 8.014539712573900271e-03
3.155634039789978829e+02 4.958484550333160996e+02 -3.094399753061873384e-02 -1.006841619069500857e-02
3.348725091141182020e+02 5.398407380555738655e+02 -3.618674336286851340e-02 -9.058021898419277643e-03
2.723405525137357017e+02 5.297230560661636218e+02 -9.762175091463974608e-02 1.261365807965042843e-02
3.228792772418817663e+02 5.568575481663821165e+02 1.439285358752512073e-03 2.286579267198555066e-04
8.333364224395149904e+02 4.058860664068167807e+02 -1.309365472965316399e-02 3.078011051993295027e-02
7.062322006828363783e+02 4.185395047891510671e+02 -2.482574718359983196e-02 -2.367887460272947303e-02
7.616482260346634803e+02 4.316146330430457851e+02 2.404620782610913596e-02 -5.604454747248099368e-03
1.092820820061302129e+03 2.340705668547012692e+02 -8.197320422258338665e-03 1.402193839838743530e-02
3.223636505346261742e+02 4.885783799123159383e+02 -5.755929898381653698e-02 -1.179800402577585797e-02
1.217140855979390153e+03 2.533031237764989498e+02 2.538098893340490908e-03 8.364816531700916546e-03
1.192427128974859443e+03 3.784875596878451915e+02 -1.282846245307254184e-02 3.865520568509320937e-02
1.215457702831326969e+03 4.146068711846221504e+02 1.053969071187841056e-01 1.816795563065518315e-01
2.753664114823616273e+02 5.643733287998662718e+02 -8.521268579058170853e-05 3.212686377916122021e-02
2.025605709654881537e+02 6.601365427201890270e+02 -4.927923339414744426e-04 1.168494561247060502e-03
2.756423075525185027e+02 5.764171396191590020e+02 -3.477209351492637282e-03 2.947585602665901520e-03
2.731249113620904154e+02 5.922518606272961961e+02 -3.629630662663828984e-04 -2.558032514952790840e-02
2.677467631150348666e+02 5.967304755200655109e+02 -3.514136210480843427e-03 5.817982801364216493e-03
2.480549315596957172e+02 6.037832449201315512e+02 2.903679370950221217e-03 -7.879398241083669652e-03
2.802889451664794365e+02 6.019077906281484047e+02 -2.421234426228490843e-03 -7.216699671091353525e-03
2.475411567144641083e+02 6.203510337147182554e+02 -2.428868798535482182e-02 1.414131183884531455e-02
2.551383134806868043e+02 6.228438834840992513e+02 8.681863102247074256e-04 7.287021298217347814e-03
2.279827839647369387e+02 6.337815729509151197e+02 -4.276546329780015789e-03 2.165778587715238169e-03
2.794023077661732941e+02 6.318007660828005783e+02 1.524488783852260415e-02 4.358292866986585544e-03
3.001192802201332483e+02 6.320421422618228462e+02 -7.547357020232787323e-05 -3.498582306043758992e-03
2.248206938560231833e+02 6.460685735319574405e+02 1.603300244527595649e-03 3.023503495820918999e-02
2.869266152308526898e+02 6.376286996658025146e+02 1.113347186251832308e-02 -4.428511587568461326e-03
2.946826877991381366e+02 6.365852738914686597e+02 -3.072666780321631555e-02 -1.557697127670264886e-02
2.364847418224569253e+02 6.437902943520823555e+02 -1.890386752921475663e-02 1.103031285873668681e-03
2.589067323689126852e+02 6.406929502067700923e+02 6.998759336811259668e-03 1.063212889285449284e-02
2.637531359352665845e+02 6.430118755402223769e+02 -9.480558064068429422e-03 2.915407453990452938e-02
2.286649653755019642e+02 6.567177950269092435e+02 5.306548644226452907e-03 -4.699172809259069203e-03
2.677813310303742469e+02 6.520944739830911203e+02 -8.534498110505113477e-03 -2.611298131418409232e-02
2.919158552922039007e+02 6.533021713686372323e+02 9.968372254299633084e-03 8.980726744881610893e-03
2.774295575232342230e+02 6.577603658419583326e+02 1.842281625224496608e-03 -4.098676447865322835e-03
2.480410059983537678e+02 6.610615302286468022e+02 6.311600672863407029e-03 4.526024197132594122e-03
2.559696280619457127e+02 6.685503583936795167e+02 8.612417352524479042e-03 2.252926882376508552e-02
2.076023877691696100e+02 6.715292539079512153e+02 -4.635912334657125641e-03 9.566958139780491407e-03
2.644983790558666215e+02 6.693676820193568346e+02 2.884073993544013573e-02 3.382327218696220932e-03
1.993033714149316040e+02 6.987932266555818615e+02 -2.167846583807548928e-03 -3.589085656867069631e-04
2.367013359746212586e+02 6.794741503594973437e+02 7.092102580275655085e-03 4.977039968968827860e-03
2.262378032308222089e+02 6.844420954325843240e+02 -1.879987854405305522e-04 1.051216487150267651e-02
2.168310718394162109e+02 6.873553058149880144e+02 -5.011174126528682680e-03 5.303031182930086594e-03
2.331618379932649816e+02 6.876498190560203057e+02 2.247067616946928168e-03 3.725362712855550488e-03
2.414896433200317745e+02 6.936948475042274822e+02 2.237717212701434422e-02 7.269655390789714691e-03
2.044155016739016446e+02 7.122814775534542377e+02 -8.344486569336933418e-03 8.602794094847265871e-03
2.783823645080805136e+02 6.874638238318159438e+02 8.055366501890707381e-03 -1.667557227319370642e-03
2.516337131774916429e+02 6.922406142939158826e+02 -2.745192726938185893e-03 -1.140583068267645057e-02
2.687346511315465705e+02 6.940364158612387655e+02 1.301801139794014689e-03 -2.246963709297341606e-03
2.743961511721143438e+02 6.966732404699691870e+02 -7.650644167231596474e-03 8.820114933464177909e-03
2.596227029984040655e+02 6.985231484946932596e+02 -1.953565372344759181e-03 -2.437692109359175345e-03
2.541429307407116198e+02 7.015759027476684651e+02 1.227290104929246520e-03 -3.377059758967748421e-03
2.484531866406896370e+02 7.068052997210293142e+02 -2.096237637535786676e-03 -7.063810803705708116e-03
2.695336906172309455e+02 7.056231676983725265e+02 -3.298016097133849110e-03 1.417493755519728298e-03
2.604561637145104669e+02 7.108089641981840714e+02 -1.625842369999798767e-03 4.422676580253381319e-03
2.203439490065421751e+02 7.171094771924362021e+02 7.236898814342663903e-03 1.086554116146670398e-02
2.193551526430179877e+02 7.253050324450337030e+02 -1.520652961132647370e-03 -7.774518514758377644e-03
2.352958182300382930e+02 7.265008508032016152e+02 6.089389607117625877e-04 2.036576227797891325e-02
2.619129602795092637e+02 7.303872795373242752e+02 -3.061773003965114967e-03 2.897300520441721192e-02
2.183496160455464121e+02 7.341769953564513571e+02 -6.439840198356536552e-03 7.254922151612998651e-03
2.554787386190692473e+02 7.338083356681271425e+02 -1.369433389584229915e-02 4.132884731521779820e-02
2.353189620641039141e+02 7.385787268651973818e+02 -1.392973718409596350e-02 2.585289267905283364e-02
2.195990210154107558e+02 7.538175553129227637e+02 -3.290801010929598255e-03 3.521294720749187923e-02
2.290449088592845328e+02 7.518728466221012923e+02 9.299788696909396316e-03 2.935859376886565050e-02
2.485155950774451981e+02 7.521171772057853104e+02 -4.088955716549144692e-03 5.775670685751931738e-02
2.420010993075631518e+02 7.524409364814847549e+02 1.173005665423835359e-02 5.653193922452855874e-02
2.626690257492153933e+02 7.558583230424102339e+02 5.691198979074742204e-02 1.062702003357200303e-01
2.544993917400246346e+02 7.555567412932877005e+02 -3.114112418369820601e-03 3.055247584899853375e-02
2.473383242417608017e+02 7.602531480744942201e+02 3.105417954036860176e-02 7.266562506331995797e-02
2.564905164731880518e+02 7.769767444595372581e+02 7.746644181977281607e-02 1.713781621785679665e-01
6.343722352918267688e+02 8.219550567702362969e+02 -2.297420723904663260e-04 1.186702088736890160e-04
9.124540614210670810e+02 8.059856642761563990e+02 -3.980508469562709577e-04 2.819405638740928293e-03
4.599621986081946829e+02 9.416271584545982023e+02 2.040162136418840837e-04 6.996833888283303078e-04
7.151097820271211276e+02 8.785476624686328933e+02 2.695787206968618469e-02 -2.758030483150405304e-02
9.066542414004563852e+02 9.232386432700421892e+02 -1.478064918818754441e-03 2.811093087622325813e-03
9.003997078927980056e+02 9.280939439448494568e+02 -7.149027243787425432e-04 -1.774711308966928211e-03
7.081877531265199650e+02 9.914254476938953076e+02 -4.970405140607179334e-03 -4.762751701224881944e-03
7.149889947298339621e+02 1.011563080409154850e+03 8.688012828747784431e-05 4.124158771725825227e-04
7.049229113844736503e+02 1.023612421426754509e+03 1.249896030298493818e-04 -5.691457933567513469e-04
9.839153223285784406e+02 8.462678611706735410e+02 5.123123127812658287e-03 -6.886157085028292739e-04
3.523895273239497783e+02 1.053032392526740978e+03 -1.172061780554450178e-02 -4.913096777363759604e-02
4.816124736731013627e+02 1.099035314926849196e+03 -1.216627940896115000e-03 2.873288584619376231e-03
7.044335091157553279e+02 1.036563156661102312e+03 -6.573774969469338035e-04 1.844395575981162480e-03
7.518067965387155027e+02 1.067585568039390864e+03 -4.097158702299818285e-04 5.215197574135246048e-04
7.456389495794007871e+02 1.071452114958246284e+03 8.707549154025562245e-04 -1.605588766094592464e-04
1.312309126074135008e+02 3.250801560875716518e+02 1.776144761383548990e-03 -1.810486102908613528e-03
1.237226798780920035e+03 4.003390535909218784e+02 1.965938041797080094e-03 -5.742160112876857660e-03
8.998470000865976317e+02 1.102135484741015944e+03 -2.885178295769893131e-05 4.317395466976918310e-04
1.165357202839872116e+03 2.402082702421553506e+02 5.923927142023307883e-03 1.625506199766170792e-02
2.553049619749624526e+02 7.089358629095218021e+02 -4.418025607002177917e-04 1.367115685637838732e-03
2.505375310037217957e+02 5.690264789194779951e+02 2.884799946992915899e-03 9.519429263660316928e-03
9.488777562211826080e+02 2.497091645348460531e+02 -9.998847799534355332e-04 1.208805053698599682e-02
1.130961645137888354e+03 3.520493194233088161e+02 2.277349638619186739e-02 1.984888633613550099e-02
2.790887914845556566e+02 6.524950322888756773e+02 -6.727640952377522666e-05 1.299978926112999034e-03
1.343183692459463998e+02 3.995179595650274109e+02 -9.126384165215155331e-04 4.448172183715248980e-03
2.337710265848114659e+02 6.682217677108222915e+02 -1.346254938071204769e-03 1.016603622147473768e-02
2.775642065317366587e+02 6.149690240417360201e+02 6.649875009826484648e-03 1.742259113557856343e-02
2.415135898469716267e+02 7.957659451354300018e+02 1.057679352969069370e-01 1.864489662435260264e-01
7.686295202035482816e+02 4.486760246060117652e+02 -2.174163009812047492e-02 1.014063235762739310e-02
2.202982881250785283e+02 2.925649633900095523e+02 -8.930466439825734959e-02 -3.323799045032594934e-01
1.123034461209621895e+03 2.172686903879907163e+02 3.116969451706843100e-02 -2.727978899895671175e-02
3.614433458794403009e+02 5.369740828340704866e+02 -1.268543871180654870e-01 3.940659304273572139e-02
8.005807179170243444e+02 8.834086039830494883e+02 -1.595395994016004376e-02 -2.693095786311559131e-02
2.489314405845333056e+02 6.747306830910478084e+02 3.657152875702125282e-03 9.645710193343676186e-03
2.146277346873903866e+02 6.377431591288675463e+02 6.474937477082226209e-03 -2.513954906204828726e-03
5.638536583880129456e+02 4.561906134420449348e+02 -1.350263608032788998e-01 3.884475575788788604e-02
2.683374380502576173e+02 3.002026316101143948e+02 1.986320881156184662e-03 -2.424567074259843802e-03
9.939985088700462939e+02 2.104546055411079521e+02 7.524623701773508477e-03 2.048215145634800505e-02
2.159230734230511075e+02 7.542999168326271047e+02 2.720365144409331998e-02 5.226223711413172796e-02
2.775597115589829968e+02 6.765968448793514654e+02 3.334519984924995926e-03 -8.695093148215317716e-03
2.922792713506184441e+02 6.484625580924335964e+02 -2.994683507259957717e-03 1.833681449163757776e-02
2.552327114276142197e+02 5.029983667882396503e+02 1.392234548460785648e-02 -4.217909086708623856e-02
2.678753875682010630e+02 4.786529031728540531e+02 8.910628327846484634e-03 -6.591465860700419788e-02
2.030702065792481790e+02 6.356282336001393105e+02 -5.704061555879698028e-03 2.473939169692697480e-03
1.044539278694863242e+03 1.934702413259425668e+02 7.745051532504358682e-02 3.570041680714862442e-02
2.777471011202472368e+02 4.563987658286923761e+02 1.604310679260721739e-02 9.605134917012098095e-02
2.625904828562272542e+02 4.784163037503178089e+02 6.913127914452899501e-03 -8.615849990166740691e-02
1.955674982168118845e+02 6.995013876478645898e+02 1.213746944073938034e-04 -5.574858990534681431e-03
1.152186272688722966e+03 3.248794012099172619e+02 1.451015245069951038e-03 2.376749797131669749e-03
2.369153897977273004e+02 3.735203277663909489e+02 -9.967019400034496379e-02 -2.839108903015699070e-01
2.563466521024025724e+02 4.746352383582707830e+02 6.022882511780605630e-02 -6.234321469864734233e-02
2.615586766614675867e+02 4.854206544602363351e+02 8.853985678348915214e-03 -8.691025758613679653e-02
2.453548787847701647e+02 7.926305872361224374e+02 1.075212063867123785e-01 1.833496114153252976e-01
2.759673376892063743e+02 6.406010940658350137e+02 7.667112091611995132e-03 1.005755577470230679e-02
1.007044633225571147e+03 8.052377134453686267e+02 9.753356288769336269e-04 6.275506495866114802e-03
1.758673746485488607e+02 5.139138022011559315e+02 -4.230328068137211850e-01 -1.230039611368862196e-01
2.737263944440945806e+02 4.339898730254000725e+02 5.437508285059031686e-03 9.191893437250396592e-02
1.205757995731344181e+03 2.289271553572968401e+02 -3.305879157382475174e-04 9.633379687869311064e-03
2.432882251967431557e+02 7.781661895139277476e+02 1.484312406119323025e-01 1.401693188666652823e-01
4.870170423382520539e+02 4.477108836093750028e+02 7.193473237281982832e-03 1.328202047790565631e-02
2.310698574243673136e+02 5.752432113461632071e+02 -3.016781167096185910e-03 4.813391740754013881e-03
2.636365233001475303e+02 4.604283711709480826e+02 9.721899433637501767e-03 -9.420596406843431692e-02
2.407879559312072786e+02 5.969191312231419033e+02 -1.950777601048838197e-03 4.518931393068434908e-03
7.084382743057024072e+02 4.059738671560646139e+02 -3.789876703144074988e-01 5.893949746783812976e-02
8.349079504190793841e+02 3.230056172231456912e+02 6.930800643477361654e-03 -5.509760923087464804e-03
2.835076980977572703e+02 4.608508703974169407e+02 2.072638398701059578e-02 8.820728296743000907e-02
3.201962221805985678e+02 4.958365447516729887e+02 -8.124143041194181736e-02 -5.165295430372518308e-03
1.225455286521514608e+03 3.966877935585193882e+02 1.019646387249390461e-02 2.936143301788474418e-03
2.234632518301011146e+02 6.952021715297480569e+02 2.921722810475782701e-03 1.017563524376868464e-02
5.544203402620623820e+02 4.336855010083199318e+02 -3.121605498512112012e-02 -3.745356949855756235e-02
4.629246087069690248e+02 4.540902536086328496e+02 -6.625189136859109193e-03 5.056338565862456350e-03
2.835555355089601335e+02 6.287329675119112835e+02 4.751281202177864288e-03 -2.641590364973045359e-03
2.154592531939096602e+02 6.951447462011982452e+02 -4.429930786840833158e-04 2.109381604062752699e-02
2.848608169445309954e+02 6.172192524821859934e+02 1.321646276166669846e-02 2.585638747237311783e-02
2.608133611286423843e+02 6.799410244068500333e+02 -6.578628337658103294e-03 2.928349756091235532e-04
2.106034035635161672e+02 5.836623998647592089e+02 4.271799595110426818e-03 1.085253166857766318e-03
2.920556824767508601e+02 5.965559803082383041e+02 -2.081219265116852554e-02 -2.261805188469576296e-03
1.128525919742637598e+03 3.629158386740389233e+02 1.968893191036444681e-03 1.099119116766682051e-02
4.932133519580676193e+02 4.302438822029731682e+02 -4.338274480518226200e-02 -1.042592251088808077e-02
3.281306210275262174e+02 4.938624649474854209e+02 -6.613557475118274354e-02 -3.683119124448836629e-02
2.973795431251995751e+02 5.391566718721625193e+02 -3.333824913009846968e-03 -8.060315986319824613e-03
1.194101418752067275e+03 2.375289997255843275e+02 1.582788435354751111e-02 2.059504049268266745e-03
3.465563928383874668e+02 1.055903508833060869e+03 -1.853308085173302477e-02 -5.829633563615124747e-02
2.086708908233946147e+02 6.887246932114110223e+02 2.318692229217652744e-04 -3.906176510656790644e-03
1.208897798685178259e+03 2.613178072250713626e+02 -1.026894229253365147e-02 7.305630003262388213e-03
3.433695800311165840e+02 4.723665368990414208e+02 -2.313405413134140068e-02 4.182510875763442021e-02
2.442156430110608483e+02 6.293389607895162499e+02 3.366925843141475036e-04 1.505232977539737102e-03
3.531091791138031226e+02 4.880947958105168141e+02 -6.458850737754634648e-03 4.675057491120282287e-03
2.278759977561556127e+02 6.721225785612923573e+02 6.066664158060129479e-03 2.260431467288305952e-03
1.250911888328457508e+03 3.632456967621481567e+02 2.192344558145375554e-03 -1.212497506381254517e-02
3.167733060584633904e+02 5.438493892363602527e+02 -1.200842324474161657e-03 2.335012270052314737e-02
2.707989466899871331e+02 5.658137741566380328e+02 -4.306120536485011016e-03 -5.997258836658255800e-03
2.988527561724807811e+02 5.787516820848195493e+02 -2.533122451484472269e-03 -2.319963812985996465e-02
2.466510649137205462e+02 5.100561765431619961e+02 8.244697466984818313e-02 -2.160936600043919173e-02
9.698614269478051710e+02 8.448554674661583022e+02 5.219406633751523701e-03 3.399558691397726404e-03
3.383442310246516627e+02 1.077817396161860643e+03 9.095241779416235114e-03 -3.706010250868196909e-02
1.231922733396423837e+03 2.564282435453303037e+02 2.831040879028919391e-02 -1.844118628391337505e-03
3.336451376243973641e+02 1.050763092889397512e+03 -7.923222583793621682e-03 -1.089627764521344105e-01
3.246575225261844935e+02 1.055638694004793024e+03 -2.439942666236593824e-02 -6.775990912371238073e-02
1.017805283463476030e+03 8.169134422472269534e+02 1.220778343774399409e-03 -1.214024344266822477e-03
3.002683435152675315e+02 5.513015106108055079e+02 -8.258734993092382848e-03 1.721060858245090225e-02
1.151060968634777055e+03 2.447308228406786839e+02 9.149219466796086261e-03 -3.113346888791920092e-02
2.186352314676863102e+02 6.455149478952204163e+02 1.730483217462877674e-03 9.495651643714388135e-03
3.503018460089039650e+02 5.334221607362152326e+02 -5.169021242461879079e-02 2.618381307525617305e-02
2.022368236271562409e+02 5.100954807730058747e+02 5.657608199516456042e-03 1.698799866105752537e-02
9.479809991796535087e+02 8.576811975309631180e+02 2.752159676343335359e-01 -1.418843317922613145e-01
3.195637404769117325e+02 5.441086435602375104e+02 -1.362747937236852671e-03 -5.926770289096170222e-03
2.621354307839072248e+02 4.698773084772678885e+02 3.623832621548611632e-02 -7.119211920464445231e-02
2.812670519016846811e+02 6.718742624260733010e+02 -1.441105648951287316e-02 1.064069084569688704e-02
8.262075835972727873e+02 3.480470051077065250e+02 4.327358577996160555e-02 -1.203694997172143934e-02
5.060821838904353172e+02 4.407526412272819698e+02 -1.559455829176644992e-01 5.918413021905870319e-02
2.705665944431050889e+02 4.737377415445722022e+02 5.892959155671228209e-03 -3.901381223403740245e-02
2.008068517603168743e+02 6.738277041628203960e+02 -1.864966564350865191e-02 -3.351605224794063087e-02
9.669439439646399705e+02 8.318710791796031572e+02 2.501673904240454549e-01 -1.756297132002902495e-01
1.004472739202692878e+03 8.313211049215542516e+02 7.024104645184067394e-03 2.230883231611709757e-03
1.042333920548436254e+03 8.505390476214608952e+02 1.126389230118394688e-02 1.705425219783213847e-02
3.164228133944592969e+02 5.504019820753974273e+02 -4.986535963728846998e-03 1.660444477825012352e-02
2.480072731850163450e+02 5.867559358283385791e+02 5.063543965361690102e-04 2.238934237727046965e-03
2.464742888268846457e+02 3.711411301005976497e+02 -6.958868330019753710e-03 1.220870199986255969e-02
5.105248066196787136e+02 4.572788776816771019e+02 -4.446207229442462189e-02 2.666258464728006247e-02
2.471229617990447309e+02 4.946425301470971476e+02 6.512925523543569746e-03 -7.504858629767674483e-02
2.560183231402519368e+02 3.470457993553679898e+02 -3.902753005026044376e-03 4.587888579773996426e-04
1.068682954490276188e+03 1.876149986530199669e+02 1.947949861308791858e-02 -2.940304742370438221e-02
4.953784187393466141e+02 4.390651373394712209e+02 -6.400873561783342047e-02 -6.999800296468249722e-03
2.591184590424455223e+02 4.408734488883816311e+02 -1.365434088776372804e-02 -1.007816304189071838e-01
2.889264870538380023e+02 6.204293129280506491e+02 7.863975228379822477e-03 2.176831591425682898e-03
1.172517255338315408e+03 3.919979685970627088e+02 1.331723601424528169e-02 8.015312482016517803e-02
2.860014033935789257e+02 6.456119524515427202e+02 2.825549165166729802e-03 -9.970296139586295667e-03
2.110256664536420033e+02 7.403147671414686783e+02 5.805674108605198870e-03 2.281268489363837831e-02
3.463441741093593578e+02 5.268560849678734712e+02 -4.685618119224396749e-02 6.423906511974681460e-03
2.203218941969978175e+02 7.712558298158450043e+02 3.475567562603736060e-02 7.172760252883945975e-02
1.230249395531368009e+03 2.437055552414311137e+02 -1.014172306001077419e-02 5.137324790821524989e-03
2.671606006157562092e+02 4.847028108338173524e+02 1.091607124210485814e-02 -7.593740530194112437e-02
2.500547355204910218e+02 4.120524322723449586e+02 -3.466886538948436847e-02 -2.228168802823183303e-01
1.927784579535773446e+02 5.783087058422833024e+02 -3.690804464212933938e-03 -2.034964242676044787e-04
2.484004630549782178e+02 3.449009899084128961e+02 -2.176126228350891596e-03 1.485585194060973571e-02
3.250203640678461170e+02 5.258766032114805284e+02 -1.005613988379120208e-02 -2.952540369619782723e-03
2.739277469206267597e+02 5.825202623693264741e+02 -5.043185046758935641e-03 -7.356730784601162813e-04
9.840853201024185637e+02 8.262005867285799923e+02 6.865078624214378256e-02 -7.426994952071830358e-02
1.198150757439042081e+03 2.009330003448115178e+02 4.978126304039695582e-03 1.119126942858325591e-02
1.016363151880375199e+03 8.116798509624526332e+02 9.855709021884073370e-03 5.677564703967501875e-03
9.839491816700337949e+02 8.200614626968451830e+02 1.130532889261012947e-01 -3.654917447080367754e-02
2.577585592841911648e+02 5.967249174160021994e+02 6.184731054609996816e-03 1.768483109925896371e-02
2.143464340869185492e+02 7.193569255463388572e+02 6.668528224690986259e-03 3.080953016233432123e-03
2.957046456146966307e+02 6.083402917442357420e+02 -2.936385183618155439e-02 4.297676152560318819e-02
2.235628936839713390e+02 7.051693820049840724e+02 1.898173496358020835e-03 1.242404748772924471e-02
2.655424445165599536e+02 4.672036167827255326e+02 1.749854984894279319e-02 -9.023974289617807398e-02
2.310836079103658562e+02 5.623289614839123942e+02 5.198826794736139236e-04 1.573642889520714995e-03
6.014402921038337126e+02 4.233085236672177984e+02 -4.117068174192919372e-01 1.391433951955233783e-01
2.545875446483554754e+02 3.292373051956117820e+02 1.434109614840868791e-03 1.118048375603522028e-02
1.077967600771825346e+03 1.996626169908392399e+02 4.581567115425770609e-02 -1.094658196844498360e-01
1.118886160584395839e+03 2.064078858313049807e+02 8.339398981594049742e-02 -5.688010270290308479e-02
1.243954305982163987e+03 3.974469401773056347e+02 3.412670311384920913e-04 -4.168924913639136635e-03
1.089445929467634187e+03 1.859834025771426127e+02 1.978304534066067932e-02 -1.124447450747302450e-02
1.072807472948691156e+03 2.024594306525058869e+02 7.416737871534057232e-03 1.029488163665306412e-02
1.168718168414572119e+03 2.465534221505189691e+02 -3.289236149076615271e-03 4.591080864695593869e-04
1.138333874453471026e+03 1.486866053091612230e+02 1.487136628571029658e-03 -2.005513174938867993e-02
2.630748157230278252e+02 4.217047979802746340e+02 1.972114673456210054e-02 2.089652438172437746e-02
3.043426920762325381e+02 6.232400047153182641e+02 9.237849708433084131e-03 -3.642016709172461730e-03
7.226522907182365998e+02 9.140341357575906613e+02 -4.270340633323453650e-03 6.143816957155020034e-03
1.182794961524242126e+03 3.792385724117254995e+02 -1.637836210349660065e-02 1.463017890993587380e-02
2.881215672595228625e+02 6.639990726297755828e+02 2.579910326543617162e-03 3.380342018021344902e-02
7.234041446332455507e+02 9.151780531913233290e+02 -1.936127154655567506e-02 -1.906832177185421515e-02
2.410560604348824825e+02 6.182881175765310218e+02 -5.037794023247434312e-03 3.091158642036076140e-02
2.380187393354173935e+02 3.306108332364568128e+02 -9.467479583627276714e-04 2.264358074516468686e-03
2.442596306026648278e+02 7.398404509002076566e+02 5.750505305538842864e-03 3.997351262258275195e-02
2.867464356549745617e+02 4.749402598063667256e+02 3.223854783897645709e-02 7.732712717755151066e-02
1.004567445804168642e+03 8.404477342914609608e+02 -7.009336566964089084e-03 7.952694130332732189e-03
2.770929107353711061e+02 7.816272428511613271e+02 2.844365381767170464e-01 5.343937906926691378e-02
2.237788954788532578e+02 5.634859017004040425e+02 2.567248832770638312e-03 8.230356737475640755e-03
2.856234753154103601e+02 4.549416295152546468e+02 1.581140837163387547e-02 1.028159729110080384e-01
2.461459851243803598e+02 6.849939683830288004e+02 1.039506648634058034e-02 2.495412424253676265e-02
3.047875941300252975e+02 5.694326029019762245e+02 -2.414786072229432520e-02 2.471999558404735023e-02
2.361303971270050681e+02 5.230990097502997287e+02 1.608377062811456107e-02 -5.525393847459453278e-02
1.195696473136918485e+03 2.270125464171563010e+02 2.208677854967859219e-02 -3.375159877029713928e-02
2.723443643520768092e+02 4.146948378508303676e+02 -1.155142975086605704e-03 2.156489289555930597e-02
2.454674127239000825e+02 7.166089464668091296e+02 -7.059525963170483129e-03 -2.907907848056635273e-03
2.391665445489115029e+02 3.402503686647139602e+02 -8.823468518322457113e-03 -1.604739102873734349e-02
9.975417091152428384e+02 8.073569871821478046e+02 -3.367483911222955012e-02 4.747615451164601680e-02
2.416081470967018276e+02 6.730073486951440600e+02 -6.308857907970208748e-03 -3.071909830454711780e-03
1.182343522682993807e+03 3.940638472574297566e+02 -9.254833729595936254e-03 6.709439625250870898e-02
2.114646740339821633e+02 6.520736645593511867e+02 -7.094625528488825855e-03 6.407611753193933994e-03
6.193627488098504728e+02 9.359139196332818074e+02 -1.223267716280286924e-04 8.843980431063053075e-04
3.067530524134892858e+02 5.107572749729746420e+02 -4.636378248827128373e-02 -1.307436353791145700e-02
1.123024999475214372e+03 3.342560694227478848e+02 3.752912023896491731e-03 1.166797840947779094e-02
8.745001917922243138e+02 8.576367337623104277e+02 3.796147317736668914e-01 -1.601435894529364412e-01
2.554847009344759954e+02 4.289365484738764280e+02 -6.534760251306107048e-02 -1.260168424082171446e-01
7.250894407019869732e+02 9.765217277711529960e+02 1.587381236691222082e-03 1.428588841240930815e-02
8.788888266584197027e+02 8.730244516382206257e+02 4.412427562648383872e-01 -1.533637710631545470e-01
2.570988357938130093e+02 4.958248426151158696e+02 5.494045717368536280e-02 -2.806999184094640526e-02
8.127771309178659749e+02 8.710284340933952762e+02 -2.294833683773652572e-02 4.825406575518812261e-03
1.267260710740839158e+03 3.882337314507356041e+02 1.474188660067919134e-02 -2.310947163573867646e-02
8.682394067650552643e+02 8.643729225519198280e+02 4.302965527521053768e-01 -1.475283526428139702e-01
3.497635735809530502e+02 5.223260097208171828e+02 -9.212078587829818088e-02 3.061670958573804377e-02
2.098643450209834214e+02 7.240998852592794037e+02 -2.875093659539381015e-03 -1.600397048388130022e-03
8.246612942782553546e+02 8.860733702327723904e+02 4.125568015040210201e-01 -1.482040408271577681e-01
6.043555612614756001e+02 4.300794262135097483e+02 -4.549083612767374496e-01 8.880365281037774783e-02
2.193414463509969892e+02 6.156495464148106294e+02 5.742652663927417384e-03 -5.405337200861392265e-03
7.887571547798443135e+02 9.084834286800605696e+02 3.944791717009591414e-01 -1.530462646447813824e-01
1.161825668827747677e+03 1.448012961105420118e+02 1.226215938067124964e-02 4.088047519071624780e-02
2.765603536099119992e+02 5.949757764649189085e+02 8.544357455316503938e-03 -1.280300212521645956e-03
2.609118827418901674e+02 4.419786313326449090e+02 -4.562460025366894129e-02 -8.803021925979180595e-02
1.210711057070531979e+03 2.134862747008606334e+02 -1.010780402679986242e-02 6.091502321734230778e-03
7.892443885626909150e+02 9.145505029033054143e+02 3.930831016762034169e-01 -1.934088945465184672e-01
2.354436244558423823e+02 6.119278375964393035e+02 -8.338381749424717340e-03 -1.300872125122425342e-04
2.353689687969643103e+02 3.167665489794951554e+02 -5.125487627496864984e-03 4.847554577479806608e-03
3.668887644190152741e+02 9.723695319428005632e+02 -1.089139377795494412e-01 -2.231701432407238728e-01
7.641085321838595519e+02 3.694163398141643597e+02 4.376640227845792763e-01 -1.347682876714185463e-01
9.389991930100036370e+02 8.502569278502780890e+02 2.811273233168297137e-01 -1.382257072088976246e-01
2.274023026686460014e+02 6.155349329560110618e+02 7.516556911398165029e-03 -3.986975270323671675e-03
1.018044669315383999e+03 2.557630958355897803e+02 -1.448695614301459024e-02 -1.123533083880526653e-02
3.086333794141078215e+02 4.806586217334097455e+02 2.009083780289601211e-03 -1.123377853075127088e-02
5.351281388024382295e+02 4.824526408253406089e+02 6.988124082517340255e-03 -3.022173658250451936e-03
8.702272436696121076e+02 8.977359406322553923e+02 3.312977169389026422e-01 -1.634055649330676818e-01
3.135489208769524794e+02 5.176903807433958491e+02 -2.236397044431807646e-01 4.172580319447553171e-02
1.071309415123424969e+03 3.342200816282557412e+02 -2.698993078622088926e-02 1.646630062109230852e-01
1.030587477654229815e+03 8.337726271507665388e+02 8.753770670556050917e-03 -6.836347122048614701e-03
3.001458058252630394e+02 5.434917862387198966e+02 -6.921917543713159218e-03 -6.481894202734830857e-03
2.000241164517882453e+02 7.129302812267616218e+02 1.890822097648664143e-02 -4.873374759527131055e-03
2.629119968823461022e+02 4.985522985211598552e+02 7.716875374986283120e-02 -3.098134779100231162e-02
8.142799730110828023e+02 8.856401655521082148e+02 3.984137527580629556e-01 -1.325020068199607715e-01
2.773659906554124746e+02 4.736619532545897755e+02 -1.769377926089335529e-02 -6.032017557426046228e-02
3.051927166483794167e+02 6.357625597516173457e+02 -7.775335795051685267e-04 -3.956911375401360627e-03
8.033459563936401082e+02 9.364345738769551417e+02 5.528192521452331976e-01 -2.133099924291612104e-01
2.944119022392410443e+02 4.130701547322534566e+02 3.105235417318579893e-03 -4.395014449295387609e-04
2.638855467768894414e+02 5.080153111227415366e+02 6.824897137173559225e-02 -1.525182359438349011e-01
7.601585407067481128e+02 9.402089706296068243e+02 4.873424440962910720e-01 -1.521027670088088701e-01
7.972403337601562043e+02 9.297446683326498942e+02 5.437966264363804925e-01 -2.085083760283635013e-01
8.132488285940769401e+02 8.972233923430753748e+02 3.838314672233410496e-01 -1.405512387153321219e-01
2.326683818167840343e+02 6.477022020583682433e+02 7.929042462915456262e-04 -5.012308507908114046e-03
3.357265933941040430e+02 5.617966033797811178e+02 -5.315450970048198227e-03 2.237037522888390279e-02
2.676706455563149234e+02 4.580047845886655296e+02 -3.289514752030767847e-02 -1.223055821636925833e-01
7.217851820058642716e+02 3.967449511030727081e+02 -3.991732463665663699e-01 4.947427232271574965e-02
7.638684141961086880e+02 9.169270514821658935e+02 4.664766386210277838e-01 -1.312864135894811213e-01
9.280142142971484418e+02 8.812721956547998161e+02 3.927749360927513811e-01 -1.221723403492863125e-01
3.282005887104188560e+02 5.827843917183203075e+02 6.143619259548790783e-03 1.880148243635000518e-03
2.710594859918726911e+02 5.008005668733198945e+02 1.952634542417140684e-02 -1.535585765540787018e-01
2.690223718566441562e+02 5.248042735501280731e+02 -1.387425039160263829e-01 1.011584965307292805e-01
7.540865510388323401e+02 9.284937182475772488e+02 4.820729472751619227e-01 -1.650075451634091528e-01
1.855936255661418102e+02 5.743977662723167441e+02 -1.249977588576998110e-02 -1.057913663212298010e-02
2.532509764044620795e+02 5.563694793908406382e+02 -3.698845423942778016e-02 1.038526748180462929e-02
1.428208179608181467e+02 3.915262482874310308e+02 9.296557447587441500e-03 -2.398999832226394752e-03
3.432897551317849434e+02 5.359798537076552520e+02 -2.275508737839140525e-02 1.488576193853442461e-02
2.509718339314614468e+02 4.844509064905175251e+02 3.634931040038267419e-02 -4.615404252521305289e-02
9.911065757146960777e+02 8.510977925616143693e+02 1.025061120080998471e-02 1.552308518114837131e-02
2.573216410389544535e+02 4.845477661098205431e+02 2.675048731246664271e-02 -5.593715076092972693e-02
7.618954472360140926e+02 9.454213851049174764e+02 4.631845924989654306e-01 -1.777297749097035140e-01
1.037557263006528956e+03 1.831170392254091439e+02 2.554011663185763031e-02 7.400119185374782506e-03
3.479443808846492061e+02 4.770045438339480484e+02 -2.527800171502756627e-02 3.733235290814835867e-03
3.234086845426395485e+02 5.135629464896436502e+02 -1.037773833344976110e-01 -6.969434324182004203e-02
9.179412656009086504e+02 1.102698092517521673e+03 -2.870267191546604663e-03 1.217872439396934688e-03
7.515429996100749577e+02 9.348483421781692186e+02 5.029203729983385829e-01 -1.826109600813793643e-01
1.137484295308257515e+03 2.915386520796635068e+02 -3.482002227010165540e-03 -1.848759319473444610e-03
1.981147720138908710e+02 6.622681314246284501e+02 -7.212462416167074106e-03 1.225039140947478851e-02
2.002502221603006092e+02 5.791283801150509589e+02 1.341701973171527916e-02 2.105408723103453089e-02
1.278099958275836343e+03 3.270958952644895703e+02 5.711442479494931168e-02 -2.486422983071657766e-01
8.488520317416464422e+02 8.914582751941279639e+02 3.979053379561397485e-01 -2.504074980317538279e-01
8.881172031033241865e+02 8.911311853377720809e+02 4.029084671584552968e-01 -1.434809592101925213e-01
2.563469212819545078e+02 5.443331086575079780e+02 -1.381955778833084125e-01 8.881317222630631669e-02
2.502556870072561424e+02 3.050855439743347119e+02 -9.274640123369509714e-03 -1.103768077331661844e-02
1.892148561420186184e+02 5.072013732953352587e+02 1.969760835777097357e-03 2.431764859494759973e-03
2.475299540969129737e+02 7.022531231402195999e+02 3.514946753292273740e-03 -7.005859332683949531e-04
2.370561255222682746e+02 6.835212218315569999e+02 -4.921897016412692984e-03 7.804558770385933500e-03
1.167705086394400041e+03 3.736075539731942854e+02 4.915413150654623746e-03 7.905841462985394030e-02
3.311960995997337136e+02 5.434940305991891591e+02 3.971897522841807450e-03 -5.535567971280512534e-04
9.999826559432169688e+02 8.714794225093008890e+02 3.444302032071649977e-01 -2.237151959937562148e-02
3.666274738069975001e+02 1.040448010878877540e+03 -6.200270813123309049e-02 -2.176352269386127580e-01
9.766657986768927913e+02 8.540724283799595469e+02 6.132290137799427387e-02 -3.439590924012963548e-03
2.219382242472152598e+02 3.126976883297295444e+02 -9.179085119396460102e-02 -3.490805224598716450e-01
3.319055357090874168e+02 4.859409101716436226e+02 -1.971961760461728858e-02 -1.063296611092912590e-02
5.560536194137428083e+02 4.242048605739092295e+02 -3.187574398476490656e-02 -2.099917353188578140e-02
1.156370606772690508e+03 3.424042105292576252e+02 1.891463080369924429e-02 3.463101607094516265e-03
1.131630426555099120e+03 1.552667386354528674e+02 1.856506756612901952e-04 -2.358409055114289981e-03
1.209829243229221674e+03 3.757054742511649579e+02 3.030997687323863307e-02 -2.680814266006838892e-02
2.431756431555596123e+02 3.851097980272891164e+02 -1.005475991886062154e-01 -3.138272062753760805e-01
2.839285975214816062e+02 6.911334043664983255e+02 1.666535521288137244e-03 1.847914758548198366e-02
2.671401472878596337e+02 5.507757787037554635e+02 9.124508540723878791e-03 3.347149380454984835e-02
1.171879670352370795e+03 2.197593957731244245e+02 2.063602606329206432e-02 -3.066831689240344383e-02
1.192723920992141075e+03 2.509269221204299356e+02 -8.612973768792768492e-03 9.292457369576035200e-03
6.072678650913695719e+02 3.959595173206890308e+02 -5.494713170905710653e-01 6.319122849063127378e-02
3.270212730045119542e+02 4.769703234543147232e+02 -3.482681631340363987e-02 1.335362142691058629e-02
3.120006310939384093e+02 6.051632228566355707e+02 -8.299663915061676264e-03 3.453206929427576465e-03
7.992667993361293384e+02 3.597580470695684767e+02 3.111890425251465087e-01 -1.073314960102950411e-01
2.344602611986118177e+02 6.254675903537234944e+02 -3.941624569161529881e-03 2.914021033441461118e-03
2.375227440462895174e+02 7.542862259488316568e+02 1.089643853695820667e-02 3.582866924277778448e-02
7.985974134753332692e+02 3.484742321133147129e+02 3.194530541426308656e-01 -1.000535756411155969e-01
5.433711761690473168e+02 4.682500275671552572e+02 -1.905622614562351436e-01 3.222434999592075494e-02
4.948077030222289068e+02 4.734550023456823169e+02 -2.643184908162658081e-02 -3.951313367358658818e-02
2.032246725759356138e+02 7.032603145469731771e+02 -2.121524797091594184e-03 -2.224794695105782386e-03
8.285247135762389235e+02 3.282078903666984502e+02 5.110740621178971009e-03 1.695305545487403587e-02
1.140498606733900488e+03 3.292068283165518210e+02 8.032252309188305309e-03 -1.521939189643267167e-02
2.892769005677884024e+02 5.750901477000464865e+02 1.030270969037098104e-02 8.309746965365585880e-03
7.524243588746153364e+02 9.559839664091255145e+02 4.446571052881255204e-01 -1.553777395433781350e-01
1.135196970826319784e+03 2.225749374869665758e+02 1.182623782435509620e-02 -1.289301378152863916e-03
3.495636956156702695e+02 5.438371384723560595e+02 -3.274638993064463155e-02 2.490234572222687834e-02
2.274768528377948940e+02 3.194585643982378542e+02 -8.445641050587374132e-02 -3.979810065535671626e-01
5.730167813792046445e+02 4.225954693806140767e+02 -2.850478033754197393e-01 8.800602277369819204e-02
2.128723763865302203e+02 7.322130750783445592e+02 -9.522685406216112314e-03 1.859652648242629894e-02
1.126849849311509388e+03 1.665925407525794810e+02 -2.652581460516008349e-03 1.818712701656728659e-02
1.089845577509669965e+03 2.217280449589908642e+02 1.375973089393978284e-02 -4.077790535420953988e-02
3.357816001088704070e+02 4.789810513598881130e+02 -4.778473389058373461e-02 -1.320573197006970172e-02
1.153899375671295502e+03 2.155059932954850126e+02 1.139441842744895288e-02 -2.383518749374305499e-03
1.965682737015680743e+02 6.894990639777381602e+02 6.013903730825580522e-04 -6.286056787174775819e-03
2.276068639609066224e+02 6.679355222682207796e+02 -1.349614533645428736e-02 6.167195524961126968e-03
3.430189166190817218e+02 4.993482455910358340e+02 -4.661028162074851849e-02 -1.750636606517322336e-02
1.024296542679739105e+03 8.659346150567585028e+02 2.459595804843101585e-01 -4.592808757155184690e-02
1.097169059916726155e+03 2.684013798796679566e+02 2.302777022906312560e-02 8.789608619154159336e-03
2.216061230142067870e+02 6.082093129108041012e+02 -2.073790084318209801e-03 3.663559259715803377e-03
2.797291318113603893e+02 4.450762161158317554e+02 4.889332546694409587e-02 9.454303298539884493e-02
1.168185465596283848e+03 2.132586136802550243e+02 -7.459938391834254438e-03 8.033964955962117835e-03
1.114777803513050003e+03 2.386459898864602280e+02 -1.489382128357593163e-02 1.886891961602304643e-02
2.378514166055178691e+02 3.056894431138550772e+02 1.863782965778236836e-02 3.755108898763529629e-02
2.161977974524823765e+02 5.822011726463231298e+02 9.596371568313140712e-03 1.781474507475371092e-03
2.740810486943582305e+02 3.817873999300384753e+02 -1.006504919493888444e-03 -7.570933510213771907e-05
2.639082423245026234e+02 7.032301357474281076e+02 2.340538838186850736e-03 1.068333749880353081e-02
1.929287566509227929e+02 6.301407648607352030e+02 -1.129264874479678910e-01 3.905224931497246477e-01
1.092127256161937794e+03 3.241315396914138205e+02 -1.922012406607386285e-03 1.469520597793527337e-03
5.697078190234603881e+02 4.635925256009202258e+02 -1.031959397696696340e-01 2.819087964837031432e-02
3.274683235376879793e+02 4.653405609785548336e+02 -3.094163304149108278e-03 4.871608964294571638e-03
1.108988337267706584e+03 3.557234608753982457e+02 6.547280869093504568e-03 -1.234196391858674406e-02
7.450975804275824430e+02 4.490984868916138453e+02 -5.256610978632228481e-02 -3.923845890108506457e-03
2.929581154428992704e+02 4.567623499094125918e+02 3.246804426095026980e-02 1.320581952533474990e-01
2.514758358450358458e+02 7.810221606580605567e+02 8.771313170727340625e-02 1.915599402900613757e-01
1.279811600192635069e+03 3.743957992844818818e+02 -1.105926406732425302e-02 -5.230406252265014377e-04
3.434843921018095330e+02 5.565425393179331195e+02 -5.254293090368462871e-02 2.310073524461581790e-02
8.288563399584065792e+02 3.395019858580604364e+02 2.604940595555454291e-02 9.569550073838781895e-03
3.565393014921114059e+02 5.192857271380819384e+02 -4.602156268680458739e-02 6.583368671322722965e-02
3.461387131874219563e+02 1.088528162956116830e+03 -2.198120245669871534e-02 -3.252182401346508794e-02
2.686124385806263604e+02 5.834402720050178459e+02 1.786635478298545477e-03 -8.650598584504133257e-03
3.158805512353738436e+02 5.862463508446021478e+02 -3.137130445818771783e-03 -3.780464817732581066e-05
2.412567099162448585e+02 5.597378950311860990e+02 1.187082838637539342e-02 1.089471680727974005e-02
1.088486973927196914e+03 2.163227874492343688e+02 -4.697624661680763203e-02 5.084131710712416763e-02
3.050972501029957584e+02 5.485774859636835572e+02 -5.728714613829958419e-03 1.835496857504630153e-02
1.145482814808834974e+03 2.172614936947523461e+02 -3.238062156057848820e-03 1.120156136067749879e-02
1.000419483397175782e+03 8.640696248055637625e+02 3.218667670763478705e-01 -1.483850919228166428e-02
1.026071462579608806e+03 8.264321330396516032e+02 8.954433039304090722e-03 -1.161124009698902802e-02
3.530165909564295816e+02 1.088212804903886081e+03 -1.344488684946165170e-02 -3.073630048558049707e-02
1.161251041630055624e+03 2.459640998828760701e+02 1.506451677266615607e-01 -9.529084281999611328e-02
4.843865886722254572e+02 5.113211034919372651e+02 1.351396955055450544e-01 1.106692211231534578e-01
1.941806820913344325e+02 6.456111567374796323e+02 -1.145323269248975373e-02 5.393286238781100535e-03
2.582704482541150810e+02 7.212454506308414466e+02 -1.604804175802500288e-02 -5.872478399094977104e-03
1.133240182629893297e+03 2.894672073354190616e+02 6.690170398454452216e-03 -1.359063198218068806e-02
1.983723014811971268e+02 5.265337510039533981e+02 -4.632891301464373002e-01 4.295975429640590260e-02
8.681931640488388666e+02 9.173502914584830705e+02 -5.069947551458264812e-01 1.952081951502318835e-01
2.883618750417572869e+02 4.711798333253952364e+02 1.297855744394889321e-02 1.050409350795474539e-01
1.045134765921981852e+03 1.648586830891620423e+02 6.199812681158240607e-02 4.409932276520085737e-02
2.978506755549993841e+02 6.180097472117780626e+02 9.860141488299840450e-04 9.654417431726536672e-03
3.125759870934668356e+02 4.916528501853227340e+02 -4.592682383550520525e-02 -1.296432399593663680e-02
4.941880475806829622e+02 4.585576076197378939e+02 3.608413546166833741e-01 -1.371318210041361507e-01
1.063364388912641289e+03 2.850861535794241490e+02 3.422411356097321278e-02 -4.743472890682578352e-02
2.200420326395950781e+02 3.030837556364086822e+02 -8.245204117247087461e-02 -3.327348445648399822e-01
8.876115571958970349e+02 9.135025474873676785e+02 -4.847361840132310418e-01 1.309420416097822615e-01
1.129973339771455812e+03 1.880303945261507010e+02 2.282421583846362331e-02 2.589513921449849293e-02
2.865249862422667206e+02 6.067520210109991012e+02 -1.258503350729509680e-03 -7.146781996227380591e-03
9.467716160450361258e+02 8.786768421197845100e+02 3.855030908155917535e-01 -8.475593429491456998e-02
2.312364708119037289e+02 6.074161296737851217e+02 -2.655174984481348602e-03 -1.802151000426402069e-02
1.127441056204990218e+03 2.876249512179121552e+02 1.944972316184950811e-02 -1.117532951557583150e-02
3.073654144403644182e+02 6.581559284416538276e+02 7.439439538561791465e-02 -1.447829302428072229e-01
2.239984426390072940e+02 5.529124173798539914e+02 2.343891696869890642e-03 -7.568078842431946902e-03
3.101024590907647394e+02 6.706155602177813080e+02 8.901915048591935858e-03 -1.974989064412831230e-02
2.506373773482082186e+02 6.489933306906851840e+02 1.604100295071278492e-02 5.845019715440396939e-03
1.104079888373963286e+03 2.982456816011948035e+02 -1.252064775778109935e-02 1.376439299957779062e-02
1.169535331195141453e+03 3.407094321773015508e+02 1.069767306969177101e-02 1.815302335807817899e-02
2.428755015679699056e+02 3.448627192097138732e+02 2.505318832769399748e-03 -3.105666115413221063e-03
1.111158806167404919e+03 3.155186653361845970e+02 1.842528813176163432e-02 2.640120229089367235e-02
2.677018772026274860e+02 3.558657319549038789e+02 -1.632379493819731625e-03 -4.947986047434572467e-03
2.570375567068258533e+02 6.799461503122022350e+02 1.035920706704244023e-03 -4.339901144082279269e-03
1.011169907314757552e+03 8.708474268711590867e+02 3.399667218836951998e-01 -9.003050455710803757e-02
9.523513554321249330e+02 8.824222169143666861e+02 3.835381205087483591e-01 -5.447961510652917644e-02
3.134247424369967234e+02 5.335303295297167097e+02 7.526197366547479964e-03 7.629956541854250943e-03
9.574108792741641309e+02 1.863695556991389708e+02 2.724094307832657103e-02 9.015897111764714644e-02
7.941369085882163290e+02 3.776102265837153027e+02 -5.140154959065822426e-01 2.191316133873796035e-01
2.893168435692461458e+02 5.442412568299550912e+02 -5.275897497337253723e-03 -1.200809606786092977e-02
1.078355098967864478e+03 3.701884810268915658e+02 3.681440508199795847e-01 5.585529909431371509e-01
1.111998244056259864e+03 2.551982703901429375e+02 6.976580251903620467e-02 -2.301204937639267367e-02
2.941390893905328312e+02 5.604447052278799219e+02 -9.530462410637456291e-03 -9.944393182848053694e-04
2.007229074631621870e+02 6.456106276619058235e+02 -2.015466539578871646e-02 1.396745821746140509e-02
2.102544157986439188e+02 6.117821159672639624e+02 8.791651563971601344e-03 3.731585658763694052e-02
1.101885605631766794e+03 3.110054208568016634e+02 2.643805978685365848e-02 -2.170399812541408055e-02
1.191995576704119003e+03 1.804385404348540760e+02 -8.209718407805226617e-03 2.392965974007891031e-02
2.223373701049563351e+02 6.230487383586653323e+02 1.162616926804569718e-02 1.456079270785338997e-02
7.532402361461954570e+02 8.452719882298407583e+02 1.589185457607239385e-04 -1.027556520692105317e-05
1.299989992332753218e+03 3.436994957075355046e+02 4.604398813410959246e-02 -3.953025103403928764e-02
2.884406982952056069e+02 5.176794160726890368e+02 3.272747763569914007e-04 -1.367362771038462682e-03
1.082996667828170757e+03 3.376629747346507884e+02 1.356446167100744220e-02 -2.911937466116215970e-02
1.156146679413906895e+03 2.942513532876776026e+02 7.711646570865779426e-02 1.800520865578837323e-02
2.700994651773303303e+02 6.662316150237040802e+02 1.107695747610156108e-02 7.992496318157500321e-03
2.595420086203791925e+02 4.031561108503576065e+02 3.048101324627859945e-02 -1.453107466301218481e-02
6.733035904298865262e+02 4.967446329845429318e+02 -1.495642724758044530e-03 4.815115670578394048e-03
1.206503422461243645e+03 2.454193708042779463e+02 -1.240155341164527998e-03 4.509223976864156977e-03
1.083085090806715016e+03 3.029314114931833046e+02 8.593479067125335893e-03 6.523177883575679431e-03
4.704252192365929659e+02 4.370157221587346612e+02 -5.385813743095069911e-02 1.668547367846780899e-02
1.152249936843781597e+03 1.902371101168103564e+02 1.775823128533275952e-01 -1.514791937029461022e-01
9.602325485779287817e+01 3.796851030129025730e+02 -1.545706969053671220e-01 -1.950730490144982621e-01
7.280530323993739330e+02 5.258151316441310428e+02 -3.750182383582526327e-03 8.673346370754881620e-04
2.118806080661443616e+02 7.497374429022413551e+02 4.020444791140281859e-02 3.205280170822793345e-02
2.752772991144905177e+02 4.798818850858549467e+02 -4.581886475099990891e-02 -7.035610461419068706e-02
1.132524272232724570e+03 1.490249361755710993e+02 8.415476872871727881e-03 7.966850283182365725e-03
1.181944081773147900e+03 2.583195276553737472e+02 2.972944691662020647e-02 1.396121148042703437e-02
1.135219581056000152e+03 3.607960441989940819e+02 -9.455201514672600949e-02 5.570065525461413009e-03
2.298177681439632067e+02 7.306125092968253512e+02 3.252632670216319688e-02 2.329602978849523720e-02
1.512765718911364559e+02 4.546337971519843677e+02 -4.230865337863707817e-03 -6.358687090943193100e-03
1.077866430897462578e+03 2.215724661983692840e+02 -6.631336639830436724e-03 4.890675036223780629e-03
1.196014204762367171e+03 1.863739026459107322e+02 6.409317275119074536e-04 -4.673802465170170083e-03
8.754922076803744631e+02 8.866276077446921136e+02 4.038751590234299638e-01 -1.506792776821709035e-01
1.102178439927603222e+03 2.918646077947171875e+02 -1.575528417861683447e-02 9.053340035921850562e-03
3.529067734815174049e+02 4.737256053533447471e+02 -5.219722839313425955e-02 -1.449706558978133830e-02
1.099388645594758827e+03 1.643531181492968472e+02 5.863106747625072834e-02 3.269874424537087820e-02
1.131829985892896048e+03 1.968729191737118640e+02 3.555546039575968598e-02 5.346643339373572529e-02
2.461222127657212297e+02 3.102707627097429963e+02 9.887809938136050622e-03 1.648407343666146579e-02
3.015856583452756468e+02 4.976281786972577379e+02 -1.575510236944236905e-02 -5.834953671812077858e-02
6.751880416931031732e+02 4.068643699051029330e+02 3.849153259911546332e-01 -2.777625626443218088e-01
1.163339327780004169e+03 1.846672377568046954e+02 7.684107858515312750e-02 -3.528678734446764192e-02
1.172189018545117733e+03 2.846224949218105280e+02 1.394315650941820584e-01 7.281107795577189401e-02
2.655450025369346463e+02 5.602262132762344891e+02 -4.994494924441332875e-03 4.929874817393697928e-02
2.391395111814177596e+02 7.608548022042818957e+02 3.030236670828640247e-02 5.088546962492660614e-02
1.156089464694154913e+03 2.398911475871008463e+02 2.711366809393493411e-03 6.959647540348964587e-03
1.107751399191975679e+03 2.118815459920595288e+02 4.469050757542039620e-02 1.038791119328992194e-02
2.735655422158263264e+02 5.048128299207911596e+02 -8.395380573994888629e-02 3.801821202433521008e-02
1.128913470222190654e+03 2.182868627943819604e+02 4.275157191847425014e-02 -5.465369170647085828e-02
5.214904886917365729e+02 4.897993016933900208e+02 1.888044113521440415e-01 -1.154910819176190873e-01
1.147765938153174375e+03 1.411022966742123685e+02 4.286271986716831683e-02 -9.088952049124050803e-02
2.846040505446214297e+02 5.888057627354431816e+02 -2.859955546356748434e-03 2.349374576957159386e-02
2.352031104234143015e+02 6.001152420027924563e+02 1.797174056533078906e-03 4.876937695289283205e-03
1.220336856084296642e+03 3.437007151387458066e+02 1.726373229201514925e-01 7.682770838192934382e-02
1.169968269624974937e+03 2.567510085764921541e+02 8.334488897614868858e-03 -5.548891426435534693e-03
2.594380374240961373e+02 6.116685887131632171e+02 -1.238434655467057950e-02 9.634352731858157950e-03
8.507496783425581270e+02 8.979015048364822178e+02 3.817366509961783172e-01 -2.710492869288033124e-01
3.022021350025147512e+02 4.923822815302996219e+02 -2.157699445904773944e-02 -1.493151485098649471e-02
1.124716699643895026e+03 2.431190589591988100e+02 3.577015468605024284e-02 1.926774941245182728e-03
2.484569861386238756e+02 7.202284582005663651e+02 -4.232726481178014123e-03 6.425351102465545750e-03
2.697162694110795087e+02 4.216308920286638795e+02 3.597798622500042454e-02 3.453562933945776570e-02
1.045417393054596914e+03 2.751149468220240806e+02 5.548819699244163933e-02 1.628328111231115705e-01
1.065409486062954784e+03 2.577939085701738691e+02 1.367667893015941938e-01 1.383348557401548329e-01
1.173453856295135438e+03 1.774617121480733317e+02 -1.099844382550523546e-02 1.169029082161659495e-02
2.848042973086651273e+02 4.991051841775200728e+02 -4.568532877571685608e-02 -1.281929421747805744e-03
1.134193169474832530e+03 3.305660108246040068e+02 -6.461727873660366717e-03 8.959431875106168425e-03
2.678844468936131307e+02 6.043618424017701045e+02 6.398122344895491084e-04 -9.391661814219116325e-04
3.127556738326352956e+02 1.054015933807944066e+03 4.557038949688169485e-03 -1.830797112365196433e-01
2.701151130092424637e+02 4.398730544037150594e+02 2.724586196595478460e-02 9.011546986476620669e-02
2.836169256761154429e+02 4.847406822679859602e+02 1.121202594260516452e-02 1.443113847958208129e-01
1.303824554086636908e+03 3.342282104015463915e+02 1.915622347121123115e-01 2.647332093282962415e-02
1.073108825575067613e+03 2.904536574805326836e+02 2.475878006425593497e-03 5.260745503715335419e-02
2.083511547326132813e+02 4.899044072648178485e+02 1.520448162163365617e-03 -1.311630202039422996e-03
9.302096496210626810e+02 8.917740507574177400e+02 4.022872268642008753e-01 -1.161474618080952093e-01
5.060904895405236061e+02 4.587432127486995341e+02 3.935474341279319166e-01 -1.522948968518106905e-01
1.143201923491620391e+03 3.194904430308311021e+02 -1.397268448227346202e-03 5.386268452344994406e-03
1.130783106020664263e+03 3.101788065247481541e+02 -1.002557095447141611e-02 2.623824350827405269e-02
2.547142204634943710e+02 4.223996449825986019e+02 -1.917542915136531342e-02 -1.912498300622524350e-01
1.033861841829366540e+03 2.329960171359016101e+02 1.709674657898577199e-01 2.004659596608372452e-01
2.640016438049510157e+02 4.430176848096621143e+02 -5.222119716622987406e-02 -9.958660733683090405e-02
3.660966778084375619e+02 1.092215924699033621e+03 -9.725360202260658043e-04 -4.473666203691911702e-02
2.086098085718057007e+02 5.823070777549038439e+02 1.539628892461172294e-01 -2.306189925539474384e-01
1.066172385537062837e+03 1.786299831008591923e+02 1.535394321090865176e-02 -2.321357305485961635e-03
2.057931358727180680e+02 6.278935566615239168e+02 -2.112086352189020827e-02 -7.578817819451993086e-03
2.643550111448249140e+02 6.870915228257300669e+02 -7.562630021039798249e-03 3.301823934913891700e-03
2.923349391766021768e+02 5.029502262353561264e+02 -3.844517605942106286e-02 -1.160627083012489257e-02
1.202581957585634200e+03 2.035529067515283828e+02 -3.157523607319940445e-02 -3.852358922295373578e-02
3.386592826246307482e+02 4.865777430338143859e+02 -3.087131034533961357e-02 2.956849552473127252e-03
1.108624451259209309e+03 1.697447051416242800e+02 5.070063414706901805e-02 -4.729706124947995888e-02
1.108254329900339599e+03 3.299409881794734929e+02 -4.081068263299175193e-03 1.743617427038235065e-02
3.153101662243491887e+02 5.664487630280252688e+02 2.025745622428629707e-03 -3.850742835250610743e-03
7.038797041555906162e+02 4.016006830452563463e+02 -4.059950864003825100e-01 5.307733742874815031e-02
2.353374570892190434e+02 7.053416769503072601e+02 4.196155580547269136e-03 1.392348424386311012e-02
2.330422292724006752e+02 7.493566982670033667e+02 1.293491495430665675e-02 1.491030274320843951e-02
2.483429658280353181e+02 5.977522474740871985e+02 2.229835417107504242e-03 -8.658729414154289414e-03
1.038142940236310778e+03 2.819207514094621274e+02 -5.487701953426841160e-03 1.372544933805541073e-02
1.106921865842292391e+03 2.908031966983213579e+02 -2.531725201107508372e-02 1.333537570342135103e-01
1.177794561387223439e+03 2.313331447556537910e+02 -3.258226117915937609e-02 4.275338476597453224e-02
1.126441212575584359e+03 3.347918849248127913e+02 9.904323785599219825e-04 9.449255105172178412e-03
1.141338220759813112e+03 1.898406458731539033e+02 5.316106906519791481e-02 6.402426952091403237e-03
2.916769932898276920e+02 5.845901592015010237e+02 3.520468666552838653e-03 2.162249207601397213e-03
2.309864332045472395e+02 7.105000219119302756e+02 2.467411201299210023e-03 2.916076713369542301e-05
5.739022672531608578e+02 4.321636386904952474e+02 -2.978652096017599948e-01 5.504676444329246326e-02
2.711112143059376649e+02 6.479747420575990873e+02 -1.140581895872131053e-02 -2.573341924750082322e-03
2.634921496895241830e+02 3.958335877409600698e+02 -7.603041823652928466e-03 5.392208595944704072e-03
2.185248817384569406e+02 7.458929112086474333e+02 3.438726086047447922e-02 5.944228928245538779e-02
1.927066217876955818e+02 6.848376706816883370e+02 1.074835887671029243e-03 -4.480937351344085710e-03
4.655831504261298619e+02 4.564918899103168428e+02 -4.142856804352536282e-03 1.108710279632503341e-02
1.179561481833332209e+03 2.925865996408160186e+02 1.032980596885026137e-01 -9.109921993509355331e-02
3.317771377304006819e+02 5.193071577900357170e+02 -1.605743237908968946e-01 -6.339111564139640956e-03
3.084966640101795292e+02 5.379096772683128620e+02 3.739511614727721034e-03 3.780619894120835784e-03
1.114981486570673496e+03 1.838544545812211197e+02 1.999604508798238575e-02 7.592924656759410251e-02
1.234373423739382133e+03 3.077497729909125042e+02 -1.098497119970524710e-01 -8.883101194377972937e-03
2.019891323978333730e+02 7.201170628557824784e+02 2.520419969144286482e-02 -7.746795154511040143e-04
1.259950018767308393e+03 1.959813097791140422e+02 2.818682367451221557e-04 1.465532058995560249e-03
2.736282378274971165e+02 5.534102062955349766e+02 9.360845623451262421e-03 4.885949512745445603e-03
3.029879121921978822e+02 5.396061432594837015e+02 3.317752413217571472e-03 -9.974217258922864551e-03
1.172808153602469019e+03 1.879008741238218363e+02 6.494127974684208923e-03 -9.461436099319889270e-03
2.583638564508851800e+02 4.146198073509337405e+02 1.011324528095577414e-02 3.470917228995034493e-02
1.048391676318500458e+03 1.690362558717318109e+02 2.352874870352889350e-02 -3.053292212344118489e-02
1.157938463759031265e+03 2.206493173263200447e+02 1.555540763849133472e-03 -1.741206879241624650e-02
8.232700951490512580e+02 8.985235600168863357e+02 3.671390001605080999e-01 -9.293270837687406249e-02
1.178199676936931382e+03 2.425748557745183689e+02 7.255182805519694994e-03 -4.718826999657669760e-03
2.413435155200917563e+02 6.102036575124552655e+02 -8.874917682526088994e-03 -1.544392868801410489e-03
1.183194761143697178e+03 3.682819610384682392e+02 1.444156124893251555e-02 2.190354322734022058e-02
3.397209642993909711e+02 5.264227069031576320e+02 -8.011485692646142312e-03 4.972574575532856533e-02
7.993836930681383137e+02 3.964132161538126979e+02 3.661088709668446350e-01 -1.829878409195488942e-01
2.708259313710037191e+02 3.949360492712082760e+02 1.324679870873918079e-02 2.608138285615770741e-02
1.032295028518026811e+03 2.908209391203640166e+02 -4.595667643835296690e-02 1.258075590375413652e-02
1.076032227321600885e+03 1.795387301573625791e+02 -8.699566195797286310e-04 3.473922826900222721e-03
1.213633260428902531e+03 3.913084036238831800e+02 -4.101847698602751474e-02 1.678286799214769309e-01
8.881540967803549620e+02 9.002270312438134852e+02 3.773897776327407860e-01 -1.729316218407771222e-01
2.227513506882518186e+02 6.369865071000361922e+02 1.942451249005099426e-02 1.504806311604309915e-02
1.104166537648639178e+03 1.990208306616306686e+02 2.169664969971680721e-02 -4.551498456624353955e-02
9.680599074556805590e+02 8.260395962926737639e+02 2.405416660146210139e-01 -1.646831350558724261e-01
1.157834059117735251e+03 2.491514294622634225e+02 9.042358850417195337e-03 4.126523584269174705e-03
3.116694563567369869e+02 5.069604847147178361e+02 -2.950564811152896205e-02 7.640800751227849741e-02
1.013813179842219483e+03 2.550439832497641248e+02 -7.711785203439669271e-03 -2.184073802769964569e-03
2.118455621879971318e+02 6.224636987462802153e+02 1.726291484228039200e-03 5.847374049291698822e-02
3.061280963591002546e+02 4.901397581840183761e+02 -5.663739258539471355e-02 -2.015938271645582175e-02
1.225877656521388644e+03 3.689755786372514876e+02 3.928757603908157592e-03 -8.097999914092284326e-03
3.554335571108603062e+02 5.256152654214035920e+02 -8.460084486413245453e-02 9.908426828100895534e-02
7.064344041360108122e+02 5.827821348419790866e+02 -6.651128846852312051e-06 1.090439146875075592e-03
2.807164829334914202e+02 5.198935102476682459e+02 -8.857423604484162064e-03 -2.042069506702805237e-03
1.030478139187245915e+03 2.095549520914748314e+02 2.295241396622313412e-01 2.050013597142116284e-01
2.846451952166658543e+02 5.663424361986257054e+02 3.935985043738421223e-03 -1.970075609003090096e-03
2.496394678370894269e+02 6.872746048440423010e+02 7.013582668573442244e-03 1.061036832231370720e-02
2.308471577333937432e+02 5.382629143701974499e+02 -2.947801598322433714e-01 4.717735508007527001e-02
2.445326037087001509e+02 3.331293286582231872e+02 5.220478239051139745e-03 -2.241960145582395578e-02
1.057161534129769962e+03 2.876547563255666091e+02 -4.410502707820018048e-02 9.954143176194144016e-02
2.597072509807019856e+02 4.522834546539565963e+02 -2.523396779988312105e-02 -9.699239289943312192e-02
3.140269771399477463e+02 4.713849105353848472e+02 -1.342578733079950043e-02 -2.960662508934938653e-02
1.019497971706438989e+03 1.685533802867916506e+02 -5.606127096017540301e-04 -4.013807957880098794e-04
2.645705292407276374e+02 7.101957365578682584e+02 -2.030158444433079103e-03 5.567563093828395773e-03
8.713489372837520932e+02 9.036515412700093748e+02 3.267480018276910925e-01 -1.695292838372903232e-01
2.446078844564560200e+02 6.501863271724176911e+02 5.935903738534566154e-03 5.221717765866427420e-03
1.063157498322204191e+02 3.621378515504920870e+02 1.767294324944873075e-03 -9.441069252107305151e-04
1.085072425880639912e+03 1.810724938614553423e+02 3.347567102552899410e-02 -8.788979167521442093e-02
2.774769659483970372e+02 4.890787029082205208e+02 -6.510637747325097313e-02 1.549596890380472783e-02
2.668867089589531361e+02 4.101684050139694477e+02 1.224561609574277392e-02 3.637426537058541937e-02
1.063126172524385311e+03 2.332133358372641680e+02 -1.550545349583345479e-02 7.087104647400668811e-02
2.274307365610964666e+02 7.643455875974721039e+02 7.808072446265171621e-03 7.445223718127523538e-02
2.856278616860771535e+02 5.978264928625615084e+02 4.294973845028020321e-03 7.029717237007236316e-04
2.341071625863680481e+02 6.344577550265053105e+02 3.940306350124342036e-03 3.165705783313830894e-03
1.186906261460928590e+03 2.488243907932620402e+02 2.929632069817041107e-02 1.711144818632942891e-02
1.241414887716990052e+03 3.290237489301063647e+02 2.599760674227532542e-01 8.557824581563218055e-03
2.248740594540172424e+02 5.688749085659108005e+02 -5.533403240109588568e-03 -4.502553148077003201e-03
1.188257971179412607e+03 1.887208524076344247e+02 -4.364958748521873173e-05 -4.014091834961272011e-03
2.095618676640768285e+02 6.565792939326743181e+02 -2.403199040904353649e-03 3.352410939566995065e-03
1.096222384372526221e+03 2.609354179221298295e+02 1.464984295716841300e-01 8.890824025569383712e-03
8.048891975271013735e+02 3.878245839846078411e+02 4.062359768330812693e-01 -1.934889341372686422e-01
1.213916570132844072e+03 2.705552600963380883e+02 -2.712844018947855717e-03 -1.046447492514219688e-02
2.220340716473332066e+02 6.578487766366471305e+02 2.372151594758492316e-03 -1.385591960112185104e-03
2.526926124590054314e+02 7.256027820057422559e+02 -7.603138645950170693e-03 7.146371390465694603e-04
2.936439199401783640e+02 5.117802593538344809e+02 -1.280152242135205315e-02 -1.255401675807053460e-02
1.101914092588600170e+03 1.854468990159177224e+02 3.299266818440754756e-02 4.784586057571872664e-02
2.975111501801952159e+02 5.100812490282024783e+02 -3.279475349602037348e-02 -1.046632553120819265e-01
2.643907327756198242e+02 3.387071249019834909e+02 3.096758113400372922e-02 5.827538247301066593e-02
1.087123646877142846e+03 2.009697881330116900e+02 -3.590460752601450783e-02 -1.355395203254903744e-02
2.506393159465658016e+02 7.148392570358605553e+02 -8.761305115035273455e-03 7.933924756160438269e-03
2.823777551571540698e+02 5.681468188522891296e+02 1.264146002746699242e-02 1.478708634907110152e-02
2.924002311050990102e+02 4.952650276355681171e+02 -2.470659903720260481e-02 6.215670681749903281e-02
1.071281112711716787e+03 1.703538456083426240e+02 1.298487026397737373e-02 2.077026900255165426e-02
1.071390310302191438e+03 1.837164186911813886e+02 -7.934128464600266606e-03 3.207766773195036558e-02
1.143393281394399310e+03 2.354951501860101928e+02 2.936191618723208926e-02 -5.300952720932290002e-02
2.563644637116321974e+02 5.134696205219260037e+02 1.309389975904927741e-02 -1.351254405752943914e-02
1.881654899431266017e+02 5.518644850457146731e+02 -2.336374160239470255e-01 6.597669419292544191e-02
2.738358580902772133e+02 4.056710384450692004e+02 3.741221636671289430e-02 3.707859415500409928e-02
8.233816475911793304e+02 3.398707537500700369e+02 -4.953531637034072795e-03 2.514720436018179350e-02
1.114701171784218104e+03 1.965875092662722068e+02 1.332111253573247701e-02 7.222738515600546014e-03
2.741136283348713505e+02 6.902872259885158428e+02 -2.453496345805937593e-03 -2.061708228100065082e-03
1.176284436499928006e+03 2.994440975456652154e+02 -1.084770471766047795e-01 -1.542862436408405646e-01
2.704036924633680314e+02 5.153618353077191614e+02 -1.371314864953459001e-01 7.563912877371718746e-02
7.244790121520087496e+02 4.022243831970317842e+02 -3.876784448457880616e-01 6.582432874548073409e-02
1.127698932636485779e+03 3.246237122892812295e+02 1.943127272280245968e-02 -8.000674216330904299e-04
2.383865593809327095e+02 7.168858700402155364e+02 -5.885362246773118318e-03 -9.263568257408970677e-03
2.326719554586802587e+02 7.212383259695486686e+02 2.670880824773643521e-03 -2.050875556008550579e-03
1.209167626419567114e+03 2.425750617117107311e+02 -5.912318832909900512e-03 5.463265684091644578e-03
5.099423132347366163e+02 4.827276216982263577e+02 -1.907924133702169900e-02 5.602185604937849790e-03
1.057464873283795441e+03 2.487236071104105974e+02 1.506008750476991176e-01 1.099861483122898942e-01
1.135650365078913865e+03 3.212803750914490024e+02 3.536701129194013294e-03 -6.412870842059239379e-03
1.687414208563645843e+02 5.236485570740461526e+02 -3.225336862024582585e-01 -4.555105960582412489e-02
1.131335138572534106e+03 2.741517698767268598e+02 6.170405193769160556e-04 1.990698944213181373e-02
2.509499196862479096e+02 3.923089766828309735e+02 3.338053897785679680e-03 2.984420210564470849e-02
2.325491125666712264e+02 3.546166098950687342e+02 -9.417273509315110536e-02 -3.320149754606794290e-01
2.889104166806294529e+02 4.856982134664751811e+02 -1.925285174777377831e-02 6.108092292405523788e-02
2.893238703000772603e+02 4.987258649126615069e+02 -3.860862928106632147e-02 3.518181279413160056e-02
1.190579661042348562e+03 1.731975778326818158e+02 1.331305066844491909e-02 -8.055853442628085198e-03
1.157052385415784784e+03 3.052229269403468948e+02 3.509988124123272074e-02 -2.932402769105147897e-02
1.313429212593928924e+03 3.517533884263663708e+02 -2.969611087404259650e-02 7.343122350760501738e-02
1.081102911000029735e+03 1.766314131570249515e+02 6.118596575604014903e-02 1.081942130604693630e-01
1.137151503187198159e+03 2.312016784033392298e+02 4.045688893134046643e-02 1.276174815379643550e-02
1.252807410832249616e+03 3.244650460564560603e+02 2.180791080494114131e-02 4.864972797446510955e-02
1.265532720362427881e+03 3.737834954469871604e+02 -1.355797258507857594e-01 1.604438376842042546e-01
1.215694116026915026e+03 3.252209645837587573e+02 1.341177420205741933e-01 1.481716641207796725e-01
1.193061823104665336e+03 3.602575662111495376e+02 2.103532536806381002e-03 3.337835578541403780e-02
2.659810370893114850e+02 5.371113835287278562e+02 -1.237447919886894981e-01 1.628913848315802770e-01
1.169483140819386335e+03 3.558747664066634115e+02 -1.371969627927575180e-02 4.494362985427878543e-02
2.023573322065723801e+02 5.506573532888788804e+02 -3.097268310151534698e-01 4.293420154269734362e-02
1.061847552083987921e+03 2.204517333802730832e+02 -2.310634055180740484e-02 9.063829814390497730e-02
2.741188786096150238e+02 4.950493629031441287e+02 2.561547452851379442e-02 -8.562465113412501272e-02
2.815042590054214315e+02 5.363160516308194019e+02 -7.925809283760219814e-02 1.559049261542179779e-02
3.693688134609099052e+02 5.292103403166156568e+02 -8.118360065421230398e-02 -4.459987304561772829e-03
1.008346465454818485e+03 9.275128179046682817e+02 -5.765780941356022076e-04 -4.630042777345878650e-05
1.183891209436466397e+03 3.133130278526525672e+02 -1.403936205236070434e-01 -1.734948707136558382e-02
1.185085942979636229e+03 2.311438559190683861e+02 1.360468755257384678e-02 -1.058229541643898597e-02
1.145445263601297711e+03 2.799884560217798821e+02 7.297364617579210622e-02 2.089847350598242892e-01
2.465221332374080703e+02 5.027188138058888285e+02 2.717613594056768681e-02 -3.459312693091434049e-02
3.210473436268796945e+02 5.219440292016475951e+02 -1.019110186075319890e-01 -7.355332359572845473e-04
1.193847367543730115e+03 1.820992417261973912e+02 8.900504407879136770e-03 -1.766548477531239628e-02
1.141560727546431735e+03 3.428124412344171219e+02 -1.659558418188932698e-03 1.385001580678754847e-02
1.061082015449798746e+03 3.170186546182100074e+02 -4.613845921567370084e-02 1.147371239777629504e-01
1.196455167693559815e+03 2.214557143769523293e+02 -3.089946582274546300e-02 2.603806979920359616e-02
2.711961807823157073e+02 4.538801390963668041e+02 -3.075112688693007121e-02 -1.077114120066512692e-01
1.146331140656011712e+03 2.408710345211698325e+02 -9.443064846013524138e-03 1.092477394468202578e-02
2.494291682387908509e+02 3.584747092129479711e+02 3.654844576723719103e-03 9.330844732781062856e-03
1.188324295055044786e+03 2.130839222710627041e+02 2.449577407529288098e-02 -1.119272976469666975e-01
1.147918595960617040e+03 3.222780203397177274e+02 -5.237480674145669930e-03 9.305857907113005215e-03
1.047187772667187573e+03 1.789220271551153019e+02 2.736621091418270021e-02 1.895889011012431846e-02
2.970984239533557911e+02 5.284971012142150357e+02 -7.047645514299658367e-03 3.927489163011654676e-03
7.237734132086885666e+02 4.127354194306028603e+02 -3.918487158648722990e-01 6.126850532316022863e-02
2.298234387270221362e+02 2.967245213740011422e+02 1.705974661335138073e-02 3.901267549491311409e-02
2.807229846779997047e+02 4.900604032869254638e+02 -3.309643841500174710e-02 1.190842281793905305e-01
4.760193531558019231e+02 4.462794001558004311e+02 -3.303924306400592842e-02 -6.783302990489047286e-03
8.248177502518585698e+02 1.102299508597346858e+03 5.092693690904966835e-04 5.835849565503642552e-04
3.252950487891204148e+02 5.353232950419941290e+02 1.218472563258580143e-03 4.730647103001231826e-03
3.287705136848983898e+02 5.473568257227718732e+02 -1.811030291650249716e-02 5.345586456246114934e-03
1.050758090347093457e+03 2.906948220615028617e+02 5.121659706779015803e-02 3.020460215968301387e-01
3.363859273312194205e+02 5.341355454715605902e+02 -1.040807522858396700e-01 6.407617963001899231e-02
1.128661548380883687e+03 3.030881858751495770e+02 -2.442107346822841498e-03 1.236654844379330917e-02
1.148391353415733647e+03 3.516394637354187012e+02 4.704126051768134364e-03 -3.401446280800581382e-03
2.478642064518845132e+02 5.409319985858908240e+02 -1.346193849669191922e-01 1.874458783951960805e-01
3.371559369359218863e+02 4.757882885534589263e+02 -2.251949184474795300e-03 2.884188169477650866e-03
2.867105273557973533e+02 4.952085258856197925e+02 -8.151124682443211533e-02 -5.082894247199856025e-02
7.580298129886206482e+01 3.150800567703892057e+02 -6.753182149145348784e-03 2.913804369155054488e-04
6.077492647339813630e+02 4.045410461389189436e+02 -5.429503146233907174e-01 5.523656330871681841e-02
1.067279575793954109e+03 2.849178360013042948e+02 7.371347246830602280e-03 -3.679134606610072467e-02
1.250579871916324237e+03 2.999750493751839713e+02 -2.865489466037813844e-04 -1.081443061695894735e-02
2.616205892133372117e+02 3.833885041274131709e+02 -4.149077988693709515e-03 4.022861993914290252e-03
2.820674701557970820e+02 4.711095430911336734e+02 3.924195686958811130e-02 7.548333442388308057e-02
2.759399290361274097e+02 5.132076153972391239e+02 -1.190260362462271237e-01 8.807892549086963896e-02
3.242582215150646334e+02 5.043019213058940977e+02 -8.647345758696373119e-02 7.155279723214040544e-02
3.201831457513651458e+02 5.061132514141656884e+02 -2.725426970810098954e-03 -1.328248285165833584e-02
8.199269940279568800e+02 3.352451497278330521e+02 6.873159564769152664e-03 -2.918395436769614243e-02
1.127512324709179438e+03 2.685372337367155069e+02 4.861448660255635740e-03 -1.823813808487620425e-02
1.274279141592741098e+03 2.869336849748017357e+02 8.046609764208612764e-03 -9.095617853754919477e-03
2.918462113205682726e+02 5.734964987952542970e+02 -3.254745151900243633e-02 -7.183132138785178200e-02
1.133674193377367601e+03 1.987975678497834053e+02 -1.136765029971206938e-02 3.721983406585012422e-02
1.231798507242411461e+03 3.164989819187223361e+02 -7.031553263477735571e-02 1.916744583561692250e-01
1.225680083416491698e+03 3.612888907302021835e+02 -1.296202207246538174e-01 8.414500073166833460e-02
2.745829236870061436e+02 4.236134390604871101e+02 -6.271728696975010543e-03 2.823775166631220176e-02
1.190849307762563967e+03 2.646600522638603934e+02 -8.417819810808557790e-02 -4.029190743359201132e-02
2.535385350887639788e+02 4.318105262165622094e+02 -2.744485668353767796e-02 -1.221812101879727885e-01
1.257968068308811326e+03 3.537130515702608591e+02 4.902953449118285789e-03 -2.277653510415717213e-03
2.661089624504264748e+02 3.471496303975808360e+02 2.872959445220217047e-03 -1.348030082108425047e-04
1.388319987725781459e+02 3.979000264764264330e+02 -2.533347770641775683e-04 1.517454339297147565e-03
2.939802461456256424e+02 4.660452477205165565e+02 2.079246386862020762e-02 1.341887066497599035e-01
1.013138858430117466e+03 1.978362841220846633e+02 1.631208598932825382e-01 3.073887624634191740e-01
1.242286313952203500e+03 2.983701432826190967e+02 -5.657592938535182386e-02 1.174302536532862984e-01
1.218879173338367309e+03 3.225847128629666258e+02 7.388596929774961242e-02 1.360451236517963014e-01
1.137143471312987458e+03 3.403271906146708830e+02 1.232785993621778042e-02 -1.214898003749482125e-03
2.507880059038623699e+02 5.729606208250942245e+02 -2.169441399856940692e-02 -8.999258509076825396e-02
3.300496715983069294e+02 5.058918625928617985e+02 -7.739784459208920442e-02 3.518392153465697142e-02
1.043007964942834860e+03 1.641750059406058995e+02 9.597081884769523286e-02 4.383577279698897683e-02
1.239737825160505736e+03 3.444543699796253122e+02 8.038955838896981801e-03 -1.084863467473781012e-02
3.344462518854024324e+02 4.949389339340293645e+02 -2.760426388357932470e-02 3.296611983279434943e-02
1.596210742906873463e+02 5.232001762881949389e+02 1.737602309752370733e-01 2.781193497453769981e-01
5.142279080835975265e+02 4.629526612071350087e+02 -2.222612670959733805e-02 -1.718485181246722296e-02
1.091205940031401951e+03 1.690596175473199025e+02 9.837951364912971008e-02 -2.677035402280357815e-02
1.223594723860255954e+03 3.059754726496103672e+02 6.062039226590343333e-02 5.632838277507268288e-02
2.603260671288482513e+02 5.142527314550156916e+02 1.149387660890508200e-01 -1.830403311699013158e-01
1.132142443875045046e+03 2.127718186974673245e+02 -1.656729187065330428e-02 -4.510934972294559225e-02
2.637131722291006213e+02 4.900321333960198444e+02 2.192468292184489298e-02 -5.653256660516756127e-02
2.166595975873627822e+02 5.343560418952962436e+02 -4.082213529953331310e-01 1.164849467224165769e-01
2.566592846908446859e+02 5.798731247669638833e+02 -6.013952474603698889e-02 -9.480537506349361043e-02
2.484787947670245103e+02 5.936774092038015169e+02 -2.885646658099217440e-03 -7.826395135622233592e-04
2.446274254628147560e+02 3.626099401431129650e+02 -2.584900858966944232e-03 -2.381323733157397066e-03
2.599591168314236143e+02 4.919513048054282649e+02 2.275376652142469674e-02 -5.850840760155356923e-02
2.877647220921158464e+02 4.348944779579304623e+02 -3.745828382531399010e-03 3.477236373477884251e-02
1.031848873133063307e+03 2.354570179385187032e+02 1.469075240489688960e-01 2.951517884051828022e-01
2.983832230289276026e+02 5.926219894429470969e+02 -4.656572927727196595e-03 2.039129571541966474e-02
2.615564809037040277e+02 6.570767784500292237e+02 -5.327792298908084513e-03 -1.731513314799945288e-03
1.153009989631452072e+03 2.738721573256156034e+02 9.169581177399738214e-02 1.781844720817611638e-01
2.460776676602038719e+02 4.051772002158547821e+02 -8.799463873017029925e-02 -2.575834803678769824e-01
3.324961856135133758e+02 5.112906054058298650e+02 -1.374228277219819438e-01 9.698745747217484003e-03
1.193591804026048749e+03 3.634109598212822334e+02 -9.534811563432893378e-02 2.522888578679016724e-01
2.255199999612978274e+02 7.172971886101325936e+02 1.286462682945127209e-02 6.726058618909354359e-02
2.585849889158789097e+02 7.082201005527133475e+02 -3.614715288731889316e-04 8.822890321096238473e-04
1.061635986438125656e+03 1.661613444793361225e+02 7.938470450135716450e-02 -7.505000706412703892e-02
1.114695328494185787e+03 2.108622092699477548e+02 3.875111215109887375e-02 8.701754979792059030e-03
1.179583068869591671e+03 3.644996643226081119e+02 4.468339445733802290e-02 4.408734957330932847e-02
2.510621161171054609e+02 5.019756031910461047e+02 5.110835255959299966e-02 -8.226328196914276317e-03
1.160857550354141722e+03 3.042524896950390030e+02 7.834587576857142410e-02 8.484358113237717991e-02
2.788999767891331203e+02 5.068170779214271420e+02 -9.136711710739169046e-02 7.673263738634397702e-02
2.667291763450419353e+02 5.086177376440200533e+02 6.341595380965868445e-02 -1.544982673299462872e-01
1.174753227056195556e+03 2.193468153947444250e+02 -7.910777496906414019e-02 1.009030864969428093e-01
1.057562289346851230e+03 2.977160608267442967e+02 -2.157516673172809978e-03 2.381109765378988229e-03
1.259900331525137517e+03 2.678373742771967727e+02 6.333682273993214429e-02 -1.027687003016609785e-01
2.220376593992768051e+02 7.321805027888531185e+02 1.098613654485220553e-02 2.583496387335454045e-02
2.510549913969341560e+02 5.405112287341762567e+02 -1.629345963323043933e-01 1.310726010459020707e-01
1.909986066593242242e+02 6.761078114838406918e+02 6.262697572527200357e-03 4.184848366194052205e-03
2.819819302714854530e+02 5.004741321529822358e+02 -5.048778518640324731e-02 1.094686084984101831e-01
1.123099852141746396e+03 2.607920379253063174e+02 1.189187751129164652e-02 5.813564921738662017e-02
2.771625009553977179e+02 5.204285009795812584e+02 -1.306586450009099565e-01 7.393912346517339529e-02
2.960010899691476993e+02 4.961442331271396142e+02 -3.230403963740968720e-04 6.922878386458179711e-02
1.161615853856294052e+03 3.303156540208321417e+02 7.201170644232490758e-02 7.692807364846529494e-02
3.063163831348348936e+02 5.338248473243562557e+02 -5.136195174166857669e-03 -1.449988742026278067e-02
1.201148267270968063e+03 2.984266520281583439e+02 1.165168930801911834e-01 5.201261128645542214e-02
1.283826230310985920e+03 3.630898714922478234e+02 -1.113991318762698607e-01 -7.004025609058869839e-02
2.289553105299468143e+02 7.017721637805976798e+02 -1.270834797541243154e-04 -6.575108326863968698e-03
1.132420242541157222e+03 3.824213948209992395e+02 7.801874944058721784e-02 6.909815349972675547e-02
3.040993919060607595e+02 5.392756258353138037e+02 7.694034876507217704e-04 -3.214361649490350172e-03
2.538432755217722843e+02 3.939292304329801482e+02 6.266218622872611610e-03 -1.138034463663248862e-02
1.611723520894334172e+02 5.380701289816905728e+02 2.225381612600670356e-01 3.309893104345103532e-01
1.008439296253811676e+03 1.858977943201685719e+02 2.081528546366715471e-01 2.682252251158057654e-01
1.862378410878429236e+02 5.987466619418507889e+02 3.849794122452496886e-02 1.454662082483979945e-03
3.575998826019205694e+02 5.324733666022723355e+02 -8.525194526982871057e-02 4.905524333261125636e-02
2.051155605005503446e+02 7.243713720705762853e+02 7.431942413367589699e-03 -3.775426004079768250e-02
3.031261394475556017e+02 5.231348041753356028e+02 -2.487027252105713238e-01 1.293438527319979992e-01
1.083395884278087578e+03 2.239383758840727410e+02 -8.298604145770999141e-02 1.716280670771072880e-01
2.647711701580632280e+02 3.692102962160871016e+02 1.052297626747024546e-02 -7.121086177294488548e-03
1.113526788551001573e+03 1.507404149828823563e+02 4.940708382150660327e-03 7.137215250514520291e-03
1.218215268047766813e+03 3.584826888660231248e+02 -3.735047909458751730e-02 6.334952330869374204e-02
1.139609967351055673e+02 4.320949309715595064e+02 1.917945747846913906e-01 3.274987017848234871e-01
1.265842518958301980e+03 2.037463320502160684e+02 6.763701007600988633e-04 -1.334934604862488732e-03
1.166919924236995939e+03 3.937021240729188776e+02 -3.779543277678136352e-03 1.106191433431710225e-01
1.011513720551229653e+03 1.858200667343618591e+02 1.928827353928473654e-01 2.847381115075175440e-01
1.144389127193605191e+03 1.521990495821504226e+02 -1.314843922021522241e-02 1.185965847064649262e-02
8.089392660830202431e+02 3.973955987225070885e+02 -2.571726511615192445e-02 -2.441176035616113640e-02
2.346434502073993826e+02 3.119907448037670292e+02 -3.834029716009301411e-03 2.104198432665514706e-02
1.821625966881231591e+02 5.326400744247832790e+02 -4.459795697568166295e-01 -5.132439190272938129e-02
2.925865979942242348e+02 4.793342081830861616e+02 2.758769812563362841e-03 5.076453191695180778e-02
1.028900567417561888e+03 2.778376208011811173e+02 -1.269950749423468805e-01 1.551080676211369358e-01
2.643975258678700015e+02 5.377413341250958183e+02 -1.549084706307991832e-01 8.898292096664327244e-02
3.091351238615978332e+02 6.221577765966361540e+02 -4.670689644545956976e-03 -8.033829036845496416e-03
1.085697624326896403e+03 1.538947532855663667e+02 1.757679170750868491e-01 7.908171173801041565e-03
1.075900410029313207e+03 1.618987735405468698e+02 1.391112992983706276e-01 1.005278841391479966e-01
1.067662223295048307e+03 2.774386928185440979e+02 2.862589324790724976e-02 -1.917927119432452253e-03
1.190899020613964012e+03 2.879276485259435958e+02 -9.113963382346742040e-03 6.339187132715806043e-04
1.023266954536490744e+03 1.833527096463363648e+02 -1.389000049165136919e-01 3.580665533397811018e-01
1.113684475481667050e+03 2.268441049687816076e+02 -1.493815953710895261e-01 2.312631265160366434e-01
1.195218438882539658e+03 2.930653208076384431e+02 1.273846022158667546e-01 1.437497205247778402e-02
1.056653418586638281e+03 2.705469090637289469e+02 1.530386643529569636e-02 -1.637825827186029093e-02
5.183666077753364334e+02 4.739624717301047667e+02 -1.350334907780137428e-03 -5.107134225159626340e-04
1.204796492803105593e+03 2.054017911207901363e+02 -1.566911437883788949e-02 -3.046503706365566444e-02
1.547589373666524182e+02 5.276189866768343109e+02 1.912750609006979852e-01 3.323580937150822368e-01
8.914333419381075601e+02 9.323766170971254041e+02 -1.728231179245518596e-03 5.022562027783178049e-03
5.057866896245488988e+02 4.486250001730247163e+02 -6.455440149932384353e-02 6.933213078936582840e-02
1.054439821832645748e+03 2.711078986184940049e+02 5.389661799544624710e-02 1.303495701238280291e-01
2.883802196095012391e+02 4.801472318807610691e+02 -2.782394559287918942e-02 3.037836873691179135e-02
1.203784712216547859e+03 2.216578229782462870e+02 -2.518732481617082242e-03 -3.790340141334408441e-02
1.217130904083832775e+03 2.314325765770164196e+02 -2.612701872000097389e-03 1.162538046871172334e-02
1.191021913524378078e+03 2.738596980561986243e+02 -3.930620055759771470e-01 -2.543062088595888781e-01
2.511046077783703936e+02 4.219247252120417784e+02 -4.637965858481007952e-02 -1.919732576872651697e-01
1.202024556894205944e+03 3.470932409641280856e+02 9.890514624526924523e-03 -1.574017002336969007e-01
3.078802912732402319e+02 4.932819989924761330e+02 -6.789267063147239045e-02 -1.287714639951159645e-01
1.091625819954194185e+03 2.857345670864830822e+02 -6.669917800910094008e-02 1.067344103190978055e-01
1.155713375710767195e+03 2.182698111134444048e+02 -6.649948947224872467e-03 4.611337516388158003e-02
2.169930574005022947e+02 5.523073898518561009e+02 -4.127932889380822590e-01 1.185084271408723411e-01
1.109177579719525738e+03 2.728876567471111230e+02 3.668572264618169543e-02 -3.756238481638487364e-02
7.694829527074524549e+02 9.222299336968350190e+02 3.992813537198093288e-01 -1.875046806530658583e-01
1.034277255242070169e+03 1.812379603050739547e+02 4.877716519938855855e-02 -7.160941889670370541e-02
1.083135086464133565e+03 2.416820312624420239e+02 -3.667991144800696879e-01 -1.776893266854934900e-02
1.190668316698085619e+03 2.058486163167676750e+02 -9.900065373605977312e-03 1.563556519690578739e-02
2.709341679339080997e+02 5.727518751399826442e+02 6.263837913899854629e-03 1.061653496271576687e-02
2.695385941662282221e+02 3.703280884462864151e+02 -6.239251589580486557e-04 3.450268208131422945e-03
1.145521338254136026e+03 2.573907514927973352e+02 5.031560787665511833e-03 -1.378094553961711202e-03
2.518619418405825456e+02 3.827359320479386611e+02 -2.243367836194867793e-02 1.423419059486158607e-03
2.602484542180458789e+02 5.671340076957029623e+02 1.062805984613154030e-02 1.625276276128159985e-03
2.624529746901376939e+02 3.320338273361361985e+02 3.061791744941604748e-02 7.894420539169476336e-02
3.241793290255999977e+02 4.978085146246656905e+02 -6.271006255958518072e-02 1.940221418755394209e-02
2.975535333479884343e+02 5.032897236654335984e+02 -3.844933901820871830e-02 -4.950522606898261416e-03
1.080465122542127119e+03 1.548572517894925511e+02 1.334197056681136473e-01 5.036534699364193790e-02
1.109239766771754375e+03 2.375360299389081717e+02 -4.123862176991353184e-02 1.091906525690691659e-01
1.121850708080963386e+03 3.932003169710269503e+02 3.732629331323482347e-02 1.757610828972761829e-01
2.550036309053506614e+02 4.052492060823659017e+02 2.592232398100144733e-03 -2.459908131661756384e-03
1.035028676087314352e+03 2.023500488892553619e+02 2.299571110574622490e-01 1.643684319315327769e-01
2.867365413025125349e+02 5.860259053575865664e+02 1.122088895470395829e-02 1.882374765764893709e-02
1.163248962654040497e+03 2.159659775922231120e+02 1.087660163740538852e-02 -3.328320092891192523e-04
1.172248822204642465e+03 2.112351171592721926e+02 5.652191188854725247e-03 -3.510661048986597754e-03
1.199802214079147006e+03 3.226825882637206746e+02 3.115825162107213608e-02 2.026353882594762734e-01
3.198299066182186152e+02 5.522409636275934872e+02 -1.034165490484254338e-02 9.607929185378059553e-03
1.116610459587791411e+03 2.589025983932532995e+02 7.265174273847151143e-02 -4.070833420642316208e-02
2.503489588678305893e+02 3.020140383683688015e+02 -1.167734452337754192e-02 6.061543397207719806e-03
1.167649167722362336e+03 2.228406945411019819e+02 6.505438163996438497e-03 1.980157165107533732e-03
1.200851367104555948e+03 2.792817875279200166e+02 -3.543262232091810571e-01 -3.183170577299905268e-01
3.013045952117803381e+02 5.284754995395127253e+02 -1.099590224984523315e-02 -9.574748585072373475e-02
2.622158570871757775e+02 6.365015004653477035e+02 -4.770532112912888149e-05 5.442514297952789036e-03
1.092290260257514319e+03 1.634112289731266117e+02 -2.709440991305692940e-03 1.672485330466244591e-02
1.112704279415467909e+03 1.849941075868432847e+02 1.036561320961861127e-01 -1.009992387187228502e-01
1.127703202248897242e+03 2.258823838351198106e+02 9.649201785072610005e-02 1.715685556635548892e-02
1.120776206234864276e+03 2.738972801831502011e+02 7.778846154356718068e-05 -7.889138852290736650e-03
1.100544216397361197e+03 2.626900093718549556e+02 -1.231781287186365986e-03 8.036625141899408908e-02
1.179974737932954440e+03 2.060298573479464039e+02 1.691168631149342480e-03 -4.364513390864668135e-02
1.202564288199937664e+03 3.691675892356941517e+02 1.278344467352248923e-02 1.083022332594655024e-01
1.101902826990757603e+03 3.809225439900988590e+02 1.809616957705734511e-02 2.517489351865325603e-02
3.085249458235341535e+02 5.641094045187045367e+02 -9.707041598355627132e-02 1.237193557587580595e-01
2.428543587244327284e+02 7.255974403406772808e+02 -5.575351620287145524e-03 -1.272838285934356321e-02
2.347282495299711229e+02 2.953372212745702541e+02 3.445015934758729331e-02 1.276406707750195324e-01
2.133202983144178120e+02 5.250296980241552092e+02 -4.259647614722260056e-01 -1.059123842434641846e-02
1.029342058418548731e+03 1.776083874103546520e+02 3.556118934182489477e-02 1.647618714197501052e-03
1.068922998143824771e+03 2.249617809204781906e+02 1.629542322482690000e-02 5.182925712816570385e-02
1.278914808329533798e+03 3.369761230178234541e+02 -1.810656679939237068e-01 -1.005589550763201917e-01
2.302888857009301660e+02 7.798198803321926107e+02 1.966376959374864231e-01 2.826721939937230088e-01
8.859847925465944627e+02 1.096645154638711119e+03 1.166762040450857515e-03 1.588257633843766139e-03
1.093165408837326140e+03 2.242547951406512254e+02 6.797384634814483597e-04 -4.343729938082358812e-04
3.278546227355314500e+02 4.998485421509105322e+02 -8.761315789063478521e-02 2.714304554611663214e-02
2.711218117692341139e+02 4.669255876233264644e+02 -1.871101244630952315e-02 -9.190268068944527913e-02
1.113217644151397280e+03 3.628390725459049690e+02 -3.951033775379707985e-02 -4.673028840903593190e-02
1.121477156711128146e+03 2.120808596395536085e+02 -8.347643389007737558e-02 1.224064114685620847e-01
1.132754357741851663e+03 2.078460062530737673e+02 -4.055746316109944821e-02 2.604478411684054556e-02
1.175939839463723729e+03 1.872175094016062928e+02 -3.044099019617289327e-03 4.123745497382770228e-03
1.206498081894126472e+03 3.496447432814352965e+02 -2.457635200486515126e-01 1.282331264780176838e-01
1.102170984633365151e+03 2.327532691123360280e+02 5.273382162253028443e-02 -6.793960534582339783e-02
1.163577226679758269e+03 2.564533638123509149e+02 1.261147079521265403e-02 -1.890177156262779976e-02
1.115555294156584978e+03 3.571289522928360611e+02 4.314774706417097427e-02 8.790290209417719880e-02
7.487371561711503318e+02 9.421943790035902566e+02 4.792826519497396243e-01 -1.697474537120712001e-01
3.307049365190865160e+02 4.985445138302319492e+02 -6.455071455660252311e-02 -2.218936482672863829e-03
1.118021394662447619e+03 1.876546294864126594e+02 -1.497680874189578903e-01 7.404029182411437926e-01
1.087033630407157261e+03 2.087255014049197541e+02 8.204116398444920299e-03 -8.992090775863950669e-02
1.092605054362042893e+03 2.770610657577569782e+02 -2.891714868865281549e-02 6.720810976669502022e-03
1.117356518969570061e+03 3.163699675309965187e+02 -5.178338333869247218e-02 1.065686752088977202e-01
9.792356601460103320e+02 8.231018404086963756e+02 1.676576388095805253e-02 -1.701771872211711722e-02
1.116208808652642119e+03 2.581721708592789355e+02 2.278635063008538908e-01 4.588321455202348104e-02
2.587777031381711481e+02 5.204619560954713506e+02 1.306381368905564500e-01 -1.818049790374516306e-01
1.129106404662244131e+03 2.118620508734886130e+02 -4.630994917215502937e-02 1.322970913436426754e-01
1.085645865008722012e+03 3.408344696498162989e+02 -2.942063378656245218e-03 1.374111545513839044e-02
1.240991880745541948e+03 2.879656284191207760e+02 6.230039266354750471e-03 2.578749346838395476e-02
3.176756824425469290e+02 5.299257237181138862e+02 -6.096827559592286200e-02 -1.749626196775549286e-02
1.133440083738763406e+03 2.460455400154100118e+02 9.958458687644148113e-03 5.146055994205293686e-03
1.012796890708975184e+03 2.124366081058275029e+02 1.639164840317432204e-01 3.026707666738324143e-01
2.331714759662586403e+02 5.511677513243301973e+02 -8.375166364409583966e-03 2.176430392520549949e-03
9.946238293922139064e+02 8.673293033313240130e+02 2.035439799729017174e-01 -7.021185457883152847e-02
1.183510946387442573e+03 1.999193381381122379e+02 2.578512144402659786e-03 -1.015449232781741318e-02
3.148689319118410594e+02 5.748955050694150941e+02 4.416759478693714144e-03 7.509985814736223203e-03
2.827467257619722432e+02 4.802888414783054714e+02 -2.740239710522190952e-02 1.061792958974410173e-01
1.120017625723965239e+03 3.366167515951054270e+02 5.560081501831022621e-02 3.561421947901780016e-02
1.194197694768653037e+03 3.440010854588458642e+02 -1.267069135091760113e-01 5.930154349929387531e-02
1.234200404165649388e+03 3.555383233674294274e+02 -4.715981066756009393e-02 3.003958374731989164e-02
1.209337509498503323e+03 3.807968273742183101e+02 -4.994413900531623207e-02 9.830287412878153941e-02
2.741957896605413794e+02 6.732211135566834628e+02 4.913494190311736010e-03 2.177715808959695271e-02
1.086649449006922396e+03 2.618288255914421256e+02 9.530748376183595383e-02 -5.739546198865141946e-02
1.177252990173539956e+03 3.113639923729677434e+02 -1.474768022255901201e-01 3.532225070494554586e-02
1.326185184743333821e+03 3.183390376039798753e+02 -1.892554189317650071e-01 -1.158973758464476589e-02
8.443855995484464074e+02 1.079669164644848479e+03 -8.737721137492826529e-04 -1.562384148606099643e-03
8.593361820619574019e+02 1.102296497861465468e+03 4.657263856486792974e-04 -7.412558295314397583e-04
2.358304856468674018e+02 5.055916104917153575e+02 6.309161417890106482e-02 5.024549127033460516e-02
3.348358299731229408e+02 5.201896903846212581e+02 -9.121943898710396792e-02 4.439256434480123858e-02
1.155689069097112224e+03 1.819104702297723293e+02 -4.622688820129569956e-03 -2.294825987309426565e-02
1.191885991617224363e+03 2.225496373342963636e+02 1.456320321318021506e-02 -2.496261006607400634e-01
1.166868322046170533e+03 2.936479443001697405e+02 3.567667638821325066e-02 -5.503701400225362132e-03
1.168563176820366380e+03 3.203492929984407738e+02 -8.610712119654577446e-02 1.266085512564135707e-01
1.195042423793961007e+03 3.761141593003132471e+02 -5.846926959671075452e-02 2.612647441478382349e-01
2.108285860201004880e+02 6.338638641055529206e+02 -1.747691404983147540e-02 4.029238319380892136e-02
8.034515182782081411e+02 3.972760350544693324e+02 3.380548335327034914e-01 -2.618640712049190022e-01
9.852271440470975676e+02 2.087894099953270484e+02 -1.818575419394998505e-01 3.533114803010078964e-01
1.062335371284878647e+03 2.344053984609011820e+02 1.817108322259400610e-01 2.503869853130424872e-02
1.163662692149881195e+03 1.811980660755216377e+02 5.054677466482644654e-02 -2.404874296004588102e-02
1.145461180345583898e+03 2.312378165677681352e+02 9.080397375901914925e-02 -1.817945216281325882e-01
1.204828203380709056e+03 3.221460599935683717e+02 3.608756806089179897e-02 1.540701490927915418e-01
8.678434894207157413e+02 9.254979646195816940e+02 -4.705903454377410866e-01 1.710077594843975590e-01
4.928963607574369234e+02 4.699476261496429856e+02 1.381005023380496230e-02 -4.627171508212572087e-03
1.087298617948067431e+03 2.326694351061896668e+02 6.468781987317422967e-03 -3.305150515569819231e-02
1.032085978118473122e+03 2.790190310840359871e+02 -1.265100394530863648e-01 2.310873038695835172e-02
1.166625149527245640e+03 3.006095883146654728e+02 7.858377726699536381e-02 -2.178505062026707753e-02
1.074916923139499659e+03 1.697595536328471724e+02 -2.820259123433288551e-02 1.534920480365369877e-01
1.109922143195654371e+03 1.928938308876323902e+02 1.387027409984545601e-01 -1.024550808569310162e-01
1.028156210043024430e+03 2.176092093652568167e+02 -1.717119617597594183e-01 4.209945176476413697e-02
1.160708023299876459e+03 1.736576895908763447e+02 -2.288871213310509842e-02 6.919494801173994847e-02
1.860218415009034345e+02 6.426236986214806848e+02 -9.232572520892710910e-02 4.506102833002353925e-01
2.606945708155466832e+02 6.933621650653742563e+02 -9.593203576103961211e-03 -3.560123984265020636e-02
2.421962705067273021e+02 3.872277092560614165e+02 -6.891600645518171364e-02 -2.954082481375862046e-01
2.153452805074904006e+02 5.372511873197331624e+02 6.233577133202590492e-02 1.609471386270141802e-01
1.136425245336452008e+03 1.694621606581569893e+02 2.381105417324446555e-02 -9.178212521019719905e-02
1.166874337393215001e+03 3.103677710062227106e+02 -9.465453274873861927e-03 6.387500848313064361e-02
1.216095650290550111e+03 3.775371953141287804e+02 -2.862509541555132569e-02 6.683770905496763670e-02
2.450402832539805900e+02 6.415678545248047158e+02 -1.373177333421110114e-03 2.645948509448841843e-02
2.969469110119152901e+02 5.215479416085382809e+02 2.678386489428703342e-03 -5.018875837590712832e-03
2.990523600593872402e+02 5.130962798405178091e+02 -7.629193592212686614e-02 -7.936606042674157480e-02
7.625073123182188510e+02 3.762854617149026240e+02 4.012036875245894585e-01 -2.724431112532306742e-01
9.647573199229797183e+02 2.812055921528529439e+02 2.201225988633268710e-02 4.657455065428393881e-02
1.168628707727053325e+03 2.700646843670636486e+02 -3.304215761252362604e-01 -1.168478754852503715e-01
1.314188355138092447e+03 3.174640857413421600e+02 8.712416452786783672e-02 -9.720635823503925854e-02
3.131106705755071289e+02 5.394991437143079338e+02 -1.985102299198388334e-02 2.416200233062681946e-02
3.246108108394862484e+02 5.607586542278025945e+02 1.020784509253871812e-02 1.637524390366706939e-02
2.668207257786831406e+02 4.297699667258411864e+02 7.166309193013613299e-02 6.992767543955835663e-03
1.091866184876550960e+03 1.508149721326273607e+02 1.474456382364432161e-01 -8.653473526012570374e-03
1.101136238598387990e+03 2.133929750728540853e+02 5.855116626067532332e-02 5.821369382072442283e-02
1.286076498936439748e+03 3.628917021010657891e+02 -2.821560000553612890e-01 2.852722460013079053e-01
1.152026884394117815e+03 3.990470460655696456e+02 2.260929104621614838e-01 3.908613019686981715e-01
2.190991090395380354e+02 6.698604869373025394e+02 -4.113972787855857405e-04 8.582082148283139145e-02
2.832648952207798629e+02 6.717997028715200258e+02 2.104182965531720129e-02 -1.334865560623181048e-02
2.122904583405269534e+02 7.246042119159047843e+02 6.483635320434426134e-03 4.472109239581338429e-03
7.988177296017780691e+02 3.726543062088843499e+02 -4.546182466354999341e-01 2.319302384765216662e-01
1.105254203890245662e+03 2.728490817001519986e+02 2.590158513361747183e-01 1.383220287081005917e-01
1.151177164445799917e+03 2.186728963662035312e+02 8.397840875352852869e-03 7.914065940566239118e-03
2.985503127184836103e+02 5.308392305797555082e+02 -5.329037895142579861e-02 -4.129071970701063410e-02
2.461011473499614510e+02 5.010676612207400922e+02 8.914972728352278664e-02 1.744569969408913124e-01
1.031571197210995251e+03 1.809223995333306050e+02 1.444075698181512268e-01 -1.788661740743009432e-01
1.216854096942109209e+03 3.044812057981096132e+02 6.539371813139703560e-02 -8.917029587921248071e-03
1.197229465342987623e+03 3.575121385019592140e+02 -7.118790609094750865e-02 4.580461790446706261e-02
2.920490004458279714e+02 6.274857456804594449e+02 -3.789055931721660268e-03 8.522641435898880430e-03
1.967769610363453694e+02 6.397969004603257872e+02 9.205920899258434459e-03 3.021146389689151335e-02
4.776052713792303734e+02 4.854809415697596364e+02 4.362602309727424410e-03 3.301448670398648283e-02
1.137737669168413731e+03 1.432940745273758978e+02 1.133867499945717195e-03 1.273187919562972226e-02
1.080196394649721469e+03 2.241651840226676313e+02 -1.904585556687942577e-02 -3.933096753751946090e-02
1.173545336569331084e+03 2.476797062343636640e+02 2.675092491987622265e-02 -4.250903581861718850e-02
1.241641774067475126e+03 3.369627287553689712e+02 -1.147731666006036183e-01 -9.607029837589953214e-02
1.299046925102349633e+03 3.662954630206988895e+02 2.816654063349233184e-02 -2.180650954221889648e-02
2.265445618489928563e+02 2.911064723928715807e+02 2.312902045590732245e-02 3.306205147527521010e-02
2.494295828362487271e+02 2.868572359331812436e+02 1.047739645172910683e-01 -4.157912333863862664e-02
1.082963148401956460e+03 1.872876083621771102e+02 -1.835095935540493814e-02 6.592587193881627346e-03
1.023088605489151746e+03 2.403648644316054401e+02 1.533652240003107181e-01 -1.936310618476170531e-01
2.188346940883003811e+02 7.339392830441781825e+02 4.587940971474325016e-03 -4.129081456744643566e-03
2.843031659233373603e+02 6.851861567649490325e+02 -7.771970209172482727e-03 -3.631967333053341251e-03
3.318502786559035371e+02 1.077213440968867872e+03 -7.969052609137418364e-02 4.593835003795807004e-02
1.123252468499283196e+02 4.405619251324290531e+02 1.327500500925980209e-01 3.475582099131757641e-01
1.301420044266093612e+02 4.325985057960914446e+02 -1.494379441419337318e-01 -2.399935708325465766e-01
1.092706178778568756e+03 2.446721766968312295e+02 -1.218947558680206870e-02 2.228096451959673749e-02
1.205486076219186543e+03 3.153875558312342946e+02 1.676469461966058061e-01 2.844636745702726066e-01
1.163759698058756840e+03 3.575651073164881382e+02 -1.177115026917413682e-01 2.456471180486990702e-01
2.473109111331129384e+02 5.658668465594834061e+02 1.354987225380139236e-03 -1.118985516227945058e-02
2.788583239709800523e+02 4.680404970562819358e+02 -2.270135805417794472e-03 1.432650213385366356e-01
1.508443905099927917e+02 4.896303672664556643e+02 9.824482634941406056e-02 3.147426895634988231e-01
3.207573188583704678e+02 4.975399665861528433e+02 -7.402188355570160638e-02 -7.064985263281521773e-03
1.234990867186336800e+03 3.161039056195172066e+02 -1.265395673087288397e-01 1.874407455020713409e-03
2.914164146446272525e+02 5.554295476052874392e+02 1.342457514340367197e-03 -4.864932144025983091e-02
2.411395892455375360e+02 6.990903104074291150e+02 4.555056270765710236e-02 2.628342090022616623e-02
2.563309044299478501e+02 4.390758003224040067e+02 -3.775830312456207594e-03 -1.653135109795123014e-01
1.095825968345260662e+03 1.722336293082938710e+02 9.538811805113311948e-02 4.896124329039786005e-02
1.103789230864766296e+03 2.276533483547469530e+02 7.729249978183361236e-05 9.375056895246203226e-03
1.181467463584181814e+03 2.253956056255015028e+02 -3.514073110471827022e-01 1.606297636347626678e-01
1.247282418181122466e+03 2.900052185363174999e+02 -5.338560003792736097e-03 -1.062641436164142306e-01
1.230543456425934437e+03 2.938200492257591350e+02 1.321194482165566342e-01 -1.205172360668633758e-01
3.846280041937252463e+02 1.092363441510339499e+03 -2.117189573725930529e-01 -4.921501993060246605e-01
1.194386506935643638e+03 3.727025540444395233e+02 -9.505874959833514326e-02 1.996841538104755787e-01
1.867630276701448224e+02 6.575781329622716385e+02 -9.230799848581909550e-02 2.846433401583075007e-01
2.573391382566236416e+02 6.593592935955724670e+02 1.479811805251074475e-02 1.003150371297275960e-02
3.343752805899612213e+02 4.671881905328417588e+02 6.749021406700909075e-03 3.472642358945726010e-02
5.254808881603407826e+02 4.903493392635813279e+02 2.068152862012035687e-01 -8.621774069087807801e-02
1.094371055090231494e+03 2.088002206338731810e+02 -4.987577275028343138e-02 7.228353025896540329e-02
1.180975889547994257e+03 2.112089064968346008e+02 -5.042830259445249021e-03 -2.132234886847226771e-02
1.184335383374575486e+03 3.268416124080689542e+02 -6.751711924217878094e-03 2.179821451464444490e-02
1.181895273889378586e+03 3.339187388672984298e+02 8.096957600027312671e-03 -4.649018891375281820e-02
2.913065128649538451e+02 5.706219185598702097e+02 -5.517234138652936555e-03 3.910469809373547795e-02
2.066912083883998719e+02 7.279847048679367845e+02 5.544892631504743513e-02 -1.199299994303016509e-01
9.884416594474023441e+02 1.811926296469584372e+02 1.684833555237988667e-01 2.766244415678285606e-01
1.016748933233481239e+03 2.021560148860797028e+02 9.432083760151062368e-02 2.399446566570217210e-01
1.124247463529355400e+03 1.848995709452323126e+02 9.937608646168882842e-03 2.903037920067565517e-02
1.081735199458188617e+03 2.770667639145180488e+02 1.201647738140973892e-01 4.978469173833515588e-02
1.073834937666613314e+03 3.311882591092871735e+02 1.777283856958302433e-01 -2.075809572489001331e-01
1.183242037856225807e+03 2.985090934118678092e+02 -1.354532270316457787e-01 -8.335042507842707615e-02
1.250303435253694943e+03 3.099818749375992866e+02 -2.459967268829971535e-02 9.979081544180154473e-02
1.208527131467633808e+03 3.430030186909517624e+02 2.308477778567696315e-01 2.758391935761061453e-01
3.072053445749507432e+02 5.699365559933685290e+02 -1.025855140870554905e-01 2.334851463668796007e-02
2.616774977147429126e+02 4.356063192771709964e+02 -1.855305349414966901e-02 -2.938860734045931622e-01
2.846487536072465332e+02 5.280869974584218198e+02 -1.501896542239980759e-01 6.219468761836803410e-03
3.128735179391500765e+02 4.978199952955072831e+02 -1.844526693438789874e-02 4.171220644849427117e-03
4.948481987411046816e+02 4.388194039046370563e+02 -4.464805141400536755e-03 -4.453719113778712986e-04
1.037132781193024584e+03 1.670406635538605542e+02 4.258328247866908882e-03 -2.644556900408190359e-02
1.086983215490238535e+03 1.602492443102617301e+02 1.350803402247227891e-01 -2.689489947409384740e-02
1.154333083605589536e+03 3.066131671053962577e+02 -4.403022106189761337e-02 1.135998039430508727e-01
1.109028262140738661e+03 3.587280973894787053e+02 -3.030014878214615237e-02 3.651485111127309585e-02
1.161226103703478429e+03 4.031698776675488602e+02 1.950407635397747586e-01 4.447738868705215509e-01
2.485979767937272698e+02 6.307910860030767708e+02 6.209455457466598466e-02 -4.216052394364548477e-03
1.944816786792407584e+02 6.706995445860213749e+02 1.343036285935284013e-02 -7.525100102057535878e-02
2.278450953830459582e+02 7.299614931790530363e+02 1.149410437191041544e-02 3.610533568116617437e-02
2.536485265192220311e+02 3.711302427644615705e+02 -3.324716731102936133e-03 1.576697886798167011e-02
2.597301068717234216e+02 4.232355763325516023e+02 1.337306540712420062e-02 1.108071039996668117e-01
4.878822213740064058e+02 4.578471445548764223e+02 4.857802807154340367e-03 3.477668176900682723e-02
1.144954409352177663e+03 1.592567114169376623e+02 -7.616231890262331952e-03 -6.690264720868360770e-02
1.139405372781451206e+03 2.043138407690600502e+02 2.809279823860709804e-02 -7.929837384861829208e-02
1.117354746158075613e+03 2.378859894058794850e+02 4.466915843371763173e-02 1.838696452223974667e-02
1.256812816674092346e+03 2.575297033299415830e+02 1.175065648221169101e-01 -1.625506118434559000e-01
1.059955146497019086e+03 1.910619162723322688e+02 -3.909845042162032880e-01 6.532249410530255318e-01
1.092863747648397521e+03 2.840662801306078222e+02 -4.241001060386224986e-02 3.888785581374918504e-02
1.253963827310099077e+03 2.766606309354025370e+02 7.160931600328694635e-02 -1.741583497017814008e-01
1.210178854909383290e+03 3.495884039493976729e+02 -9.319129400196288215e-02 1.477812591592908009e-01
2.607230160237288601e+02 5.321001398091682404e+02 -4.846835270080242231e-02 3.950229821387615248e-01
1.106613179508377016e+03 1.771450111407998236e+02 3.067226189543564158e-02 4.252389769143229137e-02
1.082991768049659868e+03 2.113362157616684271e+02 7.503805121965948519e-04 7.890084950039977230e-02
1.072505463106700290e+03 2.301907444535806633e+02 -3.429555712819415403e-01 -1.545105552799554971e-01
1.143346461813029464e+03 2.235887060955936363e+02 5.326917575434385321e-02 -7.321846355156935715e-02
4.528460384339066422e+02 9.220774256275776679e+02 6.306922936062164808e-03 2.119591442199938221e-03
1.021261279776428182e+03 1.647157374898582987e+02 1.391429075316352737e-02 -7.514207524446092634e-02
1.155752461809343686e+03 1.426283318797765105e+02 -5.470642484476684331e-02 5.308296582639115968e-02
1.215350147762845381e+03 2.507294636144104061e+02 -1.017082663290125311e-02 2.602815587846762924e-02
1.206580047513759155e+03 2.804207665610579738e+02 7.677553902541944808e-02 -5.861676769517387697e-01
1.196380529209127189e+03 3.006917634618235411e+02 7.154769666865945510e-02 7.670560753140165389e-02
2.568714036868171320e+02 5.798736348298980374e+02 2.085171176276645610e-02 -5.414866035351906248e-03
2.839430211094227730e+02 4.476395823975081498e+02 6.637533727557963503e-02 4.682225101181692328e-01
1.079240955578296507e+03 2.976480069858459387e+02 9.305709939154180321e-02 -5.593921759655780951e-02
1.138393411279398151e+03 2.436716628566680356e+02 8.454472503396052996e-02 7.980419613648288835e-02
1.225131174706556067e+03 3.438885483891664308e+02 6.527676642231848847e-01 -1.343290507893341035e+00
3.006822966048331409e+02 6.379250124224138290e+02 -6.446532177730952828e-02 1.186497917316436078e-02
2.813164676352821516e+02 4.343077022801499538e+02 1.751240120860112978e-02 2.921110203575002021e-02
1.089914139410995858e+03 1.709584039518849181e+02 1.102401124891988077e-01 -8.767762022837644054e-02
1.092106721433711073e+03 2.099562391660322476e+02 5.755253134740693360e-02 -7.935857338330265520e-02
1.132659028295262715e+03 2.179583648872440165e+02 -1.851591628766300346e-01 -3.979326573934779954e-01
1.176994944701999884e+03 2.468576231118639441e+02 1.052988125055283851e-02 9.858815421770827925e-02
1.196088601824274747e+03 2.526714765495158588e+02 8.080352504885013332e-02 -1.624506139817138151e-01
1.162827916163107147e+03 2.808588989336140003e+02 -4.653385285613845929e-02 -1.341550823819185776e-03
2.623410982505059224e+02 5.375603200760124309e+02 -2.282067537209400143e-01 1.993531858232510390e-01
2.645335060265717289e+02 5.458855125709302456e+02 -5.343483238251186401e-02 3.416220535734358354e-01
1.916892164876859397e+02 5.864590689655329925e+02 -5.442066242328754029e-03 -5.396642302495517456e-03
9.961536204029810051e+02 8.090840339240168078e+02 -1.665648985113913627e-01 1.863025589697334394e-01
2.595297690532699448e+02 3.859242743056980771e+02 -1.126272789452969006e-02 -1.005150657927856572e-01
3.178177861301628582e+02 4.900989689213632232e+02 2.123381576600422843e-02 -1.494018851207101761e-02
3.109911864269651574e+02 5.013738465511304980e+02 8.393570874670786691e-03 5.319401424945909007e-02
4.943412470343583891e+02 4.318435709367499271e+02 -9.064945613177996520e-02 -1.216796125157770803e-01
1.059013409793898745e+03 2.090289846638731603e+02 -1.091388416503377840e-01 3.539574240025842866e-01
1.098424801112848399e+03 2.836652652597800284e+02 -3.371610032190801298e-02 -2.053302759754160323e-01
1.196903263113448929e+03 2.130500030862832830e+02 4.292803003822882879e-02 -4.624914585963324672e-03
1.137727746642456850e+03 3.090002191806671021e+02 -5.908798865038989052e-03 1.469389870023405931e-01
1.222082165384523250e+03 3.453206654946258141e+02 1.613335868986268962e-01 -1.246791473000030265e-01
1.259262384826577772e+03 3.737209937345226649e+02 -1.075312887578547781e-02 -1.916026997104154292e-02
2.159070545318263896e+02 6.595548055464169011e+02 1.604404989279828442e-03 3.596726232906348464e-02
2.700635859114815389e+02 6.659122582804940293e+02 -2.920685055671583610e-02 -1.144970003862908897e-01
2.422325092549025385e+02 6.797960485729540778e+02 -6.658809084254926902e-02 -8.036663596494690587e-02
2.717957879447974392e+02 7.421812886735081065e+02 1.417027006277749111e-03 -1.175638811043427240e-01
2.788125843135757691e+02 4.548268649736208431e+02 7.147594628045794707e-02 1.114197851256903959e-01
2.921432143875682641e+02 4.606632635564972702e+02 -3.422486127377055709e-03 2.210519907521302230e-02
3.096040556110540365e+02 5.094502520842154922e+02 3.416912611834277413e-02 4.172046834666787163e-02
7.147901530462888786e+02 4.182354336005651021e+02 2.787323529900049834e-01 2.593673671711371753e-02
1.043662164366688330e+03 1.801887544149946336e+02 7.773732221494356054e-03 -3.256890921849731058e-02
1.163164820762611953e+03 2.678392822442514216e+02 -7.652147915308660231e-02 -8.958359126937409656e-02
1.157171641969577877e+03 3.152437883307856623e+02 -3.842775641347770943e-01 -3.740286549897007262e-01
1.264811695583096025e+03 3.519694156665657943e+02 -5.764859611872452660e-03 -1.851123552192035504e-01
2.491677426507973507e+02 7.124218221370584843e+02 -2.841923689917535967e-02 4.148062025808485487e-02
2.479634876347411705e+02 7.292446199613358431e+02 2.392944053039514074e-02 1.771241305129933608e-01
2.144286899984685704e+02 7.654397278875245547e+02 1.215111567661182335e-01 2.331561311100642797e-01
3.194547385949554155e+02 1.097775337640162888e+03 -1.475007820123153124e-02 -6.425625887152364157e-02
2.625870026206790726e+02 3.636705789892919256e+02 -2.844976366865807904e-01 9.620914711221455196e-02
2.447754609018460030e+02 3.897840173021941155e+02 -7.902574323575587215e-03 -7.492633273528781501e-02
3.243521186848630578e+02 4.931376367075602616e+02 3.975657313431687351e-02 1.253632366115387808e-01
3.232587383714174507e+02 5.039816735495582520e+02 -1.962001894056205134e-02 6.216003953488780098e-02
9.998440315661644036e+02 1.980119665046279636e+02 -2.614027855164522407e-01 7.522709288228952573e-01
1.123428182616743243e+03 1.943940454652301639e+02 5.635763264149318275e-02 -1.793213607952092448e-01
1.063870983351019959e+03 2.211663332824158488e+02 -2.263057555273917387e-02 -6.245880660515013005e-02
1.084642550655705463e+03 2.687367621604508940e+02 1.167732835357734728e-01 -2.761976149298561722e-02
1.171466583861118124e+03 2.722708535756036099e+02 8.091098714286697191e-02 -8.130549765680257224e-01
1.141074978726712743e+03 3.815473687908600482e+02 7.607930945565992420e-02 3.735783941604229885e-01
3.092536766204331684e+02 6.146294116080974845e+02 -6.898796860599532010e-02 -1.592366659036770216e-01
7.642345728666459763e+02 3.712548200128507574e+02 2.687656565807969855e-01 -5.665047661004223301e-01
1.102170846295775618e+03 3.109821913013077506e+02 2.521394281291122752e-02 -6.111470378783678825e-03
1.089835608882040333e+03 3.269665694816933978e+02 2.675626346297121927e-02 1.044550025622470457e-01
1.174583552848525187e+03 2.766017896251454999e+02 -1.239875079977537098e-02 1.547728838026500853e-01
1.157903237759670901e+03 2.860490404498430621e+02 5.211298662682111171e-01 -1.933875703323877815e+00
1.251611038629766654e+03 2.972392478855467175e+02 -7.856979913490249601e-01 1.366467420170323521e+00
1.117713900402349736e+03 3.473894618841909505e+02 3.434279883742874517e-02 8.014504218349429721e-01
2.842371734659763547e+02 5.887686531213196304e+02 -8.773939620368764736e-03 7.230102531747206740e-02
2.565807481427362404e+02 6.326778389984746127e+02 -1.138690014334713396e-01 -1.028080580469463712e-01
1.036683409481928493e+03 8.551366025163331415e+02 1.682652487556879350e-02 -6.448309669679019862e-03
2.375415203002831674e+02 3.704973006065603158e+02 0.000000000000000000e+00 0.000000000000000000e+00
2.748126232199537071e+02 4.548596202275159044e+02 0.000000000000000000e+00 0.000000000000000000e+00
2.696598936096373222e+02 4.827763226781653429e+02 0.000000000000000000e+00 0.000000000000000000e+00
5.062430945175268562e+02 4.935955449513481312e+02 0.000000000000000000e+00 0.000000000000000000e+00
7.176852520921637506e+02 4.210960257167167242e+02 0.000000000000000000e+00 0.000000000000000000e+00
9.196373177160480736e+02 1.776621831009403820e+02 0.000000000000000000e+00 0.000000000000000000e+00
9.897809432727484591e+02 1.968793561545323882e+02 0.000000000000000000e+00 0.000000000000000000e+00
1.133252412978617258e+03 1.780660230952373695e+02 0.000000000000000000e+00 0.000000000000000000e+00
1.125520415735367578e+03 2.360318304205240167e+02 0.000000000000000000e+00 0.000000000000000000e+00
1.071972800518351733e+03 3.379394680254915784e+02 0.000000000000000000e+00 0.000000000000000000e+00
1.084109984875795817e+03 3.608493978071609263e+02 0.000000000000000000e+00 0.000000000000000000e+00
1.226973984761184738e+03 2.445549387743407976e+02 0.000000000000000000e+00 0.000000000000000000e+00
1.257460022763733605e+03 2.769521314076721978e+02 0.000000000000000000e+00 0.000000000000000000e+00
1.222094700808090920e+03 3.725996734179490772e+02 0.000000000000000000e+00 0.000000000000000000e+00
1.227667744174691052e+03 3.913955582655223679e+02 0.000000000000000000e+00 0.000000000000000000e+00
2.408849163293918139e+02 5.597100103726626230e+02 0.000000000000000000e+00 0.000000000000000000e+00
2.818762299404242526e+02 6.002318296889652629e+02 0.000000000000000000e+00 0.000000000000000000e+00
2.304481025735136939e+02 6.228812374092848358e+02 0.000000000000000000e+00 0.000000000000000000e+00
2.846950378733234857e+02 6.171933693455534922e+02 0.000000000000000000e+00 0.000000000000000000e+00
3.110198003825627779e+02 5.737295125301322969e+02 0.000000000000000000e+00 0.000000000000000000e+00
2.756305202113164228e+02 7.462560738014065009e+02 0.000000000000000000e+00 0.000000000000000000e+00
2.554164509655910820e+02 7.705904329802995107e+02 0.000000000000000000e+00 0.000000000000000000e+00
7.235655034388370268e+02 9.153018618231822074e+02 0.000000000000000000e+00 0.000000000000000000e+00
9.708873982444280273e+02 8.595765337475519345e+02 0.000000000000000000e+00 0.000000000000000000e+00
6.788503405120588923e+02 1.101634443528957263e+03 0.000000000000000000e+00 0.000000000000000000e+00
