1.342513350280078726e+02 3.797990787107723349e+02 -3.664336266358205699e-03 -7.287706073021460104e-03
3.025078434294390490e+02 5.774778441522734056e+02 -7.500812890106596867e-03 -9.264421487598768767e-03
2.738633985068730112e+02 5.424563877746377329e+02 -5.329529642833699850e-03 -9.802641373971935843e-03
2.523456302444809580e+02 4.644880945064055027e+02 8.538374774474558971e-05 -4.337200465060239273e-04
2.275490949815315957e+02 6.111133651025404561e+02 1.417435673397477239e-02 2.536104358985468051e-03
2.785651198752522646e+02 5.535348369365985945e+02 2.685383383251438352e-03 -5.548283573134675344e-03
2.249135857267315544e+02 3.271361205651974728e+02 -8.549332393923293749e-02 -3.412184845594157800e-01
3.150007799533599950e+02 4.792942664329824538e+02 -1.041892679535632270e-02 -1.649997697313102711e-03
3.189493900685941412e+02 4.677160779541895295e+02 5.446001339992513754e-04 -4.707953801686368296e-03
5.650127101862822201e+02 3.873065947633452879e+02 -1.524084963386152305e-03 -2.690790857352477403e-03
5.634260648144810375e+02 3.815352238323272331e+02 1.096188182510099939e-02 -1.507884567253862766e-02
2.609283492439090537e+02 4.498666785732140738e+02 -3.718802637009763906e-02 -8.903091473901932063e-02
3.098551370695238347e+02 5.092729658446982057e+02 1.264829671588426491e-02 8.321616801896088156e-02
3.302055900677945601e+02 5.309919053319497380e+02 -7.037415563255164722e-03 -2.646176453267663937e-03
3.125401401418912428e+02 4.977186163846174054e+02 -5.209638230552748883e-02 1.401189626570705123e-02
3.346596254974973021e+02 5.408270990564039948e+02 -5.133821292310410470e-03 -3.396621476099426218e-03
2.657100833674968499e+02 5.328695459418230485e+02 -1.161257730855005804e-01 1.259528748139833627e-02
3.229400553691024243e+02 5.573716312808653583e+02 9.730125635082958395e-05 1.106556855281476404e-02
8.334328831336820258e+02 4.055840554370433892e+02 1.314171954789452408e-03 -2.155238877991347344e-04
7.054265601421828933e+02 4.179590247768630888e+02 -4.633424697627191308e-02 -6.366073619286714662e-03
7.621674102949032203e+02 4.315863053813466195e+02 1.327587129281655991e-03 5.225013837311039654e-03
1.093974482081846872e+03 2.320778728359410650e+02 4.960801303601365328e-03 -1.272965801957150547e-02
3.225501147965943005e+02 4.915589987454781635e+02 -1.243798132650913470e-02 2.242217482374443682e-02
1.217594385460838794e+03 2.533635657508976351e+02 6.713561893183404676e-03 -4.117743791815734605e-04
1.195764165065943871e+03 3.805691968505917657e+02 -2.503690573098763146e-04 1.045766848071915806e-01
1.236481887744370169e+03 4.390238375302000691e+02 3.125468683641510204e-01 4.206516470631960769e-01
2.756235008968485545e+02 5.651873483755944108e+02 2.156708812549931222e-03 3.690296253550810757e-02
2.024219971583799804e+02 6.606122532143741637e+02 -2.273926189671177968e-03 6.637807685787364305e-03
2.756052133808564122e+02 5.763035572100851596e+02 -9.433537310809075177e-03 -7.855419773477478884e-03
2.727618905834471548e+02 5.920331729301186670e+02 5.252237466752061575e-04 -2.302315656273697803e-03
2.676631630247853764e+02 5.968539968926158963e+02 -1.564779680487246496e-03 -5.149638796181102386e-04
2.477484435587626024e+02 6.033193980620384309e+02 -3.582554018955964241e-04 -8.977401791230027114e-03
2.806315069895894680e+02 6.038273263488570137e+02 2.772679071145461600e-03 2.257368388160273937e-02
2.499503847860134442e+02 6.223172668329438011e+02 -1.419923534347342954e-02 3.124787593038256747e-02
2.568058615751846219e+02 6.240737596747015914e+02 1.882259594465678434e-02 1.859137756082306081e-02
2.282018747224102526e+02 6.339132832369672315e+02 8.573828720213919020e-04 5.457672014049106714e-03
2.768838256834542904e+02 6.337280866481970634e+02 -1.590660419306387519e-02 3.410712310525500224e-02
3.003726075507494215e+02 6.317232489708014782e+02 1.912599792018060581e-03 -3.262523794901291303e-03
2.260784807678124082e+02 6.483427057278179291e+02 2.844664910344757262e-03 3.348490072651562344e-02
2.867297850539935098e+02 6.365755072422086869e+02 -5.606784499608431956e-03 -1.637358004743328863e-02
2.964844199602684398e+02 6.375837145537266224e+02 1.346853257922475677e-02 7.069033962521319332e-03
2.597747048646079406e+02 6.420585326182959989e+02 1.288114880526674243e-02 1.809284376455896556e-02
2.656667776523931934e+02 6.449093165665416336e+02 3.698045708154828679e-03 4.530367779038739495e-02
2.283225531031127957e+02 6.569379767859131789e+02 -5.042218717879578919e-03 -1.222169883813011872e-03
2.675295430998458528e+02 6.532239518503603222e+02 -1.698396833681909204e-02 -2.852915737627323423e-02
2.884269751035373588e+02 6.522976008639531074e+02 -2.543250261505806964e-02 2.606180467326717730e-04
2.772047102834147836e+02 6.576437665742043919e+02 -4.372728548138085473e-03 -3.077926642572943131e-03
2.471743413438303776e+02 6.686730153022474497e+02 -5.675813549640512830e-03 7.246273063553489158e-02
2.554518616838779792e+02 6.713953744196895741e+02 -6.768804076771592348e-03 4.346665006677751658e-02
2.073545872371159362e+02 6.715108371170100554e+02 7.679198104854365135e-04 -2.315067476809300456e-03
2.624394577045733286e+02 6.722102227952530029e+02 5.949917530387264369e-03 2.801956330404209439e-02
1.989824565398427580e+02 6.991655991453632168e+02 -2.400960679496489617e-03 4.928230183463036020e-03
2.356863418360077844e+02 6.838176239264275864e+02 -1.050994090198427953e-02 4.706615629764444170e-02
2.252082970192009270e+02 6.857655953140006204e+02 4.204721464147253640e-04 2.742449831815308575e-02
2.179348010861023397e+02 6.901248601178833724e+02 5.251908848072949984e-03 3.275572363123605002e-02
2.339661974287323005e+02 6.893047295341834797e+02 9.997613779114601640e-03 1.975623628057895237e-02
2.395212615298605385e+02 6.967157882434071325e+02 3.990556434648298394e-03 2.980461802552227674e-02
2.039160738987712023e+02 7.125889985981568771e+02 -1.411427325526638452e-02 1.021568298507631936e-02
2.777996061039302162e+02 6.893166677973462129e+02 -5.226778070905739246e-03 2.017635394955923783e-02
2.521088120807108908e+02 6.977106613334555050e+02 2.708714114527367278e-03 4.246131148986725945e-02
2.656062796913468560e+02 6.962000618406586909e+02 -3.078874484739828679e-02 2.148838753069160640e-02
2.715002201340477086e+02 6.998822399591535941e+02 -3.725072535615824021e-02 3.793019181228256959e-02
2.581541454329706085e+02 7.020062778849304550e+02 -1.563116826494001868e-02 2.972260902082114048e-02
2.537199667913506289e+02 7.057333004406845021e+02 -4.179934319303905965e-03 4.156371875897679063e-02
2.458563278035054509e+02 7.062996414580456985e+02 -7.454339366503718797e-03 -1.486721620836639265e-02
2.675528190727066544e+02 7.107743906366289366e+02 -2.261868491157573158e-02 5.643829203173968134e-02
2.575622022114856691e+02 7.171531967970838650e+02 -3.585318976815577569e-02 6.866933073830534806e-02
2.211145478273905667e+02 7.241093408918966361e+02 5.444598768449812609e-03 7.106459160098835270e-02
2.204501617447669730e+02 7.335458496734430582e+02 6.638413345881428659e-03 8.441694990706917479e-02
2.362386626060645085e+02 7.330407100612494560e+02 7.440023365942374962e-03 6.632426846988549729e-02
2.636523852817001625e+02 7.491169079085672138e+02 1.432359539406641291e-02 2.219893527001947364e-01
2.214488301434014943e+02 7.416975348322519039e+02 3.345685172307481803e-02 8.314451267535381829e-02
2.579984329417788445e+02 7.530100454300832098e+02 2.704890403834293508e-02 2.273517521522803175e-01
2.392787273751458770e+02 7.501562071548063386e+02 2.111775782629361081e-02 1.370359071811311780e-01
2.266936750430833456e+02 7.758168075998700033e+02 6.848093777404720695e-02 2.571895391136778120e-01
2.544732852079529266e+02 7.667453389218317170e+02 5.932544629978658834e-02 2.082267958392308438e-01
2.493234706199073685e+02 7.682783274142639129e+02 8.679547089429821838e-02 2.082933242943127983e-01
2.725016520411937222e+02 7.783262318804024744e+02 1.569492581158037359e-01 3.321428652797843717e-01
2.623582578421450648e+02 7.798054189588705185e+02 8.435103125627407827e-02 2.738165869703271804e-01
2.542867505217926123e+02 7.814105596050653730e+02 8.445509333587566947e-02 2.706741866527161422e-01
2.679179079278257518e+02 8.016730247795882178e+02 1.790852174816471021e-01 4.075659696028525181e-01
6.343480948028538933e+02 8.220613202192537301e+02 2.623384901531914531e-04 -3.576158823901519508e-05
9.124003779525227174e+02 8.058627206475653111e+02 -7.121503678463611629e-04 -1.399357032033720456e-03
4.599315742316965725e+02 9.415868985586657800e+02 -6.260101875764436134e-04 2.698695478379209162e-04
7.153433410189095412e+02 8.788938279700729481e+02 -1.655380255297447161e-03 9.325632951647931830e-04
9.065922776251962887e+02 9.232792960497469039e+02 -3.372453729696752865e-04 5.278906473848217918e-04
9.003366461649766279e+02 9.278224468026112390e+02 -1.968247333788084637e-03 -2.393359642913238557e-03
7.082991471368387693e+02 9.914744996398989088e+02 -3.508654019224375612e-04 -8.353833862253786996e-04
7.149540031848753188e+02 1.011548366235764320e+03 -1.649549254818681433e-05 -1.397577264203103513e-03
7.049049027022855398e+02 1.023750259196322418e+03 2.166716744176762322e-04 -3.468373165673040138e-04
9.834060102423036369e+02 8.450139829450670277e+02 4.190968685809884353e-03 -6.182063418071329086e-03
3.475922715737822273e+02 1.027695884722698793e+03 -5.903260062565593436e-02 -3.002816952344589674e-01
4.816204433356327854e+02 1.099086262428686496e+03 -6.357955003137915695e-04 3.978773209310740598e-05
7.044496558314373260e+02 1.036472729363051485e+03 1.818924532654359668e-04 -3.804087358694592741e-04
7.519215338951462400e+02 1.067538969195130221e+03 7.401332189041261861e-04 -9.382279936312218176e-04
7.456173215829622904e+02 1.071453215698613803e+03 -3.476575307880885261e-04 -3.398552939848057015e-04
1.310699455136548579e+02 3.249860910033641517e+02 -3.900321965551481647e-03 -1.920971189481789033e-03
1.237509929273016496e+03 3.999940408581294946e+02 6.714458146878242613e-03 -1.254787282062291669e-02
8.997297039695953345e+02 1.102219123737059135e+03 -6.088845968985095352e-04 3.903783868727349468e-04
1.165965173942366846e+03 2.389937405919889670e+02 5.331967597986378253e-03 -2.984973204029932412e-03
2.543657547739886979e+02 7.113717732861973673e+02 -9.842684135701527254e-03 2.688449076504409799e-02
2.501436537860824671e+02 5.682542755679346556e+02 -6.663999405452276123e-05 1.067429183922961444e-03
9.564456825837114593e+02 2.738683557909862429e+02 7.241260142052396986e-02 2.492947846838659554e-01
1.138044109631018046e+03 3.694563846516036847e+02 9.261248879394347322e-02 1.779809897079431824e-01
2.792730713094534281e+02 6.523757039740222581e+02 -3.329841212311438121e-04 -6.667770153297728408e-04
1.344595860330691437e+02 3.998104159753800673e+02 -3.031933503298588246e-03 -3.864837710358358814e-03
2.341344394088508238e+02 6.691404538620238327e+02 2.251093673548061093e-04 1.728619923429473848e-02
2.743779737743323039e+02 6.194581255228490591e+02 -2.381484502377802584e-02 5.455233114175578324e-02
2.550652327132065693e+02 8.251280382802975737e+02 2.364019438483477287e-01 4.581910542782610118e-01
7.692265551923767362e+02 4.487292695419248503e+02 -8.200763235118747191e-04 2.568283394095537218e-03
1.123161694457151498e+03 2.216192607226498694e+02 1.162108884029231133e-02 -1.083149657010284116e-02
3.566242108721609156e+02 5.340396266111290515e+02 -9.259403581508013348e-02 -8.373004269169587524e-03
8.010925608036906169e+02 8.821014533808690885e+02 2.472970660650983797e-04 2.768142460064213287e-02
2.486514950347541628e+02 6.769230274070246196e+02 -1.712602453530602314e-03 2.776885757387363013e-02
2.162650067162580001e+02 6.379776321433467956e+02 1.909537628991258076e-02 -5.379329850088067182e-03
5.596723981521226960e+02 4.576230106051397115e+02 -1.290536222174832048e-01 2.772057418453731728e-02
2.682575721766321521e+02 3.002595863236089713e+02 -7.082670381463469214e-04 -6.095032830422938107e-03
9.929610881995688487e+02 2.095528436990348382e+02 8.695260941348721207e-04 -2.166003457823040279e-04
2.214656290487775436e+02 7.695384794744562669e+02 8.903188381326836154e-02 1.881194858642674661e-01
2.775204052429205035e+02 6.766465880454197759e+02 1.700612063852041059e-03 -2.559320819350792420e-03
2.925077864345693115e+02 6.487637075070232413e+02 5.171020806318832146e-03 5.308175036058927591e-03
2.580505671879564034e+02 5.014300174693663052e+02 3.943146057793648490e-02 -2.549831777049958725e-02
2.681369063460787174e+02 4.766871546022650818e+02 1.672215939984344688e-02 -5.201285660815967854e-02
2.019031432056143558e+02 6.354904364703904776e+02 -1.290309859657588418e-02 1.199847860353692782e-03
1.043423273558473738e+03 1.928786668652984417e+02 4.592905419629838247e-04 1.594473624221440277e-03
2.793439625020922676e+02 4.570302706064002791e+02 1.748112199750762041e-02 5.297206106114524943e-02
2.629854223303427716e+02 4.753773808760837483e+02 1.242140770498134823e-02 -7.894396065573699994e-02
1.956651899046079848e+02 6.998762318398129310e+02 1.678788853849250704e-03 3.917376586637056832e-03
1.156264926243227137e+03 3.328921363280317109e+02 3.764525479800120283e-02 8.163764294093903140e-02
2.344625254049179830e+02 3.535469947824944938e+02 -6.645060258782559126e-02 -3.497621871702945584e-01
2.584719388561662186e+02 4.734840806640015103e+02 5.580170458604541417e-02 -4.741569799744586866e-02
2.622890275671146014e+02 4.838045753021297060e+02 2.895821411176360827e-02 -5.436945149721517101e-02
2.599093776808452390e+02 8.216783748908169400e+02 2.554137889308758513e-01 4.652405444732715112e-01
2.760016505460819189e+02 6.407548352607298057e+02 7.802160404566219759e-03 1.126860367664318276e-02
1.007523427266128010e+03 8.140790772178303314e+02 7.754122164508789848e-03 8.272137150310872322e-02
1.639972536146082689e+02 4.999518659762594552e+02 -2.987294610169081155e-01 -2.108577943991536419e-01
2.754802211480596839e+02 4.381715925039600847e+02 3.664680936013173934e-02 9.106455542687534599e-02
1.205035818571381697e+03 2.286474147464566329e+02 -2.044861159258361087e-03 4.865163199791775611e-03
2.536685942923330970e+02 8.062041951778045359e+02 1.883117548072158476e-01 3.945003358326468201e-01
4.857624474879933132e+02 4.484338427319793254e+02 -1.286656904816277196e-02 1.019657561508127697e-02
2.322164743744571069e+02 5.764134380204835679e+02 1.187057121075379799e-02 1.146868128615429958e-02
2.640522382359597486e+02 4.570605618210803982e+02 6.349141544231738654e-03 -7.769142482509334979e-02
2.412020824558030654e+02 6.016604467062444428e+02 -1.791926138447805846e-03 4.628038159234669491e-02
6.911361753859993087e+02 4.131949998265031923e+02 -3.506321344256014827e-01 9.318696268962585461e-02
8.320371377531431563e+02 3.212604471732374805e+02 -2.846774816378519479e-02 -1.869343968866414227e-02
2.821268741628945804e+02 4.621736954049440556e+02 1.283145053876879639e-02 6.289173952075652330e-02
3.182316538215258674e+02 4.939194642847282353e+02 -5.131407062980777173e-02 -4.286552464594537565e-02
1.222954346222896447e+03 4.014994638526292192e+02 -1.021156046168372224e-02 3.447148030148911024e-02
2.236869544450568412e+02 6.971438901158862791e+02 4.075270693534483075e-03 2.481417875517624022e-02
5.539661827956828120e+02 4.350385052078170247e+02 -3.941738033353710605e-03 1.739584149394733312e-02
4.637082319886148412e+02 4.529873406054950351e+02 3.007760720808758982e-03 -9.084980818214500806e-03
2.857866131624454624e+02 6.263898853883456468e+02 2.554285287165312945e-02 -1.749674086505086101e-02
2.153121881215777478e+02 6.966253929044750066e+02 -3.649972688363770524e-03 2.930860162899818350e-02
2.845613633617879259e+02 6.156176508688494096e+02 3.256461042983821354e-03 -8.521602838160592663e-03
2.614909637145665329e+02 6.808131243762079521e+02 -4.383393079963005478e-04 6.803601254778141559e-03
2.110815202509362223e+02 5.839076408666645648e+02 1.275863589281478819e-02 7.915522612780244438e-03
2.926990612538193659e+02 5.940560441111948649e+02 -5.744124786668626699e-03 -1.374468167113723251e-02
1.135404584638672304e+03 3.806892429496082286e+02 7.466303040390956380e-02 1.847075282610722846e-01
4.905978680670798440e+02 4.299769250634149103e+02 -3.687050588009956054e-02 -1.258131972006725462e-02
3.277071873248319207e+02 4.935608920189237665e+02 -3.597452025019096805e-02 -1.723326402563232773e-02
2.970676736435730163e+02 5.393841198091918159e+02 -4.628116795365510260e-03 7.942160808012643097e-03
1.194396317326031067e+03 2.370776406621795047e+02 1.447060169412808274e-02 -8.408594648272756794e-03
3.375347951276254435e+02 1.034530020609875010e+03 -9.973912848164276368e-02 -2.608523943756406172e-01
2.097078490941163693e+02 6.918599634386497428e+02 9.383318228469366556e-03 2.935188925010778077e-02
1.209280160251973712e+03 2.611453659283289426e+02 -2.093661836773541216e-03 1.304744126583604101e-03
3.421884608059137349e+02 4.731273602641429648e+02 -4.350427516134580674e-02 3.561278835745061017e-02
2.440991693144690089e+02 6.322155626828579216e+02 -1.903163450946305911e-05 2.718082578950102232e-02
3.477891556000368496e+02 4.920158344393586844e+02 -6.418002511556983314e-02 5.532748126540303069e-02
2.263769287927924267e+02 6.737987181518765283e+02 -9.900481063328194289e-03 2.026155810860792716e-02
1.252082533959850252e+03 3.599506156444947464e+02 1.230156687976508879e-02 -4.656617276848205866e-02
2.699774598510557553e+02 5.649792645259950632e+02 -5.990165946919808609e-03 1.453953269350281028e-03
2.985312734853511643e+02 5.797229754326026523e+02 -3.794470513820904101e-03 -1.295362164404929850e-02
2.467542875957049091e+02 5.091018681484869717e+02 4.535049472453109992e-02 -4.109129739463703718e-02
9.708762416319190152e+02 8.441374659851767319e+02 1.479677882368922795e-02 -1.922825581366193652e-03
3.349297465292613083e+02 1.053008899092992579e+03 -2.326956716584021798e-02 -2.756887327516752140e-01
1.232619231758325441e+03 2.564848704470911684e+02 4.114964676370555519e-02 -5.964174254813207031e-03
3.178008387164265400e+02 1.031742254475384243e+03 -8.984163882472738505e-02 -3.101068859063958461e-01
1.018271812820821538e+03 8.174216223274314643e+02 7.218681424015669160e-03 5.305597198775112260e-03
2.980582570126135238e+02 5.523626315394295716e+02 -3.242994080731439327e-02 2.334326542617675207e-02
1.150868741108788527e+03 2.449382247771885091e+02 -1.285651360426032187e-03 -1.663975914665472705e-02
2.179209936629782760e+02 6.462454225019218939e+02 -9.276883321116756106e-03 5.864342192965766448e-03
3.492378834411070443e+02 5.334116500254490347e+02 -1.396345144929221106e-02 1.463832363426245328e-02
2.017930281047299843e+02 5.108693273245839350e+02 -1.478690349849143314e-03 2.652842080844678221e-02
9.541862588647871917e+02 8.532548963189459528e+02 1.811601115917960414e-01 -1.281776551379787688e-01
2.622318475931177773e+02 4.655310066344148936e+02 1.067788621980868095e-02 -7.911028076361643901e-02
2.812008400291715020e+02 6.717059810048322106e+02 6.041207536140568400e-03 -2.084323607013319288e-03
8.255911084379470140e+02 3.482347781686509052e+02 1.666987376981213242e-02 -1.393419339201489200e-02
5.056875801971364695e+02 4.403384494657420873e+02 -3.463342739677903459e-02 4.709040337755001325e-03
2.689988104048883883e+02 4.671649999720833080e+02 -3.709155960701809168e-02 -9.158929883258033755e-02
2.006548325285876899e+02 6.733819470364508106e+02 -2.139030734969673761e-02 -3.537475013590574840e-02
9.695619410518000905e+02 8.305923279054049999e+02 1.262937466874428649e-01 -7.571355790162102861e-02
1.004186227111433368e+03 8.315148102685717504e+02 1.689004373352053293e-03 -1.017544149678119292e-03
1.041803804082465831e+03 8.506672426633573423e+02 2.208156305704785018e-03 2.541311666652745771e-02
2.473978431530354385e+02 5.864585729538675878e+02 -8.284740113599819294e-03 -2.619032515420006025e-03
2.459449562330616175e+02 3.705936989255418439e+02 -6.336505795088264413e-03 -3.615990769380441651e-03
5.095701574350740657e+02 4.558428545350159311e+02 -6.402761331439322905e-03 2.962006776609240125e-03
2.503748215887225683e+02 4.920085909983350234e+02 4.001591351972182825e-02 -5.511820996110377430e-02
2.553333497143975706e+02 3.472859818295910372e+02 -8.419051411913255553e-03 4.698909811753368762e-03
1.068462751796651219e+03 1.887081581369658920e+02 5.393741058820650247e-03 -3.592252199556998302e-04
4.958973523248105835e+02 4.399243951187292510e+02 4.714396622067298101e-04 4.428609444317155135e-03
2.589494675554661853e+02 4.335938043429124491e+02 5.294265905062914626e-03 -1.293899359986959707e-01
2.900862548800923832e+02 6.217438449065634813e+02 1.540592924755509324e-02 1.722356240422711141e-02
1.173834771603575064e+03 4.135419967140272774e+02 2.811604579444227162e-02 2.860344054244378653e-01
2.858624058771490013e+02 6.464525666234567325e+02 6.333053975872149095e-04 -3.020250539615481570e-03
2.170211234940198040e+02 7.508073744853161315e+02 6.514196697129916169e-02 1.244318305137758346e-01
3.450058253923991174e+02 5.281432388441900230e+02 -1.963603563328798415e-02 5.767014172992014805e-03
2.350854028433666656e+02 7.930539177511874414e+02 1.749592700677065349e-01 2.900488836141239535e-01
1.230263460585302028e+03 2.438845339923540507e+02 -4.995581308227010561e-03 6.860592919646859092e-03
2.686660224408224167e+02 4.827012255405832093e+02 1.374640084814941418e-02 -5.381997010668177622e-02
2.469307137818869933e+02 3.983401847717361193e+02 -6.507414918109903634e-02 -2.617121420204937543e-01
1.928426046242711038e+02 5.782290364902288502e+02 1.579424472999949817e-03 4.315561034533434257e-04
2.483752223366931275e+02 3.448681748079376348e+02 -2.520135157772017843e-03 3.111436445415998592e-02
3.236239150723188231e+02 5.262269171942236881e+02 -1.078644861771557197e-02 2.398964306043000361e-03
2.743893791827173914e+02 5.823594714094723486e+02 8.149733234937806339e-03 -5.523969532103788216e-03
9.835154682814959415e+02 8.268551081398188671e+02 -1.964395637871645464e-02 -7.841624464488335111e-03
1.197028791697912993e+03 2.022945419138664533e+02 -8.720840734663443464e-03 2.041249456836549334e-02
1.016088926985692524e+03 8.108018938111715670e+02 8.990072906349629023e-03 -1.924085635886341921e-03
9.823565036539479252e+02 8.197152209450625833e+02 -3.161304646277815315e-03 -8.935298041401078251e-03
2.568257976765606259e+02 5.949815182735318331e+02 -7.185728769468819124e-03 -1.756484301134799211e-02
2.157840749215065728e+02 7.268193283500802409e+02 2.057696021409222142e-02 7.811477366045428694e-02
2.959038700009611489e+02 6.088157377780381694e+02 6.441536386082678941e-05 -1.999437406717595109e-02
2.202891173211317266e+02 7.100898925031294766e+02 -2.368006440611361216e-02 6.680852778046782181e-02
2.655721141215959165e+02 4.647339503192675352e+02 -2.725539085991449118e-03 -6.974599982569180956e-02
2.306633486360678376e+02 5.612325885448592544e+02 -8.574518198154992138e-03 -1.390405037357883740e-02
5.885251956440534968e+02 4.287545085940147942e+02 -2.996483037249285108e-01 1.349637635030567495e-01
2.544854168603293658e+02 3.286174795227463505e+02 5.376898203667055190e-03 6.641434411778958900e-03
1.075867436926152777e+03 2.086254761488480369e+02 8.866274334510794441e-03 9.255068868685442998e-03
1.119060090945476531e+03 2.042811674092360761e+02 1.555042757097521017e-02 -2.032539906012532233e-02
1.243968781472416595e+03 3.974624939775148391e+02 1.737465517910077558e-04 1.624373863344519926e-03
1.092334339205666311e+03 1.884911296151882709e+02 4.733169956672991091e-02 1.666202231591580596e-02
1.073078059781059210e+03 2.025112634430099092e+02 3.342261118695484773e-04 2.910426361689607069e-02
1.168741364429798750e+03 2.466638710292135102e+02 -1.775558901094387255e-03 1.603959313712829222e-03
1.140383671380128590e+03 1.483393390318084357e+02 2.706222915306999086e-02 -1.121136783612091715e-02
2.659799859225896057e+02 4.263084801692985479e+02 5.454049247703378345e-02 4.450457162277029338e-02
3.029400299639149807e+02 6.254249922436334828e+02 -5.779512777509114921e-03 1.999083738605624688e-02
7.237330167434594159e+02 9.158594207209084743e+02 6.569694704807045246e-03 2.373506093898854544e-02
1.186312296340905277e+03 3.918837466613149445e+02 1.177587890456739846e-02 1.272252998912047628e-01
2.874452852732981682e+02 6.632125550659421833e+02 -8.276332760539219235e-03 5.306780106367330399e-03
2.416819355956563129e+02 6.204187049840735426e+02 2.412838916606489977e-03 5.300891701987178045e-02
2.380219367623986102e+02 3.297885588787082156e+02 1.872076814835270516e-03 -9.769653813372998832e-03
2.460558676055324838e+02 7.533352969595415516e+02 2.600909543973399865e-02 1.705054964226672687e-01
1.007066122196953302e+03 8.386999064566980451e+02 2.318834458752588520e-02 -9.041667236587192305e-03
2.933746645996694724e+02 7.839259629955644186e+02 3.277214739122661924e-01 6.063392613630792793e-02
2.260172035322641761e+02 5.628639723329680464e+02 2.163805947308945418e-02 -4.779170758911952498e-03
2.444970423700994786e+02 6.853286497554631751e+02 -2.739349044686481376e-03 2.975095475713008392e-02
3.057041453949554466e+02 5.688072961452905929e+02 9.304464617951740263e-03 -8.217469347828633766e-03
2.410613940241334774e+02 5.206533211641334447e+02 6.006280964831630514e-02 -7.397390937328982008e-02
1.195831384451305212e+03 2.264224855561063521e+02 -1.255543990193230125e-02 1.185448958883462620e-02
2.722730223328076136e+02 4.198766305967982362e+02 1.008412848634769425e-03 7.162886785457005245e-02
2.459564390078674307e+02 7.219139424669134542e+02 2.299022579293678414e-04 5.022148473352053277e-02
2.383476894087268647e+02 3.393022512558999892e+02 -6.345230194209151679e-03 -1.993866669492618676e-02
2.423410012961620623e+02 6.757038464721509854e+02 1.744012034868879998e-03 2.994126820548183646e-02
2.128987522103542460e+02 6.571336956191236141e+02 1.608652581553812614e-03 5.889199168170942272e-02
6.193583605802380134e+02 9.358097522755572300e+02 -2.440993819794193222e-04 -1.539441793355952447e-04
3.053219262153278351e+02 5.101025033195558080e+02 -4.507238932590121316e-02 -1.777842134501299645e-02
1.124096951486814078e+03 3.450241538617636365e+02 1.625022345644025132e-02 1.191803226828594686e-01
8.993405137112722514e+02 8.490519797115222218e+02 4.362897531902855119e-01 -1.636114798796669823e-01
2.518618039897561687e+02 4.177374271973054647e+02 -7.856213489605667899e-02 -1.904377081334435451e-01
7.252156806091932140e+02 9.763922132189327385e+02 1.545588259540465375e-03 -2.300796496385400583e-03
8.998000500629325416e+02 8.629868273604662363e+02 4.264621660229475086e-01 -1.471009398418919867e-01
2.555562031800507725e+02 4.931400365328474322e+02 2.941689915629531679e-02 -3.866920455850346439e-02
8.150474707877498304e+02 8.713508900662591259e+02 -2.462247617939841531e-03 1.916960206029549516e-02
1.266990833390113039e+03 3.888806182651370591e+02 -1.116126242685381610e-03 1.374596575993847951e-03
8.905318700046439062e+02 8.572334529899928839e+02 4.208113874514027297e-01 -1.587194164889114689e-01
3.503845047360846934e+02 5.229437816291948593e+02 -2.812472809098875981e-02 2.863051633528694920e-02
2.125650904715002127e+02 7.314809728152551997e+02 3.129022349109718965e-02 7.940826086426024111e-02
8.477756094131641476e+02 8.764558884551656774e+02 4.604286627425333567e-01 -1.662413366823206062e-01
5.921240376281836006e+02 4.367966801346690318e+02 -3.267573293050987648e-01 1.225139808457659379e-01
2.187420387731815765e+02 6.157562227868271520e+02 -1.546989437952613067e-02 -1.020836276079490311e-02
8.093415093704493302e+02 9.017596667296040778e+02 3.983735885926267262e-01 -1.325528028248068035e-01
1.164000502427355286e+03 1.402863590222254686e+02 3.476419721773303662e-02 -1.152064576694054356e-02
2.751787445314473644e+02 5.963453609892154645e+02 -1.472108741127259660e-02 1.385206109520512041e-02
1.203038322312637320e+03 2.237257619830576232e+02 -8.580381709831803871e-02 1.001196932145677343e-01
8.090829352526731100e+02 9.086404078336903467e+02 3.985768119336889348e-01 -1.441633057555477271e-01
2.369679831505274024e+02 6.155564055406467787e+02 6.366588651062691888e-03 3.268139580686265505e-02
2.355835961838980950e+02 3.168920035776089321e+02 -1.532382077294925553e-04 1.685694314968520400e-03
3.651755675743580696e+02 9.645296484256884924e+02 -7.627608040216966867e-02 -1.615399811429414911e-01
7.797295197224088952e+02 3.631975762095293589e+02 3.554052503314724665e-01 -1.468253579548453314e-01
9.453348828696849750e+02 8.461431091133803193e+02 1.611968815439260849e-01 -9.512835559797230833e-02
2.269934394910615083e+02 6.159272689663561096e+02 -5.321304041320157156e-03 -2.497534674935285651e-03
1.018371973425739725e+03 2.558679481943888163e+02 -8.906622695943465506e-03 -1.393828807811087721e-03
3.088941778952011532e+02 4.805708757898450472e+02 -5.658581383046328581e-04 2.494295115643536086e-03
5.352085445116975961e+02 4.823980899028246654e+02 -9.450459167319062498e-04 -1.194396385517562144e-02
8.917876420827836910e+02 8.901699670021615702e+02 3.861364582109485521e-01 -1.577529859356209263e-01
3.003516495986433483e+02 5.250381314730497024e+02 -2.451305154197789549e-01 1.142132768356255434e-01
1.078214266997626737e+03 3.621959572535003531e+02 3.267612470321326623e-02 4.419024693870985399e-01
1.030891804674826517e+03 8.335914169290259679e+02 -7.887553661584036091e-03 -3.552455512797426311e-04
2.997656049672339122e+02 5.439373796305936821e+02 -1.776961079002322124e-03 6.257218830260981865e-04
1.998664059010793892e+02 7.130578812257158461e+02 5.728224442472285884e-03 -2.188543036412072455e-04
2.628040912572155321e+02 4.947605763742570275e+02 3.827862434241351142e-02 -5.517074943435768680e-02
8.363681992111394266e+02 8.732737084780135319e+02 4.225467296032165421e-01 -1.489157282783366010e-01
2.766076295500052993e+02 4.718740697347003561e+02 -1.296585487371527436e-02 -3.176262013555020136e-02
3.054861295090692579e+02 6.362397796500187042e+02 2.857290164838717072e-03 2.686571420703880164e-03
8.309669959641228161e+02 9.234252953594866540e+02 5.490956321600752865e-01 -2.379758835480484114e-01
2.940153957056626268e+02 4.132325349662435769e+02 -4.207931453661916017e-03 1.855528731051426811e-03
2.639352095848915951e+02 5.065076179221831580e+02 2.632388986223072741e-02 -5.978247078162372136e-02
7.824314902216823384e+02 9.319243162363712827e+02 4.562556059825832455e-01 -1.479830228560903016e-01
8.236345464519093866e+02 9.155270212756529418e+02 5.284527382237427240e-01 -2.447169915715626809e-01
8.348246751920612496e+02 8.859966789618321172e+02 4.295564294419738083e-01 -1.803267920403771873e-01
2.323337380679213879e+02 6.476130932174272630e+02 -6.530413331088908563e-03 -8.426013184622107091e-03
3.355125656357203638e+02 5.623384957606051557e+02 -1.449909923138816871e-02 4.592093428633540336e-03
7.037578943665187126e+02 3.991297317646244665e+02 -3.741609145656909496e-01 5.120823481065363281e-02
7.856920015947379170e+02 9.062023486508485348e+02 4.412268694413729042e-01 -1.647425309228837398e-01
9.470187966818256200e+02 8.801597051112479448e+02 3.882727693230302868e-01 -5.088568514572941459e-02
3.280168445910761648e+02 5.826970306735685199e+02 -3.047992642958132284e-04 -3.809421421638575517e-03
2.725888580039303974e+02 4.975088871279170348e+02 1.697349683324559863e-02 -6.285410836608713858e-02
2.534809941632769608e+02 5.329373462617493260e+02 -2.213407533349453227e-01 1.346284637323822142e-01
7.745342868149323294e+02 9.175571130187967128e+02 4.368650016992302598e-01 -1.748760362760389542e-01
1.861881121561696943e+02 5.751083241513175608e+02 8.356891642827324329e-03 2.925829649375328266e-03
2.554404255538152881e+02 5.579192163241539220e+02 -1.265303703715009616e-02 2.351294993882625459e-02
1.429151087172564019e+02 3.915219842815003517e+02 -6.974170760396745375e-04 -1.305642735881087750e-02
3.427591789710717762e+02 5.367975174461703318e+02 -4.569352172854162890e-03 3.275017934640575556e-02
2.546583246746796476e+02 4.821635290433760588e+02 4.907633207409643067e-02 -4.386703266963103143e-02
9.900835757047788093e+02 8.518886885328672633e+02 -8.645703408495200581e-03 1.302242705815000873e-02
2.591261451360231263e+02 4.825185039513903575e+02 2.990734571318004464e-02 -5.598464526618929932e-02
7.869607103230597431e+02 9.381828809757223553e+02 4.594794947155457221e-01 -1.714692236753116716e-01
3.444767702128502833e+02 4.791109114582210964e+02 -6.323475669924420728e-02 2.364284728406742739e-02
3.153227979561009988e+02 5.148571814079519982e+02 -1.365622432772065631e-01 -2.636704053728714664e-02
9.183368014133233146e+02 1.102497089423581201e+03 1.424354531336305537e-03 -7.080325429585469788e-04
7.754042144132598651e+02 9.267019563741243928e+02 4.830170823363437171e-01 -1.633948887866577271e-01
1.138298811479511187e+03 2.909785973774758645e+02 2.886316350317303137e-05 -9.951921712897864730e-03
1.964982688686257575e+02 6.641155476917784881e+02 -2.254551272864007208e-02 1.912934485239412008e-02
1.996259673192462856e+02 5.781351735383192363e+02 -2.699394390624198711e-03 -2.889559484416248745e-03
1.286531633745221143e+03 3.187683057382155312e+02 1.070043883827710013e-01 -2.211148033069647578e-01
8.679854530297120618e+02 8.775626277590700965e+02 3.686976099227746717e-01 -2.793231889319911510e-01
9.082106196893107608e+02 8.840521859655809749e+02 3.939913340053838309e-01 -1.219370471975086551e-01
2.572987760282422300e+02 5.495732261695180796e+02 -5.339026132031845367e-02 1.235550142840219218e-01
2.507052860379123160e+02 3.017806259233827859e+02 4.167166818659791250e-04 -5.022290053583300384e-02
1.893561840908326985e+02 5.076890662067771700e+02 3.803243013934850657e-03 8.921716361070107515e-03
1.173335346690327242e+03 3.969971558013963886e+02 6.092502362343120426e-02 3.091857238315914302e-01
3.305935667162446521e+02 5.429081887770004187e+02 -4.651710170629476566e-03 -8.343028927207918680e-03
1.006964969651722072e+03 8.695253659295709667e+02 2.235951583703086332e-01 -4.317997195923142795e-02
9.767006470284801480e+02 8.539835321719182275e+02 2.796552949547785258e-02 1.488524916909106030e-02
2.176146672525453027e+02 2.952757351873580092e+02 -8.723734984652994906e-02 -3.254507788906171317e-01
3.310212520181074183e+02 4.863453714401849766e+02 -2.485569836341703850e-02 -2.864811370647775152e-03
5.562878206604561910e+02 4.243841832438562847e+02 -5.377813297623151335e-03 1.775367200205455213e-04
1.156982155485267413e+03 3.484957909016866324e+02 8.909615695029510576e-03 4.320907712028397574e-02
1.131676580825835345e+03 1.506479164631812750e+02 -4.770640122959515003e-04 -5.603393350975238718e-02
1.205732094058233315e+03 3.820625739650326409e+02 -1.771995195453525060e-02 3.124834602870506239e-02
2.839927697703691933e+02 6.926336786197439324e+02 2.581972802524527821e-03 3.242420204866344746e-02
1.172546896463006306e+03 2.178660766058325180e+02 2.161598548768059111e-02 -4.604984495745381712e-02
1.192635486861926438e+03 2.502684708536640983e+02 3.777562431825869094e-02 -7.044173493957349777e-03
5.819092275999822732e+02 4.004833190203989375e+02 -5.112449851830778158e-01 7.407102723770452035e-02
3.268860958281747457e+02 4.767742638099534815e+02 -3.053297976911401035e-02 3.116744757290792860e-03
3.116148979944230746e+02 6.072555764722599179e+02 -5.787507411513512397e-03 2.918781565458315047e-02
8.036715285559268978e+02 3.570841277841536794e+02 1.494934677659143230e-01 -7.031314288917431266e-02
2.344713045493126344e+02 6.250904743001950692e+02 -2.509190193537992608e-03 -7.494412082217035906e-03
2.417100267501558051e+02 7.683708356665297288e+02 5.839693097221604345e-02 1.760821029932946868e-01
8.017798011150238153e+02 3.471199263197656819e+02 1.504393700975150405e-01 -7.292272062066573746e-02
5.436355001916112997e+02 4.685162993722826172e+02 -5.706453645107913836e-02 3.281444847192235836e-02
2.030036823053612807e+02 7.035579802896520505e+02 -1.866606502216141541e-03 8.053976987761109901e-04
8.281036459445560922e+02 3.289762665968722217e+02 1.254292864092070026e-02 1.048539347825771031e-02
2.877023437727235660e+02 5.730719076736770603e+02 -4.508412445198984285e-03 -1.534987754641320770e-02
7.771686129477631084e+02 9.492280344346921765e+02 4.946318448052181016e-01 -1.206168512535970572e-01
1.134007305234986916e+03 2.236034580191989107e+02 -4.159964462529063163e-03 4.486800745033939913e-03
3.493105276225132911e+02 5.441284913726710784e+02 -2.926564106430174991e-02 1.831396175350731570e-02
2.244508191413184761e+02 3.022899555978489730e+02 -5.772400181159312305e-02 -3.672616782431093463e-01
5.684550872335315717e+02 4.243818616171593590e+02 -1.558993762756800960e-01 7.027070902354116966e-02
2.151412124862226563e+02 7.397014415247539318e+02 1.981234015230506559e-02 8.827778127919382045e-02
1.125229890334425136e+03 1.706761554465782922e+02 -1.969212380673651328e-02 4.217729165496438004e-02
1.088407978295727389e+03 2.251416458056596923e+02 2.087698380234028752e-04 2.875133221404874238e-03
3.364962887520766230e+02 4.819190055163763304e+02 -2.842408597663257167e-02 1.220837853993701413e-02
1.152415401638050298e+03 2.166429664446011998e+02 -3.811750107251109503e-03 1.556045023352366739e-02
1.966553645504401970e+02 6.902575862305071723e+02 -9.689673664628446021e-04 6.952623911990602618e-03
2.261121272197708549e+02 6.687770026849100304e+02 -2.051961694549037443e-02 3.011919124964993616e-02
3.381022288354678835e+02 5.024384357859326542e+02 -6.570232194323494257e-02 1.018217298949276525e-02
1.021621110428907286e+03 8.691043318761883256e+02 2.331641983201590551e-02 3.779287512977679703e-02
1.099690321971296271e+03 2.703995261355674415e+02 3.786498682611951633e-02 -1.486164137499244083e-03
2.208347618956948963e+02 6.089964610662165114e+02 -1.125718859160790286e-02 8.932243660087626352e-03
2.817059056149084881e+02 4.487819561391356160e+02 4.731851138368843579e-02 8.410625798910924267e-02
1.168204109786417121e+03 2.136672500219863764e+02 7.964553656138647839e-03 -3.304656973860949781e-03
1.117418189838515218e+03 2.378989865218906061e+02 9.896697358904516656e-03 1.354457865639684643e-02
2.366819257876437916e+02 3.028299930240386288e+02 8.485991649963005312e-03 -1.584133678411580107e-03
2.159149630905243953e+02 5.825168354640182997e+02 3.056488588504405364e-03 9.997471503911267710e-03
2.749516337383375344e+02 3.818657043231027615e+02 9.412706928007384330e-03 -1.672340443422912779e-04
2.602838800460496032e+02 7.084079482260061695e+02 -3.618204040726528264e-02 6.231057430674993847e-02
1.845109204347580771e+02 6.495635560344394435e+02 -1.707632710935733933e-01 4.008286263841986385e-01
1.092849876088119572e+03 3.248298072962843435e+02 1.063972113697538198e-02 8.748032806639651979e-03
5.669101736562771521e+02 4.650659933346448724e+02 -1.087619117005046848e-01 3.565839016174505299e-02
3.258803773041856289e+02 4.653308839053871111e+02 -1.410233558941582054e-02 4.808426000853488480e-03
7.463976619546775737e+02 4.521938762226633344e+02 -3.263686274130402076e-02 7.569378562006234823e-02
2.927708900792151780e+02 4.586249839873275960e+02 6.848369622082598092e-03 8.725512850957338473e-02
2.590618664621347875e+02 8.052294523647043434e+02 1.488415242958225360e-01 4.142669232206765417e-01
1.279040408730720401e+03 3.793020826756527413e+02 -1.574659994261454199e-02 5.295668163559734409e-02
3.422582880190243486e+02 5.584496168035794881e+02 -9.461927236914940975e-03 9.335526052258374952e-03
8.281538642389876941e+02 3.398525511174759686e+02 -4.704276818728484605e-03 1.489327520954644250e-05
3.534517802893201406e+02 5.200749921413292896e+02 -4.037112009881591718e-02 1.110448388266543733e-02
3.391595599013510878e+02 1.072624647812946023e+03 -9.950089850988690088e-02 -1.844930907525147434e-01
2.683311733213978414e+02 5.835813757745061139e+02 -1.661936475984182983e-03 -9.061460437646252919e-03
3.163941473726843583e+02 5.870287546867832589e+02 3.928440069768326590e-03 5.126880925672594458e-03
2.410257872640923438e+02 5.600977575926031022e+02 5.288738412876864935e-03 1.408069836944008746e-03
1.080675569729959534e+03 2.288784665065994659e+02 -1.132014966386861443e-01 1.475239518413736239e-01
3.054169465976918332e+02 5.458257707954155649e+02 5.701145157475181677e-03 -2.260208348191594663e-02
1.144260372027930998e+03 2.213886591409009554e+02 -9.606635403392063330e-03 3.356740663796858176e-02
1.026048886782099999e+03 8.265596950554995601e+02 6.538706705916662830e-03 2.233280251474941948e-05
3.481778517377945832e+02 1.073106288327690208e+03 -6.504978635050824576e-02 -1.797347901685389937e-01
5.018983567403395227e+02 5.126543468104251815e+02 2.700415312856719319e-01 8.860607233891180934e-02
1.931668146632836738e+02 6.520286246582279546e+02 -2.927124161841971120e-02 6.314028357869372332e-02
2.574061958938347630e+02 7.294090401660928364e+02 -2.622034715562453905e-02 7.545695504531954589e-02
1.132711035993008409e+03 2.911580166144580630e+02 -2.989148395814968107e-03 9.609358086498168139e-03
1.822648703637565859e+02 5.237539146498982063e+02 -3.956240398236724465e-01 -5.180646944747629989e-02
8.452525103889919365e+02 9.242004524206097358e+02 -4.648233066219641940e-01 1.870986190169123542e-01
2.866874998415697178e+02 4.751778494259937133e+02 -2.270994032551299641e-02 9.627736387148383423e-02
1.048681705418899583e+03 1.649803908541094586e+02 2.071675550124913757e-03 2.436525558291133264e-02
2.961562060882010314e+02 6.193756129276275715e+02 -1.815486390256750016e-02 1.596936053112140222e-02
3.111688094087093077e+02 4.910961890673311814e+02 -2.422104673915964970e-02 -4.827740221035939079e-05
8.626966366628532796e+02 9.256048964811006954e+02 -4.927952838550409553e-01 2.137175576092172624e-01
1.135325751314374884e+03 1.900869568607269855e+02 7.020944532587236608e-02 2.129915227352669957e-02
9.655905855820493571e+02 8.785900273801718185e+02 3.784649110739303768e-01 -2.553571778641170603e-02
2.313060333937470716e+02 6.082354108118219074e+02 2.373521163842341568e-03 -6.303702949691283516e-03
1.127744310387938867e+03 2.877089754677601263e+02 6.375721411955911216e-03 4.211094560621922445e-03
3.194836178200213226e+02 6.310305622057711616e+02 2.008106823783492312e-01 -4.173126464762594856e-01
2.237821852772874820e+02 5.532869107921015939e+02 -9.944020412571360785e-04 4.677313535778759683e-03
3.202353958481061795e+02 6.517587158835011678e+02 1.082599120003734094e-01 -2.078450747953640987e-01
2.509185264190305702e+02 6.491664807166450828e+02 1.716168588676127149e-02 7.778077661340479336e-03
1.104358185122564919e+03 2.992688718152315346e+02 4.637072015803274383e-03 9.768583074205843680e-03
1.169745712254209138e+03 3.389454319718495299e+02 1.284044961078120023e-02 -8.516314313896605412e-03
2.428192704563016946e+02 3.451300342289516152e+02 9.755525686328514121e-03 -7.499739090960837011e-03
1.114263143371169463e+03 3.216346454266066530e+02 3.614555522093643170e-02 7.999414166215501609e-02
2.578212554882478003e+02 6.812760823317471477e+02 1.315800931873618157e-02 1.441319552562203739e-02
9.741285618646663806e+02 8.820483676845443597e+02 4.142044448614171093e-01 -1.050137828536946332e-03
3.131022134098182050e+02 5.342728356062755211e+02 6.177584843171508812e-04 1.153207762439872712e-02
9.629407478327676699e+02 2.070431148014943119e+02 8.027547713848857958e-02 2.891532008991514191e-01
7.665848050265741449e+02 3.881726517702963974e+02 -5.271401096087926508e-01 2.017626177007593169e-01
2.898275461051621278e+02 5.450380157192256547e+02 -4.897266670510172937e-04 -1.515814242995051908e-03
1.116879473963469309e+03 4.443610319845672052e+02 5.970411073730931273e-01 1.159005940461402595e+00
1.121351466301797018e+03 2.543383941876208212e+02 1.572165526520909185e-01 -6.648583066533314892e-03
2.946368780271336618e+02 5.622821231581447137e+02 1.614414046297168786e-03 9.223598189685230583e-03
2.013583987094672239e+02 6.465651623531018686e+02 -1.648667498800179473e-02 2.360773929413511902e-03
2.090027951868502782e+02 6.124213561572769322e+02 2.884045423273407655e-03 2.217140726811791737e-02
1.192096795267872494e+03 1.802716132314377546e+02 1.018370583677655249e-03 1.506497129046204366e-03
2.230324840867061482e+02 6.218917580068056168e+02 -7.876355240071715794e-03 -4.092026945002517446e-04
2.882083060367407938e+02 5.169676671706529305e+02 -3.539697337145645238e-03 -8.465651621980277430e-03
1.087237859973938612e+03 3.326784037959000671e+02 4.670509594730037212e-02 -6.643770912913254945e-02
1.166139108558063981e+03 2.921095864512099070e+02 1.349564547461899466e-01 -1.338634314086984030e-02
2.695048919979417406e+02 6.687193058124308891e+02 -5.514080661697843416e-03 2.695986852918485013e-02
2.592111042160178727e+02 4.092561459062208087e+02 2.304915862146736383e-02 5.479646932732777642e-02
6.734195758984224085e+02 4.962031725185274240e+02 9.198137903231416853e-04 -1.122408156303740003e-03
1.206640628822802455e+03 2.444624816372794385e+02 2.341119792620225109e-03 -8.477065714295335327e-03
1.086335261971078353e+03 3.080255074121974417e+02 4.060920876000492785e-02 5.820935878821645315e-02
4.711876512461107609e+02 4.360487385375330973e+02 1.675616021621876596e-03 -3.280638982194360349e-03
7.281024215402104574e+02 5.258746530146290752e+02 1.159058117747404628e-03 1.627138783252877682e-03
2.162665965794664373e+02 7.610652235876108307e+02 6.990175974983224572e-02 1.351060398573042665e-01
2.763261600595585605e+02 4.770688999392287428e+02 -1.866656990344410863e-02 -6.666196597129354917e-02
1.513650212519812897e+02 4.544433269060447174e+02 -4.211921383147914852e-03 -2.432152721423947849e-03
1.077739206504406866e+03 2.214028906760403288e+02 -7.718359521259297168e-03 -3.191360735083361225e-03
1.196280714471421788e+03 1.852646876422707294e+02 2.008079055319132375e-03 -1.246775478380788768e-02
8.928147538885834820e+02 8.799522067715143976e+02 3.704342779131665764e-01 -1.394260376918854127e-01
3.506160570898655919e+02 4.751932366602292177e+02 -3.012109160290762574e-02 1.291553065571649644e-02
1.102875681563125454e+03 1.691305370664344707e+02 7.860138339696511045e-02 1.018575977993416981e-01
1.127446571212351500e+03 1.992564904454065697e+02 -4.003415484668840923e-02 5.267955952277585813e-02
2.479831754348114998e+02 3.110491905918577231e+02 2.106187631392709633e-02 1.022865499543635162e-02
3.006002305619755930e+02 4.918257508015946087e+02 -1.703627436179971574e-02 -8.760118435176005025e-02
6.929767092234695838e+02 3.888504247303955026e+02 3.386259375451498577e-01 -3.453020525913311767e-01
1.161066639400818076e+03 1.833829258425412547e+02 -1.035558834457945675e-03 -8.316820212330482132e-03
1.180675144861250828e+03 2.885072098595475723e+02 1.446601977124625793e-01 4.790071385749603700e-02
2.653487977905836033e+02 5.598428065681149519e+02 -4.063229262934183963e-05 1.431392074357405557e-02
1.156133113700932199e+03 2.394954133722700931e+02 -1.510334380861089523e-03 3.444830598703904449e-03
1.106657380550399921e+03 2.116990808865381268e+02 6.664488051521204499e-03 -8.578408039979178862e-03
2.724833020759102169e+02 5.022041827342154079e+02 -5.004288191328146868e-02 -8.002029904513853487e-03
1.127458037080044960e+03 2.193116219277264349e+02 -2.001819366390657565e-02 2.059739099033968540e-02
5.218660487651144422e+02 4.915005622547401458e+02 1.112347889287857716e-01 -1.041037591569836801e-01
2.357988232228797756e+02 6.015478373709197513e+02 5.306788065376852152e-03 1.524201799130572334e-02
1.167966436322250047e+03 2.592299754862860937e+02 -2.154972041751867726e-02 4.294201864101691857e-02
8.700823304878554154e+02 8.852598670171844333e+02 3.574684110182427821e-01 -2.861648594076295904e-01
1.126214510528948722e+03 2.428953627474964492e+02 3.930855517770432545e-02 -4.707897931771275538e-03
2.500325504057205990e+02 7.317969867567277333e+02 9.452213778078234763e-03 1.145348960133792393e-01
2.709385776065071241e+02 4.263425753954651327e+02 4.009740136247935682e-02 7.021886122600680402e-02
1.042287008443568538e+03 2.725385161579297915e+02 1.308648598732100113e-02 -9.195870545865864748e-03
1.066479704915773027e+03 2.580682023101917935e+02 4.885662534869393558e-02 -7.675174690418072696e-05
1.173184798003368996e+03 1.765890752593535353e+02 5.887004035365421030e-03 -3.611604616219829533e-03
2.837155215004996194e+02 5.016720086993560130e+02 -3.505982126379498381e-02 2.778895965949369426e-02
2.676134557992226064e+02 6.057457648157771928e+02 -1.736153134787751752e-03 1.359931892481951524e-02
2.744937209243651637e+02 4.440903642778476410e+02 5.758074651026114099e-02 8.821513294115916615e-02
2.789108868570002073e+02 4.932412480548971416e+02 -3.810196165995020923e-02 1.729699990374078122e-01
1.318155670613713937e+03 3.331698100248231640e+02 2.581811445238509917e-01 -2.215312254150776910e-03
1.077203182661873825e+03 2.935747406271495947e+02 4.678513144166896592e-02 7.236270519620750796e-02
2.081781615467065194e+02 4.898494359162597789e+02 -9.187231674665178455e-04 9.786202128316515321e-04
9.485802153656961764e+02 8.906661411943218809e+02 3.869351452444879103e-01 -1.487475459975377140e-02
1.142453882052946483e+03 3.208202155592688882e+02 -5.615587793828477788e-03 1.449969477939793208e-02
1.132988329805046988e+03 3.135416076414515487e+02 2.154662905793587255e-02 4.865779707883220034e-02
2.511462923003722381e+02 4.073629443892704671e+02 -5.567874428946158888e-02 -2.510667344141666035e-01
1.042953785082042486e+03 2.400789678044405093e+02 1.748076358932110497e-01 1.270470730846620377e-01
3.633542047929130376e+02 1.081286645662598858e+03 -2.862967635062792573e-02 -1.556739490620405175e-01
2.074538896438265283e+02 5.670203763753568182e+02 7.647263107006743721e-02 -2.775674838904674813e-01
1.066608500758247146e+03 1.771815108560462875e+02 -8.799281549029432103e-04 -7.164994511146680588e-03
2.047664090146403453e+02 6.278861959586809007e+02 -3.412875251606131005e-02 2.335952586469766667e-02
2.909633300220404521e+02 5.046950659447709882e+02 -4.586581744319916110e-02 9.718089991390052584e-03
1.203205548327732004e+03 2.027548458394072100e+02 -6.997255009557445081e-03 4.187630172977925731e-03
3.372052632267256627e+02 4.858025528254563028e+02 -1.303420057451371537e-02 -5.967529470308813658e-03
1.111130714257696127e+03 3.353399392577630920e+02 2.577629504731919485e-02 5.291384414357930971e-02
3.138340293636273373e+02 5.656344967327427185e+02 -1.012865525597259064e-02 -1.081249765189851858e-02
6.855217923678230818e+02 4.077999217573023998e+02 -3.871127896866592977e-01 6.776586392952549387e-02
2.352418042183720956e+02 7.054651922664796757e+02 -1.497211656978867820e-03 2.724589387751188930e-04
2.478461410976258890e+02 6.019522649611207044e+02 -2.368580620513809510e-03 3.552934823451638774e-02
1.038460060541822259e+03 2.834826766486033307e+02 -8.061213343105666724e-04 2.400521021766931218e-03
1.107972320529289391e+03 2.892584678824571824e+02 -8.824568957904132399e-03 9.008829702025371311e-02
1.177737312728893130e+03 2.305093861360060998e+02 -2.079006151184375692e-02 1.766072007528759341e-02
1.128826264792318398e+03 3.445303894724362408e+02 2.515271109449047221e-02 9.724513783975180514e-02
1.144642417615587647e+03 1.889028927047888260e+02 7.841074114740778644e-02 3.545125443017493449e-03
2.893771390995593720e+02 5.869511684600627177e+02 -2.480263806960983364e-02 1.154775075193324729e-02
2.297184764432738859e+02 7.128758734825373722e+02 -1.039174596286217105e-02 2.495375782777977877e-02
5.720597291492742897e+02 4.311657294819282242e+02 -1.322819083203658763e-01 3.341661301824883339e-03
2.713156150212910234e+02 6.497405237848049637e+02 -7.508031180603071640e-03 1.869192411012059879e-02
2.641104450030706516e+02 3.984339358648920779e+02 5.485943490756685359e-03 2.813664921094785609e-02
2.231552604631222323e+02 7.552315873092259153e+02 8.422223010290204315e-02 1.479477611674403503e-01
1.936529804777606785e+02 6.849617150605042752e+02 9.411314889179589818e-03 -5.771901577502669238e-03
4.659782002691177354e+02 4.560771031518865470e+02 -4.132196589683973073e-04 -7.890329490140126148e-03
1.185881222992453559e+03 2.855908718428291877e+02 8.746548099822737399e-02 -9.610595168364717555e-02
3.292884713306908679e+02 5.210087079623631325e+02 -1.103794963854045491e-01 9.306120256015034883e-03
3.080946240384171801e+02 5.380263706733007893e+02 -1.142835799924742362e-03 3.670791780013862166e-03
1.113706887349233511e+03 1.860214933598822427e+02 -4.136261626212721886e-03 4.812395717865659145e-02
2.016715702640053962e+02 7.242456724616015435e+02 2.098351661401390636e-02 3.495661755667891363e-02
1.259801719946068260e+03 1.958352647993929736e+02 -1.258413755364683889e-03 -1.308891975252388790e-03
2.735917708593604516e+02 5.530358181907558901e+02 4.581389762008013927e-03 -5.166898167460365517e-03
3.027178638048189327e+02 5.405316467249068637e+02 -1.371687662514328677e-03 1.612584169038200343e-03
1.173564320650233640e+03 1.875315640187414488e+02 3.432943322609795147e-03 3.048625034561400736e-03
2.621003178917270588e+02 4.174171646953255390e+02 3.859660984988414617e-02 5.976747342326418910e-02
1.046500348305207353e+03 1.731819784454126534e+02 -1.138110389552542123e-02 1.691047486002588904e-02
1.157935040255077638e+03 2.209584340213158100e+02 2.241479020567297212e-03 -5.997501803918929390e-03
8.457369867185719841e+02 8.896588169118300584e+02 4.141642783077783552e-01 -1.364034210177200446e-01
1.178135635309266036e+03 2.434698319626519947e+02 1.610283040846108727e-03 9.270065165179799602e-03
2.424688940346773336e+02 6.158155017373856026e+02 4.161691460857434161e-03 5.644064300379048743e-02
1.180210227896712468e+03 3.817245401130940650e+02 -2.126904306205778042e-02 1.879603357785171180e-01
3.362375061842716946e+02 5.282571986941624118e+02 -5.356974853564922673e-02 4.813327751125513060e-02
8.140756316562782331e+02 3.866013887707884464e+02 3.013189452034170657e-01 -2.240907361448380986e-01
2.682349767360091164e+02 4.002094377112768484e+02 -1.700388540419705413e-02 7.280017164383155437e-02
1.032988004561208072e+03 2.928907703493343320e+02 -2.370243090822306449e-03 3.615211409712369706e-02
1.077104708401175458e+03 1.791904168463753990e+02 4.087756307002888721e-04 -6.970768976865620529e-04
9.074268750454467636e+02 8.946710720598771331e+02 3.726126191271195154e-01 -1.415425111345412768e-01
2.219761190152084680e+02 6.377604229956397148e+02 5.101228565187979937e-03 1.626138531835835330e-02
1.107053465972598815e+03 1.963978347044092061e+02 4.684833534409984374e-02 -8.091482394582436011e-02
9.686799104707232573e+02 8.254146881520620127e+02 9.949854098960088378e-02 -6.619204685774988939e-02
1.160835067218226186e+03 2.460703547998469389e+02 3.134594546184930192e-02 -3.342415193388251909e-02
1.013801013154453699e+03 2.557687789015095348e+02 -9.351617443023837670e-03 1.330340163463569064e-02
2.104702998327983607e+02 6.249951949003267373e+02 4.903800263178936802e-03 8.324645567926615419e-02
3.035736712222802680e+02 4.899170450944215531e+02 -3.577545782167247668e-02 -7.458881088541715297e-03
1.204565859641920042e+03 3.877736255018627958e+02 -2.034456225650533023e-01 1.803129599758441504e-01
7.063914562327256590e+02 5.827796847130698552e+02 -5.774207305074752954e-04 1.044642218169041539e-04
1.038242158978664520e+03 2.237893382588990505e+02 1.935248772264895056e-01 2.290461916537271658e-01
2.842609822867445928e+02 5.666669490685330857e+02 1.790401730082265101e-03 1.374451799292593542e-03
2.485635404219318900e+02 6.873400326101443625e+02 -5.273327222564074337e-03 1.281306854976305316e-02
2.188012287640734428e+02 5.367993248441254082e+02 -2.995012612928476536e-01 8.601702664887259098e-03
2.442378082425934736e+02 3.328712369318378137e+02 -6.773868613928661978e-03 -1.503193556150919045e-03
1.059505799018905009e+03 2.974688213880389753e+02 -1.295421280057852675e-02 1.850202888859376893e-01
2.581238510325663924e+02 4.469127638334134645e+02 -1.556245315314434656e-02 -8.928845424566583810e-02
3.138881742347589920e+02 4.690959626501284561e+02 -1.815935610211555709e-02 -2.390127648000415356e-02
2.613330466327776094e+02 7.174135139278821498e+02 -3.124664644095707586e-02 7.530475013693871400e-02
8.919974453226990363e+02 8.966648835439323193e+02 3.677569774974263073e-01 -1.484442837010629124e-01
2.440975237001172218e+02 6.504144261585463482e+02 -6.284927218425393272e-03 9.008296782856560665e-04
1.062831332225863008e+02 3.622703924446072961e+02 -1.877120633241533562e-04 2.056281882831550133e-03
1.086287489260288794e+03 1.808948580692439521e+02 2.794032885752599157e-02 -9.346397855028250323e-02
2.770498045414385047e+02 4.860511702836824384e+02 -7.076325881805677065e-02 -4.012367448934404945e-02
2.681751684563027425e+02 4.141871386494369176e+02 2.497754165660290293e-02 7.296488773919303228e-02
1.062956808354533450e+03 2.318563599292069455e+02 -1.527235673694067944e-02 2.935950192403227743e-02
2.373550384293981494e+02 7.812341164104585687e+02 1.069886466013732357e-01 2.435234588593812588e-01
2.860338871288721521e+02 5.991028102544458989e+02 4.886193809822728454e-03 1.708410374541053517e-02
2.349558051825114262e+02 6.349150983102151713e+02 7.294384650415035309e-03 4.813407300729306815e-04
1.186939093721816334e+03 2.485276766041610870e+02 2.960658719091565499e-02 1.085695263267612634e-02
1.252002991889624354e+03 3.411212141437714536e+02 2.421022083678805448e-01 1.292998344254613630e-01
2.256269479394837560e+02 5.696641176995844944e+02 5.785778993896428801e-03 8.642102935633231078e-03
1.188657296751172453e+03 1.883806706033158491e+02 2.966827114931058166e-03 -7.117645834827584367e-03
2.104642238628970574e+02 6.608056855369111418e+02 1.685748307578771197e-03 3.720846789641461122e-02
1.096986979976727298e+03 2.628362057588188350e+02 6.574767651247410971e-02 5.026367130278967810e-02
8.202494880783627877e+02 3.811579324569750042e+02 3.353848942591324267e-01 -1.779037101465930082e-01
1.213336607629440778e+03 2.709941340172813966e+02 -1.430569573628444899e-03 -1.621991038343304135e-06
2.221853633073431808e+02 6.572009421485430494e+02 2.417607192947091466e-03 -5.566474622139481500e-03
2.860961378785236775e+02 5.005904576798344578e+02 -7.294965945131687279e-02 -1.256981168461345777e-01
1.104180015431065385e+03 1.823840974645642916e+02 4.601306717155230486e-02 7.180050835681767163e-03
2.983637280921771548e+02 5.181518448003160984e+02 -2.669331279707369553e-02 2.709454556880173948e-02
2.642078711344134376e+02 3.380382362096492557e+02 4.615195411586251080e-03 1.158536689453091781e-02
2.508326160621194845e+02 7.196783673375869057e+02 -3.976419365710232197e-03 5.791686060322916163e-02
2.814372442894706410e+02 5.680323038501975361e+02 -1.206188717136714994e-03 1.913417814069019816e-03
2.899882273054686266e+02 4.976407198332167354e+02 -3.725664810733093218e-02 6.232454592203386795e-02
1.071832226715333718e+03 1.697058873231034966e+02 -1.273483146191084839e-02 2.277470091721478865e-02
2.585479124585613135e+02 5.121397672073603644e+02 8.265032864097596188e-02 -9.922578747568089330e-02
1.808849875355311099e+02 5.558754947033477265e+02 -1.351820359017914253e-01 4.478203900817667726e-02
2.697510032005762923e+02 4.092279130676073464e+02 -6.471998553506930034e-03 6.091048380193905126e-02
8.215431456600364299e+02 3.427957502358962643e+02 -2.206441691330360624e-02 6.787077735212183882e-02
1.114455613945189498e+03 2.114442587862818073e+02 -1.400492304078217697e-02 1.922413590006261386e-01
2.746497834981886399e+02 6.933605324489411714e+02 4.223914743154565284e-03 2.756291079478416853e-02
1.172169940683014829e+03 2.944411909441828357e+02 -4.851249804380023539e-02 -1.520878600714614393e-01
2.611239039004992719e+02 5.224145316071227398e+02 -1.654429530755123778e-01 1.113780588772907421e-01
7.068584903740661503e+02 4.112825791613954038e+02 -3.651455970236714976e-01 1.259310944349361361e-01
2.332390329838983121e+02 7.254283136979739766e+02 3.626733278323264649e-03 4.189217736811679665e-02
5.098270280626624640e+02 4.834980367221616007e+02 -1.004822562435947475e-04 6.950910024349720405e-03
1.064081562506058845e+03 2.507071501186690909e+02 1.231685429608079529e-01 7.782093067448182799e-02
1.140025347772510031e+03 3.248268641128302079e+02 4.495605119761718338e-02 2.362301006288567221e-02
1.622825222662796421e+02 5.122595023469388025e+02 -1.565960530739783085e-01 -1.822282794031637732e-01
1.128711729040339151e+03 2.764866712700803077e+02 -1.739793268748459493e-02 2.573523462408637552e-02
2.514630151397058739e+02 3.917287240339086907e+02 7.436053806971173671e-03 1.920065410772757282e-05
2.292101411533663224e+02 3.360667860583521360e+02 -9.519144478267685394e-02 -3.571335972524735669e-01
2.848400102221004886e+02 4.902343977657430969e+02 -5.408914796172292760e-02 6.824170435527827927e-02
2.836350527525218013e+02 4.932728643403568185e+02 -8.084583298489066150e-02 -7.438813075185859991e-02
1.189311727769770187e+03 1.730333065760998466e+02 -3.074625695800554427e-03 1.213181234418536257e-03
1.081262410570475822e+03 1.760585506204775186e+02 2.083316686717483560e-02 5.993224309948836509e-02
1.255987769501475896e+03 3.824440987913332037e+02 -1.220382635804454219e-01 1.916443303391616448e-01
1.191569511127939904e+03 3.740673257427714589e+02 -9.677350217165583621e-03 1.604271504741075216e-01
2.597623815674393768e+02 5.434770737407426395e+02 -1.161947640871105331e-01 1.418024764951375249e-01
1.177562248938950916e+03 3.585794509418885241e+02 6.770075349054828495e-02 7.149382034054782564e-02
1.905343980511795507e+02 5.534650669179245597e+02 -2.557820701011545572e-01 4.789822810209223153e-02
1.055735259126367737e+03 2.207557096154511385e+02 -6.002927330884163387e-02 8.994527262307155588e-03
2.742607193475571421e+02 4.915035693193424891e+02 1.915958105558562830e-02 -5.656123101905427553e-02
2.745088558898902988e+02 5.396716737099860666e+02 -8.999718669582984498e-02 5.399984250534588942e-02
3.674342812130194602e+02 5.281701263018574082e+02 -3.453980266981894476e-02 -1.977821452536849406e-02
1.008268841352030904e+03 9.275430011989816421e+02 -4.174882973111019918e-04 3.802709588448538198e-04
1.184507830613231363e+03 3.206218091466020041e+02 -7.876812931800657169e-02 8.183667365984538533e-02
1.185882399123084497e+03 2.308577019080710500e+02 3.089879914512601994e-02 -1.906250455947834351e-03
1.144597857917752890e+03 2.801043219774637123e+02 3.228549045600782874e-02 7.648561774886945830e-02
2.477838259122939064e+02 4.986085231541019311e+02 3.617316010895046952e-02 -6.121516330895562102e-02
3.113720412316301918e+02 5.252653422422849872e+02 -1.502180349351759925e-01 3.070080110080765368e-02
1.142335061569522395e+03 3.558412638909514953e+02 1.022312853038639946e-02 1.336315972477350178e-01
1.069040644025893698e+03 3.394255188237472680e+02 4.812933064097858760e-02 3.298356414759601729e-01
1.193764890356713522e+03 2.216096086622618202e+02 -5.024799215660924467e-02 1.966226174414543310e-02
2.690968529030285481e+02 4.509233970052903260e+02 -4.228888932604631806e-02 -6.916596046533926567e-02
1.146651016280632803e+03 2.404336722388651424e+02 -1.405198649067777633e-04 -4.098870614996311806e-03
1.188389348691549912e+03 2.133453045883535424e+02 8.876877060750906073e-03 -4.648632955670080336e-02
1.149918408985168526e+03 3.274421993419881574e+02 2.531702474158181032e-02 4.123069409845165484e-02
1.046395904074389591e+03 1.791787435287180585e+02 6.247512663812453126e-03 -6.377956266572262257e-03
2.919098238342157288e+02 5.268700844368785283e+02 -5.202365254938691452e-02 -1.686626654037638035e-02
2.292758397024931298e+02 2.963737274739761460e+02 6.783399596385926607e-03 -1.412600114699018479e-03
4.755844086007570581e+02 4.457974083497478546e+02 1.972895038378926890e-03 -4.167695400270747552e-04
8.247890319265619610e+02 1.102158920246966090e+03 -4.484450273065082983e-04 -1.094189924519878808e-03
3.237537274168612953e+02 5.353133715523375713e+02 -1.991516833278737103e-02 7.992437830976672694e-03
3.238849863834909115e+02 5.485316310468598431e+02 -5.818476149078950083e-02 2.002756827511064514e-02
1.057034677316835541e+03 2.936379130671293183e+02 8.107524936611856803e-02 2.252354170526632005e-01
3.349941500476847978e+02 5.334990566364919005e+02 -7.556561327516528315e-02 4.337987948614983880e-02
1.131654503333796583e+03 3.034365051824663624e+02 2.530909165451847298e-02 1.140819774611760126e-04
1.147241782408066229e+03 3.555212518225077929e+02 -4.942014696354979537e-03 3.414901895746312588e-02
2.490403025855853514e+02 5.481638767292514558e+02 -6.530067574484721415e-02 1.661204795531013023e-01
7.596176390171625314e+01 3.152347944090672058e+02 -3.572792064556190670e-03 8.416738076164165250e-03
1.069187253460704369e+03 2.944060966902461587e+02 2.079695816425807670e-02 5.804193406019764884e-02
1.254661445776441951e+03 3.001548784287756462e+02 4.862767178527443307e-02 -1.746983715991300493e-02
2.616569779614331992e+02 3.858586362530379006e+02 -4.525878730149624461e-03 2.284373487739320766e-02
2.833531174521826301e+02 4.733489528717269650e+02 1.971533029306515861e-02 5.206724311058719135e-02
2.709257522841625700e+02 5.192596057354994628e+02 -1.207182001576785901e-01 1.180793186048349902e-01
3.228024452411871152e+02 5.038643380907791425e+02 -5.560254143017685780e-02 4.502161378007490250e-02
3.173009796236125908e+02 5.070967372749220203e+02 -2.772889290995205619e-02 4.120810506418761884e-03
8.188956753932995980e+02 3.340548984795708520e+02 3.419054271151902077e-04 -4.395945770241523748e-02
1.128578872607033190e+03 2.611885875677459694e+02 3.329601309310914730e-03 -6.477897622373532394e-02
1.234837961170765766e+03 3.212133602440828213e+02 1.936719816089096935e-02 7.266523756741849471e-02
1.210550446398824079e+03 3.883583886184977132e+02 -2.802574354933798917e-01 3.670534654787689366e-01
2.749150604702560940e+02 4.277741654282257286e+02 1.829216799739814348e-03 7.179082030609489073e-02
2.526014510134485818e+02 4.248425381527628133e+02 -2.304005113559146403e-02 -1.285526017745206029e-01
1.392810569557674398e+02 3.983094575422661023e+02 2.032891539460136929e-03 6.285770127500753431e-03
2.953505558457733287e+02 4.694108527986229547e+02 1.697702366456075793e-02 9.826517091473400967e-02
1.022814976618329524e+03 2.134314957424120678e+02 1.748531276892902053e-01 3.149694864404812833e-01
1.240653563492454850e+03 3.033331523421983320e+02 -2.824024687772342182e-02 3.664620849441056760e-02
1.139394364562344890e+03 3.508122073257786155e+02 3.460476858284811108e-02 1.006909548436739216e-01
2.478695197034998046e+02 5.702125452294196748e+02 -7.182200665109302051e-02 -1.526046742719744942e-01
3.298955418646099247e+02 5.045888253637319849e+02 -4.340350336273070958e-02 -1.640031252953680352e-02
5.144196486222945168e+02 4.632216783782755556e+02 -3.302795437605817765e-03 9.938967971139741481e-03
1.093015780853535034e+03 1.682650115044041286e+02 3.933834152203281864e-02 -1.621987684771453858e-02
1.223635713534409888e+03 3.171914590993253000e+02 4.653778531664246043e-02 1.323998269034265540e-01
2.636749451482035624e+02 5.132021982487146943e+02 9.519556712742943683e-02 -1.171031115118160715e-01
1.125496855247815347e+03 2.101970614937622202e+02 -9.528691495348079465e-02 -6.610931025409706729e-02
2.651790573702591018e+02 4.863135756369184151e+02 1.717180935641899470e-02 -7.050416184612535997e-02
2.567446556131837951e+02 5.803947602927670459e+02 -2.331202911367899824e-02 1.259210381986594976e-02
2.447840728105609855e+02 3.627461131050403083e+02 2.034445272985835069e-03 3.537638924501156686e-03
2.892946196302511339e+02 4.400927809861562423e+02 8.445533284482326444e-03 7.728406279967982295e-02
2.615428034458979596e+02 6.563376227206190379e+02 -5.618883209385019603e-03 -6.070037748727237677e-03
2.425872848217431681e+02 3.904142672025100183e+02 -8.081186736870173137e-02 -2.782818013515291344e-01
3.301092498268898225e+02 5.138257288623449313e+02 -7.460252797515597167e-02 2.603356405662601153e-02
1.061603260461255559e+03 1.686581046749507209e+02 1.316619787047613316e-02 -1.628470887958468130e-02
1.176524302555467102e+03 3.739244435867922220e+02 -8.953350963441936150e-03 1.304509976937238969e-01
2.530701904784622513e+02 4.999215828474079331e+02 2.703949909088652556e-02 -4.378768282960364411e-02
2.725308886701055826e+02 5.112498484093678712e+02 -1.185432389089505073e-01 7.999452066910195391e-02
2.661248444839292233e+02 5.047756754665434755e+02 1.890729741729942417e-02 -1.049463360985051219e-01
1.176998283024928242e+03 2.162400911923972444e+02 -4.059982109523987970e-02 5.065879336910601022e-02
1.261122660967166667e+03 2.646618265840370441e+02 4.036078430356223462e-02 -6.487712875627611731e-02
2.242304948512761769e+02 7.390630699109533452e+02 3.259249984354525842e-02 8.633178591160253768e-02
2.798523297220302766e+02 5.087639076065113954e+02 -3.841757045322222869e-02 1.482921034793140136e-01
2.687517330783124407e+02 5.299342571445140493e+02 -1.530909850246425785e-01 1.278084398889006434e-01
2.976265531264795072e+02 5.007512501793555089e+02 1.314183979016238235e-02 4.010021282272979715e-02
3.066332451026125909e+02 5.336706085374097484e+02 1.131971123429998923e-03 -3.475684048464587530e-03
1.211218675084439155e+03 2.989483540481368209e+02 1.673305510162568788e-01 7.363996418718100900e-02
2.271695418654565231e+02 7.052301303609550587e+02 -2.214389403459200711e-02 2.781881098612960096e-02
1.139552122915451264e+03 4.040382305994976377e+02 1.139194211789412575e-01 2.908057487556802712e-01
2.544473605629875692e+02 3.967214537450118428e+02 1.116330583513647744e-02 1.748056676083116490e-02
1.794416100540551611e+02 5.453070929206415940e+02 2.926959977029909843e-01 2.477988439511445151e-01
1.018185842437693168e+03 2.001207546716870525e+02 1.967041449398101993e-01 2.797227864814360587e-01
2.006209768306879369e+02 5.915371797149782651e+02 1.672600699453068440e-01 -7.109289405813644380e-02
1.112624269805355198e+03 1.517664463511878807e+02 -2.482415496469101476e-03 8.102525357716643811e-03
1.244575829002107668e+02 4.483670201116073599e+02 1.967936352947521061e-01 3.249080918716665822e-01
1.022051382255544354e+03 1.992092436794894752e+02 1.911250186799181849e-01 2.912481992363684657e-01
1.144921866961200067e+03 1.509814379260483577e+02 -6.271650431595970909e-03 -1.454977830498405166e-03
8.140205388968531679e+02 3.978379658946909672e+02 3.798163368297663434e-02 6.562403398846743466e-03
2.350660811213857073e+02 3.107713216761455328e+02 -4.070405850233618783e-03 8.362691771016090387e-04
1.709065563341517020e+02 5.216335769194649856e+02 -3.183608955618547065e-01 -1.324604375498328046e-01
1.028654851992670501e+03 2.810536631734789808e+02 -4.710166559653537061e-02 1.179578305367352115e-01
3.090014839731996403e+02 6.215276274958583826e+02 -2.960119927268864762e-03 -9.576461204795862214e-03
1.095716463639109861e+03 1.532247481260502013e+02 1.840734270976671361e-01 -4.602178106690734544e-02
1.083791257584108735e+03 1.636701220043344165e+02 1.366061341727372314e-01 6.418633735058835998e-02
1.186963111927419732e+03 3.000948694937310961e+02 -4.656863301611247757e-02 1.189456455382936484e-01
1.033363352475082365e+03 2.064181179793263254e+02 3.494024325346340668e-03 4.199890605250571340e-01
1.194401595933463796e+03 3.038299727823850844e+02 6.100223640007720882e-02 8.397092976181318169e-02
1.056726221961805095e+03 2.674886647345645088e+02 4.465890444157819168e-03 -1.629476450114054203e-02
5.175213607441893373e+02 4.725937798123541143e+02 -7.849711029672953866e-03 -1.658027263651619398e-02
1.204230119644286788e+03 2.067506440184052394e+02 -2.566815424364057852e-03 5.579211890344786332e-03
8.914194104700533217e+02 9.321707262621082464e+02 -1.933104592809502384e-03 5.565466759212495205e-04
2.867863566316070205e+02 4.835804938988904951e+02 -4.116009778845474559e-02 4.949128197564606202e-02
1.218161720443112472e+03 2.344003429321836052e+02 7.675222951889952919e-03 3.498838553545455948e-02
2.467508098604882321e+02 4.091662526282547105e+02 -6.202888289900579388e-02 -2.273552575410383025e-01
3.064462035600318472e+02 4.919830383213695768e+02 -5.104011549213109677e-02 -7.828877999845296198e-02
1.091618251693322918e+03 2.840876050797901939e+02 -4.693619020057181179e-03 -5.202987917999003266e-03
2.178984274654259536e+02 5.723270828253373566e+02 -1.925201176026729022e-01 2.750600553750331412e-01
7.905823710649412988e+02 9.159091084185257614e+02 4.163764743450654171e-01 -1.571763783521788194e-01
1.067001577969967229e+03 2.403480823070272550e+02 -3.556250178224236169e-01 -7.359538857288905334e-02
2.703455415431975553e+02 5.718634585088461790e+02 -2.317461647528984686e-03 -2.636912521389190005e-03
1.144659894869596883e+03 2.568382776030277910e+02 -7.538383396039724516e-03 -2.950638371558371095e-03
2.524277419685016639e+02 3.835134110370547091e+02 -7.199736830364089103e-03 1.234265671030130955e-02
2.593213447053224172e+02 5.661837185561881824e+02 -2.140973279689759642e-03 -4.659747362044828686e-03
2.623158723365994547e+02 3.325809121268903823e+02 1.482842342700155941e-02 4.749942438544090678e-02
2.951863397130848057e+02 5.023002492854711249e+02 -3.538773348560371457e-02 -1.985446068258647518e-03
1.088533286956053416e+03 1.580708192519706756e+02 1.442201915805602919e-01 5.180433411723443099e-02
1.133735259517221948e+03 4.170143253021120699e+02 1.360974704654097922e-01 3.259077476895284042e-01
2.563848875192462060e+02 4.079710805742290063e+02 1.649845202097516977e-02 3.074486176298912854e-02
1.043734307912347958e+03 2.125721626386547314e+02 1.981732676942763449e-01 1.908437004286069327e-01
1.162964476030841524e+03 2.160588662284040424e+02 2.675446141670318433e-03 7.516257792790631683e-04
1.171491470988929677e+03 2.120137855394013684e+02 -4.644450149318781786e-03 5.936877887434251211e-03
1.211500082860932253e+03 3.362128792993780166e+02 1.315538575689101375e-01 2.362841171969369547e-01
1.168898896148970607e+03 2.235719329601926120e+02 1.584338279438481795e-02 8.366324446271708459e-03
1.177517863645864736e+03 2.669803207069395512e+02 -4.110655393529402124e-01 -2.818081075732323248e-01
2.623922575646496398e+02 6.378838876756208265e+02 1.758211280187222357e-03 1.665727687750312783e-02
1.096137609591516821e+03 1.672701016470643367e+02 3.793159353489621022e-02 4.756801665879104718e-02
1.126042018732987799e+03 2.278249163000658939e+02 3.031054429515725110e-02 2.822511767480762046e-02
1.179722807077582956e+03 2.080641028728330184e+02 -1.777793089767675666e-03 -1.760388538121605102e-04
1.202650234279085225e+03 3.788350985656976491e+02 7.080082255702249867e-03 1.521413844659626480e-01
1.106175235121667583e+03 3.881589220425352664e+02 5.281369176321314834e-02 8.679997987436195717e-02
2.361913431393192866e+02 2.956028392652300454e+02 3.174792645142895248e-02 6.392800881573634797e-02
1.918523522776306436e+02 5.210759315741623823e+02 -4.277325527553079709e-01 -4.626003559909127455e-02
1.030822171789642653e+03 1.787329284911360219e+02 3.245758417518610633e-02 1.250345355869223775e-02
1.285718174707916432e+03 3.355410557336571742e+02 -1.589223280560266363e-02 -6.313311685080218172e-02
2.446710455187800903e+02 8.063365094930431951e+02 2.440363940726489600e-01 4.116619800475191937e-01
3.278061281896232231e+02 4.988062697144455342e+02 -4.152631375634210226e-02 1.617250718767381749e-03
2.720863388039152255e+02 4.638056266790223958e+02 1.719930102040883929e-03 -7.604060445107758970e-02
1.115688311787111843e+03 3.710124696414153505e+02 8.298097981734279746e-03 6.627951283786920333e-02
1.200013365761390560e+03 3.419245936101352754e+02 -1.819892357662706017e-01 -2.706144489781643625e-02
1.102565658922868806e+03 2.316627525196309705e+02 2.782252393783184868e-02 -4.231223118375548181e-02
1.121955329219219720e+03 3.692213602100341632e+02 9.028827716890645838e-02 1.734280444551687672e-01
1.120067465025565980e+03 1.857627981734253524e+02 -4.263915782270783633e-02 3.031896909934528317e-01
1.093021330344913849e+03 2.767049721397081044e+02 -7.994301303219136096e-03 -1.055977415267003120e-03
1.086060734800607179e+03 3.397404236653641192e+02 3.517395941090639428e-03 -6.731318535770796675e-03
3.177753603137454093e+02 5.301267209188621337e+02 -2.478331409023753346e-02 -5.130626345502364676e-03
1.134350123147374688e+03 2.439448972033535483e+02 1.475051071356362972e-02 -2.227191623564038492e-02
1.019381943478622134e+03 2.271893869296724233e+02 1.449662318912701420e-01 2.981912430285771354e-01
2.331325184213138186e+02 5.513196185582856970e+02 -3.906921972931259694e-03 2.682850561102575072e-03
1.001552604893084322e+03 8.651003586984697904e+02 1.653272329402585283e-01 -5.513364168368618812e-02
1.183222788281002067e+03 2.012125859749832273e+02 -2.386770161081130937e-03 1.128565592529996893e-02
3.145506504740710625e+02 5.749386109287200952e+02 -2.001328755885841467e-03 3.552921154833722350e-03
2.817352976488568856e+02 4.850433056285255020e+02 -2.308080985045398228e-02 9.949856523898294169e-02
1.121528442394706644e+03 3.441323865159976663e+02 4.030895863067039675e-02 1.047096887192750236e-01
1.178762344133906709e+03 3.588915397196516892e+02 -2.363455274764956204e-01 2.029807854973798009e-01
1.091196077725003533e+03 2.634540546154863137e+02 9.263985607877912865e-02 -2.578362921861675813e-03
1.320474782766037151e+03 3.207986619830832637e+02 -1.434948217452823027e-01 2.547259483408239114e-02
8.592916883969890023e+02 1.102239888190641750e+03 -3.608587881419735932e-04 -9.796324069356624961e-04
2.374698626476943559e+02 5.030727582927449930e+02 4.438539556015910076e-02 -1.186718480975298279e-02
3.325694729181574871e+02 5.203521210350439787e+02 -6.289086004402069663e-02 1.899506351989578914e-02
1.191032083867221218e+03 2.291888609155241454e+02 -4.968499387587144156e-03 -1.357019184265629598e-02
1.166844835857197040e+03 2.965381955098565641e+02 1.336408369211256573e-02 3.357575884296095520e-02
1.168557312430807087e+03 3.235673386817274491e+02 -3.302697711916310203e-02 8.818408360784563138e-02
1.195662284870353005e+03 3.908550609213785947e+02 -1.472452198896338944e-02 2.819766504894855585e-01
9.852407353155174405e+02 2.047312861290917851e+02 -6.802668737206403471e-02 8.176525678493717919e-02
8.420116620037769053e+02 9.323265309674563923e+02 -4.993692222508883671e-01 1.494849891550828203e-01
4.930849672520780018e+02 4.738090520650663962e+02 7.456936093942054603e-03 4.718022710993981933e-02
1.031531861504136486e+03 2.811494958868544813e+02 -5.345452858830556514e-02 3.545086055747197901e-02
1.160364571142847808e+03 1.686996818311163793e+02 -1.248632967042192544e-02 -4.012654757718164822e-02
2.411070103632075927e+02 3.740644535096938625e+02 -3.790889883361097529e-02 -2.742614499729578159e-01
1.176254148836470904e+03 3.045463798628448444e+02 1.201803902382787143e-01 -5.474527530021670169e-02
1.215765780803471216e+03 3.784636481117668723e+02 -1.413318378793722990e-02 3.505570043509539935e-02
2.964144327381848143e+02 5.238893574780889821e+02 -6.206914819930109926e-03 2.954591964814578045e-02
3.008484927892188239e+02 5.166733801396492254e+02 -1.482208909621173572e-03 2.123931717950502604e-02
7.791659081376202494e+02 3.677621193166655189e+02 3.558491734335484380e-01 -2.044589357275716224e-01
1.151348103951232815e+03 2.661150221962670912e+02 -3.405485757193522089e-01 -9.161145410570421810e-02
3.244818934277878384e+02 5.618647985151250168e+02 1.683716208200773277e-03 2.020700513218798636e-02
1.098038650425731930e+03 1.511524354799769867e+02 1.312319036061568578e-01 1.753783550342220441e-03
1.093065137028301478e+03 2.149524869978812944e+02 -9.007937270040951294e-02 3.995460238817021004e-02
2.834751911279392402e+02 6.700687405754687234e+02 9.666213768743108989e-03 -2.772067608920088938e-02
7.792493367082487339e+02 3.843784024551987386e+02 -4.112960625499429423e-01 2.336779689215669475e-01
1.188350234894628784e+03 3.742075009401920624e+02 -1.450745053105511884e-01 2.458758893351545016e-01
2.930956187518438014e+02 6.291180102954182303e+02 1.337859827108268777e-02 2.527448231317445601e-02
1.962803501372289645e+02 6.404985555529825660e+02 -4.084453324065546141e-03 1.897649025539433626e-02
4.776596242622767363e+02 4.853000975387814151e+02 2.055880726065334972e-03 7.217749152190067706e-03
1.298498301433696497e+03 3.666177147318698530e+02 6.038547133831458731e-04 -1.911056186135680606e-03
2.273891274095412598e+02 2.918027999384888176e+02 1.867351385237928443e-02 1.939383678746773101e-02
2.474522920592775677e+02 2.871215547895826603e+02 1.688407333923740714e-03 -8.103765862447940074e-03
1.084167348657567800e+03 1.894459159349937636e+02 1.195972955004630765e-02 3.271656166706123081e-02
2.836997579341802975e+02 6.865979307558832261e+02 -1.088515105987449168e-02 1.946038567545188558e-02
3.292682630160506960e+02 1.056665878197806478e+03 -5.936428457375290957e-02 -2.851410742078288596e-01
1.195757824711893278e+02 4.529189904833701235e+02 1.417652429842319595e-01 2.737222519026211165e-01
1.163367567650864771e+02 4.180583508323308024e+02 -2.425754508246719399e-01 -2.773535182168599955e-01
1.160643514179439535e+03 3.713138082711081438e+02 -7.698516070248014043e-02 2.672110158749498310e-01
2.555166427812304164e+02 4.329462107207389181e+02 -1.325265051085959024e-02 -1.329485723838982614e-01
1.099296104487048751e+03 1.751700966506328712e+02 7.570221258494271022e-02 5.636132174220251367e-02
1.182526574237084787e+03 2.232141932520291334e+02 -6.914252005836288295e-02 5.888846131573232008e-03
3.720747661187266999e+02 1.064376036978167804e+03 -2.415263847418187282e-01 -5.433607230464861937e-01
1.852368494843141207e+02 6.678347858785087965e+02 -4.478151020181520003e-02 2.234815849017195433e-01
3.336510585335842620e+02 4.679210309012148059e+02 -9.839621198174164363e-03 1.904703591602263657e-02
1.181664582140118455e+03 3.351179017205950004e+02 -1.833349107183579463e-03 8.567190757875486895e-03
9.938610573043591785e+02 1.879483307915944295e+02 1.207885949010511079e-01 1.643145854764724301e-01
1.088951243872890700e+03 2.743848698036631504e+02 1.393362932426245870e-01 -3.229671616280224006e-02
1.257614677052205025e+03 3.086530728481662322e+02 1.109753341835267582e-01 -5.003410903116543807e-04
1.203962937527650638e+03 3.440207493249347408e+02 -2.481226710865340815e-02 7.307365318210093386e-02
2.584878513968292850e+02 4.255624233328368291e+02 -5.503682193295844627e-02 -2.188794971804723377e-01
2.791614896906692138e+02 5.280571849046830266e+02 -1.175732220526660710e-01 7.229205065040068649e-04
1.093542403579044048e+03 1.619322427340698312e+02 1.319379382500352749e-01 2.193967145353185183e-02
2.485847218746833960e+02 6.299012973607493677e+02 1.180451186858254981e-02 -1.516743985580286565e-02
2.548960464490223217e+02 3.719655519233375003e+02 1.985160730751079142e-02 1.653681846596275623e-02
1.146182477244147321e+03 1.610953073333884618e+02 1.875884165863562006e-02 1.807650487139802684e-02
1.252588427347712923e+03 2.614189390250512020e+02 -4.806257562846127235e-02 3.444555680051809843e-02
1.255151873647411094e+03 2.739761440985712397e+02 3.173565828908143233e-02 -7.376783889748518563e-02
1.107673723730178835e+03 1.879298410878095069e+02 2.265414540441933189e-02 1.892804241734334647e-01
1.084539147420898189e+03 2.141039689937396986e+02 2.634123382793373755e-02 5.894679453516727535e-02
1.214422223903961140e+03 2.509521050254324166e+02 -1.740155986116296086e-02 7.428735483616406149e-03
1.202234883052474061e+03 2.905950108445165370e+02 -6.432689912209893501e-02 9.456729082490780702e-02
1.205079929026587251e+03 3.046999475028871416e+02 1.598582998415402912e-01 7.968670519508300187e-02
1.084621890671160827e+03 3.043792309805087939e+02 1.058304348878089940e-01 1.112219205524026394e-01
1.163051199997373033e+03 2.847214463636860842e+02 -9.985586226954573479e-04 6.883032366302087313e-02
3.096601930942154581e+02 5.024583822199580254e+02 -2.343682687956991431e-02 2.455464981954223400e-02
1.196427786902337630e+03 2.130500866171986161e+02 -4.742473834911917034e-03 -4.189280366269734247e-04
1.130371893367049552e+03 3.290395812562866809e+02 -1.342799503587726040e-01 3.777101274660232821e-01
1.246879285419373446e+03 3.820588899293508121e+02 -2.261248191196955359e-01 1.498562699085989047e-01
2.163547786121011427e+02 6.591595038874396550e+02 8.286292822202768332e-03 -3.917551769671428173e-03
2.760298665506454086e+02 7.406545108982005559e+02 7.711206801598832761e-02 -3.844722146962298998e-02
1.143520886004255317e+03 3.054136470662227225e+02 -2.812567818863271896e-01 -2.097454793429952280e-01
2.474634798314582440e+02 7.138690024527109017e+02 -3.366555123955200512e-02 2.987227401268068364e-02
3.165351717931179678e+02 1.079351377799034708e+03 -5.515865027115506719e-02 -3.459441643817458556e-01
2.638707329214810215e+02 3.679088629357884201e+02 8.117686617777482641e-03 8.541342241194600782e-02
3.236873190111238614e+02 4.951235592692865453e+02 -1.029301800634425945e-02 4.456626927473396338e-02
1.171106376119370907e+03 2.730260830890445618e+02 -2.216505289030499311e-03 -3.177236634458727171e-02
1.151976134306387394e+03 4.009245495889911695e+02 2.099885567555024590e-01 3.867531317096677412e-01
3.097399060245753617e+02 6.153235152507276098e+02 5.269160345739760769e-03 4.082898960737626343e-03
2.546646211379344606e+02 6.358961927171962998e+02 -4.122817322439850662e-02 5.793726158899604323e-02
2.346135551610652783e+02 3.504650119364273451e+02 -5.741108116113508020e-02 -3.927899739241759169e-01
2.763709205387669385e+02 4.571728177696587636e+02 3.055484938849473489e-02 4.535681455182077187e-02
9.231062845339964724e+02 1.868904858977223569e+02 6.801895721467449141e-02 1.809471136623916621e-01
1.126188675847195555e+03 2.369882374404045038e+02 1.310313944760737800e-02 1.875307882118602137e-02
4.917197367212802419e+02 4.610724015898098287e+02 1.675724445284458792e-03 3.072376063617411959e-02
1.240666651494096413e+03 3.129645062194504135e+02 6.166534763015078802e-02 6.460860282015006006e-02
1.243976484106033695e+03 3.662153570159251217e+02 -4.816179481481413192e-03 -3.521817830475584138e-02
1.094530125085874033e+03 3.559198441891063567e+02 5.479858747466727353e-02 -2.549572228105730781e-02
3.562470589067315245e+02 1.087462079132252029e+03 -1.090107532452305183e-01 -2.548723987296518945e-01
8.579930526436403397e+02 1.101935766373824208e+03 -1.426188704536631401e-03 -2.983905595468114725e-03
2.912360350714342303e+02 4.715316917077770427e+02 4.668967142306593848e-02 3.133453218891683184e-02
1.119621337324703063e+03 2.389814752361480998e+02 -5.235978631183968446e-02 1.168038866624296901e-01
1.281558090921950225e+03 3.529573694666612482e+02 -1.688828277196409156e-01 1.421282383643715230e-01
8.557215392790532178e+02 1.101737152496315503e+03 -6.646754653681281357e-03 -9.712128438606785000e-03
1.526576036753232302e+02 4.991643238400114910e+02 9.008144560862919870e-02 2.765263527535983257e-01
2.422933615000775944e+02 5.372147174566339345e+02 -3.219501812630260473e-01 1.375326494439288727e-01
1.222360061361971702e+03 3.645006741341892962e+02 -7.826253744282558877e-02 1.577641844129550885e-01
2.598715541636958619e+02 4.538966610776358266e+02 -1.404495687233217431e-02 -1.261740623823432716e-01
1.123273613059787976e+03 3.127463819172721173e+02 -2.351720960164129653e-02 4.969877013126304532e-02
2.452456073080170142e+02 6.903180026194057746e+02 -3.270704491433207295e-02 1.449590173146538680e-02
8.276985728869992442e+01 3.453874769681644921e+02 5.200582850147322106e-02 1.429006369599337967e-01
9.169664279296005134e+02 2.932038634298571083e+02 6.705449326872858773e-01 1.296873660157690900e+00
1.122022178501894132e+03 2.279301466692144231e+02 -9.033607167463163917e-03 6.892006756790891586e-02
1.143023056466408207e+03 2.435353020246605809e+02 -7.259389216637207945e-03 -1.034271816945678442e-02
2.571491487688062989e+02 4.172849277576607392e+02 1.818249163866550097e-02 5.285144461265116334e-02
2.710010796622737530e+02 4.428111533102012913e+02 9.187454995073790487e-02 1.559558882144047864e-01
1.176678409385471241e+03 2.507775743239482438e+02 -1.125669134397693991e-02 6.831493715242638320e-02
1.202749343905486739e+03 4.003643911408218514e+02 5.601066420482376379e-02 -2.837086981889063719e-01
1.067858645106224003e+03 2.883717585120488138e+02 -3.543027396158766190e-02 3.537965766367420217e-01
1.119816682143097978e+03 3.201766714871172894e+02 2.389366973079631862e-02 2.785263606175365780e-02
1.178544976250912214e+03 4.328304529370900013e+02 3.413698240190281563e-01 5.707585419143972327e-01
1.222340274189754297e+02 4.147667557697321286e+02 -2.572389990505268287e-01 -1.967511485569545526e-01
2.742023838791412231e+02 4.845510391378347776e+02 9.307841838231922099e-03 -5.547055833282428516e-02
1.003307251977675605e+03 1.746214165593545147e+02 9.062935458552473511e-02 9.124792351761794318e-02
3.069523805828742411e+02 5.921760132334923128e+02 2.004055749611010490e-02 2.248823654647425733e-03
3.451937924159823297e+02 5.118164861432952080e+02 -2.616158244020096516e-02 2.857254118443333310e-02
7.336536273539450121e+02 4.187893563929778793e+02 3.783905725196243242e-01 -1.048396186401493874e-01
1.077070195281925180e+03 1.693752257892989803e+02 7.952783355242325214e-02 -1.756668470021406081e-01
1.079054024422440079e+03 2.775035037134379650e+02 3.068915866998323666e-02 6.561913324925608415e-02
1.064223407125178255e+03 3.045377131680734237e+02 2.045311759178144173e-01 2.103411975793631483e-01
1.171605512859915962e+03 4.150313911185562006e+02 9.320895043493380994e-02 4.328761520116571337e-01
2.803493312181834085e+02 5.429707386259112809e+02 6.825404588177637864e-03 -2.065133038839624124e-02
2.598333416109095992e+02 4.297794420276561596e+02 -3.115129396915384749e-02 1.496993715084413701e-01
5.071985673035320588e+02 4.758438999377196978e+02 -2.389158196150232020e-04 -9.525440249665341821e-03
1.115047461048460491e+03 1.999280808316909770e+02 4.371544140068377854e-02 2.207613606360748354e-02
1.119772724957740593e+03 2.131796179371895050e+02 -1.748926795966682934e-01 2.370425125533563160e-01
3.179422322763607553e+02 5.408637706247994856e+02 1.231628431251440871e-02 -6.112629268045566278e-02
1.192005322450575704e+03 4.511543557809047797e+02 1.427538996463288135e-01 5.886037208744919758e-01
8.317023782947123891e+02 8.777550912591062797e+02 4.351567396374345642e-01 -2.261024948008120150e-01
3.526528049654519350e+02 1.006398781449201692e+03 -2.775464975486940933e-01 -6.399643414680685760e-01
2.642142227218207040e+02 4.434972283701312676e+02 -7.215940468241417716e-02 -1.493953850451801013e-01
7.365875196793926989e+02 4.125244830672558578e+02 4.247220057630948231e-01 -1.293003166648768743e-01
1.104433579389807619e+03 2.060966106980209247e+02 -1.381615592816211151e-02 -1.714668567065144936e-02
1.261888246188412495e+03 3.140978238392441426e+02 1.936820240995302811e-01 1.792200012545398236e-01
1.271562866273150348e+03 3.367122605886834208e+02 -9.744958017020305396e-02 -7.388649883331924184e-02
1.112209754842354414e+03 3.777661688237258204e+02 1.701639287287864261e-02 2.499278003826677641e-01
2.272251398878385089e+02 8.050105009550112527e+02 1.936887987519347876e-01 5.272074671890025765e-01
1.224311979787393966e+03 3.282964820177981551e+02 9.209458269740805614e-02 6.385384809734497014e-02
1.170045322197963969e+03 2.824484904292169176e+02 -4.461257846931416249e-01 4.735487495934578850e-01
1.219917208570923549e+03 3.797834966718632472e+02 -1.449342217302955760e-01 1.693834810856257589e-01
2.292486422055600030e+02 5.812379511730796366e+02 -1.745693253067352388e-02 3.358661200740149788e-02
2.947948947602396288e+02 4.919034012851818147e+02 -1.825042851438603980e-02 1.118777665706836705e-01
1.133820906794324628e+03 2.085413225962153660e+02 -1.388873573191493627e-01 3.937338856804020737e-02
1.102813890495302758e+03 2.920211517036983651e+02 1.129608402836559250e-02 3.247511878402237206e-02
1.321922927923877751e+03 3.200777884633324675e+02 -2.339287127072318395e-01 -6.479332452935847309e-02
2.159981808589785715e+02 6.731510187485522465e+02 -1.184709734130337533e-02 4.860462491991036221e-02
2.624138036897757047e+02 4.230118356768476247e+02 6.739200242745013725e-02 1.438571219851940697e-01
1.499277766101584746e+02 5.056783186857448982e+02 1.147212801822137251e-01 3.199432284265917303e-01
3.082532733136912384e+02 4.594251577351649871e+02 -2.165746568682180850e-03 1.687993242292051832e-02
1.139908272375472052e+03 1.798696471850527985e+02 3.566603364238574159e-02 -1.660547074529183931e-02
1.193362940742090814e+03 3.045241937461076418e+02 -1.492211363467532692e-01 3.860661812775596502e-01
3.400586969543710438e+02 5.561715234377775232e+02 -1.412985640148178845e-02 3.860881941419691543e-02
2.159597516829128097e+02 7.712287292051994427e+02 1.203578065164361277e-01 3.478674253277738160e-01
2.468199771156084523e+02 7.768122803625032020e+02 1.698964526169692846e-01 3.469868601045433820e-01
3.248173097207633191e+02 1.028842609185154060e+03 -1.746478502068526950e-01 -4.870250187021838428e-01
1.060011719133095312e+03 2.058836405755439785e+02 8.726173368241659650e-03 -3.179917575758578474e-02
1.135428814043704733e+03 2.669346444450665103e+02 -1.076104256731747659e-03 1.048157970922294485e-01
1.024089032541946608e+03 8.695292425131298160e+02 1.197300856356818197e-02 9.615332637772847427e-03
1.062024126053595410e+03 1.863405547435613983e+02 -1.318348681237845738e-02 2.021782445244563534e-02
1.050924700142975325e+03 2.032235743930086187e+02 3.575384559611241575e-02 2.518498661428717963e-02
1.118799631076379455e+03 1.936721939218003001e+02 -2.291388372488351310e-01 -1.348443736456696740e-01
2.457943340443177078e+02 7.342821887287144591e+02 7.287237742088355230e-02 1.091767285039244029e-01
1.002303256840718063e+03 8.123919989741508516e+02 8.693748803659673285e-02 1.516937188860690011e-01
1.199804983621957263e+03 2.459262877379171925e+02 -1.162674411584232737e-01 2.130112279818690557e-01
1.140481166566431057e+03 2.651302963686921998e+02 2.250866051724720873e-01 1.738565745786335714e-01
1.200471599490353583e+03 3.967081679024914820e+02 -1.533517511973764846e-01 6.450462855157615416e-02
2.788423798175772390e+02 6.219512043558484038e+02 -7.409470020849280580e-02 1.195218750916049802e-02
1.199614150399608661e+03 4.429976329419773720e+02 1.837149546354339691e-01 5.405625966597893406e-01
2.405989712852859839e+02 3.152294565217462150e+02 -1.478864568772106022e-02 -6.955741743590035386e-02
1.130823086863610342e+03 1.715444198839057606e+02 6.271473251984259478e-02 1.114157897805644198e-01
1.029169257385381570e+03 2.918105081188102758e+02 3.273464704878798620e-02 -9.799182086980197381e-02
1.155902427604938566e+03 1.767883236104894422e+02 -1.119964521137148949e-01 -6.776775193948481046e-02
1.263368807885340857e+03 3.462060187241755784e+02 -1.237781574426435327e-01 -1.094666372538353853e-02
1.165929630456732639e+03 3.817865006179178522e+02 3.942028163459099233e-02 2.324595798221642806e-01
2.687382243246659073e+02 6.224352119103833729e+02 1.792565047178332552e-02 9.055178570766640733e-02
1.109632612678478154e+03 2.405060040597581974e+02 9.650308381499902652e-03 -4.549426458075239710e-02
1.258983085848668907e+03 2.821404772352944974e+02 3.911013000129902328e-02 1.795543400307948387e-02
1.153309644913070315e+03 3.466731973442630306e+02 -1.693989281242196457e-02 3.326835984562948045e-01
1.150000791072174479e+03 3.913727074152651539e+02 2.845876949398239431e-01 3.127962322683591201e-01
2.151651289912180971e+02 5.475302711192719016e+02 -2.603191028756955405e-01 2.715478577783574932e-01
2.723114402445914379e+02 4.052305922709082893e+02 -9.661368746639945049e-02 2.132550241636317068e-01
8.244731486008885213e+02 3.371846405519175960e+02 -2.135851571124738543e-02 6.274851788221379179e-02
1.239188361514149165e+03 2.879802717728047128e+02 6.954921352560352599e-01 -6.282045489652804404e-01
1.236052032125685628e+03 1.318291249208858176e+02 -1.099577882196172210e-02 1.509644333987807813e-02
1.215654876855666089e+03 3.514386372670923038e+02 -7.537935405131974964e-02 1.286923873221507975e-01
1.249903703489534564e+03 3.517701215641035901e+02 2.559678087929750934e-01 -1.024013622555639824e-01
1.311283207871940704e+03 3.469024561345883058e+02 1.254329094713830250e-01 -7.097851295131135663e-01
2.437540790105985025e+02 5.537613628663176542e+02 1.455065902761134601e-02 8.557375294423763545e-02
2.227095864092317470e+02 3.127149555727556844e+02 -1.195603195196284219e-01 -3.581269746049666192e-01
2.722700310661494996e+02 4.780523137646309237e+02 -1.273562841351605357e-02 5.815211348952686876e-03
1.085875350049971530e+03 2.408214504580284370e+02 2.080338597663455857e-01 2.726501843251156743e-01
3.122218990728678136e+02 5.576155657848624969e+02 -4.059299155052542574e-02 -4.070161201430266829e-02
2.658533495687037203e+02 4.530905102993582432e+02 5.570323516626954179e-03 -9.426115337438877029e-02
2.939787663766716719e+02 5.125316737158983642e+02 -1.083152257844789343e-03 -2.441110622591781062e-02
3.186709168778432399e+02 4.729751365650972730e+02 -9.644733568314262573e-05 -1.220481356377287920e-02
5.174264118632871714e+02 4.494579563823471062e+02 1.806552426018312174e-01 -3.087606124191087653e-02
1.093163008267567648e+03 1.761024822285339155e+02 3.303856720562298871e-02 5.401265343637794841e-02
1.253527246384082446e+03 2.948022548612772198e+02 5.317921503024081176e-02 -1.794119756086927017e-02
1.089026190600750397e+03 3.648132631754035629e+02 1.339686667075294102e-01 1.768259884911532465e-01
1.093041850808641357e+03 3.628995829385805791e+02 1.321721636989166004e-01 -2.634599401883949699e-01
2.502404593804693604e+02 3.065488016626143803e+02 -1.015230090555328119e-02 1.431953194040664311e-02
1.211492718416914840e+03 2.237419053787629082e+02 8.791206720822876408e-03 -2.125244443300289277e-02
1.207985405233887832e+03 2.592579696433536469e+02 1.643210217704646134e-02 -3.114462388782612834e-02
2.224484135227751267e+02 4.969102573383864296e+02 3.194373927213757080e-03 4.659731954415660508e-03
1.127129551810947987e+03 1.756292316882695843e+02 -2.449778760316283777e-01 -4.871701553288078357e-02
1.102393412496709061e+03 2.287293016376225125e+02 -1.742489504606834980e-02 4.731806077872880573e-02
1.117223429869242182e+03 2.591126386285252465e+02 2.038578375361664238e-02 2.012249586746726188e-02
1.211505024166016483e+03 2.136079451959951427e+02 4.497788503255963077e-02 1.274819164920803008e-02
1.176824179497304613e+03 2.251351967003752748e+02 2.081676450982394289e-01 -2.692116130558371845e-01
1.759640747960627323e+02 5.447710690325463929e+02 3.801562262269794212e-01 7.863211559740757028e-02
2.418157509057593018e+02 7.142619800615905206e+02 1.513240217512307542e-02 6.626602474002429854e-02
2.231354021984189444e+02 7.192620531146019403e+02 -4.311421591592620728e-02 1.666217554257811984e-01
1.148277342203114358e+03 2.101112837080664804e+02 5.219577079833470981e-03 -5.259527206196708271e-02
1.191009637892052524e+03 2.300314174281172939e+02 2.306110765563289602e-02 -5.676821523708355105e-02
1.120261114035540686e+03 2.745247788227778756e+02 -7.982119385003443035e-02 3.110030499435964546e-01
1.156097041316873401e+03 2.861895969185559352e+02 -8.784658040881368479e-02 -2.397183809756711637e-01
2.635790957777693961e+02 6.674484284899423301e+02 2.796174877380224258e-02 3.669706345543773118e-02
2.385374474386591999e+02 7.007326491223212770e+02 3.209988877850804279e-02 3.240720236914853419e-02
1.941862549480131008e+02 3.194493622043476080e+02 1.559904449497875531e-03 -2.016029194040033518e-03
2.586807770244078597e+02 4.916639944231256436e+02 2.878214583978433438e-02 -5.952233682762952255e-02
3.199031782322061304e+02 4.970090272097272646e+02 -9.994978467572860487e-03 -4.033678130815886859e-02
1.109568266211033460e+03 1.782516376159403819e+02 -1.280168041761929609e-01 3.284015862669102392e-01
1.035364573713492746e+03 1.837777594319066168e+02 4.476148209494711094e-02 -3.636033906798140092e-01
1.073472173215535577e+03 1.770835959524581540e+02 2.518401579994636319e-01 -6.009222339915732958e-01
1.084195311120764018e+03 2.800938486397311067e+02 1.181240716499647320e-01 9.479849239494941501e-03
1.187877308321844112e+03 2.954499765823386497e+02 1.187411188238193527e-01 1.051808612999886733e-01
1.236858692934989449e+03 3.396782118104440542e+02 -1.565952126394629385e-01 -6.301402842275724558e-02
1.212520720219751638e+03 3.780485660147743374e+02 -3.781010524946012974e-01 5.169121887928859183e-01
1.232012145719323826e+03 3.823412995916311274e+02 9.058795182398314549e-02 -3.554822104911450897e-01
5.184909822784103426e+02 4.996954596572260812e+02 -4.582448568762150648e-02 -1.855885223355148439e-01
1.150399256291349957e+03 1.489657368605563761e+02 2.541287347159797844e-02 -5.913814957643460934e-02
1.241362334830345617e+03 2.874412789452084098e+02 -2.839781900767472320e-02 -6.807137962589927468e-03
1.146383665733877251e+03 3.110636040771560715e+02 -1.280648649957861762e-01 -9.636428578346567519e-03
1.130548492486878786e+03 3.543269325932211586e+02 2.593339864330977962e-01 1.779833526958422285e-01
1.137303682112788010e+03 3.637450963635125163e+02 9.428278138525708618e-02 3.367472696783882502e-01
1.118755627991836946e+03 3.762534123824230505e+02 6.493546343813250132e-02 3.106345782202247774e-01
1.247151953641631053e+03 3.515667731741079933e+02 2.804561125710860470e-01 -3.514052500246312438e-01
2.161198763348370164e+02 7.043610188528273284e+02 -4.479612073186621524e-02 5.311977792314968860e-02
2.692777301049790708e+02 4.383709733487360154e+02 7.821755182784366489e-02 1.378283896252027914e-02
1.054391247768242465e+03 1.920742308915534409e+02 -2.127577145772781633e-02 -4.079074527589073712e-02
1.066246678487633289e+03 1.962784999215827781e+02 -6.379155502741816475e-02 -8.406491960233979446e-03
9.716185176156786838e+02 3.036435860565004532e+02 2.104499557513075658e-01 7.364756457066251594e-01
2.381188146527274796e+02 6.854632548809910304e+02 1.372824454923000578e-02 1.056900121709264395e-01
2.915807725690056031e+02 4.842979098150854043e+02 2.304764909347056800e-02 1.534063925429975939e-01
2.499325566755650243e+02 5.316106185089952305e+02 -3.650081460151000101e-03 4.611499211698344425e-03
2.871903169037307748e+02 4.379530087895458905e+02 -1.204030549673404948e-01 -3.707450913378096402e-03
1.062627052722382587e+03 3.082874672883635299e+02 1.597416475802617697e-01 2.367513886081304975e-01
1.219660284913923306e+03 2.960831803819594938e+02 -3.473530248471803361e-01 -1.743934983382473547e-01
2.943075272368715218e+02 5.760792601898987186e+02 3.440335362142832309e-02 -4.961172641264965932e-02
9.200786639650264078e+02 1.102492574893652090e+03 2.625618587309475060e-03 -3.806549693763372488e-05
7.971036897139214261e+01 3.382855868974399982e+02 2.382919206200237103e-02 8.281661354850106127e-02
3.184663039705375809e+02 5.236208121807786711e+02 -2.230427108590030683e-01 2.467518360693550863e-02
9.629035648250370514e+02 1.906153021252778785e+02 1.060475353393182246e-01 -9.249759320899196835e-01
1.099044599876348002e+03 2.155560989578414137e+02 -1.447389420829191947e-02 3.154228144750656493e-02
1.071616032887434358e+03 2.269636146694947172e+02 8.056414739879376105e-03 -4.481266970367793478e-02
1.144347663775825367e+03 2.631318882676602016e+02 1.489382323123966956e-01 3.839536931144910681e-01
1.251345235394350539e+03 2.923587449693058034e+02 -1.488379029341710125e-01 4.634116823292136478e-01
2.817423506927258359e+02 5.907257323888906058e+02 -1.051475398029045466e-01 7.049421009279892118e-03
2.280040703758280642e+02 7.225022093572349604e+02 -4.768979613568073012e-02 2.049656190069527040e-01
2.598265219340269141e+02 7.410722793663493349e+02 -3.857835007274843658e-02 1.401622045864845123e-01
7.230674388733351634e+02 9.139027397963634485e+02 6.300243337501190699e-02 5.938080001413557907e-02
2.915347237033433316e+02 4.773970676990147695e+02 1.073461153075072616e-02 6.487022057484637116e-03
5.056520730049966801e+02 4.493128168580345800e+02 9.023470801055363810e-02 1.172343286968628301e-01
1.066720487911431064e+03 1.838839395389543938e+02 4.905995515972400717e-02 -8.599705151999412212e-02
1.036897030067372953e+03 2.477934661569155992e+02 -4.389562357010033666e-02 2.220915958128781009e-01
1.170623619963087094e+03 2.320255523721316706e+02 1.844130958503293477e-02 2.356825393066454277e-01
1.137874552551168563e+03 2.376639610134384952e+02 -3.013532541602411893e-02 6.762036929087855697e-02
1.162405888093099747e+03 2.970549148059182585e+02 1.112092939324611507e-01 -1.721803385066169034e-01
2.532580646609039832e+02 5.540207042114839169e+02 3.276985594067736984e-02 1.480177219628850682e-01
2.192576539545624144e+02 5.652086537096587335e+02 -1.578395402157549976e-01 2.979739324751692897e-01
2.184976831747247559e+02 6.816243078400497097e+02 -4.503847648293758665e-02 6.090733033153940268e-02
3.113112808767052115e+02 5.465178137499807463e+02 -1.030466604167859859e-02 2.164876590194353412e-02
2.465756204444974458e+02 7.383424285067787878e+02 8.813847044699230082e-02 2.651497094543304178e-01
7.979183706930685958e+02 8.871275414500884153e+02 4.374116664989254749e-02 -2.115204307230150044e-02
3.265562045405526419e+02 5.102387693397371891e+02 -3.205942565074337836e-02 -1.384834325079964401e-02
1.104458542920697028e+03 1.719890011929881837e+02 1.133380487686176524e-01 -2.335248028621514649e-01
1.154693751435891954e+03 2.157906986127381117e+02 -4.323671685030534145e-02 5.341669743980595464e-02
1.140288006834762427e+03 2.597232296608848401e+02 1.894659715837336278e-01 -2.323696605237028645e-02
1.154318843540520220e+03 2.748794467423256833e+02 9.679835051801652379e-02 -1.402776606085292532e-01
1.187462291179879230e+03 3.678294566420809701e+02 -2.387003563856069377e-01 2.381615373887047415e-01
1.212115947043536380e+03 3.585703175118242712e+02 2.666533087852502870e-01 -2.032178054048297544e-01
1.201763534139777903e+03 3.856377771512119921e+02 -3.280329272956805653e-02 2.791560485856883767e-01
1.190529112729032477e+03 4.107604554458714006e+02 3.252375321987459045e-01 1.745511029324382790e-01
2.708876489430921879e+02 6.753581350069373457e+02 -1.083751189744274444e-02 -1.825247542078264201e-02
5.313765360065931418e+02 4.803219643849504337e+02 -9.555991743582126219e-03 5.173911145731816680e-02
1.098449352222895641e+03 1.688855805072347493e+02 2.750325427077389764e-02 2.136622609295575972e-02
1.136846921637373271e+03 1.695664883753440222e+02 -5.236632815005274472e-02 -1.165055205450518799e-01
1.049740814645557293e+03 2.180334272237329856e+02 2.565991488112710425e-02 -4.231000435970599938e-02
1.225217016205482423e+03 3.155763541420718070e+02 -9.665703465731212418e-02 2.708787806111037644e-01
1.147893792656167989e+03 3.688795784325254203e+02 2.596588866165916443e-01 -8.276250223887871016e-02
3.342555106250225663e+02 5.566048834494544053e+02 5.578505904253461267e-04 2.272248331271006002e-03
1.109247405597817078e+03 1.928118117592082683e+02 -2.216771506788394255e-02 2.381073422048933241e-01
1.036298812729275141e+03 2.910275166554769157e+02 9.614602923920756439e-02 -1.551774899295889076e-01
1.197338695198810683e+03 2.180420611865970670e+02 1.984636453622360200e-02 -8.475415301010839897e-02
1.139485132577751074e+03 2.300393001179998294e+02 -1.524744402559008449e-05 4.185720965694950807e-02
1.184202108504509397e+03 2.282445215490777741e+02 7.247578356251241360e-02 -2.550864640379664205e-01
1.210979891111487859e+03 2.427173158029783337e+02 2.609105675395023347e-02 8.090983095918473367e-02
1.157095873818607743e+03 2.522547687079187426e+02 -2.189785805456226087e-01 -4.102462743761789432e-01
1.174949158777636057e+03 2.747423444464261024e+02 -4.205114878893089769e-01 -2.291329399567003378e-01
1.228108366315875628e+03 2.902380721614240997e+02 -2.141222942069279378e-01 -3.067095441322387206e-01
1.297044285239518103e+03 3.526585203669836233e+02 -2.986754947025929141e-01 4.608274775966947345e-02
2.705994147154633538e+02 6.010910990455344063e+02 4.507274995768284498e-02 9.663291788913076774e-02
2.681377370508121771e+02 3.567447109029500325e+02 2.642767407984365421e-02 7.269699542154058058e-02
3.272908602843381232e+02 5.209363104811891390e+02 -3.093587519923062315e-02 -4.213586310696655624e-02
1.044766833570987956e+03 1.957904325250320881e+02 5.354543094153996034e-03 -2.294379690632695340e-02
1.096626823241678039e+03 2.971724590321148867e+02 -6.853732570580177430e-02 -5.240135973087376581e-02
1.085674641159643897e+03 3.464349235119443051e+02 1.060402979807349710e-01 -7.315875044037625785e-02
1.170208457527047358e+03 2.291106556352699783e+02 -1.650293857514952695e-02 2.961471513823994359e-02
1.220167714851414075e+03 3.111008058348898544e+02 2.764060872395248114e-01 -9.267955902208769095e-03
3.253816246272555759e+02 5.447091713950325129e+02 -4.624625892265612354e-02 -6.950580030311356849e-02
2.440582324872813444e+02 7.714092751502219016e+02 4.505934549881374096e-02 1.721638104537646652e-01
2.228403055622014790e+02 7.896192977549521856e+02 1.543483551881337235e-01 3.196819517469521310e-01
3.232722426303541283e+02 5.239063574245327572e+02 -2.777401193095051235e-02 -8.435174605273864160e-03
1.143929565548152823e+03 1.770727038195466889e+02 4.062507393809432210e-02 6.601922954798232490e-02
1.054275200040962318e+03 3.091754394765819143e+02 1.803970874693479609e-01 3.683024960684709304e-01
2.150897190736514517e+02 6.766501168191070974e+02 3.873182306456138951e-02 2.216259501338981863e-01
2.172173881833968494e+02 6.801499630970728276e+02 9.370800854049498099e-03 1.872065810766419813e-01
2.581475706132941355e+02 7.110932061764881382e+02 -7.542124500581495750e-02 1.283774895054345111e-01
1.395094302656133607e+02 3.887864491552842878e+02 -6.606307095053409739e-02 -1.366968797344725317e-01
2.750599139847432753e+02 5.047134774616670256e+02 -4.987902360973350824e-02 -1.051691476453839869e-01
9.024622926752803096e+02 2.401835327306305317e+02 3.160296518046976644e-01 9.497862824077145660e-01
1.061484435175724684e+03 2.210032223480296238e+02 3.474257079261633407e-02 -3.104057700668505504e-02
9.152087590271709132e+02 2.814483615163114223e+02 7.679136337085310515e-01 1.488066666222827905e+00
1.136935077265072323e+03 3.229641832027332953e+02 1.545917299173424908e-01 -2.809738022287646686e-01
1.158526446344779743e+03 3.477282235790321465e+02 -2.339473665457205698e-01 3.904330911150140082e-01
1.165712026596545456e+03 3.555253076435014918e+02 -4.470403019661262078e-02 2.178337551890408008e-01
1.313217921205633274e+03 3.436185642517021961e+02 -3.920331343096279397e-01 5.394501449313864327e-01
2.854195153664227291e+02 5.303705213725990006e+02 -2.430297989591636565e-01 4.219700056765418594e-03
1.951436025989161465e+02 6.606104734501428766e+02 -2.796324726971732844e-02 1.217538846332359981e-01
3.010758135025420188e+02 1.023967972529193503e+03 -1.272390855403244814e-01 -5.267231497801958540e-01
3.499163639149759319e+02 1.098993468478100567e+03 1.223033612065904663e-02 -1.353428445341648967e-01
8.650243395775811450e+02 1.102355156674134605e+03 2.047784778639538672e-03 1.683273255531503310e-02
2.615174903909295949e+02 3.607173118124226789e+02 1.154212567101840919e-01 2.982939656538162107e-02
7.665036189530766251e+02 3.876122260909243664e+02 -5.480165394819290769e-01 4.318152145689119759e-01
1.106700260848263952e+03 2.774320536619017048e+02 -4.427179761640738162e-03 -1.008598122254267954e-01
1.162052850464604717e+03 1.862962862777396538e+02 -2.462542111139295539e-02 1.392367681865737672e-01
1.167391764648690241e+03 2.638915020722305940e+02 2.096815475857900790e-01 -1.944362140076236756e-01
1.136897560414091231e+03 3.335813646624188209e+02 1.465151550643375711e-01 1.592419114144750514e-01
1.217483725282100750e+03 3.279573870166515803e+02 3.298913721838679369e-01 7.597549162474999049e-03
1.222241391230788849e+03 3.396306218966592496e+02 -1.037915445504690309e-01 4.102649831306816042e-01
2.498078411353536694e+02 6.948747602413372988e+02 -4.721951828683553648e-02 1.923784333125208301e-01
1.206434411075929120e+03 4.368113890621980886e+02 -7.810021439526540488e-02 7.045280295926090730e-01
2.229778022096841710e+02 7.394550481176430594e+02 4.595899232065140533e-02 1.471106590901984368e-01
2.690694700700876183e+02 3.845972742035372107e+02 1.335255069885003289e-02 4.639927916934046687e-02
2.899406900100681810e+02 5.079764197893942423e+02 8.425839678324109627e-03 1.891323318353481039e-02
2.699440681450369652e+02 5.122251839561674842e+02 7.013325996987873623e-02 -7.580942387791840542e-02
3.045071455093895452e+02 5.240898542019257320e+02 -2.374456469271990500e-02 -7.534297390780390902e-02
5.184825202669386499e+02 4.924245561340335371e+02 -3.364300001533138129e-02 1.006690131331140492e-01
8.206714563882345601e+02 3.355747902125874020e+02 -1.887525464875731583e-03 6.227572582919075478e-02
1.131509951159411457e+03 1.551117735249869440e+02 -1.354218033253573594e-01 2.400658628755631130e-01
1.231229214173333958e+03 2.434831588254235157e+02 4.970753147252556133e-03 1.975853427254037342e-03
1.212764844539809928e+03 2.639569643828386347e+02 -1.765168134852501680e-03 3.484378549255021888e-03
1.165707138510465484e+03 2.710976826247810436e+02 -3.389195809689151129e-01 -3.067038123570758335e-01
1.182102771377599083e+03 3.408976948562291795e+02 2.341806448760053172e-02 8.174277039830712965e-02
1.141839304017115637e+03 3.817479241139229771e+02 1.140767205597133654e-01 4.139093160399245908e-01
1.193465266965273713e+03 3.815489944635373263e+02 5.884660032052124734e-03 9.608547777849214822e-02
1.183992122120248496e+03 4.272951406158388750e+02 1.813203461834594632e-01 5.400682703708525878e-02
2.893542363573836269e+02 5.774819286877627746e+02 1.952378098053486610e-03 3.917814205734278937e-02
2.535092379699438538e+02 5.812859604452951316e+02 -2.305465576630657317e-03 5.706561479295639387e-03
2.615821900268753097e+02 6.141598889919752082e+02 2.060108406094703637e-01 3.691209160842845449e-02
1.908071622596370673e+02 6.771523027387063394e+02 3.280837913860068511e-02 3.014281010050960316e-02
2.842213063310478560e+02 6.814112511366183753e+02 -1.080720729545229658e-01 4.749583017608453167e-02
2.294959983195999200e+02 7.339845901491887616e+02 3.180029053688334523e-02 2.679594914360260982e-01
2.418940780495628928e+02 7.647794039538747484e+02 9.760824007456865570e-02 3.696337540671758570e-01
2.607887147946884170e+02 3.690606587563107155e+02 4.962154031419459266e-02 -2.653193466437642201e-02
3.202256487673928973e+02 5.130157977300607399e+02 -7.111595434191712861e-02 5.868114748029711059e-02
1.074255604827576235e+03 2.032666751869085147e+02 -2.820632712391670655e-02 2.143711370011374198e-02
1.065272315374337040e+03 2.319377846455033989e+02 -2.528563659457176982e-01 -3.422274820020561603e-01
1.144138391761527373e+03 2.179554587243459309e+02 -2.771913769370257935e-02 7.526994870810881089e-02
1.143796319631126153e+03 2.334248123425777237e+02 8.329586217860196484e-02 -1.450759702096604542e-01
1.314630064225621936e+03 3.170689395664126096e+02 4.637313557829657040e-01 -9.503132971062768775e-01
1.145624742849460063e+03 3.735857641613858391e+02 6.556326924169297854e-02 3.448310664427139960e-01
1.165134153364904705e+03 3.738755964614966842e+02 -2.747136181520090648e-01 7.091864985605980110e-01
1.273719019680517704e+03 3.666556018468974685e+02 -4.709203697102566644e-02 -8.529604924474369632e-02
3.216358948112766711e+02 1.098021996132242975e+03 1.291239348958015398e-01 -3.602099889037163050e-01
2.223417910378516353e+02 3.047799995438715541e+02 -5.789025291296212572e-02 -2.481702815923796379e-01
2.699054001959260631e+02 4.695985463050293447e+02 -9.498317485650886738e-03 -6.630043286317288675e-02
3.147438599034090316e+02 4.878488834907581122e+02 4.478353549458802263e-03 -5.601933993956720315e-02
1.031284645364423113e+03 1.855096767925259087e+02 -1.925205684174216003e-01 3.918810744914296151e-01
1.121432761991093230e+03 1.707327357819802671e+02 2.557814898261199232e-01 -1.893805092407134794e-01
1.044550723359485801e+03 2.169564703247644957e+02 -6.690962884323425897e-02 6.584375426148412203e-01
1.090265890433106506e+03 3.320032016922916114e+02 -5.670094061770214466e-03 8.022740312692633324e-02
1.190250284443717646e+03 2.654224692294311581e+02 9.125680079728226701e-02 -1.752333120270748168e-01
1.153341124077145651e+03 3.074657129572145777e+02 -3.701982899468703181e-02 4.244138506430772395e-02
1.163180119775029880e+03 3.242723120430607651e+02 -6.067832290000296780e-03 2.858820497166760788e-01
1.137951083661326948e+03 3.397142547488566038e+02 -6.377621331259319959e-01 1.177647725258069045e+00
1.237802910203600959e+03 3.461639564426226912e+02 -1.331762820068433939e-01 7.221193534842029749e-02
2.572303849496934731e+02 5.452380337711836091e+02 1.157421091267423208e-01 1.322591780418633789e-01
2.259648815248975211e+02 6.658046127019680398e+02 -1.510109266258581329e-01 -2.222717753494407589e-01
2.412267580437281254e+02 2.887104113844408744e+02 1.635643981434971696e-03 4.136186298635872310e-02
2.318836609861455145e+02 3.266275858210972842e+02 -9.739077968394364848e-02 -3.653101988790392052e-01
3.676657369370791457e+02 4.139631344252023837e+02 -7.844611758271563540e-01 -1.739888468723411963e+00
1.052010651126353196e+03 2.230252184882955362e+02 5.033785575657627291e-03 -1.376541713793812960e-01
1.115570821873087425e+03 2.201489340687406298e+02 5.285632159954426618e-02 -5.319969212962405436e-03
1.082146475970251004e+03 3.397098611319635211e+02 1.792914861759224363e-02 -1.466728397033042162e-02
1.135785174992414795e+03 3.203888376977538428e+02 -4.299655651066889850e-01 3.725767311498391909e-01
1.142833573865655126e+03 3.290224637466437230e+02 6.911772048185109429e-02 1.498209438370471103e-01
1.203970478665985638e+03 3.601260332423153159e+02 -1.386115973377854971e-01 2.574094436320327195e-01
1.177518672629754747e+03 3.790335963119114808e+02 -1.048460045628113874e-01 2.785804737731799041e-01
2.837308652171831795e+02 6.928942210770180736e+02 3.966667490715281019e-02 7.944384356180005102e-02
5.375923663813156281e+02 5.010503917216913123e+02 1.610957546650600494e-02 3.821408123667424661e-02
1.168802656615174328e+03 4.373697729370642833e+02 4.407649082300698073e-01 2.575968270816133554e-01
2.683751613208928006e+02 8.696169639886118148e+02 4.679119659390191255e-01 3.422042130690290951e-01
8.926611792325044235e+02 8.964321272278937158e+02 8.758156205434868002e-02 -6.874214099851390369e-02
2.947004506157164769e+02 5.106733328750518695e+02 -1.987457412369053600e-02 -1.256000539488866252e-01
3.010794765587060056e+02 5.234636450095434839e+02 -5.196851894109499881e-02 -2.634207168899820317e-01
5.187757190905217612e+02 4.449651433650353169e+02 -2.519907440820929878e-01 3.265245182068099439e-01
4.957507447866470898e+02 4.808065048255919010e+02 -1.255111356803695344e-02 -9.520067400160314719e-03
8.187457636611866292e+02 3.906061486765950121e+02 2.591725478396256221e-03 9.228334723539433071e-02
9.552024042549700198e+02 1.732495660072768828e+02 1.620392745409162671e-01 -3.050927688608595645e-01
1.015847542490483647e+03 2.254781877487435509e+02 4.491733531631325604e-02 1.858200622059769103e-01
1.091434178573294048e+03 2.920742007868937549e+02 -1.490915614658661070e-02 2.111616843259866982e-01
1.080712845982450517e+03 3.594504187152268742e+02 -1.227683175551419481e-01 5.967317517410606342e-01
1.192196078436978723e+03 2.176370630134722433e+02 -2.250001730885742290e-03 -4.119226919640084361e-02
1.170542538019586573e+03 3.169337467920227596e+02 -1.828428364784713267e-01 4.338845151422106028e-01
1.235098971382709806e+03 3.173772137518061527e+02 -2.122631056863610866e-03 -5.443447210259932945e-02
3.050878759177002735e+02 5.653396719910418824e+02 -3.905767395463044522e-02 -1.582104428591719625e-01
2.510930767851036478e+02 7.138660830852122672e+02 2.336064142353677653e-02 3.750050976992724827e-02
7.532461249466414301e+02 8.451940862175486018e+02 1.923168252233153908e-03 2.166808555489296850e-02
2.522615020598993283e+02 4.644090552887044510e+02 0.000000000000000000e+00 0.000000000000000000e+00
1.104005330249073268e+03 1.683829462598903035e+02 0.000000000000000000e+00 0.000000000000000000e+00
1.022283246957696292e+03 2.134148750189157511e+02 0.000000000000000000e+00 0.000000000000000000e+00
1.093742918328313863e+03 2.024589749610941851e+02 0.000000000000000000e+00 0.000000000000000000e+00
1.089034005215787602e+03 2.099664551449936027e+02 0.000000000000000000e+00 0.000000000000000000e+00
1.079563847134705384e+03 2.773244582276136043e+02 0.000000000000000000e+00 0.000000000000000000e+00
1.112286790249964724e+03 2.984827558434138268e+02 0.000000000000000000e+00 0.000000000000000000e+00
1.157948551670247753e+03 2.918029682577488302e+02 0.000000000000000000e+00 0.000000000000000000e+00
1.154614236023366175e+03 2.996844102044004785e+02 0.000000000000000000e+00 0.000000000000000000e+00
1.224430759718992931e+03 3.350539613775838461e+02 0.000000000000000000e+00 0.000000000000000000e+00
1.207014574032032897e+03 3.756842466487489105e+02 0.000000000000000000e+00 0.000000000000000000e+00
1.144135560147775323e+03 3.961795277272901785e+02 0.000000000000000000e+00 0.000000000000000000e+00
1.196736151878849341e+03 3.900886507044674545e+02 0.000000000000000000e+00 0.000000000000000000e+00
1.191193615294547726e+03 4.204208200597705058e+02 0.000000000000000000e+00 0.000000000000000000e+00
2.176212930797474598e+02 5.720289480300876903e+02 0.000000000000000000e+00 0.000000000000000000e+00
2.722788255789542404e+02 6.836971444702961662e+02 0.000000000000000000e+00 0.000000000000000000e+00
3.277986158485167039e+02 5.499926856139344409e+02 0.000000000000000000e+00 0.000000000000000000e+00
1.188617173094160080e+03 4.282620936516359507e+02 0.000000000000000000e+00 0.000000000000000000e+00
2.465193058551737124e+02 7.309756242244998248e+02 0.000000000000000000e+00 0.000000000000000000e+00
2.571507466437864196e+02 8.173496346807500004e+02 0.000000000000000000e+00 0.000000000000000000e+00
