1.341262494353681234e+02 3.782303566596685869e+02 -1.842561900280043595e-03 -1.057256888374341966e-02
2.980823694772296335e+02 5.921023532995923233e+02 -5.424797975053191612e-02 1.331238307524909292e-01
2.718550071711275109e+02 5.482641282265558402e+02 -3.864832083459899398e-02 3.440374815304629574e-02
2.520167612309146534e+02 4.672508472139239188e+02 1.111616293328135819e-03 1.482657373022033993e-02
2.243999748544507895e+02 6.325628250859798527e+02 -2.476559495418334533e-02 2.100931829859539191e-01
2.755717745711099269e+02 5.643535671534184530e+02 -2.883738506675410929e-02 1.063541263665728764e-01
3.149858758495474831e+02 4.782835327387667803e+02 -1.512046692044920031e-02 -8.742057632429292222e-03
3.191990608981789137e+02 4.680618715864887918e+02 -8.259984617819388477e-04 5.600551835215409474e-03
5.653056760770959954e+02 3.876792312083562706e+02 1.588953313832444343e-03 3.864446885217765523e-03
5.603265182692355211e+02 3.843696246887712391e+02 -1.416982368886517043e-03 9.156663274447874798e-03
2.496722948010946936e+02 4.145281212389796224e+02 -5.822787632680816866e-02 -2.196046709535096897e-01
3.044227455454309847e+02 5.233893937216008680e+02 8.926649493076021027e-03 1.094028642936305251e-03
3.263698301372770061e+02 5.306869049132549208e+02 -1.071815005270584063e-02 -1.094687653498752251e-02
3.021563571254026783e+02 4.959832949864052125e+02 -4.569965039504191723e-02 -1.646377125270121963e-02
3.265886895970974706e+02 5.411848918895825591e+02 -4.476307101446937164e-02 5.687607137412606698e-05
3.228672262023852682e+02 5.548901541196256630e+02 -2.032120095272134906e-03 -2.184798962077978343e-02
8.338842002468514920e+02 4.064302878812214885e+02 -6.967024340950740127e-04 2.903292555817354841e-03
7.076230271197051707e+02 4.167656332286117618e+02 -2.715603129223890730e-02 -4.862123080996221675e-02
7.607085189641073839e+02 4.316186790860501219e+02 -1.121777452814994545e-02 -8.039280309442954978e-03
1.093220880354996325e+03 2.341147648533191727e+02 -1.011421991756383289e-02 1.343427911557607338e-02
3.093568338411724312e+02 4.963769483334194774e+02 -2.436463041385368913e-02 -5.087052190530434205e-04
1.219160842721892323e+03 2.540111435947307257e+02 8.774087313679389613e-03 2.685668941504301601e-03
2.752104770402501686e+02 5.740103460284677794e+02 3.388850922942090050e-03 1.018658505087486343e-01
2.081077202150573839e+02 7.012617078758108846e+02 1.719372261883921407e-02 2.928279591589518227e-01
2.720497550169003489e+02 5.853422881919226484e+02 -3.679400949143241117e-02 8.937624271820958366e-02
2.694908566415031714e+02 6.111302973965949832e+02 -2.278522975016659610e-02 1.509733728448421353e-01
2.493960141623203981e+02 6.249523406576196294e+02 3.179682110914479332e-02 1.524622618666497953e-01
2.760663834363082287e+02 6.200395011837259744e+02 -2.179562585548345047e-02 1.423317203716612522e-01
2.509062668275854264e+02 6.440816036775946714e+02 1.745807017932117424e-03 1.709908512925541746e-01
2.602932716330178096e+02 6.517694711742470872e+02 1.232435401079096625e-02 2.083524089110351529e-01
2.290935483130319312e+02 6.654985190983777557e+02 6.249182387423365785e-03 2.058974323380558524e-01
2.938373809786528454e+02 6.464188027759947772e+02 -8.176722185711503277e-02 1.623697562199854227e-01
2.269837516338172918e+02 6.803271920577457195e+02 6.501724928125328287e-04 2.789201919400626228e-01
2.881084290631090425e+02 6.570258984079544007e+02 -5.931659354022055658e-02 1.695052180497833016e-01
2.550419935692693514e+02 6.716076176033163847e+02 -2.169158271660374254e-02 1.916808496113837912e-01
2.595409747341535081e+02 6.723956998236697018e+02 -5.544921540076070549e-02 2.005628694924310174e-01
2.260580130790292515e+02 6.916306720130033909e+02 -1.254489151709450303e-04 2.516267231056219522e-01
2.595835825965019126e+02 6.845212773218258917e+02 -4.118837297483193827e-02 2.051129464628430321e-01
2.788343758513913144e+02 6.788066189029307225e+02 -7.900086581824017351e-02 2.031563830008792093e-01
2.707036361815909231e+02 6.772038971219731138e+02 -4.947753332504251783e-02 1.593067288545182703e-01
2.442062397180905862e+02 6.979451077060008402e+02 -1.036930159103876918e-02 2.105652217740640320e-01
2.501625261951613197e+02 7.032185197250029205e+02 -2.999775300110886500e-02 1.808510689538515848e-01
2.144000127391595640e+02 7.221085800820715122e+02 5.157281255313701102e-02 2.959693502043355684e-01
2.085480474522414625e+02 7.403060354495081583e+02 7.253538186559393974e-02 2.805050452236402814e-01
2.276324743133037316e+02 7.313240213969522756e+02 2.141812720372434503e-02 2.692011399965484886e-01
2.226047265370690980e+02 7.378196634675205132e+02 3.262627740123421466e-02 2.670925256000639125e-01
2.344784247891095958e+02 7.336800948104780673e+02 1.781491300383180806e-02 2.393323280394276942e-01
2.380255219311264057e+02 7.391379591712520778e+02 -6.521852139782860491e-03 2.702982306172795890e-01
2.590020730681225132e+02 7.281536387538465078e+02 -1.043815508882067894e-01 2.474032213929419355e-01
2.442136627135805043e+02 7.411764042530030565e+02 -3.569841597994207610e-02 2.752321096423715474e-01
2.629484895717621953e+02 7.508117527869937931e+02 5.800255989498680903e-02 3.414587072417089586e-01
2.680770568831168816e+02 7.492542007897842495e+02 5.280969221001446251e-02 3.288161359877750933e-01
2.521672906402381784e+02 7.444976230384422706e+02 -1.854913313665960267e-02 2.834068029329086524e-01
2.545666258566692477e+02 7.498469870695572581e+02 3.883374543327749312e-02 2.772273882132441636e-01
2.598525774733388971e+02 7.623957707983964838e+02 1.247583885378768659e-01 3.161891609943617287e-01
2.785275783229472495e+02 7.636304769319550587e+02 1.820857846062362007e-01 3.387696361512609333e-01
2.765141894682846555e+02 7.920479838315508232e+02 1.555509689148295571e-01 4.477624862754082113e-01
2.389488878282969040e+02 7.828776332807295830e+02 9.414019306044588142e-02 3.514113808753189794e-01
2.444187082945147722e+02 7.940317039868110669e+02 1.403791370503583436e-01 3.586924143500117568e-01
2.557151171151497238e+02 8.001579529756787679e+02 1.024716742136621284e-01 3.707778796200714155e-01
2.953987439906138093e+02 8.377939874853880156e+02 1.553633312167728986e-01 4.772489327509888413e-01
2.400560249156573889e+02 8.018051475510053479e+02 1.277994561443505928e-01 3.597771293927704006e-01
2.865386556375514715e+02 8.429429758496223712e+02 1.672465529918379656e-01 4.695043413729040882e-01
2.696259118959748662e+02 8.420745874854902695e+02 1.764473264182072898e-01 4.910999503360116147e-01
2.593628059880055048e+02 8.700486664213287895e+02 1.898387320134266310e-01 5.136497172564817859e-01
2.915631865599359003e+02 8.734119406927766249e+02 2.059198225458371279e-01 5.402108587666449857e-01
2.859441750119954122e+02 8.728202177826540265e+02 1.957501421177948175e-01 5.310277220706342005e-01
3.187320146465230550e+02 8.982915157622956031e+02 2.698553948268222480e-01 6.623521835703171101e-01
3.033906006928561396e+02 8.766300440792634845e+02 2.437649827311451078e-01 5.164753059095115173e-01
2.875516533476692871e+02 8.824434242815956395e+02 2.212221410755061402e-01 5.179420412826263309e-01
2.983383776948290915e+02 9.003936541106721734e+02 1.595382498672950067e-01 5.280606263176362836e-01
6.343294193718486440e+02 8.219323129843633069e+02 -2.572204927318044753e-04 -8.053939598985469924e-04
9.123983328205728185e+02 8.060351686923735315e+02 -4.514383376412261454e-05 -1.440280242973986308e-04
4.599552716010206268e+02 9.415644017553994445e+02 2.431741516032855078e-04 1.310623289429155357e-04
7.168625016236135252e+02 8.772359847107256883e+02 9.417691454826685599e-03 -1.219395632432057792e-02
9.064130731851400924e+02 9.234408710024970333e+02 -1.992652676041852845e-03 1.696168797199635800e-03
9.005441240506598888e+02 9.278078263256743412e+02 3.233901015251191766e-03 -4.119857086498041575e-03
7.085900620387768640e+02 9.917759244659426940e+02 3.401689701149734901e-03 3.466693856379120253e-03
7.149258029193227912e+02 1.011679445717477165e+03 -6.767864492127892212e-04 1.705773013564920509e-03
7.050120402785199758e+02 1.023693038785440649e+03 9.564737438639363785e-04 8.425874370295156597e-04
9.839586563507342589e+02 8.468190828514474333e+02 6.980920309014535799e-04 2.936136474000695679e-03
3.091379980873617228e+02 9.197410903128318296e+02 -1.796615065005326972e-01 -5.418448598573789576e-01
4.816900557217282426e+02 1.099053144920330624e+03 2.188435066345125867e-04 -1.508816953270916748e-04
7.045145997146775017e+02 1.036419967060673343e+03 6.380067115238075275e-04 -4.591818179744565267e-04
7.518281054207177476e+02 1.067595261889183348e+03 1.489706747760113849e-04 3.991172698169075258e-04
7.456210916161693376e+02 1.071504414947688929e+03 -1.166888082952757008e-04 5.457031387673976679e-04
1.311495145840467558e+02 3.252353694136864988e+02 1.197902697334081359e-03 3.716857868017307397e-03
1.236289317495112073e+03 4.018219546106706161e+02 -8.260312704083340798e-03 1.666574321068434172e-02
8.998449968873708258e+02 1.102152940826702661e+03 7.466021463417268954e-04 -4.861774337850064678e-04
1.165891687751969357e+03 2.378429302571854862e+02 -9.626817710676562057e-03 5.151954702502435819e-03
2.522988353566006765e+02 5.787665323620354911e+02 2.054398141500721892e-02 1.033402732518823586e-01
2.774500483366693402e+02 6.738193967304174521e+02 -2.153442088866194121e-02 1.760731700564974744e-01
1.345541985215501199e+02 4.004356173859630985e+02 -3.015348081896493219e-04 8.334034472044445779e-03
2.308082576989105235e+02 7.067864585032482410e+02 -2.024378873708674101e-02 2.427105593931060956e-01
3.264163309293131761e+02 9.317338828720731954e+02 4.541853078484269224e-01 5.261601157121663652e-01
7.620630910826303079e+02 4.538855606287971796e+02 -7.215424383543386777e-02 5.442112469141548864e-02
1.124040546181937316e+03 2.203391128757847355e+02 -2.336987602190431640e-03 -4.787235166378253984e-03
3.443195431089352496e+02 5.529305546853187252e+02 -1.077511923469415683e-01 1.961990918235093084e-01
8.013056494582216374e+02 8.817038347116083514e+02 -1.483932984876113262e-03 1.386240352770631888e-03
2.420614634949553192e+02 7.078641536715518896e+02 -4.367765316131098224e-02 2.018035909733789102e-01
2.150836081824180610e+02 6.711044155398526527e+02 -9.099894509552593561e-03 2.708658162035862405e-01
5.636429358031231232e+02 4.584537413310760599e+02 2.005869926085441536e-04 1.158124000757634582e-03
2.535969371679793198e+02 8.583264870921592546e+02 1.817881664784310181e-01 4.599040297359435203e-01
2.630062812620744239e+02 7.080362149999683652e+02 -7.839026141356000843e-02 1.894796900012509777e-01
2.885947550140085696e+02 6.691156747427968412e+02 -4.127749819361772182e-02 2.055036521799813720e-01
2.601545266690354197e+02 4.910710944439144328e+02 3.006666856033056792e-02 -5.740672197437039076e-02
2.707667946486147912e+02 4.678047974759412000e+02 2.587466193892175650e-02 -4.963066172498237921e-02
1.043543894803005060e+03 1.936731887057555923e+02 -2.672762419837057882e-03 -2.786821223789709293e-04
2.866470761536877490e+02 4.717269562346406246e+02 5.041550758573807439e-02 1.174174453243748278e-01
2.659818747589151826e+02 4.685195209293664220e+02 2.607630464713775117e-02 -2.690775458599753422e-02
1.168451395912140924e+03 3.866131293409853242e+02 5.443849536031353242e-02 3.019916596790624963e-01
2.177658117506433371e+02 2.919203880068125727e+02 -7.202479862417021650e-02 -3.100292092076438188e-01
2.611266299424317481e+02 4.641207431026448944e+02 1.419952782088677173e-02 -1.863309234539037296e-02
3.299252980271910474e+02 9.265230179053999109e+02 4.410791521903108525e-01 5.283868996041539701e-01
2.686835435062212127e+02 6.666288270683978681e+02 -2.738501914650261909e-02 1.543469329528784073e-01
1.008561168375121156e+03 8.166790553769690177e+02 -3.669020628760813214e-03 2.815642100140304180e-03
3.184767325480036675e+02 9.662808844229730312e+02 4.717009780014825293e-01 9.131863389367456119e-01
4.866475341569084776e+02 4.472114748380949436e+02 2.009300057262398704e-03 -1.100152076084819595e-02
2.407063583648133545e+02 6.017652958401525893e+02 1.069043427304731605e-02 1.833292607981748257e-01
2.418378285924299576e+02 6.216361793801430622e+02 1.245337576593479566e-02 1.398860826565540560e-01
6.306698698669951000e+02 4.338995828668352601e+02 -2.941659272899601607e-01 9.254164171550718909e-02
8.350443683013910459e+02 3.225689718397329102e+02 3.537721598557160008e-02 1.365827245499666269e-02
2.819763834648553598e+02 4.866225497593780460e+02 -2.699189596930661600e-02 1.499064078297707159e-01
2.299482101302634192e+02 7.435346297590117501e+02 3.345598483192847861e-02 2.720849825729301785e-01
5.544207521194128958e+02 4.345191631186821155e+02 3.768381514719699923e-03 -5.574737205387855776e-03
4.654500919390756621e+02 4.556063661154094007e+02 2.695892269804064587e-02 2.661115790935992056e-02
2.794555085774420036e+02 6.420853185228338589e+02 -5.811798987204638139e-02 1.290601793972754319e-01
2.797285433367406426e+02 6.303086308366451931e+02 -2.208615885976569077e-02 1.423042082516416396e-01
2.540881662670994956e+02 7.167142384731957918e+02 -5.214375609977599246e-02 2.373720294427013322e-01
2.106348664814444192e+02 5.840714327136363408e+02 -5.339419300862899460e-03 2.655756925279173595e-03
2.899727789466126637e+02 6.102224291105687826e+02 -1.569627721349573651e-02 1.075393941551987809e-01
4.908849097148635110e+02 4.293656460185907804e+02 -8.272969832619716038e-03 -2.018900861958848006e-04
3.044580404754830738e+02 4.806592541896703779e+02 -1.712742150417068399e-01 -7.901918126453826019e-02
2.977039872884758438e+02 5.400538092178639999e+02 -1.529933345357176698e-03 1.201587989385076265e-02
1.205533846581910439e+03 2.193683716939438852e+02 9.201633152575046382e-02 -1.556230261982527729e-01
3.059349080755987984e+02 9.261902882355856264e+02 -1.540472262515664714e-01 -5.478460569415722903e-01
2.160308939302144040e+02 7.395909104306490462e+02 2.612736518346485404e-02 2.954624967518902356e-01
1.209763613790983527e+03 2.611462112535705842e+02 -1.822780484216948845e-03 -1.085853500621896707e-03
3.372666832134566448e+02 4.809819843115241724e+02 -4.973606793551071936e-02 6.766426051090003446e-02
2.423381014588533162e+02 6.551920954047130863e+02 -2.336279766700021313e-02 1.830438130509179084e-01
3.387885650660586521e+02 4.986921803275129150e+02 -6.483439033511015359e-02 6.871027110785764280e-02
2.249995813233467175e+02 7.135133465250609106e+02 -2.391810516951550086e-02 2.306317848291889738e-01
2.703031764203587386e+02 5.728336394221371393e+02 -1.090782211023584754e-02 7.027431142345075266e-02
2.509068662219695511e+02 5.063973787962669917e+02 2.049411334986294894e-03 -2.025035455264260348e-02
9.702274160310431625e+02 8.441980971290906837e+02 -2.182551017162860305e-02 -6.489841426191380463e-03
2.937048931834684140e+02 9.520658110544584360e+02 -2.406858574097317516e-01 -4.825740072253744684e-01
1.231825865331610885e+03 2.560763836381211718e+02 8.313824369026568892e-03 -5.061699573125584550e-03
2.807539248364465152e+02 9.338784756234879296e+02 -1.766570162846624048e-01 -4.973568280370047612e-01
1.020508057087592761e+03 8.162238998586417438e+02 -1.954035073910322107e-03 -1.265608838890996263e-03
2.194104131818630776e+02 6.805151148641595000e+02 2.587182858887911250e-03 2.616258260565694216e-01
3.428276614621983072e+02 5.385042371669982231e+02 -4.080218329781725578e-02 2.975024344358405404e-02
2.019774385335009299e+02 5.117492200090208030e+02 1.515192482431340984e-02 -4.414074902813759117e-03
9.548351955342711790e+02 8.533246051398054988e+02 1.383001268384710311e-02 3.744775880746412534e-03
2.561846781483179143e+02 4.430876889159319489e+02 -3.798956780610357464e-02 -1.295859580620810914e-01
2.694532890605257762e+02 7.007191428802777864e+02 -9.012779101138532201e-02 1.825027761995517417e-01
8.292207953657012922e+02 3.485813828584189764e+02 2.487345420266560969e-02 -1.360571150885762394e-02
5.068588096198397466e+02 4.414623867265145236e+02 2.220787043348978161e-03 -5.078844406393209776e-03
2.066411452016173200e+02 7.115680716336332807e+02 4.537788191171701624e-02 2.783318208767587842e-01
9.690018900047205079e+02 8.311817239454700257e+02 -2.415586419416096853e-03 -6.251070834547262089e-03
1.004509240109263828e+03 8.320349074694989895e+02 1.772179308526538547e-03 3.693849520018240191e-03
1.042794198629014772e+03 8.487188522992066737e+02 1.635432133056527459e-02 6.695398047573726183e-03
2.471034372080207220e+02 6.090467697084732208e+02 -7.050535941945358653e-03 1.412040825431325475e-01
2.490787340416148368e+02 3.839781853004898835e+02 2.003342957479785011e-02 9.782528622725064626e-02
5.094391022840949859e+02 4.565090202602178806e+02 -4.627565380399861934e-03 9.297031403340079089e-03
2.525985805916686218e+02 4.842388528553707374e+02 6.667637580336238830e-03 -5.581568203474140955e-02
2.596386595519550156e+02 3.623229586314803896e+02 1.322431179806476433e-02 1.178591790759580815e-01
1.071091446947721124e+03 1.843402821799183755e+02 1.382244641398315196e-02 -3.286591407087112449e-02
4.959465367510977671e+02 4.392026995810895187e+02 2.900253768573991114e-03 -6.010046741898173979e-04
2.819611577363266974e+02 6.363486023278659331e+02 -3.973339956952474938e-02 1.359298691231270173e-01
2.806038484928936896e+02 6.652545691188389583e+02 -4.804719486491090819e-02 1.769812191230875631e-01
2.410386839366421441e+02 8.334710826790122837e+02 1.509390900525590939e-01 4.375690933451920617e-01
3.406118818300793691e+02 5.310078058564685080e+02 -2.958568490519234567e-02 1.550146055020525972e-02
2.313956420316156084e+02 3.383688427656946942e+02 -7.987778180264237804e-02 -3.164944490412170408e-01
1.926389434198917741e+02 5.781808360295460716e+02 -8.969906739925854675e-03 -2.122781622489074409e-03
2.517195866369260955e+02 3.594996032480580084e+02 2.722091613789513406e-02 1.316412486209402322e-01
3.219070204715644081e+02 5.258589073363364150e+02 -1.557069410961557307e-02 -1.196077426666846896e-02
2.706074123574015289e+02 5.977243606407832885e+02 -2.825641662770065135e-02 1.458711780804946012e-01
9.857017406306016483e+02 8.270119074630175646e+02 2.190120491548549347e-02 1.899118089469165353e-03
1.197837553526544298e+03 2.014543621002266889e+02 5.061470943942232743e-03 -3.649039503894507906e-03
1.015318779968036665e+03 8.111542690233172834e+02 -6.532202331089651329e-03 2.640563691839491797e-03
9.840035565720882005e+02 8.200625924279850096e+02 2.757187825335055860e-03 9.675882360267165291e-03
2.346219627105962218e+02 7.953059701411870037e+02 1.322909181859870387e-01 4.198984877337437749e-01
2.917099245505652902e+02 6.239313910152300195e+02 -4.313551221963957821e-02 1.233453794884238480e-01
2.319462450330714489e+02 7.751185333091293614e+02 1.153243273201774305e-01 3.663605943093405370e-01
2.591728737653068038e+02 4.451977573595144122e+02 -4.485089563754604547e-02 -1.268218721957888040e-01
2.354738994893144479e+02 5.860318447887532329e+02 2.331877481575103574e-03 1.805605072425042479e-01
5.816680017382537926e+02 4.348690664820446159e+02 -3.885005500437570258e-02 4.884509671290802185e-02
2.558173043719875466e+02 3.362422135513203898e+02 1.225835985445121110e-02 6.870292016617553232e-02
1.072869440149833508e+03 2.124444509939363286e+02 -5.204717175000059780e-03 1.918305892484659450e-02
1.115299592122589729e+03 2.102309250456195286e+02 -3.111616804149025181e-02 5.359420717165182951e-02
1.244319922440534810e+03 3.975196344713190229e+02 3.469315948972741693e-03 -6.196024709779386803e-03
1.071715195614861159e+03 2.015667067851415766e+02 -4.203924612862591781e-03 -7.912148719599777910e-04
1.168507869313674973e+03 2.466691273240379019e+02 -1.770307205484497517e-03 7.699334116750833346e-05
1.141966952558341291e+03 1.483828849421808229e+02 -1.176023866420370864e-02 -2.233604739193294914e-02
7.222583687524115703e+02 9.144894177142089120e+02 -4.053548923871578766e-03 -1.341696653731663802e-02
2.394760130416236450e+02 6.458980639416998883e+02 -9.022023108149940934e-03 1.930081608280817262e-01
2.397216447949215308e+02 3.367393580194971037e+02 1.957508274719037267e-02 5.758785703250225013e-02
2.766132535892610917e+02 8.390443260820152318e+02 1.763028335025138005e-01 4.828870862603097946e-01
1.010074930083110530e+03 8.372809865675666288e+02 -4.127859487108244581e-03 8.719345556733286082e-03
3.026671578136338780e+02 7.872266195370801825e+02 2.075635590817696483e-02 1.524993237427846196e-04
2.425127489677948063e+02 7.188383505039898864e+02 -1.238901501222577570e-02 2.136638038295579911e-01
3.011288109574512077e+02 5.826647869777034430e+02 -5.200831162603370555e-02 1.120699075896349345e-01
2.454169290958539591e+02 5.151312399745453376e+02 3.183155297969676029e-02 1.895431298613844094e-03
2.777558676550763721e+02 4.300415453527566569e+02 -1.262961986872097007e-03 4.011189883735340189e-02
2.541924872837068961e+02 7.748798891160802214e+02 3.875862542184736054e-02 3.252214868023641237e-01
2.431172963386192976e+02 3.525937925703909173e+02 4.838220476307298484e-02 1.338857794656832245e-01
2.373908272899844292e+02 7.056855405909977890e+02 -2.103369859130683681e-02 1.976894964872797367e-01
2.130446512729679966e+02 7.149296781416851445e+02 1.253048808988208723e-02 3.287676461108104964e-01
2.354310613972454007e+02 3.641376870926640095e+02 -7.639203036677966185e-02 -2.761253575877933852e-01
7.244006419119060638e+02 9.757309755728575738e+02 -1.538168589776419196e-02 -3.891791388074881605e-03
9.379484196563371370e+02 8.412668536920740507e+02 4.937899926884112278e-02 -6.404408649934500986e-02
8.138555318465171240e+02 8.720947315748877600e+02 -4.296780236177930555e-03 2.550962339635607333e-03
1.267069394018307776e+03 3.889142097721286859e+02 -2.039267159687207457e-03 2.495156687656266241e-03
9.151787296496926274e+02 8.383891641635500491e+02 2.871646395071685842e-01 -2.025629796347787615e-01
5.861289246307471785e+02 4.439760178891123132e+02 5.261004601407822528e-03 -3.745355333390167595e-03
2.153636680781899884e+02 6.450664750079928353e+02 -4.962768576400763271e-02 2.824852148134735508e-01
8.878107227033904110e+02 8.747395697145200302e+02 3.947804356720731045e-01 -1.575218747981127765e-01
1.174301124335421491e+03 1.433549013893982362e+02 5.710616036885137262e-03 6.357126799114797173e-03
2.752735868212032528e+02 6.110108580899936896e+02 1.067767432207819903e-02 1.124373812255134025e-01
8.847028927482455174e+02 8.803392325398455114e+02 3.760954647347428681e-01 -1.597663316857868832e-01
2.344342511715312298e+02 6.372611497932773545e+02 -1.798901754732958741e-02 1.493502413754507763e-01
2.358245273503629562e+02 3.204447062855071522e+02 -6.405575257172874517e-04 3.989127523532497166e-02
3.712882739272654362e+02 9.811209298542200941e+02 -3.764121556916184830e-02 3.964960078458756865e-02
7.921458043481945879e+02 3.628107864074902977e+02 3.790940817426903531e-03 1.381272183452735437e-03
9.494232713529055445e+02 8.449409008715836080e+02 1.748184504879641415e-02 4.096953020304888379e-03
1.019410131762597530e+03 2.423229829262487272e+02 -1.644892507312585572e-02 -6.839642168446548320e-03
3.106617500878993496e+02 4.760599105700287055e+02 1.279614367663360966e-02 -3.597762869538477515e-02
5.352824054364541553e+02 4.830671846323044178e+02 -9.005856602437116703e-04 1.427053233105889281e-02
9.405200636528750238e+02 8.753150325525564313e+02 1.829938976165132458e-01 -6.989119549126768249e-02
2.607599187717376026e+02 5.432927379984846539e+02 -2.016103450995950785e-01 1.152754195645481761e-01
1.033483675509145996e+03 8.317720711699892036e+02 4.551885643592985115e-02 -2.688960109264713905e-02
2.960662858327836489e+02 5.440722474045811623e+02 -3.405987917769474904e-02 -1.343966665587735879e-02
2.137199578749945772e+02 7.654408116739106163e+02 8.208785073646529540e-02 3.637837530381157203e-01
2.652938739169800328e+02 4.852382621303374322e+02 -2.764067589786315532e-03 -7.378388410016006871e-02
9.066915953421001859e+02 8.336388732588700350e+02 3.009408835852183661e-01 -1.565959439774202711e-01
2.736115203134661442e+02 4.624199405765306210e+02 -1.953320833980839652e-02 -6.144481744019453934e-02
9.245596055267697011e+02 8.951605143807031482e+02 4.250328600834528125e-01 -1.174834702489718358e-01
2.945350693970943325e+02 4.122145936573322160e+02 9.205991897400477020e-03 -1.478389413878322504e-02
2.633760091904756564e+02 5.050313491792106788e+02 1.139494973505416047e-03 1.626257199234822743e-03
8.707490953565636573e+02 8.999311158847432353e+02 4.483549704992450535e-01 -1.640581385317595453e-01
9.171747516464404271e+02 8.895087523114823398e+02 4.252397253119150067e-01 -1.019921305987590288e-01
9.012233003374855116e+02 8.481443521114334771e+02 3.072239712951372881e-01 -1.874752275447066907e-01
2.349481137964211541e+02 6.759416003002621665e+02 1.456245659975163344e-02 1.885695447207466624e-01
3.320099621106566019e+02 5.633221076236471845e+02 -1.688004328592805983e-02 2.754230766312827303e-02
8.599046171338987961e+02 8.587360302477511595e+02 3.730887667312819955e-01 -2.394759166264432970e-01
9.717870341531580607e+02 8.817658685674074377e+02 1.713489107701454683e-02 1.123140852632224101e-02
3.282816393329089237e+02 5.807088338141662689e+02 -5.903509504469972233e-03 -1.563386480127222210e-03
2.716867442337585317e+02 4.956935337090230860e+02 -1.032179424031831952e-02 -1.190508688872490319e-02
8.644400808567942249e+02 8.871225446243666966e+02 5.172910135756370043e-01 -1.475596302024357043e-01
1.855507120935022556e+02 5.754145217124982992e+02 -2.133578567764126636e-03 -2.320443765668615474e-03
2.575945661897262653e+02 5.732928852777231441e+02 2.624549468526655646e-02 1.355224467098389840e-01
3.355415700366983742e+02 5.369278060703277333e+02 -3.312318493565012678e-02 -3.219692080485608843e-02
2.570773729378427106e+02 4.757288051123974242e+02 3.650336101342579326e-02 -1.418982535015026435e-02
9.899431196424172867e+02 8.517306657653891762e+02 -5.831153133033352941e-03 -1.578106422920256451e-03
2.624139842467192238e+02 4.743516893758677497e+02 2.397126753958679982e-02 -3.301385337227422806e-02
8.760396223703585292e+02 9.065716891928558425e+02 4.568273710063189275e-01 -1.526476351462537073e-01
9.184431413792887042e+02 1.102559760438222384e+03 1.625149255424181366e-03 -1.759143179845856536e-04
8.615151705755182547e+02 8.970919683284987514e+02 4.635132375006768002e-01 -1.556483910389898084e-01
1.137438947619887813e+03 2.613956631826830517e+02 -5.383222902647089025e-02 -2.193786498376315286e-01
2.034684149838201108e+02 7.022136460658165333e+02 3.758724218228211289e-02 2.828017342970288173e-01
1.998306693021469300e+02 5.786676307451552930e+02 1.186022367787497624e-02 1.712914171233897304e-02
9.629942487315785229e+02 8.690410589289894006e+02 2.470781598560452541e-01 -6.767285332244178664e-02
2.493758503667299919e+02 5.705851408909720703e+02 -8.104387409903188177e-02 1.658041257506132904e-01
2.504084538757161056e+02 3.022202685901694394e+02 -1.930505627718944427e-03 -4.896088305009349204e-03
1.894633639708245028e+02 5.087530758287414869e+02 6.595556240950649872e-03 1.180240490734291506e-02
1.017648870278115169e+03 8.651315368020157166e+02 5.781980343478702877e-02 -3.584386105740797884e-02
9.746813669383004708e+02 8.542512910013460896e+02 -1.792503558104695249e-02 -1.266164195640225726e-02
1.169245571997780871e+03 2.233498745546905866e+02 -3.032651163367869503e-03 -1.819396987853582389e-03
1.193159314842673666e+03 2.505300978647973409e+02 4.784382329080022131e-04 -1.526294600820972229e-02
5.153853813224260421e+02 4.204072243501418029e+02 -2.329198677871182899e-01 1.044296488267428408e-01
3.225009442808409403e+02 4.883745082209825910e+02 -4.726627363423700767e-02 5.189272465083876601e-02
8.023569310586365191e+02 3.582274456572729378e+02 -1.253233754838188607e-02 1.251488902776956048e-02
2.324838871139077980e+02 6.505531498286186434e+02 -2.243265671900431663e-02 1.885363636662068521e-01
8.018244794028460092e+02 3.471080759513790213e+02 -6.014269134217138310e-03 -2.533606460674761238e-03
5.424490413071623607e+02 4.664312851974619889e+02 4.255444714330435668e-02 1.507049580581480870e-02
8.273208285934043715e+02 3.271333520168201972e+02 6.033377336454424575e-03 8.146586613909873389e-03
2.819384096637404014e+02 5.797047580351601255e+02 -4.574505133091023856e-02 9.959804082430845362e-02
8.621622789477625020e+02 9.130517166696718050e+02 4.682964243494538992e-01 -1.335971279567497727e-01
1.134625575424134922e+03 2.233627752019363584e+02 1.711458133457307391e-03 1.389091606651617246e-02
3.388315202070614305e+02 5.487492572544088034e+02 -6.335156798219584995e-02 3.780546618775876277e-02
5.680274906549010439e+02 4.257307319906239513e+02 -2.681247421102654800e-03 7.310207462743471135e-03
2.399388026926164343e+02 8.116774256688811420e+02 1.607386940935142672e-01 3.978250624153113479e-01
1.088661825792098398e+03 2.299944228278620244e+02 1.418127715563212779e-03 2.152498618536558689e-02
1.157162769432817640e+03 2.219818419191813916e+02 4.569452310930176980e-02 4.928080471974972954e-02
2.239470965569283862e+02 7.056200543337477029e+02 -3.751692414991478902e-02 2.733731264756064649e-01
3.328623145114843282e+02 5.112212390979424868e+02 -3.599962709320647658e-02 2.714852728097254600e-02
1.026795314674656993e+03 8.687516235310288266e+02 1.874679820710271200e-02 4.065931069151089428e-03
1.138729927682950574e+03 2.420896516452857270e+02 2.382852180798077923e-01 -1.509322829692237578e-01
2.183767177738176599e+02 6.305863497519138718e+02 -1.759428582591194071e-02 2.018707792179861571e-01
2.873315238009402037e+02 4.603464228700632361e+02 4.223347184049904002e-02 9.343478036754673810e-02
1.167882960678357676e+03 2.068616508094307562e+02 -3.014878840501368507e-02 -6.237616952457508690e-02
2.362321256737714066e+02 3.022365480738462225e+02 1.089803105575320313e-02 1.707839042663998608e-02
2.702835622519858134e+02 7.707390273288422122e+02 1.618758208016632671e-01 4.076012106990251072e-01
5.662566895577040214e+02 4.659233404246236887e+02 5.018154226911857724e-03 5.701482479888018116e-03
2.919962338592794708e+02 9.066194548536726643e+02 1.730195505323741945e-01 5.385496705373745696e-01
1.276598548408640454e+03 3.759427565399540185e+02 -1.257233929030206025e-02 -4.489333361119285382e-02
3.333959222178209529e+02 5.587481558050227477e+02 -8.059357766594846262e-02 2.315815503774645845e-02
8.340092044817330361e+02 3.363361457787080440e+02 5.610827213959145715e-02 -2.949121283210960273e-02
3.435445377902566975e+02 5.253123209037363495e+02 -8.991407758088768021e-02 4.538922224820466506e-02
3.001513930432543020e+02 9.986215678009277781e+02 -2.439009562488154703e-01 -2.959047562896494621e-01
1.123289378894948186e+03 2.677430294012129934e+02 1.207429186552592959e-01 1.357902551914282607e-01
3.041081781404605522e+02 5.509006159245926710e+02 -1.326107960287876454e-02 6.493101559543573709e-02
1.145376568729032897e+03 2.168192630222164894e+02 -7.243325115946435723e-03 1.500130274271022687e-03
1.026141569934214431e+03 8.265120710242448467e+02 6.122016613724301449e-05 -1.670550790069259828e-03
3.063344209889127114e+02 9.942423457812822107e+02 -2.791070516136850421e-01 -3.549480726295238253e-01
4.870656392412570881e+02 5.076477395790998912e+02 -1.444656381329547101e-01 -2.509289485130741099e-02
1.983414594900548025e+02 6.850628185942099435e+02 2.377100184917771419e-02 2.632752101801509315e-01
2.840772625639731928e+02 4.958709379071636931e+02 -1.320513015155378236e-02 1.073757093415679265e-01
1.075724527112940450e+03 1.706525922101536423e+02 1.439320250754953789e-01 3.139883288410785789e-02
2.909877052371356854e+02 6.353810318368435901e+02 -4.624037517549375170e-02 1.432228449189963670e-01
7.761946872918349527e+02 9.558062579760638755e+02 -4.428329324706127834e-01 1.227783987027925156e-01
1.136139630278088134e+03 1.906968223499877979e+02 -7.464126678999014367e-05 5.751444680394588414e-03
9.865464216414285374e+02 8.755080177892654092e+02 2.207485130580576216e-02 4.196956442589034816e-03
1.136593899810019821e+03 2.976839468650982781e+02 6.729602729801581473e-02 4.526741006411735824e-02
3.556875281776503357e+02 5.235264543759494700e+02 1.638234653509174077e-01 -5.540743072376372869e-01
2.489598110951831984e+02 3.589546615600064001e+02 6.210602178327410960e-02 1.376932705227211506e-01
1.140117038792928497e+03 3.985820476924021136e+02 1.275662866111099691e-01 4.470105383548558242e-01
2.495311066398239461e+02 7.149744028725544922e+02 -5.349691592643026489e-02 2.065487951885118800e-01
9.939020771772651415e+02 8.763679380630047717e+02 2.168659346656712228e-02 1.070638615342071713e-02
3.130184370677648644e+02 5.343538535974984143e+02 4.053898547661195155e-04 3.733913195982594465e-03
6.774234358507081879e+02 4.174526336038093177e+02 -4.097105728492194121e-01 1.815926519565001507e-01
2.892339158671134101e+02 5.448903279882455308e+02 -6.101024984394542473e-03 -1.317936317936397629e-02
2.064567485044004798e+02 6.846346630639740169e+02 1.935606106576105712e-02 2.386780203822764235e-01
2.822402744321652222e+02 5.204932467193344792e+02 -5.231735932571353331e-02 4.192991787098241524e-02
2.620457992632336186e+02 6.964413295557499168e+02 -5.757538759683435148e-02 1.724836632433958683e-01
2.658646105498229417e+02 4.196822234484408796e+02 2.293147607967415194e-02 6.311827614293670508e-02
6.733605933659804350e+02 4.963623505855699705e+02 9.330207689725572963e-04 4.313218099026574982e-04
1.206154729342542169e+03 2.463194428344146161e+02 -1.331670604600722167e-02 2.232127566643041586e-02
1.118789405834428862e+03 3.653724925705166129e+02 1.734632189027612292e-01 3.801101041427739080e-01
4.709690059675884868e+02 4.363504257682107550e+02 -1.223767689199044793e-03 2.941862529241061081e-03
7.307897184223047589e+02 5.233310556619751424e+02 -1.899319694782751825e-02 -2.827559277240184257e-02
2.470936161891744121e+02 8.484522014070394107e+02 1.767577890173490929e-01 4.558045044626657938e-01
2.751910777668775836e+02 4.711698186152602261e+02 -1.487077764455019095e-02 -4.122216047778805292e-02
1.514730137319601511e+02 4.546847517257870663e+02 7.151632580993157607e-05 3.097403255882193347e-03
1.079761803566454546e+03 2.207439740792338227e+02 6.321619016710041880e-03 -2.237264379789535157e-02
1.183730934286656520e+03 1.924246666060608106e+02 -1.238699695267120732e-01 6.059816110339572015e-02
3.430018888069857326e+02 4.793274482202704689e+02 -7.207060029359937947e-02 4.255337414378228961e-02
1.108051830645457358e+03 1.619423034309476179e+02 5.322473335679818451e-02 -3.092416911399094998e-02
1.128038510550874207e+03 2.028013873061068750e+02 1.958564453998901111e-02 -2.028781569943122545e-02
2.468628827795536722e+02 3.092213256928861824e+02 1.022645618687726375e-02 -5.536541702129213136e-03
2.905893633236314599e+02 4.981476082656163271e+02 -2.455686856989143518e-02 1.094929400193549451e-01
7.591623722494654203e+02 3.540263417781767998e+02 3.102628760481149772e-01 -1.391990932554867111e-01
1.156286486411548140e+03 1.785526148805957689e+02 -5.964943857310401470e-02 2.079285514696015483e-02
2.625287349833076860e+02 5.743977945394601647e+02 -1.394442790174005298e-02 1.129822531750602488e-01
1.156294261712152093e+03 2.394767464267023058e+02 -2.821787202130039891e-04 3.058767925726570917e-03
1.104934448560834880e+03 2.042498379795284222e+02 -4.060250388522828463e-02 -4.949354398386017484e-02
2.339885609498875851e+02 6.244265208580497983e+02 7.220109964354680041e-03 1.609196190157503870e-01
9.212082434999198313e+02 8.638018477884337472e+02 2.230036933823058565e-01 -7.120753406508860406e-02
2.746740926492199719e+02 7.998888480605112363e+02 1.192402239449234513e-01 3.151897141249017098e-01
2.762517182781573410e+02 5.021522538918295595e+02 -3.290849703891428335e-02 -1.213916542800326688e-02
2.083226763242737718e+02 4.898358499335861325e+02 9.480181834829740561e-04 -4.286789469846449992e-03
9.736784367217427416e+02 8.908625406521146033e+02 1.826308352912233909e-02 7.899504180793900585e-03
1.157328883994858643e+03 3.385535508269716729e+02 3.809770053198287265e-02 1.618329925640594469e-01
1.059378066706347454e+03 2.877883379400990407e+02 1.461199398687664242e-01 3.281860714753034314e-01
3.409345411767466203e+02 1.016998420292752257e+03 -1.314962891109619503e-01 -3.517239941285084659e-01
2.186672642757889093e+02 5.422864219033540394e+02 2.970218430924333880e-02 -3.131615656049446111e-02
1.076726657881335996e+03 1.780275288284495332e+02 8.850992773902884025e-02 1.464431165629466458e-02
2.017362224300633500e+02 6.741011088808954810e+02 -5.278131203402836036e-02 3.119167815554640399e-01
2.855138828192813207e+02 5.017263334507645141e+02 -3.469184395000562277e-02 -1.687529872949631096e-02
3.243305019469628405e+02 5.034322680324590351e+02 -1.128991795246269275e-01 2.098875126116947487e-01
3.138039754522665135e+02 5.736781741961872285e+02 -1.370833616024671325e-02 6.446101053956618254e-02
6.261728513368296944e+02 4.284441024170996570e+02 -2.832663977222560914e-01 6.861949708971759598e-02
2.402466836074367791e+02 7.533824090377009952e+02 5.752933605221567659e-02 2.889381465408162319e-01
1.039990653103177920e+03 2.868763242376622884e+02 1.011917026073773547e-02 1.725385595529074431e-02
1.179034692643013386e+03 2.283769310925275420e+02 6.880178815717414437e-03 -1.568334959834701350e-02
2.853720692517857174e+02 6.024687547740221589e+02 -1.214233341506702063e-02 1.471814154567372135e-01
2.328485570049909370e+02 7.646268966555061297e+02 4.494118230533306925e-03 3.344736628692649982e-01
5.711290851193184608e+02 4.316416136414827633e+02 -4.126107001797668303e-03 4.179523058566458199e-03
2.628437437569641588e+02 6.862251383235077355e+02 -4.908312868113200167e-02 2.470884993956824482e-01
2.672544919639996124e+02 4.024907440338021729e+02 1.717651132998575594e-02 -1.528446769994710845e-02
2.526012120976830033e+02 8.347715771466306478e+02 1.676801848972738762e-01 4.688219408674274558e-01
3.216352015148850683e+02 5.238185243639694590e+02 6.312792070866410192e-04 3.200097295908306549e-02
3.071935902548013360e+02 5.434047729986901913e+02 -4.522799516695780002e-03 7.046501628505018322e-02
2.241555176142175583e+02 7.949155781384964712e+02 1.208710200706532428e-01 4.530118979775044075e-01
2.716839143909209042e+02 5.639805072755576703e+02 -2.273826693490916748e-02 1.117747213458455541e-01
3.027809288959851415e+02 5.404935919712455643e+02 8.129530634243232416e-04 9.854657483282437680e-03
1.182059928160079608e+03 1.888917843710202362e+02 9.573642339468603490e-02 -8.541104145547139329e-03
2.672627031324324207e+02 4.324116276435375994e+02 1.833168364772959705e-02 8.133773735117319492e-02
1.050012844871632979e+03 1.897700564966121988e+02 -2.073696105902503306e-02 1.883647226985444567e-01
1.159618919463010116e+03 2.268308057282986852e+02 -2.753374638818923380e-03 3.182494689135221405e-02
9.123812145941836889e+02 8.491212606975007020e+02 3.007935395480784702e-01 -2.099528054902759788e-01
1.177869918888993197e+03 2.429335808090699800e+02 3.002518412496092432e-03 -4.610546544517663686e-03
1.207499041560037085e+03 4.613043504358011546e+02 2.028861883983437975e-01 3.832833481834867495e-01
3.322093416848477432e+02 5.322460948308607840e+02 -2.216824379726548000e-02 3.249251502535512731e-02
2.739840001829828680e+02 4.118498653715134878e+02 2.614050738264668897e-02 4.854377205093230591e-02
1.033867385258443846e+03 2.953073913920863447e+02 7.095967014884711418e-03 2.065352432224652063e-02
1.079720431884195477e+03 1.866410388230536341e+02 -3.169819349546958154e-02 3.183414012819907324e-02
9.612812257655158419e+02 8.792088767040946777e+02 2.304624768034741200e-01 -6.693795289826728889e-02
2.255908908706399529e+02 6.701684299541833525e+02 2.616722605852607811e-02 2.601882636263213588e-01
1.095354876525003874e+03 2.144446804020484763e+02 -2.150376946914692167e-02 5.687589147854505561e-02
9.691023970192173920e+02 8.249718005506803138e+02 5.075136563085257731e-04 -2.283691027489814698e-03
1.230543437435197120e+03 4.659145537858800026e+02 1.807070075167820922e-01 4.331232454559020284e-01
2.297356647850435820e+02 5.306445301798227092e+02 -5.848053849429151775e-03 -1.128361266053431837e-02
2.504140764762568097e+02 3.455221239511647013e+02 6.193068145628899401e-02 1.244789733927979120e-01
2.487740872706894493e+02 4.093414739285374253e+02 -4.984867893561797936e-02 -2.029505902105196991e-01
3.141119526090769227e+02 4.711440576990730165e+02 3.824394772417654634e-04 3.217904884276984265e-03
2.802329689781003026e+02 7.890302031269442296e+02 1.627584687922672968e-01 4.616028217108629761e-01
9.466420736643940472e+02 8.817770650297451311e+02 2.298389897114957170e-01 -6.440026742676210891e-02
1.093133252673319248e+03 1.850852406610921435e+02 1.123263527843657451e-03 -1.423968616546069255e-03
2.681700114647787245e+02 8.729267355812933147e+02 1.716483533505110404e-01 5.004828316561750201e-01
2.349744907902631610e+02 6.652546857674308285e+02 5.327595986976589072e-03 2.013531838051766387e-01
1.186707423750044882e+03 2.502568093738293555e+02 1.124952611782178058e-04 1.561933112590184990e-02
2.271449980442203014e+02 5.893705107540010886e+02 2.302334689642462559e-03 1.785081816783565256e-01
1.231217046643675076e+03 2.982998054059728474e+02 1.732660989485222125e-01 2.468511871322879303e-01
2.745581321640977990e+02 4.898159804680175284e+02 -6.549817091487880605e-02 -6.299471372113772671e-02
2.991920429960148340e+02 5.115164645370657013e+02 1.405355839063412299e-02 -1.603055949089091797e-02
2.617365771059765507e+02 3.534760196839166611e+02 -2.045054580520456328e-02 1.295035177320496833e-01
2.628105256459692782e+02 7.756661782140857895e+02 8.115587069447582902e-02 3.053449198923625652e-01
2.794333647415339783e+02 5.797012124581051467e+02 -1.703329517100498139e-02 1.133776821000668511e-01
2.575881869228601886e+02 5.090787995734588094e+02 -1.124698606514866125e-02 -1.471664597643932305e-03
1.657893562584515621e+02 5.681200348343497808e+02 -1.132182801887048930e-02 3.448395148109059671e-02
2.639277011847673862e+02 7.395192151018395634e+02 -1.889794176817234314e-02 2.955567399239503179e-01
2.284913257608741617e+02 5.542313996861344094e+02 -1.472559473120912676e-01 1.725739563310363933e-01
6.527511934593023852e+02 4.234970325696639861e+02 -2.548297228933040781e-01 9.716310938915909134e-02
2.507288101675166843e+02 7.843687180489014281e+02 1.221775380950502060e-01 3.459736984800307336e-01
5.095733560266319842e+02 4.835199755296185344e+02 -7.305773131168500321e-03 -1.332236693383380324e-03
2.582411565163621390e+02 4.057471306330211291e+02 3.876915621478895652e-02 7.496028973159438169e-02
2.567351430940123009e+02 5.255339756605728780e+02 -1.937712187983814949e-01 2.347351373310390399e-01
1.189394076640434378e+03 1.724421124569042547e+02 -6.160281863595619585e-03 5.152348705869450735e-03
1.090646286691938030e+03 1.818524548336434918e+02 2.704352042174868603e-02 -4.322579356243669985e-02
1.224452182113945582e+03 3.966809630682807324e+02 -6.106547604357197984e-02 4.606021549279931682e-02
1.753746310796156536e+02 5.645963354902654601e+02 -6.324291026448822239e-02 4.691896852738418333e-02
1.198453822348328231e+03 2.209405510895520877e+02 1.280880612451048561e-01 -9.256299618989560773e-02
2.475089420981559556e+02 4.851136610019779027e+02 8.572763945484031950e-03 -6.585716404678877700e-02
1.170704357457464084e+03 4.253135182773296492e+02 1.552250437954702800e-01 3.733572627471006267e-01
2.558246419765646635e+02 4.183448708505103468e+02 -6.654280352251666641e-02 -2.026950765542457900e-01
1.190122049739416070e+03 2.157128844493934423e+02 2.401360780108106191e-02 -2.376087782283775596e-02
2.527425601900117158e+02 5.374186948381355933e+02 -2.020865327061266425e-01 9.522108414987226488e-02
2.302358913241772314e+02 2.972861758460297210e+02 4.848030146246060969e-03 6.792993560386075859e-03
4.758640350130727938e+02 4.461390754421035467e+02 6.586804791937754880e-03 1.118806131893335847e-04
3.154099482240308134e+02 5.500177440041322825e+02 -7.600300382929424392e-02 2.251628451299686473e-02
1.079882031947367750e+03 3.567676009944320867e+02 1.658462520361124459e-01 3.966959010025138399e-01
3.296513934871140350e+02 5.360885910102703065e+02 -3.234306351199373042e-02 2.034484538583879176e-02
1.149000676272013152e+03 4.221074643176312975e+02 -4.945232572586604619e-02 4.638597408970860370e-01
7.623753505920046791e+01 3.150988117071238435e+02 1.545689402290279912e-03 -3.164563896797908948e-03
3.162638561477846793e+02 4.939345018294786200e+02 -1.402585073729950213e-02 -5.979234921446248407e-02
3.075708207399843559e+02 5.062940595248855402e+02 -2.216618327492984181e-02 -1.166277574082196129e-02
8.226139966301331015e+02 3.369991475582402245e+02 1.924736877666837626e-02 -4.141245348193370725e-04
2.386606858663147364e+02 3.757924929726631831e+02 -8.075936029416230788e-02 -2.782536827019022607e-01
1.397526414227104681e+02 3.892673189646112633e+02 7.283094393342973150e-03 -8.507818067592590183e-02
1.057160408293304727e+03 2.696204175551987987e+02 1.965347060496706044e-01 2.757636060311793313e-01
1.165114459684009717e+03 4.227568623820073981e+02 1.451811450238501000e-01 3.571450324816204946e-01
2.635872871100656880e+02 5.116879237572742340e+02 1.015008994705164647e-02 -7.912150664806897205e-04
2.682662462631215590e+02 4.761834514602575723e+02 6.939325476236767563e-03 -7.081020488277714464e-02
2.591084482586401236e+02 5.954047047412067286e+02 1.317346813597776792e-02 1.201159557299006087e-01
2.490919102510685548e+02 3.685187984659625613e+02 4.344665724205796359e-02 9.849534416318897478e-02
2.896952874899581616e+02 4.440840188698627458e+02 -1.043268582076291133e-02 7.257075841920649500e-03
2.508735636897447989e+02 6.881485220229706101e+02 -5.034444554086189155e-02 1.857620017210333818e-01
2.271906173618608022e+02 3.295899900314103093e+02 -7.704543513228731544e-02 -3.200712710971207464e-01
2.543748479642298150e+02 4.902936611886912033e+02 1.945905793203736925e-02 -6.412543852289022406e-02
2.665149867281064644e+02 5.012465496988906466e+02 -1.060133490336671175e-02 8.241129483845985662e-03
2.441296095801520494e+02 8.000784613637860048e+02 1.293342916608000159e-01 3.518120365373015868e-01
2.442787169528311892e+02 5.373014893465876867e+02 -2.103223294236427898e-01 1.045740695549531862e-01
2.314618472982261608e+02 5.487636572895702329e+02 -1.637474649265978355e-01 1.430884620081796788e-01
1.065732380962620027e+03 2.548305762711598277e+02 2.781393285963171258e-01 2.910016470594696814e-01
2.133078006199358185e+02 5.441030456935653774e+02 2.690636161547571223e-02 -1.063673206438406349e-01
8.169602367921403356e+02 4.042513478940558116e+02 1.559083914059673261e-02 8.372354314801185027e-02
1.031104461548402014e+03 2.833802241024703790e+02 1.043157400176869011e-02 -1.077298070740506826e-02
5.171716935949665412e+02 4.721968079681506651e+02 -6.069343879188285155e-03 -9.418015815139041402e-03
8.914522908944294386e+02 9.322720469998323551e+02 1.832853569348936605e-04 7.792495131140397347e-04
2.088338084678156008e+02 6.243999883726872895e+02 -7.981983945793647006e-02 2.899387252837659634e-01
8.688571284141791011e+02 8.715494908092994137e+02 4.001331021671243326e-01 -2.386022756431130654e-01
1.101152505366870628e+03 2.584107464136612293e+02 1.630125611561855092e-01 9.317775400615257997e-02
1.207845327279505454e+03 5.143521792305562030e+02 4.314513592203431669e-01 4.756148842691250156e-01
1.217403828577027298e+03 3.732235730009546160e+02 -3.577815789645404088e-02 3.270984686161050869e-01
2.381355739402863776e+02 2.946909506085053181e+02 1.626471451456634049e-02 -1.132501109543569522e-02
2.964691387778765375e+02 9.329959950928763419e+02 3.143284706818053054e-01 6.398006495636615609e-01
3.130379580138000506e+02 4.881782605083593580e+02 -1.028205858116122418e-01 -7.841874596844733425e-02
2.645936188824407509e+02 4.423431973550336238e+02 -4.650295138152545082e-02 -1.219263545435227969e-01
1.159221276430117314e+03 4.538116947696388479e+02 2.189145508661864969e-01 4.625497401868588487e-01
1.102744638136286994e+03 2.290235421657776556e+02 1.643208715573690531e-03 -2.279934490217140966e-02
2.256909641561210265e+02 5.740938342647448280e+02 -6.268046781028428771e-02 1.993155406556662568e-01
1.108121086307756286e+03 2.581475586405090326e+02 1.022282538583139944e-01 -1.118906569104954341e-01
1.195555108568300284e+03 2.264592526695844015e+02 9.598210988103643426e-03 -2.146873416551564953e-02
1.171960768357993629e+03 3.603680927958144480e+02 3.518616663122524357e-02 2.374371876689113925e-01
7.568470856998221734e+02 9.630152250928078956e+02 -4.153536173762775729e-01 1.070799326070500934e-01
1.028675739313150871e+03 2.811836708691125750e+02 -3.371122163467715760e-02 6.963029754743810772e-03
2.252073691463061209e+02 3.123339990600967440e+02 -8.646272887710611255e-02 -3.327536467578061097e-01
3.001552575495248902e+02 5.164134099122874204e+02 -1.001453698196124419e-03 1.235560558821290067e-02
7.884132070498156963e+02 3.658814925334509098e+02 1.063807774401669647e-02 1.168040582177021572e-02
3.236316449125698682e+02 5.606920800954302422e+02 -9.897254770122583187e-03 -3.536829352330218834e-03
2.864371463125061723e+02 6.428940472482306632e+02 -3.724163278369835295e-02 1.454713546713032879e-01
1.298359785083896440e+03 3.665899145036164555e+02 9.301045207790269284e-05 -3.545040621104655399e-04
2.481769121637590274e+02 2.871647137278541777e+02 3.226538455254906838e-03 1.836764292162083867e-03
1.088102682968074987e+03 1.934174310968014652e+02 -8.331286913787179851e-03 2.268968685175389195e-03
2.426879698128962559e+02 3.947087909699431520e+02 -6.922838718160075067e-02 -1.970268156817686911e-01
1.098434375407523703e+03 3.029294690797334511e+02 7.078899290982097747e-02 2.762691428876165034e-01
1.258127689573268526e+03 2.999363686096082233e+02 6.390354206830421713e-03 -5.937158607634381718e-02
2.424762853084471033e+02 3.726416455583701577e+02 -6.258179252350766497e-02 -2.723044953374943455e-01
1.215294571143838084e+03 2.508966290485433035e+02 6.474618513799790221e-05 1.225853134145879356e-03
2.175983163675213348e+02 6.982465790311686078e+02 -1.179343430126468528e-03 2.430060611476380916e-01
2.783353289003579221e+02 7.367970044426164122e+02 3.866476368269201186e-02 1.719794317659761873e-02
2.921992252170315396e+02 9.930409305995246996e+02 -1.793278011646084191e-01 -4.380175249406181859e-01
1.174251027762134072e+03 2.749177461043236690e+02 -5.017673421232054717e-03 -1.413639074655748118e-03
3.051094891860068969e+02 6.310591953824615530e+02 -2.763010668138464465e-02 1.086356625479392435e-01
2.507886097555186495e+02 6.620179516780503945e+02 -4.220557251262494619e-02 1.780776637702787824e-01
1.019442144020116757e+03 3.586730613189741348e+02 7.354496356814063107e-01 1.183324033226294425e+00
4.908033579114585336e+02 4.613456589545908173e+02 -2.047499274776118719e-02 2.711238504228407134e-02
3.362763523645696750e+02 1.022521612372936261e+03 -9.992070088915711024e-02 -3.718643368399310312e-01
2.930149154088440469e+02 4.814206029781672100e+02 2.236088475281954729e-02 3.498215553001404049e-02
1.815792988583220620e+02 5.334913822945832180e+02 1.456556076028452940e-01 8.114167422635128191e-02
2.789708216515439290e+02 4.562652397777479791e+02 5.730606613278915046e-02 1.132219223286815707e-01
1.144623024737396236e+03 3.964413127013083908e+02 8.620461776344749694e-02 4.746623453839795004e-01
3.065545924437820418e+02 6.094815374388335840e+02 -2.803447758572807577e-03 1.421214529358169332e-01
1.084563445404364074e+03 1.781787098178603514e+02 2.014082296519329254e-02 1.130486957806950930e-02
5.077805723456141322e+02 4.752622425281229539e+02 1.189612886438419894e-03 6.047665244986911862e-04
3.167887570551797012e+02 5.429427455069644566e+02 -9.486068822631147507e-03 1.691895520140730344e-02
3.256130568729554398e+02 8.718911052361567044e+02 -1.922060719125950334e-01 -6.666875045567869362e-01
2.503132194442029288e+02 4.014439033279463729e+02 -8.443957684810013409e-02 -2.460243097891021136e-01
7.882066095270480446e+02 3.993515721737465469e+02 1.770379633307813949e-01 -3.156008227572745101e-02
1.098397369887762352e+03 2.039574545250732172e+02 -6.154912112199079077e-02 -3.751768993247801137e-02
1.260796874058927642e+03 3.025049561334787427e+02 -2.162988428514638420e-02 -4.824766062383539778e-02
1.248744987219147788e+03 3.210535981501303695e+02 -8.368887101451126520e-02 -1.082150627526371200e-01
1.160449163793095749e+03 4.630153033052734486e+02 2.786756701720429774e-01 4.515097224590965408e-01
2.701392172801999436e+02 9.244659025217258659e+02 2.250182566718783861e-01 6.206312956300514827e-01
1.233215951810913111e+03 3.265225009518301817e+02 4.440868591956528139e-02 -2.925713907464314728e-02
1.793762002026039966e+02 5.398479432781707601e+02 1.508007917359993066e-01 7.985117497806001885e-02
2.461642298923496526e+02 8.571097056625441155e+02 1.634197767737736173e-01 4.285202870781948947e-01
2.778221031054288801e+02 8.810064479849247618e+02 1.996583455311585764e-01 5.422426890416347511e-01
2.854301274790590810e+02 9.312198013521783651e+02 -2.071882617663674819e-01 -4.803510844140290725e-01
1.031082089688718497e+03 8.707481161192511081e+02 1.477587094253445497e-02 2.411294035448801037e-03
1.058988064170493772e+03 2.093951259996893270e+02 -6.555938213957890554e-04 9.780030439679397725e-02
1.001134410497706654e+03 8.167975041894850392e+02 -3.372083319835711846e-03 4.070115105541349983e-03
1.130887238575611264e+03 1.903240592038706609e+02 -2.212875345556465992e-02 1.181820843074633809e-01
1.189932075372733834e+03 4.741205793480913258e+02 2.121432719697987634e-01 3.912251659186565811e-01
2.129144140094496720e+02 6.164922607807667418e+02 -8.678449597008798533e-02 3.547094425949999796e-01
8.252341186434973679e+02 3.413884079271027190e+02 5.636196657762708451e-03 9.813741456531995325e-03
1.236166479240139779e+03 1.316129174619520370e+02 -4.797832427897500557e-03 8.107538625741971330e-03
2.944736718795504089e+02 5.146084958227393145e+02 7.839410905741360167e-03 1.859961674177602539e-02
2.492535620253957802e+02 3.077138310844824218e+02 -9.194840359007590280e-03 1.053442251070475615e-02
1.190641112854336825e+03 2.060822098771904791e+02 3.752584898690863868e-02 -4.742481964017298407e-02
2.523913390655168030e+02 7.673854766357225117e+02 1.017785633890536529e-01 3.073196536517260324e-01
2.600956364773751943e+02 6.932044759558790474e+02 -3.314660936765428945e-02 1.637687788116267418e-01
1.107809410031146626e+03 2.089286570331258019e+02 -8.504300634588994601e-02 3.407429908012518105e-01
1.037968488385705996e+03 1.818347314117516760e+02 7.554187262082387444e-03 -2.092241929997643024e-02
1.157077300613556872e+03 1.407314604140055678e+02 6.615808687598419974e-03 8.211175826133820452e-03
9.200845451447214600e+02 1.102438988082614969e+03 3.639784073222003731e-04 -4.904265808638210962e-04
2.447639126637324978e+02 7.794687688219526081e+02 9.984410297311069327e-02 3.346791908295663753e-01
1.143926904345212733e+03 2.384000943716507379e+02 7.540375191287113088e-03 2.273067817750308930e-02
2.671277323140760700e+02 8.078488864567838164e+02 1.014602862491513074e-01 3.554967289235804739e-01
1.111328130653915650e+03 1.698260891782862529e+02 1.992108544910290227e-02 1.489331959686130032e-03
1.176594770267090098e+03 3.186109771414346596e+02 1.149052788369875899e-01 3.201267254482781932e-01
2.577150283005805136e+02 7.067968602563029208e+02 -8.439730556706127873e-02 1.565590221332378296e-01
1.142540174093088353e+03 2.302008601888827570e+02 3.583362876274534536e-02 -5.571390634938239855e-03
1.196239110850352517e+03 2.168606615596738720e+02 5.048963952569042457e-02 -1.385530975425756928e-02
1.156982494071948850e+03 2.518420383943591503e+02 3.603528762866544180e-03 1.081410242608199859e-02
2.723398905610103498e+02 3.738360273343326980e+02 3.583390185715562559e-02 1.420661738205808433e-01
2.762215258569463003e+02 9.043439815214453574e+02 2.880976071653709725e-01 5.997477440574294771e-01
1.064177653939852917e+03 2.208705452461201446e+02 1.449620936040950728e-02 -1.286633737699119547e-02
3.383495258018723462e+02 1.042293648100069049e+03 -6.245532089483918359e-02 -3.155706741050281483e-01
1.169394448624860843e+03 1.817635285379413688e+02 7.255133319267770275e-02 -2.921155021943682567e-02
1.233645413468493416e+03 2.461436354186002120e+02 2.886052676721381424e-02 1.625204341779675279e-02
1.175816964623743161e+03 2.982702336991189327e+02 1.719304141564916288e-01 2.675894669087512945e-01
1.180307614328268755e+03 4.666125406230455610e+02 2.124852649643222680e-01 4.015430048964069298e-01
2.639103520883932106e+02 7.192740463193158575e+02 -1.381218254544455959e-01 2.306210463350160667e-01
2.512447295804013550e+02 7.927037391612328747e+02 1.225884863246299999e-01 3.191563673559258962e-01
2.418348042601420502e+02 2.902418026906829596e+02 4.501036227227336699e-03 7.183886038752340317e-03
1.087234328213913159e+03 3.337098312188725799e+02 4.472024343550122169e-03 6.854430756485689960e-03
4.962455399911439144e+02 4.823290246317220067e+02 1.224719892308154213e-03 9.027250794055348068e-03
1.101974273456687342e+03 5.409142119557418482e+02 9.758715829550712595e-01 2.462073611804630691e+00
2.962997699623177823e+02 5.742183618312144517e+02 -8.890913167587176369e-02 7.978767476815801230e-02
7.532598863857150491e+02 8.452021179307304237e+02 -1.620783616094695974e-04 -3.106941034892059104e-05
1.139225081335674076e+03 3.561819616438961589e+02 1.573016971530777630e-01 3.512880470158684654e-01
3.226734146893168713e+02 5.519295534864128285e+02 -2.877851041624538211e-02 4.053633603826702070e-02
1.127745242219809370e+03 2.362895471221525554e+02 -8.587937435795358482e-03 1.494866865355410669e-02
1.315049370663676200e+03 3.364765587469992738e+02 3.077588450740240678e-01 6.249525416658816696e-02
2.400517480011869793e+02 6.728612817628121547e+02 1.906059243628931794e-03 2.036754509370243549e-01
2.467817055976439917e+02 7.277822795334640205e+02 -3.327664114724113165e-02 2.397362033393079239e-01
2.500662549011427984e+02 7.559900981829287048e+02 6.503095747562064044e-02 3.097866957019867473e-01
1.018965176539647473e+03 8.583205794361788321e+02 6.679470843926307855e-02 -2.343582206139676379e-03
2.912482314761230100e+02 5.365242352429730772e+02 -9.112481915641219062e-04 1.770408085050492741e-02
5.669028479779142344e+02 4.121782590820412793e+02 2.642510896173833612e-01 -1.457275144325441141e-01
1.142187307691163824e+03 3.720747999221538862e+02 2.166924838028206624e-01 3.484437940833411407e-01
3.174907231740589282e+02 9.904257763437231006e+02 -4.419366910969635409e-02 -5.279268055260982750e-01
2.676183322688992803e+02 3.825537879865943864e+02 -1.624836315359556860e-02 8.205953898732219753e-02
1.174680276038733609e+03 4.677956419282476190e+02 2.087309447398917606e-01 4.275823274302387178e-01
3.219142348769428850e+02 1.056346842882355077e+03 -1.303185173584955059e-01 -2.357156534548095761e-01
2.041041967527424958e+02 5.573258868779863633e+02 8.050695059988201285e-02 1.148744116033509621e-01
2.105188367887010088e+02 5.504196656160866041e+02 5.903340920093484712e-02 5.977001812623775057e-02
1.198359876299168263e+03 5.076516353818041694e+02 1.339998015433629674e-01 5.103843227043162178e-01
2.952597901136292649e+02 6.603189878659709393e+02 -5.645305554512414226e-02 2.224004331968503223e-01
1.010516732463312678e+03 2.022657773564010029e+02 1.166242557772652622e-01 1.914267505511757506e-01
3.612746443703057935e+02 1.005985276428076077e+03 4.329522077264897351e-01 7.187293843406781235e-01
1.197762303416184295e+03 3.730854956300765934e+02 -1.512272407555568243e-01 1.705417574420402815e-01
2.639903659603622827e+02 5.662501668701097515e+02 -7.422539499125580843e-03 1.276431481717450467e-01
5.066329192711676228e+02 4.502955818924334608e+02 2.473909836073564378e-03 1.130291454954784544e-02
1.029338182290619443e+03 1.605679750094113558e+02 7.143165005841903281e-02 -3.085924725897849427e-02
2.078342614272929438e+02 6.542672235537776260e+02 3.015592906773080333e-03 3.202628201035019329e-01
9.409295405626762658e+02 8.677048930123804666e+02 1.866587739459972806e-01 -4.237776842339623790e-02
3.913147588105979366e+02 1.070789306671548275e+03 3.510484915046496388e-03 -3.566683323537975236e-02
2.739314990238834753e+02 4.804419033773929186e+02 -1.310010657622927809e-02 -2.288989843171322994e-02
1.289347919953642759e+03 3.222290821957336675e+02 1.419711083912833238e-01 5.905381705796253905e-02
2.567692472391532874e+02 6.168579101353607257e+02 5.092355215037294193e-03 1.477583151494037683e-01
1.250598223130347151e+03 3.469538578401941322e+02 -2.302966785548911099e-01 -8.449865315493401696e-02
1.154272169731744270e+03 4.448879230154486777e+02 4.218675968462672343e-01 3.684675079674076814e-01
2.670515384685618301e+02 8.581552021979190386e+02 2.442803520680206231e-01 5.241290037469025220e-01
9.373140384028090466e+02 8.317308087277418736e+02 5.616446038483769582e-02 -6.873844585495341927e-03
1.010913589527033082e+03 2.437735413898164438e+02 1.595342108404822559e-02 4.949720166715194936e-02
2.418990996276905605e+02 5.063127752302373779e+02 1.684068711497421463e-03 -2.445016410186862457e-02
1.066742427499035784e+03 1.906722957783246954e+02 -1.609076258589111361e-03 6.465805806664994167e-03
1.088647389941235360e+03 4.078669207731034021e+02 2.250377723854885270e-01 4.515702655806562160e-01
3.401248727530875726e+02 9.813290790561349013e+02 2.454740917326293792e-01 -6.860722180122982294e-01
1.099287826426514584e+03 3.990957950370399203e+02 2.055314625542432883e-01 4.493378441459338624e-01
1.137370626637557280e+03 4.618311879837646075e+02 -4.492686496428582865e-01 -5.624795827996361686e-01
8.166067667835661723e+02 3.414929034641141357e+02 -1.162634382517083349e-02 2.671124861118099464e-02
1.102829922292720994e+03 2.522893255492063815e+02 -1.845319998371905967e-01 1.124338975117310235e-01
1.037966254641784417e+03 1.601032687961754846e+02 2.193234246625693461e-03 -6.522663367027044246e-02
1.114920818002156466e+03 2.364414400943221324e+02 -2.627356425011502170e-02 4.729357872709370920e-04
2.682775976282832744e+02 5.254456488267212535e+02 -2.801160589834987835e-01 -3.415849533001677832e-03
1.098547898659463954e+03 1.799818721723447936e+02 -3.972049203495393345e-03 9.792113588189306148e-03
7.526383715288418443e+02 9.548759195394395647e+02 -5.203232499313483750e-01 1.124423931576525315e-01
2.714220528917261959e+02 4.252600982278545416e+02 1.083966360853411484e-02 6.992566313025204428e-02
1.080115633554210035e+03 1.608400779393977018e+02 1.270087535615605501e-01 1.784881024253837101e-02
1.130731591600690535e+03 3.218040655708743998e+02 1.241535881096261090e-01 2.532963478433766791e-01
2.056464158728685732e+02 5.872367718696540351e+02 -2.280545074688840879e-01 3.969904191363900492e-01
3.065867421685104546e+02 5.331906697797230663e+02 5.772016440997134595e-02 4.978749828141041528e-02
1.190836059949149785e+03 3.051529490029159319e+02 1.328407968828967112e-01 1.045847066699061162e-01
1.175146711073618235e+03 3.801860462550311581e+02 6.843897366549511752e-02 3.041260074518333245e-01
3.498103077924591844e+02 1.032638873146174546e+03 -3.108177386133487152e-02 -4.743956964263302822e-01
1.130644924135415295e+03 3.852476482209542610e+02 2.066902911452002112e-01 3.685041022482203332e-01
2.850452508270739145e+02 6.260886431092905013e+02 -1.170255812296725796e-02 1.447568151120322000e-01
5.147379751737860261e+02 4.617937996865632613e+02 -7.162506541283952029e-04 1.707785590992943678e-02
1.047132320243350250e+03 1.777355872428678083e+02 5.661875317754141816e-03 -2.381700358803063786e-02
2.899258680351072144e+02 9.589261317571811105e+02 -2.228506099178028110e-01 -4.796439821653229463e-01
2.557030248096602918e+02 3.944808535172414281e+02 2.345361747188267829e-02 5.143146440628519611e-02
2.774391463954765413e+02 4.954653340168615614e+02 -5.430831453516234836e-02 1.303288179085130005e-01
1.138344192577211516e+03 2.724944702749145904e+02 -5.724983794662551889e-02 -1.954297790869544416e-01
5.427178418166936353e+02 5.076244531264320017e+02 3.152284660715134329e-02 2.391048865132179915e-02
2.730537178017590918e+02 5.027885739175382582e+02 -9.805187057479217150e-02 -4.197606846884859542e-03
1.128808826469240103e+03 2.234841972749346724e+02 1.245917341038245418e-02 -2.079696393434516538e-02
1.194181684982263732e+03 2.546985122487710385e+02 -5.785089827951097469e-02 -2.511951186437922159e-02
1.148876666994458901e+03 3.185649350757277034e+02 4.909007657255471530e-02 2.036971668507376043e-01
2.852662404914557897e+02 4.683265428909081720e+02 -2.294999335559693224e-02 5.616052361732173231e-02
1.177360042502207079e+03 4.558178464208061200e+02 1.015549219210080817e-01 4.760001568862204380e-01
2.251016893122939848e+02 6.434923361098873329e+02 -1.751791322209103260e-02 2.516716863108916513e-01
9.913917156156362580e+02 2.032474921420791532e+02 -2.085287310867420599e-02 -5.129399598317235104e-02
2.648666405852343360e+02 6.433235615007646402e+02 2.439516773813747361e-02 1.798951126146358659e-01
2.046427282334198594e+02 6.701156297027915798e+02 -7.265976377425910349e-02 3.556686457354456543e-01
1.154499757849469461e+03 4.836325201831095910e+02 -4.373695990127183797e-01 -5.062266652942611911e-01
2.203001638846805008e+02 7.648373599532563958e+02 8.709596679791321849e-02 3.493978362301464191e-01
1.220115763813229705e+03 2.296558664668778533e+02 2.616380918862157984e-03 -1.160802790528687144e-02
2.976888093082102955e+02 6.113067788447395969e+02 -3.068218476149279020e-02 1.444125345456244158e-01
1.016028173844466778e+03 2.419711687301061431e+02 -1.262592815734960537e-02 -1.900575798747085321e-02
3.114677190641858715e+02 5.628769802183732054e+02 -7.497989516813356042e-03 8.924909291583574267e-02
1.138998817203211729e+03 4.677821081363247799e+02 -4.671735953064795055e-01 -5.143239152294991623e-01
3.252075866405907050e+02 9.539782265156102312e+02 -2.378728027264596923e-01 -5.740336684015209245e-01
7.833558469348279232e+02 4.079094445287470307e+02 1.290629788249300913e-01 -8.854261705650541894e-03
1.093052058236751918e+03 2.870036884850293859e+02 2.858990658095364457e-01 5.340072072986268292e-01
1.212334309335143416e+03 4.730127132031238943e+02 2.421451408772824776e-01 3.856427614342939902e-01
2.228445324218876635e+02 5.660361053142346464e+02 -2.772529041058069965e-01 2.250636326732738113e-01
2.780799745678903605e+02 3.978910113852373911e+02 1.121751808267390516e-02 9.173327406383217919e-02
1.060661425795074592e+03 1.896698395043820256e+02 1.090950690617868528e-02 -1.389176636465460669e-02
1.171582673292736445e+03 2.716018967874663872e+02 9.600408915345481214e-03 -5.100436788979768876e-02
1.146480608469632671e+03 3.103644446972515425e+02 8.677785092526400790e-02 1.624574417474834720e-01
2.888843985206074194e+02 5.085268085535127511e+02 -4.608078688758131952e-02 1.528835370763980683e-01
1.179385607277410145e+03 2.081577402212264474e+02 -1.901058579493911799e-02 -2.686426517493769803e-02
3.136151371073252108e+02 5.164127211476690036e+02 -3.023486547251853090e-02 1.134535221707201440e-02
1.300072854729501387e+03 3.513305193500376618e+02 -2.063184535401104414e-01 1.587511384458023256e-01
1.432947531397850867e+02 3.923246256418698295e+02 1.693317405083419455e-03 6.503608663778511888e-04
2.739230868741716449e+02 8.467576794582042794e+02 1.695403039711486093e-01 4.864081759840111485e-01
1.257458945045757901e+03 3.150003879327671257e+02 3.031914331259144002e-01 5.941040284631578239e-02
3.053126042632391659e+02 6.211031458460190606e+02 -4.038604867428384482e-02 9.190863914323198214e-02
1.924446824011351111e+02 6.930967318978193816e+02 2.028354000682389829e-02 3.608096328872095193e-01
2.636259413523711146e+02 5.193647716839495843e+02 -1.246310901102982982e-01 2.333113301319573729e-01
3.070093048067856216e+02 5.162446157169429171e+02 -3.126615852355001807e-02 1.824321825736295935e-02
2.598815056329619892e+02 6.651306594712516471e+02 -3.276017353068754780e-03 1.827541444942477888e-01
2.273882001880972723e+02 2.915047005987224793e+02 -2.196421670357485718e-03 7.105173055484299664e-03
1.061611695389751731e+03 2.189880088090527579e+02 2.878273346010642433e-04 -1.667276107993202403e-02
1.231199918292183384e+03 3.366937446647459637e+02 7.565223896826053784e-02 1.267181858824731333e-01
2.224176500889589079e+02 7.484163178985775176e+02 4.051464828722153161e-02 3.022073082484210138e-01
1.127945066420802505e+03 3.391896041749273536e+02 1.489436252438983699e-01 2.969509895397253185e-01
2.597339442851412628e+02 5.552004543979243181e+02 -6.910842962391183786e-02 1.345340897527362856e-01
2.212125660883255591e+02 7.809434316014815067e+02 1.349532856917266543e-01 4.060262414150652144e-01
1.145150103565268864e+03 2.403657103292527495e+02 1.889673265273669744e-02 -4.587360693831091241e-02
2.545602456318215729e+02 5.608426664626916818e+02 -1.345310586894233988e-02 1.226640789345889160e-01
2.494682191716926809e+02 5.256842306739312107e+02 -2.151568873543633353e-01 1.042509896226543886e-01
1.134223089286010008e+03 2.082408972752428440e+02 -1.175181185410993125e-02 1.740897398224318382e-02
3.041405383520611281e+02 4.880900974332590749e+02 -5.969223583938198380e-02 -2.655822030753611160e-02
3.164350253805075113e+02 5.226248667275604021e+02 -2.290266301552172645e-02 -6.471115193384735682e-03
1.232976073715733946e+03 3.068730854339881375e+02 3.150197519782347300e-01 -6.263159420439080860e-02
3.324744197413798474e+02 9.940538123458015889e+02 2.515419874358105212e-01 -5.682155042579352111e-01
1.260614623557997675e+03 3.379210890126757363e+02 1.654779680734846659e-01 7.928777529390446110e-03
1.204595240021054224e+03 3.703525141082425876e+02 -1.598511555993318567e-01 1.561857010637948961e-01
1.223501128352918613e+03 4.895209814913354194e+02 1.880953543616867840e-01 4.246106739141179975e-01
1.008272769611526087e+03 9.275046240429644513e+02 -1.288892497064123184e-04 -2.348948847838983056e-04
2.563387995556488477e+02 3.725975043591699318e+02 5.463730677816228815e-02 1.086549559343001070e-01
2.579998935082569460e+02 4.336908101550852166e+02 -4.312657298240562403e-02 -1.444665046184540336e-01
2.521633268489933357e+02 5.480211481968648286e+02 -1.821746848900805960e-01 1.019753820072740180e-01
1.202682521862421481e+03 2.035943946141967160e+02 -2.648078370170743774e-03 1.033657806521748844e-02
1.047666792333921876e+03 1.715196205039671895e+02 -3.726624036904684079e-02 5.335484746286896229e-02
2.613838540738153142e+02 4.856013274072359422e+02 4.406547879545940488e-02 -4.688884832605629688e-02
2.870851745752314628e+02 5.106005442150675435e+02 -2.953575845773997663e-02 -9.346749615054583714e-05
4.882559012787328925e+02 4.579093193979324496e+02 -9.053093708756717282e-05 2.302940570537864717e-02
8.231821535100459641e+02 3.789043502284670808e+02 3.873104912852093221e-04 7.203628696542258882e-03
1.206491052799196268e+03 4.751062119684678464e+02 2.152761511699444186e-01 3.619028319017881801e-01
2.548656588445359148e+02 3.785941201783658698e+02 4.809416637777703951e-02 1.362577581271107452e-01
2.784324250411665957e+02 4.484308163966854863e+02 1.012519464450629091e-02 5.521524891008484925e-02
2.464756459925644947e+02 6.920261283997936061e+02 -3.729174993864715904e-02 1.783417696443328482e-01
2.625252639463607807e+02 4.103490148533545607e+02 3.519617334820444865e-02 4.548976738334543912e-02
2.480232617427988941e+02 4.950259502672693088e+02 -1.258961031068665248e-01 -9.986271697867565855e-02
1.062649693767444433e+03 1.699421043055797895e+02 2.624808792028947985e-02 4.375700511188639064e-02
2.222170949987663562e+02 6.962575280454004769e+02 6.741639913455813385e-03 2.764666962610322631e-01
1.098739202210891563e+03 2.153716395538098141e+02 -2.492899944365382231e-02 8.472081467359719731e-02
1.150205764108590984e+03 2.476277552910460145e+02 -2.413798437303982941e-03 6.653717423542428525e-04
2.944451652845638705e+02 5.598860918631079358e+02 -3.446911611492265576e-02 6.737517270581330764e-02
2.324019201410474125e+02 5.779634013450814791e+02 5.213614862509108328e-02 1.166246030816655427e-01
2.422548481163995291e+02 7.679641781704486903e+02 1.548203948242110328e-01 3.382475291581926169e-01
3.048211027815376610e+02 5.098619581405394001e+02 -7.900525564435715437e-03 2.186872054256517109e-02
1.142865488492689110e+03 1.728054378141892471e+02 -2.541017995018492962e-03 1.464835068158307826e-03
1.112633043585053201e+03 2.291396702700517096e+02 1.134212298223805093e-02 -6.508723329475732400e-02
2.739621308090316916e+02 6.486066748745819268e+02 1.461352366105374279e-02 1.633127269637232593e-01
2.401830272300974229e+02 4.979640639144070633e+02 -1.213076556713531262e-02 -3.364052239572629110e-02
2.743738030127561842e+02 6.889696772351632035e+02 -9.576513263189724567e-02 1.974753072364671957e-01
2.418910039314017411e+02 5.571055137165584483e+02 -1.428941604294235168e-01 2.393500939390745819e-01
2.976480487411250806e+02 6.405127636215057692e+02 -4.179280125259191708e-02 1.235917558743331729e-01
1.163245793897315934e+03 2.154117250205375740e+02 4.428575283223112197e-03 -2.944189637134469670e-02
1.175432447537000826e+03 2.193240345502907758e+02 -4.049346290643444750e-04 1.453363826690710296e-03
1.154945218780010691e+03 3.884544994629179655e+02 7.708667478069326784e-02 2.844714805889396736e-01
2.157671563971256319e+02 5.603842492088227800e+02 6.621798414778194697e-02 6.057939963187895793e-02
1.187122045622606265e+03 2.253839872643664535e+02 1.148540747014296926e-02 -1.230050877311810766e-02
1.164575746090574739e+03 3.062651666420199490e+02 1.542384890529779340e-01 3.300829295486541470e-01
1.174367679220298896e+03 4.138985028990373394e+02 3.156463337830048982e-02 2.895338559561422276e-01
1.011403554568879258e+03 2.130172377383967728e+02 -3.216431157047357908e-02 5.183154198954822434e-01
1.191564661951464814e+03 4.776406848333427888e+02 2.132827105576945714e-01 2.739570045757548367e-01
2.751440632595697480e+02 4.210468892978971098e+02 3.271527030205776884e-03 6.789642727429437419e-02
1.138223772152539141e+03 3.106548968698612043e+02 9.193005067987590484e-02 1.647750214435021732e-01
1.116684987276709762e+03 3.626570601858662144e+02 1.605793502153932961e-01 4.213547661840960634e-01
2.341009976000595145e+02 6.888682267488700290e+02 -1.371375613377919835e-02 2.130480416646210740e-01
2.626235260622145233e+02 7.297167718546561446e+02 -1.146878720225375098e-01 2.168291425402278649e-01
1.184564337276083279e+03 3.542806906817810955e+02 4.794055823468296174e-02 2.040752673888738822e-01
2.687162170190824213e+02 4.424737254992803059e+02 3.308850621711614121e-02 1.470498198000888546e-01
9.783272314792017141e+02 2.519739219838411373e+02 3.869169573665047213e-01 8.315816148910128991e-01
1.195132595389830158e+03 3.923863002244683571e+02 -1.586279885008118340e-01 1.451493428834918498e-01
1.166490970767144518e+03 1.678046927060791234e+02 -1.480722914186571870e-02 -8.401520720160310721e-03
1.199156962397808456e+03 2.203506108871747529e+02 -7.375740617367870788e-02 4.321929408102552495e-02
1.121340058963101455e+03 3.392821543185034443e+02 1.620519249676728724e-01 3.008722099408734363e-01
3.037493807288979610e+02 5.635797621327969864e+02 -5.489848103490987952e-02 7.809131903024740806e-02
3.720219024086919717e+02 9.985794523942504384e+02 3.820564392850131497e-01 5.533565738341889029e-01
3.534370365317450364e+02 1.064212685500111093e+03 -1.344867566053185859e-01 -3.940370302183694995e-01
2.804821458585627738e+02 4.704825480040947241e+02 3.239009132180967893e-02 7.662849968037209469e-02
2.799326378293017683e+02 5.868008072622990312e+02 -4.949785064328605932e-02 1.368241606225402973e-01
2.936313166873840714e+02 4.897526070732369590e+02 -1.221740255587504091e-02 5.350379280541000399e-02
3.308336209119270848e+02 5.582290669637171732e+02 2.512087587327662287e-03 9.803840076038093654e-03
1.154142715774254611e+03 3.623841566063238702e+02 8.732340191311871447e-02 2.621130721123230423e-01
2.459078689261432373e+02 6.376544189945710741e+02 3.675675092004102463e-03 1.741315435368772369e-01
8.443926775217740897e+02 1.079788459238455971e+03 6.270240932929158247e-04 2.245074751159733487e-03
2.811692934101086507e+02 8.125496238667265061e+02 9.977931742730958287e-02 5.006550288625870593e-01
2.569836946985002442e+02 8.821915348578227167e+02 2.235714006807524301e-01 4.892857380562214420e-01
1.291445489453913297e+03 3.600852475805371569e+02 -2.706366485186181836e-01 1.956836411563385170e-01
2.717939828437891379e+02 5.428660531374574703e+02 -1.938368422535906022e-01 1.113727478780313501e-01
1.975874927507971677e+02 6.249982758303037826e+02 -1.455197751617524349e-01 3.429071187561943956e-01
9.213525650484008338e+02 8.546149196897441698e+02 2.063550429947781650e-01 -1.197207052662767751e-01
2.450246414917209563e+02 3.888557089743706570e+02 -8.849939762451730640e-02 -1.792148279815521661e-01
1.129052604462165846e+03 2.913791947330882408e+02 6.674763639793061809e-02 1.704459884334737496e-01
1.173513134305673248e+03 4.005667874879283090e+02 7.352731468610261556e-02 3.199289713298231197e-01
2.402333394761131444e+02 5.861421686216217495e+02 -5.230907079700841678e-02 3.850786393069544067e-01
5.541730689268690639e+02 4.081904702102599458e+02 2.542278892369154164e-01 -1.147350781476565579e-01
4.948923239206846461e+02 4.727632952350351161e+02 -4.114153389054546993e-03 -7.838144153743642180e-04
1.022460113422682525e+03 1.649267902513608703e+02 3.099834324228684101e-02 3.239249506180277415e-03
2.458578005837769638e+02 5.465767723476676565e+02 -1.589747789035302894e-01 1.237844113793998280e-01
1.142244673341981752e+03 2.670422260229968288e+02 4.787766389614699775e-02 -2.799120785384259791e-01
1.246747271189131880e+03 4.380366976746840351e+02 3.323049774830372782e-01 3.002847054894614010e-01
2.646411930158837436e+02 6.242574314971202512e+02 -4.052483924269092291e-02 1.724057621892410019e-01
8.248004942161163626e+02 1.102277823829811496e+03 -1.445168734614616247e-03 4.545636756580436789e-04
1.059124726448956835e+03 1.630517353110779766e+02 1.016715740273269886e-01 5.987317260950390796e-02
2.730715063234538320e+02 6.944229728716564978e+02 -1.156444628954886866e-01 1.050404447834822064e-01
9.877019468343544304e+02 2.453264297114273802e+02 3.959314957835632920e-01 8.620352547770316898e-01
1.183297139704651272e+03 2.259414636804573320e+02 1.119242927000851512e-01 -3.906622864211994201e-02
1.168281323001687952e+03 3.289152588524608518e+02 7.619965329067321380e-02 1.312986160129980817e-01
1.297278386224947099e+03 3.480673342776813683e+02 -2.161615387580392567e-01 -6.847768356977705639e-02
2.682277922070253453e+02 6.592194517735846375e+02 -8.615464292116653544e-02 2.580482200340927790e-01
2.728683951700857619e+02 3.839606490703845338e+02 9.136346459117672750e-03 5.498932318409057579e-02
1.205188339910366949e+03 2.294222760052622050e+02 -2.004977826650725971e-03 8.757065385012571812e-03
1.236433593277342425e+03 3.503381243407067700e+02 -2.870112558081844290e-01 9.388157249962229833e-02
1.180878444391826179e+03 5.213033366873789873e+02 -3.536633199794990134e-01 -5.390377581537980634e-01
2.369169697467285971e+02 8.227098863570288358e+02 1.846827455375531224e-01 3.886363416055837461e-01
1.123607551654647523e+03 3.252198158209810686e+02 1.365002780868864452e-01 2.454685893696003374e-01
2.206061418145890798e+02 6.510738793499884878e+02 -3.495282283510096899e-02 2.496508792789789988e-01
2.481707743094189311e+02 6.747949826969130527e+02 -4.819754730481681966e-03 2.516439853228407131e-01
9.038734680940549993e+01 3.541739508545317108e+02 5.509490835592367047e-02 2.864615348959719237e-03
1.215047745395037964e+03 3.761474318386448772e+02 -1.514595889781945870e-01 1.097571002726282774e-01
1.170817604677347845e+03 5.361936791574514700e+02 -4.798184484677271988e-01 -3.481892336049655645e-01
9.319922009447261644e+02 8.379115735349417946e+02 2.905240090940766629e-02 -4.528918490285838844e-02
1.193540457866055021e+03 3.513962394019364410e+02 1.384060979756737975e-01 1.219651020167147049e-01
2.869218516676065747e+02 5.678856217927955186e+02 -3.596657068496414422e-02 9.848228718091117662e-02
1.010137937146192598e+03 1.770881059673036475e+02 1.275245871113784291e-01 1.724152307940232942e-01
1.104964496723262300e+03 1.891420677362847016e+02 -8.697150714089704748e-03 4.613968448015350748e-02
1.127081459036129900e+03 1.854798642432334077e+02 1.071997177187883343e-01 3.050334799804363048e-02
1.094441248741895606e+03 3.984800231693037063e+02 2.201537800874671658e-01 4.724922819459911327e-01
1.215135176065466339e+03 3.353249986872718296e+02 2.310802370009529816e-01 3.250340672397283859e-01
2.459868927999927166e+02 8.196400158914651684e+02 1.330123445436283691e-01 4.321190143753733115e-01
1.141530930981611846e+03 2.933040159928414710e+02 1.407543121572384093e-01 1.636123187465874096e-01
2.363994951026486433e+02 7.476921077631794788e+02 1.512139496406023596e-02 3.126781337611386768e-01
3.514681569263081542e+02 1.073076447981044112e+03 -1.287126119902430865e-01 -3.861416277312595402e-01
2.263648581271612841e+02 7.034768728116283683e+02 3.678987876843789299e-03 2.757207327036680367e-01
2.654148712210590020e+02 7.996038318197558965e+02 9.732478065278557522e-02 3.583121010744263479e-01
1.123652204903184156e+03 1.585081881291520176e+02 1.940495428474578732e-01 -2.111438096079776977e-02
1.123252875900248000e+03 3.163052574742040406e+02 1.098628741390658553e-01 3.146556516265444081e-01
1.257183003323074217e+03 3.713873586102034210e+02 -2.304380050148692460e-01 1.664832237503583931e-02
1.148122826233176511e+03 3.884843497161780874e+02 3.521045558218858368e-02 4.212880532483957441e-01
1.291292781359867149e+03 3.529404728570797829e+02 3.258424622937337589e-01 1.129211215099077820e-01
2.384871947976625393e+02 5.531757910475463405e+02 -8.341938497749612491e-02 -3.178073823792418513e-04
1.184053950262090495e+02 4.275668345044435341e+02 2.616153279482713034e-01 2.602717895055782216e-01
1.186534565208094364e+03 5.154892716028818995e+02 -4.331414064389629281e-01 -4.504523429028667314e-01
1.070013788683723078e+03 1.993461832005314704e+02 1.115516378533636978e-02 -1.713958418075487876e-03
3.015416322127339868e+02 8.651274965699632276e+02 3.014666509802352290e-01 5.535981775640791414e-01
1.206225263870601111e+03 3.054272335382736401e+02 5.836896408125014091e-02 7.273475528839856707e-02
2.433539800510340285e+02 5.631796045779257156e+02 -3.162388347098410435e-02 1.042348668670882716e-01
2.930466804149777431e+02 8.107718734264331033e+02 1.907516101766750516e-01 4.833295032891303245e-01
3.188476171214809369e+02 4.862929029132999403e+02 9.963306408518373541e-03 9.875717972105789097e-03
1.113669595346550750e+03 1.870787611620804682e+02 -8.201472194756691259e-02 1.649115166558575152e-01
2.157325122444190697e+02 5.823226381674530785e+02 -3.286557336078628965e-04 1.494705120790278639e-03
1.202264398498322407e+03 4.643445302280944134e+02 1.876837448934411956e-01 3.892508152518325271e-01
5.043859855792432541e+02 4.454172012162126748e+02 -3.986867882236974289e-03 2.260483141847704353e-02
1.152068063547826114e+03 2.196140668570279217e+02 1.565652758507089792e-02 -3.482431631774213047e-03
2.410050547193327475e+02 7.275030218332883578e+02 -2.576757798883022588e-02 2.551173572108877963e-01
2.703868355109104300e+02 3.649597225619350525e+02 2.905658706531231636e-02 1.364699946872795500e-01
1.165223645655342580e+03 3.805749200362214992e+02 5.031585620988646146e-02 2.594299617721603779e-01
1.203761688870406260e+03 3.936005760614661426e+02 -2.170173877945972551e-01 1.827083332114270986e-01
3.165028343902735060e+02 5.347999550352026290e+02 -7.614527859783204108e-03 6.940040555253605692e-02
1.184726210519585720e+03 4.586760070553918922e+02 -4.375126224772814959e-02 4.395203710688799226e-01
1.115282423050102352e+03 3.215878968593817717e+02 1.046602947074281170e-01 2.555509750948096181e-01
2.389436030794030899e+02 6.363016107428234136e+02 1.198556491253359099e-02 2.018994809414239033e-01
2.655036405750240647e+02 9.252208253630451509e+02 2.045508418982275867e-01 5.916031679045894442e-01
2.651707132488455159e+02 4.737352265871229520e+02 2.798894905958261570e-02 -6.395879917930183400e-02
1.082262177088869521e+03 2.029518905190814451e+02 1.199747732251827889e-03 1.623854350983540418e-02
1.128619446947246843e+03 4.366079091837227679e+02 3.896357773267905000e-01 4.109913714475759705e-01
1.322203589817172258e+02 3.737877487437469313e+02 2.971574269211022315e-02 4.070202322780858140e-02
1.106070652380565434e+03 3.515874390346814948e+02 1.399946376893654310e-01 4.314164815642058670e-01
1.004734701087765302e+03 1.727251927640253655e+02 1.212960426517156465e-01 1.199657075094261310e-01
3.181595910859274454e+02 6.097301140592469437e+02 -1.761205299144524838e-02 -1.408648571182291032e-01
2.750305223874195804e+02 3.875961224096105298e+02 1.229050683444812483e-02 7.458037797783213796e-02
1.245154808044491574e+03 3.011566157579819674e+02 1.901378487176080476e-02 -1.015039211298366523e-01
1.137981710446185616e+03 4.203530239257956964e+02 1.881623669821187450e-01 4.597736140194725873e-01
2.908080855072460622e+02 5.948230329810606918e+02 -3.466546850558908238e-02 2.278540536271428385e-01
2.776219581150052704e+02 6.050842311369234494e+02 -6.461687894499458518e-02 1.556859048307404347e-01
3.087757069097797284e+02 5.541320182785663064e+02 -5.106262433673060264e-02 1.054798293834803835e-01
1.093848182575693727e+03 3.210895160365896572e+02 3.131378863493469722e-01 1.857586973088883042e-01
1.194403978395378999e+03 2.364392663556239711e+02 -7.281615668798278873e-03 1.079722620710406658e-02
3.094354468907294518e+02 6.017101220798710983e+02 -7.327907108781947509e-02 1.605322788162230063e-01
2.573349731025498386e+02 5.310020078645760577e+02 -1.880854469126026496e-01 1.457987637167416917e-01
2.968809482127913384e+02 5.025307883273932816e+02 -1.470002648516281936e-02 -2.510658471225523519e-02
2.007272587277875857e+02 6.026040537816886626e+02 -2.532367305208559904e-01 2.164708112938390494e-01
2.184262367922973453e+02 7.206763392288401064e+02 -6.846714692978996507e-03 2.245238465074740342e-01
2.464946199395280360e+02 3.266564730785835309e+02 4.944370154055265781e-02 4.359992635765624208e-02
1.169732925823094774e+03 3.244357739665858844e+02 1.680551683862677170e-01 3.542056801563217006e-01
3.456135394023451113e+02 5.682045322043178430e+02 -3.263178130909523411e-02 2.266809404382865989e-01
1.228126535337881705e+03 4.308870234145399536e+02 -2.223522094468125820e-01 -5.331002454690826342e-01
2.514573662838180326e+02 7.975339047461536666e+02 1.226619470887010260e-01 3.731862175454216390e-01
1.127319376822883896e+03 2.686180278176796605e+02 -5.612462171410122561e-03 4.059144013035968779e-02
1.134354649854388754e+03 2.860753882081892812e+02 7.999967913731000080e-02 1.835933381966618205e-01
1.150001823428981879e+03 3.621910086097559542e+02 1.678452939658924004e-01 -4.712115554909397375e-01
1.042105651841910003e+03 1.605436559393331493e+02 -3.267004704023671741e-02 -1.137429562614512973e-01
1.064758564425052327e+03 1.764736934437116531e+02 -2.323174573509826854e-02 -1.269112411704765575e-01
1.008100308828615539e+03 2.768702487327761901e+02 4.863047112315399545e-01 9.959839156971916907e-01
1.106423356741462840e+03 2.105962514215777901e+02 -1.035086785685261114e-02 -6.850248470772217491e-02
1.173207973015283869e+03 3.530191057683476288e+02 1.931390276682047255e-02 2.418756520116988329e-01
1.256468431929891494e+03 3.686070158519783035e+02 -4.060117600120965453e-01 1.749028639677968899e-01
1.177372632142479006e+03 4.602133295847692693e+02 4.766031736516632838e-02 4.845149846392675097e-01
1.180341211043696603e+03 4.479272549212623744e+02 4.337264145316529346e-02 1.099558100701590463e-01
1.110466717971484968e+03 1.822068604719745792e+02 -2.327572760204833432e-02 3.406749184136789038e-02
1.190506605983289319e+03 3.673315115646537379e+02 -1.164870796345256025e-02 2.163012557528725399e-01
1.200482355479766966e+03 4.422510362919455815e+02 1.598182079657933796e-01 3.627838192215492863e-01
1.197479927130244505e+03 4.588954149188124347e+02 1.984819745270350599e-01 3.484055694060060326e-01
2.799165299469337356e+02 4.378597935939503145e+02 1.722369814883652900e-02 2.581996416430753019e-02
5.557830372294992003e+02 4.239897865284469844e+02 2.658921138735739070e-02 -3.278880911797629055e-02
1.101924034767471085e+03 3.375648561138175978e+02 2.221734109588861250e-01 2.744929296393415208e-01
1.167612463873080287e+03 2.132255157425286995e+02 1.097431712737587627e-02 -1.148217834836721615e-02
1.285591688954854590e+03 3.040477322832373375e+02 -1.697919467843279351e-01 -1.005472025024773813e-01
7.063973766682964879e+02 5.828752510685051220e+02 -8.434694641288803052e-04 -5.235361935942621861e-05
8.860158180025844104e+02 1.096704805188831187e+03 1.182521367201408566e-03 -1.800856146068643114e-04
2.253223672907120658e+02 3.041948134706501037e+02 -5.889353553603895314e-02 -2.840836697709038239e-01
1.205645988550412994e+03 2.072696781615757686e+02 3.576486699911482752e-03 -5.171917728053661463e-03
1.144832504044048164e+03 2.368620754817959266e+02 -1.252453847352879013e-01 1.211074887935322114e-01
2.426070015054739031e+02 5.349667698254313564e+02 -1.360862729806140425e-01 1.987759829875762607e-02
2.337729618523279953e+02 5.721516947342452113e+02 3.462046048210064980e-02 1.531482220034932618e-01
2.450474192886253491e+02 5.828191676872753533e+02 -1.089553700227421928e-01 3.912356407335866870e-01
2.518986801737696624e+02 5.997407742714397045e+02 1.319051407005973620e-02 2.357848490762383675e-01
2.722108021520709826e+02 6.343148006841615825e+02 -5.865445833910598941e-03 6.604552294084239938e-02
7.171434334571395084e+02 9.165508556849845263e+02 -6.234383902015754736e-02 -9.594178168375340878e-04
2.600319436676413147e+02 3.881156985239755386e+02 5.968543452186994558e-02 9.864228126235601024e-02
6.528644951189261292e+02 4.329856146914287933e+02 -2.148427538857979602e-01 8.093255053395606580e-02
1.110464332701601506e+03 4.085907556044827516e+02 4.566514341512505765e-02 1.718668747245495620e-01
1.130954947874549816e+03 4.261287180038137876e+02 1.800648123286237023e-01 4.201690507852139933e-01
2.438345232700028475e+02 6.452598988735527428e+02 -1.501273669619768722e-03 1.757468032305279371e-01
2.900357030266303582e+02 4.871172421087164253e+02 -7.009153170220669415e-02 2.308395437292473998e-02
9.728246833099569812e+02 2.092272904424644366e+02 3.458309635450669273e-01 8.909801843292740609e-01
1.034553832687681279e+03 2.067109724421876535e+02 -2.207424799328606968e-02 -3.229363178378421434e-02
1.554848330319241825e+02 5.113280857861369668e+02 2.804286090558598676e-01 2.697379784534131852e-01
2.934325466883248055e+02 5.267809172991881042e+02 2.749429675180267707e-02 5.169627017947743541e-02
3.324478229238565063e+02 4.723538704535342276e+02 -2.980778684631483696e-02 1.117355349469408149e-01
1.157713423574286708e+03 2.222003264396458349e+02 -8.298687528422089843e-03 4.221761587616123385e-02
2.581577650012480376e+02 5.354367913403204966e+02 -8.441290080267896401e-02 1.378949139258782153e-01
3.247819543697265203e+02 4.931346967114200766e+02 -4.752293477022609403e-02 3.916466272588012276e-02
1.233081923531959092e+03 4.439850127361992236e+02 -2.129181796211058741e-01 -4.861770387753589495e-01
1.114190115277366658e+03 2.681165215286232524e+02 1.965517795075982233e-01 1.552365159518060977e-01
1.226644742835389025e+03 3.062804032241031109e+02 2.506152335584829194e-01 1.926918073969986211e-01
1.167806908258153499e+03 4.508778670729818714e+02 7.879780170256936445e-02 4.577798081447198575e-01
1.197885625784213744e+03 5.372106847208813178e+02 -3.120830046920559653e-01 -4.578493398176419760e-01
1.126640529714667537e+03 1.662691173173771233e+02 -3.792932921646752220e-02 1.199436324284167965e-01
1.028653885589764741e+03 2.065435170102785492e+02 1.464596703425979918e-01 2.993229152698360651e-01
2.678532451036169277e+02 5.867369778212465690e+02 -1.346293766355170785e-01 -6.684416570735078611e-02
3.386394864858705205e+02 5.266055834033379597e+02 -1.973083712368132667e-02 7.358098641468120704e-02
6.476755668790231084e+02 4.162063258554060212e+02 -1.902962008925777326e-01 7.224507685953833469e-02
1.059626376300994025e+03 2.700821163080426572e+02 1.191242570303792936e-01 3.013271111627997545e-01
1.114186490323731732e+03 3.337027274321862933e+02 1.414715560627691493e-01 2.671561326968625583e-01
1.310822553803001028e+03 3.243718955033992302e+02 2.201484925244705237e-01 9.245304470372454897e-02
1.108287644893906418e+03 1.888845976222841898e+02 -1.314498107674414717e-01 1.400913109612377805e-01
1.178758016193125513e+03 3.903196191493139509e+02 1.302898289514642649e-01 2.678327689388234623e-01
2.974952920091394617e+02 5.287171522880470320e+02 -2.042887622759907706e-02 -3.766754632908020026e-03
3.030837055360768773e+02 5.758095756825426861e+02 -1.055103345525527092e-01 1.498821655595225510e-01
1.234859571231861992e+03 4.736233154607443225e+02 -2.492394275385396152e-01 -4.447361519290887744e-01
1.036917888896496606e+03 8.518877125322080701e+02 4.939875212934369958e-02 -3.464777161958728507e-02
1.109242561330035187e+03 2.775240004212657823e+02 1.620094658433181012e-01 2.189656899786930067e-01
1.061347295427106246e+03 2.926415323323641928e+02 1.870710823734434980e-01 3.406025620392496567e-01
1.257027770085547900e+03 3.577543601921151435e+02 -2.680625819879638438e-01 9.078317206623075231e-02
2.326228489854530039e+02 5.983619118048469545e+02 3.797098824126976524e-02 2.218982172805333830e-01
1.095796224019212332e+03 2.731987734506297443e+02 1.504292020176762890e-01 1.990507219216997858e-01
1.120227994754337715e+03 2.856775333238868484e+02 9.554199089113483978e-02 1.531585670914134001e-01
2.129115597273518858e+02 5.692951424965659726e+02 -2.360956766751501623e-01 3.303743570812262553e-01
2.279567072628906885e+02 2.914297218070958024e+02 -1.317909982986139672e-03 1.487222181920093769e-02
8.842024232924558191e+01 3.412973231349167804e+02 1.144018305397785790e-01 6.276012846614061058e-02
3.029745634717428402e+02 4.971081166458603207e+02 -7.450562219100601014e-02 -9.525508091147618771e-04
1.072368316626849264e+03 2.704993295506093887e+02 1.484902679714637241e-01 3.215737445508700665e-01
1.351288938031469797e+03 2.612769965338316069e+02 6.833392796459199572e-03 -1.229563534079983721e-02
1.164987130843300974e+03 4.597369967375114470e+02 2.385038515226771128e-01 2.698551040984231153e-01
3.285111594185650006e+02 4.654444787424585002e+02 1.015233493880755671e-02 3.596986488243160418e-02
1.065129400342206964e+03 1.569953406999060519e+02 9.574799848141854475e-02 5.213542640890288932e-02
1.120445743815035257e+03 2.249274033872455618e+02 1.678101587790892524e-01 -6.465214125051255145e-02
1.222893843423164753e+03 3.578397249384461247e+02 -3.006904114878938272e-01 -4.162724609736559445e-02
2.474320067150752607e+02 8.299495722535247069e+02 1.668712421538609270e-01 4.786495263715861426e-01
2.657951571323433768e+02 4.640503350340717930e+02 -1.088081737016715067e-01 -2.923013301593186952e-01
4.626801210918889637e+02 4.527771357574756053e+02 1.071516096375901839e-02 -5.542769580680229069e-03
3.364496771774422541e+02 4.869676832735385119e+02 -1.564081916525719151e-01 1.039436941788238755e-01
1.021334614800089525e+03 1.956731889577384891e+02 8.244193349442241470e-02 2.780759306882041315e-01
1.026297973229714444e+03 2.930598310938952977e+02 5.006420461718619208e-03 -5.532552647803612444e-03
1.243835733145676159e+03 3.084818805199092253e+02 -5.525213265196526891e-02 1.019710931244723895e-01
1.225214770967295408e+03 3.309146033386730892e+02 2.039627348833050746e-02 2.621464015297227945e-01
1.995822181225738063e+02 7.094525335564112538e+02 -7.172943449045821040e-02 1.681486519149295589e-01
3.454699657536235691e+02 5.360577995872718020e+02 -1.448772654870769117e-01 3.940920866893193875e-02
9.426505075573906822e+01 3.525411313434128147e+02 8.514116823482983584e-03 6.951814062027632246e-02
1.118007056065123606e+03 2.530363958372157072e+02 -1.665574819942101589e-02 2.588816157941206120e-01
1.308023423875932622e+03 3.558161243388689741e+02 -1.755672374675199543e-01 3.695835468667955231e-02
2.697188787360938704e+02 6.217991883645272537e+02 -2.403725688538227781e-02 1.446301631488993988e-01
3.281366751012954524e+02 5.524597772236905939e+02 -5.506816839207871045e-02 -2.758410873489156728e-02
3.130415122286196379e+02 5.638258059369019293e+02 -1.462690685246658892e-02 1.802328233597174922e-01
2.302057778651167439e+02 8.038317387014247970e+02 8.777498703601201158e-02 7.531258640439054963e-02
1.068268478812059584e+03 2.237652030294580356e+02 4.484966705776969459e-02 7.819865533127768123e-03
1.133860642340301638e+03 2.704171664413680674e+02 -6.281002037001144622e-02 4.855686704411823346e-02
1.184027027020531705e+03 4.344684109895304118e+02 2.474439666038430741e-01 3.872337523361693568e-01
2.753603252818289207e+02 6.162192826589916876e+02 2.316680386146951348e-02 1.656629707574324983e-01
2.981945464247659743e+02 5.128970157027677033e+02 3.033232587225044921e-03 -1.277349650414133335e-02
1.080462253958769452e+03 3.149259273351344746e+02 1.567494251359033142e-01 2.176970134991483286e-01
1.194636895216072389e+03 1.759311431827904073e+02 1.902473660368600439e-01 -9.178935994287057420e-02
1.181128433386091729e+03 2.109960444968539264e+02 -3.321243061997126381e-03 1.231653716993817184e-02
2.824277804918592665e+02 6.134513651571126047e+02 -7.929173353347621425e-03 1.792579937478476770e-01
2.808422818935685541e+02 5.166514669580928967e+02 -2.383622944220158135e-01 1.177411493896605432e-01
3.125669227791427147e+02 4.956515741674905371e+02 3.258639491770663754e-02 -1.663126472260907096e-01
1.162220098199565427e+03 4.041643867604196316e+02 1.556151627912559510e-01 2.283092444611664329e-01
3.375891611331521176e+02 5.447022406709706956e+02 -1.291673233303518818e-02 7.788418882755163142e-02
3.098484432044521100e+02 4.872287789892527599e+02 -5.775188021386333526e-02 -5.388497094925157743e-02
8.189433761669226897e+02 3.335356891625904154e+02 -2.806801186861944148e-03 -1.327805160689910814e-02
1.118927450172409408e+03 2.162828985628578948e+02 -7.096950494165125967e-02 1.023507328860196880e-01
2.791462375893034391e+02 5.367804802630405447e+02 -3.775831288160639287e-01 2.408538513029051878e-02
3.113627842266024572e+02 5.850662023329563226e+02 -2.303549959830670027e-02 2.408391402874401621e-01
2.223139482779212699e+02 7.229126906182277708e+02 5.372871203593692496e-02 2.979362464126577570e-01
1.013675833993764712e+02 3.982288919318110061e+02 2.398398116847137440e-01 2.265542365274506309e-01
2.492992494232056231e+02 4.185106628180847679e+02 -5.440824182866011577e-02 -1.330791581509935539e-01
2.755446574116124339e+02 4.615321650790447734e+02 4.519495656667187750e-02 2.631580633766842370e-01
2.808015703590052681e+02 5.420390093392073823e+02 -3.073263561208425254e-01 6.796774976825539771e-02
2.470658341044428425e+02 7.253034575823478463e+02 2.023951863940545584e-04 2.597319658397579389e-01
2.405701879337414084e+02 7.558115777695956012e+02 3.306944414194609022e-02 2.466986989330297864e-01
2.316161779985355906e+02 3.495782575672708958e+02 -7.319316098893068057e-02 -3.016021815145814022e-01
1.389129549238172103e+02 3.968648987553963252e+02 -2.159554394217252579e-02 -4.310752400343744600e-02
1.109382773474313808e+03 2.374243377144724718e+02 2.256214163166441744e-01 3.532262514269325360e-01
1.042451505595011668e+03 2.736652216040217809e+02 -2.236683289748725781e-02 -4.531832180794254095e-02
1.212356045988949063e+03 3.825587594282861232e+02 -2.540603779150296671e-01 -4.308900129548191849e-02
2.263723112007274381e+02 6.024039647399433761e+02 -1.158696855601431264e-01 4.226323468282225937e-01
2.792287443259335191e+02 6.171638347677716183e+02 4.593573799321348100e-02 2.114307319838144295e-01
2.777443067266791559e+02 4.743531680271995583e+02 -9.786595969259792582e-03 1.745993839517865354e-01
1.102784449810616024e+03 2.656012842531337128e+02 2.361986814686455605e-01 8.734384704915972020e-02
1.106519069696065799e+03 2.645235083793426156e+02 -1.190086821081687701e-01 2.486640523103271147e-02
1.248646718655534642e+03 3.531806544276368527e+02 -2.548042550691036467e-01 1.002024439045120195e-02
1.156534448978722139e+03 3.881983791746557699e+02 -7.514363748867936010e-03 1.423046915253062539e-01
1.207654270916014411e+03 3.879223969283154929e+02 -2.464491479506326355e-01 5.165891612660544752e-02
1.147661644965890218e+03 4.084232703709578232e+02 5.541050531332795265e-02 2.569804137901456897e-01
2.921575899306375845e+02 5.825390314404795618e+02 -2.220821291164819800e-01 -1.767843573432941184e-01
1.222695843373103116e+03 4.722308901535710675e+02 2.351812542567112418e-01 3.833062229260685849e-01
2.829750662285786689e+02 5.000348956393850131e+02 -8.534866659089324070e-02 5.497698304179968187e-02
2.684070719102621752e+02 3.013322927746061168e+02 1.445705478361155108e-02 2.812074172461457786e-02
2.438591341304703235e+02 8.162878919080226297e+02 1.475934672304615447e-01 3.488887900931163522e-01
1.251422280633091532e+03 3.310343239734850158e+02 -6.887161534316212086e-02 1.582740197060972520e-01
1.320849022459055277e+03 3.256656730838872704e+02 3.651642323084574593e-01 -8.513871117057450477e-02
1.181857515226291753e+03 4.425876621168349061e+02 1.763162868541547357e-01 4.315496845097108736e-01
1.203848805470602429e+03 5.310648404068791706e+02 -3.656000567083413921e-01 -3.929374664268410755e-01
2.556372348661841443e+02 7.548255970795830763e+02 8.057324890048339627e-02 2.409807907511972991e-01
1.940394852712122997e+02 3.192536945665609096e+02 1.952186649516209332e-03 -1.161902946738077287e-03
2.807519945327130131e+02 5.038507924345252036e+02 2.584994047613994091e-03 1.113545164486681900e-02
1.090508921937690502e+03 3.260860364462372445e+02 5.721274982513369772e-02 -1.210946338275973588e-01
1.170556740972114312e+03 1.909376516397813930e+02 -2.487599363827203425e-01 -1.573681689585961496e-01
1.114177263337552631e+03 3.177468574032147330e+02 1.696552050901096731e-01 2.388527590965438818e-01
1.271512499523275892e+03 3.633855961408697794e+02 -2.432540122903381896e-01 5.699178682173818705e-02
2.130280964469742742e+02 5.907551917014035325e+02 3.201107352121349784e-03 1.859010953129806507e-02
2.585472641898554116e+02 5.834907254309649716e+02 9.273010959905800613e-03 -3.641940366025578357e-02
2.096790586972548169e+02 6.776903369992830903e+02 -1.704905331158914142e-02 3.050302295314287204e-01
2.645249568030585579e+02 3.776983528067910356e+02 8.521610888527390848e-02 6.547200336603112292e-02
7.861568200533840809e+02 3.713983210900084373e+02 5.704686328859338851e-02 -2.052891143050374068e-01
1.145210034612300433e+03 2.567553668341366802e+02 2.129680705479586322e-03 2.744531369058336029e-02
1.257007637237897143e+03 3.087091889830634841e+02 2.257422424813739781e-01 1.609159383299697821e-01
1.244174926975442304e+03 3.582500014304079059e+02 1.990629879843140715e-01 -1.272586679463330595e-01
2.374853075505138236e+02 8.186119058219269391e+02 1.216506633913866098e-01 2.758308279751588432e-01
2.633922109909716482e+02 4.238259018921198162e+02 -3.299429158040299154e-02 1.727267866208032909e-01
1.151083703142535200e+02 4.456957300713065138e+02 -2.534503722441120432e-01 -1.847749740970901777e-01
5.210960793625747556e+02 4.837633427407924955e+02 4.601875483151735696e-03 9.405772695072900022e-03
1.131069962438317134e+03 3.340103829764509555e+02 1.791942680003773547e-01 3.323206220218223317e-01
1.212284917800687481e+03 3.722791169650612346e+02 -1.948321977128168736e-01 5.086860739985946817e-02
1.231366652872536179e+03 4.034831369410804882e+02 -8.439435661174636213e-03 2.971934570861453628e-02
2.393637418982208658e+02 6.873769125833563294e+02 -3.542116481110282183e-02 -3.203179963579833728e-02
2.795862298245557440e+02 4.898504983897078091e+02 -3.768753951828153481e-02 1.061864604134194062e-01
2.765757897503883669e+02 5.257885204358103692e+02 -1.950785674667561767e-02 3.258697909569087392e-02
1.147282021968396748e+03 1.993639486405315893e+02 1.724224531771293908e-02 2.581826004828258192e-03
1.109096662356955903e+03 3.215662292594367955e+02 1.196325842897370678e-01 2.738568624269059337e-01
1.208193550918747633e+03 3.680526422619957998e+02 -1.090484496765687511e-01 1.658233521371054453e-01
2.386042781513982902e+02 5.445285420370903466e+02 -1.642375569719310702e-01 1.454102702315999140e-01
2.761052854450402947e+02 6.562795154425972441e+02 -1.804965896540598747e-01 1.650694709485252265e-01
1.153589542352605804e+03 4.726640358007061309e+02 1.142604897040276485e-01 4.325470616366197119e-01
1.241652716778561626e+03 4.648422943855787253e+02 -2.362140333865707098e-01 -4.373828904084638980e-01
1.124498792259413904e+03 7.161769381988436862e+02 1.131300806309809559e-02 -8.934838375307663227e-02
2.645531977801638277e+02 3.555747467070085008e+02 8.957599005197594555e-02 3.905853622606848541e-01
1.216651756037110317e+03 3.062191174058036722e+02 7.488996877307674271e-02 1.131966827100775314e-01
2.634015809867910889e+02 6.169654697132202728e+02 -3.918289552501619255e-02 1.894011309178388058e-01
2.266478759090560402e+02 7.281562930937598139e+02 2.611949885368022514e-02 2.211639113778306465e-01
2.579083763130522584e+02 7.801665438354494881e+02 5.809787708457914840e-02 3.018111609914191917e-01
2.731236625802189906e+02 4.439079103432209195e+02 -1.066910398504106183e-01 -1.923198533977270586e-01
2.941908083020064737e+02 5.097846640186435820e+02 2.080421246507313526e-03 -5.501384287725841205e-02
7.038762094255871489e+02 4.404264256808585287e+02 -1.141905819729913674e-01 -1.002210268901393420e-01
1.115552603573415809e+03 1.932627194043891166e+02 -1.400081373695059028e-01 1.120283981998207778e+00
1.097862006519927718e+03 2.748776545823434390e+02 1.635323548994875864e-01 8.408015712524985474e-02
1.135389519442303481e+03 2.231248774504722121e+02 -6.699064273902877176e-03 3.111844097125882058e-02
1.162216538057889466e+03 2.444420008823384762e+02 -1.312407101372059515e-02 3.409367968086662870e-02
1.149737205580448290e+03 3.495572641036010850e+02 -6.785963877661060906e-02 2.852603821246937343e-01
1.240992542642426315e+03 3.445985789992103037e+02 1.046514991166560549e-01 -1.283761560071638996e-02
1.171439825073796783e+03 3.885662724573538185e+02 3.833972397882234873e-02 2.897385353434920319e-01
1.157956014591738040e+03 4.126674501538869322e+02 1.756418285316385663e-01 2.957195450938954195e-01
2.877852279791210890e+02 5.553289657178239622e+02 -1.044026765442005455e-01 1.263384061789381008e-01
3.049966178927323881e+02 6.369457448561114461e+02 -6.543595888479813993e-02 2.376011747746886726e-01
1.219386327670201808e+03 4.498098890862943904e+02 1.160313652152638042e-01 3.820485407392162358e-01
2.830442675949038289e+02 9.014687415232652938e+02 4.022274760579769293e-01 4.173502261326547114e-01
1.125512611133728171e+02 4.317972478201905915e+02 2.740842557463622486e-01 1.667586390973535004e-01
3.084152331601254673e+02 4.561999443805975147e+02 -2.872242594033499151e-03 2.142774975974741022e-02
3.391599670600754166e+02 5.205236109194502205e+02 -2.510713104360699256e-03 4.481953144228707081e-02
1.137085722124349559e+03 1.858923507722663260e+02 -7.634372894546383181e-02 7.804303849882027189e-02
1.120885554904534956e+03 2.348201636640574463e+02 1.504765148504399463e-01 2.780709088622037028e-01
1.171662614823621425e+03 2.122517215619103865e+02 -3.663240373700015623e-02 2.397540483672742223e-02
2.554511169977087945e+02 5.551035854891678127e+02 -9.275454856512889423e-02 1.950788944508682621e-01
2.343833283027391019e+02 8.271038175015960405e+02 1.072933936324015208e-01 3.567356953991672186e-01
2.859623684362868516e+02 4.849179807047777899e+02 -1.181783599728143119e-01 -9.402104675713271464e-02
1.126469087016099820e+03 1.616912833335492223e+02 2.060663585768907069e-02 -8.598034506428169077e-02
1.136473081731628326e+03 1.815665823588955448e+02 -2.061161927021462961e-02 2.949759407149648432e-02
1.014527393064811690e+03 2.126676519826724530e+02 1.291888114345657035e-01 3.673643433783248535e-01
1.052810710350299360e+03 2.786771714650753893e+02 1.685619162400046611e-01 3.062859615635927235e-01
1.139952814524053338e+03 2.302919771724082239e+02 -2.176120422900242393e-02 1.176092105009343830e-01
1.113808880901174916e+03 3.047034007851737556e+02 1.188558163295608400e-01 3.053998491175166641e-01
2.473664169266109525e+02 6.844645726090303697e+02 4.687038880732886936e-02 6.772158777913059313e-02
1.171886516312031063e+03 4.618575689862183822e+02 2.362573937949069280e-01 3.060897759136521068e-01
1.234596842126415368e+03 4.821301921457072126e+02 -2.457042484767433532e-01 -2.210823430774797038e-01
1.037826646501646337e+03 6.494288501605203692e+02 1.327255439504954615e-01 -4.165598009597358542e-02
2.701607350885235519e+02 4.719909169514109522e+02 7.156458562336900919e-02 -1.218222743729204319e-02
6.977776350569555461e+02 4.271963432232739137e+02 -3.812465846182861440e-01 2.293302810994646279e-01
1.189163143573190609e+03 2.285400811030888804e+02 3.181231247771952875e-01 -3.735740859625528154e-01
2.732605338307550369e+02 6.384841094959766679e+02 -1.954906025154584323e-02 2.644166976158255911e-01
2.337610617326820659e+02 7.164686183831553308e+02 -5.899941649899504564e-03 1.823422562124418500e-01
2.696326699680215597e+02 3.652853152759028035e+02 2.468503370836098651e-02 7.820893172665439874e-02
1.025148762660787042e+03 1.720444208963804726e+02 -1.077078948159548161e-01 -3.944250145679835673e-01
1.076047300329416885e+03 1.683608345564715592e+02 9.904706053981726654e-02 -1.362756615450043396e-01
1.033406773740576455e+03 1.951942765631554835e+02 9.672603201484738719e-03 7.483777217887895017e-02
1.259684215285849859e+03 1.958682858436160927e+02 3.688944079916230828e-02 -3.832073496812427038e-02
1.132490017576167247e+03 2.744123426246879376e+02 2.832147966200106448e-01 2.944686343788636695e-01
1.242658943514404655e+03 3.923218121632933162e+02 -2.197104914202251680e-01 3.167650018481064228e-02
3.040836035727911622e+02 5.331560978819331922e+02 1.142720093626318524e-02 5.867536729773329546e-02
2.479924557875061737e+02 8.270944217987182583e+02 1.764049554487172600e-01 4.089680783028200040e-01
2.756273422637537465e+02 4.344702148334632170e+02 5.745033471099635775e-02 3.479220870644532670e-01
1.534034025337205946e+02 5.035260125632762538e+02 3.243007679424336209e-01 3.409283585175289510e-01
1.108971643593649105e+03 2.421969485073196324e+02 1.776639578201866243e-02 -3.772210763100387054e-01
1.205746757661847596e+03 2.463796537903371586e+02 -2.606387814803796943e-02 3.310204731427419944e-02
1.107324883009955556e+03 3.123016610163713835e+02 9.571938004321302318e-02 1.079876796623270019e-01
1.243134284728072544e+03 4.712791598047708703e+02 -1.650876050989609212e-01 -2.972984676298076057e-01
2.024841676151778529e+02 7.263079816305879604e+02 1.072169627498918837e-01 2.754079887238276569e-01
2.575548402672188786e+02 8.869516396184583300e+02 1.496896403544848431e-01 5.212807044015438374e-01
2.616309615536445108e+02 4.423865874395178253e+02 -1.274882657399984895e-02 -1.744294842508168075e-01
2.824182208843298554e+02 4.932827145876339046e+02 -1.434731063456524611e-02 8.572200975144710078e-02
1.167970411224728423e+03 3.458261667765416973e+02 -1.405048708854792494e-01 4.825574663944962595e-01
1.836175567305698735e+02 5.405975380413423181e+02 -2.278769009620873367e-04 -4.082330089920560567e-02
2.119464167889600503e+02 5.586771871376620311e+02 3.210819866646375063e-03 7.041325655234231644e-03
1.977361689001081118e+02 6.304208499319704515e+02 -9.951506676931956563e-02 3.050982616382952872e-01
2.564614040925392260e+02 6.987678234527181758e+02 6.006681528574233514e-02 1.545097743295855142e-01
2.726315733720771277e+02 8.560157799033598849e+02 4.055436531884936135e-01 4.490836607402229896e-01
2.787344727168350573e+02 4.789135333139267345e+02 -2.337066532934133946e-03 -2.735777538858504346e-02
2.656555350907167394e+02 5.285791843126813774e+02 -1.128391432853972087e-01 2.348926336481124699e-01
1.127972928419942718e+03 2.441514475229187724e+02 2.635802740216301385e-02 -2.357608477174721884e-02
1.193353487141292362e+03 2.314186130804685888e+02 2.958968696343112770e-01 -2.022018873873921430e-01
1.254083522654177159e+03 2.547030740958159072e+02 8.457221819511080707e-02 -2.480874313541979459e-01
2.884317733646797137e+02 5.630281158638422312e+02 -1.317840571460477672e-01 1.426863930731517294e-01
2.529517763776503614e+02 8.858388658553692494e+02 1.845936126413915968e-01 2.887476255370605149e-01
9.738334269371532059e+01 3.970832831619588887e+02 1.081572134133992336e-01 -2.046946525847204157e-02
2.677474147706774943e+02 3.841204905147287150e+02 -1.824341690166875196e-02 -3.649371543701818155e-02
2.909962315622745450e+02 4.441200552914350510e+02 -3.222388645298934762e-02 -2.395348181877920979e-03
2.949069882125409094e+02 4.912461523529079841e+02 -8.551611590051066969e-02 3.908236872170789411e-02
1.032143225020593718e+03 3.535925339846204452e+02 6.177906323863169291e-01 8.009441637953855775e-01
1.151524495229993363e+03 2.650693395633697946e+02 -1.871309039474340352e-01 -1.586028923171056704e-02
1.242044325329734647e+03 3.315416230158799067e+02 1.333708216209004149e-01 1.460430831216967817e-01
2.485247580246160339e+02 6.196600852359887313e+02 8.927419792563640044e-02 2.369744432252645083e-01
2.016386293886934595e+02 6.316262314516601464e+02 -1.096177285369677179e-01 3.084194544831575513e-01
1.121529060158896982e+03 4.467160287080541821e+02 2.300156895917382371e-01 5.490690031227103418e-01
1.186461911353905407e+03 4.613962690686141741e+02 6.833053474483108403e-02 4.107502274830068245e-01
2.331109692516997427e+02 8.130425073436157390e+02 8.755973724984755791e-02 4.224277028810803358e-01
8.130605883013731727e+02 1.101517700698379485e+03 1.171889939352865895e-02 -2.525292727057149023e-03
2.504371008998074899e+02 3.541929480720708625e+02 1.712404372222278703e-01 3.145873433736921798e-02
3.075180524315009052e+02 4.944367600683203818e+02 -5.584794998342041544e-02 4.107989108686232321e-02
1.000223880477133889e+03 1.713029576541873098e+02 9.203485211074687034e-02 3.352969795185580248e-01
1.115303720778067373e+03 1.632957916575102786e+02 9.492014781387426992e-02 2.143364996985001603e-01
1.115924084352948285e+03 2.067857402400606759e+02 -1.528468916593997765e-02 5.348803747393000158e-02
1.213254386273891214e+03 2.292844907507491428e+02 3.347517528521036512e-02 1.274821439521036000e-02
1.169757235496705562e+03 2.547944020878390177e+02 -2.107495729173284107e-02 -1.703575944771224676e-02
1.142331930535947095e+03 2.819469086322856128e+02 4.484943365247480718e-01 2.119300070779022993e-01
1.267462890204640189e+03 2.965338977457491296e+02 -1.661138213291581470e-02 -1.882551534596846668e-02
1.301558698094609099e+03 3.371951201816229400e+02 -1.325019178233170780e-01 3.208311193095596536e-01
1.151889817097983041e+03 4.227421877810303954e+02 1.753747962193626386e-01 3.523009590076477404e-01
3.109086505190066987e+02 5.527000047983038939e+02 -1.365653404360581968e-01 -3.814969667973855394e-02
5.150450591930775772e+02 1.076701977861471505e+03 -4.369787073127002208e-01 -5.710109853328374507e-01
5.130857481552279751e+02 1.100202792042527108e+03 -4.843942830348169082e-03 1.480869760169818174e-02
2.864070041432547669e+02 5.221021813038855726e+02 1.328346035523774449e-01 -6.774196841132607005e-02
2.961444228960271516e+02 5.246624942836095897e+02 -1.235733521375929379e-02 1.385554872002785487e-01
9.946921843372097101e+02 1.687475183140979027e+02 -2.201509586620886694e-02 5.255502665327137501e-01
1.033200563077710740e+03 1.801018984417516435e+02 -9.882966698031243891e-02 1.833617657159531122e-01
1.141549732713413505e+03 1.682770155713058102e+02 -7.235380025281301641e-02 1.095119642397719417e-01
1.153200752429190743e+03 1.883347688536861426e+02 -1.060771910447707994e-01 -5.749337842931984133e-01
1.204183694812375279e+03 2.071216840264007146e+02 -6.710197228039760375e-02 1.542179178718706967e-01
1.303285067090943130e+03 3.205078210238550014e+02 6.591111002391396301e-02 5.857558404543775771e-02
1.189602401196037363e+03 4.223403710552639154e+02 2.859614833501306630e-01 4.078227554659008547e-01
1.193089644168205496e+03 5.157940040447817864e+02 -3.036508037416372763e-01 -3.438241623476112063e-01
2.616106000565409317e+02 3.653891428004185400e+02 5.184793404058609528e-02 2.461397194245932840e-01
2.646471157689526876e+02 3.955993315042183553e+02 3.103018071802807892e-02 1.050525645112088541e-01
2.721188834415455631e+02 5.271530726484938896e+02 -1.649626244416140322e-02 4.262304366313855730e-02
3.689393829544735013e+02 5.181058762334465655e+02 -3.395948556456005601e-02 1.131809549226545607e-02
5.305431974195954581e+02 4.793768855767019090e+02 5.181919353028661274e-02 -8.010625216278413618e-02
1.006228426284506213e+03 1.756667251182219047e+02 -1.072865757285853816e-01 4.044516331670194864e-01
1.162993071267549340e+03 2.063809100942786472e+02 -6.182583814625104701e-02 3.725709885391666198e-02
1.177237184047873370e+03 2.473249274259443382e+02 2.423823526646629034e-02 -4.140128759697177252e-02
1.251008994043828125e+03 3.437666356750972909e+02 -4.272186264827723678e-01 4.650185102848354568e-02
2.965557227019865536e+02 5.487036647725469720e+02 -8.204326609381951130e-02 1.875958403441245481e-01
2.417258425627171334e+02 6.822047024876288788e+02 -4.532137987119995437e-02 1.531213665218501829e-01
1.239870796038877643e+03 4.358178883638741468e+02 4.281844462587287015e-01 6.737064108461936207e-02
1.176191965136249109e+03 5.282884338895669316e+02 -3.493734303133805841e-01 -4.169089709502259433e-01
2.225854798515241839e+02 7.491804210132821709e+02 4.525187305562781287e-02 1.823940674265031592e-01
8.196061996732521493e+01 3.300525318926254954e+02 -1.957725145215505336e-02 -2.430696071741067499e-01
3.099434578276869843e+02 4.763186768304542511e+02 -2.360711400687875994e-02 3.168072044398684284e-02
1.028344246623631079e+03 2.256191603148318450e+02 -4.320552794013110542e-02 2.762290993617995127e-01
1.128074760375180631e+03 2.209327145046714520e+02 -1.305429544482308302e-01 4.263793574491572258e-01
1.063605037725611282e+03 2.838441415925557862e+02 4.217893614162449012e-02 1.200648587804238332e-01
1.169882132036870189e+03 2.292154445361623800e+02 3.389488983346495843e-01 -3.097152250583690147e-02
1.184765126669466554e+03 2.317831718278418123e+02 6.921054354938860342e-02 4.750241806367228037e-02
1.236686175272632227e+03 3.347001031552916857e+02 1.440906200713243379e-02 3.614329742686095415e-02
2.490106643943345262e+02 5.341541568783188723e+02 -1.343338261023419022e-01 -9.578435878182745000e-03
2.701061683059655820e+02 6.326860808415615338e+02 -1.764380787354724589e-01 2.742458000994929534e-02
2.456389442475698957e+02 6.877951367857825744e+02 2.251436152373997857e-02 1.392188830895122464e-01
8.739503068596316382e+01 3.447746037528240777e+02 1.928605450646756481e-01 7.570427607254259783e-02
2.681057799540960787e+02 4.071840137523619205e+02 5.051628817303329549e-02 1.801287597992313749e-01
2.960906238761866121e+02 5.021042224789958368e+02 -4.340293960886280195e-02 -3.726416964517890312e-02
1.134849027012455053e+03 1.692102409610340601e+02 4.153456684578789998e-02 1.012794222362363855e-01
1.089967604630346841e+03 3.053927405157981525e+02 1.023299893142090439e-01 5.412556084689299496e-01
3.031060304902379130e+02 5.583478030119166533e+02 -2.857708943491843456e-02 7.733601643174854712e-02
2.959291752336200148e+02 5.876873056800452559e+02 -9.675524936197159309e-02 1.089694019812744302e-01
2.653875307906785110e+02 6.135406818111848679e+02 -7.177563646105984685e-02 1.873514933718828102e-01
2.272420018525816090e+02 6.989686173759289431e+02 3.413573567090111283e-02 1.003365745358072020e-01
3.188471805966236161e+02 5.337494377492098465e+02 3.361485505790066247e-02 3.404972624718993757e-01
2.750535663269409383e+02 9.576171212993434665e+02 -8.445500083627166532e-02 -2.470044001582512860e-01
5.337301406615368933e+02 1.100871026067616640e+03 -1.499647155435468449e-02 -6.196552876872374327e-03
2.626306667162515396e+02 4.170733539916967629e+02 -7.005825786450259329e-02 -1.745419465104873780e-01
7.818275039029383606e+02 4.142888127730702763e+02 2.654140941376681440e-02 -2.376801549556262216e-02
1.156388280230890132e+03 1.412294450339120999e+02 -9.414622904569114326e-02 1.090705426061902017e-01
1.105192616083457551e+03 2.182236352166979714e+02 3.959387672091452259e-02 -1.371344105344007858e-02
1.073842050384049116e+03 2.686759016978655836e+02 -1.334350950643283795e-01 8.151363258664900968e-02
1.133024037113479153e+03 2.626177662933389456e+02 6.635214690402335691e-02 3.863236137832473105e-01
1.224949734681235213e+03 3.538877368244272930e+02 -2.849581335032098650e-01 9.456218739376254234e-02
1.211565407890446977e+03 3.680812910084057989e+02 1.508951305879691063e-01 -4.119424238477904510e-01
1.186128108156871349e+03 3.920607896731519872e+02 -2.079115165097391582e-01 2.373297746648290740e-01
1.133788270869444887e+03 4.280020102303139424e+02 1.128002878760980821e-02 9.745153958414221051e-02
2.787927913489762091e+02 5.556891340414366596e+02 -1.234058308673979809e-02 2.475924139301355353e-01
3.014074589286182118e+02 5.825662789012086478e+02 4.973450922440747490e-02 1.644729238386162251e-01
1.223770379388049150e+03 4.399641908994897221e+02 6.321431785681852489e-02 -3.521191186392229611e-01
2.590947893156745181e+02 7.546601463585870988e+02 6.705455687381345342e-02 3.914044270941303694e-01
2.566475166192380470e+02 8.823174220011786701e+02 1.159948700014581391e-01 2.915355236356731439e-01
9.214089876645090271e+02 8.545159959635027462e+02 2.515698017874115067e-01 -1.707685494780548652e-01
2.722029758447820313e+02 5.280086839578166291e+02 0.000000000000000000e+00 0.000000000000000000e+00
3.155045335051505049e+02 4.878593325476202835e+02 0.000000000000000000e+00 0.000000000000000000e+00
3.255248085618272285e+02 4.973976838294057643e+02 0.000000000000000000e+00 0.000000000000000000e+00
3.089959783580493422e+02 5.220299423594764221e+02 0.000000000000000000e+00 0.000000000000000000e+00
1.122195215729091160e+03 1.541719726401357775e+02 0.000000000000000000e+00 0.000000000000000000e+00
1.117778222170430126e+03 1.855377154894047749e+02 0.000000000000000000e+00 0.000000000000000000e+00
1.082768941050651165e+03 2.373892298698367540e+02 0.000000000000000000e+00 0.000000000000000000e+00
1.069568035245404644e+03 2.512473336522253646e+02 0.000000000000000000e+00 0.000000000000000000e+00
1.093251270666287155e+03 2.972955742130432100e+02 0.000000000000000000e+00 0.000000000000000000e+00
1.184371225233264568e+03 2.469003825102843450e+02 0.000000000000000000e+00 0.000000000000000000e+00
1.124852164337905833e+03 2.744530083176907169e+02 0.000000000000000000e+00 0.000000000000000000e+00
1.230641485198476630e+03 3.315415968200015868e+02 0.000000000000000000e+00 0.000000000000000000e+00
1.179044399479915683e+03 3.794139572611926496e+02 0.000000000000000000e+00 0.000000000000000000e+00
1.262862626844315855e+03 3.883253120726521956e+02 0.000000000000000000e+00 0.000000000000000000e+00
2.974716629725620578e+02 5.399576271695214018e+02 0.000000000000000000e+00 0.000000000000000000e+00
2.870100943966306204e+02 5.729681345315839280e+02 0.000000000000000000e+00 0.000000000000000000e+00
2.903922087643858845e+02 5.862299034600267760e+02 0.000000000000000000e+00 0.000000000000000000e+00
2.547915338619734200e+02 6.707855232097105045e+02 0.000000000000000000e+00 0.000000000000000000e+00
2.603154411478715247e+02 6.904046443754186839e+02 0.000000000000000000e+00 0.000000000000000000e+00
2.550865094934220849e+02 6.980020894090388310e+02 0.000000000000000000e+00 0.000000000000000000e+00
2.694463114009786864e+02 7.009067115918388708e+02 0.000000000000000000e+00 0.000000000000000000e+00
2.738445772486564920e+02 7.068764350435241113e+02 0.000000000000000000e+00 0.000000000000000000e+00
3.441588970763394286e+02 5.282374263636118030e+02 0.000000000000000000e+00 0.000000000000000000e+00
3.091526569559840709e+02 5.618575281228281710e+02 0.000000000000000000e+00 0.000000000000000000e+00
4.158030707989278767e+02 5.557260426899339336e+02 0.000000000000000000e+00 0.000000000000000000e+00
1.102238346253658619e+03 5.408334009264500537e+02 0.000000000000000000e+00 0.000000000000000000e+00
2.166213494181772035e+02 7.393119997953755274e+02 0.000000000000000000e+00 0.000000000000000000e+00
2.443190027136891729e+02 8.014495475201730414e+02 0.000000000000000000e+00 0.000000000000000000e+00
3.027592642691486162e+02 8.765847648380118926e+02 0.000000000000000000e+00 0.000000000000000000e+00
3.187682645926764735e+02 8.983071870428849479e+02 0.000000000000000000e+00 0.000000000000000000e+00
3.497802284960886823e+02 1.032523139075817426e+03 0.000000000000000000e+00 0.000000000000000000e+00
