1.342272865968434132e+02 3.787136930470873040e+02 2.751583388798357378e-03 -5.640936696809126065e-03
2.651767416724156305e+02 6.825880151387243586e+02 -4.095802360303808787e-02 5.166232704720984115e-02
2.520633480687824317e+02 4.677260404024991089e+02 2.288836695705561829e-04 -2.608812612739747679e-03
2.292491572395194339e+02 6.865324559591712159e+02 -1.365934866792408442e-01 1.461456701876528153e-01
3.213278855492536081e+02 4.715169301010901108e+02 2.165398937356510095e-02 -1.048773113386979906e-02
5.672176265613894657e+02 3.861380383365572015e+02 1.130908285152163253e-02 2.386623711206786649e-03
5.637929199435523060e+02 3.816395343648580933e+02 9.624960221353741222e-04 -2.481669092813686139e-03
2.704434888914745443e+02 4.786950137694933574e+02 -6.568913090876943132e-03 -8.366236650861161306e-02
2.898885795969174524e+02 6.434658722677909282e+02 -6.717948484315805491e-02 8.254612055579382823e-02
8.295560610670271444e+02 4.074689660368749742e+02 -7.098414704893849284e-05 9.609227200961426940e-05
7.102503867324946896e+02 4.182300550845084786e+02 6.363792865001171445e-03 1.065458833284308252e-02
1.228087638252937722e+03 2.689561699185338739e+02 4.190121085935286094e-02 -3.265710021612719394e-02
2.384952988833960603e+02 6.898176433904436635e+02 -7.350572044800056382e-02 9.405816911179058770e-02
2.536293990386315329e+02 6.987343685579718340e+02 -7.136283075903457340e-03 -8.600847066977711577e-03
3.093097540044434481e+02 8.551336823255243189e+02 2.501768769319951402e-01 4.211019980865816636e-01
3.155833314504121176e+02 8.533527564639158527e+02 2.354235290321939067e-01 4.072062861532033118e-01
2.761933774834405995e+02 8.722715806664929232e+02 7.560549127629144495e-02 3.936168594548190014e-01
2.660277367067231467e+02 8.850554904512728172e+02 8.338660905054486039e-02 3.918609131672378676e-01
2.991899686895945365e+02 8.646782746417376302e+02 1.681159441257872866e-01 3.773763578744808722e-01
3.049404573756328887e+02 8.704104315662332283e+02 1.592044142880436330e-01 4.298480467319094611e-01
2.739657790186993793e+02 8.918359680964180143e+02 1.167383654033980062e-01 3.705143139276085296e-01
3.123757708917514151e+02 8.779237536597287317e+02 1.611914687470191176e-01 4.197524492458567513e-01
3.710714723678360656e+02 1.012799921051154797e+03 2.963389232896782022e-01 8.949558984746356360e-01
3.443751009880568290e+02 9.362478125807433571e+02 2.383282300703141732e-01 5.014785650947051199e-01
3.461976053462463483e+02 9.485168440375836099e+02 2.687810352394050528e-01 5.328392023726801208e-01
3.156886830515092583e+02 9.680800051857846711e+02 2.011996238252705405e-01 4.408451666361730137e-01
2.892513908706595203e+02 9.460472846288042774e+02 1.542610102023945218e-01 4.300764602354401056e-01
3.210293854679451897e+02 9.665464535028590944e+02 2.155902207708912666e-01 4.423255642137307597e-01
3.354890056024518685e+02 1.012090261476405885e+03 1.996043294633201293e-01 4.514532169657651250e-01
3.539540050299078189e+02 1.063670416632292017e+03 1.024294445843018792e-01 4.970008920565129884e-01
3.445165696904863353e+02 1.016443188249332138e+03 1.515193740897460284e-01 5.073781447242033948e-01
3.629603929569711340e+02 1.075784851977240805e+03 1.261684001597115079e-01 4.470556534126111647e-01
3.493617074960197328e+02 1.045907568658939681e+03 1.463021622764570373e-01 5.527741485184503034e-01
3.400763143032821176e+02 1.086661710378338057e+03 8.474263794731273780e-02 3.594368812037931904e-01
6.343598608120679501e+02 8.219721615448411285e+02 -3.393454199898643495e-04 -1.157907425842027071e-04
9.124157828120554541e+02 8.060113374873045586e+02 6.415898872846089850e-04 -2.408580746928822404e-04
4.599546726144699278e+02 9.415701637784624154e+02 3.706529452839808260e-04 2.577194354986690858e-04
9.076862110270029689e+02 9.239355810847437169e+02 3.031565382363763522e-02 1.655396353427508738e-02
8.985390877645214687e+02 9.256723057052520289e+02 -2.482487241832807487e-02 -2.601036878126710555e-02
7.082481446451256488e+02 9.924622754200488544e+02 -1.357064865193915700e-03 2.266112100898843348e-03
7.149176897463864861e+02 1.011589257871042378e+03 -2.763437304124501072e-04 5.123952293417621774e-04
7.048843096118907852e+02 1.023758364139769128e+03 -2.075609184741173709e-04 9.948243022322592402e-04
9.842649618868798598e+02 8.472830906462135090e+02 -1.918260145764701715e-03 2.168893807359129500e-03
2.334110651031440966e+02 7.558619189053781611e+02 -4.005867367098701615e-01 -2.503756748014308517e-02
4.816323312589562420e+02 1.099090140502497661e+03 -3.594935894396951415e-04 -4.471065730384826708e-04
7.044012748455360224e+02 1.036501802355124255e+03 -4.790543678402425028e-04 -2.248426481464145500e-04
7.519123395401401240e+02 1.067530273915496537e+03 1.086872814532920725e-03 -6.937495756781320239e-04
7.456726278123043130e+02 1.071466821853047577e+03 -1.006472759944708625e-04 7.015642524205002533e-05
1.310293656100410828e+02 3.248200179235478231e+02 -6.408859445357820541e-04 -5.941021637859689002e-03
1.237778080537823826e+03 3.993738581865240462e+02 1.009582728091676374e-02 -1.499772553502326869e-02
8.997488388989643227e+02 1.102204775639006584e+03 2.497608953177351187e-04 -1.137471817495643668e-04
3.476430783563885711e+02 9.065669534463287391e+02 2.210071185349116452e-01 6.501302912105269005e-01
1.349100631849495358e+02 4.001639606012237209e+02 3.294332272264005254e-04 -4.335450615877845491e-03
3.216044266386741128e+02 5.487631067383312029e+02 1.167391004053914584e-02 -3.218680084104886489e-03
8.071528484410013107e+02 8.768690200054425077e+02 7.691283319809147194e-03 -1.299881709198893748e-03
3.062043444869595419e+02 9.301893061161028982e+02 1.494496150889617903e-01 4.080197370680757052e-01
2.610185327633467978e+02 8.644952215830180648e+02 9.279787816656957788e-02 3.111079270051970713e-01
5.634427644223554807e+02 4.587995150333026686e+02 5.782418635126394943e-06 -2.178835954750731212e-05
3.301003981731673207e+02 9.575919546312826469e+02 1.128555279297878411e-01 4.827721241777280237e-01
2.619777667273993416e+02 7.407279596008428371e+02 2.365054579032889459e-03 -5.579294574819850840e-03
2.326427854942411102e+02 3.222441756166004438e+02 -4.385751633559167167e-02 -2.459108389066296807e-01
2.771502222425544915e+02 6.067831943912559609e+02 -1.642199716136271553e-02 2.701543379066133621e-01
2.251045191380784729e+02 3.231993034685945645e+02 -6.388451860337987509e-02 -2.471035855428999894e-01
2.273280172088607287e+02 3.330765557187306172e+02 -6.125097118354709547e-02 -2.572544104108576701e-01
4.098380661657956239e+02 1.064920242048233149e+03 -1.611870388323230138e-02 -4.549773335314300643e-03
3.374590899559902368e+02 8.823058081666181351e+02 2.912910379164069252e-01 6.217262777532182039e-01
1.007766062749986190e+03 8.163751296793318488e+02 5.844285261735485126e-03 2.194385523122298169e-03
4.862888636366367336e+02 4.484314988897658623e+02 3.074301358245263953e-03 -1.187822863332228633e-02
2.218793933192156658e+02 7.489050226283375196e+02 1.676832710203505876e-03 3.088432784618429933e-02
2.722844175625937169e+02 8.322466808455295677e+02 3.157500089052585057e-01 3.778100324505493934e-01
6.063854189982613434e+02 4.366997690993549668e+02 6.051851529080765763e-03 -1.981488532535231190e-02
8.263353484786275658e+02 3.184110200485764608e+02 -5.315134451100873701e-05 -4.741938842716810626e-03
1.985480193074601800e+02 6.837295615152496566e+02 -1.485761333782333327e-01 3.329352792990389887e-01
3.019702569544551807e+02 9.571368019110936984e+02 1.539803274918142006e-01 4.254223352280430137e-01
5.488972915303090758e+02 4.310431759743525504e+02 1.721219149321723783e-03 -3.397671615405193062e-03
4.625533425136011942e+02 4.531278255745780257e+02 -2.286070208163263826e-02 -3.082815236724503749e-02
2.485885939800326128e+02 7.176613780517757277e+02 6.179798099960333649e-03 6.013044104973925760e-03
3.384441039227280044e+02 9.828772530037850856e+02 9.605439450046059091e-02 5.048722648453682904e-01
4.942165157048077617e+02 4.307296677991580509e+02 3.044241869057678299e-03 4.128146228600207412e-03
1.201961624581048682e+03 2.139397935612209949e+02 8.257602170663694285e-03 -1.175426631741961596e-02
1.216979058615197346e+03 2.487509782496480284e+02 -3.282832956607884337e-03 -5.890195912582436855e-02
2.960956112844753534e+02 8.513220788770277068e+02 2.406447137695532645e-01 3.768184141371790363e-01
3.075989112499536873e+02 9.536358297660709695e+02 2.043573671723842022e-01 5.156676728027024259e-01
2.319319712086185348e+02 6.966465698315086001e+02 -6.606156139815991257e-02 1.541901712326291807e-01
2.657843618280987812e+02 4.550435431341710455e+02 4.983410657545580668e-04 -1.270233526227379783e-01
9.707755396302940198e+02 8.446713442222514914e+02 2.147497151265206905e-03 1.432536128996472671e-03
1.234759395633117265e+03 2.888080905542727805e+02 -5.505271422470115611e-02 1.713314508285129212e-01
1.020765416729235312e+03 8.145607979027920464e+02 -2.054613484976318058e-03 -3.799402944016019336e-03
2.660474369398318686e+02 8.915119975216956618e+02 1.308702168298592206e-01 4.052977280642509061e-01
2.787277162923497826e+02 6.319361322237732566e+02 -2.836540930158632998e-02 1.469109564700813997e-01
1.989127822056683783e+02 5.088455759244113779e+02 2.200647673812781285e-02 1.975603916520466893e-02
9.576624813493006059e+02 8.519277470061898612e+02 6.248641651499122103e-03 1.056233564318716060e-02
8.272943522692146416e+02 3.432069836363706941e+02 -2.360729592324148016e-02 -9.757813907539669013e-03
5.055263276721664170e+02 4.416527510415072584e+02 2.168244725065069127e-04 4.518542267440820749e-03
1.004127733068950420e+03 8.342821476338367574e+02 4.795658869827795762e-05 3.369648722704062654e-03
1.040573495069157843e+03 8.478048915789595412e+02 7.678724047401815599e-03 -8.865669953010102758e-03
5.089749481074588289e+02 4.563467586294611920e+02 1.430732410950431681e-02 -1.194077139206453989e-02
4.960813422999647173e+02 4.399072517942904597e+02 -1.254808978513206061e-03 1.838807262711585804e-03
2.560932355192518912e+02 7.432434800734675946e+02 4.586243826273709440e-03 5.797869326492633042e-03
1.912024264857092248e+02 5.811862616473772505e+02 -1.078673675882138930e-02 2.819833157564129861e-02
2.600694474299536978e+02 3.950391073053583568e+02 -1.146980941170921628e-02 1.280188167823377576e-01
9.854712381347627570e+02 8.247689160525144416e+02 -1.997154171997543581e-02 -1.061337212153339732e-02
1.016354123600847515e+03 8.106838379590370778e+02 5.223658806459194510e-03 -7.469406868677192293e-03
9.835342953997661652e+02 8.160325170848325342e+02 -8.515160088948748457e-03 -3.016449616869535874e-02
3.105354319612977747e+02 1.009143863358679141e+03 1.415699730298771719e-01 4.570333226390045356e-01
5.790069329868960040e+02 4.399363699609108380e+02 9.049977139532998718e-03 2.130549766092493594e-02
2.644890732399857711e+02 3.653347501671017881e+02 -5.620586091543436575e-04 2.362566471938385218e-02
1.243324982552361007e+03 3.976015013229184660e+02 -2.471277587414312960e-03 2.668277195144776355e-03
1.171618863914413396e+03 2.471974763371297001e+02 -4.816485454854262452e-03 3.458084947662499846e-03
2.913229955942383071e+02 8.419615006472535015e+02 2.753261668586080013e-01 3.446878478986939442e-01
2.490173357127908673e+02 3.670476158058728515e+02 -1.585506200261463036e-02 9.548509479289729596e-03
1.010398720995211193e+03 8.369811360913267890e+02 -3.896430253840518581e-04 -6.624655379755044635e-06
2.413606053392177557e+02 7.765549943616731525e+02 -2.424000023463079023e-01 9.703470984113934938e-02
3.245428347189064198e+02 9.912430684934662395e+02 1.972089913767696434e-01 5.138694856890446694e-01
2.722650829660234422e+02 6.782210540873064701e+02 -2.212719519778064137e-02 7.089193731053006209e-02
2.608099052596829210e+02 4.658983563082797446e+02 2.809191937968019692e-02 -8.791449205003598610e-02
2.802353165901227499e+02 5.306439274803259423e+02 -4.797194835056571571e-02 4.053426307708323795e-01
2.979706997065627547e+02 9.278202977618467457e+02 1.324662941408152328e-01 4.066417343358499359e-01
7.247528023018813883e+02 9.767722498933202360e+02 -8.056743642210937532e-04 2.127392771117769549e-03
9.501198512260523330e+02 8.370959351474399455e+02 2.122837085599568741e-02 3.096689682448945137e-03
8.077164644990327815e+02 8.809543320653648379e+02 -6.989698510870082267e-03 4.858922935231885861e-04
9.218638554417626665e+02 8.303249427402097353e+02 -4.996281202481737960e-03 -5.967954421828493283e-02
5.828672092343953182e+02 4.458164188033189816e+02 1.534918335427941198e-02 -2.101098752243187734e-02
9.207628952209199724e+02 8.592766875379065823e+02 1.284347990802209294e-02 2.079842393444246949e-03
1.175863485295099281e+03 1.440809828418137499e+02 8.744383148944120596e-03 9.039971300144136485e-04
2.464976822181989178e+02 3.543695229613346100e+02 3.956672152348024440e-03 3.640764936572413700e-03
3.698859284977649509e+02 9.737468804652813787e+02 -2.790474935177641655e-02 -5.960220963089962742e-02
7.978874695707650062e+02 3.653790148292216031e+02 2.650988092397602545e-03 -1.967706827339034056e-02
9.491738420567016874e+02 8.456414755342841545e+02 -8.436574947420084729e-04 5.972432471280356061e-04
3.077655064731979451e+02 6.174128696502892808e+02 -1.442365085572891795e-02 1.226391108985866868e-01
5.418154714152017277e+02 4.888600901318189926e+02 4.471723476688629906e-03 1.279359733283199317e-02
1.031701277517706558e+03 8.320507878227471110e+02 -7.314438524012490013e-03 -2.893790300351323057e-03
3.079866063552350965e+02 1.038749119084191761e+03 2.060349986897089258e-01 5.112499925613173124e-01
2.537574726987326414e+02 4.248946071550880674e+02 -4.326767411679479508e-02 -1.119310129196242343e-01
9.124042532582204785e+02 8.306035550971420207e+02 5.161039563296243061e-03 -6.185249522471590600e-03
2.301295501474959622e+02 3.119866166152637561e+02 -3.819987987470868651e-02 -2.195156219608503656e-01
9.844374657384781813e+02 8.686078690967586908e+02 6.393999092612677113e-03 -1.894045816899538048e-03
2.939589034610610270e+02 4.133340851499430073e+02 -7.190537000965805878e-03 5.405353635167260695e-03
9.621411935643908464e+02 8.678788913254571753e+02 3.248933965389171237e-03 -2.291162687220319079e-03
9.735952115365832924e+02 8.660595464444962772e+02 6.403732719828701073e-04 -1.756498657139690970e-03
3.176936367320360546e+02 5.114833058377881798e+02 -9.816881007144175400e-03 3.970966606982360286e-02
8.996714112860947807e+02 8.553051442023200934e+02 -1.823419016196535514e-02 2.678982626687882382e-02
9.688367951013747188e+02 8.836811149140095267e+02 -1.598244662221590682e-03 -7.464558643850933116e-03
3.268843698680564671e+02 5.659871983729464091e+02 1.072336618830543702e-02 1.272773148247265985e-02
2.613547550700086504e+02 4.442454643775108138e+02 -4.247771607202821542e-02 -1.265509948822424735e-01
2.511656110548284744e+02 3.976452396301578460e+02 -3.294505988729710261e-02 -2.187997858350853586e-01
9.900851337101548779e+02 8.525496458907776969e+02 -1.943502483660303811e-03 6.102717778303215403e-04
2.342654091529090010e+02 3.370435075781866203e+02 -6.682895396365026719e-02 -2.745954831204515667e-01
9.666624828671220939e+02 8.730074149809103119e+02 8.112729091814601876e-03 -2.687841808569648577e-03
9.570197830250087918e+02 8.619996362126582881e+02 5.709037375440137452e-03 -8.231973174985689201e-03
1.963583162678864937e+02 5.718408249179983613e+02 -3.642732674093324976e-04 1.321699505259326356e-02
1.051450468436732763e+03 8.301066275210033609e+02 -2.393282495309940246e-03 -3.748120213891966389e-03
2.564188407147705107e+02 3.283809694070670844e+02 5.991513307721430573e-05 1.930948536941025698e-04
1.932518092741696023e+02 5.115361254526064840e+02 1.742515116970394864e-02 4.183352750523213447e-03
9.717255137520057815e+02 8.533955347569520882e+02 1.585148262840633052e-02 3.923169332452825474e-03
1.213242858424219094e+03 2.250441638505739093e+02 1.977976554676073168e-02 2.707020328593482197e-02
5.120715034197863815e+02 4.175940009320717650e+02 -1.483348575567277434e-03 1.875993233201402044e-03
2.410326603249746711e+02 6.118808856892600261e+02 -7.927309007152782971e-02 2.455275431542801867e-01
8.021751430704943004e+02 3.559179697137504945e+02 -1.633015439998722817e-03 4.987151249889789847e-03
2.754840218158902871e+02 8.461568036580196122e+02 1.914336549549365274e-01 3.466064932687737965e-01
8.019195415516978755e+02 3.467393498340061910e+02 1.170661074940365469e-03 5.995215479632600483e-04
5.427183108389081099e+02 4.671993244491509927e+02 3.689251981032242909e-04 4.423842062671142134e-04
9.421453691535150483e+02 8.727493225569182869e+02 -5.683029527853078987e-03 -1.862286156690268072e-03
1.136449209226218727e+03 2.235579809564310665e+02 1.016348719023052634e-02 -9.534834042771609883e-03
3.310147438161156970e+02 1.082435928087146749e+03 6.036243435081733999e-02 4.180636867945485280e-01
1.159497456217599847e+03 2.250140106778745803e+02 1.206011395852599026e-02 -9.929595983658483921e-03
2.955719320468828073e+02 9.428358439581743369e+02 1.931263783179696381e-01 4.960261943663271667e-01
1.024432385009437667e+03 8.661118035293203548e+02 2.166164242730206097e-03 1.734681429331548031e-03
2.398162301775482774e+02 5.799831669293582763e+02 -1.828487998482593302e-01 2.656260957351927465e-01
2.464360262967250321e+02 3.364234832708712588e+02 6.891119252833221394e-04 -7.913456241797098972e-03
3.662666258303905238e+02 1.089854847433976829e+03 5.291246475993580112e-02 4.600914082617340584e-01
5.661077976894765698e+02 4.637681605220411711e+02 9.321394637562761256e-04 1.188252473572884134e-03
2.891598249942963434e+02 6.183955333922887121e+02 -1.521406233398533286e-02 1.313510768137305662e-01
1.152840185022291280e+03 2.075911802630381544e+02 8.516189899394181750e-02 -9.177427440638923073e-02
1.025015908228646595e+03 8.268987674711447653e+02 -6.901018748920358971e-03 -2.233704379634245465e-03
5.144129558756205824e+02 5.062666114705373275e+02 5.039117543295034037e-03 3.164508889030890042e-03
2.389257399693061359e+02 6.438701681704626480e+02 -1.517308936798725527e-01 1.570816504578733397e-01
7.332996990456073263e+02 9.641660852075161756e+02 -6.008046514680830813e-02 1.995450425246561577e-02
1.169615513293304957e+03 1.861279567643445318e+02 1.041258437684032534e-01 -1.041558702181255153e-01
9.961986374226880798e+02 8.777003687268429530e+02 1.427895199462189332e-02 1.155220902962292469e-02
5.515718816449672204e+02 5.234065279477803188e+02 -2.218624031914345415e-02 1.374444399716977239e-02
2.153113505956581264e+02 6.909698139278362987e+02 -1.357118760714326466e-01 2.307471260791697509e-01
3.526729472917020303e+02 9.583982734277373083e+02 1.555083714458073696e-01 7.629156109766773719e-01
4.710952376345226753e+02 4.363293683090244599e+02 1.212439747763876911e-03 4.852555161577773012e-04
2.309183988533733043e+02 3.443511849230022790e+02 -6.749755192459075404e-02 -2.772894472330438287e-01
1.079638217357525036e+03 2.232757946032105281e+02 -4.691016291581666040e-03 1.030337667647543594e-02
2.542076295659068990e+02 3.360832769017907822e+02 1.072227165329112195e-03 -1.076176498729479805e-02
7.871945947391086520e+02 3.387275612354589498e+02 4.906428171738757768e-03 -2.709890081995140233e-03
9.443074591642847508e+02 8.591267005234047929e+02 8.140741993653397360e-03 1.395495579530877783e-03
9.712694003338515358e+02 8.935191766946770713e+02 1.812193766067485973e-02 5.256167359724002279e-03
2.844912525687146285e+02 8.473212303325967696e+02 -1.256974463005506859e-01 -2.990328409338887661e-01
3.019790896952524690e+02 9.954413337871108070e+02 1.185924229197939384e-01 4.576654638681337817e-01
5.716834836501510608e+02 4.306736563713675991e+02 3.201955982964172550e-03 -1.131959637270578195e-03
3.184731222853321242e+02 8.729204793782095066e+02 1.582742722576314098e-01 4.309298908171270148e-01
2.240329342625825859e+02 6.927921171706969972e+02 -1.464671648762858047e-01 1.831114001981015149e-01
9.264192212746526138e+02 8.407056107038708888e+02 1.140597867476171243e-02 -2.840005506980128065e-03
9.705247189193547683e+02 8.233836837717115031e+02 4.135565558431828458e-03 -6.752397864455914880e-04
2.000706567412322272e+02 6.974888410341436611e+02 -8.729159565612266969e-02 2.886146535066441698e-01
3.142676858933834865e+02 4.713636071582740215e+02 -5.877868994281187399e-03 -1.809389062459716355e-02
3.984177903345360505e+02 1.099966646834627227e+03 2.145566348373807719e-01 4.468202979361320937e-01
1.007130171955160677e+03 8.711715836475591459e+02 4.388236171488606521e-03 -7.270174620386326420e-03
2.237745162386141828e+02 7.410961044333723748e+02 -7.103188434885200631e-03 5.406589231085945357e-02
2.597406763343782927e+02 4.371190862347700659e+02 -5.584450058995627658e-02 -1.108195218929551584e-01
5.725631405139353092e+02 4.775504728029616786e+02 1.396388962463995798e-02 5.530377321573530340e-03
5.092244374682695138e+02 4.844662863720758992e+02 3.955351874135475988e-03 2.183517374177346062e-03
1.765302035683602071e+02 5.656693001189470351e+02 -6.222299555491985455e-03 2.728508840010534370e-02
2.566810893123142137e+02 4.447167783894022364e+02 -3.037841621954164364e-02 -8.663814331295989490e-02
2.404873040276994800e+02 3.271058706679201009e+02 8.863846152417573232e-03 -3.822125271713588696e-03
4.753668316184217133e+02 4.459689372366757993e+02 -8.125464333420045690e-04 2.519029491533373352e-03
2.939769530651587388e+02 6.584396817792371621e+02 -3.662223766646307416e-02 8.812910750882137212e-02
9.939173857337123081e+02 1.938345711558822302e+02 -1.340267690389120303e-01 -3.101097463466735982e-01
2.337050511511764341e+02 7.211702017436612095e+02 4.733632012679515194e-03 1.032486225834882039e-02
2.942497275457192245e+02 9.119151845232913729e+02 1.068968939132733387e-01 4.010245232231562929e-01
1.238771906026290935e+03 3.513023029775288251e+02 4.272059705320762069e-01 -1.051025329847566359e-01
9.026437139700764192e+02 8.594904047920050516e+02 -7.308134185209517520e-05 -9.826405690976363228e-04
2.540441416070877096e+02 3.129109254486785403e+02 1.474155847498222725e-02 -4.503108671139044970e-03
2.116620351341155413e+02 7.349346435844844336e+02 1.607428315407412669e-02 7.348355883187529525e-02
7.931849094365815063e+02 3.671179093670699558e+02 1.305349582757531224e-04 -9.661548506728919947e-03
3.040235227272675047e+02 6.293317098195973358e+02 2.014751586655548488e-02 6.863411028062403607e-02
1.266026414612739700e+03 2.953565592609477335e+02 1.223312631302430524e-03 -7.154944908160751349e-03
2.808162255287066387e+02 9.068331968668143190e+02 1.190940187493376295e-01 3.514801733167745024e-01
1.062894920258391494e+03 4.041755565069431100e+02 -7.481888682251688428e-04 -9.955825361358994555e-03
4.911351592265910995e+02 4.627405236483410249e+02 -8.084795268589437672e-03 3.172532437782020747e-03
5.051602252672076361e+02 4.763967711589124292e+02 1.842622635021512768e-05 -2.383733068983933442e-03
1.269077999252947848e+03 2.966377858228048012e+02 -8.702268177780797878e-03 2.170703347472863545e-02
1.257739386823730911e+03 3.066023699998271468e+02 3.880994562438341844e-02 -1.377457882050870178e-03
1.032328950391022317e+03 8.700717881610404447e+02 3.598844824977061405e-03 -1.023206085359210094e-02
1.000102260164714153e+03 8.171429593723074731e+02 -2.152238785963460702e-02 3.294655603558522237e-03
2.583872815442690580e+02 3.332763916713481649e+02 -3.529883463007009621e-03 -2.168136321210797739e-03
1.155961828316342462e+03 1.403737548994080271e+02 -6.228672982471456822e-03 3.365479549687912155e-03
3.131891729209533537e+02 9.060887906209542280e+02 1.948690663575909088e-01 4.969776533098129723e-01
3.469897513314757589e+02 1.029089936212702469e+03 1.982036113862139792e-01 4.804754768232318285e-01
1.021894294305085282e+03 8.576826270072505167e+02 3.016691729747341191e-02 1.250328947340149932e-02
6.113197855780393866e+02 4.040517088075472998e+02 8.724592519598842189e-02 -1.656053247477707810e-02
3.937919074848087462e+02 1.070599722404466320e+03 4.566242781267797896e-02 -2.308741430972689399e-02
2.682313910066441736e+02 4.377756645239475120e+02 -4.844892201599194752e-03 -6.869208584710055632e-02
9.509493689960551137e+02 8.231980527160214933e+02 -1.974768930399297545e-03 -8.476450363061060339e-03
2.426751201300527043e+02 5.005485047132626732e+02 -6.333615448824329386e-04 1.518801178107905556e-03
7.177345468996335285e+02 9.559932851701748859e+02 7.300885086549735274e-03 9.477741709315973609e-03
2.931268342061981116e+02 4.988236353547134740e+02 5.221123332045023158e-02 2.636073165317285305e-01
2.713070795702518581e+02 6.536076310718468676e+02 -2.839317526008408588e-02 1.362385743560268758e-01
2.857142151042713749e+02 8.603410059700305510e+02 -1.399336437841105230e-01 -2.998482528478752518e-01
5.355001466261172709e+02 5.175584240544191061e+02 -1.823192176286648689e-02 -5.092865196680162847e-03
2.453687785991580768e+02 8.461090056631483094e+02 1.716471772351344238e-01 3.559005553180947246e-01
1.115953795253624548e+03 2.355341384184211790e+02 -6.207505684052635163e-03 -1.014484355270261692e-02
1.037938999770119835e+03 2.797702306603246143e+02 -6.506234177435328211e-03 1.268598983532760217e-02
4.883312015756462188e+02 4.584998035733891015e+02 4.373680273719140251e-04 1.576519730198051080e-04
2.292989815421707931e+02 5.355853183423541850e+02 -3.972385187174255483e-01 1.375512323690604721e-01
2.444398611132089343e+02 4.939229491860414782e+02 1.281957046079142907e-03 6.742999449099920835e-03
2.181360191165557296e+02 7.415716690411278478e+02 -4.107227435016488730e-03 7.024616093894907320e-02
3.181200563726688415e+02 1.006787283103413188e+03 1.582270564904246779e-01 4.532891501173179072e-01
4.246906551170937973e+02 1.073787288486323177e+03 4.402597475075141400e-04 1.754488876085275517e-03
2.959184891274869642e+02 8.766660745501292240e+02 -9.348222594337528280e-02 -2.900904521973177719e-01
2.652660825324390999e+02 4.487140919187289114e+02 -6.667674843064974599e-02 -1.446834284596333065e-01
9.431623898647965234e+02 8.508119125799295261e+02 2.212137991275292623e-03 -5.187526854574526190e-03
4.946708894444645352e+02 4.725573997120220042e+02 -4.285189334122812763e-03 1.746790148956171200e-03
2.364572724415456264e+02 7.148300294615388566e+02 -3.130440331010009292e-02 9.497534955294843415e-03
8.247297426507944920e+02 1.102304703109561387e+03 4.824295201075020278e-04 1.993681184630266123e-04
3.279668508375029319e+02 1.014518014078479496e+03 1.493526274699025491e-01 4.100161029299093651e-01
2.147144686702171441e+02 5.823776989766812449e+02 -1.091595915546312613e-02 -9.713479910348300772e-03
3.233318127941731177e+02 6.168711030610451189e+02 2.008558142194650175e-04 -9.661925445850174515e-03
1.217399562338880514e+03 3.249564936632434637e+02 3.794881244272242937e-01 -1.640735133158565673e-01
3.346918843040987781e+02 5.631631161858657606e+02 -4.405834100160318373e-02 4.647880850500381994e-02
5.464822086561209744e+02 4.165641684301795635e+02 -5.308743541493163125e-03 -2.245045520615941356e-02
7.064536589078574025e+02 5.827581212525529963e+02 2.659888948157080636e-04 -4.322406844782409815e-04
2.167674090303175944e+02 7.341306198700226560e+02 -5.700038529602068950e-03 9.880224595172709678e-02
7.227517059255038703e+02 9.138103144428540645e+02 2.349658543890330905e-03 8.197887243230719042e-04
1.045763504052220696e+03 2.366866481993555169e+02 2.940741681283054465e-01 3.110402322433051259e-01
2.552109002560146109e+02 6.484014698801199756e+02 -7.784690115924113030e-02 1.439023667328343525e-01
3.088181758782538964e+02 9.897877688344206035e+02 1.502800341724672417e-01 4.638118599627819583e-01
2.674877875806293446e+02 3.012631733815779853e+02 -7.038713333102323763e-03 1.058187279339126499e-02
2.617584400060959524e+02 4.266988664440147545e+02 -1.305129757384457419e-02 -6.306695719010207979e-02
3.150732697791963801e+02 9.836512666636807580e+02 1.949828463057055317e-01 4.852598091287266269e-01
1.165871801665558451e+03 2.398995206195213257e+02 -4.978394003190638427e-04 8.167633741564795345e-04
1.556273256572739854e+02 5.186496451783814337e+02 -3.589177489248521757e-01 -2.063246671755853690e-01
1.141989199735752209e+03 2.320175724673927959e+02 -4.431786805035149929e-04 2.310398135607961891e-03
2.546502534976132779e+02 4.135362512194033684e+02 -7.675452202759872056e-02 -1.033305420235633015e-01
3.402327320320718513e+02 9.576016576350303922e+02 1.339586863244954240e-01 5.702259025392529823e-01
3.478607373382156425e+02 1.071035701011446690e+03 1.500777957876306967e-01 4.075454926207074391e-01
1.986858705942094616e+02 6.422737231902108306e+02 -6.495070667063143795e-03 3.449303967581952568e-01
1.158592261690533860e+03 2.146342510407481257e+02 -2.965748788336544650e-02 4.712122736547250806e-02
2.215298285528123188e+02 3.100728873894128697e+02 -5.679119013903307506e-02 -2.093098928542493076e-01
3.129218478752288775e+02 5.023329109566025181e+02 -2.027829048181232011e-02 2.648671014317007660e-02
2.746324367656015966e+02 6.153772891327683965e+02 -4.040874802419997663e-02 1.547522896948053395e-01
8.507442228098660735e+02 9.314946653348300742e+02 1.508291421095515861e-04 -3.606321877968373790e-04
3.174419592826660619e+02 5.341406608228592177e+02 1.078139521102641947e-02 -1.475375151998454572e-02
1.107300759233723284e+03 3.483265034366805821e+02 -1.441323702666356399e-01 -2.577901403729143670e-01
2.097153459848419743e+02 5.840014147072329251e+02 -2.937279641769473607e-02 3.788649586280740372e-03
1.168896222008140057e+03 3.297348378586464150e+02 -1.019223669008336580e-01 -3.119359683111188816e-02
2.471742346642680843e+02 4.804122062648252722e+02 2.471595645855327594e-02 -7.697192832989854447e-03
5.759642625320800562e+02 4.834980450410283765e+02 -7.573077390609139542e-04 -1.549294591719874679e-02
1.088777465208447893e+03 2.306312745361356633e+02 -6.459587200393203908e-03 2.852618025474525781e-02
1.150944780856974830e+03 2.478034947638160190e+02 -8.837710334597828621e-02 -3.561450557535660727e-02
3.275022039823575710e+02 8.941106545093981595e+02 1.845342138703324752e-01 4.638522078101858237e-01
1.139394715213056315e+03 2.392070294208729138e+02 -3.867123066455779769e-03 -2.661128313900350175e-03
1.189527960030135773e+03 3.191631582776073515e+02 1.071845098955677839e-01 -1.724639202569451871e-02
9.923680122875060761e+02 2.084710973207491804e+02 -4.080127416315944625e-03 -9.952255361006977913e-03
2.501736015174128909e+02 7.268860892730195928e+02 -1.845680317848570531e-03 -1.142817064084000007e-03
4.448328055973956339e+02 1.096104988972249657e+03 4.728741790379804855e-03 -4.761067905807823616e-03
3.152040165856757312e+02 9.585650339701190887e+02 2.031654802627151646e-01 4.794637662649194887e-01
6.673145483636130848e+02 5.268019104127162109e+02 3.017215063345740633e-01 -5.188962433788620043e-02
2.339524187289231918e+02 6.551047392881562246e+02 -1.148767206663282858e-01 2.659025084623507507e-01
2.423349131518920387e+02 6.600991004542509017e+02 -4.227851930922339047e-02 1.598728257561094768e-01
2.698240662849381692e+02 4.476981589453617403e+02 -2.005367882024432571e-02 -7.656802673689284966e-02
7.750998006155726898e+02 4.873985016062199520e+02 -5.132047473397965617e-04 -1.564214643160607206e-03
2.492259369386792116e+02 3.442301466533872372e+02 1.321966661548415597e-03 2.723092528933220707e-02
1.162082726869112093e+03 2.311829725861466898e+02 5.572862759090459889e-02 -7.901954729222757101e-02
1.124862838492826313e+03 3.660639855425862379e+02 -1.096803774513647467e-01 -2.609825772944621147e-01
2.226140429562327938e+02 7.143681489501040005e+02 -2.192923279814562587e-02 5.358156554709154334e-02
1.218892269512831263e+03 4.778617435780516871e+02 1.957865773721559899e-01 3.354297472732427621e-01
2.658968479385747514e+02 5.452895669273572139e+02 1.935660487929977136e-01 -1.612549226520509360e-01
2.943047121226869649e+02 6.219581373370206165e+02 -3.743242577474231031e-02 1.482717840937377018e-01
1.260294838823259397e+03 1.956439101440815307e+02 9.811422300419220949e-04 -1.288534205407572929e-03
1.205470242369576454e+03 3.752167272622625660e+02 -2.769722180475879883e-02 2.202936530658414910e-02
1.108725681875976306e+03 3.604302260536892391e+02 -2.188533596634820999e-01 -3.209576043018184666e-01
4.504643602920666581e+02 1.099564574703141261e+03 2.571243146862775900e-02 -2.512493069461204775e-03
2.401404426064125062e+02 5.061630684112958534e+02 1.831951277280707141e-03 -2.803396626954580799e-03
2.413461149060923674e+02 6.936477634817757689e+02 -2.373407959332032163e-02 7.302318365607829431e-02
1.181198059121874394e+03 4.951880012061665752e+02 1.235224948298935532e-01 5.404010563618456553e-01
2.505363310022223686e+02 7.093396367141219798e+02 5.457278957294420252e-03 -2.069260214526447237e-03
1.245525032939289758e+03 3.778294764582937546e+02 -8.860601492453570177e-03 -3.670844256394858313e-02
7.195376502574343931e+02 9.616250287592032464e+02 1.694636879140282290e-03 4.501789019825830178e-03
2.827476967599326372e+02 6.461829328713257610e+02 -4.204010242578605505e-02 9.788893487786080871e-02
3.007285467610393539e+02 6.409371567683158446e+02 -3.193096917639330623e-02 6.883766020609645431e-02
5.656597582131441868e+02 5.163496096811223879e+02 -4.529440809745656216e-01 4.055155381484260024e-01
1.047905834738509384e+03 1.835181771110717079e+02 -9.615190996359304632e-02 5.186549773955055620e-02
4.265768241480610641e+02 1.080648797935619086e+03 -2.156787337176046052e-03 -2.039585944099725110e-04
3.411721720321885982e+02 1.004109831082455912e+03 2.036979937467829627e-01 5.078494983115388051e-01
1.141887755550121710e+03 3.504239298689134330e+02 8.527779387513603759e-02 1.580680353551693756e-02
1.037954671057375890e+03 2.483115555470805305e+02 -2.786538939315884034e-01 -3.439409813883450573e-01
2.453169788825029514e+02 3.304017546188412098e+02 1.473931983939688562e-03 -7.889948824479705788e-03
1.098729475742838531e+03 4.030602031761303579e+02 9.390082723913371898e-02 1.985837911255357024e-01
2.278878458098279225e+02 7.110819048006428602e+02 -2.939488686516650295e-02 5.559940415143797832e-02
1.134349948469645597e+03 3.902254212770811250e+02 -4.000638063073685968e-02 -2.981476406201638563e-01
1.098127006193987881e+03 2.130353264592067148e+02 6.729694756746304983e-03 -2.805118594825883188e-02
3.302334132264384721e+02 9.169415976313979399e+02 1.891771234135357083e-01 5.227227746988064583e-01
2.069805427381671166e+02 6.618479389450955068e+02 -1.717892106804282670e-01 3.022669452108209254e-01
2.428917066067854478e+02 3.876676313522751229e+02 -6.378241612265210525e-02 -2.500562463097529275e-01
1.084950862720095529e+03 2.854662267104743592e+02 3.266237988145601068e-01 2.725185014393297633e-01
9.729327503069905561e+02 8.306653616230962598e+02 -8.427761610938873035e-03 1.516019345520853295e-02
2.560211798443843350e+02 4.778064406346014152e+02 2.076924809903412175e-02 -3.974244934457795558e-02
2.383916553848339674e+02 6.067865931632791217e+02 5.102230944639459670e-02 2.527706094691981598e-01
2.566378109349934675e+02 7.178149120863937469e+02 -4.445857893185825539e-04 -5.658226919426806965e-03
2.537061176892745493e+02 7.221728698065068102e+02 8.586200791150062558e-03 2.583271492379044486e-03
2.656178970809110638e+02 4.802569450614799393e+02 1.019322480255533021e-02 -9.260625791454579758e-02
2.831525885930215622e+02 9.308289957116309097e+02 1.670282805080667010e-01 4.434180153197931351e-01
2.980742840098495208e+02 6.542662437224191763e+02 -2.872058901492056601e-02 1.028384090935348799e-01
3.175122539617105417e+02 5.401838603592323125e+02 -1.729093508086943301e-02 -3.096783795651597646e-03
1.149692222709795260e+03 2.529368463816020949e+02 1.858931412573271158e-02 -3.501754706306061532e-02
2.348908880229319891e+02 7.099899855066988721e+02 -5.470796513836290870e-02 4.061763551625054147e-02
1.116521018467870135e+03 3.818675874151975904e+02 -1.193543788082600809e-01 -2.738890251949857579e-01
6.162697100582855683e+02 3.871279521263032279e+02 5.935871809863261378e-02 -4.455496948253030720e-02
1.196797710086990037e+03 1.870529478379715442e+02 4.863377461004905690e-04 7.372959119660469577e-04
1.145106078419928735e+03 3.123572383333751077e+02 -1.202178399469941289e-01 7.413607016403343797e-02
2.528885797423979511e+02 7.350705000845078985e+02 -6.863376352503628092e-04 8.492564614187465832e-03
1.102506852613531009e+03 1.839298219490123074e+02 4.804210112901147189e-02 6.176260878112400932e-02
2.633252815799121436e+02 5.156883314841846868e+02 1.683806736758753546e-03 -1.124877361078548826e-02
2.384561352995691266e+02 3.173092646588637535e+02 -8.513599724080499068e-04 3.055650226345600282e-02
3.365434049544351751e+02 1.024977794437297007e+03 1.797066981672863772e-01 3.811508147085321263e-01
1.093134773660660358e+03 2.360711718041805511e+02 -1.222246025425570946e-02 -1.982619226056093250e-03
2.539843280232392715e+02 3.559395175583482001e+02 -1.513969020544492965e-04 -2.298168142293335273e-03
2.284455401777705390e+02 6.377070266777161578e+02 -9.626155904855988876e-02 3.417051576896715237e-01
2.728630815366217348e+02 3.812768637194563439e+02 2.184852442743285411e-02 7.436255195283152097e-02
8.181926371685599406e+02 3.966608558321822784e+02 -4.205013839225445194e-02 1.935062837660406557e-02
4.775183095539602505e+02 4.852919990210326091e+02 2.109604581219758470e-04 -2.326111656897058948e-03
1.150846035362819293e+03 4.167254846675132853e+02 7.040605256054840999e-02 -2.565236322016180570e-01
2.350009510030577644e+02 6.249486088950233125e+02 -1.282012907710987082e-01 2.551992310277050313e-01
1.186532520939285178e+03 2.044021034889929922e+02 -1.027108054118023965e-02 1.051181189775310387e-02
3.381046842447873360e+02 8.683880901279046611e+02 4.913245528972082776e-01 6.517013331382891517e-01
1.217480090720652015e+03 4.280088561264174700e+02 -1.039750993011689384e-01 -1.492777910389398444e-01
2.955619808784910560e+02 6.328971595231688525e+02 -1.362800043714928848e-02 1.377331758606922252e-01
1.194145389589385331e+03 4.058509811729062449e+02 -1.952437189533368644e-01 -1.671503488595216524e-01
1.173498464046671643e+03 3.863392009885400284e+02 -1.115754843375599617e-02 9.050960598935572921e-02
1.001847415561172966e+03 8.558215413779184928e+02 2.538913968276862616e-03 -1.679954561352880625e-03
1.020162773140507170e+03 1.669896618424100723e+02 6.272511923911414100e-03 -1.163240389325518181e-01
1.212620957156029135e+03 2.787153666287216538e+02 -4.442675591307496119e-03 1.149529526883000382e-03
1.162120381004106321e+03 3.122782618630379829e+02 -5.099199308181659451e-03 1.228627369646864481e-03
2.403922318821977910e+02 7.075383227926812424e+02 -2.752855373724947055e-02 1.191305904073233501e-01
8.634001623942677384e+01 3.134339940798563475e+02 -1.654796489520694858e-03 -4.424748546080419648e-03
8.302887413669927810e+02 3.165994965634278628e+02 4.050314551557559345e-03 -1.986024699607863257e-03
1.220172397645654655e+03 3.359220650989399246e+02 3.699109163857190463e-01 -1.588527248878514597e-01
1.168762702360618960e+03 3.035557765754014667e+02 -1.599714084512799186e-02 1.761566700315372533e-02
2.756373568758730244e+02 9.265116030849312665e+02 1.546638457967946523e-01 4.126376558881340029e-01
3.543744882490698274e+02 9.387372841725374428e+02 2.448528729644351143e-01 6.266232611664199759e-01
1.180670819513544757e+03 2.456021580251426144e+02 6.350825159201896504e-03 -1.950361180177177453e-02
2.895903295427621629e+02 6.701046966032387218e+02 -1.797662762075249998e-02 1.090840395314446598e-01
1.202866918817142505e+03 4.120429598824000550e+02 -1.688398792442818985e-01 -1.498715534871515598e-01
3.435835557638735622e+02 1.055056686808240784e+03 1.093406098255142317e-01 5.367538162200642393e-01
2.343474812007439709e+02 3.588996998317017528e+02 -6.814730388124011495e-02 -2.790121320197749832e-01
1.106217320423836100e+03 2.098675059093402808e+02 9.739778732947873552e-03 -1.338082565989606905e-02
2.561822016285995574e+02 6.822568377842035261e+02 -2.223770533374750530e-02 4.904364996729899256e-02
2.728985679185646518e+02 8.558495974738923451e+02 8.847397746701730903e-02 3.410135620173557758e-01
1.113164748744012286e+03 2.050610988139432038e+02 4.210785964777651047e-02 1.770697848474559466e-01
2.235796867735503497e+02 2.982409594695151327e+02 -6.288145457974093910e-02 -1.654632755768942753e-01
2.546506092233169909e+02 8.483825804760265328e+02 9.069114833862847169e-02 3.071774377665552613e-01
2.681200254688912992e+02 3.912340527352017716e+02 2.443640810791874660e-02 5.674714858011751378e-02
1.225085434189763873e+03 3.967528855752183858e+02 1.081224512533103012e-02 3.283166367356047180e-03
3.629264924055357255e+02 1.062891051667114652e+03 1.321307567694252616e-01 4.848402070668537123e-01
1.204503080224666746e+03 2.016816976415663873e+02 2.662576909190170465e-03 -3.672467264783788217e-03
1.118968933495491456e+03 2.040151117103030174e+02 9.851854864822066904e-02 3.318626572778013428e-02
7.532409721620103937e+02 8.450495373910205217e+02 1.129983757710526903e-03 -2.239445494243983911e-03
3.185874477672171565e+02 1.069166804700240846e+03 1.107087151410763304e-01 2.823538688790625528e-01
2.558260269131987457e+02 6.304364040735792969e+02 -9.771977304708771850e-02 2.090699960824419779e-01
1.184148417043073550e+03 3.745015317781840167e+02 4.043151922038791535e-02 -3.472229665090417750e-02
1.131073869942026022e+03 2.141510726454052076e+02 1.244783460887816454e-02 -2.026531552831448840e-02
2.366684992500084945e+02 5.690469484808415928e+02 1.203772634395735147e-01 -2.358528530237131993e-01
2.815857755338778361e+02 5.395335665885125991e+02 -5.801055363510705665e-02 4.069054237284547848e-01
7.863520308828085490e+02 3.996548589830167657e+02 -1.086786448912551058e-02 9.428068412928090544e-03
1.150435489050459637e+03 3.592068422015283318e+02 -1.030563492645117027e-02 1.607558848964329296e-02
2.091517990453801588e+02 7.236580129617759667e+02 -2.748504829827002824e-02 1.740859556409725672e-01
2.306521381273920497e+02 5.616525439733854910e+02 8.240276898942568151e-02 -2.047763709752468408e-01
2.875987169937863541e+02 9.031976142798192768e+02 1.361008113388898488e-01 3.570666020103524518e-01
1.190570096304511708e+03 1.810587163575491729e+02 3.388980736205964559e-04 2.925379346183630026e-03
1.211050154451786511e+03 2.216484904301985637e+02 1.014565046334272441e-01 -4.130625555870414550e-02
3.296554500040206221e+02 1.029056592905477828e+03 1.791682202360856679e-01 3.811122377687358176e-01
2.363925163665956006e+02 5.986239713762743122e+02 -1.406670345405956757e-01 2.692424173349385330e-01
1.095944450127839673e+03 1.832369995203784754e+02 6.798497220297396171e-02 7.937129780983588623e-02
2.292670480160724651e+02 6.813145003011197787e+02 -1.422148723608512577e-01 2.010638510596076123e-01
4.130886510562484659e+02 1.071965501203123040e+03 5.196842420160703233e-03 1.590037713392778536e-03
5.496314536929902488e+02 5.138633431074815689e+02 -2.490860639483060551e-02 2.264853350216398248e-02
1.140504426676636285e+03 3.717585225685185151e+02 -7.867156151713619594e-02 -2.693493654459555020e-01
1.220251270347061791e+03 5.049016235938557315e+02 2.147056502960957569e-01 3.443787725669014144e-01
2.684016343219027476e+02 4.672533097765428920e+02 1.251591363854508490e-02 -1.288767233777699250e-01
1.125691752565939396e+03 1.825951290962597113e+02 3.253958658119429637e-02 -1.291633911861681796e-03
1.190827131030095416e+03 4.927923836665518138e+02 2.051114598216147444e-01 3.350970426423842685e-01
8.228487557412846627e+02 3.397802775585998916e+02 3.368096978539313491e-03 -2.318882548721457135e-03
2.721107182030155514e+02 7.187036309770817297e+02 2.709880860314369672e-02 2.586061466129960240e-02
3.013486970696315552e+02 9.749633885260077477e+02 1.573230385128871756e-01 4.735823097666395087e-01
1.183060031547430754e+03 3.377678166725726783e+02 2.443957488236346010e-01 1.345209416068160295e-02
1.200948057307243289e+03 3.302569822484221049e+02 3.360195175476422547e-01 -2.891424278725919783e-01
2.857798512607733414e+02 6.629517533261323479e+02 -2.273184631476937376e-02 1.110656931362704603e-01
2.146103011498626643e+02 6.614498687269917809e+02 -1.538013876373756084e-01 3.410579593974439883e-01
1.098894891638952913e+03 1.736186550186270665e+02 5.039419007192297295e-02 8.854761599032749675e-02
2.509329117624451158e+02 4.181223595002774687e+02 -1.804296370370101626e-02 -1.212972325845503296e-01
2.739489718766265582e+02 4.692175972484241129e+02 7.672367808717610489e-03 -1.009093961750392177e-01
2.801997813146057865e+02 8.715543235877269126e+02 5.234516113248525310e-02 4.011441523349368876e-01
1.096273878315246293e+03 1.959252995804250190e+02 6.084696036489929682e-02 5.454207905233098702e-02
1.154548323669029514e+03 3.420999225429676471e+02 6.329669861012313103e-02 -1.418228582975105678e-01
1.184438424075850662e+03 2.599928777358966840e+02 9.858510599882503930e-03 -1.160592136604164659e-02
1.120089526584061559e+03 2.099696898650885544e+02 1.897772522405749215e-02 -6.251478604927614147e-02
1.055439108072225508e+03 2.026166016672567594e+02 8.544670855891839042e-03 -1.362208720511622236e-02
1.198149080746597519e+03 4.148578776898668252e+02 -2.917677215003698921e-01 -1.857487865211822006e-02
2.473925618607847525e+02 7.365430272531510809e+02 3.473103468304588638e-03 -1.794812095452714279e-02
2.556459829342258274e+02 4.383148606250838384e+02 -3.421360799178236461e-02 -9.388522746815786135e-02
1.135899268726183436e+03 1.674517577312924743e+02 1.485321487421510933e-01 1.309015034129603489e-02
1.226940476790835191e+03 2.470223112712137663e+02 6.727011209556739424e-02 1.642559061169006074e-01
3.526801447231134716e+02 1.017536519802560861e+03 1.827420226946114279e-01 5.346224883000878503e-01
2.209435478205288916e+02 6.654085233962324537e+02 -1.123238529692513338e-01 3.017929051043076183e-01
1.161046483610463383e+03 4.129019122364492205e+02 3.088680329446700373e-02 -3.033850280503361807e-01
1.103018322633254456e+03 3.067397813142084715e+02 2.356989218271567099e-01 2.282583527049032446e-01
2.792530532149106079e+02 5.186927782997167924e+02 -2.644097073821139246e-02 5.386195887849781760e-01
2.869214674793268500e+02 6.288083399904528505e+02 -4.834286425260542197e-03 1.238635504673777504e-01
2.754723611644086532e+02 6.989196881740258505e+02 -6.673011607126052083e-03 1.354148591052208896e-02
1.212172912773592998e+03 3.691912651105197369e+02 -8.255386730124342209e-02 -1.357569789879539864e-02
1.013101924020941510e+03 2.332173618978347918e+02 -3.361262991255491439e-01 -3.941408848595270298e-01
2.295059518360131108e+02 5.846217001612012609e+02 1.549591479097855162e-01 -2.886882748656804942e-01
3.016486983695331787e+02 9.432043387074452312e+02 1.944922533523260888e-01 4.829519870779902524e-01
2.600936195945919849e+02 6.852330733660061242e+02 -1.749800176024015122e-02 5.401098908589574421e-02
1.145412518847076626e+03 3.913310374431674177e+02 -4.156013219288988425e-02 -2.229266630970172525e-01
2.305621323950779527e+02 7.444827533279049021e+02 1.554796057913484554e-02 -2.272734178669758714e-02
2.788262852765175808e+02 4.062043859217503723e+02 3.145587096499056351e-02 1.455080519373465608e-01
1.000201883531768317e+03 2.406521142789766259e+02 -3.437572058259104422e-03 -7.919343046671882200e-03
1.134777082694942010e+03 3.781082382512823301e+02 -7.903911250762143959e-02 -2.411354393271836760e-01
2.627144793621414465e+02 8.419060847318288552e+02 1.542064469422037842e-01 3.266946399708069992e-01
2.378828747528951908e+02 3.679368216213759410e+02 -7.540487980645593780e-02 -3.394347651687117939e-01
1.052860197644299433e+03 8.369465759031425023e+02 9.313334111212578578e-03 -8.044622524707983197e-03
2.294476106196344460e+02 2.985873248824276516e+02 2.223495938348531500e-02 3.820024807539303124e-02
1.016796362231612079e+03 2.397222690733604225e+02 -3.370730433447261531e-01 -3.574318738323762901e-01
1.208218131704669076e+03 3.522421126284433512e+02 6.989545337635061362e-02 -3.261912295684960550e-01
3.321258446943445506e+02 9.852698512992413953e+02 1.081272109620149552e-01 5.217139985031915561e-01
2.202786126243785247e+02 7.096415127628251867e+02 -5.462230104125728736e-02 1.193137218230904684e-01
2.910717180993114539e+02 9.913526639641912652e+02 1.486755895898174418e-01 4.076857148324330993e-01
2.806504728488714591e+02 4.762598595683647318e+02 5.985821042360619376e-02 3.206550828994175206e-01
2.962171809041194592e+02 5.172331982332663074e+02 1.301005470090763234e-02 7.206498714191186816e-02
1.209650122529910959e+03 2.460182379096017939e+02 -1.073798856403903636e-02 8.286126245824047831e-02
2.920940663244807070e+02 9.601883800155961808e+02 1.490114826396079228e-01 4.408488509422088808e-01
2.279565480423408701e+02 5.945865877645770752e+02 1.518984145621743165e-01 -3.088911072266000701e-01
1.032669833204813358e+03 1.686357809663112448e+02 2.653763302856028058e-02 8.278023830925997084e-02
1.196477245341283606e+03 3.397229073470386993e+02 2.884674694724091437e-01 -2.991049398794630165e-01
2.654988644707078151e+02 8.556859887230928052e+02 7.502213344309162368e-02 3.311324067167423779e-01
1.079838421286034190e+03 1.690363638114893092e+02 1.291798845769709103e-01 4.398842355873802679e-03
3.099749154343787723e+02 6.100115689082500694e+02 8.080557399711885136e-02 1.513116600096446329e-01
2.479674201496708861e+02 6.788977525420662005e+02 -2.360910603595985438e-02 5.300414667459056595e-02
2.673354470319762868e+02 8.365479000755464085e+02 1.526754728466928057e-01 3.400934467698212837e-01
1.163330985489196337e+03 1.692232677519012043e+02 -2.496045681196522922e-03 -1.479923086833561385e-01
1.196478703199959000e+03 2.305260275497294629e+02 6.894112910224814428e-02 3.430744608280774277e-04
1.040169161935159309e+03 2.697340611204862171e+02 -3.540672361344753272e-01 -3.717917329399554327e-01
1.265641307357043161e+03 2.038159805730137180e+02 -1.644002281486026205e-03 1.683663436666046215e-04
1.198679896878678619e+03 3.951083850728671791e+02 -1.949785035590747007e-01 -1.954980161403510053e-01
2.963589253741412790e+02 9.760884710212044411e+02 1.458908929047519343e-01 4.585180892050891299e-01
2.073995498564651996e+02 5.354206963605614646e+02 -5.058748173828662154e-01 -2.739426061395425736e-03
2.586699908547560085e+02 5.018111178365500678e+02 -1.099165059173964204e-02 -1.595942350524585940e-02
1.138448654116687749e+03 1.738379117979854414e+02 4.891042721999495912e-02 -6.101454599570556997e-02
1.178752948231560595e+03 3.534494912598818814e+02 -8.842319047245819630e-02 -1.610057434484099548e-01
1.117195976860105930e+03 3.503908369503465110e+02 -1.241974467830049833e-01 -2.731220730435700017e-01
1.203089637434838096e+03 4.765515638147207937e+02 1.496255343591737230e-01 2.930432033439595019e-01
2.516220482333315545e+02 6.530421441943982472e+02 -5.291444627458320032e-02 1.148416984429698889e-01
3.494676662215698570e+02 9.199982166741380070e+02 3.313236046984763261e-01 1.031540183027859214e+00
2.037141048139944814e+02 6.410347525099989525e+02 9.595922192046812266e-03 4.046889145571300195e-01
4.363046818694419926e+02 1.089465224954450832e+03 1.109431223416084029e-02 -2.915884300338604865e-02
2.425540854040997090e+02 3.653276600704529642e+02 -6.524759507306156225e-02 -3.339569236068808400e-01
2.793905840888040188e+02 8.884257320023655211e+02 1.287169151846778992e-01 3.684711635207872371e-01
2.610246773161280771e+02 8.997635843686572343e+02 1.452404783762177021e-01 3.509151457868778801e-01
3.694536913197049444e+02 1.076312481056255592e+03 1.240376931168561264e-01 4.721352859328722951e-01
2.374755393650335975e+02 3.072879289489910661e+02 -1.586399149610794729e-02 4.511472384983069434e-02
2.391147690943052453e+02 3.751908382893715839e+02 -1.062496659255566939e-01 -2.926211189763202047e-01
2.609639852928289088e+02 5.266811146029941710e+02 6.693205512480591632e-03 8.187006881871189065e-03
2.382513452719427960e+02 3.521199045915457759e+02 -8.448672954039417038e-02 -2.712968793653534605e-01
1.230221505519426501e+03 5.074265659975213794e+02 2.212111325141152829e-01 3.032361728461055450e-01
1.128553877928908832e+03 2.240174177629172050e+02 -4.053688734590497542e-03 4.003432783058328594e-03
2.653201982636712160e+02 8.755528892421299361e+02 1.966439882040435794e-01 3.100600261791542911e-01
1.046961694053542487e+03 1.975291041414183724e+02 -3.637363958148961442e-03 2.341732646781051128e-02
2.218011493684986135e+02 5.989000347640746895e+02 1.658792560412949424e-01 -2.746827196115146363e-01
2.930083961682116751e+02 8.822005082195597652e+02 -9.937951215030441099e-02 -3.013004229632144093e-01
1.151450361094668324e+03 1.526018326153154590e+02 4.758244863026421067e-05 -8.365845960328766387e-03
2.651065645079369233e+02 7.197381886876682984e+02 1.316772795650361530e-04 -9.465422417813914788e-03
1.513836466789648227e+02 4.545644193115193730e+02 -2.511306196275949528e-03 -1.300043902463276883e-02
1.431713764744935702e+02 3.925447448488120585e+02 -1.299026306265369185e-03 8.883612655330859172e-04
1.131962604109901804e+03 2.093057400990827546e+02 8.790228308776203148e-02 -1.087040523132449532e-01
2.862952553874491741e+02 8.912945254254152587e+02 1.308533707432883997e-01 4.051428769841689537e-01
1.182269363152662891e+03 1.867799936877470088e+02 -1.593021711433531898e-02 2.571619938563436680e-02
8.188328661543314411e+02 3.363055674927184668e+02 -2.154029154695704870e-02 1.278692928162955891e-02
1.083122542328528880e+03 1.947279806407481999e+02 5.760546176465014545e-02 2.006317422378275650e-01
1.194949936086073876e+03 5.282057598532036309e+02 5.221710672395818431e-01 4.593112734290438204e-01
2.814444506337985672e+02 6.083920037755157182e+02 -4.607113512433740066e-02 2.640605139225940534e-01
1.108474818417651704e+03 2.785730495363358727e+02 3.407450942552101569e-01 2.927984344629051550e-01
2.037717128793631787e+02 7.308837627597275741e+02 -1.587937766821467117e-02 1.425976716582834647e-01
5.171621525943834285e+02 4.818032998384702523e+02 3.375101072238336983e-03 3.541416477212981726e-03
2.717050650291615170e+02 6.698672110879094816e+02 -2.634542309966482129e-02 7.012909396018364439e-02
1.043287663285847884e+03 1.715359208401248168e+02 1.165857779981949865e-02 -9.036019968214988388e-03
1.138565404523080815e+03 2.304045587691348658e+02 1.483671923491027314e-05 7.986641167306488378e-04
1.213495749883611325e+03 5.129920445258534301e+02 2.098081654935525786e-01 3.618880228902643381e-01
2.975018762921250186e+02 5.110957686840362157e+02 -9.543632325203653746e-03 4.576865741759295753e-02
2.645496890298425683e+02 6.764403999852521565e+02 -3.899984946141026726e-02 7.248655165862898098e-02
2.827110779699233376e+02 8.287547163577073661e+02 3.622413749739492039e-01 3.637473611081487035e-01
1.216589078871271340e+03 4.908431960269788306e+02 2.070626981846323822e-01 3.662373824909177511e-01
2.695639293376233923e+02 6.972476875172002337e+02 1.092503646361819847e-03 2.274697896972057570e-02
3.204101459417975093e+02 9.045353810019213370e+02 2.070092478050019058e-01 5.031033645532250187e-01
9.181381349297378165e+02 1.102616288799767517e+03 -2.288075796257382170e-03 -7.767895772101135335e-04
1.138508000102663800e+03 3.864958848498533825e+02 -5.424703238714070896e-02 -2.847562515974820796e-01
1.165547345205881811e+03 4.266067608222062404e+02 5.287171659316380889e-02 -3.391998197473898857e-01
6.323510944799388653e+02 4.713683650703534340e+02 -2.519138855442845659e-01 3.956372027829558324e-01
1.135313024014974189e+03 3.829419531249967008e+02 -7.166887722894781099e-02 -2.686323285210055478e-01
1.211660785687098951e+03 4.723310557839600961e+02 1.725436659549534901e-01 2.967531002417292951e-01
3.562681557413715154e+02 9.110633671314709545e+02 5.242663192485099710e-01 1.054794312339567108e+00
2.622522480075302838e+02 6.594304633419124002e+02 -4.149502130744701228e-02 1.254762334171622973e-01
1.130077570201327944e+03 3.225786549307028963e+02 2.112143802254501379e-01 3.361584940932419441e-01
3.422394182180272537e+02 9.086423668505569822e+02 2.279480162501369145e-01 6.406570842808729793e-01
4.404941932480678020e+02 1.084204237574326044e+03 4.340776529644055359e-03 -3.906721264229418011e-03
2.192155963840205004e+02 7.785567902678786822e+02 -2.023482129827616771e-01 -3.973447959545631236e-01
2.791868663384501588e+02 9.462473608341307454e+02 1.148440992441625841e-01 4.157632249533471103e-01
8.201355078996007251e+02 3.841232517063881460e+02 -4.310710451889436176e-03 3.270971238329915820e-03
3.016494022428429389e+02 1.028585279574525430e+03 7.681458408675798100e-02 5.021693886626508174e-01
1.167190180745590624e+03 1.672223800419119755e+02 4.990998796933630854e-02 1.566895089433953739e-02
2.516277092460975666e+02 6.755390850080773362e+02 -1.795952471331395059e-02 3.817182858516515731e-02
1.088278253046279588e+03 1.561258623065781705e+02 9.412384643728909095e-02 -8.642208899512056341e-02
1.069227333124092866e+03 1.786022666999193973e+02 -1.006767571456212811e-02 3.335750322653698030e-02
2.902874013923744769e+02 6.615856500788571566e+02 -3.405351610319208577e-02 1.148948153136605393e-01
1.196137371682789535e+03 2.213977532559432859e+02 4.560609973940708654e-03 3.941926412876050299e-03
1.657227373520196068e+02 5.146668744140118861e+02 -3.664111981126101369e-01 -2.255370016913671449e-01
2.907638024377843067e+02 8.700081388966308396e+02 -1.047521623044909422e-01 -3.331440061633443306e-01
2.461205415955037381e+02 6.299049468913939336e+02 -1.021931668384741115e-01 2.353337397732315761e-01
8.269450530496927740e+02 3.351056876759352576e+02 -1.371056557955529186e-02 -4.974905309620567852e-03
2.696725444872564026e+02 3.676542957094982853e+02 -6.611402649671411016e-03 1.833428131516088092e-02
1.148577389096081333e+03 2.987352869314298118e+02 1.379143523567658014e-01 2.462673774102177304e-01
1.121782239291267160e+03 3.482563325486193548e+02 -3.796056605410109974e-02 -1.030504804848673961e-01
2.501895003579888055e+02 4.883871802840154146e+02 -3.562637025339598223e-02 -6.835528020677104910e-02
5.060550839336749505e+02 4.492149491780373864e+02 -5.229154192224681448e-04 1.959951021316925037e-04
2.873208898986157465e+02 9.335559768421742319e+02 1.627966802682778713e-01 4.368274956563027445e-01
1.213846434783789164e+03 3.505499575479371970e+02 -1.107318287048124870e-02 1.553253087559139725e-02
1.190391041912471792e+03 2.987517753065190504e+02 4.184741722602094427e-01 6.125906385645998875e-02
3.311561574328869142e+02 1.042757547129441718e+03 9.420132323684371478e-02 4.307035024557776537e-01
1.038547339267394364e+03 1.778647021751369834e+02 8.735100809077482945e-03 -1.592889352401293326e-02
1.236154245794207554e+03 4.565859178172819384e+02 4.832435241026063200e-03 4.710930830581241914e-04
1.148391146328807736e+03 1.875813340033322731e+02 5.517363940691103613e-02 2.558315328997449317e-02
1.168447481550010707e+03 3.371292582626117564e+02 3.140091055300708311e-01 1.744413728987647128e-01
2.672704992805294637e+02 6.620942455573029974e+02 -4.935161624243531581e-02 1.302953585685138471e-01
1.208862144736977370e+03 4.970230858059485399e+02 2.229421501285201723e-01 3.182113458459930877e-01
2.737825911662139902e+02 9.425148917114630649e+02 1.354071454590502488e-01 4.060073181069515647e-01
1.300111295864631984e+03 3.134591297188417798e+02 2.616084312198476147e-01 -5.542015375324061549e-02
2.340490034455411035e+02 7.005451358721666111e+02 -3.391221792807247448e-02 4.216351555791928579e-02
1.154407207962920666e+03 3.954599048650127315e+02 -3.650398951274180098e-02 -2.424696852652126478e-01
1.865118486292866464e+02 5.169346421829203564e+02 1.022128471252912174e-01 3.303900617759773506e-01
1.229991021841782185e+03 4.285107911677718562e+02 -1.150898025827254839e-01 -2.058793513175847800e-01
2.539240702767974938e+02 6.362076807417128066e+02 -8.279573578944240952e-02 1.954588574342515372e-01
2.636431643594127650e+02 5.250027705440548971e+02 -1.619603704832232871e-01 4.975755075367154778e-01
1.028554829844150618e+03 2.907473139513055571e+02 -2.527038327459402156e-02 -7.436779648866611615e-03
2.723611030839188061e+02 6.611058124052626681e+02 -2.581435411352933640e-02 8.397727430355918232e-02
1.156149443782447406e+03 1.563457985423553396e+02 5.887024764771274336e-03 -1.383745166334721458e-02
3.276473858973685651e+02 8.663086740336082130e+02 5.031989421617556468e-01 6.144418898779432370e-01
3.351371230008454631e+02 1.002015737212822614e+03 1.937037240773576696e-01 4.756590581311823662e-01
1.103236098353477246e+03 1.879828135869137498e+02 9.121494065086585600e-04 1.147086315624913921e-01
1.246345957450868809e+03 3.146850130951854680e+02 -3.569858197813978729e-01 -3.400515605002463193e-01
1.112241674043841385e+03 2.192735523276529364e+02 1.014964779665881479e-02 1.577047194729442603e-01
2.636271972323243062e+02 4.184501430715979495e+02 4.662288641468827211e-02 -1.013267758891651937e-01
1.092998647130849577e+03 1.562725574238868376e+02 -5.752273926513189542e-03 -2.211924433410981938e-02
1.147585015763357205e+03 4.039611805648922882e+02 -6.214746927867504517e-02 -2.957655199616314734e-01
1.064037621250675102e+03 2.290904407221880206e+02 -3.555498094851152358e-03 1.462463466155487224e-01
1.046310175372553658e+03 2.621629974495620559e+02 -3.412586353004412043e-01 -3.676532866102510400e-01
1.159139414948963577e+03 1.938576329646399756e+02 1.014751077720669886e-01 -3.329350370050112445e-02
1.224438311619874867e+03 2.626211503114542438e+02 -7.398404847683448526e-02 1.977452866980752844e-01
2.769536451587716215e+02 6.740173758386853251e+02 -3.996459166332593654e-02 6.980302958607123576e-02
3.688953851987905637e+02 5.180640532034382204e+02 -8.456484410363138658e-04 -1.632757428913662705e-03
1.027393800382604240e+03 2.660589131506066565e+02 -2.442232223777657252e-02 2.575135807914270131e-02
1.953443537206195799e+02 6.895611519985234281e+02 -1.337356288514318092e-01 3.586517192975541835e-01
1.230758700303013711e+03 4.737342039784649046e+02 2.465390856850154799e-01 3.049571939564245660e-01
1.172401862759903679e+03 2.159611274058794379e+02 -4.908423865574582101e-02 3.126462653993818952e-01
3.823564166467155587e+02 1.075861601838267006e+03 1.668482349179256641e-01 6.198649424042881328e-01
1.873475944083488116e+02 5.239613328903003548e+02 1.743817189846988136e-01 3.336915401899611111e-01
2.512842467065894141e+02 6.613959304621789670e+02 -8.958620322039251294e-02 1.644537563161977689e-01
8.244314392070479016e+02 3.337824074434748240e+02 1.637110503366730457e-03 -1.551641932763069996e-03
1.208676417830304672e+03 4.627770936257759899e+02 1.982249070789262324e-01 2.753641432948280565e-01
6.921147961278762750e+02 4.341705899355595193e+02 -1.457492649877500587e-02 -8.860161902333629769e-02
1.206029791062463801e+03 2.070054884815040452e+02 5.780411911518517840e-03 -1.580447004803971038e-03
1.205592830662988945e+03 3.288750640441198243e+02 3.350823729569002429e-01 -2.977574790033986063e-01
2.793923370070300507e+02 6.843010765230326342e+02 -3.136581629935043108e-02 4.576069041705198986e-02
2.855884936807270833e+02 4.670123208043860927e+02 6.139213850092526542e-02 2.544060299870368191e-01
3.029481028943409342e+02 8.336219849313068835e+02 3.566745382443138324e-01 3.989217146541065850e-01
2.825683594470568778e+02 4.887185835725389893e+02 4.974562373221339678e-02 3.569395657654553244e-01
1.175258184595572629e+03 1.769647005628957572e+02 3.453946533522191543e-03 4.788520097939973769e-02
2.743553580911305403e+02 4.377285351508890585e+02 -6.963371664797121663e-02 3.157833276112445575e-02
1.247773973498279020e+03 3.075871647026321511e+02 2.296366806023915005e-02 -3.765576909578464276e-03
1.214349259002756298e+03 4.188786368159661606e+02 -9.989170590581737674e-02 -1.249106988758957315e-01
1.224220798348736253e+03 4.951826836965651069e+02 2.197667440411333051e-01 3.073923513019691800e-01
2.390917958655555253e+02 7.376408124873906900e+02 1.068833404952718689e-02 -3.066179492968740608e-02
3.198035137354509061e+02 9.329297870597174551e+02 9.267917144438909960e-02 5.363954847376175561e-01
2.690541786293807149e+02 4.318225676728915232e+02 -7.557233130738622018e-02 -4.115770659996369207e-02
1.133204681638661214e+03 3.502089497086551546e+02 5.290256866726507357e-02 3.977995958681295741e-01
2.876547593076251701e+02 9.154270684182350806e+02 1.291975822699680532e-01 3.478111153351056695e-01
1.844067149157099834e+02 5.015821717514263014e+02 1.076825316551741907e-01 3.203948191821572311e-01
1.136513220640969394e+03 1.533272931482777039e+02 9.351954733831169264e-02 5.886840838369600259e-02
1.071843530148101536e+03 1.918263260815463980e+02 5.180291161515456671e-04 2.522606027385714510e-03
2.474379544136978950e+02 3.153231222668450187e+02 4.292453108664034261e-03 5.592820007107678244e-03
1.144427016890870846e+03 2.240646985531813016e+02 1.351173735348437308e-02 -1.209763571572882931e-02
1.116219361843110391e+03 3.683839214555093236e+02 9.658214716067067829e-02 -1.694349710283951371e-01
1.235211932355845192e+03 4.348944792536166233e+02 -1.442926882855430359e-01 -2.393223886752806617e-01
1.208010569269298003e+03 2.151151237630826643e+02 -4.894177850271469324e-04 -8.997339180708514156e-03
2.654639595409969388e+02 7.331026819286530554e+02 3.321443782898585856e-02 2.421649915420335392e-02
2.430329503228045667e+02 2.946402283553243251e+02 8.859718625299170883e-03 6.520741938066412779e-02
1.239509472998720184e+03 3.153970243224826504e+02 -3.568205194345198117e-01 -2.859974802213384182e-01
2.597660886389151074e+02 7.063456771341291187e+02 -5.539526031672005642e-03 -2.536945496463922142e-03
8.576464631226035635e+02 1.101739264357043112e+03 -4.669486491316587873e-05 -3.610358211548967398e-04
2.131077771038117419e+02 5.318336924966998822e+02 -3.935638420745653510e-01 4.191657542637270729e-03
7.202311778997426472e+02 9.181154397407701708e+02 -7.975656174972745732e-03 -2.367988590451502052e-03
3.761288648531842114e+02 1.090287946787869714e+03 6.593210607743717200e-02 4.946425527543604206e-01
2.305460020652906792e+02 7.409682064042891625e+02 -1.633338101100889617e-03 3.771173063999318231e-02
1.243715605279968486e+03 3.543761035969266686e+02 4.100811233754597107e-01 -9.320057449262396376e-02
1.216249639391885921e+03 5.366010281000638997e+02 1.922482029949110771e-01 4.400998998259653683e-01
2.386476863612698196e+02 3.564650964841410996e+02 -8.964758337463571425e-02 -3.601021832375818632e-01
1.288938275078362039e+03 3.396611765275202401e+02 3.434614044136597433e-01 -3.937999625474397636e-02
1.764401618402961560e+02 4.986686452887294649e+02 1.319275064117579055e-01 3.154500058699898357e-01
1.177804937866657156e+03 4.384101700548029044e+02 2.712859153265467782e-01 4.755657402446500370e-01
9.954404263451110637e+02 2.358750935570453748e+02 -2.875206187869111182e-02 5.949723612179516358e-04
1.202127722857442450e+03 4.463509532949440199e+02 1.870885846428183563e-01 2.036125558289467730e-01
1.193480871379827249e+03 4.894943075391900038e+02 1.967657547300242782e-01 3.669170554395949080e-01
2.481980485817973374e+02 8.702489439450613418e+02 1.212518462500011968e-01 3.423267111700248888e-01
3.208515887318360456e+02 8.915149195073009878e+02 1.705123685295136249e-01 4.275278464557324409e-01
1.128544534280505559e+03 2.386056925547255219e+02 1.076389530017643342e-01 1.661488715303245656e-01
1.396417143040976043e+02 3.885305657348908426e+02 1.358994854236002768e-03 1.147224981288204847e-03
2.550727371497044373e+02 8.656771318555069001e+02 1.688957933132713696e-01 3.593059169831682165e-01
2.216024358097742493e+02 6.403453545691179443e+02 -1.208444813592271377e-01 3.462412000468284012e-01
7.166483356313008244e+02 8.776412848631781571e+02 5.662824805717088864e-03 -6.963968325246043273e-04
9.871859303945418560e+02 1.972390966881889653e+02 -2.092696698795664181e-02 -4.719990351595742401e-02
1.231612022975111586e+03 4.504073163632109527e+02 3.062435500713301950e-01 2.567711700923760998e-01
2.438016375449760460e+02 6.010585115654389483e+02 -7.414982161901464974e-02 2.448296391888608869e-01
1.173167916672165802e+03 2.285015142349483313e+02 -9.260101076159855948e-03 -2.305207478967882806e-02
1.207677895406524840e+03 4.526167782571270664e+02 1.981360437097090810e-01 2.349286217349619565e-01
2.025775569817668327e+02 5.767790646486884043e+02 -3.381008306580247091e-01 3.534818236351987553e-01
2.930826655901211097e+02 4.395576956809427429e+02 8.020557623335786146e-02 2.396801483534803379e-01
2.967783511743496092e+02 4.786142551749897507e+02 6.907904757271902951e-02 2.826067105665430179e-01
1.044912252118277593e+03 1.785586024208657250e+02 4.427501227568391567e-02 -1.030365453338999565e-01
1.074136297197694375e+03 2.120783009617829862e+02 -1.750239475061357228e-02 8.940082744056065955e-02
2.895401118382620211e+02 9.188404904823187280e+02 1.083267108176321214e-01 3.890625302874074487e-01
3.316560915855823168e+02 1.059110183251934131e+03 1.328182023851291471e-01 4.167028657560041816e-01
1.200414574439418402e+03 4.397247413916316532e+02 1.161194405989711964e-01 2.279501414668663739e-01
5.627557348222281917e+02 5.332149887632510854e+02 -4.789861856537729889e-01 4.003269827276227377e-01
1.156299858591413567e+03 1.887895658223687860e+02 1.212570370414483706e-01 -3.749076314799613084e-03
1.105336068078679318e+03 1.886361764139913646e+02 -2.339967160274227312e-02 9.685950750307541213e-02
1.231723023865039977e+03 4.865167716107333717e+02 2.159348872465602642e-01 3.091137783112037352e-01
1.183884373809653653e+03 3.862853367528021522e+02 -1.485383576919581949e-01 -2.416279212092822259e-01
2.947920612156769948e+02 8.326639303260307088e+02 3.283802161021417421e-01 3.833435248679706309e-01
1.213482087875165917e+03 3.229343759495382642e+02 3.995565945222448456e-01 2.292591381257330363e-01
1.066937372930583933e+03 1.674703517093410881e+02 7.948554777239176528e-02 5.528588203736747170e-02
1.099742888373497863e+03 1.787331105779806535e+02 7.707343663310223247e-02 8.901563998635335373e-02
1.048046016818476346e+03 2.125088057753766861e+02 -5.678906845072991677e-02 2.062576472391888793e-01
1.235188587302906171e+03 3.281024994814628712e+02 4.466219794044168356e-01 2.042806101170203670e-01
7.509545251780923536e+01 3.151735546411234168e+02 1.364610601728504739e-04 -2.738365502540379953e-03
1.741609052322212392e+02 5.460301735318804504e+02 2.614772318087499881e-01 4.210302117421486912e-02
1.122865842078218748e+03 2.610536935901208153e+02 -2.583825551641405135e-02 2.883751384412731045e-01
2.492677108535705770e+02 8.599617622806312056e+02 1.914100577227330624e-01 4.140257734733255868e-01
2.613555191547599179e+02 6.315764169385844298e+02 -7.412054003812082459e-02 1.412171081910559012e-01
2.028155806996549870e+02 5.960743678334696369e+02 2.834527882589153447e-01 -5.795797917669757160e-01
3.044627814014493765e+02 5.099344906305791483e+02 1.288029179146224779e-01 5.630597708827773662e-01
1.096258938735897573e+03 3.967301395390727521e+02 5.314525243657194226e-02 4.118295950817477818e-02
2.274740755062759945e+02 5.402339269524952670e+02 -4.596417447278845492e-01 7.212673147169496035e-02
3.409155060413505680e+02 1.069874110108110699e+03 1.329521115718553803e-01 4.186808741718338056e-01
2.410861907698896118e+02 5.187809048917520158e+02 5.200987806881143122e-02 6.238445195467395323e-03
9.458801847562740477e+02 8.531186846532943946e+02 5.129825098227532845e-04 -9.063764326987843248e-04
1.092887800237552710e+03 2.049484118322849042e+02 -3.536045363996257601e-02 -2.121042489236745366e-03
1.185267177593472297e+03 2.149490834989236134e+02 -7.064203484352536699e-02 1.359226667250875986e-01
2.540862114493643560e+02 6.661741755779827372e+02 -1.641315887424786221e-02 6.560934437017335030e-02
9.994855276797715078e+02 2.226830803099343825e+02 -6.963739958275089528e-03 -4.784186813443466746e-02
1.121183343703465653e+03 3.629321791157378243e+02 -1.287465916114146347e-01 -2.184548567675822506e-01
2.705130829572543689e+02 5.497650404401008473e+02 -1.498934401826855223e-01 4.133684611874218762e-01
1.131024100839299535e+03 3.262849640026879570e+02 2.420773311663986238e-01 2.277977878026972713e-01
1.143535836688387008e+03 1.844236177389943236e+02 8.146358459775858429e-02 2.336449513786766075e-02
1.144477667548580939e+03 2.387220676640798729e+02 1.396446043991038041e-02 7.483961761286584032e-03
1.198196163039196790e+03 2.549184295916645908e+02 1.652482569053792885e-02 3.890204928994345918e-02
2.183215065391489134e+02 7.027733124028881093e+02 -1.541574017707927069e-01 1.583671594553485440e-01
1.089802298862415000e+03 1.673088983796174034e+02 -5.298970404946127914e-03 -6.206805047820837702e-03
1.225273420325594316e+03 3.256995271499824298e+02 4.816153841279033343e-01 2.584359844874470902e-01
2.565031671207715931e+02 4.078779042925024783e+02 -3.163021627054434654e-02 -1.193671065244951840e-01
3.093410422867268608e+02 8.923521402152615565e+02 2.275107423861779388e-01 4.423117802219712069e-01
3.254095962565992295e+02 9.598005501997157580e+02 1.295105076041735137e-01 5.207336317279953608e-01
1.190589501156149709e+03 4.351921927912455317e+02 1.437183397867013435e-01 1.525918795432309183e-01
1.084023002938553191e+03 2.064572474983482380e+02 6.048691289564616345e-03 -7.824818170597377942e-02
1.141362148480016458e+03 3.177406921165639915e+02 2.551680138237574225e-01 4.320884504268718840e-01
1.242885775780899394e+03 2.998338623679798616e+02 -1.408370040528580773e-02 2.669147442551222243e-02
1.294486915756019471e+03 3.616212107451533484e+02 4.517428380777823715e-01 -1.770118873398264514e-02
2.642954191076062784e+02 4.434505247998497452e+02 -2.795681405956429444e-02 -1.143386658855732180e-01
1.205537686018947170e+03 2.178080992803326694e+02 -1.102853214334231780e-03 7.173028095414793470e-02
2.715508094201732092e+02 4.304201807438337823e+02 -8.758526085530406180e-02 -2.160699309233015883e-02
1.144870063436793316e+03 1.604844572569080299e+02 7.251030049015362577e-02 -3.576971682245881287e-03
1.038019456576624862e+03 2.975219908519862884e+02 1.077110403442906733e-03 -1.682953608581946826e-03
1.229567235019740565e+03 3.611218562223614867e+02 -1.999353548569557382e-01 2.376911662363221343e-03
1.192599961560277507e+03 3.791129887118285069e+02 -1.578828152331128165e-01 -2.847122889320839456e-01
2.821948461736927811e+02 6.762419511036974882e+02 -3.249733413477793459e-02 5.023086420143767911e-02
3.576044091416469541e+02 1.095384787275645067e+03 9.388000107133273597e-02 5.242274376927298363e-01
1.054658362630815873e+03 1.950475826536128352e+02 -6.731345690244094210e-03 1.805180819216682664e-01
1.079943247292772639e+03 1.898173413297757861e+02 6.504640803148588335e-02 9.172074603500508794e-02
1.194981295868724146e+03 4.229113755477077916e+02 7.779862780483881579e-02 5.564206930101234932e-02
1.129485101308323010e+03 3.108488454274303763e+02 1.880534711381945667e-01 2.542311027226863418e-01
1.189030406236818408e+03 5.161783391291237422e+02 4.812196427095841722e-01 6.683511553492038626e-01
2.556059154594487950e+02 8.887495166575545227e+02 1.396928647666004497e-01 3.310679557452628208e-01
1.180253026527823295e+03 3.254413109859411861e+02 1.539894351071288414e-01 4.528405871654338222e-02
2.557874406525349400e+02 6.935625938060084081e+02 1.333042219072109666e-02 3.046874195482710337e-02
1.230298969607820936e+03 4.640160619434320211e+02 2.617283841869733618e-01 2.870429527843896267e-01
2.593356687341328097e+02 3.751583146728353881e+02 3.880001317209506168e-02 1.042878407837928151e-01
1.081662419872570126e+03 2.271412377779846850e+02 -7.008324064133052145e-02 8.081892527856986141e-02
2.611795667559806589e+02 5.400594414549993871e+02 1.780543804318410472e-01 -1.203115306130612544e-01
1.251341657257417637e+03 4.702083080033771694e+02 2.036867123607152552e-01 2.542433214734761138e-01
2.494798097492860904e+02 7.676070860120655652e+02 -1.022822631244740474e-02 3.790739989033974772e-02
1.200191318387252750e+03 3.222660210663499356e+02 4.211441401375439764e-01 2.402797378935343509e-01
1.087313288887783983e+03 1.856506656675610714e+02 7.989924149387982177e-02 1.512765121385306888e-01
1.197007925125485372e+03 3.607401442475277804e+02 1.028127602306014993e-01 -1.366418329447605662e-01
3.234616194277023169e+02 1.044992571971649113e+03 8.416722150285459170e-02 4.460115256230050562e-01
2.893952554032210287e+02 4.691139098479201266e+02 -7.838555693633285013e-03 3.108522408600835618e-01
1.055888872103835638e+03 1.830992891348077194e+02 -1.095318461390618614e-01 5.246950228515446374e-02
2.765161684936373376e+02 4.318043617880827583e+02 7.322061287381800843e-02 1.206702684433012401e-01
1.162246589336425814e+03 1.855070007212434007e+02 -7.379087730713335125e-02 7.001830642915632397e-02
1.197626039485352294e+03 2.519942886594659797e+02 1.140290697376191396e-02 -5.401080102125340246e-03
1.272669455631770688e+03 2.904709748058356240e+02 -1.095917542297416593e-02 2.099221142284962358e-02
1.142019609522683822e+03 3.462737691134474289e+02 3.357347800079972522e-02 1.911369113678898848e-02
1.121501639847476326e+03 1.771253368956231213e+02 6.246783942712723359e-02 4.263042698030283101e-02
1.123395236210954181e+03 2.204833420937930271e+02 7.740694843719073126e-03 -2.184604811183471149e-02
1.241786041794811354e+03 2.716554602190423680e+02 7.896064649682529857e-02 -9.655086154399476067e-03
1.107572714055267397e+03 4.039421121938873966e+02 -8.414118757679550989e-03 -2.238588192691920720e-01
1.226466817979300913e+03 5.225021307016605761e+02 2.038812131246252324e-01 3.589220077451801827e-01
3.056764618272188159e+02 4.590076261864764433e+02 -9.057203581750610574e-04 -1.658130466818455266e-03
1.201925080303504501e+03 3.720378177524486887e+02 1.081445709821693413e-02 8.833984228351354773e-04
2.113075823697969895e+02 7.114682778399329663e+02 -1.554694370112934543e-01 2.543198712712992915e-01
3.168963240280600644e+02 1.026221937991006826e+03 1.712849049562317205e-01 3.940565504807533870e-01
1.185131880589389993e+03 3.479717153328858785e+02 -8.935386263395245221e-02 -1.777612540359247428e-01
9.170061164894507328e+02 8.419595997247138257e+02 -2.463164227030271644e-02 -7.040800174955541557e-02
1.109915503620351956e+03 2.344397662546344918e+02 -6.460280261748148865e-03 9.345847824147863678e-03
1.123439611132650043e+03 3.195677785381676586e+02 2.145310124647112904e-01 2.514794861621341693e-01
1.209884976390712382e+03 3.554817171260153259e+02 -1.601539493743720953e-03 -6.149778921438232848e-02
8.926186497187252655e+01 3.407843102948034471e+02 3.129629653587283344e-03 3.335679466654702802e-02
1.082961670347616973e+03 2.152855325072423511e+02 -5.056780565222443805e-03 4.719024789037519832e-03
1.090632207093225134e+03 2.813291085728005214e+02 3.189423654170330802e-01 2.794035880369148406e-01
1.235021325570961380e+03 2.752045202810879232e+02 -1.328556917917280908e-02 4.344503405311719857e-02
1.216470164781643234e+03 4.478868697666580374e+02 2.343727875707253550e-01 2.394492005177092375e-01
2.939521135411808359e+02 1.007842990613914253e+03 1.717401560470536437e-01 3.770637333250809187e-01
1.940436109690299418e+02 3.193348225750655729e+02 -5.063188823096235417e-04 -3.411415022011965274e-03
1.162979993570852002e+03 4.195026392686605732e+02 1.319372140905556989e-01 -2.887992227358969211e-01
1.181604545460067584e+03 2.280606613425648845e+02 8.650400074533905886e-03 2.882151381715959693e-02
1.178535339805390549e+03 3.193305548232517026e+02 6.714951495561023720e-02 3.628513794062732545e-03
1.153028419056320445e+03 3.855563376514352854e+02 2.722688036082742125e-01 3.084917550628663019e-01
1.103147105003533625e+03 1.749953750931846628e+02 -4.110473280563602637e-03 -6.194928489477022002e-03
1.101671347737567203e+03 2.221554726654357808e+02 1.608964132840983233e-02 3.593103122352708095e-02
1.032157493034337904e+03 2.750845774987609502e+02 4.181046422292152009e-02 -1.672359345999625269e-01
1.199960374415615433e+03 4.643448414218051425e+02 2.596639997543073730e-01 3.531114783237575550e-01
1.224340761744683277e+03 4.372464004353273026e+02 -1.621811840461642173e-01 -1.327718969369564850e-01
2.879331535084955931e+02 5.335086083983443359e+02 -9.325445927243679323e-02 3.917041834927652566e-01
1.048728549971695656e+03 2.439560417800850871e+02 3.131464827660669359e-01 3.793195391008399309e-01
1.162356886362866817e+03 3.291704195832402320e+02 2.356853096964362515e-01 1.161058744536715287e-01
2.680255797482012099e+02 6.485933028920305787e+02 -5.845835240752181999e-02 1.318075041912351864e-01
2.489927665394487519e+02 3.833164716619947967e+02 -7.000361251227259218e-02 -3.579975855726270639e-01
1.031623835799268818e+03 2.936689893680406840e+02 -7.926806734819738520e-02 5.538337924239503801e-02
1.077107111148414106e+03 3.151830585340043172e+02 -3.341787320924457516e-01 -1.629608299194182652e-01
1.195978095389024247e+03 3.853364017287092338e+02 -1.236802447660514670e-01 -2.473017024309395462e-01
1.079105988823692996e+03 1.982480350944705663e+02 2.330773310410966595e-02 1.637946645444706140e-01
1.170929446133509146e+03 1.703022061775887437e+02 -1.607590448723137527e-03 -1.248684485891648002e-03
1.161029576530727354e+03 2.883484077983114275e+02 2.441790287720529973e-01 -7.328350246737044826e-02
1.254622131774091031e+03 3.054823610903279132e+02 -7.239911169935195172e-03 -1.279996161275055895e-02
2.194737749623922412e+02 6.822887156969995885e+02 -1.502460927278548297e-01 2.277559755082641246e-01
2.789199995760024535e+02 6.913445850550275509e+02 2.234645211275495744e-02 -3.115906456419410830e-03
2.610271536389840890e+02 6.957199325794845208e+02 -9.557229267467061071e-03 1.960519372569458421e-02
1.007785634140870457e+03 1.870970807264813800e+02 2.508389829194491716e-01 -2.046847620134239210e-01
1.241153502043172921e+03 4.824877324561454657e+02 2.346632190069149748e-01 3.058740528773906120e-01
2.860860950944165779e+02 5.534247623975047645e+02 1.053110186694453387e-01 6.748273598045843036e-01
2.868633773121702006e+02 4.469702501997315380e+02 -3.552864552487867283e-02 1.659256434300712679e-01
1.053183596479951120e+03 1.734869717442417709e+02 -1.314113448995827584e-02 -4.608405014168708708e-02
3.067744444218909052e+02 1.052965964014508472e+03 3.878013868209452542e-02 4.580766000369878022e-01
4.637766870109127240e+02 4.552714978031232818e+02 -1.934787713380304447e-02 -1.941514302217447335e-02
4.966184308263745493e+02 4.818555374320625333e+02 -2.479517967211327615e-03 1.838536720993689654e-03
1.239591418417786144e+03 4.656603126471711107e+02 2.807749206299989253e-01 3.714099233688247237e-01
2.315054084552809570e+02 3.538945975994863034e+02 -5.877736998465755980e-02 -2.761950556369748844e-01
2.543860273148427211e+02 3.791900097930032985e+02 5.607765093257046501e-02 1.195429466799003970e-01
1.001828200719204801e+03 2.267032890701412100e+02 1.218115273007590316e-02 -7.069828836795763981e-03
1.270252597986139563e+03 3.218897617221634846e+02 -3.693483718946873884e-01 9.501029422686908810e-02
2.751965280767402078e+02 4.098902405266518372e+02 6.259549746382390978e-02 1.534965993415107754e-01
1.037497579274962391e+03 1.612436603582255543e+02 -4.243098535673198168e-02 6.122567678561494781e-02
1.141174321026449206e+03 1.429659110623955769e+02 7.529351348621276044e-03 8.157506480260963075e-03
1.156059699810697566e+03 2.088136115567549211e+02 6.867071138891332749e-02 -2.778528950737495402e-03
1.168862725934829541e+03 2.239886113658754709e+02 -4.214482673183283373e-02 4.738587259700238752e-02
1.129256785654277564e+03 2.436155798556872583e+02 1.730882015395309240e-02 -1.985925540637083556e-02
1.127657611719372653e+03 1.628708724497790854e+02 5.203728679630701542e-02 1.015158118772426302e-02
1.103365134978581409e+03 2.031859610788545751e+02 4.513790236966291891e-02 -8.978719274372038567e-03
1.058577302479923901e+03 2.290281962664979289e+02 1.506776525243181709e-02 -1.867715046658789332e-02
1.204639850188905712e+03 3.160795888304110690e+02 4.182700851779836970e-01 2.302562360478100922e-01
1.890185196822165210e+02 6.328589849153629530e+02 2.132902639938143718e-01 -4.599925313091006718e-01
1.126597639334592031e+03 1.687912071202672450e+02 4.908129552618353125e-02 -3.390557133768723475e-02
1.118467904277973275e+03 2.153521943502045985e+02 -1.314904382354077084e-01 3.059043890127164933e-01
1.060855531670921891e+03 2.218181917874882174e+02 -1.725863108566253953e-02 2.961667548845821687e-02
2.976121878834307495e+02 1.004050440050230009e+03 1.752546189532265541e-01 3.868120101580506121e-01
1.084054766701028484e+03 3.174839530571694581e+02 -2.357258159233153738e-01 -1.877370017297866622e-01
1.213436228041451159e+03 4.491778169070614695e+02 1.732542447766428073e-01 3.762857324607870591e-01
2.568944201339744495e+02 3.526983127285182036e+02 1.432609034100467034e-02 -1.519894517063290554e-03
2.696111544144297909e+02 4.099607904047333022e+02 6.465464183494626371e-02 1.370159951506578766e-01
1.012082628515432816e+03 1.878330802054240394e+02 1.022402046098927347e-01 1.679513387682216863e-01
1.134096588677437921e+03 1.899219062693011040e+02 7.932170964411595915e-02 -1.914224150837269198e-02
1.157614401394389233e+03 3.040387177322904790e+02 -3.287671619130813714e-03 -2.328451725974119840e-02
1.843458532782183852e+02 5.749855062484198243e+02 -2.795743084630840716e-02 8.284120589787413724e-02
2.322650552358095979e+02 7.143776573699930168e+02 -5.013324295754397093e-03 1.201500404795791382e-03
2.146574696230293000e+02 7.475479086089602561e+02 -1.764810153992396862e-03 9.004295733259072218e-03
5.416404794872395314e+02 4.972630510870715170e+02 8.016645169277580862e-03 8.512844250900444831e-03
1.191683483722515348e+03 3.356059446683231045e+02 3.404422022496708666e-01 -3.915070982406660960e-01
1.214992788426226980e+03 3.864841647923050800e+02 7.598996983591632670e-02 -7.817020003422602004e-02
1.209424614082568041e+03 4.146681804168800909e+02 -1.819293343964070442e-01 -1.774441362008383760e-01
1.188574658743220652e+03 2.277076937530332543e+02 2.361579147146733448e-02 1.471640336771825805e-02
1.063606363147317325e+03 1.926089071384932367e+02 -2.347454457779327847e-02 4.473520010085083043e-02
1.159250128861237727e+03 3.414865647923306256e+02 1.792364428625454753e-01 9.185786852718874282e-03
1.178915597634014603e+03 2.263336554165514656e+02 1.500364745944996192e-01 6.443938754899582178e-02
1.147242201668109828e+03 4.774568325765426380e+02 7.401311368197828200e-01 7.483424537567632262e-01
1.173785811614117620e+03 3.184362108541645284e+02 -7.841233437585515970e-03 -2.569924696277183646e-02
2.920918738301663211e+02 7.057530933905932216e+02 -4.057976220384773396e-03 -2.476896381759274932e-03
3.465073529291428827e+02 1.087522742762907910e+03 1.034016324722514951e-01 4.154073052616922834e-01
2.619383014145899438e+02 4.056877280696613184e+02 6.566760430092408174e-02 1.432864233511237928e-01
2.620660073873649480e+02 4.562530167430066399e+02 2.795337316035638453e-02 -1.355539763097416139e-01
1.154689889257230107e+03 4.077806005152199305e+02 -3.205296172073082185e-03 -2.758076191870632576e-01
1.851316572729065513e+02 6.311808844392705851e+02 2.107459242943689748e-01 -4.669168108101699466e-01
2.478686567923634243e+02 4.149129292822091770e+02 -3.422863164866005170e-02 -1.394904484157205304e-01
1.036750445957400188e+03 2.179885417031616441e+02 5.687119272407040876e-02 -4.393141129775295778e-02
1.163069565777415164e+03 2.947338715377134122e+02 -8.849864608895299800e-02 2.692696970877573315e-01
1.196955847669079276e+03 4.117486091293085337e+02 -2.624520942342590257e-01 -1.578927300118529720e-01
3.159730426879955871e+02 1.082149877907163727e+03 9.867165437923194893e-02 2.005226683786771047e-01
1.110668005051268210e+03 3.912705575043160593e+02 5.214073065157995290e-02 6.930124931250708498e-02
1.132695327619206410e+03 4.029026951618429280e+02 1.783767691526488286e-01 2.057607370089050980e-01
3.251906029206825792e+02 9.299656813354357610e+02 1.025270088964620047e-01 5.494470739070315135e-01
1.117780104070139714e+03 2.705759739263161805e+02 3.965301517922499297e-01 2.283500349730900325e-01
1.217335944533067277e+03 4.365364875655033075e+02 -1.388344981510145904e-01 -1.320590768751215005e-01
2.498399923696397025e+02 2.922515147669179782e+02 6.058603102493001491e-02 1.323856794201723197e-01
1.691496346590778046e+02 5.528479971201746821e+02 3.533854627106766677e-01 2.988669712244700419e-02
1.164360046936693152e+03 4.795012548253698696e+02 3.435694338792862901e-01 6.687449930086358796e-01
3.469785362873719805e+02 8.827742056313740022e+02 2.754236967164989114e-01 1.000048726009435951e+00
1.206658514990741196e+03 2.358023531795343217e+02 1.414672685371656628e-02 -1.403133149648283506e-02
2.619810470270737710e+02 7.019043349824972893e+02 1.118308464752798895e-02 4.390869210557385265e-03
3.477020258568102804e+02 1.083773027531046864e+03 1.269416818756129162e-01 4.044985343613300977e-01
1.206882147641140364e+03 3.873542048998613723e+02 -6.806754932127164447e-03 1.202950341930910869e-02
1.280029970229929177e+03 3.275167186913862452e+02 6.389593877803889654e-01 -2.476416519246935621e-01
3.129186942137467327e+02 1.056084500913453667e+03 1.850344719245118341e-01 4.721224543431077336e-01
2.618143785843832916e+02 6.682243720378260150e+02 2.964478534082562889e-03 -2.583146418933137539e-02
8.649076469832796192e+02 1.102333633511663493e+03 -6.310287739277173694e-03 1.850347350682568504e-03
1.123354926417720890e+03 2.442679607144373222e+02 4.113719751276221498e-02 2.740922662445361424e-01
1.197824711412955821e+03 2.432602328738877020e+02 -7.008223501457152768e-03 1.317181912164034491e-02
2.455680082396027331e+02 6.471095649550811686e+02 -1.685226842912186385e-01 2.036505243887239969e-01
1.207377344070742311e+03 4.444038063582009954e+02 2.399799298971723449e-01 2.380617309728371711e-01
1.121812316857151700e+03 2.355166337581390508e+02 2.837942829419911640e-03 2.843281613488193860e-01
1.172749556112863729e+03 2.349070237473987390e+02 -7.188463417151881585e-02 3.397166662179184060e-01
1.218232567207185639e+03 2.625323790630358189e+02 -6.118919248608888084e-02 1.759711333063945227e-01
2.255324721075449759e+02 7.480859382165249372e+02 -7.393986704948522911e-04 9.992903801698307595e-03
2.706387120311015906e+02 8.636604834272366134e+02 1.207233623626596669e-01 4.390954383731826005e-01
8.590712854813325521e+02 1.101884343024267764e+03 1.587002583603082644e-03 2.518810805708783778e-03
2.511759956051989775e+02 3.026124268835482098e+02 5.841066483323389957e-02 2.782671871074382172e-02
1.101835227036328888e+03 1.961392673710681152e+02 8.037274855443381216e-02 -5.158295057371888731e-03
1.172977926585060459e+03 2.567371312018025833e+02 -1.422092573549586271e-02 2.856946929006830629e-03
1.141221621528004107e+03 1.495121623897988457e+02 -1.244976636226406003e-02 -3.561177436238530114e-02
1.037141924545117263e+03 2.294589834883160506e+02 5.351385572029960791e-01 2.618060950296169712e-02
1.101519395668002744e+03 2.941722167678526034e+02 2.072283642124218006e-01 4.484387049931119473e-01
2.839537437762197101e+02 6.720342698483882486e+02 -1.996459249985404333e-02 -1.381913056840525927e-02
2.717049211897088412e+02 9.107185897552820961e+02 1.664959094505058246e-01 3.447782232047853501e-01
3.279843065460842695e+02 1.069507186398550857e+03 1.237247840552610223e-01 3.537584420015579267e-01
2.738187563950831418e+02 4.911661848991087140e+02 5.703420300475045557e-02 -9.758872553582023657e-02
1.074554413110908854e+03 1.560513042918011308e+02 7.455149899462412688e-02 1.126157182194378881e-01
1.063681883529799507e+03 2.209049021931664925e+02 3.869075918835733485e-02 2.336980826328726932e-02
1.153883587497049575e+03 2.936870328175164104e+02 2.022175644141407380e-01 -9.612226082462939358e-02
1.306648987680414848e+03 3.320884425488984562e+02 6.247913401964069746e-02 7.123668389717749926e-03
2.800088791887089883e+02 7.265411835140366748e+02 -6.204820840537195181e-03 -6.994046305881056885e-03
2.364107755829133737e+02 8.325627477135599293e+02 1.715924017212569208e-01 4.079083626997044298e-01
1.172550654416482757e+03 1.931472081072371338e+02 1.441089021374087620e-01 -7.917408462970362479e-03
1.204285139308706903e+03 2.037288011333760949e+02 4.626386558791750758e-02 -1.632386864792086667e-01
2.293087112448038454e+02 6.078848384690792273e+02 -1.935206744271648349e-01 2.218104249629438696e-01
1.186878228724321616e+03 4.692381026482473203e+02 1.590475918555777357e-01 6.229130752007350225e-01
2.901994783433373755e+02 4.299716526532731109e+02 9.728693551445728727e-02 1.680398947022912759e-01
1.024554791878866126e+03 1.611415945225629116e+02 7.879126585274443678e-03 5.844585434719261688e-03
1.049769908841770075e+03 1.698054427623495712e+02 1.022233634696476656e-01 -2.814895781077332848e-01
1.139189182573454218e+03 1.937967704946210574e+02 8.885208839558839111e-02 6.515109526508759685e-02
1.072157488293993083e+03 1.838641014978108217e+02 4.183899356966817862e-02 1.643430862532462566e-01
1.006393600948216999e+03 2.412774947144306168e+02 -3.574195016450092965e-01 -1.809339172532301865e-01
1.027953249642355331e+03 2.571561215374860012e+02 -2.033794333955049882e-01 -1.061939616822138999e-01
1.138560713028988175e+03 2.141557638604472231e+02 3.375416982914264744e-03 -1.740611935612822528e-02
2.342223834546104797e+02 5.933458084244325619e+02 1.235487118555676500e-01 -2.570285002884392100e-01
2.801180336957490908e+02 6.608295748749185350e+02 -2.290092751621583197e-02 7.690285826355007515e-02
1.088563208927411324e+03 2.016747302054292845e+02 9.134649167414127593e-03 1.633217443213787895e-02
1.134913818813076432e+03 3.178203953563363484e+02 8.554992439124882442e-02 3.062962005762739914e-01
2.584620661591617363e+02 4.231878291629138857e+02 -2.713962809982035582e-02 -1.382295506989351108e-01
7.863627793034953584e+02 4.051471510077029734e+02 -3.626296908828408137e-03 3.278205896310737617e-03
1.055102292475789227e+03 2.203270096473690387e+02 9.328152713146664263e-03 -1.256507958541277538e-02
1.101259794364360232e+03 2.310380329634132863e+02 6.033631057061938745e-03 4.203495311575977493e-03
1.117680226617688504e+03 2.573321592266622702e+02 7.111287662041831936e-03 2.195394397544788434e-01
2.485179617093278353e+02 6.984409732278459160e+02 -5.687529386888030836e-02 5.129659779238977813e-02
1.160296185553261012e+03 4.324783306784404431e+02 1.480087609866927723e-01 -2.914193177378166522e-01
1.019782548105251180e+03 1.872552299852197280e+02 5.388576671087943332e-02 -1.642345241195342642e-01
1.144706840126453244e+03 1.722371725622810459e+02 5.334296797590659667e-02 -2.205170821149432803e-01
1.041039619738257443e+03 2.239304633250174561e+02 1.248355916780167912e-01 -1.519031650260603272e-01
1.099066123913362162e+03 2.442908513625320097e+02 -2.541280845653091092e-01 2.558034621910723616e-01
1.084974045548174445e+03 2.912970456895555458e+02 2.708379098331102908e-01 3.116728568038704128e-01
1.214979718136524980e+03 5.435081038434287848e+02 2.785576449261952803e-01 2.383150943752345985e-01
2.859365154073117310e+02 4.195873036023166378e+02 1.369119800743748006e-01 1.245180497189784935e-01
2.905191298636455031e+02 4.763621373271859625e+02 -4.645230141005956409e-02 2.521157297375459239e-01
1.111295664449433161e+03 2.139506764737917877e+02 -1.462082719687411193e-02 2.219184271230890126e-01
1.164670667134854057e+03 2.147415146395842669e+02 2.633802284065546451e-02 -1.300428608920532920e-02
1.141814074964242764e+03 3.077759637110818858e+02 7.219469002411137148e-02 3.139553785854773960e-01
1.275648498307844193e+03 3.123259696328270252e+02 -7.304681440535255865e-02 2.346000331386398352e-02
2.470720073735037374e+02 6.921119936613783921e+02 3.561213393951669082e-02 -2.234196321940847604e-03
2.807850269628615365e+02 4.238711318072019480e+02 -4.509261896486256582e-02 5.276446954588423499e-02
1.052227029283403908e+03 1.809946067919110817e+02 2.827117065294260101e-02 9.324168171166788074e-03
1.125596529568702408e+03 2.090129507464799872e+02 6.849140238284021076e-02 -3.748515318235109278e-02
1.160603625991280296e+03 2.508561664114899088e+02 5.711908721811115308e-02 -6.750648175708520715e-02
1.124519454144692645e+03 2.769900806841789063e+02 9.425815531681912274e-02 7.393815414446060219e-02
1.252304003420264507e+03 3.043367583499237412e+02 3.900579288945076051e-02 -5.633400523741476790e-02
1.008256957806009609e+03 9.275690292835690798e+02 6.683265682280601673e-03 3.163611523311427812e-03
2.402874163211349980e+02 3.329603076365111178e+02 7.821537600630534826e-03 -2.552143750451918436e-02
1.237362236932120538e+02 4.422252336758528486e+02 -2.345666070268670467e-01 -4.318389417615797754e-01
4.868144964171834204e+02 4.485628059725001435e+02 2.690810056492409785e-03 -1.028511920963737225e-02
1.055572949544764242e+03 1.924684268821562796e+02 -3.059424518160369644e-01 4.372692516619114400e-01
1.115038433031224486e+03 1.904938792698917780e+02 1.376805412572821297e-01 1.469988065321103932e-02
1.256393409160675674e+03 2.750536755507833391e+02 4.902882707419564667e-02 -1.111581258788092441e-01
1.201799636614729479e+03 3.511470643727744800e+02 -4.948829577614333175e-02 3.174084954980216366e-02
1.180806493555872748e+03 3.838524993269901984e+02 2.850113413126109663e-02 -3.535626415335002548e-02
1.179260519594507059e+03 3.911797143927163347e+02 -1.610824682540084041e-01 -4.185296230515618277e-01
2.753327359936987477e+02 6.482690043488621541e+02 -1.313972563124181647e-01 -2.319643957276440460e-02
2.705426254756930575e+02 8.639866463684502378e+02 1.606143260114372140e-01 3.175911660095849243e-01
9.680755985927544316e+02 8.605690238727894439e+02 6.567768803867579663e-02 5.338860716968696352e-02
3.110788935757438480e+02 1.054556046702719186e+03 -4.789070294782149517e-02 4.842005050300031144e-01
2.486554410233019610e+02 3.998145285263955202e+02 -1.854268966042695727e-02 -2.296211505881766979e-01
1.062371508391496718e+03 1.779561111045440498e+02 8.747533598858960036e-02 6.559391276333788323e-02
1.022116655657299361e+03 2.344411783978839594e+02 9.418486048638594066e-02 -4.067075192216407578e-03
1.057669890067332744e+03 2.391577702672943531e+02 3.972122232122880514e-01 -1.507223428540258148e+00
1.181975582199156861e+03 3.719571953922970238e+02 -3.489039022506252308e-01 -8.486186746464834119e-02
1.027675621403156356e+03 8.674045583612368091e+02 -9.108768222176877316e-05 1.000840078928225303e-02
3.180755590486351139e+02 1.054492944637799155e+03 1.158664111733097996e-01 3.352261968823161964e-01
2.745785223576843350e+02 4.795977061589173900e+02 2.134583794142080188e-02 1.280170729356403247e-01
2.998600907879408624e+02 5.068098742034659381e+02 -2.565989293843326177e-02 1.413751643877552422e-01
1.031793526981288096e+03 1.696331379119515645e+02 1.573491128496178754e-02 -4.632823758758450317e-01
1.080276849397532942e+03 1.734061687415592701e+02 1.646252231691148205e-01 -3.107104173874201125e-01
2.935342580848854936e+02 6.446527184981645178e+02 1.103741001252680209e-01 1.685593312891780493e-01
2.563029178771144529e+02 7.149076139153963823e+02 2.171943011341527854e-02 2.593045990383708449e-02
1.967152624197272814e+02 5.222843167867355305e+02 2.805074205747141169e-01 2.815517515317039494e-03
1.109864794527051117e+03 1.947530182602990578e+02 2.196374701592363615e-02 2.923560984903544532e-02
1.114215508298525265e+03 1.964146970496917675e+02 7.786037380181089727e-03 -5.844923228293142335e-03
1.124077060895356681e+03 2.041755503902924431e+02 8.818385987209555188e-03 2.806188091684720665e-02
1.186715563172967904e+03 1.752781046552719886e+02 2.358830558457087126e-02 1.028842771275785412e-01
1.300757304877211027e+03 3.524795376374415810e+02 3.760588348483837051e-01 -3.993481348717645846e-02
2.557287473672638498e+02 6.541769359389156762e+02 4.672169917444517380e-03 6.185742427495510148e-02
2.037830276408871839e+02 7.124382808797288362e+02 7.019038732478905668e-03 1.957207408174606589e-01
2.812146511733760690e+02 9.511995757612405669e+02 1.523174263438879517e-01 4.503687435009519069e-01
3.191587845170546984e+02 1.065183754401081615e+03 1.171995967799174532e-01 2.180682459952025254e-01
3.249644736558244631e+02 8.962262699077513162e+02 9.379781984515982163e-02 4.369321480371771149e-01
2.734507991680584382e+02 4.133685537240872350e+02 1.442512862013348718e-01 1.588667668326541604e-01
5.038996955123066641e+02 4.689313157603166360e+02 -2.630869997181600403e-03 -2.967179930777774644e-02
5.306847212403519052e+02 4.740664178508298505e+02 -5.060745837803634628e-02 -9.137321277130570907e-02
2.392114450221320681e+02 5.864032244136288909e+02 -1.077248096562884311e-01 2.403759984027828978e-01
4.399957251043389874e+02 1.085599291434843281e+03 -1.280176733669432902e-02 9.129045715719092194e-03
1.071135594389093058e+03 1.983335806188715082e+02 -1.838690958948063781e-03 1.648130842958437509e-02
1.096984629390214650e+03 2.070173513221537860e+02 -2.984593304781810869e-02 3.682003329701899474e-02
1.091055769535913214e+03 2.218625972087359060e+02 -1.130561629321391592e-01 3.492030204919728820e-01
9.862416371514417506e+02 2.543591259064364181e+02 3.531801488493328811e-02 -6.760105869935842393e-02
1.169139257439345329e+03 1.609291009089449176e+02 -3.235525457826042561e-02 4.898356387951707802e-02
2.554181569735041819e+02 5.425680505931795778e+02 -2.469540611579674194e-01 3.997333777923245401e-01
1.089450814009789610e+03 3.243380444247524110e+02 1.739407541333296003e-01 3.811321670331027645e-02
1.188695507598546556e+03 2.077867300597276881e+02 -2.071660683350273757e-02 -2.401489824015672764e-02
1.192945845777511977e+03 3.495642767245877849e+02 3.787431202693419818e-01 -2.360598182838518633e-01
1.678835614281205721e+02 5.693920981320271721e+02 2.387177311936738988e-02 1.577327469277381433e-01
1.200334954950093334e+03 4.289091799733029688e+02 -9.722699772783016670e-02 -3.812769241680168952e-01
1.210340837168572079e+03 4.342966938279954547e+02 -9.997779160645829666e-02 5.151114807610055468e-01
2.345894699912062720e+02 8.259583768143021416e+02 3.595068717376269096e-01 5.389112189136918696e-01
3.293520304598110897e+02 9.095539234653020912e+02 1.424531609964421741e-01 4.214989643704080136e-01
2.456712920356742416e+02 2.917463577410595121e+02 -4.411623186696189691e-02 -5.094211163451944913e-02
4.948722685054362955e+02 4.304470630906502038e+02 2.260299105459893099e-01 -5.201510581704695824e-01
1.084833167008955797e+03 1.625063370593839807e+02 1.226603943022723797e-01 -2.243430555059653386e-01
1.180374688485760544e+03 1.869479697062313335e+02 1.431485056434667058e-02 -8.993847222341955217e-02
1.157818394336331494e+03 3.511147645788489626e+02 8.122722294785944541e-03 -6.441403355208308312e-02
2.713928802427849973e+02 6.296976923665008599e+02 -8.032366081287989346e-02 3.819405896484795448e-02
1.173514232499742320e+03 4.637954641766741020e+02 6.130472758661937860e-01 -5.902170723772570682e-02
1.196677214373528614e+03 4.775325727012685206e+02 1.042152630433861304e-01 -2.324540212573609210e-01
2.506022810623377097e+02 7.103968269799619293e+02 1.380111843734965760e-02 -3.274397188104671841e-02
4.363152245911536511e+02 1.088693115617741341e+03 -7.017353939829718001e-03 3.459279889125355112e-02
2.359965777086856065e+02 3.018978825614555035e+02 -1.776311177540281297e-02 1.104008492594711482e-01
1.031284848682824531e+03 2.273842433891455244e+02 4.078475133209654713e-01 -6.605772995694029169e-03
1.011868175273026623e+03 2.304860319167443947e+02 -2.778717569378516550e-01 -2.669232834440557478e-01
1.029313206323226723e+03 2.349489362050267971e+02 7.811840669780524549e-02 -3.454536731522596382e-02
1.243949576986691909e+03 2.731761878829556167e+02 2.673244334295564739e-01 -2.121044070431626627e-01
1.153676015203232055e+03 4.155819728184812334e+02 2.768329633284208335e-01 -4.650898347229436847e-01
1.189801173041372522e+03 5.343175194091177218e+02 5.567857670620404154e-01 1.855095398377021032e-01
3.382269150683134171e+02 9.875988605590307543e+02 1.010260536635558121e-01 4.985898549749338549e-01
2.517600829212831854e+02 4.272819150188147432e+02 -5.242007580232174030e-02 -8.399771083913758207e-02
2.816417511984395787e+02 4.231334173156157021e+02 -2.140724698599190748e-02 -5.013635227918674525e-02
1.075733478870073213e+03 1.822799582685536564e+02 1.890208690379040490e-01 -2.325703392546974724e-01
1.351128094181019605e+03 2.610891195439684793e+02 -1.909027178131357874e-02 -2.989317980751593495e-02
1.250484754728603320e+03 2.832964758243694519e+02 -4.204681170127363282e-02 5.814094442155237630e-02
1.153170911067342331e+03 3.489060300122807234e+02 1.861153473451319373e-01 -3.811061930872199355e-01
1.210703290502409345e+03 4.179900310114783792e+02 -1.921474041622180662e-01 6.307498286432178247e-02
2.650326999548149161e+02 6.389573186421301898e+02 1.054556482153069935e-01 2.277816635274992618e-01
1.877253006685612888e+02 6.808675612485167221e+02 8.380877974059330882e-02 -2.529247284942546803e-01
2.458921408095749257e+02 3.719242785596053977e+02 -5.896184508550277037e-02 -4.854360449524960930e-01
2.725808149011488126e+02 4.459180567454082507e+02 -4.211516439821707397e-02 -1.577804662131825353e-01
1.081407648593416525e+03 3.192987735534089211e+02 2.532490432772647321e-02 -3.675035333664936621e-01
1.086964575633460299e+03 3.379574581805481444e+02 2.282901408384532121e-02 -1.618006429151933045e-01
1.827806778607113642e+02 5.786638986037987706e+02 -5.194972040417269316e-02 -1.123422378208942946e-01
1.214012449423865974e+03 4.657078537669701177e+02 -1.070662656218246411e-01 1.649463360022195846e-01
3.054349713318193835e+02 1.017978956243198695e+03 5.502149854196432266e-02 4.941582836012685109e-01
2.486990470232495625e+02 3.905874597168214564e+02 -1.414387352742707549e-01 -4.399613182656452182e-01
2.789130713476416190e+02 4.950754049803237535e+02 -1.601459537383362886e-01 3.304110557306501050e-01
9.910720437522237489e+02 1.655424279104323091e+02 -5.474814543646289167e-03 -3.339302516717168601e-02
1.214132008777611645e+03 2.284390655537278008e+02 -2.570134524864897685e-02 1.002565147517913147e-01
1.203209125900483741e+03 2.764072538013194844e+02 1.228577223256479556e-01 -2.077454802365252817e-02
1.128498835227249856e+03 3.189995597736418631e+02 1.158561972227971637e-01 5.030129304507369170e-01
1.163844154625727697e+03 3.338170828788559561e+02 8.871256775279334761e-02 8.003456880985027055e-02
2.638149111787897709e+02 5.357415849646017705e+02 -3.493399765185785100e-01 -7.855401149183194320e-02
1.185345917808752802e+03 4.851503041377210934e+02 2.168910686878575689e-01 3.826077361113675579e-01
2.114625903943506557e+02 7.348735555418121521e+02 -1.617215957063677934e-02 1.354767708947122173e-01
8.226248275393783160e+02 3.778144890773125439e+02 4.267276552097124670e-02 -7.321443563690384349e-02
1.138854056182608474e+03 1.807465187167619263e+02 8.313414693808833522e-02 1.012769657903428849e-01
1.107576129573854814e+03 2.928627015597319314e+02 6.664163951950285991e-02 2.387965145260295685e-02
1.194334766281397606e+03 2.301104210481249197e+02 3.918407016855477570e-02 -1.056880241771883250e-01
1.124473476980516352e+03 2.574418515094606050e+02 -5.710866839560063690e-01 7.986189094742049965e-01
1.245212421369167259e+03 2.854670583803583099e+02 -5.984735137212737754e-02 -1.209483426846986731e-01
1.138690162029637122e+03 3.009093572004933321e+02 -4.207556214131121658e-02 -4.998604293279527155e-01
1.214965856993771467e+03 3.264668482522396289e+02 2.110780125868435275e-01 -7.177548311856678243e-02
1.205256223496766324e+03 3.533272741827875620e+02 -1.859335476797241427e-01 7.239085372348579017e-02
1.110533062541209574e+03 3.988455732262619335e+02 -2.424684572694483717e-02 -5.051430704131689708e-01
2.507279943959724733e+02 7.050951848933034398e+02 1.396982082347903997e-01 5.018762025637594215e-01
1.217546134467088905e+03 4.257831315523839066e+02 1.728391805786486657e-01 -4.629685675460185057e-01
1.232295495975452923e+03 4.437151907697758020e+02 8.460700929314649357e-03 -1.752352510480174319e-01
2.480685782236163845e+02 3.541182470270589988e+02 -1.705190571777848163e-02 1.023968221513200660e-01
2.610462216554561223e+02 3.920874235359569866e+02 -8.530843593433701244e-02 -7.911559932961154118e-02
1.288170587305364450e+02 4.461785158113937086e+02 -6.879234668090816740e-02 -1.363502235966507214e-01
3.036260033132101626e+02 5.256815939333263259e+02 -2.379845133600611007e-02 -7.671999928413697489e-02
9.961160172870663700e+02 1.964200176652095422e+02 -4.529204691760924106e-02 -2.751753200214466233e-01
1.014428832321419009e+03 1.950549459007275743e+02 1.507090347717507939e-01 3.139903376168149407e-01
1.048500923713503198e+03 1.932811143541726722e+02 -1.347132819586249752e-01 2.654055287362524496e-01
1.242438601175394751e+03 3.249318270323308298e+02 -2.401012716385366730e-01 -2.214885361622975779e-01
1.281696904067826608e+03 3.736317457430313311e+02 2.091853309387943227e-01 -3.424333667999235331e-01
1.174677097253744478e+03 3.917009616599924016e+02 -1.411345471180993627e-01 1.278929701432218735e-01
2.160457992437780774e+02 7.120389114533851398e+02 3.210074298090148659e-02 -1.759506967027846258e-02
6.670688269681966176e+02 5.268352677137193041e+02 -1.829420238266266097e-03 2.346009688473600363e-01
1.038507520994395009e+03 4.973040241956559839e+02 6.599050501748706665e-01 5.079459975252405002e-01
2.642280087880653241e+02 9.163567686235871861e+02 1.180034858244027873e-01 2.615819548967124319e-01
2.951288275841436644e+02 9.429702571896251584e+02 3.607497491168487613e-02 1.241240079143608455e-01
2.426775387396683641e+02 3.778815962757328180e+02 0.000000000000000000e+00 0.000000000000000000e+00
2.676111455549636275e+02 4.198395459794580233e+02 0.000000000000000000e+00 0.000000000000000000e+00
1.985584106500798782e+02 5.296383183048019418e+02 0.000000000000000000e+00 0.000000000000000000e+00
1.094403494708730705e+03 2.242076194186693670e+02 0.000000000000000000e+00 0.000000000000000000e+00
1.162297135555995055e+03 2.126008464754378906e+02 0.000000000000000000e+00 0.000000000000000000e+00
1.148363065491499810e+03 3.088359794886840177e+02 0.000000000000000000e+00 0.000000000000000000e+00
1.196391241616398020e+03 3.399605004678311388e+02 0.000000000000000000e+00 0.000000000000000000e+00
1.302292963814994209e+03 3.363307536054151115e+02 0.000000000000000000e+00 0.000000000000000000e+00
2.104998689833434753e+02 5.417242879796390298e+02 0.000000000000000000e+00 0.000000000000000000e+00
2.631626718698978493e+02 6.657556230464764440e+02 0.000000000000000000e+00 0.000000000000000000e+00
1.208625778131021661e+03 4.278639687408174836e+02 0.000000000000000000e+00 0.000000000000000000e+00
2.127571192655110508e+02 7.276868039158250667e+02 0.000000000000000000e+00 0.000000000000000000e+00
2.652101175497469399e+02 7.326276758721759279e+02 0.000000000000000000e+00 0.000000000000000000e+00
2.307426689240125768e+02 7.445425874526164307e+02 0.000000000000000000e+00 0.000000000000000000e+00
2.145713443318270777e+02 7.665482072996007901e+02 0.000000000000000000e+00 0.000000000000000000e+00
2.298617263712590955e+02 7.655458376028965404e+02 0.000000000000000000e+00 0.000000000000000000e+00
3.077083538757396468e+02 9.347536258088679233e+02 0.000000000000000000e+00 0.000000000000000000e+00
1.001568165753223298e+03 8.664149361429051623e+02 0.000000000000000000e+00 0.000000000000000000e+00
3.099634354511660490e+02 1.006247642433311853e+03 0.000000000000000000e+00 0.000000000000000000e+00
3.128510134012609001e+02 1.027591766415650682e+03 0.000000000000000000e+00 0.000000000000000000e+00
5.690647542073716068e+02 1.025769464458623361e+03 0.000000000000000000e+00 0.000000000000000000e+00
3.469817048712587848e+02 1.064013148894691540e+03 0.000000000000000000e+00 0.000000000000000000e+00
