1.343559634570898709e+02 3.800617967846141596e+02 2.841410024555304239e-04 2.076243326551901591e-03
2.655944133763255763e+02 6.841257313487132024e+02 3.051992543992645968e-03 -3.749627368410803768e-03
2.533893576809273611e+02 4.646275289219154274e+02 -1.438503354240304021e-03 4.990936576409649682e-03
3.166566406092335910e+02 4.770658172478163124e+02 -2.652896465614467628e-03 4.459267316667254316e-03
5.665449407094284879e+02 3.876051492696788046e+02 2.879320185452388138e-03 2.052180575863571388e-02
5.641724409370826834e+02 3.828650238972580837e+02 -2.334475644004057118e-02 1.534019061103260306e-02
2.639104754530504806e+02 5.197818849698838903e+02 -8.488489640567445371e-02 2.754774340659320031e-01
8.304269042500633304e+02 4.079913532237213758e+02 4.071706415440602515e-03 -5.129256568466189492e-03
7.108964986244540114e+02 4.154275787890380229e+02 3.869765543771958027e-02 -1.086316711009692113e-02
2.348770882466535568e+02 6.989481718451215784e+02 9.585151760412240207e-03 8.827025174526277607e-03
6.343543421581401844e+02 8.221850832161017024e+02 -7.676163784028608753e-05 1.036308171375038617e-03
9.123007244125126363e+02 8.060155139932375050e+02 -5.333290509254469403e-04 5.641902318433098537e-04
4.599186624866013062e+02 9.416110448455684718e+02 -9.651755397044325946e-05 7.795373306254698874e-04
9.072700255561006770e+02 9.243783778018588464e+02 6.346481703229362283e-04 2.000550522999525876e-03
9.001531680617982829e+02 9.267689875551392333e+02 -1.587265973798236088e-03 -3.461228134009580130e-03
7.079626083540366608e+02 9.909818880940584904e+02 1.042030994921049752e-02 -1.655194670386793757e-02
7.150191377235116761e+02 1.011590640750117245e+03 6.005254832385022607e-05 1.265569473514348200e-03
7.047993277146288165e+02 1.023773456682224833e+03 -5.700645537395343781e-04 9.025360104715218768e-04
9.841717715900940675e+02 8.462216800132746357e+02 -3.434538928904612952e-03 2.372538565384842233e-03
4.816529167795126227e+02 1.099122422813079538e+03 -2.419321420917401621e-04 8.656815596101061737e-04
7.045216714002771141e+02 1.036438814712763133e+03 1.283453499130439825e-03 -2.987134581970996038e-04
7.518781606449410901e+02 1.067688773674313097e+03 -1.476456002049840617e-04 1.143663689577302219e-03
7.456643796877306158e+02 1.071458491734491190e+03 4.966760981244420971e-04 2.240381851458217682e-04
1.312850338713410849e+02 3.258455886859210864e+02 6.403686489475734047e-04 8.636212563598661546e-03
8.997539334436518175e+02 1.102152504550962476e+03 2.317680016865256826e-04 1.346182781198516771e-05
1.348625617755891426e+02 4.009365749271815957e+02 2.834364123659702511e-03 7.322016837698504949e-03
3.853713960435723607e+02 1.089562406442314114e+03 4.923333946271274408e-02 -1.653713372915902166e-03
5.639995162892861345e+02 4.592541295012812270e+02 4.263779899371128337e-04 3.956014697605654551e-03
2.625739399870504371e+02 7.419739800214094885e+02 -2.617583417836973287e-04 -2.895719918086851492e-03
2.751736088064847081e+02 6.206448001696338679e+02 8.123525553268300461e-03 5.201676578782990197e-04
4.105908810969755223e+02 1.063034052758543339e+03 2.254362583308909193e-02 1.510896276880939124e-02
1.009407986402642109e+03 8.171676935897500016e+02 -1.044898852904963720e-03 1.730215211922529750e-02
4.872303254534760981e+02 4.477544425390698848e+02 6.910874620512747098e-03 -1.896276085305447293e-02
2.235132305546803195e+02 7.551581941413573986e+02 2.872878081815191599e-04 2.161108354431856386e-03
5.979520144202647316e+02 4.392893043941181190e+02 -3.446677060287809020e-04 3.037473169954713753e-02
8.310232193232992586e+02 3.245535862687311237e+02 4.838742675244725412e-04 2.307090175581789047e-03
4.654496478095165912e+02 4.561987413455282763e+02 -7.434174504212051225e-04 4.348006564670174948e-03
2.485604892789093014e+02 7.188140387405085221e+02 9.856226234797749869e-04 4.552717393277033731e-03
4.929081021083823657e+02 4.297524148855415547e+02 1.262457926994818179e-03 4.146840097202791767e-04
2.300520598990171948e+02 6.993889645429298980e+02 4.337368092265732680e-03 -8.271666846470376866e-03
2.309158967801928384e+02 3.258110546752884034e+02 -2.504558843213516503e-02 -1.596507370154028604e-01
9.701813009111881456e+02 8.450665610886323975e+02 -2.664489479298477129e-03 7.635307709116915826e-04
1.020603567522273806e+03 8.155031575681489358e+02 3.323999904895041067e-03 2.285651238424287780e-03
2.020793600943078445e+02 5.116102096155630647e+02 1.405037738247542564e-02 6.048800176229279790e-02
9.566798608001840876e+02 8.503125147512264448e+02 1.469129215134932663e-03 2.012667880775201139e-03
8.291734399265991442e+02 3.465862974582803986e+02 -4.550080950864209689e-02 3.630421999124035237e-02
5.056368328960211898e+02 4.422271877811890022e+02 -9.127875303944831898e-04 1.048828087562577544e-03
1.003991851364096647e+03 8.318947791957331219e+02 -5.912226827848430025e-03 5.322028352964588028e-04
4.937539972414991212e+02 4.392657328787048527e+02 -1.844485691850481510e-03 5.146869312596047234e-03
2.562396374523492568e+02 7.445070672113051842e+02 2.277890783276878117e-03 4.464692123441060465e-03
1.909274958409798160e+02 5.807584393948793604e+02 -6.865953590977482389e-03 -2.978992815269971509e-03
9.867539677333390955e+02 8.218777239238711445e+02 -1.722008382574982330e-02 -8.655604900796014939e-03
1.016594622754146371e+03 8.100431617721675366e+02 1.320091735788262691e-04 3.707720425020600164e-03
9.829144413363744661e+02 8.162412442837444360e+02 -9.441179972465968059e-03 1.190372133146748966e-02
5.814277850235505412e+02 4.519923773022779869e+02 -8.492360364186317401e-03 3.969208199371583590e-02
1.243769128927980546e+03 3.971142712222636533e+02 2.502759099460229349e-03 -2.675770443497550591e-04
1.184873017144590449e+03 2.511486628550300964e+02 -7.568730975602346381e-03 1.035269476868970646e-02
2.642217174191330855e+02 4.395244775118461575e+02 -9.582186046182668282e-02 -3.108142454392937015e-01
2.311548082833592730e+02 3.440151973800414567e+02 -5.219247285206300713e-02 -1.491341145138118107e-01
2.607608228702150654e+02 6.140721623695711742e+02 -1.379713818469572098e-02 4.305357951427978176e-03
9.478405182691546997e+02 8.368857673649513345e+02 -1.492254015991618661e-04 1.895828401748166428e-03
8.080867867220973721e+02 8.812103709186255855e+02 -1.027316765681453043e-03 -1.855065174316286537e-04
9.274118766382744070e+02 8.288516927732141539e+02 -4.216629892099344433e-03 2.318453488428666215e-04
9.247068225437440105e+02 8.568604883308861417e+02 2.084149368347920639e-02 1.044099675420786209e-02
2.618819419052970261e+02 5.750475669789885842e+02 -1.949806917129067244e-02 3.359944860030792957e-01
7.960764869989784529e+02 3.638485415647976424e+02 -2.559918475095954854e-02 -1.737583469415393891e-02
9.489886847261022922e+02 8.455518590205050486e+02 1.424562939209548336e-03 3.496231159841603421e-04
1.031409725441805449e+03 8.314980036253208482e+02 -1.445676861323527858e-02 -3.854264384644335521e-03
9.098689774563935089e+02 8.331548890686461846e+02 -4.873371539710687900e-02 1.360056036975547042e-02
9.834310330995162985e+02 8.690251120191687733e+02 4.999440229420371549e-03 8.857721471555790116e-04
2.897941164692650773e+02 4.134798825275426566e+02 -1.289399923024235443e-02 7.229018620039211196e-04
9.780753588254685837e+02 8.659800498446563779e+02 -1.180924222833345041e-02 -6.301454809349391929e-03
9.023100946563223488e+02 8.518780085286227859e+02 -2.478958569306744398e-03 -1.167842183845816187e-02
3.289666895990528133e+02 5.665133345998368668e+02 5.054482651550895383e-04 4.275948722802285699e-04
2.192511434601311180e+02 2.971582458271421956e+02 -6.045826664447361692e-02 -2.130979263296763349e-01
9.898417594484037636e+02 8.511450332247528650e+02 1.826250638033559545e-03 -2.074332004828629596e-03
9.673298285663792058e+02 8.737391706457500504e+02 8.219961267008609254e-03 -1.368465052939544591e-03
9.575386636873409998e+02 8.614997235770124462e+02 -1.514147537661058446e-03 -4.932923700427618331e-03
1.973492545669008393e+02 5.710418071377995375e+02 -1.256046735055307232e-03 1.349873626869375117e-03
2.841247283814589082e+02 4.805909526056418599e+02 9.011377805987617895e-03 3.071917474513410906e-01
5.104636178775512008e+02 4.231261111895983618e+02 7.827526765073109481e-04 4.210755760754585075e-02
8.022307185390760651e+02 3.565323679118860696e+02 9.542068403446830318e-04 5.907243734541923336e-03
8.016513691801347932e+02 3.469319083795987240e+02 -9.665329221848374805e-04 2.683144274465458761e-03
9.433557285315142735e+02 8.735622624346218572e+02 9.154438017303348409e-04 -3.487198423510905112e-04
1.144466742293315292e+03 2.281879137873381467e+02 1.082326722433946857e-03 -1.168514645068163479e-02
1.171819214570710983e+03 2.153691788302201076e+02 -9.752608356238132159e-03 1.583565652893807393e-02
2.911745169568418419e+02 4.981736333228298577e+02 2.269844933651668853e-02 3.616804005667972888e-02
5.665434031225412355e+02 4.664361991140239638e+02 5.334809758818043375e-03 1.610212091234774004e-02
1.027742821338968042e+03 8.260553364982243920e+02 1.360510836091202453e-03 1.822420766231543652e-03
5.143205669604130890e+02 5.065757298426622697e+02 -8.355019358003407505e-04 3.798175788216609158e-03
7.337664880423691329e+02 9.642994826727986037e+02 -3.941200403835071892e-03 3.640555868345796923e-03
9.949212731095624349e+02 8.766011663857328813e+02 1.239807559232254360e-03 -7.531827190918517594e-03
2.106183351708447162e+02 7.023038476594118720e+02 -1.009038236464976195e-02 3.323559454198664158e-03
4.708061363092427314e+02 4.364347022981657460e+02 -1.181599505172818048e-03 5.482345643812469604e-05
7.866054913702627118e+02 3.391480463699663801e+02 -4.077378614418662207e-03 5.012949229342324696e-03
9.697272195485701332e+02 8.938789106632580115e+02 -2.945037759963549297e-03 7.642450144688533141e-03
5.702313702184376325e+02 4.319381241012462169e+02 -8.850616381365208896e-03 1.213711113372750901e-02
2.165180144588453857e+02 7.011446094597872616e+02 -3.078067875723283688e-03 1.257687406354023735e-02
9.289578183938991742e+02 8.414460208824842766e+02 -4.333854709010224494e-03 4.331228820769910705e-03
9.701857207716208222e+02 8.238309182348236845e+02 -8.948005102417870386e-04 2.991167614457274212e-04
1.994289358193050816e+02 7.104809988572474140e+02 1.364460998495624876e-02 5.674054852082994344e-02
1.008054306742857079e+03 8.725288351097748318e+02 6.529289162799749129e-03 2.030374546048994804e-03
2.181926569476340774e+02 2.926146706682039280e+02 -1.057636059383040422e-01 -2.398945464231829749e-01
4.758368000490756913e+02 4.466258388157938271e+02 1.089502252093023718e-02 -1.726158509253120435e-02
2.944832262914741818e+02 6.585635102562805514e+02 -2.968881203771886121e-03 6.078429548058848948e-04
9.022336760626266141e+02 8.597536164248841715e+02 1.539770955848172515e-03 3.630078858850088394e-04
2.123498715108344754e+02 7.443960941192062819e+02 1.214242224946590273e-02 4.202556225465341189e-02
3.038252142201759511e+02 6.404414168162729766e+02 1.916988113195391540e-03 1.440563589038010598e-03
1.265697376842994572e+03 2.919640488705679218e+02 1.652073429407453081e-02 1.858161275552870639e-02
1.272814967678678613e+03 2.963162513249538392e+02 2.811349208565780411e-03 -1.628860833013259487e-03
1.258208346059498353e+03 3.079688694324261746e+02 1.870600806036110467e-02 2.423596733767073227e-03
1.032252724269803821e+03 8.710645896024858530e+02 -1.081912137734245428e-03 -1.253064702794263454e-03
1.001906816363028383e+03 8.159766360166596542e+02 2.052558764763255227e-03 -3.664940507769417870e-03
1.169774702624026986e+03 1.427580551309198142e+02 6.390356933997336231e-02 8.923050027071399021e-03
6.125503742904251112e+02 3.900548211495295732e+02 -1.684391390345597178e-02 1.364651071061290591e-02
9.490008295834256842e+02 8.236180023794577210e+02 -3.226700757276340040e-03 -6.051590986945114964e-03
2.449314717001797987e+02 4.973081637304725291e+02 1.910384994108755110e-04 5.584435357723078162e-03
7.174388354418505287e+02 9.557005828292957403e+02 1.279082366207572041e-03 -3.725193073568343490e-04
6.453701025265190765e+02 4.716220744387875357e+02 2.731054007425913754e-01 -9.177626251999644602e-02
4.890648200349332342e+02 4.588321261063368866e+02 -2.406063523074741459e-03 7.851839665067477866e-03
2.444412266244036971e+02 4.912380037770906256e+02 -1.529658714606951103e-02 3.032482248507824968e-03
4.249369275205330041e+02 1.073754767738274040e+03 5.273901416361164406e-03 7.531541007998691223e-04
2.251567596037934038e+02 3.039848029815256041e+02 -4.509971315567501415e-02 -2.300310692008664670e-01
4.948656530344120483e+02 4.733811532207213872e+02 1.236830805251965155e-02 -4.308001881939405725e-03
2.367539564886027108e+02 7.166968630806625242e+02 -2.230721810042212306e-03 6.520381256020507318e-03
8.247825608952363154e+02 1.102300660123757780e+03 2.720578647700442704e-05 3.670327339995589871e-04
3.205501147098278807e+02 6.067066367212787554e+02 3.958974652996043175e-03 -3.835151471219991164e-03
3.343466504050800268e+02 5.637241818686816259e+02 -5.053216930631120041e-03 7.210207698416623741e-03
7.631358614833907268e+02 3.871665207746017359e+02 1.107261360545459816e-02 7.892578426554962279e-03
2.139783578409542883e+02 7.401066304533404718e+02 -2.450515023588899222e-02 6.277878504095335543e-02
7.210818814316465932e+02 9.124695829438037435e+02 4.878119516573374559e-03 5.188800422119319022e-03
2.509367930493068855e+02 6.595535625540886713e+02 4.992394848499099582e-04 1.246233940176776078e-03
2.681108669014578254e+02 3.009059739590432514e+02 -1.680463183959653812e-03 4.984981420996559102e-03
1.163061055327616032e+03 2.142216241919887523e+02 -2.284354363114694721e-03 1.152974918401348560e-02
2.651328527261196086e+02 6.306311826173861164e+02 1.867813576409119343e-04 1.484856415824858814e-03
8.507059633075746206e+02 9.315302145423396496e+02 -3.237534844836521190e-04 -4.834622354465944994e-04
3.183367438813037893e+02 5.409816079588503044e+02 -3.087067950477515900e-03 -3.272334363223668163e-03
2.112490883965672879e+02 5.838094296127627558e+02 3.887330889693772686e-03 4.552409518140902028e-03
2.400724159589339024e+02 3.641063308430609027e+02 -4.564670159084635581e-02 -1.528169816627332200e-01
2.514866094869394146e+02 7.278196645146153969e+02 1.263419518511370472e-02 3.001380964883312678e-03
4.475325906072532689e+02 1.091643052199139220e+03 -8.879310698871607788e-03 -2.033629652843127814e-02
2.068441509167523407e+02 6.820661654152015672e+02 3.579796960199493807e-03 -5.190834079619232287e-03
2.381952148969410246e+02 6.709979363118213769e+02 -1.164982677571369148e-02 -1.674643242404047104e-03
2.327293432720976512e+02 3.192741518321885223e+02 -3.207159774649932793e-02 -2.166180758929864281e-01
7.718242052515860223e+02 4.931951740921932696e+02 -1.210412516554742503e-02 -5.564956349474522047e-04
2.802182070028616181e+02 5.324868174334183095e+02 -8.143160567013606622e-04 7.478032931140380854e-03
2.903582015665035101e+02 6.304993925350810287e+02 -7.683604143452801415e-04 5.850997336565207270e-03
1.260227557781008272e+03 1.958454282485644455e+02 1.663637580784527821e-03 -4.306579475418389168e-03
4.501294008666354216e+02 1.095434700451354047e+03 -4.081059230210741691e-03 -1.629238166881328068e-02
2.408270916848520358e+02 5.027535527709422922e+02 1.407289533347574157e-03 -9.511947707322871695e-04
2.509892230280167098e+02 7.105604608865852470e+02 -4.241471462585263302e-04 1.202159235183241671e-02
1.246233987623810663e+03 3.816970650407376411e+02 1.304297729561902479e-02 2.669051097443357265e-02
7.191789213065518425e+02 9.610282315430325752e+02 -3.404874560809694698e-03 1.168526850056036265e-02
3.006313924835839089e+02 6.475076285871090249e+02 1.006131258267012329e-02 5.063765978534455307e-03
4.261079156607444816e+02 1.080236931577717769e+03 -1.241394211691872196e-03 -8.010986677138837511e-03
2.282061663018143634e+02 7.107220166931523408e+02 4.030824990529213898e-03 6.879142807319752265e-03
1.020970062971669222e+03 2.200900573358244685e+02 -1.172299515141555226e-01 -1.385170569452918443e-01
2.357257630189860720e+02 3.708136176024894439e+02 -6.936850904802688289e-02 -1.307469278722620254e-01
2.172842683750508854e+02 6.447181369855561570e+02 -2.181435756988642227e-02 -2.249118828410138354e-02
2.569821842521284907e+02 7.175321739410367172e+02 -8.689131548479026414e-04 -4.373683310962063996e-03
2.538731670344606357e+02 7.233112151666821319e+02 1.541643017810375230e-02 -2.221559758633662174e-02
2.349571548871710718e+02 3.582873553000159177e+02 -5.221362590907743101e-02 -1.375611847264683052e-01
2.974427748168023413e+02 6.545494395903399436e+02 -6.881076352381722619e-04 7.020320823382669587e-04
2.347086849424613320e+02 7.104727090784765551e+02 -3.660903680176459500e-03 2.125216791331569312e-04
1.193628749421135126e+03 1.897606949541481924e+02 -3.904338638194351091e-02 1.406287514256186928e-02
2.537621837094305022e+02 7.357845394083531119e+02 7.566625431453226878e-03 -4.310697762916518641e-03
1.114255834210358898e+03 2.264683550958187936e+02 -4.063308699829072147e-03 1.281016130026979838e-01
2.549920190265224278e+02 4.884941915225616640e+02 6.720098666712241492e-04 3.961254026651181252e-03
2.776428027807532999e+02 4.415683318529108874e+02 8.215537568685192527e-02 2.669379838258613136e-01
2.191499528355506925e+02 6.634047760157961875e+02 1.441784652998572523e-04 8.270001049673188220e-03
2.173331265447824308e+02 6.517490352468146284e+02 -1.536571338498119756e-03 2.930945480829454716e-03
1.215213306415345869e+03 2.968305113170931691e+02 1.348073603940245502e-01 -2.400179208600497494e-01
2.899945490118472549e+02 6.343920095609302052e+02 -1.999694599844542911e-02 -4.947827414131741181e-02
1.001382135870068737e+03 8.556122432768830777e+02 3.029098868393189856e-03 -1.685141936773692064e-04
8.654251523237508081e+01 3.143671949473844620e+02 1.930926977961895837e-03 8.648591470954904159e-03
1.224040367933987682e+03 3.971778249232062876e+02 -1.058443384041797553e-03 6.082026468459276938e-04
7.531162689333632443e+02 8.452270581387331276e+02 -5.227012978157110929e-04 7.762521601800543951e-04
1.187580246746731973e+03 2.170906276002035042e+02 7.662699298392827707e-02 1.761875903293310119e-01
1.211509157132584050e+03 2.208414614967875309e+02 5.256917651168166103e-03 1.469869142041522678e-02
2.312939362871148887e+02 6.615854252893431067e+02 -7.260764693570525077e-03 4.028317695113824148e-03
4.142634222451632695e+02 1.068461769024663226e+03 -1.857397846929033413e-03 -5.548452212665459836e-04
5.473062404670295109e+02 5.174296280086773550e+02 1.141809899037624608e-02 1.869473979393948722e-03
1.142581284672972970e+03 1.948823789565014408e+02 8.523883919611753568e-02 -3.595347214099822025e-02
8.231263120378390568e+02 3.406327750353207762e+02 -1.717952508954005046e-03 -2.069704718781052808e-04
1.206010297154401769e+03 2.532698532322886251e+02 1.292577931245558406e-02 -3.043858327364382110e-02
2.478443088608992468e+02 7.364578575682223800e+02 3.162824598644696592e-03 1.325080746948519884e-02
1.147795704988105399e+03 1.762135784963248852e+02 5.602723599228585580e-03 1.256348065834232610e-03
2.761868515059122160e+02 7.010236546802785824e+02 -5.167098951213431116e-03 9.320044359236646274e-04
2.607993100270958848e+02 6.851923844284660845e+02 -1.847574323396611838e-03 2.036243200964776585e-03
2.300157322275422871e+02 7.480654838942718925e+02 8.010426420880359388e-03 1.958258495996669998e-02
1.054968589188043325e+03 8.385391690578478574e+02 5.402803755493938535e-04 -8.017269360584802947e-04
1.223917687354917916e+03 2.485980581755928540e+02 2.648957528823743870e-02 1.542315921667584966e-02
3.046855228550815582e+02 5.476417515602256572e+02 -8.064204668969659345e-03 1.458017973710177585e-02
1.200331519085812488e+03 2.291102610685521199e+02 -8.503182241487466930e-03 -8.342182022255766743e-03
1.265844890801832435e+03 2.038422903974376652e+02 3.458729987203084375e-04 -2.125343280792744982e-03
2.503326295619328050e+02 4.780023861467847723e+02 -1.286820188311713813e-03 1.566778342565963668e-03
4.369778834967688681e+02 1.091357013605497059e+03 3.715005283732798497e-03 -3.134233701561837102e-04
2.414651636804900932e+02 3.828452664633429094e+02 -6.621893197170365675e-02 -1.855194421038402208e-01
3.077483864790380608e+02 5.567840036080641539e+02 -1.366723091227260364e-03 4.928814391071159942e-03
1.093312014348756293e+03 1.748610823826946046e+02 -2.519938375622555737e-01 1.332387232474198102e-01
2.674960213319159834e+02 7.208937786753730279e+02 -1.316895193596819566e-03 2.996547235081587022e-03
2.806821355920993710e+02 6.228148929875893600e+02 3.453902274804031541e-03 1.898276583627346928e-02
2.719022305115792619e+02 6.712828265373271961e+02 1.529665843174307866e-03 2.883270014855483982e-04
2.986453474554174932e+02 5.099305176675171083e+02 -3.536538244581003548e-03 1.179373638824990139e-03
2.693982621141058189e+02 6.963707966867287951e+02 7.952751602861909139e-04 6.920688844172560340e-03
9.181888164412863489e+02 1.102581808416789954e+03 1.006092947745450576e-03 -8.697581615751464538e-05
2.614050232169185506e+02 6.604170978822820643e+02 2.926456754170034605e-03 -5.878321468175596752e-04
8.215076022980687185e+02 3.839219017423618538e+02 4.260166036176249948e-04 -3.942089598910012045e-03
2.666223715187477410e+02 6.619379543544025637e+02 2.408481466098840590e-03 4.183557256924764632e-04
1.238392562514937708e+03 2.874359353167681093e+02 -1.028774310222192734e-02 -2.075602674532229727e-02
6.928546570116984640e+02 3.927705144007766194e+02 1.029723902108866523e-01 -1.155532447509834554e-01
2.828397335765532716e+02 6.865589516074412586e+02 5.702710311942326728e-03 -1.889518567323459231e-03
2.763924149888143802e+02 5.286654707828585060e+02 2.482542167159759901e-03 1.314449552664950088e-02
2.271688685211937582e+02 2.961433608573283891e+02 -8.719585036080398921e-02 -2.694808602974332334e-01
2.407398502271942107e+02 7.361412324121089341e+02 6.582836231600178167e-03 -2.186887354457329666e-02
2.442700452571138214e+02 6.351205418908394904e+02 1.977419030314388540e-04 8.240356648810679340e-04
2.658592015178813881e+02 7.310481419626378283e+02 1.315762371060802925e-02 1.423339030801154884e-02
2.776302160204462552e+02 4.193194796621242517e+02 5.998091017449433404e-02 2.958502495754227191e-01
2.623042854401644490e+02 7.097930396676673581e+02 1.784963154425958437e-03 1.436877153414210621e-02
8.578269000704231075e+02 1.101836772661343502e+03 7.370638357671022677e-04 2.109161100174832860e-03
2.310788749534970066e+02 7.407429142025274587e+02 -1.010924893006291594e-03 1.224963412337026769e-02
2.478579527390866417e+02 6.276644826046859862e+02 2.884085333482687852e-03 -5.518863933945236840e-03
2.154054240279470207e+02 6.665302666711376105e+02 9.376757199870586548e-03 -6.526072391676676285e-03
7.156676037994797070e+02 8.773802722651195154e+02 5.791926839060354375e-03 1.978813937135233403e-03
2.501304900775431861e+02 6.170131675257866846e+02 2.218783182780331882e-03 7.731227208218664770e-03
2.358997733003951964e+02 6.278314062854822168e+02 -2.742210589069949203e-03 9.505612722444194834e-03
2.581295435700881171e+02 6.376911775436853986e+02 -4.749564731708791170e-03 -1.309875488181934909e-02
2.480781202448598322e+02 3.822251109813793164e+02 -9.934197367509160770e-02 -2.194737056326235281e-01
1.181853118454831474e+03 2.268906586577148516e+02 -6.114753294642099246e-04 1.436159324992929316e-02
9.959827769343894488e+02 2.322764707781340974e+02 1.169189660264475898e-02 1.467595672512617350e-03
1.085185830689834575e+03 2.034450256566561563e+02 -2.871678149687237336e-02 -7.320864924317739553e-02
1.164685568478581672e+03 3.501943482885944832e+02 1.062733170441797388e-02 -2.012257983816222867e-02
2.833188488166463799e+02 6.782509033402316163e+02 4.201111463006813873e-03 -1.006916582871844384e-03
9.219077641261003464e+02 8.425773868757332821e+02 2.936004233963513191e-02 1.133645307880998612e-02
1.235987136856035931e+03 2.778877465900361585e+02 5.473625551821266824e-03 -3.900894463379582771e-04
1.189417178481617611e+03 2.281472907946603073e+02 5.727810243946229382e-03 5.729188835397618779e-03
1.179946222293228175e+03 3.266123917622678618e+02 2.422754556712086726e-02 3.329088226176749737e-02
2.621701519437908132e+02 6.980693748673973005e+02 -2.087709704059338700e-03 -8.896749374955133585e-03
4.063245841753210925e+02 1.078426574804491793e+03 1.407870471110124477e-02 -3.185542897606883327e-03
1.084298687586071310e+03 3.155948986258762261e+02 -2.181008403542301077e-01 1.794387849590624584e-01
1.886108041489348466e+02 5.769734087135173013e+02 4.040301305397491958e-04 6.468220324038183658e-03
1.192252215582815779e+03 2.288050377465658300e+02 4.832697659547211498e-03 -9.047843556315359956e-03
1.242162647924998737e+03 3.263350443596055470e+02 3.059883736636970775e-01 1.331240001795006012e-01
2.313969641903187267e+02 6.281999361304953027e+02 -4.165711788658654768e-03 1.183118965234776152e-02
1.220969845685362088e+03 2.368963800728822378e+02 8.254998262181838242e-03 -2.567231762915669901e-02
2.467069322539741449e+02 6.932587825915080657e+02 1.090494323494682442e-02 -1.497233345955942003e-03
2.911593692848385331e+02 6.481426328350195263e+02 3.241370827988748239e-03 8.388524132718172890e-03
5.266647380027674217e+02 4.737356649837536224e+02 -1.599232502832081222e-03 -4.255421449058623302e-03
4.379385626905408344e+02 1.085165528632603355e+03 1.059470060728908954e-04 -2.183252083388633781e-03
1.155114513640987298e+03 3.694752074166227658e+02 8.978219768445035859e-03 2.735789191454855197e-03
2.702981843082250748e+02 6.383971004104126905e+02 1.830780789311399395e-03 2.053068092665497751e-02
1.186737555270983648e+03 3.366699366035327898e+02 -7.480202807172564063e-03 4.432152884508824137e-02
8.232701177128978998e+02 3.782238637743232630e+02 1.130984477889355501e-03 -2.416552909430224900e-03
1.001440326786551964e+03 8.654210102653250942e+02 -2.151311943012473599e-03 -1.820643147048729010e-02
2.285780649078713509e+02 6.886755680394564934e+02 5.877823892041303573e-03 4.510398509560983676e-04
9.270498286534149202e+02 8.655906730121597548e+02 3.611144034798959013e-02 9.441042417309669643e-03
1.248522373053149067e+03 3.084545566603430302e+02 1.021592980430453997e-02 9.848712377440800754e-04
1.110738385324758838e+03 1.859044258431827927e+02 4.299533358007556066e-02 3.794554924775859345e-02
3.022222127380682650e+02 5.349104192899022792e+02 -9.985024615431966136e-03 1.968224639466204136e-03
2.783350980544576032e+02 6.590168465428200761e+02 3.297342086696490246e-03 1.505567905138773801e-03
1.974580117053334334e+02 6.883108302099593629e+02 4.618043077555633591e-02 1.887311768845345850e-01
3.053737301546954654e+02 6.289496578145899548e+02 -7.677488726262528956e-03 6.871794323277493396e-04
1.052011991466872587e+03 1.867417362854639009e+02 -5.884485095449046299e-03 2.742681375586993649e-03
2.490539512478681274e+02 6.805306203964182714e+02 2.354836114031034090e-03 -3.357172668617439126e-02
2.429794102347287321e+02 3.921699172731413228e+02 -8.735693289064765110e-02 -3.024476043434881634e-01
2.452669948727242968e+02 6.137004293073824783e+02 -1.056669833633294003e-02 1.266901114307317970e-04
2.889035619421044885e+02 6.139597985367420279e+02 -3.015955443815825521e-03 3.244208845035921173e-03
1.649015896829680514e+02 5.763150935871070715e+02 -1.194287438778716126e-01 3.541921697979090455e-02
2.819734988050020661e+02 5.464816076404077876e+02 -4.841950476039001867e-03 -6.334552799122357067e-03
4.070805583612499845e+02 1.086438609502381496e+03 -3.045198151154285097e-03 -3.494908832061639336e-03
5.684121892188252332e+02 4.264835226479236212e+02 2.130498833130422057e-03 3.738729894893264190e-03
3.142239716217611090e+02 5.054080916271990986e+02 7.854546338790843046e-03 7.263806055592263687e-03
6.005623782674484801e+02 4.383013988487846291e+02 -1.126305114145551532e-02 -2.963427296606763184e-02
4.628710413418817780e+02 4.535120054254758202e+02 -2.269271202057534555e-03 1.278234836953436905e-02
2.941769553683404865e+02 6.052929199023268438e+02 -2.255672035073361462e-02 9.728869017024381269e-03
1.192569194503845210e+03 3.425900777134392001e+02 4.385669644199140889e-04 -1.063569584231919413e-02
3.125924506460985981e+02 4.980877942077906368e+02 -1.696127454715510088e-02 8.259262910866196558e-03
1.515051001980830847e+02 4.549908367164122183e+02 6.347399058371354938e-04 -7.693851292680783721e-04
8.170011288095651025e+02 3.356365558135701122e+02 7.058213365835984583e-03 -1.180003295415264428e-02
2.300579309781357153e+02 6.379747875506510582e+02 1.358072721785928000e-02 -1.240335900016330262e-02
2.806925687708068722e+02 5.144444167721650274e+02 1.494629554016208006e-02 3.339112766199887616e-01
1.266916665820046092e+03 2.599885273732228939e+02 -5.196878580030591527e-03 8.941224306065488278e-03
1.058032850790075145e+03 2.173340483396645197e+02 1.108841576679014430e-02 -6.008468711262602950e-03
9.414486655915790152e+02 8.509582719715122039e+02 -2.229986761703642642e-03 2.022416187871683025e-03
2.318638024811115486e+02 7.148713271411038477e+02 1.456698641120094274e-03 1.820335196927348742e-03
2.928189958227391685e+02 6.626633528955748034e+02 7.775966935294644292e-03 1.540174688012137943e-02
2.400909370944795569e+02 6.476530049581482444e+02 8.157849043879148582e-03 1.455285391281706427e-03
1.166316585527978759e+03 3.468316632765511827e+02 -1.714347579383396040e-03 5.149239232498462743e-02
1.020446900662174016e+03 1.690210580438338468e+02 -1.246522590966160221e-01 -1.551999504702756549e-01
1.062697302368138253e+03 2.224313317879757221e+02 -2.334122315278499282e-01 -2.162330548932569763e-01
1.203971982265483575e+03 2.021239469491256671e+02 1.542849517745978165e-02 -5.907820067210536007e-03
2.323627914699544306e+02 6.206762255724589750e+02 -7.505453395856082760e-03 3.256131649323149024e-02
1.211176145787522728e+03 2.788345776570624821e+02 2.889878704934852917e-03 8.919215327705275545e-03
2.498032449742948700e+02 6.498186713893303477e+02 -1.191663590171034709e-02 -2.599978572793205933e-02
1.035764520064617045e+03 2.543589275484856671e+02 3.389811696194222623e-02 1.888543082164048301e-02
1.009660775395476094e+03 8.371368520348563607e+02 9.784829139181678431e-04 3.944894518067800469e-03
3.240162885369611558e+02 4.807230965017304811e+02 -3.837828241376648971e-04 6.260067982460026763e-03
1.081902952849973417e+03 1.933377653906448757e+02 7.361000005040511940e-02 -5.681525548932921457e-03
3.005249030759038646e+02 5.766622186778038213e+02 1.160096373883892640e-02 -1.191717247220682634e-03
2.495661877271218430e+02 4.123319466677242531e+02 -9.967965049256291565e-02 -2.902111146302925881e-01
1.092289619874388336e+03 1.877789157191069194e+02 1.309885318215888751e-02 -2.854838026747210863e-02
9.877668925210394946e+02 8.742213382875082743e+02 7.131980628019341829e-03 -1.593401436839980700e-02
2.371643554260551809e+02 3.347039251398761053e+02 -4.986560378753779332e-02 -1.636826564088405822e-01
1.111987418986349667e+03 2.080826149265886613e+02 -2.236968822009909996e-03 1.009038221164247455e-02
2.872718364926356571e+02 6.638590066544263664e+02 5.283841573605013806e-04 1.259619048903797478e-03
7.614420673714397481e+02 3.950637112115239802e+02 2.731866502486890533e-03 9.961598730780165875e-03
3.109877113217585816e+02 4.887893345905731621e+02 7.047009869069423976e-03 1.677041135930028293e-02
2.462090950277015509e+02 6.675006671183688240e+02 -2.125553829860492197e-04 1.142762757248788966e-02
5.033708126736013355e+02 4.803169103940986133e+02 6.220991946949792385e-03 1.597532003092897585e-02
4.218630277960473904e+02 1.096774948281265324e+03 3.118729002813657933e-03 3.067897983891100088e-03
2.569444005431361688e+02 5.385070152175011344e+02 3.949857970838586280e-02 -2.595569303831192776e-01
1.155713411067973993e+03 3.337271427228645848e+02 -4.448166482643500785e-02 2.232311217685007884e-02
2.697682570719316004e+02 6.566293892790034761e+02 2.171815642265692570e-03 3.597469994531928873e-03
2.215462527637872654e+02 7.153946069040154043e+02 -1.851295843343984037e-03 1.056402075837558198e-04
1.024075458825689338e+03 8.675904192046339176e+02 -1.378744426703030178e-02 1.277808017573196266e-02
1.150343665551745971e+03 2.120303880669588068e+02 1.635650692124088071e-03 -4.325205979459062836e-03
2.881735102403235373e+02 5.986961879159709952e+02 -4.274452822827887188e-03 1.741723117022209557e-03
1.030311395032843393e+03 1.603020204453998474e+02 -4.175963380057150232e-03 2.759627460886691832e-04
1.241574678571769255e+03 2.740385193700490731e+02 -3.322887287057854633e-02 1.623185652864875955e-02
1.165058438196477937e+03 3.118442060372699984e+02 3.449451456126958471e-01 -3.579341222378204512e-02
4.768654134722902995e+02 4.858641001631565928e+02 -7.927383260080925632e-04 1.191656150113111398e-04
2.910160409386046467e+02 5.781803893906841267e+02 -4.433323065270970351e-03 -3.691874193707305341e-03
1.245223359818461404e+03 3.559335262853443282e+02 -1.407526603572189887e-02 1.488308020235884835e-02
2.771863656682145916e+02 6.745945698720069004e+02 3.137767673984574821e-03 -3.335950965388202391e-03
2.608912048188798849e+02 4.442284868830985829e+02 -2.027475983491981368e-02 -5.498206074963144507e-01
1.123841050070330994e+03 1.925542711941178595e+02 -4.839738027252418057e-02 6.705735817575492197e-02
1.170952307309030175e+03 2.535163230630055011e+02 -9.723527506477045237e-03 -2.107093881859766621e-02
1.103114585323338815e+03 2.315934579418023418e+02 -2.716861146154094311e-02 -9.271890994091393223e-02
2.228856389347433833e+02 6.837082748283814908e+02 -4.770503491799742146e-03 2.987343315142015551e-02
2.817490314202663058e+02 6.037955589441221491e+02 2.041163279313472443e-03 -9.834180649518922679e-03
2.892991762451757722e+02 5.884819671736559030e+02 -2.505219363145427119e-02 -2.135146457545029301e-03
2.736216936727245752e+02 4.263582830389163405e+02 5.267546891021124278e-02 2.917797284747158382e-01
2.316856289332187941e+02 7.234440119452510771e+02 8.705910389155048111e-04 -1.222325798820329129e-02
1.235390858500269132e+03 1.336577490427205817e+02 -2.062677841604904864e-03 4.421376439192290474e-03
2.288448108156547391e+02 5.756062416293610795e+02 -7.339825343664942159e-02 8.705605637845735545e-02
2.648939885337183000e+02 5.603715329118061845e+02 -3.062690022827688902e-02 3.270594432808053287e-01
2.111998509130646084e+02 6.833366380005631981e+02 -8.847008376958478276e-03 7.041101508168189083e-02
1.226595527341456545e+03 1.498060057723307636e+02 -5.674234620237887314e-03 3.924398878610017155e-03
4.169533090548410996e+02 1.095026019125477660e+03 1.731694683810631585e-03 5.622690083377579646e-03
1.014629570701813918e+03 1.662419072931827202e+02 -3.813794134671162801e-03 -3.797982991929556990e-02
2.578144332079800165e+02 4.264297749321285096e+02 -5.883755502928930681e-02 -2.972416060656401515e-01
7.203659673434035540e+02 9.219411661797636270e+02 -1.939655162085264159e-02 3.733250400758980625e-02
2.426834371014696785e+02 3.655941816940815556e+02 -7.349176991165493056e-02 -1.428869737756447711e-01
2.469591830765094187e+02 3.861849722051334766e+02 -4.188857048052285065e-02 -2.254928413850620927e-01
2.206251992484606035e+02 7.084336299144325721e+02 -8.668700705040671564e-04 2.087136876070871949e-03
1.178540173501655090e+03 1.913139785587734423e+02 4.194564802327305740e-03 -2.180128883067916634e-02
2.252072548201169297e+02 3.248319399507842036e+02 -2.066147671810159014e-02 -1.361926770999331848e-01
3.062673039483321986e+02 4.915564120540668682e+02 1.752034348596837997e-03 -3.412005481665107611e-03
1.028915713086370260e+03 2.968294886911502886e+02 -5.324172143220926067e-04 -3.964434534386309696e-03
2.491800968524308928e+02 5.340352534850449047e+02 2.801772203432670305e-02 -2.541894468873401314e-01
1.130623838352458733e+03 3.410096958201078223e+02 7.328413131618968313e-04 -3.622437032262977932e-03
1.206863801706491131e+03 2.379141303774101175e+02 -1.278909059924174425e-02 1.840807739467795537e-02
2.982224577897751487e+02 5.639553056094734984e+02 1.211524752417605238e-02 3.761968559878017815e-02
1.563122354435182899e+02 4.832595363648295006e+02 -2.500297124301026908e-01 -3.874038694487855761e-01
1.167711516867041382e+03 3.202657325425293493e+02 2.891107675772542837e-02 3.084254400521680220e-02
1.000609936472746995e+03 1.915584367002675776e+02 -7.333945550673397207e-02 -9.447037137194129464e-02
2.857006050120089640e+02 6.291420981462271129e+02 -1.603105755870530731e-03 -2.833420145316042742e-03
2.298877205686468699e+02 5.848918088345512842e+02 8.919968632820016174e-02 -4.841483095368506739e-02
2.557819053308071773e+02 3.752157211328873814e+02 6.191136572980913272e-02 1.874690474511138127e-01
2.745848218198844393e+02 3.857653119212800448e+02 6.373756117571445501e-02 2.396719112249968975e-01
1.010854123061250561e+03 2.552321402538951531e+02 -9.955465525869237192e-03 -5.692043485872278104e-03
2.649550434944472386e+02 4.777549536937619905e+02 6.561708482425979150e-02 -4.825146929296518783e-01
2.582866945771799578e+02 4.171471108069799243e+02 -1.064956141299909786e-01 -2.936172640186608396e-01
2.876385641276534102e+02 6.512308172574653327e+02 4.030452012986220187e-04 1.446289019387978977e-02
2.616179528266440002e+02 7.063657170016198279e+02 5.178676758177543429e-03 1.640211191456480977e-02
1.151960875949842148e+03 2.294432920080429881e+02 -3.029877697169224698e-02 8.431092816736471263e-02
3.221211122905142474e+02 5.504522665216513815e+02 -1.117212414060147086e-03 -4.580336457374779716e-04
2.201772907355569089e+02 6.944481767934086065e+02 -2.537449808342146906e-03 -1.952220920493841260e-03
1.494392466821851997e+02 5.236383834681729468e+02 2.877408012214926689e-02 7.109072802404850511e-02
1.032013484259520055e+03 2.171959998344616736e+02 -9.267506623656333875e-02 -1.429422881459965489e-01
2.619079212293058845e+02 4.914145332861946827e+02 9.259878155373033048e-02 -4.472112059872228595e-01
1.235658372447771171e+03 3.998271745581920982e+02 -4.638909275248950456e-03 7.760890530444202774e-03
1.126799432420484663e+03 2.397985715552690067e+02 -1.671008304551923132e-02 1.430302658626386378e-02
5.173162107560377763e+02 4.821506084607392495e+02 7.635627092190813876e-03 1.400504582747571190e-02
1.146422849398394874e+03 2.205600776361578426e+02 -5.699435218755049756e-03 3.124786776226355384e-03
2.526951787317168225e+02 5.617129620916455224e+02 1.716343995302980208e-01 -1.793513050362410266e-01
1.113131770929536060e+03 1.983343376209378448e+02 5.815855900561139880e-02 8.840659361767663413e-03
2.778309985785069216e+02 5.016416810709757783e+02 -5.538628207437685386e-02 3.163754601410083134e-01
2.399014894339095463e+02 3.456762051990211830e+02 -3.650643198030741748e-02 -1.813186291561057206e-01
2.041354875669363196e+02 6.897008633858793019e+02 -6.241263399314535797e-03 -1.593981958440211441e-02
2.434039847419546163e+02 6.960795315825949956e+02 -2.374635887994488645e-02 -4.699112999966729987e-02
1.132784695612186397e+03 2.244027927791745469e+02 -5.298078969039268435e-03 1.174634399510377132e-02
1.036468102074617491e+03 2.868302144660759723e+02 -9.284611808080886833e-03 3.821491360824916250e-02
2.903280154585870036e+02 5.634168104642998287e+02 2.294450863283456401e-03 9.440258927110456444e-02
2.446800855184990269e+02 5.419580869214953509e+02 1.785481585399691096e-02 -2.840356828710749459e-01
1.102517237589956721e+03 2.017640787946970136e+02 9.821586753319160729e-03 6.007578100999105830e-02
3.176504208984671891e+02 5.351440686104132283e+02 -1.569072221326056789e-03 -4.478603823238448169e-03
6.522000647741672310e+02 5.222723789854159122e+02 -3.849170450738562815e-02 1.861176027723913384e-01
1.869571470955991117e+02 5.353711290739793185e+02 -1.969631658639869887e-01 -3.479651713703862392e-01
1.244553011867172245e+03 2.937318464268394678e+02 -2.238484970374622976e-02 9.223381714977815782e-03
1.172162066903187906e+03 2.293694722560107380e+02 6.343886567198958604e-02 -1.562243371108054113e-01
9.752953616127914529e+02 8.556653926868962117e+02 1.089675972833663471e-02 2.953499611545330489e-03
7.062891254183105048e+02 5.830235442175896878e+02 -1.044123661681804066e-03 2.500002118094385700e-03
2.504266804914596776e+02 4.004239222631113648e+02 -1.150262718206038620e-01 -2.566751531941230402e-01
1.871697869605224867e+02 6.666286103723385850e+02 -1.713048333224851116e-01 3.267889516882770407e-01
2.668747492638027552e+02 5.710500296239368936e+02 -1.846067539155804918e-02 3.386549835243685691e-01
8.287278626159932173e+02 3.924396695474987951e+02 1.624806664022069441e-03 -8.308196066963372678e-03
1.116797394351577850e+03 2.364524007807963812e+02 1.426659882765243977e-02 -1.235849016758085693e-02
2.468624277607176225e+02 3.467421089560235714e+02 5.287537177105881836e-02 1.819842919081596233e-01
1.190893886344304065e+03 1.831884632069319139e+02 6.508733237731324263e-03 1.094351048494042467e-02
2.451543209141559316e+02 6.830998216934793845e+02 -4.096057113485477262e-03 -2.070067219596248825e-03
1.125350259345894528e+03 2.235741707239264713e+02 -1.522810784801846909e-02 2.244530549697062657e-02
8.816573970613660549e+02 1.100594114808757013e+03 -1.571842843376732978e-04 6.775722953881257267e-04
2.546043440897123276e+02 3.557917497940117642e+02 4.825694349740376754e-02 1.864513255735675001e-01
1.149107355819483701e+03 2.464158280978182347e+02 -6.138257814242960644e-03 1.161048839713519319e-02
2.707561217304073580e+02 3.646050062001145875e+02 1.266110447793312999e-01 3.000362373329737431e-01
2.914747496888127216e+02 4.525622604173976811e+02 7.072946335167593079e-02 3.199062128304193120e-01
5.513295081211912247e+02 5.245454160912025827e+02 -1.847804559155078775e-03 1.538180516160429084e-02
1.427580586375157736e+02 3.913174882132022958e+02 -7.332511018320798544e-04 -4.634820762667927509e-03
1.038533770890651567e+03 2.377169594205448107e+02 -2.854096591589419529e-01 1.647964799542844111e-02
2.405087426744095751e+02 6.811001372970068815e+02 1.748371741499140384e-03 7.353667911586691912e-03
2.402882337954395382e+02 5.859899145445514250e+02 9.778277801144037717e-02 -1.642962539267939781e-01
5.110621392526131785e+02 4.546450527591431410e+02 -1.811634322709688646e-02 -1.620551984328385403e-02
2.691222611256653181e+02 5.370993235339690273e+02 -7.851087758248330439e-02 3.018239182416259103e-01
1.202026856116970293e+03 2.980743490525013044e+02 3.347880580562321295e-01 -2.387885620394757449e-02
2.819973958140712966e+02 5.410576516784442447e+02 3.769606059910245817e-04 8.452350351236904979e-03
1.128337308287375436e+03 2.235165480537681901e+02 -6.126318593361823606e-02 8.128638934802591420e-02
1.801276759445453308e+02 5.532324960381741903e+02 -2.615946748095143715e-01 -3.143911997166433658e-01
1.903348318333598570e+02 5.588884782979821466e+02 -1.246209634422670992e-01 -3.273355667502568789e-01
1.060544749943872148e+03 2.988603198470997881e+02 -9.251220103364949515e-03 -3.555997892120369309e-03
1.351103390358536899e+03 2.612923642869644709e+02 -1.588860256385424329e-04 -7.062401536304020342e-04
2.567022981017459529e+02 5.579739631038929701e+02 5.529978003882586590e-02 -2.255426197720966641e-01
1.020322620081983132e+03 8.606772115763358215e+02 6.475991020708830870e-03 -5.550993959847648138e-03
1.080287268382537832e+03 1.601542775735193516e+02 2.077993599529898150e-02 -1.626896362714795596e-02
1.048070765071937558e+03 1.739827553113913154e+02 1.091411464059128394e-02 -1.593961686900499317e-02
1.253541904475727279e+03 3.033710815405883636e+02 2.720002888173610623e-03 -3.591620768441199357e-04
2.521703154006052046e+02 3.452820399713410211e+02 4.683236600054511978e-02 1.837218703275323162e-01
2.329863529653753176e+02 5.807148690349052913e+02 1.243344879887351151e-01 -1.710997987199035231e-01
1.137218375177482585e+03 2.297046808195703704e+02 2.514027060633812483e-03 -1.893133293825988508e-02
2.440832224276362865e+02 5.661284732808630906e+02 8.790286949708939201e-02 -6.677652645849450896e-02
1.113157863899847825e+03 3.582380458917725718e+02 9.310918914327137585e-02 4.529198043005511765e-01
1.776217916768939915e+02 5.697020068627658702e+02 -2.084384319535174598e-02 1.791404293487180305e-02
2.011305539770663415e+02 5.590182432422141119e+02 3.284994763152406655e-02 -3.312785986219879408e-01
9.692986493568391779e+02 8.840476466307919736e+02 -2.440952293033777937e-03 -5.705839378072929177e-04
2.726036838125527311e+02 6.547312575602287552e+02 1.379770054219115524e-03 4.725865253137703607e-03
3.247475464673693182e+02 1.056498916161710895e+03 1.942734465206675046e-02 3.229630273089430931e-02
2.431508940539326886e+02 7.220680969359460732e+02 4.244986633124210249e-03 1.435515597740329077e-03
5.731959358709721073e+02 4.764436547372646373e+02 -1.386781831248335480e-03 2.764123866528068324e-03
1.170441131026664607e+03 1.954029045522285912e+02 3.235934928087240946e-03 3.001176373890030412e-03
2.691924113556500515e+02 5.215610697327953176e+02 -1.128149482290363298e-01 2.681660771667364607e-01
4.911988786265651470e+02 4.639765258053257071e+02 -2.057718014388530345e-03 1.224046505613292542e-02
8.062891780546665359e+02 8.765444848447762070e+02 7.149363222287328894e-03 8.438416416032004869e-04
2.363188300472521064e+02 6.159654415643221910e+02 -1.210298324581862532e-02 3.000057227167966453e-02
8.319497226163867936e+02 3.185144247574457950e+02 1.519065830216457559e-02 7.093807794350064609e-03
1.118308050358941045e+03 1.890868554819034841e+02 4.479448257274325218e-02 4.316517996345183711e-02
9.973704052750343862e+02 2.169254914921442889e+02 1.245459934391262083e-02 1.993247484076427628e-02
1.185082566156009989e+03 3.096195166582579077e+02 3.421243117335516226e-01 -8.130224665324314870e-02
2.484591656176768311e+02 3.569461978379102334e+02 5.158582651977730582e-02 2.201077677311713554e-01
1.126750348928459744e+03 2.154160466630878830e+02 2.779797713799888638e-03 1.703572547337629806e-02
3.185124152383208980e+02 1.063336968370567774e+03 1.405851725799027625e-02 1.314750679920741704e-02
1.025462645057558802e+03 1.688592924931850234e+02 1.830559868735893297e-02 2.661409737208491472e-02
1.037834020896934135e+03 1.738486883291350011e+02 -1.093075342435954021e-02 2.920778033903123280e-02
2.636279475961995900e+02 3.448411795719446218e+02 5.480127463737188842e-02 2.274420902838340530e-01
1.006545994596231026e+03 1.979561784624423524e+02 -7.145928412073614122e-02 -1.572405459394095664e-02
1.045126825361984629e+03 2.569299513094048280e+02 -6.434558767010133302e-03 -3.577739818346477307e-02
1.180603799038273337e+03 2.447491231941907017e+02 1.100400420929449619e-02 1.216238837928425992e-02
2.028342092619060679e+02 5.807477993038454542e+02 8.774469914415376770e-02 -1.906563451289036704e-01
1.204170031951297005e+03 2.775544062535691978e+02 4.018649539283173679e-03 -1.965915455943586382e-02
1.171382303484178919e+03 2.248545213745055094e+02 2.903641026500511195e-03 -3.382397192718871771e-03
1.058613561440639387e+03 2.910529108266933918e+02 -4.600607151326468330e-03 6.875249490737006530e-03
2.575001282816166395e+02 3.389599017448732070e+02 5.582169108426551091e-02 1.891395188005719763e-01
1.225108080494625483e+03 3.300623969659447994e+02 7.484236612495211681e-03 8.145649981136136863e-02
7.694054577273023199e+01 3.201238956994350247e+02 -3.695273814091813280e-03 3.667361743138335822e-02
1.025069266442321805e+03 2.435736943006087074e+02 -3.751180420511103595e-03 -3.077473528343892262e-02
2.411872288605646304e+02 7.042155688399246856e+02 7.971380429950439966e-03 6.665520262235941594e-03
3.870516302089078522e+02 1.085595968378090674e+03 -3.633576300951393834e-02 -2.256544254743794720e-02
9.620447202434663723e+02 8.693162977850649895e+02 8.101198880780483697e-03 1.351507561492884578e-03
9.826643384871777016e+02 2.030979984686329658e+02 -2.912419424158898401e-02 5.333349458986377106e-02
9.926881254109969177e+02 1.962219426845861108e+02 -1.352826334675345278e-02 1.895534188859068075e-02
1.113236947839083086e+03 1.816957530257766393e+02 2.654096146160879119e-02 8.529609335830616590e-02
1.160276924098838435e+03 1.699083614451694473e+02 -2.144419756265087545e-02 1.163605088658409802e-02
1.067927731400998937e+03 1.655231733033197656e+02 1.042671450672384183e-02 1.131464865934425114e-02
2.467176706120341976e+02 3.353506149586443144e+02 5.248171072095276363e-02 1.972167803866057556e-01
1.036473207665618247e+03 2.931251445377593541e+02 -1.371293828696892037e-01 1.694240555083950106e-01
2.547096524636590402e+02 7.028133234565978000e+02 -8.198204372492887181e-04 4.484065759471593873e-03
9.721054400543664542e+02 8.295407597735409126e+02 1.037274691654403898e-02 -6.813920177973663804e-03
1.054780721956435855e+03 2.102871923811121349e+02 -1.675195472424763909e-01 -1.250288576731748980e-01
1.954442740138818237e+02 6.050229711912460289e+02 1.039748985398465109e-01 -1.983854923303361162e-01
2.771875038256794141e+02 6.388852707491319052e+02 -1.437905551515789157e-03 7.558221315117398705e-03
1.159176077549281899e+03 2.464681316222933276e+02 5.994988996244411325e-03 -1.043122789046702949e-02
3.140996338990535151e+02 4.713593147953522475e+02 -2.302254093777800301e-03 -9.163105913654759002e-03
1.082799123766664934e+03 2.908353321535836926e+02 3.084547810592517050e-02 -7.953325461832633225e-02
1.096417256606318006e+03 1.728295542604419950e+02 1.915069597986426841e-02 2.079834950850065894e-02
1.132845823977873124e+03 3.530205812541501018e+02 -5.672536310704786276e-03 2.216007628146824185e-02
2.241098416164903711e+02 6.579252551007139118e+02 -1.397888880454797086e-03 -5.617750704480854208e-03
1.106278168947145787e+03 2.181706075467897108e+02 -1.284537494860943721e-02 1.277102368350772899e-02
2.386057595743268394e+02 6.623928233908643506e+02 4.343186841326049374e-03 6.553136697747694028e-03
1.044469667932680977e+03 1.818383206921106137e+02 3.683569405123730822e-03 4.190348250960601248e-03
2.582754734709213267e+02 3.314832402621389065e+02 5.551636041802580218e-02 2.139065396672782393e-01
4.635077968735243985e+02 3.927072117304749099e+02 -3.179361078590016779e-04 -4.195044701670874737e-05
1.262537099666551512e+03 3.895342528055107323e+02 -5.317812412473844896e-03 1.063740844729114260e-02
2.091709556128561474e+02 5.312563400865807353e+02 1.968581091886482115e-01 2.980441806918494585e-01
1.182887990545965295e+03 1.841282612617511631e+02 1.670915231470374148e-03 9.130549060897703503e-03
1.146177121219983064e+03 3.274613014998822109e+02 5.820168955763097701e-02 3.414473027849021514e-02
3.694913481218794686e+02 1.046483424236512519e+03 4.066907383493443412e-02 2.079612654367815269e-02
2.506141894637332825e+02 6.983696219877886051e+02 -3.287393633206028842e-03 2.196643664669773940e-03
2.004842572148242539e+02 6.050819325121573229e+02 1.022748668331923405e-01 -1.666929795713771867e-01
1.180783911181790472e+03 2.165475741601998436e+02 -7.833211893521275712e-03 4.343419671189371715e-03
2.664266652629383429e+02 6.777911511677566523e+02 1.190947403869930567e-02 1.071432434654489424e-02
1.186333785239922918e+03 2.936335504750636574e+02 3.757931030844868792e-01 -6.165345576781613296e-02
1.167328884601771961e+03 1.893805448099934665e+02 -1.215086213142508274e-02 1.172397855701757564e-02
1.083893053267076539e+03 2.188178463944961152e+02 -4.328043833160480011e-03 1.358257421514091033e-02
1.174033904592196677e+03 1.683201263569036144e+02 3.825253144294596397e-02 -3.709525918950835888e-02
1.080730641058549281e+03 2.071995963931355504e+02 -9.548030372410955258e-03 -4.929925463001874619e-03
1.166274859562827032e+03 2.446950433736029140e+02 -5.944285337012716885e-03 -2.599553702398596511e-02
1.078078899561708795e+03 2.407837918473207139e+02 -3.750232225500165217e-01 -1.142662983470483923e-01
1.901008882853976445e+02 6.051830440659297210e+02 1.127328474415545539e-01 -2.246174463796644927e-01
2.242666689513416429e+02 5.637898508393511747e+02 -1.663388686533205096e-01 2.913263028565887813e-01
2.605334059972606155e+02 6.197740465151176750e+02 -7.742108313327054556e-03 1.279293749438702339e-02
1.191135974928434052e+03 3.172223415653227789e+02 6.829827450531068822e-02 -1.622820956655820004e-02
2.523214965571335426e+02 3.302352062984592749e+02 6.065300744713294362e-02 2.111923549389483068e-01
3.688442405358129008e+02 5.182594933783575470e+02 -6.770437048668225726e-04 7.995838115961629742e-04
1.223325939219317206e+03 3.492483832332736142e+02 -6.905047887821548144e-03 1.181137534140902154e-02
2.828188085811913766e+02 4.956157979404649723e+02 -6.983281407275229724e-02 2.968670156528793180e-01
2.958298201750500880e+02 5.018031636799228181e+02 -8.205132859084097660e-03 1.600574441252067964e-02
3.092683389291091771e+02 6.019290800076452115e+02 -1.429327819861125372e-02 -9.733789105574500817e-04
2.286675324546590105e+02 6.024113795730354468e+02 2.503021098507940412e-01 -2.571730476802337462e-01
9.951477037850731904e+02 1.788508458431227268e+02 1.221245399362672207e-01 1.823904392421099238e-02
1.086546940753699346e+03 2.290839953575689663e+02 -3.224517821894379993e-02 2.353369562749179841e-02
2.625102412148049211e+02 4.045315171290935155e+02 5.384469523514634481e-02 2.510873825389334235e-01
2.875242598988929217e+02 5.250688323556594241e+02 2.813516049652189585e-02 3.811813067001595390e-01
1.139431385637731182e+03 3.386519013839977106e+02 3.557037627941027347e-02 -2.345674040070335614e-02
1.621476440021150722e+02 4.802333565690649380e+02 -2.741256327506810808e-01 -3.875261910556143663e-01
1.982932902093571101e+02 6.606856643329492726e+02 -1.326600661143568227e-01 2.765686969661745320e-01
1.859137426723695796e+02 6.013215172578600232e+02 8.912464814121456858e-02 -2.014629641791638170e-01
1.193055153415292352e+03 2.436243621676308919e+02 -8.574241141672029817e-03 -8.474696443310749533e-03
1.160349796459353684e+03 1.987174685844197199e+02 5.620409301717709666e-04 -3.550335523723086115e-03
2.564244389647040521e+02 3.218735915030108004e+02 4.220467255083860253e-02 2.030617583648272051e-01
1.111573955367740155e+03 2.618117256002374802e+02 1.466504064054167389e-01 2.295986147120056553e-01
1.400692813809764061e+02 3.894856198747140184e+02 1.510568077938022682e-03 1.856491052664485230e-03
1.211049770883501878e+03 2.432388986237521067e+02 -1.568631014758763501e-02 2.048106336306601202e-02
2.620080034043622277e+02 5.373570147555490166e+02 -7.353961226045491184e-02 3.253147225990893898e-01
1.018202435707907966e+03 2.096888895061822211e+02 -7.394308220052427105e-02 -1.864045015881335976e-01
2.198528285178674082e+02 6.990243107997456491e+02 -8.354827050670331212e-03 1.424659860367795579e-02
1.200171558633760242e+03 3.156249313745931317e+02 1.060101306599592341e-01 -5.117020822065835445e-02
1.084892883138893922e+03 1.792181172062335861e+02 1.391249440511913189e-02 -1.246303413522622042e-02
1.202500424011225732e+03 2.678955677613202511e+02 -8.244520708675475481e-04 -7.389292756034920862e-03
2.118538159299955339e+02 5.948538787637659198e+02 1.602659938048277832e-01 -2.932429900209415075e-01
5.212609333483351293e+02 5.333010904989394021e+02 -1.188159729397149540e-02 3.258596536173820508e-03
1.092559783554603882e+03 1.630026201486534205e+02 -2.043368374448519681e-02 4.796067333136627697e-02
1.136441167662300359e+03 2.891023379238926623e+02 8.753551024435435313e-02 1.991787991952339021e-01
2.372113112993635013e+02 6.399876034335821942e+02 -2.286558641726109484e-03 1.805257923497085443e-03
1.174646260133248688e+03 3.421938301315155968e+02 -8.431386715915999142e-03 4.450688543187704405e-02
2.805352284869341020e+02 6.924988027295785287e+02 -6.681168902662306362e-03 -1.227990438279687006e-02
1.134022810771516788e+03 1.827668237527500992e+02 -1.420971474085535625e-03 5.890802230209033798e-03
1.053440527436150660e+03 2.470129418008710047e+02 -6.791754552110018661e-02 -1.397694064237950395e-01
3.043831482772504273e+02 4.607983432310020362e+02 -1.375007000627244402e-02 2.440150875329526528e-02
2.516045929178723952e+02 3.176695676497831187e+02 4.563492144461436806e-02 1.974337511523289734e-01
2.725042431479419633e+02 6.794865529840091085e+02 1.050148519112331126e-02 9.461709849054584023e-03
1.119872897935282708e+03 3.204091015895943997e+02 -5.871829628140763646e-03 2.939303988840225035e-02
3.123006496307123143e+02 5.233072945048270412e+02 1.100586549714163698e-02 9.764968236720393893e-03
7.895143618108021428e+02 4.002735183600707387e+02 -1.320458199869799405e-02 1.429719258457246012e-02
1.058228062879984691e+03 1.924702936104776256e+02 1.761844350409260676e-03 5.108199524923998265e-03
1.056798131114736634e+03 2.054285706671047649e+02 -1.361127911666086814e-04 2.288552540104439939e-02
1.032798846863374138e+03 2.296563628694323995e+02 -8.676644127745201940e-02 -1.849777084671012650e-01
2.403956335723088102e+02 3.213774215619353072e+02 4.790001247520020433e-02 2.069628350911262571e-01
1.155576601073200663e+03 3.585715133245843163e+02 -7.974610555490948410e-03 1.565055660836041015e-02
1.214361963963943481e+03 2.283186855926662417e+02 -1.754595827380831322e-02 -8.577257128584475990e-03
1.048793883656823709e+03 2.241923471600996720e+02 2.189226659515209616e-01 1.632728487361807257e-01
1.124407908646227042e+03 1.801250281214176709e+02 8.089216048279689042e-03 -4.427049910507484254e-02
1.183045622478987980e+03 2.332393397835467681e+02 -2.012491874256288390e-03 6.992998373294880519e-03
1.010650989549779069e+03 2.095393272787586625e+02 -5.156775644283387305e-02 -1.125519379588503927e-01
1.169794824967733803e+03 3.020107915386020068e+02 3.379583994478955189e-01 -3.779323097469702158e-02
2.217086173803527345e+02 6.107095307131799018e+02 2.867633513281135360e-01 -3.461682982600970404e-01
1.002023761891976164e+03 2.066788960110985158e+02 2.142069424006998526e-02 1.252658746108879506e-01
1.122519613567562374e+03 1.783777087639154217e+02 -2.266670071663377459e-02 2.974458319311684001e-02
1.026692999748463308e+03 2.671595802070344803e+02 3.359754139813111670e-04 4.809355823607744038e-03
1.138261476886221089e+03 2.981497580141704020e+02 1.022862675162408419e-01 1.954224035378109015e-01
2.469679962718173272e+02 6.066381043953103926e+02 -4.287462976800852227e-02 6.172297003839314483e-02
1.166894053592690852e+03 2.876094266272811524e+02 3.823400256980320489e-01 -1.426983311994673986e-01
1.107004831163049630e+03 2.983947640210748204e+02 1.115761989666216453e-01 2.735686350008991741e-01
2.719596684986648256e+02 4.126886968121353902e+02 6.500610494696174024e-02 2.765975426040327978e-01
1.065032361653267571e+03 1.612088421515510674e+02 1.120669723551496744e-01 -5.422483600740423543e-02
1.036374293468184533e+03 2.366986191981635272e+02 -1.244884915794487040e-01 -1.488963479523683631e-01
1.004215832774753949e+03 1.822852168540451601e+02 9.562861236719806535e-02 1.219295009533051116e-01
1.076673736950139300e+03 1.865658750003297826e+02 -1.675404760380663077e-02 5.868812997059278183e-03
1.182195182558167062e+03 3.022372666269722572e+02 3.799723535904007687e-01 -9.202732279267464288e-02
2.552594017476531292e+02 6.712736979069039762e+02 1.056318676337851493e-03 2.921755486768503815e-03
9.886931848910027156e+02 2.265240581138709501e+02 -6.338232652598601961e-03 -4.296000398909708773e-04
8.262904560468555246e+02 3.363267375611562215e+02 -9.077339813462224904e-03 -6.908421979310693179e-04
1.077496824479215775e+03 3.112466244829781203e+02 -1.579380955634513972e-01 1.653426129956312718e-01
2.899722956360425883e+02 6.702207860037235605e+02 8.275396531111804460e-04 -3.433073950406093262e-03
1.015895380790431318e+03 1.850798632108975426e+02 1.511585260874235004e-01 1.648829285819514712e-01
2.601228473106131105e+02 3.304132044076708326e+02 4.980079457686516914e-02 2.087462911764678963e-01
2.403472963760786456e+02 6.926101996726396237e+02 -2.483770800827840401e-03 -1.426069193289459733e-02
1.001207508217459917e+03 2.167872746513481843e+02 -9.072934455955441319e-03 7.932925749394774059e-03
4.701888987745468853e+02 9.417521442437064252e+02 8.941950697662111726e-05 1.056262666211431160e-03
9.990073221281481892e+02 2.412048860758880835e+02 -1.463652108178970304e-03 -6.346758424006066455e-03
1.086717713704954576e+03 3.406924602529654180e+02 8.582392126025314635e-03 -8.373499581230224934e-03
1.966571920323221718e+02 6.317053305345242507e+02 1.371043294810684876e-01 -1.966751223648347813e-01
1.110599693242013700e+03 2.928284778512681896e+02 -1.837174707771638271e-01 5.000497194119683797e-02
1.216603986511543781e+03 3.288507752931814707e+02 1.421012307809187310e-02 -1.046512241748418469e-02
1.196272254367902406e+03 3.581190168625821570e+02 7.202837773795433890e-04 -2.599656713931552000e-03
1.257098992017392220e+03 3.933928061470847410e+02 -5.385023169789953865e-03 6.780860038743570517e-03
2.571754856780539171e+02 7.149211391244340348e+02 -3.000661346767615444e-03 1.225664609584967320e-02
1.100326945328995407e+03 2.861419860932109600e+02 2.247869160295756508e-01 2.855076346596318038e-01
1.281208517345931341e+03 3.711529612611614652e+02 -4.965526487510059719e-03 -1.981518999229315778e-02
1.137868005706010308e+03 1.653149272727732182e+02 6.505629911615608274e-02 -8.011182615614596131e-03
1.199425843874632847e+03 3.754674969284862982e+02 -5.598599096235222158e-03 6.599760616088677992e-03
1.026251954880783842e+03 8.601882471782872699e+02 -7.991628721507224378e-03 2.352891571463192749e-02
5.297171541287630134e+02 4.827192521489140518e+02 -2.085819256305764674e-02 2.330992717757021399e-03
2.538960344783450012e+02 5.943312678616323410e+02 -2.942433345344486889e-02 6.732530411829321104e-02
2.192783609589487526e+02 7.411414759125555065e+02 4.191837965025921493e-03 4.389012804203462799e-03
1.041019646312070790e+03 1.784824423533668778e+02 4.395134196970907660e-03 -9.414960833958678152e-03
1.198693263132395487e+03 2.235998949890493748e+02 3.806119674004548870e-02 4.021058823656289104e-03
7.928110507322672902e+02 3.681604905482826098e+02 -5.582486319490901835e-03 7.236100019594736941e-03
1.163502484833721383e+03 2.341942144593829482e+02 1.089070807791917049e-03 2.070794481521896074e-03
1.137995298716792377e+03 2.240923617362248592e+02 2.459054259647792950e-02 -8.507448038419017020e-03
2.398234247751914268e+02 3.101164771865344392e+02 6.046100446393984362e-02 1.828289537576272827e-01
2.803796183666553929e+02 4.062809061352236313e+02 5.838559489787973483e-02 2.599873981512195731e-01
1.124691797219830960e+03 2.369129151366169594e+02 1.584299651578998519e-02 -5.578901125016054452e-02
8.206992256746747216e+02 3.208715205370046988e+02 2.757272499496427054e-02 -9.880272941448553503e-02
1.139509662081340139e+03 2.475750101569617243e+02 9.249993178535547214e-03 2.463222709396724330e-02
1.190209657705880090e+03 2.850626702509542270e+02 -1.448243661698233112e-02 4.038949468698918230e-03
1.212504794964230541e+03 2.273702986181481833e+02 -6.575470299405495982e-03 1.073297489232103406e-02
1.138499372039466834e+03 1.895430182372345485e+02 1.762329681840506777e-03 -6.163186199842411034e-03
1.210931608948684243e+03 3.139905684350854926e+02 3.965926871969016054e-01 7.703229356259541638e-02
1.228318373888378801e+03 3.573399147692028350e+02 2.755175351787986920e-02 -3.272631565511850693e-02
1.268207313764387209e+03 3.443087780409720153e+02 -2.347380111443816419e-01 -5.874326927241804719e-02
9.786434648654400235e+02 1.886144120674604210e+02 -9.885040674580613043e-03 3.196134433809312558e-02
2.312257230428555488e+02 3.067024368467888848e+02 -3.446621336307163774e-02 -2.378942104159850468e-01
1.097417936947588487e+03 2.927766387162008073e+02 2.781953866046325552e-01 1.997408854288405811e-01
2.125712105108527510e+02 6.272285070042618145e+02 2.814246685891307331e-01 -3.512071901770979498e-01
8.292412338698186147e+01 3.357397066435641477e+02 -3.342040426699127969e-03 2.785262120023549587e-02
2.437664824418750129e+02 3.086250212592135540e+02 4.896196537357936501e-02 1.958423720320577599e-01
1.899546989208931791e+02 5.072588795126768559e+02 2.420697739587408248e-01 3.766483386804376221e-01
1.167537562030941444e+03 3.324261606475953386e+02 2.307512107141870827e-02 7.346907504452561931e-03
2.703282527455424997e+02 6.848178730742334892e+02 1.028519061886563196e-02 1.996182549523252067e-02
2.801384609162442985e+02 4.608768658735590407e+02 4.518137891476454310e-02 3.511584181933634086e-01
2.488020329113205094e+02 5.759712195940905985e+02 1.351238921660013192e-01 -1.348567469262056118e-01
2.456852966693094515e+02 5.923918494510220398e+02 -5.600746640498591167e-02 6.556844372055546655e-02
1.095233660081052676e+03 2.314365399694381438e+02 -5.637293685610376970e-02 1.148138181225616811e-01
1.067492310174589647e+03 2.228701325275863212e+02 -2.273709226992605692e-01 -1.443429990271986041e-01
2.518459100486094826e+02 6.397909233017865063e+02 5.823198917747360662e-03 -1.026861578475628776e-02
2.636816549252188793e+02 6.074446344981325865e+02 1.788564616703351500e-04 6.635392994042484983e-03
1.153997285385999021e+03 2.427433066725135973e+02 7.956434931325020651e-03 -6.442360449547947752e-03
1.127425680501884017e+03 1.865243483509021019e+02 1.050750744439353339e-02 2.061026050603260995e-02
1.160967743215571090e+03 1.897534836113491679e+02 3.803484392942293058e-03 1.395792782974804129e-02
8.649415788188721308e+02 1.102309980379923445e+03 -6.905117424190504883e-04 6.330062068469970811e-04
2.726340742002938100e+02 5.601506924112508159e+02 4.014588781057316404e-03 3.186588353729353229e-01
1.086288671945429996e+03 1.596287182001152587e+02 -1.504548279748417310e-02 3.911473577274003632e-02
9.880671946348808206e+02 1.749323307864497394e+02 4.915714646097294610e-02 7.522997379222957914e-02
1.206128670238837685e+03 2.907662036831509909e+02 -7.041335568966171181e-03 2.476610429278617784e-02
1.193504515020666304e+03 4.016188744482592483e+02 1.622200497645091442e-03 -3.123402059321378488e-03
7.864242386004510763e+02 4.145327975242265666e+02 -1.571618357140898078e-02 2.292368011439257711e-02
1.021164144602865576e+03 2.492932103677300120e+02 3.578537722287843809e-02 1.017636507962762227e-01
1.184812707782286225e+03 3.889162187454499531e+02 -3.896557544928662777e-04 -2.329183833465944559e-03
2.508951883200473105e+02 3.049618737626945517e+02 3.554057754814297920e-02 1.721310773701417163e-01
1.816448245127362782e+02 5.093532358748850584e+02 2.420580720765048988e-01 4.381216346818856411e-01
1.161601418480992834e+03 3.496371751022796275e+02 -7.988391170682278058e-04 8.415023470081330406e-03
1.190988230830177145e+03 3.975353924203525935e+02 2.577104364645444248e-02 1.052944476371526702e-02
1.228988044205203096e+03 2.423071526685829724e+02 8.403558755422023754e-03 -3.474191389215674358e-02
1.130253136227060622e+03 2.983974064585789847e+02 9.464712943854861060e-02 1.946171773477547162e-01
2.566124827072194421e+02 6.042896742516800259e+02 1.277370005471104258e-04 8.104054471830393624e-03
2.275373967829659989e+02 7.312322226249708592e+02 9.019492380532272841e-03 -2.762721534999765943e-03
7.217916567442184714e+02 9.762932668107279142e+02 -3.846692362796735876e-02 -1.378804481457692778e-02
8.925358382338477270e+01 3.414797306143171909e+02 -6.146076340791331236e-03 -1.059952706091755320e-02
1.093567076482157972e+03 3.010839169602053857e+02 6.952131164413642705e-02 2.076448069145158115e-01
1.020047421758659652e+03 2.857969215284832671e+02 -5.958365837980434147e-04 -1.558595959574833774e-02
1.924370164505920684e+02 6.278436402840119399e+02 1.787629132756178574e-01 -2.098586179599641888e-01
2.633653662571709901e+02 6.748544182990547142e+02 7.597679952229757262e-03 7.615951306971611989e-02
1.070146578990317266e+03 1.810258077976432673e+02 3.062175157660778084e-04 -1.881422347383868154e-02
2.243684400044638494e+02 7.399180064867366582e+02 -1.664052002313434232e-03 2.916687391759521363e-03
3.197725588559570156e+02 5.142930924256858134e+02 3.425730223565271598e-02 -3.136171089792550576e-02
2.748056778982369224e+02 3.952219927167719220e+02 4.744176686287658595e-02 2.305673756604820490e-01
1.104006087003357607e+03 1.778261006670924758e+02 2.098877599399223345e-02 -3.178022707886598436e-02
1.061796520292590685e+03 2.087920532975836352e+02 -5.515482689735150962e-02 2.349866591679466710e-01
1.043103391271369219e+03 2.097122578099451857e+02 -1.954713750914443063e-02 3.137440684231828508e-02
1.151639314773007300e+03 2.080316446173752922e+02 2.283601885788325708e-02 3.654295467552350074e-02
2.951186215226760510e+02 6.398245363232242653e+02 1.704531168401072355e-02 1.310030973649175048e-02
1.075670996883970020e+03 2.188071443973140333e+02 3.036532435339990219e-02 -5.760484913211397912e-02
1.084872672138228836e+03 2.828424274403564027e+02 1.959787884260308921e-01 3.639136532000206148e-01
1.119019443889022341e+03 1.759186007586565381e+02 1.052978059049411302e-01 -5.819090226794380871e-02
1.088818451610753982e+03 3.101723070349062255e+02 -2.175043312402861750e-01 1.957452972371640232e-01
1.093289800329749824e+03 1.784756542918006801e+02 2.656362903275205287e-03 -6.678797854121398814e-03
1.108579889157036632e+03 3.574839751797396161e+02 1.029065410495366290e-01 4.011034918528706417e-01
1.165789418071536147e+03 1.555490467443227942e+02 5.938988764578709972e-02 -2.216943600089216204e-02
1.145395599186911113e+03 2.046417344506276663e+02 -4.443334290354419847e-02 1.958233801049910072e-01
1.318448910686483259e+03 3.266374850983119131e+02 1.269550764479183413e-01 4.034211531917737507e-03
1.211004967127049667e+03 3.589893081603355540e+02 -1.055025106517883072e-03 -2.680956489048703408e-03
3.037285899650195233e+02 6.162112121848631432e+02 -1.310249588528199401e-02 2.037960222575109157e-02
2.472387788872752310e+02 7.592652844333210851e+02 -3.205947753556942503e-02 -2.820091554955052662e-02
2.856243013967177831e+02 4.241141055777818565e+02 7.859457722585060091e-02 2.835826852984691393e-01
1.054583152599403320e+03 3.199029892896185174e+02 4.493672268049172039e-03 -1.784440420298329978e-03
5.277664037289226826e+02 4.695338117768534403e+02 -3.756505293073610779e-02 4.819144443478331347e-02
2.995662417990021140e+02 5.154905829233300665e+02 3.896611949495670801e-02 1.410640392440218154e-02
1.065299108094162875e+03 1.865527415149990702e+02 -1.767400040610984935e-02 -3.241429441516623794e-02
1.004843691442522186e+03 1.660501442362737521e+02 1.739338124385934325e-01 -9.663871567115621050e-03
1.100644523872860191e+03 1.970115026265351048e+02 1.268739551395537957e-01 -4.226208275861805808e-01
1.887423771024857615e+02 6.168805667180637329e+02 2.073081082457883806e-01 -2.784876030720609408e-01
3.153926781294202897e+02 5.315996580762097210e+02 2.239667437683389578e-02 -1.128922149112289268e-02
1.159165982605442196e+03 2.169340222566471823e+02 -3.054104253684776157e-02 8.508770249297821497e-02
1.053954965348539645e+03 8.297117149680948387e+02 -5.549188977673186370e-03 1.177652278460773749e-02
1.079275444946656989e+03 1.691981142784253223e+02 -2.422330979745702939e-02 4.115531926568710003e-02
9.973355374069998334e+02 2.065619480878985996e+02 -1.653067962735437629e-02 6.123028235925076501e-02
1.154142235404828170e+03 1.781879305017339163e+02 1.212280694668411152e-01 -1.435702582569769181e-01
1.087922639391430948e+03 3.328212823487119749e+02 -9.866214799387762469e-04 1.510542825084510513e-05
1.069974445535855239e+03 3.423183295786395774e+02 1.543304645244347739e-02 -4.684830718481296924e-02
1.104019463719851473e+02 4.401132573837880386e+02 -1.587397864294377847e-01 -2.646219678039251622e-01
5.781197356798712690e+02 4.438735082545164801e+02 -2.899570113608923669e-03 3.840747443980874198e-02
1.318645612391310806e+03 3.442866956149820226e+02 1.515149886556243775e-01 6.440683174164534008e-02
2.840791127740383786e+02 6.710920028342555952e+02 2.824310393196798052e-03 4.173980887607042431e-03
1.161224063198126487e+03 1.528145182863651144e+02 3.379518558670367538e-03 5.647287167349800130e-02
1.099605334741500201e+03 1.682237684866211680e+02 -2.237000617146220061e-01 6.342846228869437886e-02
1.100394892807126325e+03 1.797025659253675087e+02 -6.527936230505864204e-04 -3.316083642933084080e-02
2.208488870763776220e+02 5.481307112359569373e+02 -2.041085846009350613e-01 2.794279647851773407e-01
1.173365941165726326e+03 1.548196439758114593e+02 9.017458872784882284e-02 -6.820656141166639430e-02
1.139442761737162073e+03 2.417761716474296065e+02 1.538515380213104251e-02 -1.639921372926409632e-02
2.156339110271002539e+02 6.886257212927858973e+02 -1.378084348206410140e-02 5.710772234221681704e-02
2.508529457382754231e+02 7.097037461877542910e+02 3.164294253180818112e-02 5.449087944177922332e-02
2.341891966715912758e+02 5.109105862149059476e+02 1.172373773624211531e-04 -2.128562696942073312e-02
4.939967923738086597e+02 4.312651686882526860e+02 1.612567471946386652e-02 2.576779861422634835e-02
9.945234577531958848e+02 1.979105205852733320e+02 -2.032577951034698627e-01 -2.540594710919751725e-02
1.074063230808184699e+03 1.945471314936129090e+02 -1.146318609886186378e-03 -6.054278787416557395e-02
9.958444368081590028e+02 1.879712974553692675e+02 -1.004209766475093746e-01 -6.612925663183685798e-02
8.553147886213572519e+02 1.101687277354101298e+03 -2.047128105619900901e-03 9.240974743912980802e-04
1.134712728084948026e+02 4.347912641234212856e+02 -1.637252748551612791e-01 -3.289778916397643749e-01
1.194748962136957516e+03 3.745915314191841503e+02 -7.383160436676497636e-03 1.648012055127922454e-02
5.750067259199381624e+02 4.878250660385331798e+02 -1.903111519447442390e-02 1.275410965743795089e-03
1.125162701526601268e+03 3.280344829766217458e+02 -2.132810127925459029e-02 3.591217658946435631e-02
1.143562303766867899e+03 3.645510135372082345e+02 -5.565745476724981954e-03 5.911024403394729912e-03
2.464222674803285713e+02 5.574709553225277432e+02 -1.133043952773463703e-01 -2.265861275951692733e-01
1.204451926704256039e+03 2.065550998703757841e+02 -2.421676904516663342e-02 2.032162141256505308e-03
2.102484864309253965e+02 6.433908429461650940e+02 -3.922411881834734354e-03 -9.090700257821306141e-03
1.087437086637806033e+03 2.284893581062575549e+02 -1.056619072521623875e-01 1.207017035676812150e-01
1.193583109873690091e+03 2.174754086503676547e+02 -8.995921391741547660e-03 2.532363314026769285e-01
2.363669766990610981e+02 5.528158592719228182e+02 -1.164349792894030095e-01 2.150008901695795727e-01
2.444913149085333828e+02 6.084022801473947766e+02 -1.507601638251834623e-02 1.293228938769874249e-02
1.146272290743746225e+03 2.151088133015748269e+02 -1.550171356333673173e-02 2.551636252846520986e-02
1.849713221600342195e+02 6.367203713776721088e+02 1.363717254586211403e-01 -2.259434667012718001e-01
1.200624522406605138e+03 3.232131047798082477e+02 -2.304586347928103129e-02 3.287738104619843810e-02
1.136142796571915369e+03 3.692986104816107513e+02 2.949864899088769712e-02 3.015468653752322731e-02
2.119081618259474737e+02 7.360702654968405341e+02 6.882731134125159335e-03 1.834349101800300808e-01
1.065887337940852603e+03 1.933828982300645976e+02 -2.002465533243530382e-02 4.618066055300423800e-02
1.204383780873416299e+03 2.146082640401211279e+02 -1.665564113683390760e-02 -3.832308399057986897e-02
1.149321574135124820e+03 3.500066581449783598e+02 4.235734175744765989e-02 -2.678331922730816869e-02
6.733454473676933958e+02 4.965197044264053261e+02 1.807179372540782631e-03 -4.489474429463594270e-03
1.216648110736147601e+03 3.629601007137717943e+02 9.513539781047646374e-03 1.721746710217481741e-02
9.294945702607067517e+01 3.514275926329451067e+02 -5.281715805845563216e-02 -5.998187715124355529e-02
1.008207855385512858e+03 9.275374497224611332e+02 -1.321855808727046954e-03 1.028959383281537882e-03
2.454220847313328306e+02 3.297110428891705851e+02 4.480578251172501886e-02 1.883397605824770615e-01
1.033676725592595176e+03 2.774038810749876802e+02 2.180011660891944397e-03 -4.001268198342594618e-02
2.168128306991439445e+02 5.311332206817705810e+02 3.997795336787083875e-01 1.934474880312814227e-01
1.178517173293080077e+03 2.129645166283300455e+02 -1.205505180414092985e-02 1.257863053126982364e-02
1.177083432631484811e+03 3.491223472719405549e+02 3.725521939414193351e-02 -8.476348335285820157e-02
2.160453751451998130e+02 5.842505172109091518e+02 3.143530741871245274e-03 8.364281097874481843e-04
1.119099058733777383e+03 2.144517651881942868e+02 8.102660612297192533e-02 8.354570796984485750e-03
1.079045234919053428e+03 2.557957041409830765e+02 2.168857583484697649e-01 2.944614722307181132e-01
2.304807555771142233e+02 5.543280894184831595e+02 -1.244766870402035097e-01 2.182938091603931208e-01
1.014868156250204038e+03 1.899300082168940662e+02 6.279207934113865963e-02 2.601887549288702250e-01
1.184763709744873950e+03 1.965632516323848336e+02 -1.079394853430812873e-01 2.100909537001503791e-01
2.385335997181419714e+02 6.771229622323306785e+02 -9.369953906798400567e-03 3.472284307264317249e-04
9.814423241325932850e+02 1.753304330925526529e+02 1.498382858813019636e-01 1.585780018595546459e-01
1.076314697116502884e+03 2.347873774496191857e+02 -5.736150728420823415e-03 1.279442135180887744e-02
1.145225711701654745e+03 1.411893973404873464e+02 1.040728027335806327e-01 -4.838232092127910805e-02
2.176806392398589196e+02 6.056341814312703491e+02 -4.227185094173389196e-03 1.656805692273016217e-01
2.684532390371526276e+02 3.981527127523470995e+02 7.191920707325860640e-02 2.585063645707995073e-01
5.080806658927614308e+02 4.874993682500310115e+02 -1.608403197244949109e-02 -1.166766586254526505e-02
1.080704952069602314e+03 1.829382706093359729e+02 -2.637292998567014948e-02 3.913324475386351087e-02
1.027771494397268953e+03 2.447539436500256897e+02 -9.553001913978834136e-02 -5.401983546068499405e-03
2.445225731617447593e+02 5.826632321703560820e+02 7.607788320556146955e-02 -1.459978239899707431e-01
1.934167453062342474e+02 6.504431785328163187e+02 2.534222011838008215e-01 -3.292769043589790501e-01
2.386598035349906866e+02 2.975141961915949196e+02 5.888648996067499808e-02 1.790545878613404307e-01
2.313641073977742337e+02 3.394982682906687046e+02 -2.579530877431524538e-01 -3.381778286231335584e-01
2.614534770389236087e+02 3.705748301548861718e+02 7.167165556997966147e-02 2.428107799426274249e-01
1.154056521424021639e+03 2.895129816987330855e+02 1.566585651726303333e-02 1.965996039781249261e-01
1.107136472249675535e+03 2.374881383997120849e+02 -1.143013866207776312e-03 1.762365538862801367e-02
7.368825814176992708e+02 5.724339496199343102e+02 -3.050811736250389709e-03 1.225470740401168705e-02
7.987895436595507590e+02 3.569145416314585759e+02 -2.881277377360763961e-03 1.167636326660041919e-02
1.069499584729431945e+03 2.682570727494713196e+02 2.434205559070672098e-01 2.742559668540166529e-01
1.167404344310612714e+03 2.482947054488050753e+02 7.769667792605859484e-03 2.044733744020207911e-02
1.161348199901209455e+03 2.983792663243588095e+02 3.752707031663958803e-01 -1.623933664556533318e-01
1.160713175805558194e+03 3.448782107828487824e+02 4.803059890123887593e-02 -6.746533103396137009e-05
1.135501021315786829e+03 1.916897559051876954e+02 -1.559987041761132752e-02 3.408965077448371239e-02
1.137821109501635647e+03 1.427419884284493605e+02 1.550453382164668770e-01 -6.563257614578934043e-03
1.053211568294978179e+03 1.930102906424102969e+02 -1.916711963214113093e-02 5.509864294971104220e-02
1.075266820130611677e+03 1.999214963631152955e+02 -9.615001199686282196e-02 3.268808335023683925e-02
1.167523595052347900e+03 1.892698131748235824e+02 -1.255724506826575160e-01 1.196796692063796241e-01
2.076295468908847397e+02 7.363207510773611375e+02 1.652838768488570573e-02 1.923654450643758063e-01
1.046120492552561473e+03 2.590900559283506368e+02 6.156020404929270565e-03 1.495014941415200548e-02
1.103936336686112554e+03 2.836714959465588208e+02 2.109600842785001040e-01 3.691818541837595946e-01
1.797525081551124231e+02 6.335557408750703416e+02 1.479666841181799253e-01 -1.973193374915772902e-01
1.012828542884502781e+03 2.012488150050799902e+02 -3.678336116683407486e-02 -1.155951920375165726e-01
2.232171771634656920e+02 6.001854033244774200e+02 4.998853681333097904e-02 1.832921189102031390e-01
1.101132870793559732e+03 2.264205353313816147e+02 -1.392636521441343450e-02 9.484478497214531012e-02
1.116470786663425542e+03 2.129687992953461730e+02 2.580111956925585509e-02 2.846022079004829550e-02
2.979547812896857977e+02 5.315292059304990744e+02 -8.781630740961808568e-02 -8.409973826438285269e-03
9.451963060760016333e+02 8.530060471712495200e+02 -3.075834382772362364e-03 -9.956759702293182298e-04
1.287063035531604100e+03 3.055436191074783778e+02 -2.343826006180988186e-01 -2.376517248422641559e-01
2.031632041201538641e+02 6.145671891197597461e+02 2.154974345753468967e-01 -2.194137533972680687e-01
2.701888877068458896e+02 6.744753427113383850e+02 4.392766157441402135e-03 6.088415899345069569e-03
2.072542654631936898e+02 7.141183348000713522e+02 -1.148089154470978146e-01 1.495600211467764395e-01
1.087908352401569346e+03 2.097163026620423523e+02 -5.357054267526081826e-02 1.085362965708792579e-02
1.189738662221064260e+03 2.011180565611508655e+02 -8.891828989720979709e-03 -1.493110632136415011e-03
1.168847502106119691e+03 2.912184132372565841e+02 3.333285078479093499e-01 2.482126177601733791e-02
1.211367945021483365e+03 3.769611764441115156e+02 1.753735220425121227e-02 -4.307210729125576093e-02
2.069414811041467317e+02 7.302364553767880579e+02 2.386035194243594018e-02 2.082673883710378648e-01
9.761675227952865725e+02 1.688530295526054203e+02 9.636770269026939673e-02 1.789668774055641620e-02
1.028647161303624898e+03 2.097832195634357788e+02 1.238184091785328178e-01 9.045560961359822016e-02
1.063419999779572890e+03 2.021001211914505973e+02 -4.823354581547079079e-02 8.640593168982224626e-02
1.151242913966929791e+03 1.953735963822317956e+02 1.159321350339865830e-01 7.014565117343884992e-02
1.188734810626912349e+03 3.164714174323498810e+02 3.544654206004196340e-01 6.071788051924542629e-03
1.316557339362776929e+03 3.215256395793716138e+02 1.809667518770652350e-01 -9.551445863138496861e-03
2.726467746227448288e+02 6.612752431593986557e+02 -2.200995723312004770e-03 2.052267863225054612e-02
1.105250011945224514e+03 2.542964489036336602e+02 1.827804780169762777e-01 1.476581329167413192e-01
1.118783178191976958e+03 1.980253857853994361e+02 -5.559837893434481371e-02 2.743192591173719205e-02
1.011172206525201091e+03 2.289682954834071893e+02 2.856282588196942460e-02 8.802742428174307326e-03
1.034856714695007440e+03 2.470027177051948684e+02 -1.536578057720513861e-02 7.908985141188889026e-03
1.186055807850998235e+03 2.624329375159340429e+02 1.169624762269450002e-03 1.784863533126971116e-02
8.360237450202265563e+02 1.091553403473163826e+03 5.472757876001803400e-04 8.699344571990270600e-03
1.158527316255464939e+03 3.766236020343891369e+02 1.779219389022571388e-03 -7.197981370344725370e-03
2.024420024689784441e+02 6.443214869640891038e+02 2.840750443898269473e-01 -3.427970796144877430e-01
1.174330624924361928e+03 1.612209416630355179e+02 2.474005110073887459e-01 3.808251605220545899e-02
1.165893266092778731e+03 3.805285022724590362e+02 -1.576367432787557227e-02 1.297765866359879561e-01
3.039043381370407246e+02 6.222505349806946242e+02 -1.667093475603970837e-02 -3.924647233995821188e-02
1.099165986829090571e+03 6.452133462125190135e+02 -1.087909445690187285e-02 1.282020228592062674e-02
2.317298063253925875e+02 7.368474740502449549e+02 1.152451903856512201e-02 -1.270195075825860699e-02
9.663031797079182752e+02 8.532115116779385744e+02 -1.009221376644173131e-03 -1.748610119109259833e-03
1.036357816404318100e+03 8.543761919110124836e+02 -1.068383150691766363e-02 5.906703661624188029e-02
9.080968562011624101e+01 3.618793695170892875e+02 -1.155640533624773120e-01 2.477060046373061042e-01
9.862385243239141346e+02 1.736463882347291587e+02 3.017811327044516712e-01 -1.099234442990662669e-01
9.853825619717948712e+02 2.102484573522718847e+02 -1.906641744170787522e-01 9.868263156824660931e-02
1.130867137509925897e+03 2.143435965776258456e+02 -5.210568123011573294e-02 6.145246695702155648e-02
1.271677364940869438e+03 2.878443818614364886e+02 -1.061419453594593387e-01 4.024720210920935959e-02
1.097665019394734600e+03 2.021381597591941954e+02 1.318909659288510783e-01 -4.434076150765144941e-01
1.269343947261760150e+03 2.949824792166050429e+02 -2.294975004304433339e-02 -4.828633894772565299e-02
1.092648346965885821e+03 2.006309576967446731e+02 -6.102514060330577195e-03 6.064845510174166066e-04
1.029356880749826587e+03 2.349169211405448436e+02 -2.155651787109530773e-02 -5.281910988452286071e-02
2.068941702812966525e+02 7.197907797376575445e+02 -1.677458675316989278e-01 1.148489641802973998e-01
1.011037746322242356e+03 2.353683182309596305e+02 1.713643899561971551e-02 1.020000811720029286e-02
1.094566992970761021e+03 2.170773990871926173e+02 3.425094581015483697e-02 -1.445566626403366195e-01
1.202841781808205269e+03 3.600778404438017333e+02 1.400285275515216199e-01 -1.175222533555985299e-01
1.265353317262999013e+02 4.354558775527272019e+02 -1.774948702011571455e-01 -3.756346523942885041e-01
1.304974054901755608e+03 3.578499214757927120e+02 -4.675822482256210277e-02 2.759252561270657267e-02
1.091378367237680550e+03 1.991592097800315457e+02 1.431095265744488677e-02 2.159243492957614238e-02
1.073544680155787091e+03 2.216998292986250476e+02 1.833949195775971819e-01 -5.462117356783011690e-01
1.105343703640307695e+03 2.588750758410536719e+02 -1.002800724358962753e-01 2.136280522649116054e-01
1.076189502349968279e+03 3.045186210446279915e+02 -7.551955265068954586e-03 -9.879447476836843850e-03
1.261281514928899014e+03 2.008868413921312026e+02 -2.336456048840318718e-03 5.746548984014054895e-03
1.239485587145836917e+03 2.654428365684619280e+02 -6.647772555473921430e-02 3.117547798288455851e-02
1.175849338395908944e+03 3.292116141190234657e+02 -2.356471885047994874e-02 -5.627794731242375011e-03
1.206237242041104309e+03 3.250111244842042879e+02 -8.625314423500184818e-03 -5.773122389211948584e-03
1.114070043394383219e+03 3.518228789596407182e+02 -2.079043664349455867e-02 1.319085247088793156e-01
2.371761939612546541e+02 5.841944479449954315e+02 -4.976815531989729063e-02 2.364293192621062245e-01
2.822994692720198486e+02 6.522206494284813516e+02 -1.055269905668865162e-03 2.834182386725956487e-02
2.499250889614527580e+02 3.259498352670218537e+02 4.412430234884823221e-02 2.381215767568900521e-01
1.020581253029648110e+03 1.991161292136390841e+02 -5.151581351422488547e-02 4.303283652592725800e-02
1.152030928694516433e+03 2.366655187762578123e+02 -4.302771471926510050e-02 1.882952641535861338e-01
1.199205933619243979e+03 2.551435598351883414e+02 -2.575263231309882564e-02 -7.938036940403267461e-02
1.175687455725197879e+03 3.835009009884176976e+02 -1.603318284227689752e-02 1.093014840291983286e-01
1.189852235184598840e+03 3.951293157663955640e+02 4.452215777704575383e-02 -1.536569614423019363e-02
2.398820532784261275e+02 3.707097894637004742e+02 -8.615648217187930891e-02 -1.280771636770433874e-01
1.014689485165346014e+03 1.978877602986446504e+02 -1.367650042889560213e-01 -1.254813944453524455e-01
1.024293867924211781e+03 2.034520118162314759e+02 2.830182746247437153e-01 -4.567402295924946620e-01
1.035882991671911668e+03 2.696835421397809682e+02 -9.147590634731589398e-02 1.027181214639591028e-01
1.157041250656240891e+03 3.838482956368137593e+02 -1.663255544673347686e-01 8.399116599951778062e-02
1.111224044923780411e+03 2.457107569109793133e+02 -1.346797729882061485e-02 -6.430896913990041819e-02
1.230050029479199338e+03 2.933333213228585805e+02 1.062604214821075282e-01 3.448600498294454586e-01
1.139208008287774192e+03 3.446713605491185604e+02 -1.680016406093647330e-01 3.653046316866634391e-01
1.232854942548900681e+03 3.322424698413642545e+02 3.301190077785817745e-01 4.925596304937083364e-02
2.453438390836817575e+02 3.647707125070066354e+02 -4.366220938734954871e-02 -1.397538168579508522e-01
3.990060530197359299e+02 3.398318760778985279e+02 -2.974688169132377880e-03 -2.259022649480257883e-02
1.194623123102772070e+03 3.489521207276509926e+02 1.234643093589085083e-01 -3.586255922792815909e-01
1.151665972774007741e+03 1.466727355788631826e+02 4.730521642619957279e-02 7.350086879838499399e-02
1.154175042532461021e+03 2.365519329915701405e+02 1.167550008073400640e-02 -8.933199826707702296e-02
1.220312629177648660e+03 3.162430194454264551e+02 4.555631404153548947e-01 2.360461587334346800e-01
2.360938559978618798e+02 3.659465154255676680e+02 -2.806246709472353523e-02 -8.874828079460631014e-02
6.145019567078792306e+02 3.894470452195297980e+02 -5.067315408803908794e-02 5.768649273412052025e-02
4.882921893824016593e+02 4.550757166401130007e+02 -1.098001885870303340e-02 2.003759856926632874e-02
1.077566826853068051e+03 2.033019881965182947e+02 -2.649841359013537789e-01 9.836993191021698932e-03
1.124767454353446510e+03 1.991072531767732130e+02 -1.676205185377252146e-02 2.900231464415778046e-02
2.482129139907074773e+02 5.705167470702159562e+02 3.180746951089068880e-02 -2.483352797751844643e-01
1.968310914103773257e+02 6.575027921378647306e+02 2.295553754614912401e-01 -3.047121232702514892e-01
9.712491780617136783e+01 3.404468615335054551e+02 2.252080368623082460e-02 5.351797018250600835e-02
2.965410360462280437e+02 5.014024304102960627e+02 3.628956843560724767e-03 2.934637461371144423e-02
6.971770406438548662e+02 4.277494034518804824e+02 -2.821087317247999438e-01 -1.983753691687429044e-01
1.129152763510263867e+03 1.913089599428844281e+02 5.117204739709590305e-02 -3.841081949593300182e-01
8.592916062608486527e+02 1.102021897858202919e+03 3.554370280015134182e-03 2.478415945706029309e-04
1.091361583053335607e+03 1.669644108208727289e+02 9.095478191486942865e-02 2.721752482672551987e-01
9.870347334979446714e+02 1.914129959039470634e+02 -2.334478577437456084e-02 -7.724507513723229135e-02
1.086361981169007095e+03 1.820373346891093718e+02 -2.501849967056273272e-01 1.777816649982663366e-01
5.115188443482327330e+02 4.309841036021766740e+02 5.627628790054214729e-03 -4.329298665803869156e-02
5.063854203093310957e+02 4.503637181437617869e+02 3.065165949479623300e-02 1.008256605400364714e-01
1.074222206555530192e+03 1.802673880724860567e+02 -2.393294639413894032e-02 1.009661933809204853e-01
9.817964958330403533e+02 2.177810223715611926e+02 -4.439671547937574375e-02 6.647962165210040408e-02
1.088236959193240409e+03 2.921587640586179759e+02 6.058852406151387093e-01 -6.654131011408139784e-01
1.155209176383462818e+03 2.209303441005207276e+02 1.541869074371375430e-02 -1.901397906138154945e-02
1.226157704301117747e+03 3.561329977674447491e+02 -5.755177778850007614e-02 -2.592562090789711504e-02
2.649942593202638363e+02 6.542335918669132298e+02 5.098667665963189412e-03 2.233811741605636059e-02
3.032642068185720632e+02 5.348852963815083967e+02 5.827416769493124794e-04 4.205722950548947126e-02
2.317939089668891484e+02 2.905195173706774199e+02 2.827968939405422957e-03 1.134550354002044487e-01
1.189848817251497621e+03 3.374013479574859957e+02 -6.878217965972907577e-02 9.537795143684206500e-02
2.912938330253271033e+02 6.705950088781876275e+02 3.966737891016691546e-03 2.095940753371223694e-02
1.098818489614891405e+03 6.611051743684934081e+02 5.473445061556958709e-03 -2.282434530609407305e-02
2.611198695595203390e+02 3.778080181377276290e+02 8.554141578271255014e-03 1.360140687214210498e-01
1.064404023784284163e+03 1.571138136536506238e+02 -1.749313042993587072e-02 -2.243747109691045932e-02
1.108294695896865733e+03 2.096901548365502777e+02 1.020233695908245863e-01 -5.076824566255785237e-02
1.098560192147773478e+03 2.985662060442940628e+02 -4.716512648922667195e-01 5.106288011729892551e-01
1.071969440699090683e+03 3.443522109465106951e+02 -3.583879461429104445e-03 -7.544444371490044432e-02
1.204667736976243305e+03 3.037535870205875881e+02 5.816457250698223724e-01 -2.857570628051083264e-02
1.199596162562398149e+03 3.331668219053099733e+02 -3.426675062006426242e-02 5.454263205054606795e-02
4.618199193836409790e+02 4.522972144978633082e+02 1.498611721865472646e-02 5.654061936955656620e-02
1.073824361731800309e+03 1.696613247641541875e+02 -1.146272362717297710e-01 7.737828207440244910e-02
1.105424024778646071e+03 1.901485912262609190e+02 9.687550285633506064e-03 3.162344615319057084e-03
2.046696533936845697e+02 5.738845387558119455e+02 -1.752696884274485001e-02 -3.308391475100052048e-01
2.297740449708928452e+02 6.835944848611721909e+02 1.965946158691167511e-02 -6.500949476284745288e-02
9.782400082763928140e+02 8.204362512471268474e+02 4.366576366876984139e-03 4.057887648619384890e-02
2.873498444982457727e+02 4.570162442395128437e+02 5.865177273484992876e-02 3.186542869015787649e-01
9.904886758298592895e+02 1.836948078469963832e+02 1.088788268500593404e-01 1.502462862712507403e-02
1.131639360116499802e+03 2.191290726000659959e+02 -2.488687189502667985e-01 2.240147262639514414e-01
1.055364562284541080e+03 2.908387146790902875e+02 2.274970388813406935e-02 8.994026107426732197e-02
1.190249026330460310e+03 3.717849681648277738e+02 -3.853067498399858487e-02 1.506173269224778469e-02
2.618502101906914845e+02 6.662813772746972063e+02 3.713479675252528978e-02 4.938451976540493560e-02
9.997058741428118083e+02 8.528933640915257683e+02 4.927979367071852381e-04 1.446460102881376615e-02
2.354635355274703272e+02 3.177891259068979934e+02 -2.401278226118108705e-02 -8.331618920324974920e-02
2.803596054782112219e+02 4.137559689263663358e+02 1.003722454056230617e-01 2.881434437675712279e-01
3.101832072349965301e+02 4.885530888527162006e+02 2.587711884886327238e-02 7.646592368468911605e-02
4.731510431915216941e+02 4.441797339825501467e+02 1.857599329482203035e-02 6.862549189747824130e-02
1.092558596036742074e+03 1.511087862824923889e+02 -1.146559800595999407e-01 1.766070222301010517e-01
1.097603550587260543e+03 1.498793345995025845e+02 -2.486987356758163514e-02 1.889289206301612012e-01
1.040740786480169618e+03 2.564629676325802734e+02 -5.126413339913445805e-02 1.062302393228643921e-01
1.102743753736081089e+03 2.751724826435739715e+02 5.234469220010851132e-02 3.668104488247460604e-01
1.145894287466292781e+03 3.535510022780624695e+02 -8.511480465900451986e-02 1.492021323312636982e-01
1.146468418332048032e+03 3.611477842910037452e+02 -6.959093490308987384e-02 1.568944466922062020e-01
1.307423177191182731e+03 3.605023614949994339e+02 -4.388016935389866258e-01 -1.435840613048734726e-01
2.463312474624115396e+02 7.013725437901264286e+02 7.497336124303899396e-02 1.583838828252055464e-01
2.401052289777615840e+02 3.497231394449862023e+02 -7.392750707608115868e-02 -4.379413553905351503e-02
2.558387346363481072e+02 3.778170784794339738e+02 2.484301613810089432e-02 2.309391709266264969e-01
7.622142762110235026e+02 3.879942895625368919e+02 -1.643151100072372944e-02 -2.952200613859758821e-02
1.100868085418874671e+03 1.496508289378530776e+02 8.437136621614627074e-02 2.329404822607216430e-01
9.934484303445494788e+02 1.798298924054279837e+02 1.366134615347846248e-01 7.152216147501917753e-02
1.092444138710965490e+03 1.718131790159390277e+02 -5.889036563030458638e-02 2.016036790119130617e-01
1.079024558064817938e+03 1.771306703103894336e+02 -7.691931813678820444e-03 -9.383412182882580610e-02
1.084425822529417019e+03 1.856662822458299047e+02 1.374594602611978189e-01 -4.047358875067573192e-01
1.087912932374393222e+03 1.905102863006585210e+02 7.389331965418932668e-02 -1.272807025825556937e-01
1.074727177384673269e+03 3.033012388086037845e+02 -1.726386429472313577e-01 3.055375818862557935e-01
1.076113819823997346e+03 3.100916899223170162e+02 1.389262913006405198e-01 -1.276346473579565155e-01
1.178238643393316352e+03 1.851165749081711454e+02 -5.390598122398841674e-02 3.102491898990195063e-01
1.188677908830540218e+03 2.233505081903605856e+02 1.287839793898456209e-01 -4.987365349573053552e-01
1.163119419685385992e+03 3.022276528445141821e+02 3.713508977724359061e-01 -2.287374560041143812e-01
1.216753477859802615e+03 3.463584231775931812e+02 9.413834001170470756e-02 -1.349765495665565251e-01
1.829270199031117272e+02 6.664278158077273702e+02 5.081284840305215489e-02 -3.362320043080444520e-01
1.941334631003806237e+02 6.962412888732797001e+02 4.069026866829403982e-02 9.114110997763873179e-02
6.536734587333091895e+02 8.829530236427516456e+02 4.000730806128786066e-01 -1.580701837344940852e+00
1.020342118643236063e+03 2.105596914763904408e+02 1.248628295773812624e-01 -8.393807533984443126e-03
1.015775981884272142e+03 2.152933385753825348e+02 -1.255620418665728266e-01 1.043074825280143614e-02
1.108947736447933494e+03 2.304691113815979406e+02 -1.808629963562680132e-02 1.158338087831367602e-02
1.193371372738296486e+03 1.834591914867098126e+02 -9.940759854424641162e-02 1.877036702864742779e-01
1.175288925034910562e+03 1.991531859528604969e+02 2.671491232769085400e-02 -1.145985046121040796e-01
2.581099657916818160e+02 6.898488451022824393e+02 -4.357107821590489038e-03 -6.866412178004566158e-02
7.158053076013960663e+02 8.771719545916313336e+02 -7.932739802470223367e-03 2.055186449678103600e-02
1.159481957959336341e+03 3.101273092065389392e+02 3.355582284636208779e-01 -1.260872882508768666e-01
1.188500873938755149e+03 3.455249467125166234e+02 -2.059594934439701319e-02 3.858118623965841459e-02
2.206293996105606539e+02 6.866819494111871336e+02 7.831098332960095831e-02 -1.593257174564162784e-02
8.286074759254775302e+01 3.518823221786208251e+02 6.794896457307686433e-03 -7.815637587259516295e-02
1.095858604710591862e+03 1.551071113923630662e+02 5.917737986851534515e-02 -2.265867405201191787e-01
1.007111455706523543e+03 1.836243027732193980e+02 1.736955342524879597e-01 1.381930893619482958e-01
1.082112696788415633e+03 1.743808178377548188e+02 -3.445911604642333259e-01 3.273732689550712394e-01
1.106918490365007301e+03 2.005747749355577696e+02 5.460498839511274127e-04 1.539717550474222207e-01
9.906330382136305843e+02 2.358785190446248237e+02 -8.107306022907323495e-02 2.866653854993614914e-01
1.201714344609668387e+03 3.217220131210978593e+02 -1.514626769118194716e-01 2.283654703903721384e-01
2.690745608833176448e+02 5.549113048269888395e+02 -9.398977234971539474e-02 -1.508270364828945276e-01
2.695672289023825101e+02 5.564743835835037089e+02 -6.448392106534583945e-03 4.256651103304420758e-02
2.206410416933062777e+02 5.951901579997356748e+02 -1.281726769045121728e-02 4.447798592542540064e-02
2.400589493285542630e+02 6.018339480171815694e+02 -5.598391037125338698e-02 3.728792167976280325e-03
2.270721728624355933e+02 6.059349972296649867e+02 3.996874856571253076e-02 2.618358556056250563e-01
1.752300675048005019e+02 6.443950128701110316e+02 -2.395006391559206804e-02 -6.088980874073968153e-02
2.653618548650917432e+02 6.548231593505751107e+02 -2.963299661075780023e-03 -1.045986365967337406e-01
2.352565202753080200e+02 7.009881256128294353e+02 1.449045239117197070e-02 -2.379365183742265799e-02
2.099813030425485749e+02 7.123500950066572841e+02 3.807306777727603730e-02 4.340952074642245861e-02
3.056905088313805550e+02 5.486156691218322976e+02 2.298792659377113523e-02 1.242330909255997540e-01
1.055140434408568353e+03 8.385319538160862294e+02 -3.801625884079840034e-02 -1.641261413442407502e-02
1.939337344468954427e+02 3.196974142312955678e+02 0.000000000000000000e+00 0.000000000000000000e+00
2.620906788462010013e+02 4.030998356283449198e+02 0.000000000000000000e+00 0.000000000000000000e+00
2.532900551768923094e+02 4.643101785984047183e+02 0.000000000000000000e+00 0.000000000000000000e+00
2.898402365800000666e+02 4.134906286732248759e+02 0.000000000000000000e+00 0.000000000000000000e+00
5.151654402424088630e+02 4.772162647240336923e+02 0.000000000000000000e+00 0.000000000000000000e+00
1.003577917643968703e+03 1.994343453953141818e+02 0.000000000000000000e+00 0.000000000000000000e+00
1.069235394671722815e+03 2.179365659003446751e+02 0.000000000000000000e+00 0.000000000000000000e+00
1.113669870052433225e+03 2.289184052857834217e+02 0.000000000000000000e+00 0.000000000000000000e+00
1.101387032319814807e+03 2.475051148685545286e+02 0.000000000000000000e+00 0.000000000000000000e+00
1.119315906596288414e+03 2.526862653680742312e+02 0.000000000000000000e+00 0.000000000000000000e+00
1.183741228584786995e+03 2.241050528737680168e+02 0.000000000000000000e+00 0.000000000000000000e+00
1.227874455960841715e+03 3.487638744227336360e+02 0.000000000000000000e+00 0.000000000000000000e+00
2.195752166132904222e+02 5.387535974419807872e+02 0.000000000000000000e+00 0.000000000000000000e+00
1.776805090938149760e+02 6.517488724053276883e+02 0.000000000000000000e+00 0.000000000000000000e+00
2.298772913900419042e+02 6.993751306145014723e+02 0.000000000000000000e+00 0.000000000000000000e+00
5.196495828693705334e+02 5.287045304906023375e+02 0.000000000000000000e+00 0.000000000000000000e+00
2.792313541384824589e+02 7.164594117481266267e+02 0.000000000000000000e+00 0.000000000000000000e+00
2.318950094824316750e+02 7.232135587816968609e+02 0.000000000000000000e+00 0.000000000000000000e+00
2.563371966782574987e+02 7.446642974546857658e+02 0.000000000000000000e+00 0.000000000000000000e+00
1.008089755720245648e+03 8.725348527444583624e+02 0.000000000000000000e+00 0.000000000000000000e+00
