1.337143343684526826e+02 3.825465023670416258e+02 7.091188657062955265e-03 7.283986049536465314e-03
2.649010932281865394e+02 6.832521115093308026e+02 -4.468106697072921421e-03 -2.013334573202184979e-02
2.548492292220257980e+02 4.664810327080203365e+02 -2.849778094173697780e-03 1.329407603964340243e-03
3.165450049817327454e+02 4.718707040877289387e+02 -1.023348374942689536e-02 1.752404118033470308e-03
5.660870172137659893e+02 3.868157622936634539e+02 8.779371420605277393e-03 -2.339418888752360995e-03
2.803523620880679914e+02 6.076653358049871940e+02 1.667432260796210611e-02 4.493603152658722996e-03
8.740318229227058282e+02 4.051848758526096503e+02 -2.577072496360797993e-02 1.298551638395207576e-02
7.061725500288663397e+02 4.173742124704310186e+02 1.643585968171203506e-03 -1.229224279699234201e-02
6.343828275271310986e+02 8.219820782416062457e+02 1.796094193792614963e-04 -5.692859505999048851e-04
9.123032504797192814e+02 8.060689543093088787e+02 -8.985861173621490167e-04 1.620298864269339957e-03
4.598844302977227585e+02 9.415639186440657795e+02 -7.832935870843663745e-04 1.394628069701326170e-04
9.069708517651753255e+02 9.244631749637920848e+02 -3.429277944399085950e-03 -1.473409950892913631e-03
8.983272469244628837e+02 9.262272061799548055e+02 -2.030191275125639225e-02 -7.797163848370401891e-03
6.858431208871079434e+02 1.020631614155164698e+03 1.353990280754620518e-03 1.564261399317450150e-03
7.149379215765872004e+02 1.011581444986211295e+03 -1.010761990537413155e-03 2.772885768018289345e-05
7.048968738570807773e+02 1.023618416946062212e+03 -1.784528972627800309e-04 -4.995874170851881228e-04
1.050809303475011120e+03 8.181255489252713460e+02 3.651702430790143006e-01 -1.418679959641160615e-01
4.817056351363719386e+02 1.099196455876172422e+03 8.869864596465616789e-04 4.653072722176868504e-04
7.044205019304529287e+02 1.036512948434309692e+03 -2.075674414916846007e-04 1.230282176664439936e-04
7.517934267504671197e+02 1.067544209730271859e+03 -9.498919043610362699e-04 3.668317666833359838e-04
7.456438525652729368e+02 1.071415663091676834e+03 4.874185637273773745e-04 -3.008056464660503596e-05
1.311687425985613231e+02 3.251488729251013297e+02 8.789430530353880156e-04 2.398823118981697339e-03
8.997503908722982260e+02 1.102125521479551480e+03 1.609942506876346833e-04 -1.598059168170245939e-04
4.885260518209157112e+02 1.046470724236913156e+03 4.489224054054565261e-01 -2.262377874806809352e-01
4.773975032441962298e+02 4.809385725698571719e+02 -4.907529293826830008e-01 1.381392133560851165e-01
2.617571047842008625e+02 7.404128483219543568e+02 -1.372454688774804761e-02 -1.191639813728868728e-02
5.749800044056081560e+02 9.841932171469680952e+02 7.334317978567748142e-01 -2.673108958809320423e-01
3.613454855912660264e+02 4.839386871938680770e+02 -5.771651846059903113e-01 1.058376647574147122e-01
2.235916216980823492e+02 7.551912486680161010e+02 5.081558662076664235e-03 1.247219072086922518e-03
5.407347233845231358e+02 4.515283947194118355e+02 -3.405629195295605816e-01 7.271569112980173777e-02
9.463208226985117335e+02 3.160334185330462446e+02 4.652909624439195979e-01 4.343235931830376900e-02
3.313725982664999492e+02 5.020098799049609397e+02 -5.702322583520589294e-01 2.112524800205039799e-01
2.489095572497232070e+02 7.197237854071602214e+02 1.926866500594310314e-03 -3.847182826560957471e-03
4.143605641815959757e+02 4.609104314775743774e+02 -4.807055531161319450e-01 1.827590070799019750e-01
1.029777497964132635e+03 8.209001293630134342e+02 4.015622365560523876e-01 -1.621353826171066936e-01
1.998461677248585886e+02 5.056344900239819253e+02 -2.612124026378388753e-02 -4.313006137283875024e-02
1.008651620508564520e+03 8.271450958068558066e+02 3.481073479093912404e-01 -1.464538179993994105e-01
9.150505870705048892e+02 3.294131088900578561e+02 4.739324943798530199e-01 -8.176655533355926819e-02
3.977929181849225984e+02 4.676103850778153515e+02 -4.958282917972484105e-01 9.009550980662670017e-02
1.068813804502151925e+03 8.025632376446466196e+02 3.722703027134063314e-01 -2.070476555397716412e-01
4.183437960960599753e+02 4.678946999799262016e+02 -4.603774643930067523e-01 1.540222342003662315e-01
2.559744235285252216e+02 7.439149722958295570e+02 -3.592829698270701751e-03 -8.989404463713891388e-03
1.929286925164335855e+02 5.784309118645363696e+02 2.967393635704901941e-04 1.270052345518868754e-03
1.070957035283787945e+03 7.933447908692997999e+02 4.791899354190786164e-01 -1.597659883979301865e-01
1.097212922531656886e+03 7.770215982131984447e+02 4.574336923838648872e-01 -1.808191675443129032e-01
1.071293419333785550e+03 7.827861312432721661e+02 4.655927463920153664e-01 -1.553013003250419688e-01
1.246106577106890427e+03 3.965171673984061727e+02 -1.787976227730480455e-03 -4.699039897072096635e-03
1.184093715268393680e+03 2.486804067279479682e+02 -5.240340420941000388e-03 -1.180698303031839196e-03
2.283827876744279308e+02 3.077183072760628306e+02 -5.793537509987654877e-02 -2.120901110254496125e-01
2.588760955730453475e+02 6.171805279757966218e+02 1.649888650279204838e-02 -4.183492248258327984e-04
9.904296564349216396e+02 8.224494010630404546e+02 3.565907305328336330e-01 -1.426826369068210920e-01
8.539031178916347926e+02 8.623928102620178606e+02 3.018082399038157226e-01 -6.202647015788222834e-02
9.726513157599951001e+02 8.119746711124664671e+02 3.658073861529858029e-01 -1.738516958004973079e-01
2.623878348951691919e+02 5.832348459186193850e+02 1.762764970926289712e-02 -1.162803954161972797e-02
8.946438478325450205e+02 3.652235543092058947e+02 4.742716116616774724e-01 -1.371953585551452352e-02
1.002315489711086684e+03 8.187610581575767128e+02 3.210428429677749107e-01 -1.521643306865936573e-01
9.643761762668574420e+02 8.119759291153851564e+02 3.829966659432383902e-01 -1.415398900639484314e-01
1.026056441131313932e+03 8.478255295400840623e+02 3.723922287148275223e-01 -1.730021500511420285e-01
1.018813068076240370e+03 8.407067830448582981e+02 3.670260455186775683e-01 -2.098892709966841408e-01
4.707883787594967657e+02 5.180129893906171219e+02 4.523683728453589126e-01 -1.785764162092886576e-01
1.053720680415039624e+03 8.241003386863120568e+02 3.563569364394049144e-01 -1.305144512582580019e-01
1.007261355344920048e+03 8.556371180683466946e+02 3.332203859162772841e-01 -1.435405065233665289e-01
9.959551705156181924e+02 8.456212929234427520e+02 3.226245193667567346e-01 -1.314382316573499132e-01
1.986862484504925419e+02 5.758643680710271155e+02 4.662364128546020621e-03 4.311855060451523849e-03
2.811115608043209591e+02 5.832441298067601565e+02 -8.402320642118195002e-03 7.548915000449263682e-03
3.721976009006150434e+02 4.694448914697680380e+02 -6.791874899422774003e-01 2.010500765625373443e-01
8.838808879355366344e+02 3.317183393303291723e+02 4.170480952287474175e-01 -1.573801067871913040e-01
8.815144005557843911e+02 3.238247338004534868e+02 4.447148698913987452e-01 -1.446504566948102477e-01
9.791010764962243229e+02 8.424855877606964896e+02 2.637331412083688820e-01 -1.882996218233385366e-01
1.149750095985745929e+03 2.294503993228508989e+02 4.193837111124549405e-02 1.212961389762458320e-02
2.684948401124715929e+02 5.762550793584781559e+02 3.038959615864904361e-04 1.722598602672032256e-02
4.892659898199949566e+02 4.991455663402844607e+02 -3.810590774625041699e-01 1.616744863019723144e-01
4.544570066550011234e+02 5.366337956625517336e+02 8.081813677140101126e-03 4.603838835227391096e-02
1.039344739413746083e+03 8.570790673657895695e+02 3.730964059510710196e-01 -1.768521986501044307e-01
1.011258821286124885e+03 8.759856714563176183e+02 3.352352476157521854e-01 -1.247459382648883341e-01
4.924720306058962933e+02 4.621618994548748560e+02 -4.382683019496817489e-01 1.954692967546706461e-01
9.718624304513215293e+02 8.256851616850491382e+02 3.537538207517875177e-01 -1.308517250702298795e-01
1.039645165482419088e+03 7.939114562625850340e+02 4.253577463296749350e-01 -1.734070020811925850e-01
3.853075145576072487e+02 4.793953135370812220e+02 -4.703456352359985937e-01 1.173355543825491121e-01
2.957260624862070699e+02 6.594226676246272518e+02 9.380876711357512623e-03 1.157280496598032948e-02
9.309390759963686151e+02 8.519935050497766724e+02 2.858190997939005773e-01 -9.703996128834237178e-02
3.041577401931285181e+02 6.404044768218867603e+02 -6.603946600080797848e-03 -3.742665018840303504e-03
6.249207739718043513e+02 3.865204851641845494e+02 -8.046962990134165147e-03 -1.827196363045529084e-02
6.109636341920395353e+02 1.014115856908392402e+03 -4.347967926123837978e-01 3.079493392050122180e-01
6.221584454501777373e+02 9.671081627975194124e+02 8.133157678612338293e-01 -2.833905251576999129e-01
2.374562273168163529e+02 7.158713908350571273e+02 2.304834964441156674e-03 -2.996672007107503959e-03
3.701798902644902682e+02 5.680120821467983205e+02 -1.448335320637087116e-04 4.383746099570472177e-02
8.065322805494090517e+02 3.737753722356417256e+02 4.378729550801673670e-02 -2.827451752134459498e-02
5.840334524338526307e+02 9.642347454888988523e+02 -5.929333127016495064e-01 1.825119811369156908e-01
2.511418735626550074e+02 6.585239099998011625e+02 -9.703089268387514931e-04 -1.007419249590091846e-02
2.682855175488192572e+02 3.004514420669511878e+02 5.822504892424234385e-03 -6.551938919134801462e-03
1.166589945050554661e+03 2.095075169126275796e+02 -2.822610955140229458e-02 -5.106425276074553349e-02
2.624673659909053640e+02 6.292982904927011987e+02 1.017988655498507609e-02 1.150859855111338939e-02
8.507218738769684023e+02 9.315021860194282226e+02 -1.610002809132824462e-04 4.519304467418022611e-04
4.465513405732473871e+02 5.034742498234643335e+02 4.819421543556240972e-01 -1.564889259346144978e-01
2.499630338109696197e+02 7.277034830992614616e+02 -5.511814135576400230e-03 4.192479408777333855e-03
6.184815458416015872e+02 9.943229257530651921e+02 6.319352288343776936e-01 -3.449031746480735738e-01
2.061415488710486557e+02 6.797802880825184957e+02 4.458311126821325535e-04 -2.406298371357200316e-02
2.378745952629134308e+02 6.704247455074664686e+02 -4.433240035140643617e-03 1.385398214675786837e-03
7.773367419646123153e+02 4.921378188415951058e+02 4.733159060431757492e-02 -1.166820100996801557e-02
2.755584867661372073e+02 5.437030462940097095e+02 -5.098399661025975610e-02 9.748105321521863265e-02
1.260147058923298346e+03 1.956560971464315628e+02 -1.218450367163637863e-03 3.617407367720837613e-04
2.422957908506365072e+02 4.937884251473788595e+02 1.949990765436129163e-03 -5.091299780264642999e-02
2.507682395544902363e+02 7.094323271081802886e+02 -5.156108981555964504e-03 -1.129092739696410143e-02
1.250517515776986102e+03 3.765152723676375786e+02 5.531151882136516734e-02 -4.404312207534564344e-02
6.155496996981466964e+02 1.018589030692288702e+03 -4.402048420260692985e-01 2.847828918369113005e-01
3.000591045782376796e+02 6.460675824150102926e+02 3.503771243827887277e-03 1.100741602671166837e-02
6.209052917025460374e+02 9.784849970522209333e+02 7.878670349791302430e-01 -3.311784507324811999e-01
2.574434860977651738e+02 7.183241772190878009e+02 -2.036937094444375934e-04 2.707360470620610859e-03
2.553314201678711015e+02 7.261580878143063273e+02 3.435902730512513555e-03 4.367230690094951739e-02
1.175282462849156673e+03 1.949547683624645913e+02 -1.218338744929767063e-02 -3.295404710218683818e-03
2.553721584184200708e+02 7.367059840007558478e+02 -8.567775207792623082e-03 1.043759043538967056e-02
2.615183822591429248e+02 4.980888381949985160e+02 8.096569108038728646e-02 8.280671687120698399e-02
2.589562663291120543e+02 5.641973115481257537e+02 -1.807319079283739582e-02 8.944943886556100399e-02
2.189598438121863637e+02 6.630487095295547988e+02 1.409391806322840383e-03 -3.109511746283760074e-04
2.177708869002815106e+02 6.516741178496783959e+02 4.524466160831923400e-04 5.354015796446093267e-03
1.048674203249481025e+03 8.331122262868973394e+02 3.321997564457843111e-01 -1.640769585801625796e-01
1.222099598565577480e+03 3.975748147434882753e+02 -1.755377487089021049e-03 -3.066102560026003239e-03
1.211640041936155512e+03 2.201402345559428682e+02 -3.572502298939611316e-03 6.502225556546633797e-03
5.781422296465217414e+02 9.926647805976350583e+02 7.404008308214879985e-01 -2.544609528991479963e-01
4.524544247721715351e+02 5.291935377094538353e+02 -3.908449343545618015e-01 5.770568386284063295e-02
9.253046877755476771e+02 3.239403722374856329e+02 5.137100591756574852e-01 -5.478214050253150946e-02
2.473546684416821790e+02 7.355112145823194396e+02 2.688577960713986817e-03 -1.262537351962156025e-03
1.158973761390097025e+03 1.675718907920963829e+02 -6.951039415539391093e-03 5.050084571736857680e-02
1.224107959723904969e+03 2.453065293070892210e+02 -2.256996034248454769e-02 -4.432127567872837237e-02
1.201094312421376344e+03 2.283955190895714225e+02 1.446418442975021344e-03 3.266616681183240854e-03
1.266030199075083374e+03 2.036968146689005437e+02 -2.751716648986931224e-04 1.621547906118581085e-03
2.656496187596422374e+02 4.917565506168938896e+02 6.511435167373245958e-02 9.130713232718677685e-02
1.107909569628333429e+03 1.814841443835394159e+02 2.490083918496115850e-02 3.025805745577676148e-02
2.711538214915363483e+02 6.717578973802887958e+02 -4.085547405098974467e-03 2.543575095289567645e-03
2.693140678949457083e+02 6.954005617464445095e+02 2.746738272134784521e-04 2.223179887844726164e-03
9.179748470649111596e+02 1.102668125773176598e+03 -4.154859661799257761e-04 1.819530085944423754e-04
2.611547881296255582e+02 6.597416221631406188e+02 -5.381187391481147796e-03 -3.074844727150478473e-03
2.662739266895921446e+02 6.620462949953916905e+02 -6.650557973158032323e-04 7.031865264341624969e-03
2.829771303873999386e+02 6.863286056616379938e+02 -5.271687372141563169e-04 -1.807428858140579242e-03
2.436359380400673444e+02 6.349308383791698134e+02 -2.773042788193140398e-03 2.815989566013038601e-03
2.609393439424825942e+02 7.074161799944016593e+02 -1.412875839315068383e-02 -2.341783357879347396e-02
2.315957216562312908e+02 7.395646674573800965e+02 1.624788944802516878e-03 -1.034217897902766324e-02
2.513462317004779720e+02 6.287527549560672924e+02 1.478071978777567748e-03 7.447518906164672138e-03
2.142615086059003602e+02 6.667377554225101903e+02 -1.129101297024985226e-02 4.122550078334663408e-03
7.164471851326115939e+02 8.718995826369634869e+02 2.735755516782053653e-03 -4.964844446145223050e-02
2.519083888135342590e+02 6.147270952476792445e+02 2.932062944672978247e-02 -2.058321005374929777e-02
2.356885257923615882e+02 6.292615157778624280e+02 -1.191671068752812304e-03 5.087271326549916428e-03
2.594891045804180862e+02 6.424144942271441323e+02 -1.264465556657188780e-02 9.975327830415657224e-03
9.644857960942490536e+02 8.229313274221037773e+02 3.868417139716011643e-01 -1.530624605919999048e-01
1.007926738686071758e+03 3.242902373462065952e+02 -4.675891392101216293e-01 1.498092709700706571e-01
1.881984270535077997e+02 5.732626374809053686e+02 -4.021976737647037226e-04 -2.073430126312031038e-02
1.196761702286972650e+03 2.221242420463667031e+02 6.172484885855557962e-03 -7.066746693183013905e-02
2.311533451455724162e+02 6.282848749912857329e+02 -2.617070956721318582e-04 2.419484994782191475e-03
1.215384849841801042e+03 2.284261887166640577e+02 1.324269427170455225e-02 3.008709799050842543e-02
2.459718998291151593e+02 6.941770142547745763e+02 -2.008884376891728607e-03 2.910056810723029349e-04
2.908889053343887099e+02 6.483987965488258851e+02 -1.655527064567402376e-03 -6.042610921110623014e-03
6.024500821745365329e+02 9.901478964302959866e+02 6.309323425421492493e-01 -3.301610211080024393e-01
1.156300073332788543e+03 3.697845230419849827e+02 -1.548049122067535026e-03 -8.461817260773401086e-03
2.688309061083954816e+02 6.361891926234026187e+02 5.724158319334590912e-03 -1.333329986398822109e-02
1.185261354360470477e+03 3.411767104639500872e+02 -8.764670125489405772e-03 7.637920046402266877e-03
1.051651754863618862e+03 8.429174984856560968e+02 3.556461777078899211e-01 -1.712917469866318543e-01
2.280721418594740157e+02 6.937184054384605361e+02 2.683697189357557057e-03 -2.053096852496130026e-03
9.592560192385545861e+02 8.456220083616923375e+02 2.764029758635210277e-01 -1.737233382802496895e-01
2.020519034192534207e+02 7.028469120415178395e+02 -8.169305078567249898e-03 -1.676113624547148281e-03
3.081344197428877578e+02 6.292170831702258056e+02 2.274368996351389983e-03 6.408806829714950790e-03
2.460658804124323353e+02 6.143953895174148556e+02 2.692179578356431249e-02 3.914160658090811568e-02
4.037440502098133379e+02 4.879416453089962147e+02 4.471982450389883623e-01 -1.443733940284852857e-01
5.402497881095924868e+02 4.575716980648942354e+02 -4.093566882630581549e-01 1.062247481978354502e-01
3.373871429273769991e+02 4.928840657785427766e+02 -5.143983948079402513e-01 2.056624215479464501e-01
2.972769796691524675e+02 6.036450854825928900e+02 2.369551363391517868e-02 -5.862260849912357720e-03
2.274877867284397723e+02 6.430539873407116147e+02 -1.243354676094554634e-02 3.667373476320569953e-02
9.853315420361085444e+02 8.285982110658017064e+02 3.229440271241666993e-01 -1.571676106856982891e-01
2.292284436394900240e+02 7.144974558312197814e+02 -8.808056444082120340e-04 -1.055445882901823390e-03
2.911808590313955847e+02 6.606422733874835558e+02 -9.295277846050420054e-03 -9.590918367507583753e-03
2.400109002283046209e+02 6.483236186249750972e+02 2.330397701022172212e-05 2.986543848393948333e-03
2.503304456605023347e+02 6.517290152456113219e+02 2.046921470672273015e-03 6.551657170559950505e-03
1.073847471075256408e+03 8.070923422570533603e+02 3.552422923027220847e-01 -1.863020741006802539e-01
3.238857673515383908e+02 4.806554022682512937e+02 -3.141808939063810060e-03 -7.610462431397770934e-03
1.089079917880487528e+03 2.131470335773649083e+02 5.887103508104638006e-02 4.639193979431556480e-02
2.876878568485610117e+02 6.643475136167614892e+02 -6.704300661040899379e-04 4.307803914429367970e-03
7.874694376989206148e+02 3.817349290618625446e+02 1.212383060640701282e-01 -1.193554587445432719e-01
3.690969544059245777e+02 4.619826751888832632e+02 4.167247561153059610e-01 -2.889417758603827768e-01
2.458522924604585000e+02 6.651103498729036119e+02 5.275614640198108152e-04 5.507617818366135516e-03
5.635740817241676268e+02 1.016179081248272382e+03 6.291897451639156813e-01 -3.088979913634409269e-01
2.694648450258271737e+02 6.568410391558911670e+02 -1.621833891689031682e-03 6.134362214107559781e-03
2.101826979928610228e+02 7.358396094601067716e+02 -2.063494679336289050e-02 1.700139450933042112e-02
2.901238837296960469e+02 5.992358627524082522e+02 1.124463715647850554e-02 4.215644063909095192e-03
1.023528585467703010e+03 1.659561584816822801e+02 -1.558352912504327829e-02 1.375353137594806201e-02
1.234252732639777605e+03 2.809109387787519836e+02 -5.423697320590897472e-03 -5.518743971583379287e-03
2.920779827011047587e+02 5.786021084672414645e+02 -5.805891226683311535e-03 -9.530011540686479654e-03
1.172233133404806040e+03 2.531749443462564102e+02 1.370060902216002630e-02 -1.541099681169766410e-03
2.226814317171187554e+02 6.853215740419187796e+02 -1.157023319788128999e-03 1.529047841380824953e-02
2.891512838005612025e+02 5.872625501802438066e+02 -1.197517327110551475e-03 -4.625949559653289717e-03
2.310571063388885023e+02 7.241103172234126077e+02 9.775793099409762175e-04 8.300216297595740603e-03
1.236394467208086553e+03 1.352088670155532668e+02 -1.004635382877054151e-05 1.595508480134824733e-03
2.676905142343467787e+02 5.809473763508225375e+02 5.363740153873748466e-03 -6.159530101728147473e-03
2.120223659820877629e+02 6.859274522590544620e+02 -7.025700650003030090e-04 2.862489781565083838e-02
5.587285691919583996e+02 1.013984291797292599e+03 6.468519742880954881e-01 -2.807285022277298814e-01
2.201133133591870319e+02 2.997233329566149678e+02 -5.531627877606478533e-02 -2.449000343359422349e-01
3.894166204257142567e+02 4.528534755817208293e+02 4.522340668617478299e-01 -3.531484894808468722e-01
9.305279564928794116e+02 3.439811841009685054e+02 -5.590892818229349359e-01 2.396480936833629838e-01
2.583363570817128902e+02 4.617834106832739280e+02 6.066685968037988574e-04 1.945150392924125532e-02
2.847681339392199220e+02 6.276082702372162885e+02 1.701923561638680592e-03 -8.933110183588184117e-04
2.673641646021675911e+02 4.714623355511795353e+02 3.735994182820528281e-02 -1.613959971238878854e-01
2.715937809977328357e+02 5.094366178055481669e+02 -4.712477877041685442e-02 2.253923581546072863e-01
8.815796651590945885e+02 3.084830194475309781e+02 -5.921646851463472361e-01 1.885304966907068169e-01
2.256246055668381700e+02 2.923894026953001912e+02 -3.084363747411084794e-02 -2.429174975694008420e-01
5.007399647660224673e+02 5.120782799216349304e+02 6.974510878411407377e-01 -8.493287284517406222e-02
1.491028030165317375e+02 5.251242949471952670e+02 3.616692055360734136e-04 5.319458235567478717e-03
2.267575131627393432e+02 3.252723809394448722e+02 -2.288695195144755529e-02 -1.861662314662774209e-01
1.237341965040615378e+03 3.994621212422034091e+02 1.296847299630430337e-03 -2.122371357081016786e-04
2.919005499972130906e+02 5.272473631683158146e+02 1.149149915257456772e-01 1.938384940126902378e-01
2.920385266037225165e+02 5.646032065343773638e+02 1.219312659178074104e-02 1.567580576176223414e-02
2.501469301735452007e+02 4.976685053938817873e+02 1.041699628517968020e-03 -1.057941698268234469e-02
1.115099194372593047e+03 1.699741497581624401e+02 2.481419679583772922e-02 -3.728619106586375216e-04
9.901675898715571975e+02 3.539005545806904820e+02 6.409237698699031816e-01 -1.560469404133451310e-01
2.807701555250595220e+02 4.743050883338338508e+02 7.140346561400877368e-02 2.074298783452703798e-01
2.459508807559245156e+02 6.824023335567434287e+02 4.580722187087909146e-03 2.776182631747036497e-03
2.877829065413502576e+02 4.910524948974210133e+02 3.449607293296961391e-02 2.734857285835980978e-01
1.148366708744718835e+03 2.712906125963739896e+02 -1.122571740747483997e-02 2.276467563022892548e-01
4.629194314289719046e+02 5.320542057204818320e+02 -3.788194066677165739e-01 -9.194228465783044202e-02
2.404270747207655461e+02 6.808165774052692996e+02 -3.085871933143605368e-03 -1.522087915697675981e-03
2.760405460441263585e+02 4.692316791776292462e+02 2.473611548137708699e-02 -1.807455982974859876e-01
2.819431062540776907e+02 5.599753548490105004e+02 -9.824050759240016747e-04 3.532832733258776947e-02
2.854784302901190358e+02 4.746913823382258215e+02 7.000601757775118394e-02 2.143565371448815371e-01
1.139098441117839229e+03 2.305601182329331778e+02 2.908528983270305610e-02 9.904260693584526418e-03
2.537242265034084028e+02 4.155352709327456751e+02 -1.502105454300284582e-01 -3.988988372192819876e-01
1.116555579805694379e+03 3.528028218712495345e+02 5.742391298084308787e-02 -5.919937397020093306e-02
1.009769583945802424e+03 8.673497907133837543e+02 3.697668137333505189e-01 -1.476500643233845389e-01
2.727860071145962024e+02 6.537986199908141316e+02 2.005901597427320760e-03 3.043227749727331777e-03
3.267379152718119144e+02 1.051147699795881408e+03 4.271340454900355438e-02 -2.418099884598272006e-02
2.861989258369733307e+02 6.186722106303190003e+02 2.937664438114115720e-02 6.586220689225323610e-02
3.802847933908283267e+02 4.892217493641957731e+02 -5.302040312216802498e-01 6.895513510697202919e-02
9.539720992468946861e+02 3.157414900273544163e+02 4.980656982127478760e-01 -3.918880809327120879e-02
2.814078157993388345e+02 4.898696177929973601e+02 4.214965880809717208e-02 2.688820841842827769e-01
3.185673575086391338e+02 1.062205465119901646e+03 1.822244033538855321e-02 9.031744358868075417e-03
1.179279344682783176e+03 2.432196493334248260e+02 -6.181787098019341127e-03 1.595297045013813935e-03
9.726081298611481998e+02 3.208576832702405568e+02 -4.375324434221857794e-01 1.794160743718079820e-01
2.887432829554573459e+02 4.792518616623395928e+02 3.540746704291086039e-02 2.794147513750571687e-01
2.396089548261277287e+02 7.040580680728777452e+02 1.417433298482842236e-03 2.314795858154920522e-03
1.106691039614698639e+03 1.699417806159124780e+02 1.552502510049040829e-01 -6.735584371912750612e-02
2.765113460494516744e+02 4.536383677169306452e+02 4.591913931387965608e-02 1.483327541398191951e-01
2.534217568005100247e+02 7.017600215463211271e+02 5.560340893320771076e-03 6.114826756735362162e-03
1.037983996353618977e+03 8.004752843100262680e+02 4.197215866288174779e-01 -1.917485902314050583e-01
2.318594401576245616e+02 6.741870235739446571e+02 -8.286233916652294487e-03 -9.155400705638628428e-03
3.699182365842643776e+02 1.046162191093477531e+03 5.490930837419846560e-04 -1.477524057362292241e-03
1.183113884165790068e+03 2.112158535434779481e+02 -5.507412384702655740e-03 -3.517843822048306694e-03
2.637187308082882851e+02 6.770865997556151115e+02 -2.028755024970043536e-02 -6.288041888827066057e-03
1.174145227700211308e+03 1.869714391124527424e+02 -1.097968519998896320e-03 -5.843850238615612772e-03
2.851240954777895240e+02 4.611663695923405726e+02 3.980770766725860721e-02 1.991955899025364130e-01
1.221373391821146470e+03 3.492123095052687631e+02 2.767790212461963828e-03 -4.237435996591700990e-03
2.722810722115827389e+02 5.946602767917516985e+02 5.377298975029607374e-03 7.931338248544316655e-03
3.218784600712510837e+02 5.936824812513984853e+02 -2.034941647908940221e-03 1.406242703498296331e-03
2.488595547516872273e+02 5.128369882480417346e+02 5.964079707244270695e-02 -5.452387008940019070e-02
2.964405055870163324e+02 4.606526035364535119e+02 1.289150516379547820e-02 1.885972672008985884e-01
2.752928871805736435e+02 5.608015432534505180e+02 1.720017762147000445e-02 6.028795877803009087e-03
1.173989259484716740e+03 1.703874591643257475e+02 4.431352411512703288e-02 -1.686063058791361854e-02
2.342848744957487668e+02 6.401624846281630425e+02 -1.492162659206546773e-03 6.517569432618290984e-03
3.053070993850584500e+02 4.572195698419752716e+02 -1.824437628114299048e-02 -1.740070570771690139e-02
2.729071184814122830e+02 6.789119718420549816e+02 8.942339168175514851e-04 6.748152919197597695e-03
1.117686160689881945e+03 3.299455676227057097e+02 5.810853081226410519e-03 1.008426393311799216e-02
8.650701887869967095e+02 3.776638886892635014e+02 3.705352510725702930e-01 -9.956652843721704171e-02
1.147213524710190086e+03 1.932903898733187873e+02 1.079767195652394686e-02 3.380083199850404674e-02
9.084117522428949769e+02 3.034341403636233849e+02 -5.275753414735757651e-01 1.356045619833066151e-01
1.196199394815457708e+03 2.949024263042832104e+02 -2.312721874128972621e-01 -1.986299766157203772e-01
1.097693294298638193e+03 2.556068916053096416e+02 -3.759291491674948693e-01 -1.679981984059341904e-01
9.131414939134866700e+02 2.786868767300458671e+02 -4.205929991374472987e-01 2.551233178158874293e-01
1.086933501341370857e+03 3.400279338746190092e+02 1.177466161060251350e-03 6.122288055134148151e-03
1.809784639519780569e+02 5.289229149371957419e+02 -3.842808163021352863e-01 -8.606435777141546728e-02
1.199104034773407193e+03 3.765678314950625349e+02 -4.566556798100365570e-03 6.142954908751665881e-03
4.517155486542744143e+02 5.134999149810141716e+02 -4.764618583410110131e-01 1.349457400317201072e-01
2.501961323922923839e+02 5.947572167376314383e+02 -1.055885800586101042e-02 2.980673290323357784e-04
8.974598218879045817e+02 3.743756443059354524e+02 4.952026116870663630e-01 -2.792135846464539797e-03
2.566678178274534048e+02 5.170521976825427828e+02 1.946134269442300821e-02 -1.543404548914328045e-01
2.453304283255794189e+02 5.794075936161043501e+02 -8.539176493000599430e-03 1.821155470508083532e-02
2.694380342584605046e+02 4.550692522168491791e+02 -2.675183296141013523e-02 -1.901236869989042788e-01
2.442676142377187318e+02 5.934190358583374518e+02 -4.628991410974736716e-03 -7.426460545133576480e-03
2.527047325275262892e+02 6.420686308130027555e+02 -3.706954104337165101e-02 -6.207705701130482312e-02
2.631015169451068232e+02 6.061835560734087949e+02 -2.817488774983550794e-03 1.038720042758838405e-02
1.050553666881747858e+03 1.997556298471843661e+02 -1.314429778388483475e-02 -4.947841724898192212e-02
1.235659568808020822e+03 3.167303115713924058e+02 1.161010952004321306e-01 7.323381877441108301e-02
1.929669926547506407e+02 5.240951755932826472e+02 -2.907492414667828817e-01 -1.736816323441090493e-01
2.946571298228562910e+02 6.357975007442462356e+02 1.156575134948435377e-02 -4.753263075928213129e-03
1.167506435903534566e+03 1.553609018122063503e+02 4.260984189645254140e-03 7.408451660321622827e-03
4.410623246482985564e+02 4.944625097505060580e+02 -5.194970941839970324e-01 9.888997644627139927e-02
2.368025086063538538e+02 5.062108793856852458e+02 2.598416673548638290e-04 -3.385532042268427078e-02
1.680892752836492718e+02 4.896261425609010303e+02 -1.620923799403475030e-01 -3.367140973331727571e-01
1.178121603719844416e+03 3.533564794634825716e+02 -5.315863079019463380e-03 -1.928033256794295467e-03
2.204614955507183822e+02 5.788184463685556693e+02 3.731897835786858464e-02 -3.835595766931626516e-02
4.479632513657016375e+02 5.185292298382737499e+02 -1.688390495663252555e-01 6.116600826293965704e-02
1.106508635422562975e+03 2.374487020370818016e+02 -4.874217836684260853e-04 9.979240711083215646e-04
1.606124429494054482e+02 4.950201209785302581e+02 -1.713686848856425249e-01 -3.334029304854856379e-01
2.109588675682993255e+02 7.239465013508843185e+02 1.216028995262061901e-02 2.971998631274611405e-02
8.708431728234797902e+02 2.947460816008765505e+02 -6.244132050395535538e-01 4.339703125964399777e-01
2.064760756752253315e+02 7.267034132199081569e+02 9.200514922293951195e-03 -1.193591011084469853e-03
2.826048413398733032e+02 6.507408635876864764e+02 4.928715148604858633e-03 -5.220623967815218348e-03
4.158603642413472699e+02 5.598759963949039502e+02 -5.761079355176181860e-01 2.380018754166037531e-01
2.689999519048615184e+02 4.202822686259133889e+02 4.926516131269573218e-02 1.251489957870582093e-01
2.370175572967300184e+02 5.317160913359836059e+02 6.388848154699447446e-02 -8.116849802273477799e-02
2.284983996625733482e+02 7.065917173079664053e+02 2.164584711041448156e-03 -3.855867891085907988e-03
2.490929574238600139e+02 5.365937304045050951e+02 5.807549093764417109e-02 -7.955730074861931678e-02
1.203013099091386721e+03 3.872781767670812769e+02 -2.376808840022202191e-02 8.976166992566743039e-03
2.649090519990751886e+02 7.297164019149101932e+02 7.326250766171520622e-04 1.236110674707930268e-03
1.162883463323362548e+03 1.941288795633275583e+02 5.143977530294007589e-03 -7.883195123731289930e-03
1.152971668337670735e+03 2.690615414813108259e+02 -8.483003581161911721e-02 -2.806332693404500062e-02
1.211658574525205722e+03 2.790890751729630779e+02 5.643686724320420151e-02 -1.009254995429601093e-01
2.514094048013272982e+02 5.274506660072120212e+02 -1.730798042255480840e-01 1.706045529778567327e-01
1.002677285257462927e+03 8.407056258959651132e+02 3.076262552866277367e-01 -1.437444609599077827e-01
2.776962303907001228e+02 6.595886176327944668e+02 -2.996339225056558232e-03 6.820061066823744980e-03
1.280874744211095049e+03 3.718786979682610649e+02 7.742923346360821831e-04 -1.714421062162034678e-03
2.721999840148156977e+02 7.167797411034011930e+02 5.376593286248497819e-03 -3.659569381163759513e-03
1.394763452554625758e+02 3.890157311039827164e+02 -2.761280636260360442e-03 -9.573588513685851731e-03
9.828724536527760165e+02 2.760381316815397668e+02 -3.703602818077117442e-01 1.256879712026189588e-01
2.740949115510848060e+02 5.832166718903633864e+02 -2.107150852453958025e-03 -1.626954976155381080e-02
2.429995499061707278e+02 5.446212619284201537e+02 6.810243481245750741e-02 -1.012959357434735919e-01
9.833465320513771530e+02 3.452755038500187084e+02 -5.691213405626234234e-01 1.398695182871718123e-01
1.118070455035471696e+03 2.336133169744450413e+02 2.299246462803464577e-02 -2.594545471504655643e-02
1.102649917050468275e+03 3.497656001013668856e+02 -6.956580870170757033e-03 2.470864967917051069e-02
2.669443644976156520e+02 4.007065064174166196e+02 3.611507069909255380e-02 1.772895525987814580e-01
1.212036526738653265e+03 2.557494361688025606e+02 -1.319736348817752850e-03 1.005429993216466755e-02
2.476850522988119394e+02 3.973945829834804044e+02 -1.445113411474812648e-01 -3.929379249167413435e-01
2.303209102208516583e+02 3.455242973270810580e+02 -1.075389896450509725e-01 -3.678409312886131155e-01
9.650188788176640173e+02 2.646501270671250268e+02 -4.052571787242019719e-01 2.151498010962837326e-01
1.178452045650071341e+03 3.462313329103870387e+02 3.565944836786641425e-02 -1.257134533902460466e-02
4.132009524831714202e+02 5.041709531658732999e+02 -5.638262172396704131e-01 1.317882211037005313e-01
1.989850563367299117e+02 5.456585659002760167e+02 -2.185185991695052510e-01 -2.165384156649931557e-01
1.036031724261009458e+03 2.012961986648188883e+02 -2.123707892597255231e-01 -1.705886732005587880e-01
1.088593603851566058e+03 3.316813504843588021e+02 3.209208170968093701e-03 -4.426041006204083604e-03
1.091192188537861739e+03 2.316699985488445463e+02 2.589140569110139414e-03 -1.315309128756888486e-05
2.431914780995585090e+02 5.575241552631925970e+02 7.255378834826903267e-02 -8.846606165874874861e-02
2.656155035715100894e+02 4.083198912065559512e+02 4.924948161069415964e-02 1.304666087342564729e-01
7.023000080916991692e+02 4.413794793791008715e+02 -1.464698485757244279e-03 -1.487593238292303499e-02
2.333360251923975284e+02 5.541595557155819733e+02 4.150745876134521312e-02 -8.486492099180030502e-02
2.292050057091867359e+02 7.445643840664415620e+02 4.008372702431003617e-03 5.797705780086028545e-04
1.196054616488290776e+03 1.857730350833236628e+02 8.378115071309366613e-03 -1.403427890825568146e-02
1.512578810010151358e+02 4.541619271895737029e+02 -9.177587523429856170e-04 -1.764370912778218592e-03
9.232468154328654464e+02 2.545933010020044094e+02 -3.893835758074855602e-01 2.387034177570034332e-01
2.331356852274267055e+02 7.022717890202090985e+02 -6.344974535281126468e-03 -2.991124744772326316e-02
1.962055477880590217e+02 5.509811128984345032e+02 -2.060346240057791267e-01 -2.209970687834678649e-01
2.200794498246230262e+02 7.412503176042952191e+02 1.122003812397035383e-03 -8.906294237384386817e-03
2.178839805957447027e+02 6.422825865224626796e+02 -7.920437055561212192e-02 7.267776342885527360e-03
2.422590571154387362e+02 5.654136461508313687e+02 5.830460216769368931e-02 -1.729126448356404222e-01
1.269923035457044989e+03 3.388680299488689798e+02 -8.813064734913450549e-02 1.915698652467683338e-01
4.619122587377659102e+02 5.017408341573341204e+02 6.196629888268867514e-01 -1.213514752900871629e-01
2.546067945585937196e+02 3.986768881536000890e+02 4.656485205897457208e-02 2.192242657043997900e-01
2.296782537045226320e+02 7.737015009095015330e+02 4.844249058803339059e-03 3.411639167276718683e-03
1.109597390365425781e+03 3.387753601152923579e+02 -3.341772110863332201e-02 9.497502429676297694e-03
1.013346570509651315e+03 3.252812392618772606e+02 -5.131190322404908244e-01 1.459249897338872615e-01
2.392820013225095863e+02 7.306029422795078290e+02 -1.432699470850683568e-02 3.148178278446820463e-03
4.289574976646252367e+02 5.041432943256045291e+02 5.369117122483471061e-01 -1.188394861741143005e-01
2.592242559179624664e+02 3.927194666438566060e+02 3.700198665265672093e-02 1.987028644089690876e-01
2.588394487200838512e+02 4.065737122423004166e+02 4.757288279754161298e-02 1.524606936860067596e-01
2.708243912413809653e+02 4.662155002681932956e+02 3.775957350980474470e-02 -1.317240276894530993e-01
1.176430077222167483e+03 2.136990619331496646e+02 3.322570074418097069e-03 -3.773185477624025046e-03
2.237630943124093790e+02 6.574193643660059934e+02 -5.848391573498992746e-03 -7.006140031440772405e-04
2.323848693833939478e+02 6.228275582290881403e+02 2.558435299764000043e-03 6.335817103659467826e-03
1.260104762925597242e+03 2.949504956018053576e+02 -3.311457567807644248e-02 -6.753166352945184914e-02
9.040083030479968329e+02 3.404715907249598104e+02 -6.456943914046482380e-01 1.507968896739282638e-01
1.736909285066730035e+02 5.728950310154173167e+02 -6.788602472893459638e-02 6.222465299192145305e-02
2.859626361375025567e+02 6.376953171354103915e+02 -6.296411725779672494e-03 2.541083459627005436e-02
2.702815605107662691e+02 3.804195906910202325e+02 2.610025464066315082e-02 2.027362423533138058e-01
1.089941151675204537e+03 1.841021309892674935e+02 -2.564356154797822751e-02 -1.594763730743029365e-02
4.905317326230320987e+02 4.515807176226120419e+02 -4.406639410398449086e-01 1.666294260437733155e-01
1.208301138967404995e+03 2.524280332786106840e+02 9.814077732140630284e-03 -3.494712700224548996e-03
1.001049061944607047e+03 1.786619859669859522e+02 -8.530757430394890484e-02 -1.564606174020451712e-01
2.275518498467617121e+02 7.308326322574199594e+02 2.542116145838179287e-03 -3.120527814624185926e-03
2.313868799006859831e+02 3.321585307047151900e+02 -5.363618885912013745e-02 -1.993907469374901209e-01
2.328732245003542118e+02 5.410523377509715601e+02 5.478571447448170317e-02 -8.584396645949704530e-02
2.967983706328450921e+02 4.814723000538240854e+02 5.413584085260485929e-02 2.191546367201002432e-01
1.182448309224732157e+03 1.827612356080288123e+02 9.991572892528379976e-03 -3.623595306922564908e-03
1.731249435978500344e+02 5.422153011577130428e+02 -3.200395277356593016e-01 -1.726548462964855035e-01
1.135391998035295046e+03 2.255039746325291219e+02 2.646750986018064911e-02 6.638815988462637430e-03
1.184745884585073554e+03 1.903423087013521240e+02 1.343272191377196771e-02 -7.167446625780849942e-03
2.518752128615065260e+02 3.902296341224740672e+02 3.228685130043929680e-02 2.149732511175512228e-01
1.138098496819266302e+03 3.738800789883061384e+02 -1.384981932798413917e-02 1.706938713500833968e-02
6.170240223590453752e+02 3.892667721726002128e+02 -1.726426785357899028e-03 -3.430030288838436386e-03
2.670631103593209446e+02 7.204142564773574122e+02 1.197616115116533798e-03 -7.793879277203201450e-03
9.667029999583264726e+02 2.879951544524910787e+02 -3.853712619220346913e-01 1.830516226700643623e-01
2.321929859312879501e+02 5.779311063675951345e+02 1.737225484271702203e-01 -2.391664501063128223e-01
1.086690982366416392e+03 2.016048830040531641e+02 -9.055820583683153735e-02 6.715461834584242340e-02
2.519128525439886062e+02 4.817119914362444888e+02 3.027628499097264128e-02 -8.022644542572744675e-02
1.167628811233589886e+03 1.973303272606820542e+02 7.638028461435106276e-02 6.250336654642606182e-02
1.091046134810674175e+03 2.934906321194505949e+02 -5.038099291875260954e-01 2.411625800988776713e-01
1.045422940589294058e+03 2.277563501656102858e+02 1.737814000026144945e-01 1.577908520758021238e-01
2.123723026780674275e+02 7.469296302190617780e+02 1.009132327398459469e-02 1.143086201085733930e-02
1.116098229658234914e+03 2.066431911393068503e+02 1.724692009776782053e-02 -2.571795193008095254e-02
2.629097551728586950e+02 5.088076944791271785e+02 1.024018120985257380e-01 -1.140343800359060605e-01
2.595893566400274040e+02 5.544963599303413275e+02 -2.995471286325345275e-02 1.033021238213268078e-01
1.030218985410302139e+03 1.609041013396287383e+02 -9.812942799663408253e-03 8.412760487906685569e-03
2.616821580682876061e+02 3.759001212106221601e+02 3.929171778037468532e-02 2.073832782057561663e-01
1.046155179767465597e+03 1.724423845781433613e+02 -5.693446738972186144e-02 -4.141602241683941393e-02
2.193172298537434131e+02 6.988767827851938819e+02 -4.341466973035703648e-03 1.930010395220519738e-03
3.975621980405992986e+02 4.980941333436172727e+02 -5.598742757674041171e-01 1.809632335107189405e-01
1.095292917251422978e+03 1.550942152890276873e+02 -1.136162519384411587e-03 6.229475603445021326e-03
3.472020815324788714e+02 1.066397802423635994e+03 4.259618786761057950e-03 5.190418445251209628e-03
1.076048042458885448e+03 1.837778474033423777e+02 -1.664285254749004947e-02 -6.689532989728737278e-02
1.033473147733136102e+03 8.316957694393004203e+02 3.595530734616100843e-01 -1.211966055047619950e-01
1.204973405424125758e+03 2.673141685401299696e+02 -5.932045055780492578e-03 1.120335278448696993e-02
1.194217376637306643e+03 3.752691003779692664e+02 -1.016041898455708609e-02 3.245591012077594928e-02
1.156750034064214788e+03 2.310415586682843809e+02 4.952959295791299274e-03 2.573290851796543668e-02
6.643805823593739888e+02 4.888961063041964508e+02 -8.805338702636798798e-02 -7.337013338250604477e-02
3.406548817775928910e+02 1.067799263331601423e+03 -1.530387367490157685e-03 -6.391869133060278617e-03
1.079960893711677500e+03 1.988609544351760405e+02 -3.829352123195330949e-03 4.279245251868640798e-02
4.100713417043162394e+02 5.076191580193616346e+02 5.564825190184372605e-01 -3.927563015850574213e-02
1.428880933110347939e+02 3.920789066152276519e+02 -7.034971233868627695e-03 -6.036057699475913009e-03
2.824241603867553749e+02 6.026859511953205129e+02 4.273070141550198119e-03 3.098402684820552471e-04
3.647527032474396265e+02 5.198997041271119315e+02 4.605801283305110405e-01 -1.216857617014880794e-01
1.923273954912531849e+02 5.583358604288737297e+02 -1.298214155475405085e-01 -2.187208030484957821e-01
2.330674940490364975e+02 5.965475996872401083e+02 1.585400449338134066e-01 -2.077131506402086214e-01
1.190362551167233050e+03 1.828667951790888537e+02 1.479836242410693600e-02 -2.815112259078756882e-02
2.496351339832267513e+02 6.812315190163742500e+02 -1.080194807134195883e-03 4.641046337170418555e-03
2.097786964843249393e+02 6.434801723865496115e+02 -5.360494355714832959e-03 -9.884948396839574394e-03
3.607843563610585420e+02 4.700498938989021553e+02 3.767189189595694376e-01 -3.283047444006036431e-01
1.112036204422763149e+03 1.925164109801419556e+02 -5.756890582132079270e-02 -9.733196158509038742e-02
1.145832887696319403e+03 3.303453033876613745e+02 -6.263437839424573425e-03 -2.349537383700820228e-02
1.101979798413365643e+03 2.332205834109682883e+02 -4.620960199005848604e-03 3.533644346677505561e-03
4.378424788968430335e+02 1.035662063332379375e+03 4.633334032962640459e-01 -2.032410044427620799e-01
2.035405122040196488e+02 5.581821762427592830e+02 -2.657362532889407519e-02 -3.051944645697906022e-01
2.675137522901994203e+02 5.920402160876016069e+02 1.551628363524786870e-03 -3.356892434229587826e-04
1.208180957046121648e+03 2.370542089717114891e+02 -7.470582609515320077e-03 7.467090373967097752e-03
1.149808393722783194e+03 3.950318893983999828e+02 -8.255770173779484675e-03 6.992855205407864407e-03
1.054738937934282603e+03 3.207071496238829695e+02 -5.872502808993899093e-01 1.239960831905809885e-01
2.507976237298018987e+02 3.679217753648449047e+02 3.033425110907507841e-02 2.614704258981397911e-01
5.943696969709072846e+02 3.688579467718885780e+02 -5.042797797249485951e-03 5.242550182962383426e-03
2.146530450744923257e+02 7.387457368972286531e+02 9.561470859540970762e-05 1.768593721058185977e-03
2.620990130292217941e+02 5.394749675279280154e+02 -9.639192585094216725e-02 1.949456096519839865e-01
1.240340383053059213e+03 3.343529756104706507e+02 -1.332297919363986932e-03 -4.042179148240897767e-03
4.123245277577561865e+02 1.077175236188023291e+03 3.912751104893774645e-01 -5.763036353463540234e-02
9.154629731679777649e+01 3.703573295114360917e+02 -4.574567182971582546e-02 5.199909614125632767e-02
2.605385604353229496e+02 6.242033530297525203e+02 1.313076670312556850e-02 -9.183650141592510086e-03
1.185621009360036396e+03 3.527251187023301213e+02 6.190855942203696456e-03 -4.144581656199119828e-03
1.090693880036928249e+03 2.936086414190572214e+02 -1.550685441482906567e-02 3.830678341623943578e-02
1.073395941362307667e+03 1.585909119959694067e+02 -2.155058388667600768e-03 3.629065256418054653e-03
1.023029550354595813e+03 2.730267848511925308e+02 -2.795014932267210206e-01 2.873086949438318771e-01
2.236735769675599101e+02 7.085549498593022690e+02 -3.625560161633428324e-03 1.534446123917468157e-03
1.066461348144460317e+03 8.292486410042728266e+02 3.324681343451674764e-01 -2.110500292172507175e-01
1.131983218772942337e+03 1.819471739305259916e+02 8.896347935703515300e-03 1.072456766967724634e-03
2.792702541517537043e+02 6.913131066989243436e+02 -1.093374129756834005e-02 -6.651552359015806479e-03
2.755574009106565541e+02 4.931906007391503977e+02 1.056840843349802217e-01 -9.368739112447106721e-02
6.661299245900049755e+02 4.639636967583084584e+02 2.857706366311355689e-02 -1.351554885009744258e-02
9.743885087609641005e+02 3.452172291816530674e+02 -3.887640419833788274e-01 7.800401698181649857e-02
1.297713530330998992e+03 3.547446215718892404e+02 -9.849339184999581984e-03 -2.401415695008455795e-02
2.203667281666025701e+02 6.035678918524916980e+02 1.463867368400777746e-01 -2.641697580376519694e-01
4.736339725021891809e+02 1.024349293633031039e+03 5.384784098754358261e-01 -2.601720595813514780e-01
2.062672479840809387e+02 6.954308581523106341e+02 5.127885804541554467e-03 -5.229899695619354312e-03
1.268289690210516483e+03 2.592764464771096868e+02 2.036689445931458102e-04 -4.099306226081997351e-03
2.904305646254235853e+02 5.209574043380448529e+02 3.357798456513147456e-01 1.234523748773493079e-01
2.577087338729214707e+02 7.141786788928305896e+02 1.126123663598691850e-02 7.422382321030706947e-04
2.594791995494970251e+02 3.531337652302105425e+02 4.170717027071162847e-02 2.147552050330010232e-01
1.039881666928140021e+03 1.751771622215283344e+02 7.121171296880180086e-03 2.370217424077600624e-02
9.289806027279819318e+02 3.173050815054963323e+02 5.123903290044957703e-01 -4.190139667421045183e-02
1.169040591111212507e+03 3.473448661470534375e+02 9.588580763323593112e-04 1.594248023871281186e-02
1.232764312445463929e+03 3.495683603316561516e+02 -1.843219345612014158e-03 -1.477003177994069306e-03
2.784131276002729010e+02 4.445528085162811749e+02 1.113048934521278094e-01 1.655966976477795671e-01
9.365543541598901811e+02 2.265264739923898674e+02 -4.479894482355771812e-01 2.699049384414869968e-01
1.099623150212880773e+03 2.175921491273959703e+02 -8.197344024298704179e-03 9.440996745165125548e-02
1.236003916552718238e+03 3.509529362086439619e+02 -6.029228622861806594e-03 7.533814553896560351e-03
1.366066552327809518e+02 4.032452122039131268e+02 2.101605763674834620e-02 3.724474832760243243e-02
2.604125811145577245e+02 6.853926644676544129e+02 1.688203265990694630e-03 -2.866883961560503721e-03
1.165560486099903528e+03 3.518172688593729163e+02 -2.790811072667799975e-03 -1.792196081800169483e-02
1.220365543680596602e+03 2.735977652197187240e+02 -4.266311561675795866e-02 -4.617695933741783332e-02
2.517997770186985917e+02 3.552066993126443890e+02 3.970442881405256835e-02 2.267712404516293856e-01
9.407225142453240778e+02 2.303598952615801068e+02 -3.021055300086262219e-01 1.771734832106258428e-01
3.316842760257602549e+02 1.086897282879669774e+03 -3.745971118790761972e-02 4.199009277886709378e-03
3.106383673553920630e+02 5.658565295033381517e+02 1.334185205439451793e-01 2.685889100885049952e-01
5.692897500258172840e+02 1.055459453850113050e+03 -5.827941241499949854e-01 2.842247647384391618e-01
1.194915314447849596e+03 2.027289553725255473e+02 -5.238009400389922240e-04 -8.775255462246537089e-03
1.169244484410517771e+03 3.690602430720496159e+02 -3.746635062879528910e-02 1.273476320936693662e-01
2.560144128676546416e+02 3.752691069024550075e+02 2.846796040754492191e-02 2.592162114793223338e-01
1.110416198697326308e+03 3.219447071410839953e+02 1.298259973006706501e-02 -1.327126443354272566e-02
2.133817008041849306e+02 7.136776649548578462e+02 -4.706624939565177252e-04 -8.060120088027297519e-04
2.739241603137191419e+02 6.203586406311110295e+02 -8.197113736327024322e-03 -4.442837457341594978e-03
3.388929322377986750e+02 1.087099428681697873e+03 -5.780350919612919219e-02 -7.184398728610752460e-02
3.401531101441316878e+02 5.432326009930974351e+02 -6.359949684534531578e-01 1.022873745942192852e-01
1.128244516341994085e+03 2.798293871689860453e+02 3.685014404825346923e-01 1.845158830474438461e-01
9.268040469786408266e+02 2.308655800743591726e+02 -4.390592020566467801e-01 4.289933340634141667e-01
8.699575039053524961e+01 3.563228236843550008e+02 -5.269654790937876310e-03 -1.447519523553086017e-02
1.918928086250156753e+02 6.024636199761085891e+02 1.263383786684827703e-01 -1.655546179395206152e-01
3.103074885763241468e+02 6.214585315058565129e+02 -1.049483193820504928e-03 -5.770084647030788300e-03
9.379141982530724135e+02 2.991397574410028142e+02 -3.782996802703231798e-01 2.615163406425806691e-01
2.762975720140535714e+02 4.241549704961491329e+02 2.197016839360602103e-02 1.461122677219559851e-01
1.157556135538859053e+03 3.313662470873102279e+02 1.084704548361964914e-02 2.258795443336535091e-03
9.735426671877179388e+02 3.520863149960694045e+02 5.418510401169838175e-01 -3.815723019411142863e-02
9.840304390830343664e+02 2.171508438731269450e+02 -1.695654402399641436e-01 -4.113971753878866572e-02
6.217428646781382895e+02 9.992422030526635126e+02 6.472131271099361705e-01 -3.681191714502241585e-01
2.473707637300237252e+02 4.078182892487277513e+02 -1.364479382557740594e-01 -3.814371082458697937e-01
1.197158223959336965e+03 3.153520503835322302e+02 2.443809525508492397e-01 -7.214152415923423545e-02
5.436166782257041632e+02 1.032496643305425550e+03 4.930096577438284333e-01 -2.652598103496070503e-01
9.022098961951169258e+02 2.382384355288517952e+02 -3.757978426172919884e-01 4.148934923652968787e-01
1.175149381481057389e+03 2.253129857298656020e+02 -3.559197140549879949e-03 2.824002903999834127e-02
9.490789548013269723e+02 3.014169654632931952e+02 -3.732506163260828624e-01 1.947106450017412893e-01
1.126309529220071681e+03 2.358065092686888136e+02 9.766700904150422621e-03 -1.048900677550009333e-02
2.721796611767882155e+02 6.608129687724709811e+02 3.122499967087331157e-03 2.273613255078773925e-03
2.611825567833827790e+02 6.965759884310897405e+02 -5.134141898740228124e-03 -7.493705977719742652e-03
9.154544326186164653e+02 2.664702830916838820e+02 -4.379520202414801111e-01 2.545453831331899175e-01
5.155752528085409949e+02 1.027994020685689975e+03 5.010295787977303572e-01 -2.462225670429927515e-01
9.321615003715839975e+02 2.913040907088923746e+02 -4.013222788299000143e-01 2.723995249272920249e-01
2.620956055248385610e+02 3.415081484767916891e+02 6.310531845429911968e-02 2.270491525064266825e-01
1.091017979384481805e+03 2.774194401073345944e+02 3.383223918498344251e-01 2.457734646097929077e-01
2.784385921805143767e+02 5.927369475375265893e+02 1.178050196673529129e-02 -2.777485452610346881e-03
8.650810578616674320e+02 3.918537615565509782e+02 3.593937499874800268e-01 -1.212142377418891914e-01
1.161191129639007841e+03 3.615654113220152794e+02 1.215138375593398552e-03 -2.067963598933422048e-02
2.529226931479097971e+02 3.417669235878572636e+02 4.642872605575909528e-02 2.278648435981509568e-01
9.422240322064459406e+02 2.801430554385427172e+02 -4.338394044980102282e-01 2.588715971664384274e-01
2.218429410792799956e+02 3.110357271596677720e+02 -6.373411235330644908e-02 -2.071662021698173761e-01
9.447154189064464163e+02 3.470108310107810325e+02 -4.357032654513862124e-01 3.066216253631974878e-02
3.741967767434076677e+02 4.929726310723627876e+02 3.714609267345928556e-01 -8.105936737389851654e-02
1.022804863952524784e+03 2.498140735945861763e+02 -8.804990788611224972e-02 2.652827610755286725e-01
4.412560399894346119e+02 1.042504708278523822e+03 4.504699771821255028e-01 -1.928278120229890147e-01
1.174678584278393373e+03 3.382112192692368353e+02 1.930708400266774967e-03 -5.100914127577914174e-03
9.125821963932683047e+02 3.124514793461025306e+02 -5.276576782537908406e-01 1.330898082414195827e-01
2.332083323716611858e+02 5.612684002547741784e+02 4.993290104512693173e-02 -1.672134278228395998e-01
9.460779290742113972e+02 2.522754644321992998e+02 -3.440659690604931931e-01 2.688210045400485360e-01
4.371019319781242984e+02 5.282370063231736594e+02 5.988806638363167734e-01 -1.163854711868126390e-01
1.141461973729385591e+03 1.885576943716499443e+02 2.296632668594881521e-01 -2.606538813453114223e-01
4.833730992498455521e+02 1.039641588979397739e+03 4.487686931160200787e-01 -1.994775384790491435e-01
1.056555663287789912e+03 1.638535067542220247e+02 1.771415213283268966e-02 -1.889668238711613791e-03
1.128963237805518474e+03 3.163600029600145831e+02 -1.254805831778489124e-02 3.296255122975118475e-03
5.849308661386832000e+02 1.045727317994462283e+03 -6.032005122310152290e-01 2.923354637167462911e-01
2.613186978031149579e+02 4.667928119378868246e+02 -8.591586312313170565e-04 2.120629118107753355e-02
1.303656543225685482e+03 3.537033013089216524e+02 5.634572498629585730e-02 -8.655339609483048147e-02
1.002067445244601004e+03 2.878727004221572656e+02 -3.610742026631638124e-01 2.247030640824416170e-01
1.223602182700379899e+03 3.635569673725933058e+02 -3.948294585915400161e-03 -5.836161623123940767e-03
2.279664841591425386e+02 5.789184690560707622e+02 1.759092312398115865e-01 -2.365981498677118544e-01
5.579933800318557360e+02 1.050288447385639074e+03 3.826679546934917409e-01 -2.128581416742722221e-01
2.309336793719686227e+02 3.158339917323026498e+02 -4.572489560980996098e-02 -2.076169668806270852e-01
1.100899200485578604e+03 1.484949523191873197e+02 -2.355926797443064647e-03 -1.764651190458693198e-03
9.315421125068037327e+02 3.354406986570298272e+02 -4.708824233626753286e-01 3.032233115102968557e-01
9.838889887600117845e+02 3.353284236103100966e+02 -5.542585172499787660e-01 1.292147765487880462e-01
2.332446487003388427e+02 7.129651277837810994e+02 -1.810188818603875776e-03 2.580264497892851162e-03
5.120710259260013117e+02 1.047810424104500726e+03 4.112376136149538675e-01 -2.636035196872574815e-01
9.117952355007699907e+02 2.396767555773941751e+02 -3.881388887323158898e-01 4.227907794035699607e-01
1.156513054648503839e+03 1.488879929978099028e+02 4.227375957816097846e-02 -2.327126338530102929e-03
3.713863986916013005e+02 4.927529361109465071e+02 3.595974602835982914e-01 -1.178703418825699095e-01
4.262931440637414653e+02 5.146400779920323885e+02 -3.623518668002866927e-01 1.076080036295810616e-01
2.388500631692478748e+02 6.042915529719377901e+02 -1.560115544962504923e-02 -3.280953080474823067e-03
3.859337937288220246e+02 5.153325713778051522e+02 4.332055129697958140e-01 -7.989785390311500424e-02
1.104888260778769563e+03 3.252185427457868059e+02 1.777207299964364204e-02 -2.074164482484048069e-02
2.977832941176552595e+02 6.544325262552666800e+02 2.577930147843758048e-03 6.639385913452918592e-03
2.637867670312062387e+02 3.556196360851170084e+02 5.268511344449410688e-02 2.221762264917171159e-01
1.054820740407872790e+03 2.274556364173883480e+02 -4.534032443075983188e-01 -2.709258671157809273e-01
9.772373148834066114e+02 1.714781995072468135e+02 -1.885575223207238693e-01 -5.142078727824653250e-02
9.992672538292800937e+02 2.776550784818331863e+02 -3.141243230003891163e-01 2.193254619587360899e-01
2.369207165199693748e+02 6.216251753572810230e+02 -6.543907367234389448e-03 -2.175157186101643950e-02
2.773059330745280704e+02 6.394811424212552993e+02 1.516826216617470037e-03 -1.072102318355991650e-03
3.243512851704668947e+02 6.083502472928231555e+02 -1.377752618459948664e-04 4.454159001617278429e-03
1.127532398894850076e+03 2.184273355869808029e+02 -3.449422480562224294e-03 -1.170283512620650702e-02
4.708405044545686451e+02 1.061996594131936945e+03 3.951492359362941409e-01 -2.460142118539932754e-01
3.743677642117551727e+02 4.771002200535585871e+02 -6.729035330446474505e-01 2.119362747897628185e-01
9.397346386362222574e+02 2.659085150137424876e+02 -4.101721716776257076e-01 2.443791667860669148e-01
1.830025742995449320e+02 6.222083592929428733e+02 6.095854965519776486e-02 -1.557710054897667451e-01
1.019321412699777397e+03 1.767646401674964238e+02 2.435081277220581958e-03 -1.131545547894298176e-01
5.846398227218415968e+02 1.062482800465751097e+03 5.214072464925698647e-01 -2.194388212365871726e-01
1.132853187820689300e+03 1.873024125332346443e+02 5.804525507040008119e-04 1.003010532949611885e-02
1.241713116860176115e+03 3.277000627709185210e+02 -1.031430438849996120e-02 1.355633448986507230e-03
1.921051985463468554e+02 5.625881668435716847e+02 -1.080897613050600253e-01 -2.335243402058085338e-01
2.658530474813231876e+02 3.724902881967483381e+02 2.397589270833915334e-02 2.206915429269620532e-01
1.106792400088439990e+03 2.147492637099943806e+02 -4.898150652129155957e-02 1.347744586625303775e-01
2.611214271741372386e+02 5.444354421029413515e+02 -1.980187301029108157e-02 1.496735474624623641e-01
7.017618917964347247e+02 4.012757521038583377e+02 -9.487171676387040620e-02 -1.189475281270030993e-01
1.183499209649790373e+03 2.271350083506195858e+02 3.148492986586254230e-03 -1.646920447502133941e-02
2.521591341984081680e+02 3.809679321401395100e+02 2.173028999434162278e-02 2.257727391220417101e-01
2.937356384092750545e+02 6.128486354755256116e+02 -1.017701997812035276e-02 -1.977643395308305990e-02
1.832154989791131072e+02 6.046507663965378470e+02 6.206617296660318223e-02 -2.134138819293175393e-01
2.500493314940655978e+02 6.986007235563257609e+02 -3.078681685916152648e-03 -7.779987723948255003e-03
9.241467714243506180e+02 3.389486028616209978e+02 -5.579876715393117248e-01 2.306507197289729694e-01
2.094013155376530904e+02 5.837883701344760539e+02 -3.798539050420134729e-03 9.486624815606477246e-03
1.210667805692619595e+03 2.437803638573038540e+02 -5.221354100094326156e-03 -2.711539042888831599e-03
4.875847590453260523e+02 1.061759288963583913e+03 3.763784097323469302e-01 -2.292756795363046773e-01
1.096350674213961156e+03 2.885931885107800667e+02 2.827941722961247462e-01 1.881603288196803947e-01
1.041337099261801313e+03 2.356326395581657209e+02 5.360440280579307354e-02 1.529192260876754972e-01
5.056080685627658227e+02 1.059348125166021873e+03 4.018028689076439952e-01 -2.412982998873285656e-01
2.494107491238003433e+02 3.168515171713137875e+02 8.016949887742540193e-02 2.454923448288614807e-01
1.207751303332788439e+03 3.337744035811878689e+02 7.492569707443802463e-02 -9.856629483010692638e-03
2.538192408556970463e+02 3.279435265776862707e+02 5.674544618031180515e-02 2.672183192045049505e-01
9.392794942911880298e+02 2.479515749034040653e+02 -3.858439415139187090e-01 3.001086119772001237e-01
1.165359547508326841e+03 3.880756742301171016e+02 -5.826187448832624094e-04 3.224981751488523868e-02
3.135009310889787457e+02 4.703448571291836515e+02 -7.940430851952347269e-03 -1.601087158351760173e-02
1.204778304233129575e+03 2.559266052159760534e+02 2.488412643661732379e-04 3.563948648245046646e-02
2.836357737392642093e+02 6.792566862778861605e+02 -5.987598638633284502e-03 -3.819104355568357558e-03
1.124974159900112454e+03 3.686073534679489399e+02 3.154920979899867445e-02 -8.459556421187942182e-03
4.078564610950304541e+02 4.514427210130328945e+02 5.966703477643011677e-01 -2.683127507239899678e-01
1.134266350088425952e+03 3.194983538045875662e+02 -4.271594325887640743e-03 3.104396273923580585e-03
2.602158934531262275e+02 3.267594404980073364e+02 9.203320042536403123e-02 2.843239537065587186e-01
1.071493102024355494e+03 1.964136538074586156e+02 -2.312364132579898535e-02 1.511764312183492762e-02
2.482760895126443756e+02 7.599506316594391819e+02 4.121986016312771672e-03 1.206369815543547469e-02
4.765830377292951994e+02 1.026887689763535491e+03 5.055793284953055133e-01 -2.614578251879769999e-01
2.737369753529415561e+02 4.940663236393003785e+02 1.411034422434779834e-01 -6.612105613007229765e-02
1.272604098702672673e+03 2.817918164374561343e+02 1.078709870748888015e-02 -7.691502487004768518e-02
2.013959382058181120e+02 5.330731817184806687e+02 5.070915123308123579e-02 -2.234153689731198378e-01
1.168534515775558248e+03 2.941505443380798397e+02 -3.557521608744478314e-01 -7.309667279430515086e-02
1.250324000472550779e+03 3.043615271181051298e+02 1.023609036861032190e-01 -3.129229964825542415e-02
2.165113462287584696e+02 7.317829936063938021e+02 1.305082840139134247e-02 3.193014784225248898e-02
1.171167954202029932e+03 3.287373087993095737e+02 1.764601194890051128e-01 1.669481020954158845e-01
4.270612633694244664e+02 1.059985492279919072e+03 4.381224030294258442e-01 -3.043765819825194341e-01
1.247766097613033253e+03 3.266124372754032947e+02 8.907192450471196343e-02 1.307053937961093204e-01
4.870573843319870662e+02 1.067319322365783819e+03 4.096671252102966898e-01 -2.418488157667151583e-01
5.561143632399008538e+02 1.073010418187293453e+03 4.978682552461058952e-01 -1.818215459951792734e-01
5.822538962307306747e+02 1.054218657050056208e+03 5.535930654491775238e-01 -2.396670888141319566e-01
9.927626283659444653e+02 2.734886482547019568e+02 -3.128484073375998875e-01 2.095384287680867597e-01
2.733247482691216987e+02 6.141826356085293810e+02 -1.407145067402199370e-02 1.768879105179396337e-03
8.736282105947018408e+02 3.053422143432945290e+02 -6.392188435171712868e-01 4.433413906352054457e-01
8.967612011341269636e+02 2.983297439486185567e+02 -5.454510263933831649e-01 2.295002521564860620e-01
2.377100546069386553e+02 3.179628679388018782e+02 4.218173431863220940e-02 2.218037288033549437e-01
9.168680170846623696e+02 2.372222377803872746e+02 -4.226733396242151608e-01 3.842437067422175834e-01
1.141706539985754262e+03 2.487650764225327009e+02 2.264254116022075894e-02 7.230959928793143088e-02
1.252700101020480588e+03 2.795790461931283062e+02 6.007390936389075259e-03 -7.193017115594946276e-02
1.224196290309698725e+03 2.169783219609473974e+02 -4.233230502429908594e-03 9.311102821330319648e-03
5.089307018921721237e+02 1.067749382349601774e+03 3.771487079575190360e-01 -2.277382575894643102e-01
9.403935400556833883e+02 3.320203233137980305e+02 -4.853768495034168073e-01 2.760419381858972288e-01
2.677263384364233048e+02 6.092985338724414532e+02 -7.386606306276985098e-03 -1.648008822842099864e-03
4.715087680827367080e+02 1.068831389179298185e+03 3.904780964801048970e-01 -2.577172161861698840e-01
3.094884110956597851e+02 5.364245102813478070e+02 1.464740595788245336e-01 5.098714484698999572e-01
1.117074106798758521e+03 2.138617523115353549e+02 -7.072443893309922867e-03 3.147077203299384479e-02
7.531853697330607247e+02 8.451569541832152481e+02 -1.274570795892419179e-04 -4.604013173942047080e-04
1.037682748881998577e+03 1.590733281106111292e+02 -1.230174370468830602e-01 -3.810164786104883183e-02
1.210576838452552465e+03 3.074061350487279469e+02 1.039251516216235516e-01 5.862866558140134368e-03
1.060134672245699448e+03 2.302783632789165438e+02 -4.639721982586688664e-01 -2.479148386050508690e-01
2.478364909349317884e+02 3.234470505251542818e+02 3.834558245452231173e-02 1.512895915095696930e-01
2.831988187596121520e+02 4.493129267709500141e+02 6.435776068604473488e-02 1.538093255926244185e-01
5.535256051677226878e+02 1.044729052235978315e+03 3.864397449782293048e-01 -2.345108438998954881e-01
9.988758432701290531e+02 3.395878623700255048e+02 -4.688560898190653470e-01 9.771531575128986069e-02
1.177433921104558749e+03 1.602542818590198124e+02 2.051675568763544621e-02 2.047875381975505435e-02
1.115826704232053999e+03 3.419207075885456106e+02 -1.470491893498303976e-02 1.678276521797591320e-02
9.560105036987517906e+02 8.404843554066819706e+02 2.682782016952398596e-01 -1.543172396200325480e-01
1.120658592512016185e+03 1.833442051559329400e+02 1.779460662489534828e-02 4.513039983226965063e-03
1.094231885875374928e+03 2.428557335721838513e+02 -6.717159735634514739e-02 1.473222061385286996e-01
1.262873200894349566e+03 3.877758965970623422e+02 9.996228327488754228e-03 -1.562303202544034278e-02
9.180404165725987014e+02 2.277624316163203275e+02 -4.364445446933069017e-01 4.151134844592488937e-01
1.073904225967939738e+03 1.710018234031578004e+02 2.819029867736173953e-03 1.823432808420913809e-03
1.044256580904589782e+03 1.985700498386008519e+02 -5.509333282110908531e-02 -1.297991461466223642e-02
1.252663833262054368e+03 3.446132556202364867e+02 -1.713672119597004495e-01 5.868828799321032519e-02
2.501959019123156054e+02 4.209545062914206142e+02 -1.713920593333203013e-01 -3.744540455303484450e-01
8.925190730465352544e+02 2.706991075673116711e+02 -6.544308047537792383e-01 6.009475085362619984e-01
9.581103606634052312e+02 2.512352638113387684e+02 -2.970340119173796589e-01 2.193005641019300234e-01
3.636297484681484207e+02 5.290007665463712101e+02 4.761196538744433271e-01 -1.155697848215077733e-01
1.042291435772448722e+03 1.842924442842560495e+02 -5.405533765096521637e-04 5.052858329014722934e-03
2.525712188785980175e+02 5.787052710927534918e+02 -8.684151509381515463e-03 7.128753858182790282e-03
2.326131424943951345e+02 5.220348853163480953e+02 2.254108917698139924e-01 -3.836063452467672330e-02
4.796409346630654227e+02 4.924251339202595545e+02 -4.700329810284821774e-01 1.580730557902943478e-01
1.091281307420620124e+03 2.220611109206667209e+02 -1.985902229111980929e-02 7.424887842220125045e-02
5.287531544797669767e+02 1.061688105512886750e+03 4.248158739664585903e-01 -3.448971961706032152e-01
8.248676862913367813e+02 1.102128094812983136e+03 7.898757152449010620e-04 -1.416962160000915854e-03
8.167347842690327298e+01 3.230026075219446398e+02 7.786789842390869423e-03 7.365249176661275597e-04
9.716752024707383271e+02 3.640801372196747820e+02 5.551704041673949375e-01 3.355565940251827028e-02
1.060721050713628983e+03 3.284420981252535512e+02 -5.231995417902615131e-01 1.541870418456579850e-01
2.260360056482885227e+02 6.721571825335913672e+02 -2.026397998868544742e-02 1.292162868753508713e-02
1.056959849301915938e+03 2.068827136400345239e+02 -4.166796975865320191e-02 8.428580829707126021e-02
1.159846530208743161e+03 2.465042171611555375e+02 4.129344511680431602e-03 -1.543856240180284650e-03
9.944257324201699930e+02 8.070915175058407840e+02 4.237175181243977851e-01 -1.392474220583810873e-01
2.785927043764259565e+02 4.335547117712884528e+02 6.142816474463830279e-02 1.847304966378721935e-01
9.192134629645100858e+02 2.135523720574548463e+02 -3.933774000956276606e-01 3.524793648812265534e-01
1.168275147016472374e+03 3.064642652513183521e+02 3.263589187285205195e-01 1.813351700803641497e-01
1.147212797668197254e+03 3.695230553360495946e+02 -1.651812990979187323e-02 -3.563788057305720090e-03
2.899883539884510810e+02 6.287791463261445415e+02 -2.853318984865147855e-03 4.585952209755070862e-03
3.988367097730028377e+02 4.766484923610047986e+02 -4.961970622721079138e-01 9.811204222324312885e-02
4.895969084557143560e+02 5.069982389910761071e+02 -4.019839513524675056e-01 1.632350516364103887e-01
9.140941564514801030e+02 2.076088435055213210e+02 -3.668231985583507715e-01 3.411511260885930485e-01
1.185208240692935760e+03 3.649698449802845630e+02 5.956177867040756899e-03 -1.586914258016597487e-04
2.383917862395603890e+02 6.771890041987134055e+02 -5.852707792879561583e-05 4.303196005484961027e-03
2.611316480458853562e+02 5.341570127827100123e+02 -1.308856627483759583e-01 2.887321996420927350e-01
1.151551444243451670e+03 1.986125508561076174e+02 -1.417621409570015692e-03 -5.731446139886524349e-02
2.564703842489208796e+02 3.622232034692999605e+02 5.345510362094180179e-02 2.643364126371408607e-01
3.799059121206247482e+02 5.033620608797946829e+02 -4.478648382248340276e-01 1.165637768374651467e-01
9.484545258422357392e+02 2.036164248917946225e+02 -2.738762296822498388e-01 3.254040685947941491e-01
4.314352766929952168e+02 1.063735654449692902e+03 4.580559504986576047e-01 -2.972480778636008569e-01
5.261537022467243787e+02 1.100980835879778624e+03 -1.957354535847750411e-03 8.594939287666585439e-04
1.050417874745508698e+03 1.867849481420962547e+02 5.819653362144733277e-02 3.277283073488983928e-02
1.035451998482212872e+02 4.025806826432268508e+02 -3.103609781647221899e-01 -1.834882943947942491e-01
9.528944138746468298e+02 2.070027258621427393e+02 -3.207136764760735725e-01 4.144542903543921852e-01
1.142654435934985258e+03 1.452121775711072758e+02 3.799629991032086457e-02 1.694540423864025411e-02
9.858147744497908889e+02 2.893305021300955673e+02 -3.861359440332042259e-01 1.841731293295877092e-01
2.803555987110617025e+02 6.220869865937096392e+02 -1.957513408150054254e-03 1.075224027713872488e-02
6.022487048798664091e+02 9.971256162709205455e+02 6.388617090564411294e-01 -3.231125476437218258e-01
1.021563056186792664e+03 2.641867096863692836e+02 -1.840081631674581053e-01 1.708104535854012840e-01
2.582248076665562735e+02 5.757954204326458694e+02 -1.152708985212344203e-02 8.483074768750679603e-03
1.997266426843350473e+02 7.095748021622349597e+02 -9.090943851900196854e-03 -1.246924405837064077e-02
1.024304734449269972e+03 1.848726504436373830e+02 2.052231595466153524e-01 1.751512277985640131e-01
2.402414024391107432e+02 5.091092752073325300e+02 4.371374053979455027e-02 -8.566997606190343562e-02
1.195267610857243426e+03 3.217863681039136168e+02 4.476632636814238848e-03 7.717188942375714789e-02
1.062483185448829772e+03 1.730768158798083789e+02 -4.133433990296250804e-02 7.978902397667961277e-02
1.029561985241169168e+03 2.213307404661695159e+02 4.545698098970155782e-02 2.274101015366318812e-01
2.458218372709741004e+02 3.354358058255107835e+02 4.402790810054105913e-02 2.412497382588746075e-01
2.679283771233211837e+02 4.662743894360053218e+02 2.397859313656185848e-02 -1.660271409204042703e-01
1.002936744151429480e+03 3.688079347850256227e+02 -2.203394474177667040e-01 9.149286536213045717e-02
1.204237050541063127e+03 3.121273770140487613e+02 -1.489301595809316980e-01 -7.585799182991743994e-02
4.505860987893632910e+02 1.057616443426068827e+03 4.695723502325728216e-01 -2.792537719646915884e-01
9.307263241177414557e+02 3.012241333063823845e+02 -5.897965579636583744e-01 9.329234700408116365e-02
1.203867972457394444e+03 2.143219855087148460e+02 -5.773560179562764461e-03 -3.640457675704247137e-02
1.129890047684603360e+03 2.125521108396049783e+02 -5.667147704526677432e-03 8.113155848328243089e-03
9.082044569772386922e+02 2.795661044409300757e+02 -4.244412784332571298e-01 2.424100232272599631e-01
1.138571423713202933e+02 4.066922048809792614e+02 -1.964994850612318822e-01 -3.560495109169224404e-01
8.597902305335884421e+02 8.751512168816523172e+02 4.946947313697148130e-01 -7.309879401902413809e-02
1.926823380572364215e+02 5.051236255557813593e+02 -9.879110716806949188e-02 -8.904647319689047713e-02
3.018136994663458950e+02 5.265717471090034678e+02 5.127910212624983699e-02 3.180271091660610283e-01
1.237308159537300071e+03 4.178979974614405819e+02 -6.084401528980094669e-03 9.263215992305104396e-03
2.352311047670296773e+02 5.198977325731466408e+02 1.937646805830280372e-01 -5.976485225893495012e-02
2.515171328767854391e+02 6.667388201712875571e+02 -2.664744039795984704e-02 -2.997938732591326136e-02
1.004880840843047167e+03 8.481076076342767465e+02 3.801769308869449859e-01 -1.547250649800539224e-01
3.162008806157051595e+02 1.081682486879743010e+03 -1.331649321569062239e-01 -2.232472771089671904e-01
1.190164371088573262e+03 2.249684755953308297e+02 -3.322076043200412193e-03 4.292670876752582160e-03
1.140627423923954893e+03 2.914658711437267584e+02 -2.438961533614758537e-02 4.439051093951835725e-01
1.143799370491132095e+03 1.658679479177860685e+02 5.453851928469599653e-02 -2.393547218190046275e-02
2.533995707837951272e+02 4.283833341047330237e+02 -1.422665976041977975e-01 -3.639888814572520559e-01
1.095781089419641830e+03 1.965911259155149651e+02 -5.710566196165263453e-02 1.368852035127813560e-01
5.511596666151666568e+02 1.067833316744282911e+03 5.265652155143913937e-01 -1.671357975857640232e-01
9.613021776410288339e+02 2.784458922978145665e+02 -3.438185554685188605e-01 3.014140257396515921e-01
2.665423876736986131e+02 6.571592475492529957e+02 2.458888659347107861e-02 -2.661667056294798536e-02
4.974726302004526133e+02 1.014363450407552591e+03 5.193856489131665199e-01 -1.910457461185438022e-01
9.104147251275352346e+02 2.649824313140983918e+02 -3.904488685765317713e-01 1.281367381552713236e-01
9.183337471075896019e+02 2.823646863138426966e+02 -4.349524297097688286e-01 2.637842240162215357e-01
1.151501840463312419e+03 2.462043230966907572e+02 5.083773707772371725e-03 -1.944899302736309218e-02
1.223940978158791495e+03 3.326220317338444943e+02 1.015198998624998114e-02 -3.455829993818700617e-03
4.559796953528959307e+02 1.081430119012323303e+03 3.823000564141179058e-01 -2.479466723003485584e-01
1.027637429207498599e+03 1.697967606848508240e+02 -5.620658255237857837e-02 -1.976748543986705381e-02
9.801549691279004719e+02 2.087508140882466705e+02 -2.174349204548560455e-01 2.360860692882363610e-01
1.026500343524920936e+03 2.138139046898015465e+02 8.037578901863876024e-02 2.622535738465662791e-01
1.195713241256791207e+03 2.863974582198064240e+02 -3.543838013477680626e-02 -1.322441146822939118e-02
1.185330141807518430e+03 3.878847669105821865e+02 -1.430118188977758109e-03 -2.506273550142783160e-03
2.164229309786376803e+02 7.210790082530133986e+02 3.573144993621680046e-03 -2.817911876220662525e-04
4.507818715214011718e+02 1.068976705501789866e+03 5.307877319276084194e-01 -3.601757251120716319e-01
2.503359420774389719e+02 3.027512684368221585e+02 5.610542097773859455e-02 2.048454470271558192e-01
2.792554411702594734e+02 4.540929719466721508e+02 6.747629442133984412e-02 1.379970032779379852e-01
1.051946070396441655e+03 2.468896389441052861e+02 2.180773272938314467e-01 1.294024765206673588e-01
2.606536192751752310e+02 6.082599077033733010e+02 -5.448186260124415108e-04 4.970852069536018866e-03
1.086027207803383135e+03 7.907731261031556187e+02 4.477749337567187293e-01 -1.904043163377717729e-01
9.431668425852669770e+02 2.693535161236897011e+02 -3.911307958832581644e-01 1.451365758823415508e-01
1.032571654059378943e+03 1.652007441966112253e+02 -6.431346502244464358e-02 -7.388470485231894702e-02
9.422375421105256237e+02 3.213400150696706987e+02 4.345939548776142081e-01 -5.548308641786187795e-02
1.202556600535961934e+03 2.030231814457721100e+02 -4.756433131673552285e-03 -5.945751592302143083e-03
1.191849393847523061e+03 2.271901532962199894e+02 -2.569064568782598954e-03 -1.094115003033260120e-02
1.164062196430573522e+03 3.438150765734908987e+02 4.608030194471288837e-02 -9.983840240406478481e-03
3.015828256625126755e+02 5.406793423767489912e+02 5.345848406808662023e-02 5.005516229665601946e-01
1.059309118249599351e+03 1.914089190313333404e+02 -3.887984861356536914e-04 -1.237274783109277090e-02
1.072623048078258080e+03 2.242553078570796572e+02 -3.817877260514381237e-04 -4.186331729386795486e-02
1.028486504307970108e+03 2.308467783475005888e+02 5.553294899043422633e-02 1.694297387543443056e-01
1.103152563102536533e+03 2.675878270083778716e+02 4.851617099700598380e-03 -6.836617409265378226e-03
9.870595024955788404e+02 2.243959522604294534e+02 -2.142193178874482740e-01 3.936860647062466745e-01
2.339886032432423519e+02 7.087900885987013453e+02 -2.669649182764426490e-03 -2.282762956761912130e-03
1.101371981616022367e+03 1.962068997029068100e+02 -2.145234683732241687e-02 5.178159036326752257e-02
2.642490570521442805e+02 5.578955792988139137e+02 1.064637152868620068e-02 7.003982054324310418e-03
2.769504310938193612e+02 6.747788725783594828e+02 -3.219496636257252256e-03 -6.150440994905225119e-03
1.033055095583205457e+03 8.520625913677072276e+02 3.493914187783974667e-01 -1.986735837282574135e-01
5.112256042166230259e+02 1.084290340447338622e+03 4.267373631075752627e-01 -2.263377350382947684e-01
9.586473257813090640e+02 1.912500788725792518e+02 -3.399240055521417503e-01 3.667627969194597881e-01
1.170710305879675161e+03 1.438750551225680283e+02 -2.333093896435300962e-02 1.444676720788740099e-02
1.214872010911465168e+03 2.986529364171192356e+02 -7.467877512654297334e-02 -1.947395840748384899e-01
1.923637345033012878e+02 6.586968135736415206e+02 -2.837550754246982443e-01 4.178181397441225187e-01
9.447154396750574961e+02 1.913419790363708444e+02 -3.645086463739453664e-01 3.327744643789311008e-01
1.153920905755819604e+03 3.564113121043192223e+02 -3.225354034924241692e-02 -2.097568284283882201e-02
2.706031126315599522e+02 5.352482118495821624e+02 3.342927889972789612e-02 1.250264342085112557e-01
8.609878185230098779e+02 3.950943241527509713e+02 3.397878116548478378e-01 -7.825566728704795583e-02
1.045163413140178363e+03 2.109449046786111239e+02 -1.231751045379496715e-02 -5.187208925689882830e-03
8.938439829001640646e+02 3.793117138518825868e+02 4.943137862623154244e-01 -5.941930615825886941e-02
1.170786036436731592e+03 2.286642142338618839e+02 -1.513352159715503770e-02 4.937553232760604101e-03
3.876691464101066913e+02 5.117255777874353839e+02 4.353499519937066853e-01 -7.128147570305165548e-02
2.566005084907282594e+02 6.033729122669878961e+02 3.953890513589063908e-04 5.907099446117485475e-04
1.024365096912392119e+03 1.967731555696429098e+02 4.025656048366056672e-03 2.845751796721254223e-01
2.319525396775159152e+02 6.011219557429170663e+02 2.545073391626301307e-01 -3.446731756817215664e-01
1.119463684200995203e+03 2.146621120098041047e+02 -6.274922069569096629e-03 -1.772859831468563338e-02
1.121092943442958585e+03 3.401942310407361560e+02 -9.460513429603776420e-03 1.773469220460352144e-02
1.213775377688906701e+03 3.683763348999676168e+02 -3.953359703907770653e-03 -2.013838041216229821e-02
9.694961870160414037e+02 2.510967856437745240e+02 -3.255304723415458068e-01 3.086111565655745292e-01
2.326232142608625679e+02 6.964237370854102664e+02 -2.327359044031399385e-03 6.245574745732731040e-03
1.104896541250479913e+03 3.587673251687525067e+02 -9.990944846472554763e-02 1.312158310745585588e-02
5.330429615338401845e+02 1.062857404488415796e+03 4.637676292016429391e-01 -3.567220736960979299e-01
2.960182985710578123e+02 5.041848386606353642e+02 7.390795202288893972e-02 3.277443271170412120e-01
1.209088028666677701e+03 3.952091465361589258e+02 -1.322596221870779402e-02 4.884577627426294269e-03
4.256999247416943604e+02 5.225725743092729090e+02 -3.299455658192955165e-01 1.339611138345977726e-01
1.967659600026935323e+02 5.725130899046507693e+02 -1.108106205177523777e-02 1.454301986428582945e-02
1.178019844574349918e+03 4.298458563241582056e+02 5.570972131574938218e-04 -4.556817320285780001e-03
4.920296480010192113e+02 1.078992048936053607e+03 4.113602517491662391e-01 -2.370133849703480455e-01
2.363981554351785519e+02 3.504314201699548335e+02 -7.786874981930642925e-02 -4.169367294975849236e-01
2.743965488183748676e+02 3.930159348745145849e+02 2.790152284383646750e-02 1.780639717480735906e-01
1.151733229354753803e+03 2.203991349288124013e+02 1.787077536615095871e-02 1.085561237003422955e-02
1.138563326017758300e+03 3.406827125435370931e+02 1.412730463436013932e-02 -3.516832633981854805e-02
1.117600548999114835e+03 3.477006747730339953e+02 3.560421377740424905e-04 -1.481964166866004372e-02
2.900335763134605713e+02 6.702156992814931300e+02 2.543504343254524448e-03 4.072480873014237140e-03
2.123125807844199073e+02 5.165509668069726104e+02 -6.735987936074991356e-02 -5.005191558360820581e-02
1.142297907148435343e+03 1.435332792074093788e+02 1.135879777978288929e-01 -3.268924260880430865e-01
2.999644729051281047e+02 5.764129279039213998e+02 -1.461771992753597288e-02 1.032933117594666411e-02
1.231756322227892952e+03 2.578162209232961004e+02 1.040437011617392944e-02 2.649440411928509764e-01
2.806591399751080758e+02 6.652436702533642574e+02 -3.524518667854770540e-03 -2.820358700861960504e-04
8.650662940533654819e+02 1.102234928373695311e+03 -4.030976327319042989e-04 1.409947721053110006e-04
1.133326887635481853e+03 3.500289230154546658e+02 -1.355863697741137557e-03 -8.243810851952953350e-03
5.019375264837727855e+02 5.303273745357166717e+02 -3.532113583643920474e-01 -1.052281170592429642e-02
4.807399786813052174e+02 1.077718249959021023e+03 4.202394428544501404e-01 -2.456349070759275277e-01
9.285596410626985744e+02 8.424436139157140815e+02 3.973427492200437006e-01 -1.770892103354279601e-01
1.008556667057487516e+03 1.791668504907806039e+02 -1.626907422391746516e-01 3.664967896830748639e-01
1.123843155431471587e+03 1.600383405930074900e+02 -1.786687261214511824e-01 -1.372613144729490919e-01
1.105090585810381071e+03 2.542494902774448065e+02 -3.511503689984844523e-01 -1.174172328028539047e-01
2.088132120937866603e+02 5.358386839640245398e+02 -1.052303651183813665e-01 -1.767517438692594589e-01
2.884350058924081850e+02 4.691692466826385726e+02 4.280126250947608596e-02 2.325315227445605148e-01
1.214422677171071655e+03 2.855967833344472524e+02 -2.415116994385677757e-02 -3.653853779026017962e-02
1.198290927808399147e+03 3.400284197794707666e+02 7.702755657832808557e-04 -1.083822075146527366e-03
1.208293573872320167e+03 3.732020246813827384e+02 -2.154567093484936052e-02 2.616179816816616502e-02
1.088348567162621976e+03 2.122101111625153749e+02 -2.407235288593456979e-01 6.656832719878719162e-01
1.115875943489429119e+03 3.618848595988820307e+02 -3.238390405399725336e-01 -5.944746833930752983e-02
1.135887248707681238e+03 2.175062472579929249e+02 3.382284046339074229e-02 -2.069173810811399811e-02
1.194798548669854199e+03 2.298852198862394687e+02 -1.583081916989959514e-03 1.693367482204504934e-02
1.231038719871774447e+03 2.999985522422748545e+02 -1.759761199758984405e-03 -1.028530367065221517e-02
1.248931317834014408e+03 3.000454530619584261e+02 -1.105136189431894789e-01 -6.494314771237798267e-02
2.370771979408536652e+02 7.468716800392312507e+02 -1.805654042986556604e-04 6.649181427097313780e-03
2.672896577372583806e+02 3.931154983144433004e+02 1.281027346578035055e-02 1.648114718834219339e-01
1.172889172305980537e+03 3.565438334520987951e+02 1.291964825431045349e-02 -1.267001424602307372e-02
5.210186161563570977e+02 1.048162698493886410e+03 3.809127006680341765e-01 -2.256775001993867880e-01
9.177074674465225144e+02 2.506601835505274778e+02 -3.516281915357922228e-01 1.892341772502135200e-01
1.247963621352476139e+03 3.157303320739324022e+02 4.407038580101811653e-02 1.557927870947551641e-01
3.193397874051404415e+02 1.090757012414102746e+03 -1.232480913959690810e-01 -2.267710758220914669e-01
2.582157246802586315e+02 4.100734387140599324e+02 7.608151012585022410e-02 1.230964739483846326e-01
1.062935497341979953e+03 2.784492914210118784e+02 2.430231848373832493e-01 3.604814796018750989e-01
1.165665044205976983e+03 1.798676968874048043e+02 -6.319592437070334356e-02 -3.745965239621740911e-02
1.141963877641210502e+03 2.417643620307587184e+02 5.347668983063158521e-02 -8.782925757367948325e-03
2.408426667771398115e+02 3.452485721061093500e+02 9.298647802874657545e-03 -1.073652634445501908e-01
1.040555231749329550e+03 1.639271520971853136e+02 -2.510765088487268426e-01 1.404085791745495436e-02
9.951662233861136428e+02 1.797509270833455446e+02 1.716729171180753355e-01 1.741696183089403993e-01
1.168934521834443785e+03 2.141341390068400301e+02 -2.560129644268727134e-02 1.108414290209075795e-02
4.096551866480385797e+02 5.120646054499734419e+02 5.411431045833549058e-01 -5.758911234649248534e-02
4.709144838510018758e+02 5.076438529274999496e+02 -3.149333127169029467e-03 4.139089835580369095e-03
1.203714343142784173e+03 2.519553210214753847e+02 -1.541700717637518696e-02 -8.285419636499745735e-03
1.261584160923373474e+03 2.679892415024515344e+02 1.781511364168232581e-02 -5.052524310400485774e-03
8.212145000585001071e+02 1.101977938397758180e+03 8.328593401636731272e-03 -3.820611901371901396e-03
2.098261021791755070e+02 7.168732858716296050e+02 4.431071615737534712e-03 2.467197391033875906e-02
1.050150941608958419e+03 1.618055698345152393e+02 -1.654335492424466314e-02 -3.515888799712573592e-02
1.055759223637862306e+03 2.657267829694296779e+02 2.843942969002054011e-01 3.882004078156923721e-01
1.142806095639806244e+03 3.429889053952196036e+02 4.008485240272233879e-02 -7.397176320943418815e-02
2.500714275215979683e+02 4.081203216480180345e+02 -1.577502394788757867e-01 -3.606522428406185865e-01
2.542108404823541719e+02 5.382998919438859957e+02 1.109192682501688176e-01 -1.276823425394909284e-01
2.800731880355994576e+02 6.721691332819522131e+02 9.079476504006945073e-03 -2.467187008437921394e-02
4.150637180465607798e+02 5.125459178078292553e+02 -4.837610422170737223e-01 7.433494513804284054e-02
1.145530456064623650e+03 2.163178020618354083e+02 6.525316790787627497e-02 -4.414808861774588422e-04
1.175317942704901270e+03 2.753206491952585679e+02 -2.019924959876888693e-01 -2.501316110827893624e-01
2.414652785400799360e+02 3.107322375431782575e+02 9.570601890632518538e-02 2.465374450057534750e-01
1.158341778101976388e+03 2.069158715126020240e+02 -3.185331760423357195e-02 -1.052555462925764199e-02
1.191887364348360961e+03 2.462062842670191571e+02 -1.595898372971210014e-03 -1.729339302124982677e-03
1.269572840966752210e+03 2.414354516397478960e+02 -6.170895790091890376e-05 -1.991435133045306276e-03
2.789343062456024427e+02 6.508571010357686646e+02 -2.575801715768339956e-03 6.854996413421172758e-05
2.681225741861839538e+02 4.150013726948874364e+02 2.176257076263254930e-02 1.038955984568246949e-01
9.808987529262014959e+02 1.919153094670743940e+02 1.905998574367534504e-01 -5.321716504989997681e-02
1.221755844966669883e+03 3.300467510913337605e+02 1.363959956270264194e-02 -3.718385211546244157e-02
1.173346600084467582e+03 3.457998185109040037e+02 -1.484757978489597077e-02 6.198541424401848160e-02
1.147226858994702980e+03 3.506347910083745205e+02 -1.287290780607387893e-02 -2.832490591664130544e-02
8.489220853641028270e+02 3.237909386368702371e+02 -5.787022061266615669e-01 1.888567640910835121e-01
1.137377984379557347e+03 1.910401777406649728e+02 -7.577369282569571506e-03 -8.364137225843368273e-02
9.099768294599481351e+02 3.233856696730890121e+02 -4.912126535962647034e-01 8.675894006406562053e-02
2.038824257358943157e+02 5.636801381036309522e+02 -2.031228730371800739e-01 -1.976286093115975084e-01
1.904068383001630309e+02 6.240247342095022987e+02 5.940512083094125900e-02 -1.671951802307626855e-01
3.902256798457354421e+02 5.028804776488983066e+02 3.842954850475653883e-01 -2.854455189143741412e-01
9.699454151068810006e+02 1.762055270625506580e+02 -1.666554895567110561e-01 -4.446975717174752596e-01
9.749641754760696131e+02 3.302829560772863147e+02 -4.424276364403735839e-01 1.709301519714430118e-01
2.363265996193994454e+02 5.172998283215401898e+02 -3.137305448211472666e-03 -8.501741129234338668e-02
9.823448228984984780e+02 1.765410779898022611e+02 -1.971773566733383276e-01 1.316123862367543917e-01
1.051514396771281099e+03 2.748132245533600440e+02 3.145292217397337442e-01 3.455343502074562090e-01
1.168136895758209448e+03 1.816696086583217209e+02 -1.410045754523008184e-02 -1.183296244032633684e-02
1.162511990180738621e+03 3.160430453787562328e+02 2.491937044015563041e-01 1.178750720315869943e-01
1.824198798328288547e+02 5.693956138535669425e+02 -2.091425603056463189e-01 4.806221495372780400e-02
2.118387800134852057e+02 7.057562588841809657e+02 -2.952676115587958040e-03 1.455397596310184331e-02
9.593229558727897484e+02 2.971895017659269911e+02 -3.480783284398239474e-01 7.432563741233479647e-03
1.181228121365216793e+03 2.080605778919082809e+02 6.644512755019604984e-03 -2.826214504791664528e-02
1.343145266060846836e+02 3.998419221973156823e+02 -1.564479219721922124e-02 5.353526041863195797e-04
1.110143468939342483e+03 2.169655590252900197e+02 1.024203516586415751e-02 -4.356811112855396573e-02
9.622480994551838194e+02 2.628324370904219904e+02 -4.110403368689692916e-01 3.320328359641635529e-01
9.034841542137216948e+02 3.039996417662744648e+02 -3.950246916165743305e-01 1.780925960172912992e-01
1.184407679152401897e+03 2.603895557748689384e+02 -1.455457294818529590e-02 5.608148788416163905e-02
1.055864543630759044e+03 8.493669712517119024e+02 2.927294987090363065e-01 -1.929629432163295633e-01
4.972248663316392481e+02 1.023934161287915686e+03 4.606371084122973802e-01 -1.946900229638023061e-01
5.154300890099598291e+02 1.087202067966853519e+03 3.303789130231440940e-01 -2.580296385854126129e-01
1.141628503738696509e+03 1.810938070293226190e+02 -4.036591710562630400e-03 2.971968477052902569e-02
1.115238152204017524e+03 2.381665902238950707e+02 -1.168966823105936637e-01 1.355627865459745895e-01
9.793167066970312362e+02 2.880218013142388145e+02 -2.796628651884010552e-01 2.303412517041860952e-01
1.235799096436607897e+03 1.331366631076224678e+02 1.578579408982003088e-03 1.114543895021414752e-02
1.133880695442750039e+03 2.417709975787741712e+02 -4.371034161967263937e-02 6.252877309644651327e-02
4.160659489136804723e+02 4.931497127098052147e+02 -4.326474989190982057e-01 -1.476264106084670402e-01
1.070937967089650101e+03 1.620775902680861691e+02 8.298557941874275257e-02 -8.250387796720365374e-02
1.051490396819141552e+03 1.676368548450678588e+02 -4.935242444017520942e-03 -7.293177228700900745e-03
2.043972350766099453e+02 5.270638827861049549e+02 -1.592348986840504410e-01 -3.714545658417429119e-01
1.054042180356690551e+03 2.025166090176399223e+02 -2.157319749887522467e-02 2.205341787792950217e-02
1.108787363851259897e+03 2.313093883727315472e+02 6.482419955914121845e-03 2.234144242175889819e-02
9.720397729861477956e+02 3.418869608800866331e+02 -3.382698932058474384e-01 3.835443452356371297e-02
1.162451060553416028e+03 3.751595947091957441e+02 6.736420004547956537e-03 -1.237713969222687359e-02
1.079830663994190900e+03 8.023433063181499847e+02 -2.977129981575541914e-02 6.014488961000638567e-02
2.499765872908971858e+02 3.313687041879701951e+02 -1.123839660708412652e-01 -8.989834081610866001e-02
2.409760693754087413e+02 5.302695845280758249e+02 2.799924210945903182e-03 6.498746000937671505e-03
1.082852389734971212e+03 2.070389882874350462e+02 1.375378905559045996e-02 -6.709991190338086831e-02
1.107501984214720324e+03 2.942846282127396762e+02 2.112973733184048686e-01 4.279944214890377685e-01
1.233556646704166042e+03 3.026905890967119603e+02 1.090421896832822340e-01 -2.653420302187640689e-01
4.287917542206357098e+02 5.228065244302455312e+02 -1.687388977077745322e-01 -4.902807106989257729e-02
5.168401741924461703e+02 1.016981460826392549e+03 5.548360148633463274e-01 -2.312415709482024684e-01
1.195858428168678074e+03 2.136014710484745933e+02 3.459404056110016498e-03 -2.321103945531215185e-02
1.243584079551685591e+03 3.634024332024400792e+02 -2.216457527442559482e-03 1.350612109002715944e-01
1.117402051910933324e+03 1.895299164753818673e+02 -3.946311085081156966e-02 1.591957996169778844e-01
1.094932706283734888e+03 2.638553273486200510e+02 -3.527498545653063311e-01 -1.449821419853378757e-01
1.191094954880480373e+03 3.174363773951546364e+02 1.218775220192532677e-01 -1.059612092298070629e-01
9.898058628990407897e+02 8.334071043651467789e+02 3.593176164581879939e-01 -1.654403955761836187e-01
2.288299937352095128e+02 3.000585966243122584e+02 -6.231919736965645107e-02 -2.904216268914062704e-01
1.226498010330251645e+03 3.575277753575782640e+02 -1.603355032642973799e-02 2.944569772137797803e-02
3.893155020312453871e+02 4.935647619202792384e+02 -7.358784683746222299e-02 -2.144589539702401737e-01
1.206798014883137284e+03 2.897773046267402606e+02 6.243204645230093774e-03 -1.150730619890794060e-03
2.889610071667317470e+02 5.156162756154577664e+02 -8.369836667365007643e-02 3.997740163807748104e-01
9.766670908173051657e+02 2.012649332477223538e+02 1.404812003268792464e-01 -5.676447205737721047e-02
1.155595075822238414e+03 2.777512422959832747e+02 1.374338016532268003e-01 1.429143236083404989e-01
1.189938763941158186e+03 3.457499711532137212e+02 7.193145877625586881e-02 -1.286761726920872262e-01
2.651935249815061297e+02 6.754907286559169961e+02 1.573748030386165273e-02 -1.041373204167712202e-01
3.864220672612635212e+02 5.238242560960425180e+02 4.183523905078611049e-01 -9.851468633210819226e-02
2.468189581641160260e+02 3.584999999789017124e+02 2.297404225054496540e-01 1.896767460552999662e-01
2.732282615320801824e+02 4.366666054029566340e+02 -6.815657030179929007e-03 1.297913777590378737e-01
2.758404067603477188e+02 5.121080694014192431e+02 -1.126735519906268135e-01 3.045535804368496025e-01
5.184773527433652589e+02 5.018045287110469417e+02 -5.594060997709675576e-01 1.532854465558395052e-01
1.121623161319676683e+03 3.291185502484905214e+02 -1.527351062899729717e-01 3.307868407027935165e-01
1.299642723918558886e+03 3.445038610845856510e+02 1.172613513054849600e-02 -7.383686469378451800e-02
2.458833533851631614e+02 5.400996190338988754e+02 -3.708627896758441306e-03 -1.713211218955409954e-01
2.050195510364471829e+02 6.507501056052464037e+02 -2.903275987161829663e-01 3.244350120722288011e-01
9.875932094225776154e+02 8.127488318066943975e+02 3.143980576127692883e-01 -1.812108712689288470e-01
3.091707704564279311e+02 1.065719982485677974e+03 -1.171420638329680360e-02 -3.576102096256558033e-02
2.762363131438604569e+02 5.027656386600119163e+02 4.014752215935091934e-02 -6.270883974407909234e-02
3.987613637092220529e+02 4.829790123882921193e+02 3.916852952570960555e-01 -3.024858309533748346e-01
1.111926575051158125e+03 1.676274674296307410e+02 -1.879248871231398860e-02 2.132661494610925412e-01
1.261156275121116778e+03 2.006917053005788318e+02 -1.148201340188629432e-02 -3.793719079171663667e-03
2.602203559117920122e+02 5.076959451480741450e+02 2.334967557544587180e-02 -1.311411658129202351e-01
3.600105317275043149e+02 5.083342486430926783e+02 -4.153067280445744136e-01 -1.513174076681404190e-01
9.219756070029558259e+02 2.734318941390035320e+02 -3.771935335943415457e-01 2.098210239403641708e-01
1.199706895836551212e+03 3.086988690171216945e+02 -1.786349843557294148e-01 -2.055749646176726342e-01
1.207328044639353038e+03 3.236819906283860178e+02 1.023642565332352206e-01 2.519929365509720465e-01
2.210388502414691914e+02 6.801280736787782644e+02 -3.172971988382992242e-02 -1.021426331474894339e-01
9.514512580811683051e+01 3.649011373282949648e+02 -2.229224108798475157e-01 2.475558836297657439e-01
2.807796710129522353e+02 4.336701212158528165e+02 4.125545856967702263e-02 5.714040020300940881e-02
2.937736167483345184e+02 4.823539048627479247e+02 -1.485056546362722432e-03 3.768182067421796955e-01
4.318009468492325595e+02 4.783624973390769810e+02 4.355199477765629990e-01 -2.804765191770828836e-01
4.209783363804597229e+02 4.865008342692785845e+02 -2.884927693491322054e-01 1.729772012025447003e-01
4.498236731535544095e+02 5.050157248706108817e+02 -4.056294061132038054e-01 1.787959889322172100e-03
1.014570570353096969e+03 1.633856259853796189e+02 6.512627772778242785e-02 1.299610309385844653e-01
1.117104233683426401e+03 1.753992776841858472e+02 9.024671413337935488e-02 -3.056323499488009660e-02
1.048416383161845943e+03 2.291305665984708639e+02 -2.800955507963077615e-02 6.941920230606125897e-02
1.094148946746041020e+03 2.305768409816742519e+02 -1.057049535367737408e-01 -2.023346647612217220e-01
1.185143020977403921e+03 1.947191913257447879e+02 -3.605282684076304561e-02 -8.645293520360879461e-03
1.140159776781015580e+03 2.222823309071926019e+02 -5.154061391712358442e-02 1.517958332185416655e-02
1.184578749481663635e+03 2.314433662821707856e+02 -4.238415711390850459e-03 1.555961643943894884e-02
1.135756771410920464e+03 3.050538023588756573e+02 1.574429756519335200e-01 2.505994937032224867e-01
1.100262887696056623e+03 3.577752854384872307e+02 1.303423261755473073e-01 -4.097694106212140114e-02
2.964335821350924789e+02 5.292955579575473166e+02 6.650037494430514028e-03 6.439030488713176625e-02
2.300767820099328844e+02 6.846795066277326214e+02 8.778073553719939470e-02 7.758899475271102686e-02
4.945886894961145117e+02 1.096694328485095639e+03 5.236543501801107503e-01 -3.525108781158534099e-01
9.144629677753250974e+01 3.646293675877608962e+02 5.070843617687899318e-02 -3.837892122538164724e-02
4.143582803721149617e+02 4.998512803568567620e+02 -4.811577599824829465e-01 9.400118994155377827e-02
1.089146001834631079e+03 2.848099497741042683e+02 3.622570484864127138e-01 1.435069317878855943e-01
1.179714785501934330e+03 1.818240261654044332e+02 2.093393979729853416e-01 -2.977146333813806001e-01
1.113363017745388106e+03 3.541984893192348522e+02 1.766692463700110169e-02 -7.150296075394635409e-03
8.496992928753038541e+02 8.646649538475712689e+02 3.527131599725862321e-01 -8.769963477660666640e-02
4.977920460963476899e+02 1.029301199929480617e+03 4.429298552001739719e-01 -1.450017256671344568e-01
4.096799999859427430e+02 1.068114214582286422e+03 3.323638573796984241e-01 -1.400987735711169135e-01
1.724692965688871880e+02 5.398675169419807389e+02 -4.925760520798247444e-02 -8.052866919911139121e-02
1.198336714990889277e+03 3.214140520402877996e+02 -1.750838727484481105e-01 1.426689935404902299e-01
4.628983073522516634e+02 5.108724854618316158e+02 5.096713205494185495e-01 -8.630682640423022189e-02
2.433148064759008946e+02 3.504638877699812838e+02 8.144343103131035377e-02 3.586304496576602219e-01
5.122594095079147110e+02 4.676228570629878618e+02 -6.082142189372916619e-01 4.253550971610735587e-01
1.128218663949151278e+03 3.231486836707438783e+02 -9.028152701958447324e-02 2.148082681235905511e-01
1.123511526134758697e+03 3.252024508090582344e+02 -2.136648024523424283e-02 3.186436048198970639e-02
1.231925178578789968e+02 4.545576198272137276e+02 3.556172054019514361e-02 -1.963314441431245061e-01
3.624116588902307967e+02 4.790682794622854885e+02 5.089562416650567078e-01 -1.811055488328423002e-01
1.040473156831756341e+03 1.715211149783238795e+02 5.030092383321971283e-02 -4.158546242440967072e-02
1.074867075028989575e+03 2.263762255554538001e+02 -1.953276820274498296e-02 4.301615802775212577e-02
1.158398313363803481e+03 3.490454472900343603e+02 1.218582172830338095e-01 -3.480809625103477301e-02
1.189769898283108660e+03 3.639073676008640064e+02 -3.387005682098528231e-02 3.943181496459503832e-02
1.026027774229500551e+02 3.532336676249793186e+02 5.594924702842737213e-02 1.682069384959845593e-01
3.071517673627626550e+02 4.596281514273072162e+02 3.366178192155189208e-02 5.610116476521890411e-02
1.097384926991559723e+03 1.501130066776477747e+02 -1.530147594026705880e-02 7.725684410321302653e-02
1.063005313095713291e+03 1.977753602873275440e+02 4.077679460234170244e-02 5.343367955267505076e-01
1.100051106304628775e+03 2.977743000573701124e+02 2.308385134456708843e-01 4.293649904644591397e-01
1.149684358533409522e+03 2.157018819092434114e+02 -6.858554087375523522e-02 8.750055156489129626e-02
1.162133339761917796e+03 2.604767822472937837e+02 2.752699786897968084e-02 -1.363280602842280587e-01
1.255541407474247990e+03 2.889497183572771064e+02 -4.070993083363797643e-02 6.759012599812308508e-02
1.223380559776192513e+03 3.548705458106165338e+02 -6.349969942940940359e-02 3.166882814796944667e-01
2.099480321946392394e+02 7.265751219821119093e+02 -2.430226743492861982e-02 2.679397193372778929e-02
2.322233411992987442e+02 7.373241590679131150e+02 -5.723389203637907485e-03 -5.671106735214456046e-02
1.050454938527757349e+03 8.145809109873969192e+02 4.720883554856527553e-01 -4.622422876453621821e-01
7.603003429610259900e+01 3.324511528183240330e+02 -1.463125353776888529e-02 3.945888271068724584e-02
3.887088576503250579e+02 4.896269135503319490e+02 4.625084959802165940e-01 -8.753993777645519003e-03
9.089332755810745539e+02 2.513838850944344756e+02 -4.261918683597514246e-01 5.385761529792887359e-01
1.100057288860239851e+03 2.648264751453669419e+02 2.511600138850099140e-01 -9.734474091332344647e-01
1.282319876798686209e+03 3.097627286940424938e+02 1.142717035126679520e-01 6.602249297067146194e-02
2.618766320836351156e+02 3.759011945530911589e+02 3.910982046977551363e-02 -5.435240280689868086e-03
3.823732705946856072e+02 4.688895333808339956e+02 -3.977970819354084142e-01 -3.536424795196069226e-02
1.060297644492178051e+03 2.040967122019737587e+02 5.664718830274750871e-02 -2.335211630468663202e-01
9.154676914917268959e+02 2.804153411684720822e+02 -2.542240770157491170e-01 2.536316937195692844e-02
1.069332115466535015e+03 2.586930232500356510e+02 -1.649617567366590265e-01 1.325788203128865916e-01
9.550522232788598558e+02 3.090030214693168205e+02 -2.576002419289125100e-01 2.772219041077619295e-01
1.178362706092734925e+03 3.394409427416095468e+02 -8.063793185118584006e-02 1.353881496592919120e-01
1.116685314003287885e+03 3.713822738018309906e+02 1.080947869782562520e-01 -1.427348050823127323e-01
2.659444165271744396e+02 5.382761674111311549e+02 5.548971001948643789e-02 3.964305848530500498e-01
2.971531635678134649e+02 5.623799352802301428e+02 -2.852275174961107496e-01 -1.712492066432673710e-01
5.153370993148862453e+02 1.029009833625566671e+03 2.641929998155205794e-01 1.418622964712312751e-01
4.064424574062631450e+02 4.519010628001646523e+02 3.807545796046080677e-01 -5.149310273585191436e-04
3.826387790067068977e+02 4.976523792552586656e+02 -4.051091286209498321e-01 6.385090199675384770e-02
1.058754275172206235e+03 1.553473924918761497e+02 2.572838728648700266e-02 6.726119657857528022e-02
1.104768945089599129e+03 2.268882008000833252e+02 -3.699059250106984109e-02 7.898136393842491998e-02
8.840884079884599487e+02 3.189325153888281079e+02 2.364019490216454356e-01 2.828199856362705877e-01
9.156866976272648344e+02 3.213827680505751232e+02 3.531654305711905972e-01 -4.489786673614541007e-02
1.084821199585559498e+03 3.366945296830064080e+02 1.766182299207533501e-01 1.449048131783570170e-01
1.215666930034851475e+03 2.267963025737211638e+02 1.986703758393559838e-02 -7.765049410323854318e-02
1.276672418541104435e+03 3.117109800714567314e+02 1.076641052673797533e-01 -4.340930151367198425e-02
7.063942804996197538e+02 5.827349747156541753e+02 -2.556879693732601929e-03 -1.164128441989002206e-02
4.947855045799278741e+02 1.096030531172703832e+03 1.403000922600388944e-01 9.784849049742661009e-02
5.184402911404466749e+02 1.029017978761045015e+03 3.494705283252415029e-01 -1.561848690232636727e-01
2.416408468957129969e+02 3.200412126444027763e+02 -5.384098256628533363e-02 8.049171091457765215e-01
8.979099791667721320e+01 3.714296455037744522e+02 -1.232459263450422782e-01 -4.851231027812445973e-01
4.153656316338770011e+02 4.991748603040036301e+02 -3.222744748618424637e-01 2.034873535732515393e-01
3.820821110411731070e+02 5.113782596747021216e+02 -3.622273233484634147e-01 1.360631613654845751e-01
1.101253036653636400e+03 1.857348114741681968e+02 -9.425263709226783249e-02 1.709582218941676501e-01
1.034358735999987402e+03 2.137450193921759194e+02 -2.543547649751189965e-01 3.184097342929419483e-01
9.434692687040040937e+02 3.427333613129973742e+02 -2.923098717420771209e-01 8.185267860019962427e-02
8.964098314408186070e+02 3.685151448289738596e+02 -2.578226597314028368e-01 -1.199927845921422431e-01
1.144450524659883513e+03 2.076856561978455318e+02 3.493027918693769607e-02 -2.078962916418447548e-01
1.234277820876658097e+03 3.138797052088652322e+02 -3.359881902053984959e-02 -3.653060575791755582e-02
1.189624394947888732e+03 3.570420337517418261e+02 -6.641108731218992034e-02 1.979226679489443086e-02
4.717012281938838214e+02 5.177319600281609837e+02 1.454099054869004704e-01 -7.205792263317789548e-02
9.903719041234171527e+01 3.719042544431944179e+02 0.000000000000000000e+00 0.000000000000000000e+00
1.413762719376782684e+02 3.912273321298389419e+02 0.000000000000000000e+00 0.000000000000000000e+00
3.839505467353828294e+02 4.944275564519994077e+02 0.000000000000000000e+00 0.000000000000000000e+00
4.794453181258480754e+02 4.922598891500148284e+02 0.000000000000000000e+00 0.000000000000000000e+00
1.042251744418053249e+03 1.912914435591530662e+02 0.000000000000000000e+00 0.000000000000000000e+00
9.063893539519234537e+02 2.500976345402406480e+02 0.000000000000000000e+00 0.000000000000000000e+00
9.234696710870576908e+02 2.755275709810322837e+02 0.000000000000000000e+00 0.000000000000000000e+00
9.401809611560171334e+02 3.202889434583682942e+02 0.000000000000000000e+00 0.000000000000000000e+00
9.741099999628045225e+02 3.641680893278340818e+02 0.000000000000000000e+00 0.000000000000000000e+00
1.171090296368391364e+03 1.857369420683025396e+02 0.000000000000000000e+00 0.000000000000000000e+00
1.161245767969378221e+03 1.912264031713488350e+02 0.000000000000000000e+00 0.000000000000000000e+00
1.168227589995183507e+03 1.891857703337994963e+02 0.000000000000000000e+00 0.000000000000000000e+00
1.231013972403756270e+03 2.997449708769314043e+02 0.000000000000000000e+00 0.000000000000000000e+00
1.241231979482774022e+03 3.099219944325026290e+02 0.000000000000000000e+00 0.000000000000000000e+00
2.625217296196494772e+02 6.297353625899921781e+02 0.000000000000000000e+00 0.000000000000000000e+00
2.943562479162028467e+02 6.352724543110175546e+02 0.000000000000000000e+00 0.000000000000000000e+00
2.072407031828386152e+02 7.024290182374842288e+02 0.000000000000000000e+00 0.000000000000000000e+00
5.969666390681958319e+02 7.411330134505832348e+02 0.000000000000000000e+00 0.000000000000000000e+00
1.074347400551362853e+03 8.047873274563238510e+02 0.000000000000000000e+00 0.000000000000000000e+00
5.124043654490671997e+02 1.049146365807503116e+03 0.000000000000000000e+00 0.000000000000000000e+00
5.056526042468956916e+02 1.059402536231768636e+03 0.000000000000000000e+00 0.000000000000000000e+00
5.089116380042316905e+02 1.067798218976342241e+03 0.000000000000000000e+00 0.000000000000000000e+00
