1.332757410664912641e+02 3.824095868929470612e+02 -1.845880705905591839e-03 6.233885702984858466e-04
2.658572896423518728e+02 6.827256375302968081e+02 2.519014975418242680e-03 -1.153399098455176351e-03
2.526613922369207899e+02 4.667614206850936966e+02 -4.270337216817300034e-04 2.771494157109947315e-02
3.173832502915911959e+02 4.724482917401156783e+02 1.819302684322279253e-03 5.753250187620612306e-03
5.657730169788039802e+02 3.863168682662669084e+02 6.990463774751459096e-04 -3.987759403021120391e-03
2.785704607334510001e+02 6.110683499691964471e+02 -2.301487135152100513e-03 -1.106866135846712972e-03
8.738376519998167851e+02 4.047118178755627014e+02 -8.254104061553101113e-03 5.539082505620599936e-03
7.057328854272320768e+02 4.203619695516843535e+02 2.425710497961950079e-03 1.272991384601230257e-02
6.343427441616498754e+02 8.220045769996692115e+02 -2.976247129382580936e-04 1.065928640348892486e-04
9.123450662520800734e+02 8.059858969173410514e+02 -3.827321276611484651e-04 4.719747709775066677e-04
4.599502036584649431e+02 9.415072024141261409e+02 5.520046393086778646e-04 -6.466881085068709950e-04
9.069021885333147566e+02 9.246198160719046655e+02 2.867937499306910578e-03 4.138951752365485973e-03
8.988244868577598936e+02 9.255919198794792919e+02 -5.746421776529816831e-03 -5.362387169388921869e-03
6.858715708708615466e+02 1.020390250012702950e+03 2.448550567776530077e-03 2.906684909310633391e-03
7.149613534550451277e+02 1.011538359304081951e+03 1.474824772514585897e-04 -1.852575720816969341e-04
7.048996714327025757e+02 1.023888740729728625e+03 7.442815297301674576e-04 1.786270456818783714e-03
4.816766924650426063e+02 1.099025291915389062e+03 2.354663287420488943e-04 -1.227981116678823021e-03
7.044549029681422780e+02 1.036539196186571189e+03 7.578685162338888361e-04 -3.457400591021651988e-04
7.518280679490558214e+02 1.067575197261429366e+03 1.382055155466665780e-04 -2.906361206005205508e-04
7.456252882483920530e+02 1.071416031056146949e+03 1.254082597273340491e-03 -1.569036828258693183e-04
1.310789635501302541e+02 3.252653973916872587e+02 8.810074148980243059e-04 5.085363828071660583e-03
8.997220857928139139e+02 1.102181523021965631e+03 -3.568490222127510187e-04 9.004602491491859369e-04
3.553423237622751003e+02 5.087152423493088236e+02 -4.842763361059372884e-01 1.581238965253178586e-01
2.614464782738515964e+02 7.404322187155552228e+02 -1.149925109063311066e-02 -1.279698321772374057e-03
7.759161161333506698e+02 8.882173695363180741e+02 8.173071804146538888e-01 -2.956591016580740749e-01
2.741418995960777352e+02 5.062258222487690773e+02 -2.378683247107269139e-01 5.405018427109942875e-02
2.226942192982638744e+02 7.558057779627547461e+02 -1.715211435425704339e-02 8.717092567002789408e-03
4.408982953286281372e+02 4.810420935640881339e+02 -4.056716776171164773e-01 6.861925322021932006e-02
2.556717395373101169e+02 5.043400073621188540e+02 -1.760262313602580786e-01 -1.210130103684364383e-01
2.487683313512602012e+02 7.188494904018832585e+02 -1.987403111763571921e-03 5.184264846497451187e-03
3.187152006344537085e+02 4.912751673147124052e+02 -2.345023092743876991e-01 7.295564262871985506e-02
1.991736558673501634e+02 4.961320551068453142e+02 1.049239281104097192e-02 2.301068389403603323e-02
1.047634105717347211e+03 3.100651094738176425e+02 5.349025264598673557e-01 -7.923194890655295766e-03
3.112589542800261597e+02 4.957435014651287588e+02 -2.637010452554523487e-01 1.897725243836275583e-02
3.209228389739762974e+02 5.027517719747212936e+02 -2.760110186851871816e-01 1.015031526557050312e-01
2.559218376106092876e+02 7.429308929842319458e+02 -1.577669576040354490e-04 -1.293451058864046078e-02
1.936810317852200569e+02 5.792805869615076517e+02 1.028583118210263728e-02 1.002448912854358477e-02
1.246014672753310151e+03 3.969732592245557043e+02 1.212640779104362044e-03 -1.219688552549937901e-03
1.193298037172620980e+03 2.519662262700884412e+02 2.845700491182487704e-02 1.495347201508123031e-02
2.574833299177926733e+02 6.170927112425576979e+02 -6.914273514467206110e-03 4.429941135875799935e-03
9.868935753506120818e+02 8.195046962550943590e+02 5.327316304730453922e-01 -2.162145258472897291e-01
1.075830609552989927e+03 7.715115905957179621e+02 4.288935524229447460e-01 -1.342832902676565632e-01
1.018560037692806645e+03 3.404486287575528536e+02 4.685556292137276202e-01 -1.271523451954447714e-01
1.063707826297701558e+03 7.692084161850015107e+02 4.229831842461849178e-01 -1.653090436480392778e-01
1.084772476431547148e+03 7.993956538041280737e+02 3.828789405611470187e-01 -1.750904074593115645e-01
1.977533140251388204e+02 5.763608369789220660e+02 -1.822950896170557732e-03 4.386367993597199699e-03
2.816706147235609023e+02 5.834557819999449748e+02 6.876454340824851574e-03 4.590849062241891473e-03
9.894690911365653392e+02 2.980540434977543782e+02 4.113025747000683130e-01 -1.735677589187441250e-01
1.150898226615872773e+03 2.313866016174479512e+02 -5.508659306240876576e-04 2.232633286129416528e-03
3.767840032875631096e+02 5.226612103652619226e+02 -4.560226767342704379e-01 4.899485037365498841e-02
4.471263786045768143e+02 5.244906450746867677e+02 -4.227023823866579710e-02 -2.703458161775501231e-02
3.818634110282297343e+02 5.006298436069432114e+02 -4.323322262849116360e-01 1.336717437578451295e-01
3.070832126769088859e+02 4.946094617573386927e+02 -1.768379762943216582e-01 1.703349463810125211e-02
2.954449077689170622e+02 6.585628083697143893e+02 -1.089148886995815841e-03 -8.288540378670053920e-04
1.033293615418630907e+03 8.110853401624110575e+02 3.777381073481725360e-01 -1.564929627004110757e-01
3.053489406233655359e+02 6.410019896859437267e+02 1.084668112140254291e-02 2.707670940879433196e-04
6.244831259922062827e+02 3.908431880343426883e+02 -5.912505516878602610e-03 1.403880797850902071e-02
8.185585051939875711e+02 8.867758949676666589e+02 7.669951683920751551e-01 -3.240394079115726522e-01
2.374856346645343592e+02 7.154908723765574905e+02 2.962691474440609565e-03 -1.700287356430131265e-03
3.657453775801740221e+02 5.612642321592541066e+02 -2.281074665484714437e-01 -1.305701529483287333e-02
9.224037658237770074e+02 3.660475121315224669e+02 4.991117301780915727e-01 -7.688706193280189782e-02
4.484521516087579585e+02 1.028674934526308334e+03 -5.140487172457705034e-01 3.284960177105563650e-01
2.507805325558908009e+02 6.602355514925070565e+02 -1.399462944529106939e-02 1.250905517323788740e-02
2.682494213515953447e+02 2.997749744425568679e+02 7.746944997168134055e-03 -1.245850629348889058e-02
2.651635001744383544e+02 6.259389690626661604e+02 -1.439559812292872699e-03 4.555514257258617278e-03
8.507919844334799109e+02 9.315219620651624837e+02 1.151549736621268732e-03 -1.977903727429923574e-04
2.503846618899858640e+02 7.276556511958062856e+02 2.087210659926588027e-04 -2.428752640036358282e-03
7.841968502448885374e+02 9.226730468063743729e+02 6.793072077577657630e-01 -2.617974875648690913e-01
2.062449109353605934e+02 6.797725266355574831e+02 6.081045351802210827e-03 1.769875595892690515e-04
2.418766696093355506e+02 6.728320179975141855e+02 -1.165746347348796050e-03 9.281567540271977446e-04
7.535603134708103426e+02 5.072444042141745513e+02 3.783019699801008079e-02 -4.123195760857947811e-02
1.260204409474638169e+03 1.957947958667824366e+02 -4.134570596788492603e-04 1.540576690790331719e-03
2.426831258003669234e+02 4.891513492190844659e+02 -1.041981933853846232e-03 -2.672690475727935999e-02
2.505533896297622221e+02 7.107372681950970446e+02 -1.166658666443592084e-02 -7.172930368817628452e-03
1.256834182019370701e+03 3.759523506821934689e+02 1.559056128583209255e-03 -9.365792065414615952e-03
3.000630140251207649e+02 6.452979602514616317e+02 -1.070039875993179530e-03 -9.396847745480531311e-03
8.187815734362684452e+02 8.979977778106408550e+02 7.768839681672115027e-01 -3.279242207314621016e-01
2.567301344648594750e+02 7.147453668745519053e+02 -3.549383439895107024e-03 -3.945745126614468717e-02
2.543516974359604319e+02 7.220775563020459913e+02 -8.852364651406190860e-03 2.450683548749120737e-03
1.177577818158247965e+03 1.957919498706233128e+02 1.906951561762178921e-02 1.017824424878588895e-02
2.542051872770841214e+02 7.347797688842542811e+02 -8.297531636186915999e-03 2.448418834472538110e-04
2.596722310879145539e+02 5.644664458144405899e+02 8.233942830549881645e-03 -4.946955501451958358e-03
2.143246751421737031e+02 6.665777625395671748e+02 -1.083696896718449112e-02 -2.249515809432190219e-03
2.147262549576134347e+02 6.524124003823294515e+02 2.919537431114546666e-02 -8.173467795174501130e-03
1.222112970332798795e+03 3.971681684894944624e+02 -1.337348567478041476e-03 -6.932766536903214307e-04
7.663775475395227659e+02 8.980862969777670060e+02 7.146249856767308284e-01 -2.919966283571628907e-01
3.500277855487146326e+02 5.409096916018935417e+02 -4.137289127924556054e-01 7.730578051871474232e-02
1.058071718163584819e+03 3.089409378347690449e+02 4.529333416788059452e-01 -2.326726465850746748e-03
2.476478526196733014e+02 7.358818197513646737e+02 4.686416506074249019e-03 1.259718803769734226e-02
1.229000053233022300e+03 2.426938233229092816e+02 -8.105200099533808183e-03 1.239546411818058871e-02
1.202895031176836710e+03 2.238083580400530934e+02 2.158748303835780757e-02 -4.075900215309643387e-02
1.265754294132264477e+03 2.036705840071412581e+02 -2.264570842402067194e-04 -8.951203610483798954e-04
2.863057529656348947e+02 5.039599811446566946e+02 -4.959771552180675114e-02 1.426339467950296647e-01
2.694264004756233817e+02 6.959949441245342996e+02 1.279875227214238289e-03 4.645743738099482496e-03
2.613577127509044544e+02 6.601378516355985084e+02 -1.327282777731172590e-03 2.245204585413843913e-03
2.661523069028237956e+02 6.636234512723240186e+02 -3.142081029074512890e-03 1.360557655000028086e-02
2.823247074477280307e+02 6.870836765589752986e+02 3.513376582336289779e-03 -8.811765272833209633e-04
2.442632794416332160e+02 6.364889426529323373e+02 -1.557599941040982558e-03 1.417277332033300367e-03
2.530735653581840836e+02 6.321791120551432641e+02 -2.328099910491879948e-03 3.057991748548401570e-03
7.169705301798625214e+02 8.739119002534725951e+02 -1.950550521621945621e-03 -2.391864368988616627e-03
2.495713835297246135e+02 6.175912151485828190e+02 -2.450744588417092321e-02 2.607308607611171988e-02
2.362319126870275170e+02 6.296973897830736178e+02 -7.389247544884735251e-03 -5.443158722618145033e-03
2.598962286840479123e+02 6.422815020350060422e+02 1.403738362656983124e-02 -2.380186325916667373e-02
1.061053403507608436e+03 7.768673098768296086e+02 3.689152320627236414e-01 -2.247918501103978450e-01
9.008101540813877364e+02 3.481240110699510524e+02 -4.244383254740051181e-01 7.927880164584336087e-02
1.884270406998365388e+02 5.736043317595881490e+02 9.647270048425512405e-04 7.450959151164719468e-04
1.191249517920277185e+03 2.288900426174534743e+02 8.750021702695395115e-03 -1.260421481342065102e-02
2.314742372560625938e+02 6.290439306801164321e+02 -1.725390369020346135e-02 -5.552337890066209175e-03
2.459838228046919824e+02 6.931826367064753640e+02 -5.229828119033833739e-03 1.334321102178526565e-03
2.905956111541158862e+02 6.483041819777515684e+02 -2.450920157489483355e-03 -6.607419827785202156e-03
7.749133349146685532e+02 9.026431634973208702e+02 6.802898989570331789e-01 -2.809876625422605967e-01
2.703752758361150086e+02 6.355755020789075616e+02 1.023302541733866165e-02 -2.097739114160413962e-02
1.183632237278267894e+03 3.612348463956594173e+02 -2.008079061502796026e-02 2.000219141478008222e-01
2.286116747372724944e+02 6.959828108670566280e+02 8.265367326925057365e-03 2.066018469379895042e-02
1.054381812154080762e+03 8.106814189425939503e+02 3.696851818540842216e-01 -1.178451441661446525e-01
2.018561947907271303e+02 7.009990552841341014e+02 1.031001128250530821e-02 7.950030825384709222e-04
3.070525891385311184e+02 6.301703375696559988e+02 5.127931984658728537e-04 1.334173285318675066e-02
2.455681205792841695e+02 6.144652011750864631e+02 -7.562679527296722881e-03 5.512907861110320253e-03
5.256956911958446881e+02 4.352657302456262300e+02 4.662248422581721785e-01 -2.156944010044001825e-01
2.970309983117062416e+02 6.031008167642933131e+02 5.251650206209415063e-03 -6.698097890424571828e-03
2.274152099808817411e+02 6.448549574315353539e+02 -6.129452075845390376e-03 1.826235964428840619e-02
1.082684339059463127e+03 7.813808074433643469e+02 3.766309178083364628e-01 -1.778557561379730534e-01
2.301744123011771421e+02 7.145514172959669850e+02 1.726010747626443220e-03 6.144854096660175465e-03
2.923808669992586147e+02 6.604669368092429522e+02 7.337945265078360535e-03 -3.660521339894006517e-03
2.379974716546756213e+02 6.491479976662453737e+02 7.640980493609486092e-03 -1.470017225748245296e-02
2.511602445703597368e+02 6.524260912002445139e+02 4.661050517013493890e-04 -1.071056354161969808e-02
3.235271092986866392e+02 4.789241789182476623e+02 -9.925384441603433278e-03 -2.097596797171315253e-02
2.859431302729137201e+02 6.626028181458837025e+02 -7.387736030859223813e-03 4.243450947183641589e-03
9.239272844605513910e+02 3.768149999244907349e+02 5.360689067951394104e-01 -6.477113435659921648e-02
5.036354477301877637e+02 4.323847415356425472e+02 5.212670937823434825e-01 -1.549210838305067339e-01
2.451665980177154438e+02 6.656855973466698515e+02 3.099744953086127144e-03 -4.589900176803426123e-03
7.324214168598717833e+02 9.378252815694182800e+02 6.639692053050816334e-01 -2.840961725185013886e-01
2.119887819481852205e+02 7.340252121313444604e+02 1.081158721344122227e-02 -8.755067895269195641e-03
2.911978239657324252e+02 6.022160400669073397e+02 1.089004352945721621e-02 3.225127448529697960e-02
1.025545323608617991e+03 1.658498033199657300e+02 2.171433601215719961e-02 -7.418930421591643336e-03
2.926428734248902401e+02 5.792930068281700642e+02 1.350333719373527763e-03 3.914208912607758210e-03
2.221272477814244724e+02 6.863106266749200586e+02 -4.161798393828866627e-03 4.302658664048769968e-03
2.888538567464889866e+02 5.875580411181041427e+02 -2.589606081603888950e-03 1.309079671399207600e-03
1.236806601013791351e+03 1.341341077854252717e+02 7.757340103540123245e-03 -2.032918083312809654e-02
2.671302002492347469e+02 5.824423930700373830e+02 -8.196067942716950966e-03 1.659593064435190349e-02
2.138305975172684725e+02 6.878709935762082068e+02 3.268922868441580861e-03 -1.832311697886226335e-03
7.259939664847790937e+02 9.338819800861466547e+02 6.617985796933680831e-01 -2.963528859861087050e-01
5.658776864345232980e+02 4.054548397369447912e+02 6.589243736342558222e-01 -3.219016213873710508e-01
2.581603093125719397e+02 4.578997730905740582e+02 3.036374353845675087e-03 -1.628549367886829996e-02
2.857532566472365829e+02 6.352862556396866012e+02 -8.604953353418601930e-03 -9.629983123996941133e-03
2.530371739244393723e+02 4.131037159457662824e+02 -9.547004245835231939e-02 -2.996466084883956382e-01
7.405711378325061105e+02 3.676446708942108330e+02 -6.232412247376619696e-01 2.009133929216542491e-01
1.481861800040913408e+02 5.243652136311441154e+02 -3.033776012522715684e-03 -4.560484011941154728e-03
1.237584954964759163e+03 4.001235280685253315e+02 9.559232618287994560e-03 -5.070303773737073506e-03
2.953824293258192597e+02 5.459116294733520363e+02 -6.471441529609788402e-04 -2.492331682971537371e-03
2.925372220794047848e+02 5.657009523570610554e+02 4.281754535692007383e-04 1.091303057391951846e-02
2.489429756888326608e+02 4.970077482093203116e+02 -2.117448598964207299e-02 2.144459678460900257e-02
1.140206002351696725e+03 1.512903069186561709e+02 5.789964104261199895e-02 -2.099474036509127728e-01
2.714581024262805045e+02 5.181623052094207651e+02 -1.481826239224610237e-02 1.497360141466829442e-01
2.460133685745128673e+02 6.828034991542483567e+02 -2.753673281282060788e-04 1.164036741944965122e-03
2.859240285414637697e+02 5.466605498038773021e+02 4.175283099847759000e-02 1.266642029484451593e-01
1.071381890328719237e+03 2.345843931162702631e+02 -3.442030354220619315e-01 -1.772284213993998991e-01
2.408351258216283100e+02 6.818169575467101140e+02 2.336888134675124858e-03 -1.147148129542632788e-02
2.779604808995247254e+02 5.205227232803371180e+02 -5.944988141922889248e-03 1.888347802379809204e-01
1.141340475958224260e+03 2.305264246525844953e+02 1.398865599049029310e-02 1.568729801824634423e-02
2.309279163527123444e+02 3.253441692354003862e+02 -7.860853680266315091e-02 -3.952546001843105228e-01
2.725037496475712260e+02 6.534941830695245244e+02 -3.794499194810614911e-03 5.883235649464202367e-04
3.268096388956639657e+02 1.053195885970233576e+03 5.160902858590091583e-03 1.785413828204330394e-02
2.852518718940477811e+02 6.117804700894586176e+02 1.017508325410425123e-02 -9.152188817902152593e-03
3.019190843796534409e+02 5.208980992921366351e+02 -1.198127420054439785e-01 1.337586669806474782e-01
1.076012391312694263e+03 3.166467009437554339e+02 3.753036527433787350e-01 1.101973769166526285e-01
2.780669237516228236e+02 5.444053026123963264e+02 2.508111842473793873e-02 1.313819946149461793e-01
3.192789892300913834e+02 1.059757207324540104e+03 4.676767202824683666e-04 6.785942885318657462e-03
1.189597778145965549e+03 2.458782996395530347e+02 8.139108033941341858e-02 2.313151609867374406e-02
2.789838131849215301e+02 4.916195660295028915e+02 -2.254135258544695194e-02 1.185930991689254921e-01
2.529473893573720886e+02 7.020005354851821266e+02 -1.434353900880679057e-03 1.590988377149349722e-02
2.324639813563547364e+02 6.749844742179935793e+02 4.664472172295842760e-03 4.068864744907625653e-04
3.697847655834248712e+02 1.046165244629800327e+03 1.792843737772804348e-04 7.265489350201917082e-05
1.184898693962071320e+03 2.122284833573167759e+02 1.225679869982723366e-02 5.169331295565591199e-03
2.730567240139674254e+02 4.985383141036996903e+02 -4.239406460868171828e-02 8.656020065764985505e-02
1.217538876221151668e+03 3.512783924164760379e+02 -6.295379451145918402e-04 -1.720545603199813423e-02
2.716974511905531813e+02 5.947396141746104377e+02 -2.984125559392098847e-03 8.254220914489334131e-04
3.211810355938392263e+02 5.928205444701962961e+02 -8.844311659721810701e-03 3.405356263852350133e-03
2.477872671368684507e+02 5.100808202531400752e+02 5.413346503230671847e-04 -6.634296925106823208e-03
2.919363247868339499e+02 5.212051449333671371e+02 -9.126909638644571665e-02 3.545151113900608109e-01
2.741385394374087241e+02 5.589063162125696635e+02 -8.282090623338555016e-03 -2.109614265798945287e-02
2.383201422694214102e+02 6.410342019233510200e+02 2.686391424534978478e-02 -1.182379378379025273e-03
3.045353818348276604e+02 4.561494207093908244e+02 -1.217495887397204192e-02 -2.393996521723384605e-02
2.722326589568638155e+02 6.784349030064821591e+02 -1.888373938465457086e-03 -1.440243107851691242e-03
9.719597648776483538e+02 3.576506388747749270e+02 4.125312410436258181e-01 -9.268506556986778888e-02
1.143832103227939797e+03 1.698503811590178998e+02 5.588050362447493681e-03 -2.837660770688111081e-02
7.717166876263299855e+02 3.540339077868960658e+02 -5.641269857814591449e-01 1.899983813196788052e-01
1.103576894283232832e+03 2.568100511630238429e+02 -2.984355533047317599e-01 -9.845332401006530107e-03
1.199075291742052741e+03 3.772818724360491274e+02 3.862117900377534663e-03 8.321159650137978023e-03
3.264505030326246242e+02 5.410366391382699476e+02 -4.877261008335093129e-01 6.288793938562330099e-02
2.700961705795098737e+02 4.609935345683594505e+02 1.678464748531969045e-02 -2.913315577017326907e-01
2.451699245860584710e+02 3.957953284760166071e+02 -8.286498976080355905e-02 -2.893203565444583125e-01
2.431067033059445350e+02 5.946170446943378920e+02 -9.946809415433419468e-03 6.042364307909968077e-03
2.518308854187448560e+02 6.423190530537781342e+02 -1.450506837281126914e-02 -3.597196747878655693e-03
2.637051069716184770e+02 6.080023774277113944e+02 -2.415509935656133379e-05 -6.961684682776217610e-03
2.930293808662229367e+02 6.364903337725243091e+02 -3.636509500135970407e-02 8.607623335814253152e-03
2.374696537776060268e+02 5.053600388602050657e+02 1.646394464435814269e-03 2.749204075225614250e-03
1.178611433948834247e+03 3.523882941305774352e+02 6.617565270503426682e-03 -8.204053134689540117e-03
2.326832777145437205e+02 5.639006952547169931e+02 8.045073411390621376e-02 -7.032653034778688084e-02
1.107588824480378207e+03 2.383928634741926658e+02 4.576652636072563174e-03 1.849392726520090319e-02
2.094921096721276399e+02 7.213252578185433777e+02 -9.432341071208955735e-03 -3.641179433776698532e-02
7.088275332572198977e+02 3.761173314719912923e+02 -6.515879422796773124e-01 2.751289797975680629e-01
2.061800476672016487e+02 7.267267285493762756e+02 9.281650178533624529e-04 2.795057654057558536e-04
2.823787969354238498e+02 6.498260561802060238e+02 -6.046793242324446601e-05 -7.570841731762811833e-03
3.757172602823284819e+02 5.634023241159746931e+02 3.455359822403510084e-02 -6.009959297585684007e-03
2.802215371560336621e+02 4.597358222427982923e+02 4.321847999269023272e-02 1.737871232165112412e-01
2.286053985295293671e+02 7.070540791033095047e+02 3.923118617071940165e-03 4.071893415702971218e-03
2.679931555173408810e+02 4.845876923321993104e+02 2.779542219192454242e-02 -2.189221293911347566e-01
1.203674493936806584e+03 3.875565477998454753e+02 -2.998998817749434255e-03 3.791443328390243275e-05
2.646977378772743918e+02 7.306856714214762860e+02 -2.419989594727667281e-03 5.703794894355557372e-03
1.162088756919826665e+03 1.942706240806922438e+02 2.553053337140515078e-02 -3.336036658077803918e-02
2.779517530615310648e+02 6.591442099185495636e+02 -1.966324778318874825e-03 -4.946598051909553012e-03
1.281394481166959395e+03 3.709323153222032943e+02 1.511649146539297082e-03 -2.013510377360665324e-03
2.667746162343578362e+02 7.208479047866023848e+02 -4.502069843288109517e-03 1.458057724601819101e-03
1.394596392845722335e+02 3.884752061741932607e+02 -3.608590104022368905e-03 -4.798186808664643352e-03
8.904911927614689375e+02 3.151875492980256581e+02 -3.907302187716436004e-01 1.376006598274720494e-01
8.809338859888885054e+02 3.512329919728461505e+02 -4.675431105126756637e-01 6.259324056741724651e-02
1.118649472926813132e+03 2.335227052833951973e+02 2.476103630582620480e-02 -3.563492262122848475e-02
2.726949931231107485e+02 4.348312452548640294e+02 1.619754262267888295e-02 1.667680950226900771e-01
1.217794650048375388e+03 2.542977895555012253e+02 -5.387796867747209409e-04 2.480855019413048985e-03
2.290411752379825998e+02 3.094708219291944715e+02 -6.827441819418095248e-02 -3.446187099580810265e-01
2.978375011731669701e+02 5.323306322934409991e+02 -4.109273014766854915e-01 1.078687942143305156e-01
1.625913290898097046e+02 4.770082783401869051e+02 -1.417790340893037015e-01 -2.667750271569051534e-01
1.015371523498011470e+03 1.635893846103240037e+02 1.765218208805269251e-02 1.108700400964670978e-02
1.090429007012292232e+03 2.255177072472772863e+02 2.194437083699536054e-03 -1.367511769561528465e-02
2.778801878818684372e+02 4.499478363477616654e+02 7.065020413774944497e-02 2.132612836666832601e-01
7.022010345392733370e+02 4.435200971678577844e+02 2.607203205176876135e-03 4.311908862370395293e-03
2.565515407585740491e+02 5.278674689128457658e+02 7.685127607985656195e-02 -1.231837736886169654e-01
2.293755334048655641e+02 7.447938396043197145e+02 4.265652273105469106e-04 -7.008089829099898660e-04
1.511771620568264893e+02 4.543074390682307353e+02 -1.569128416674506242e-03 -4.208831001676571759e-03
8.334018100986636455e+02 3.295333814047859278e+02 -3.845215913091828974e-01 3.029111150233854133e-01
2.328906070127202952e+02 7.010833862210118923e+02 -3.224208327741516760e-03 -5.102426401476400052e-03
1.591660966899214600e+02 4.825759508436736951e+02 -1.453663485689557500e-01 -2.820816164881826404e-01
2.158667857846611469e+02 6.427586584492489692e+02 -1.232732679598243578e-02 3.072855020582322683e-02
1.888520596327149690e+02 5.341957743715922788e+02 -3.432999935237101008e-01 -2.212995525398969987e-01
2.654150199793552929e+02 4.325858217283356453e+02 7.611385455202714090e-02 1.445218180047623813e-01
2.302950514926221501e+02 7.744209836304078181e+02 5.408518845637679852e-03 8.410575566979940423e-03
1.112971652326701587e+03 3.415529210842144607e+02 7.148397582696897588e-03 -5.350062287279774668e-03
9.069928511457081868e+02 3.478259463466137049e+02 -4.541556160695439659e-01 9.563849271594200563e-02
5.786843220853887715e+02 4.394381585932392227e+02 5.921988377479415755e-01 -2.427339448862905757e-01
2.690099406581296648e+02 4.262611890423247019e+02 4.156547572163298010e-02 1.571304973015557049e-01
2.713860738898566751e+02 4.465883701030990665e+02 5.920410170904852332e-02 2.012471776352616759e-01
2.489799465390800037e+02 4.047155991439365152e+02 -9.951914833991305775e-02 -3.111770401837626321e-01
1.176594298751690758e+03 2.141527219270616058e+02 -4.256349079147221312e-03 5.127156680352903256e-03
2.316497245119588229e+02 6.206251162362518699e+02 1.107158633862783542e-02 -6.129524952700761940e-03
1.259336601747470695e+03 2.927110209962414729e+02 -1.830436587471634283e-04 7.939471107014321044e-03
7.468279179973962982e+02 3.863696028942337648e+02 -6.117560313394341254e-01 2.420515485897353491e-01
1.721132080667321986e+02 5.757939982027410224e+02 -4.116148280457839620e-02 1.141246217468623071e-02
2.837479055526299589e+02 4.115779980500073520e+02 5.549386292973665369e-02 1.419512264534320001e-01
1.215278704025123943e+03 2.498296586920187679e+02 -2.008793791479898672e-02 1.190763864057815466e-02
2.277640109023213313e+02 7.311530474304698828e+02 -1.624852880765540342e-03 -8.309888213223457637e-03
2.495433611991046234e+02 5.156251020387384187e+02 6.934412799074635148e-02 -1.678459834254508176e-01
1.182539253136143316e+03 1.825660640841101952e+02 -3.734804427204556441e-03 1.039696695407528806e-02
1.136368522756179118e+03 2.249484320079120607e+02 1.215255101775561918e-02 1.284845533524728691e-03
1.185005268192609947e+03 1.943015606518971765e+02 1.255429084718830135e-02 3.229126064078040315e-02
2.626551060689492374e+02 4.201811577229833574e+02 6.008115838393945918e-02 1.217400416647359401e-01
1.138887945790070944e+03 3.730542341227156840e+02 -2.875412989910142939e-03 3.043926969371118715e-04
6.174919303435234497e+02 3.895751576538559107e+02 -5.320400793193179843e-03 -3.567505868156696167e-03
8.707378915618525070e+02 3.332751051341541597e+02 -4.073947495862008106e-01 2.285198114430888328e-01
2.382242752524539924e+02 5.425088210452078101e+02 -7.025300782041958916e-03 -1.862028843792626898e-01
2.522055397963208634e+02 4.812686721690292302e+02 3.401968259757184952e-03 -3.660702447577347200e-03
2.117536801327823923e+02 7.461022630762641938e+02 -2.410036649182090845e-03 7.056849486573782805e-04
2.651060852392465677e+02 4.469605810199088296e+02 -5.472355278814041574e-02 -2.709936592529566535e-01
2.740739166702501848e+02 4.076118662109209367e+02 5.418675888453568235e-02 1.248161355720145971e-01
1.047723849539144339e+03 1.750290114441774278e+02 1.771779398821912016e-02 5.126922344119282451e-03
2.196164963960948739e+02 6.989007246851203945e+02 1.294882383445660227e-03 -2.267431852656630938e-03
2.880356778234245780e+02 5.328431224112945301e+02 -3.314712055478955532e-01 1.368258575631254581e-01
3.468423233673538562e+02 1.067172041909184372e+03 -6.950955401857799622e-03 -1.293157712231984315e-02
1.077753605116306517e+03 1.876796443237544736e+02 -1.420240218323832126e-04 2.457637145684515509e-02
1.211780398098650721e+03 2.653218888445367725e+02 -1.202778270259958560e-03 5.061762343895886843e-04
1.156829443221744896e+03 2.317442683810020867e+02 4.800467366382267509e-03 1.684005393466316350e-02
3.430251878008126027e+02 1.067423993998221022e+03 2.273175972883753268e-02 -1.367167629397125946e-02
5.670862082096515451e+02 4.643324612511925693e+02 6.778281946038107186e-01 -1.900946965330596317e-01
1.438996031671460401e+02 3.928054114390506584e+02 9.176400972859424451e-03 1.316770778191541855e-02
1.543277815248759453e+02 4.863564971296870567e+02 -1.529689894281293372e-01 -3.406843795006248010e-01
2.094761558909643213e+02 6.435188910125434631e+02 -2.487062891852287721e-03 -1.826095228455072803e-03
5.022819308529304863e+02 4.432492450751232127e+02 5.305253004676864226e-01 -1.675779516559089688e-01
1.085245094688915970e+03 1.839363900367487190e+02 -1.721215000633051148e-02 6.503820422367560805e-02
1.145965190270990206e+03 3.299752181409363061e+02 -1.045420293373110904e-02 2.571177376911565446e-04
1.104374259051386161e+03 2.321425353563708711e+02 2.510475929597134198e-02 -1.765954840305178353e-02
5.582902210865544248e+02 9.824855520901019190e+02 4.768734255939434674e-01 -2.597605642286831551e-01
2.678788159554502499e+02 5.925400815413604505e+02 8.795269848768961021e-03 8.495729042952817126e-03
2.598820979631385626e+02 4.034278683804103594e+02 3.466511141979963101e-02 1.480213469063952902e-01
5.944314762210018444e+02 3.682619702253501259e+02 -1.805727778140286607e-03 -5.743138894054522318e-03
2.143002403737363863e+02 7.380581013393697276e+02 -4.854434549537864352e-03 -1.996878777804746066e-03
1.239969648343745348e+03 3.357151542001996063e+02 -4.161910886131688319e-04 4.062498194681472222e-04
5.263144132905567858e+02 1.031388781517353436e+03 4.307777290264508951e-01 -1.802361180702951315e-01
2.606505721782212959e+02 6.244114524713822902e+02 9.310311032058760095e-03 4.676908586471915322e-04
1.187622572165913198e+03 3.616173787843816854e+02 3.000907229309380392e-02 4.296060059250904339e-02
9.218204099828769813e+02 3.107007306538553166e+02 -3.810137948569972122e-01 1.420739592925112649e-01
2.238466186083608420e+02 7.088641990909245578e+02 1.449967629438355960e-03 -3.772520702948057962e-03
1.132550135929739554e+03 1.828444816654837268e+02 2.387375933078218868e-04 1.465624925350820715e-02
2.780409674855112030e+02 6.919828875965245061e+02 -1.492937443796988999e-02 -2.595355100359569497e-02
8.812136840767644799e+02 3.624880306472980465e+02 -4.107511035558852885e-01 3.254747943407998445e-02
6.065873250510157959e+02 9.671850260527453429e+02 5.268372218749395319e-01 -2.310139040276052991e-01
2.057618226614277432e+02 6.954043465722635347e+02 3.825466529905675785e-03 2.202676531232379466e-03
2.670942464099192080e+02 3.864280872677949787e+02 2.006804196826416850e-02 1.047755972253474333e-01
1.233029411879840154e+03 3.503236154713250698e+02 -8.883689961271781961e-04 3.599056441673680485e-03
2.852135827650298552e+02 4.820652753799094512e+02 7.930845734911077909e-04 1.328706357828470519e-01
8.434390373922771005e+02 3.140055749716202627e+02 -3.102654933258064962e-01 3.406461560942972144e-01
1.347081219800771805e+02 4.001728381663537562e+02 1.073810366507348254e-03 -2.371539217632392883e-04
2.601019569207907693e+02 6.850765975248152699e+02 -1.276707540046793498e-03 -3.036791905124614204e-03
1.204736837808148948e+03 2.797041948864734309e+02 -1.527364960892474118e-03 1.961287063433908443e-04
8.649644782795921856e+02 2.824450756033124321e+02 -3.472131485463023637e-01 3.908819188732057803e-01
3.312989093062552115e+02 1.089032257505288499e+03 6.483399796835973006e-03 1.602936866610173497e-02
3.090456555188447965e+02 6.028041882015716055e+02 3.812344615793975336e-03 -3.611923571922110755e-03
1.194832326488995477e+03 2.031996096309009943e+02 8.793603632147106025e-03 -1.951364753542472394e-02
1.170170048052196535e+03 3.679552514574028805e+02 1.577684039539640690e-02 -9.517190726697181621e-03
2.689150968140136797e+02 4.078655579100740169e+02 6.713922278207420935e-02 1.450038821078736273e-01
2.724825199141206440e+02 6.210013082868791798e+02 -2.691814710421831097e-02 -1.196910126064623138e-02
3.406158545161315487e+02 1.090379379648250961e+03 1.728349351615821039e-02 6.587857589438769410e-03
8.316782297617039603e+02 3.215415940368703218e+02 -3.178268929922634101e-01 3.022528095157089312e-01
1.713920096303939431e+02 5.482346319722516910e+02 -2.506765991895741896e-01 -1.474208936154541849e-01
3.102414275084948372e+02 6.216848422016635141e+02 -2.596981395654303533e-03 1.230167088506998064e-04
2.874321578881469463e+02 4.677350012605927532e+02 3.192788456625059862e-02 2.124310234258545427e-01
1.156745298767336408e+03 3.313575210240383626e+02 1.009791462766401271e-03 -4.910043550520447157e-03
1.107299242993650523e+03 2.955793271517328549e+02 4.834617856537632985e-01 -2.436348026673771927e-01
2.283147345413104006e+02 3.191228293021119384e+02 -7.372404966362143541e-02 -3.724054283801934706e-01
8.067977563324611765e+02 3.264135296272394839e+02 -3.614801288498765142e-01 2.411948876061155711e-01
1.175301749145040048e+03 2.232644007512887754e+02 3.591493009119826885e-02 -4.560007577042974464e-02
8.547860675868362250e+02 3.423759271933455466e+02 -3.726841021279781452e-01 1.818557243870919937e-01
2.724618542435221116e+02 6.603093160362084291e+02 -1.911143460706445779e-03 -6.071869988881018441e-03
2.618948680200417130e+02 6.973844879803415324e+02 2.549124653316679236e-03 3.367176228484912784e-03
6.562682605980485278e+02 9.587564035129294098e+02 5.597012394748415165e-01 -2.601299362706294138e-01
2.699073691834823308e+02 3.749729075740604003e+02 6.751050878803410010e-03 9.823414951066884726e-02
2.772830443857880596e+02 5.937412338599849591e+02 8.425077328788777020e-03 6.302684504653865809e-03
9.686180067814290169e+02 3.665146588922126512e+02 3.742065227487106904e-01 -1.621087910952069000e-01
2.616123439479760009e+02 3.765566629830178726e+02 -7.028924286175023545e-03 9.898528095228224799e-02
8.379953937019043906e+02 3.691460741338603952e+02 -4.075557494233639777e-01 1.531502157734231928e-01
9.305957110816266322e+02 2.947751322693144402e+02 -4.044793836650927288e-01 1.533467409207870946e-01
5.651158790919063222e+02 9.882028511772280126e+02 5.174870868997227813e-01 -2.288859868013677079e-01
1.173128628154666558e+03 3.398064319393311052e+02 -1.034723270763066375e-02 1.087767778067482045e-02
2.421388321765115847e+02 5.314647285907738024e+02 8.154103542783486258e-02 -1.500799239065993829e-01
8.562175866466727712e+02 3.134662981164995017e+02 -3.158656613088579035e-01 2.126765518995079873e-01
5.988622304989221448e+02 4.791483207180233421e+02 6.724570403627879722e-01 -1.347137279290278045e-01
5.987503243930862027e+02 9.873946241416540488e+02 4.613081081018282625e-01 -1.694634150856434707e-01
2.632364328876536206e+02 4.629940532517728684e+02 1.485697699146079154e-03 -1.368709010175295920e-02
9.100733489078612592e+02 3.287986761122572261e+02 -3.586008347758605774e-01 1.868486341097521097e-01
2.338524261491101015e+02 7.119744077767225008e+02 3.913077473280191995e-03 1.094338472718827879e-02
6.348845343599963371e+02 9.789907143319758234e+02 5.785019102349849840e-01 -2.457865815416788446e-01
8.167847450727572323e+02 3.239822695433244917e+02 -3.614867387713847080e-01 2.690446016786942063e-01
2.370992230515587096e+02 6.028261428827755708e+02 -1.583213436627561865e-02 -1.294168558905595817e-02
5.036062525562476253e+02 4.812911356912291581e+02 4.657384320757533835e-01 -1.460106866195147735e-01
2.976191915001928123e+02 6.548752407958696722e+02 -2.040863395977636930e-03 -3.224179998008114712e-03
2.727721777131253589e+02 3.883564992689406381e+02 4.313252610278098254e-02 9.310797207010715337e-02
1.045238390191314920e+03 2.116739013544601278e+02 -4.625891314894447787e-04 7.335622262649457931e-04
8.855798380039819904e+02 2.571410756914432341e+02 -3.787709453633187895e-01 3.271165163764075401e-01
9.089987063875569220e+02 3.202860480396502112e+02 -3.477192399035368697e-01 1.561577556904839847e-01
2.368996840852224466e+02 6.184319497280670248e+02 1.148391497551837529e-03 2.826288819571147644e-03
3.245358668774196076e+02 6.086202185497060100e+02 -3.308133558181056491e-03 -1.029815749035772714e-02
1.125821599513353249e+03 2.222521145790215087e+02 -9.096246289273760000e-03 1.856825529302224068e-02
5.761112770092461233e+02 1.008431134196828680e+03 4.461595346767887049e-01 -1.855385755095945166e-01
8.373070630195319382e+02 3.367483178474712986e+02 -3.888240723355835260e-01 2.856800484853415090e-01
1.780322452804068973e+02 5.663702392671740427e+02 -3.034691162298306377e-01 -1.802719918096259144e-01
1.132509699863078367e+03 1.891423450385042315e+02 -8.460749573430910442e-03 2.004314174037783239e-02
2.760177046013532731e+02 4.041476573911462538e+02 2.844784433301189575e-02 1.437338342658652235e-01
2.593735242685255002e+02 5.466417820154770197e+02 3.344294077706844257e-03 1.659903095113498400e-02
7.532949522254717749e+02 4.315705628740025759e+02 1.536685864299690563e-01 1.515506427928850763e-01
1.691874181541955977e+02 5.562848320083918452e+02 -3.199211074247442776e-01 -1.382306395883726446e-01
7.729192263561639038e+02 3.776028751525723806e+02 -5.812489045199954463e-01 1.940748238681669346e-01
2.292385450149824635e+02 5.672282887539051899e+02 9.437710144782225641e-02 -6.422591719383873021e-02
1.213017394129838294e+03 2.420025793477441880e+02 7.509920231262248724e-03 -9.650917916400372212e-04
6.047929142615121236e+02 1.007103789511136824e+03 5.162663407863379295e-01 -2.151540810417420235e-01
1.106095427720494627e+03 3.163050124563611121e+02 -1.830808023543687574e-02 4.116598442593635832e-02
6.261415817952596399e+02 1.009945284660679818e+03 5.269972684842919586e-01 -1.573312463252828919e-01
2.601705525373685077e+02 3.568033632569844826e+02 9.159126321293061673e-03 9.480525806139444844e-02
2.647994362810360940e+02 3.657143983521640394e+02 3.999307869620418593e-02 9.533714740855982195e-02
1.166097870912177541e+03 3.860480477815847848e+02 1.384752229653776583e-02 -1.970930716659873710e-02
3.137677879604297573e+02 4.701153867978737821e+02 -1.807567621306201740e-03 2.859652156811341543e-03
2.837674085980027030e+02 6.781590593675546188e+02 1.837230895807468812e-03 -2.572536897206542726e-04
5.843522133099022540e+02 4.090867608403732447e+02 7.190249365747938270e-01 -1.983966982866014750e-01
6.096191600553055423e+02 9.706853080413389989e+02 5.326637430406976348e-01 -2.318622467107210872e-01
1.227926017298405895e+03 3.037899728864410918e+02 3.555433191418970740e-01 8.430626549031020045e-02
5.316791716089884403e+02 1.008746028353109864e+03 4.159334563074679747e-01 -1.759028785537746498e-01
5.992475349189919598e+02 1.014713055658032545e+03 4.720985819464595390e-01 -2.260367124615888512e-01
7.130587317546427357e+02 9.643112456923992113e+02 5.260423268940195296e-01 -3.452609713820511406e-01
9.044015052002906714e+02 3.126015114911536443e+02 -3.361359827645826748e-01 1.393041489188406867e-01
7.135158962147269222e+02 3.880676871495170417e+02 -6.496658260990344491e-01 2.820756397701263962e-01
7.573915739107600302e+02 3.556733362155970326e+02 -5.608650468896345664e-01 2.426666207343231851e-01
2.451652310093305402e+02 3.589853388990266012e+02 2.770535367851421904e-02 1.159160882475792076e-01
1.143025338080790334e+03 2.501081254882617202e+02 1.393654428701809889e-02 1.702274675226064446e-02
6.294678071141154305e+02 1.017440420885164485e+03 4.950326505128462284e-01 -1.604463719148781775e-01
3.040678602856169164e+02 5.903770946111944795e+02 -8.310375351522446274e-02 7.186608952080143775e-02
1.117684008180894580e+03 2.143712483325294613e+02 6.043955602186849158e-03 -4.853403483256181657e-03
6.576171280150134635e+02 9.929046280622629865e+02 4.490036042800455429e-01 -1.641373593828730770e-01
8.968577226221020737e+02 3.604491081016219596e+02 -4.405380060421940080e-01 1.252296543782489002e-01
1.117889615454520708e+03 3.292487191418255748e+02 -1.699936983956408521e-02 2.100981287930995395e-02
1.054230164895549706e+03 8.035694145051967325e+02 3.757846907443715967e-01 -1.195292510133343367e-01
1.259658557823320507e+03 3.889382115856610085e+02 -5.174694022159228093e-03 2.882567437666802047e-03
1.251211975912410935e+03 3.496666745794755116e+02 -9.521708896351477672e-03 3.323051854950095224e-02
7.162867222037639294e+02 3.726276571731885952e+02 -7.203303712626553112e-01 2.905622501851883310e-01
8.678524846170477076e+02 3.168011931336174030e+02 -3.792210494707264345e-01 2.026473148871592300e-01
4.799931242396577318e+02 5.001210297746629863e+02 5.449579367605960067e-01 -1.205453835010333458e-01
2.533694255887874931e+02 5.796670458939551054e+02 -2.300374199896929733e-03 1.167790883639577108e-02
2.650202377027526950e+02 5.136917689117963164e+02 1.112962325498080968e-01 3.275939703018823645e-02
3.585919571597873414e+02 5.180942156998656856e+02 -4.818416347303847158e-01 1.652587055795173565e-01
6.571774518769120732e+02 9.704964196704712549e+02 5.831391333533892940e-01 -2.927178034587748501e-01
9.233957441738457419e+02 3.571492036284388973e+02 -4.387131382439535821e-01 1.602243057956865557e-01
2.275211767708977959e+02 6.735360037669236135e+02 2.008593082051405090e-03 8.028582104643782608e-03
1.165376766103874161e+03 2.454800865771618419e+02 4.901699525335556640e-02 1.120521576209084456e-02
1.093831717718311666e+03 7.652159606582011975e+02 4.395185957053620585e-01 -8.071969559346998946e-02
2.817160824501763727e+02 4.734840235107155308e+02 1.957451278115970514e-02 1.434756927167661622e-01
8.435756140041830804e+02 3.095037053735458130e+02 -2.489028463565573224e-01 3.392901815959027956e-01
2.902251518783144775e+02 6.291429597241864258e+02 3.952925262049323575e-03 5.033388364192504898e-03
3.766112331290985935e+02 5.325773893661637430e+02 -4.198789217483208103e-01 6.453985372266936305e-02
8.371289661687084163e+02 3.039780807886431262e+02 -2.448491221185871980e-01 3.263007870985540348e-01
2.647183159947345530e+02 4.018286722523437788e+02 3.848806648029427097e-02 1.778519475764220870e-01
8.664604581617014674e+02 2.925005518927924868e+02 -2.862766129380354685e-01 3.543290255874833039e-01
5.353228760331732019e+02 1.012808478630096374e+03 4.260316760716118534e-01 -1.982890066186993316e-01
8.725729502350701523e+02 2.945728084228616126e+02 -3.143963694497636241e-01 3.320909757214140501e-01
9.194009123334952847e+02 3.006855511244982040e+02 -3.727027256774259611e-01 1.137538658600665137e-01
1.067895193974796484e+03 2.664845052019010154e+02 2.324212795532942244e-01 2.013199680829441396e-01
2.543797098929601077e+02 3.785512181491801584e+02 3.975352871745851252e-02 1.381104172385204387e-01
9.876850747341450187e+02 3.723357688025022298e+02 1.600056811464403012e-02 -1.057059539300046758e-02
7.990723891120800317e+02 3.467064623751895738e+02 -4.387464548546748944e-01 2.297216051083231236e-01
9.877143240911152589e+02 8.325069586238864758e+02 5.113600964145669225e-01 -2.244176101030607995e-01
1.911695793509936721e+02 4.963436703825390737e+02 1.759886039794995513e-02 3.225144066995748243e-04
3.223296995838082353e+02 1.081224807390586648e+03 -2.370477280760947218e-03 -2.780267859656990019e-03
6.794201937329780776e+02 9.927526128366887406e+02 5.041704719664512613e-01 -3.323839403401079307e-01
2.628330162906775627e+02 6.536763036882146025e+02 -3.098650658093879753e-02 -1.542978100758768921e-02
6.285539990927826466e+02 9.590472037576195135e+02 4.868350592657895715e-01 -2.371975790709455190e-01
1.150671538473269038e+03 2.896461499306751080e+02 -4.615710886013186728e-03 4.181100474407412060e-01
5.551939712067481878e+02 1.027744852561075959e+03 4.175678412913967907e-01 -2.043595975188365332e-01
8.862131548058388262e+02 2.845847678104368015e+02 -3.461053364949485123e-01 2.649866838102886701e-01
1.076095669465050150e+03 2.764767114866548923e+02 2.150305607123849660e-01 2.099926000460382303e-01
5.559915600928242156e+02 1.010466873661102454e+03 4.477927607604085813e-01 -2.123393144432647872e-01
2.662921735835487311e+02 3.510411830115409657e+02 4.841878653280448641e-02 1.594038165267333829e-01
2.781180383399201901e+02 4.859887469978140189e+02 -9.382649772125079002e-03 1.140091533275660318e-01
1.208836040246385892e+03 2.111340878170365727e+02 5.131191046502907999e-02 6.450350827538184340e-02
1.088224396669067346e+03 2.965191953419931110e+02 3.945592265118189057e-01 1.032493220241498949e-01
2.630646391143664005e+02 5.577748989094666285e+02 -1.136999362774187249e-02 -2.553766244861237558e-02
2.771947822935734962e+02 6.749796962733227019e+02 -1.103202187200149871e-03 3.757993923232284404e-04
6.388739510075436101e+02 1.019334153501867604e+03 4.989041552035625715e-01 -3.308715953961170464e-01
8.599346549550916734e+02 2.790911980445558243e+02 -3.158720585711239925e-01 3.439514420889196455e-01
2.556800917812654745e+02 6.025080667554541378e+02 2.250883339050431357e-03 6.132226444695127246e-03
2.749494632138998895e+02 5.670148724361823724e+02 1.666688188912136825e-01 -2.052737813894149263e-02
1.200489655992677626e+03 3.830269774261842031e+02 -6.735835509165652435e-02 9.040101920239276834e-02
9.513959206211465016e+02 3.304699916907662214e+02 -6.684876001340402940e-01 -4.735697373515992264e-02
3.156805464124307150e+02 5.530305861358755237e+02 -3.695467248664554560e-01 8.794703699376135719e-02
6.024825854078638940e+02 1.025307466137973734e+03 4.546911394819291852e-01 -1.997674335936004963e-01
1.158272783089699260e+03 2.082207542396449469e+02 -6.631294419350686371e-03 2.540652862186582039e-02
2.893968620102378395e+02 6.691358450853185786e+02 -8.932234533389900658e-03 -6.727057270383045642e-03
2.141174502178025421e+02 5.195674462868902310e+02 1.340151189426205119e-02 3.042420366928509645e-02
2.984453845604860476e+02 5.747501424313553571e+02 -7.425929836910704317e-03 1.518948883753439179e-02
4.049609133480198011e+02 5.156196735599360181e+02 -1.499623749094566583e-01 -3.693368775995807263e-01
1.028770297209011005e+03 8.052335269947669758e+02 3.591088325042124385e-01 -1.378205385247018855e-01
1.091356031804658642e+03 2.105894051839457006e+02 3.066475582310958063e-03 -3.431546452871165470e-02
1.198940287755843428e+03 2.154948050770212262e+02 4.862373524863167207e-02 -1.477030037181747413e-01
1.220194568300523770e+03 2.995571841272749793e+02 -1.065597361259328357e-01 4.445047148829863078e-03
2.373857940354851905e+02 7.465103363926183420e+02 4.861066940411782993e-03 1.790071239423302214e-03
2.749017348533220115e+02 4.226323699502335103e+02 4.904859329589821015e-02 1.196877163331019900e-01
1.172972589800924425e+03 3.561556097692498497e+02 3.239220858203864864e-03 5.627186436432602898e-03
6.294576930835220310e+02 9.979806858622355321e+02 4.627832520551509732e-01 -1.600729943863803129e-01
3.179495054466098054e+02 1.084786737420110512e+03 -1.525984874012075755e-02 -1.513789687909467344e-02
1.057132050343691390e+03 1.685816395561287777e+02 1.566867940237394174e-01 2.749172852089646485e-02
1.169837339790374472e+03 2.126468781491477671e+02 -2.106266535422334288e-02 1.847971782646877156e-02
2.093779911762277948e+02 7.173194973726383523e+02 -1.259545773945711274e-02 -1.246357184234822557e-02
2.508403797298610698e+02 3.503015264797502937e+02 2.328733012665517785e-02 9.083255329539557943e-02
1.147170467480444813e+03 3.518624847177181323e+02 -2.286178522259469433e-03 1.043916746106004698e-02
6.811729662670270500e+02 3.867886253428234227e+02 -6.575374973689800395e-01 2.025204007200900880e-01
1.876691394141849969e+02 5.540654596853830753e+02 -2.513274228430391055e-01 -3.244712264768663257e-01
8.953843077635324335e+02 2.656597753749823028e+02 -3.935646156838192855e-01 3.038189725729550372e-01
2.123334089343299240e+02 7.057254024916865092e+02 9.278321334451479334e-05 2.196555685757873438e-03
6.275245030894408274e+02 9.671419906957549983e+02 5.057909182281583593e-01 -2.393154700555172043e-01
1.134125060523589582e+03 2.405122507656642767e+02 8.735566377031272686e-03 4.404372710230673900e-04
1.059148342065288716e+03 1.931613616500943351e+02 4.970811410778581962e-02 -9.348015069313325709e-02
1.082167299641311729e+03 2.085102951009311880e+02 -2.276132204610803456e-02 3.593861261945525444e-03
6.558319449860616714e+02 9.462371590044260756e+02 5.632726676611843342e-01 -2.775487815509139478e-01
2.660979227649642667e+02 6.764561953849089377e+02 -3.985100405570014305e-03 -9.637879269683992389e-03
5.732685081623677661e+02 4.230017028330577773e+02 5.620783967622309252e-01 -1.772990277878647158e-01
2.282047047808800073e+02 6.866661468783369173e+02 1.161416042445624283e-02 5.495057400213848413e-03
6.245024024093985417e+02 1.040879723488878881e+03 5.304181262763495441e-01 -2.536977784036075212e-01
1.121300059382372865e+03 3.584239047404650478e+02 2.865408066237466744e-02 -1.647690363504487887e-02
2.521993851540897822e+02 3.875821492141447493e+02 4.704903331306419662e-02 1.087508594606561019e-01
3.965500208797769233e+02 4.911819758329354499e+02 -4.868647712058175592e-01 7.285963635688415263e-02
1.150794266141570461e+03 2.569728712956068648e+02 4.103138128575305188e-02 2.454089166273910605e-01
5.258069781706815320e+02 4.283015790723163150e+02 6.101382632521845650e-01 -2.004952376438608463e-01
2.662388679201983450e+02 5.492774318651397607e+02 -7.504262791736427919e-06 -8.504141022873263830e-03
2.980014975476952941e+02 5.660370387863980568e+02 -6.674991959191584577e-03 1.539294633045017874e-02
8.375591040316547833e+02 3.615432266735706435e+02 -3.766539600802931709e-01 8.392754572274906122e-02
4.001703414494792241e+02 4.851417077893780174e+02 -4.284139253067665853e-01 5.956146251914767875e-02
1.159948872243024198e+03 1.398642593138191614e+02 -3.141296774368462774e-02 -4.263902506234625717e-02
1.026800064887983353e+03 2.929118735745977915e+02 4.154813955913377876e-01 2.625492356298561591e-01
4.101200408709701151e+02 4.864326368308895212e+02 -1.565861678180694716e-01 -4.388243592064450249e-01
5.149225717683461880e+02 1.085827662537313017e+03 -4.593541345441753965e-01 2.513215020668991828e-01
1.263406957616059572e+03 3.006373216194286329e+02 5.803341522411332998e-03 1.539261222422334818e-02
2.522929827234087270e+02 3.342600502102246196e+02 4.816962437052782486e-02 1.581882304099830328e-01
9.344330202457720134e+02 2.642297964557370733e+02 -4.670825055713075935e-01 3.226935540949406600e-01
8.457055512787381986e+02 3.219466531283520112e+02 -3.320034102779390595e-01 3.563363718698876470e-01
2.607261005960722287e+02 5.842703272485867956e+02 3.102638683018166341e-03 8.370321641329007273e-03
2.082523175963868027e+02 7.474380044901946576e+02 3.766846485050190461e-03 7.333898863976173743e-03
4.851551691155684125e+02 4.599503189046758962e+02 4.995254487603706384e-01 -7.049831673940570864e-02
8.753631851200565279e+02 3.657936408883265926e+02 -4.342313627753400795e-01 1.106455456725026348e-01
1.308319955629611400e+02 3.926817278031912792e+02 -2.401868290055326257e-03 -1.134460590146255284e-02
2.159064202760466458e+02 7.543115490247487287e+02 -4.852997210870644250e-03 -8.162261330891068534e-03
1.177444592668821770e+03 2.332989970018069528e+02 -9.615362541695720308e-04 2.344201118356097242e-03
2.334209684607511122e+02 5.741823264473852078e+02 -1.710789016259006978e-01 2.783118813925392621e-01
5.835401749247889711e+02 1.046172922606044267e+03 4.564152583900669136e-01 -3.151093486478027117e-01
1.127324530092069608e+03 3.008313926030731409e+02 1.512568498861461552e-01 3.673443092999478798e-01
1.190609325630469584e+03 1.832960039447830525e+02 -6.033165695964613252e-03 7.548846595979215313e-03
1.008282518673240361e+03 9.275364151878494567e+02 1.301182699688358099e-04 1.130066982624958877e-04
8.746697761176806125e+02 3.511097411991887043e+02 -4.445592472517172489e-01 3.470345931086785130e-01
4.809858200609198207e+02 4.790996142214564202e+02 6.889788158041567634e-01 -3.033389271915702401e-01
1.073163892110864253e+03 2.264668509604761937e+02 -5.002242352146471982e-04 -6.166010769890822515e-03
5.138593157299574159e+02 1.042556612355449943e+03 4.424114470034808400e-01 -2.546049641179711220e-01
6.136577829739422896e+02 4.438060057843219397e+02 5.873904097532404167e-01 -1.825815006247567263e-01
9.922482320231634958e+02 3.055693899952410106e+02 4.377006440835078949e-01 -1.798448041469871694e-01
3.589219560049602933e+02 5.447210035527393757e+02 -3.955212740929749393e-01 4.041077733128337762e-02
9.997903593415941259e+02 2.754849765098209673e+02 3.685104368273371400e-01 -3.832073567984647933e-01
3.107319764374378792e+02 5.461487369826012355e+02 -4.181125477958272940e-01 9.590780832805910483e-02
4.634696658710080328e+02 3.923561357699177279e+02 -1.352618874698867412e-04 -1.139574751814822389e-03
7.302508249699379803e+02 4.214499803986581128e+02 1.222418230992043497e+00 -3.261901677841050895e-01
8.558422070205472210e+02 1.101682778326891139e+03 -2.100153899021680107e-02 -1.219411258786506219e-03
3.153694412993717151e+02 5.196268003785293104e+02 -3.936076548830421129e-01 1.482470863653178039e-01
2.832588599818353146e+02 5.693928771684003323e+02 6.504471391355701182e-02 7.360262175997250855e-03
4.787937217938854246e+02 4.911385331742668541e+02 4.997123247809564517e-01 -1.576233376031381250e-01
2.808129841618776368e+02 5.033360443953656045e+02 -3.058551594850284980e-02 1.012474086599289141e-01
1.106866322766329176e+03 1.759826794997609625e+02 1.829158173015709571e-02 4.793652066964124159e-02
2.759572294059910860e+02 7.007202285615842356e+02 2.782714699956069168e-03 -4.530830669954420838e-04
1.144724063317022683e+03 3.766282002697233793e+02 -1.262108260165729304e-03 -6.888734404316604158e-03
4.891500165546030985e+02 4.553250061543191691e+02 5.060962306073947259e-01 -1.104500206732634271e-01
9.547255407893068195e+02 3.394758663892471304e+02 -6.473872739752292160e-01 -1.094150006460893609e-01
9.030817208947546533e+02 2.550078536043228894e+02 -3.049488722774516547e-01 4.085504583742807783e-01
2.433314593171815545e+02 7.229711561899060825e+02 -4.183940360659076096e-03 -2.277729547515290956e-03
1.260434947660005491e+03 3.138592608909085016e+02 2.628869675585731591e-01 2.923783199708166261e-02
1.224430288899557581e+03 3.333410394195292383e+02 4.536491399966787255e-03 6.852659629091681186e-03
2.840036385494012734e+02 6.708130378022887044e+02 -1.590646810729306852e-03 1.303704534694534803e-02
1.094345966691895455e+03 1.998974807194327354e+02 5.204435916036147247e-02 4.397968614868619230e-02
1.256966725210533468e+03 3.391181621390026066e+02 -3.208580392930064727e-03 3.127806080893810736e-02
5.122784820340031047e+02 1.078551056456287824e+03 -4.701828949473509378e-01 2.484890738011481526e-01
8.049959021269874029e+02 3.347558614569203996e+02 -4.415420699259933746e-01 2.512379158056268769e-01
2.444650874908401192e+02 3.265403295561654318e+02 2.852459432360301625e-02 1.626753878444069656e-01
2.523602854917582192e+02 3.265604270107091338e+02 3.503093648386354508e-02 1.644357743449231246e-01
1.182723920132412559e+03 2.337696053206545912e+02 -2.544444464478380977e-02 1.888582097616437264e-02
9.780665120690420054e+02 8.673716629136032452e+02 -7.202931816950211008e-01 3.775501413613143176e-01
1.078055046693673830e+03 1.985914414755254711e+02 -5.010507093472126722e-03 -5.448975397357031653e-02
5.836005324106077978e+02 1.059141026924660991e+03 4.528443036411617384e-01 -2.827153507033913216e-01
2.478523926129400365e+02 4.854809028399766362e+02 -3.522464309468216568e-03 2.048033600938805113e-03
1.619596124226941072e+02 5.611582715760818019e+02 4.118927292198926171e-02 3.662675406469307338e-01
1.050185855373803179e+03 1.996761967453562363e+02 -8.284438191358366524e-03 9.543157680059941549e-04
2.467693495313943686e+02 4.098070731255972419e+02 -8.717633074028631468e-02 -2.686637184547101542e-01
2.805805997974545107e+02 6.225803803000621883e+02 7.693705562684440826e-04 7.828862905788099274e-04
1.195416717895297325e+03 3.089853888621154283e+02 4.010768927825962837e-01 5.052886882967215498e-02
8.959241411980138992e+02 2.509361611271210677e+02 -3.004289497136837794e-01 3.885281724961162642e-01
1.272027576838379673e+03 2.913746873978732879e+02 2.414055024635870512e-04 5.875449110915145767e-02
2.868918501279559905e+02 6.511051244448283342e+02 -1.238661361180494989e-02 -1.178666265447402689e-02
1.132384851913818238e+03 2.712448299469286326e+02 -3.417582037929520200e-01 -5.788410556247094996e-02
4.864296735775157003e+02 1.057672604729996920e+03 4.287482596405549073e-01 -2.292728309297433487e-01
1.250697771729193391e+03 2.959804857600175296e+02 2.160094404286097211e-03 -5.741539303042796083e-03
6.288183045120214274e+02 1.043755425741910358e+03 5.178784422614637339e-01 -2.746595073024894473e-01
1.095161853484738458e+03 1.549956451171639458e+02 -9.976265389761266884e-04 3.168445244077781192e-03
5.969919613583634828e+02 1.034645379355967634e+03 5.316459260307833112e-01 -1.533123638846923820e-01
2.607112535971538136e+02 4.125620694250730480e+02 5.823185388670500118e-02 1.444477131017636862e-01
1.128387788521209359e+03 3.746148156121769830e+02 2.326788012167093928e-03 -3.548347231377093573e-03
9.281076013319740241e+02 2.562923136271486442e+02 -2.422072451769225199e-01 4.717464037030764668e-01
1.170007398338682151e+03 3.775065356435356421e+02 -1.180753879141253210e-02 1.307386033383323501e-02
5.205799961855617539e+02 1.055749240100256657e+03 4.110246598691852937e-01 -2.251335032436636296e-01
1.061792473001453345e+03 2.655759338887677927e+02 3.488279490674637273e-01 2.378192751270564453e-01
1.173068505608499208e+03 1.965221103941548222e+02 -2.175973774380130649e-02 1.069409216133092033e-01
1.118856218631649881e+03 2.631501594598134375e+02 -2.774102574202794713e-01 -1.116575277528085303e-01
8.978352954264674963e+02 9.057168344293220343e+02 -7.714493800927825218e-01 2.142288635116276763e-01
6.398819698304845360e+02 9.820834285339095686e+02 6.143472362607790282e-01 -2.591657897310333802e-01
9.169067058062505282e+01 3.611797409356275921e+02 4.663401758309764986e-03 -1.105429703898040510e-02
1.008966446354526283e+03 8.476081902545237199e+02 -5.009565819116986729e-01 2.180765866372126605e-01
1.015176255922335372e+03 2.093067234556545202e+02 7.594657984196209743e-02 2.618765066739440761e-01
1.135690419648873103e+03 3.212460134793956286e+02 -5.120437156075231984e-03 1.286223040817686090e-02
6.615412647957002719e+02 9.990439604841054688e+02 4.214505267107266362e-01 -1.724037305311709734e-01
1.122552206411544830e+03 1.762051044156062005e+02 6.076090293926526137e-02 8.093135293012886089e-02
2.272260520400775192e+02 3.310223881672281436e+02 -8.984486810406298873e-02 -3.836531434199920709e-01
6.039392341368566122e+02 9.940801355848589083e+02 4.780699169164097651e-01 -1.722160561323584915e-01
6.299527789402397957e+02 4.485473778952131170e+02 6.352421794212315120e-01 -2.308805830489285560e-01
1.056838560370013965e+03 2.071909030256874189e+02 -3.075501611410890249e-03 -4.891114693453848389e-03
2.841755491861354130e+02 4.741145005025740033e+02 -9.830520189153179808e-03 1.522412126665357301e-01
1.074415331632073503e+03 3.110201654359044596e+02 3.926312110373209596e-01 1.377114390547695966e-01
8.823931770680293312e+02 3.567467434806354163e+02 -4.391427110058846450e-01 -6.300278397441498850e-04
1.245990595211087793e+03 2.896304885268336875e+02 -1.061137699344942738e-02 2.935932582811358327e-02
2.644272887160745427e+02 6.300839009232807939e+02 3.234291772636118528e-04 6.445802206612690106e-03
5.770639462841908198e+02 1.016469829245716369e+03 4.481957287509390486e-01 -1.995554722098366318e-01
3.065862185575959984e+02 5.062387246382359649e+02 -3.005842944415894613e-01 1.393823203321598210e-02
2.999717490570974974e+02 5.940582613185591754e+02 -5.928277860128743082e-02 5.723885693245198830e-02
2.865183742721714566e+02 4.898827102829482669e+02 -2.320439348179064928e-02 1.074402805707321829e-01
2.578282036555628451e+02 5.129312857263289516e+02 4.033019497743756815e-02 -1.334776111830105194e-01
5.099931303652311954e+02 1.050749201049221483e+03 4.271593765965613909e-01 -3.314030929746665799e-01
2.697416830784825379e+02 5.267645541550255075e+02 -8.324947885613437348e-02 1.873292977760130373e-01
2.768838371072332052e+02 5.308984636230626393e+02 -8.072381321874623483e-02 1.873206959607945365e-01
1.070423115955168896e+03 7.810256997286334126e+02 3.526062128086287495e-01 -1.712336613376181094e-01
8.758225572368593248e+02 3.166879054550523733e+02 -4.672128861050810489e-01 2.621134406889923940e-01
1.946323049153288878e+02 5.339183817380900337e+02 -3.856940309537030265e-01 -2.620519530575782796e-01
9.200527863342521186e+02 3.481407726082460385e+02 -4.109442560162697711e-01 9.921663200591106235e-02
1.184777440547956985e+03 3.350088597823230430e+02 1.456660764559044308e-01 7.806737181709820506e-02
1.759528517420081641e+02 5.390292581259383269e+02 -2.598181871586575653e-01 -1.709880694127746958e-01
7.751787501820374473e+02 3.653272723033133502e+02 -5.672147742797546410e-01 1.683379721440424470e-01
3.327404582839197928e+02 5.307907667125873559e+02 -4.177091278064456459e-01 4.794741220244323060e-02
1.105522050790742696e+03 3.518610508291378665e+02 1.439493613855858528e-02 5.206010907335550247e-02
1.019432285128692342e+03 8.514506059594656335e+02 -4.872375271350962156e-01 2.939312265874594043e-01
1.963493739294703744e+02 7.056717914840754702e+02 1.777257434511203202e-02 4.287268224789719806e-02
7.155036582882626135e+02 9.760360699597648590e+02 5.224944129405941773e-01 -3.381199994161754874e-01
2.412209807850012169e+02 5.096768437242341179e+02 -8.227485558671844557e-03 -8.920276423687523853e-03
1.815830726564995530e+02 5.714007592850967967e+02 8.609611358728348762e-03 1.204097125779942865e-02
8.767126350432400841e+02 3.042699179297135856e+02 -3.861957975570097790e-01 2.240592953485360250e-01
1.153919590079977752e+03 2.121363176998937661e+02 2.654694325088928410e-03 8.183759621124634884e-03
1.178042449983390497e+03 3.115709577984491148e+02 3.084776510296332042e-01 -1.208014100632564224e-02
4.848804634561093962e+02 1.042449169856285607e+03 5.196234096336052044e-01 -2.785091199118776562e-01
9.279359421935687351e+02 8.877969213870385374e+02 -8.533173508969349452e-01 1.822226400205375074e-01
2.622617735545377400e+02 4.903653398119360531e+02 -1.730981933918532278e-02 -2.734534072340602529e-01
5.174212898825522871e+02 4.328245039722087881e+02 5.482094266338688460e-01 -2.222711512637007836e-01
2.550872791096137462e+02 3.103832696182632844e+02 3.335244593049953993e-02 1.857860793814450073e-01
1.143276220800252759e+03 2.100349719592321378e+02 1.369545253909122684e-01 -2.183198295321321647e-02
1.092049648116525759e+03 3.296710398974695977e+02 1.242685702614916565e-01 9.072511051232480528e-02
1.154338808782223396e+03 2.218476689108477160e+02 1.033077522133185426e-02 1.760836482201014533e-02
2.137613382451198447e+02 7.149604669836593303e+02 3.249703288103677253e-03 1.127315975752098132e-02
2.313708914814511104e+02 3.148949219226047376e+02 -6.681941979249472752e-02 -3.490990493798741823e-01
3.819312439742810739e+02 4.949794723762972239e+02 -4.407904174603722303e-01 1.287993661493694875e-01
1.095331856228135621e+03 3.226635446926907775e+02 1.060462690645365830e-01 1.163959784818650728e-01
6.074321137737476874e+02 4.653862011690864051e+02 6.828025917935635070e-01 -1.591693996857550253e-01
1.029298703896059806e+03 1.993379150515308709e+02 -2.011800269420286891e-01 -2.355476877959332693e-01
1.251222429781808614e+03 2.563444955736479756e+02 3.937514360293987818e-03 6.855462263225075951e-03
8.127049711509846475e+02 3.420180391112310758e+02 -4.124787065354982296e-01 2.738518130593672328e-01
6.894086089409101987e+02 9.554558194730506102e+02 5.734997153671539394e-01 -3.546474404991370455e-01
1.083155339042628157e+03 1.738185474100370413e+02 -1.160021354993803766e-02 5.170215852416954611e-02
8.211289232360934420e+02 1.102022428815053217e+03 1.074153780779293866e-03 -2.736947233706184496e-04
1.270980739192031479e+03 3.350195232095998108e+02 -1.525120021866350484e-01 -8.342790928519333571e-03
2.165669476996744436e+02 6.627466669506725339e+02 -1.031641567940278989e-02 -1.340638360081676701e-02
2.921908947618003936e+02 6.712337266630097474e+02 -3.105591020969448827e-03 -2.216709711822857469e-03
2.514436077672887961e+02 5.144638182943714355e+02 6.278420464965651926e-02 -1.670191746379827147e-01
2.620484502921785293e+02 5.258650126263969469e+02 1.065470746314166675e-02 -4.320346246948130603e-02
4.629025362717505345e+02 1.057701145144742441e+03 4.312167345766803606e-01 -3.515499608981106361e-01
1.166702791075938194e+03 1.898710074920216471e+02 -1.565598989082621437e-03 4.414722567463823244e-02
6.122736837477234531e+02 4.361615332153477311e+02 6.462096583389207449e-01 -2.009996194240952216e-01
8.221162536477505682e+02 3.512519455274313600e+02 -3.882586404385117707e-01 3.036432253850346874e-01
2.237826665442910610e+02 6.575830766464949875e+02 -1.602549836291873846e-03 1.592677698735684246e-04
1.037065115861270897e+03 8.324443715710596052e+02 -3.669861985716007524e-01 1.654011597625194563e-01
1.157935405893059169e+03 3.742699953331193683e+02 -1.648108949734030260e-03 4.703288431137412143e-03
5.519448942591037621e+02 1.001134549793569363e+03 4.461994602635804275e-01 -2.068041168302280908e-01
2.419934976844530752e+02 3.133628256812053792e+02 4.319508112021736707e-02 2.097255518034044641e-01
1.043929444059608159e+03 7.702492924429615186e+02 -5.734577335037358559e-01 1.316434600443996406e-01
2.682613797153224482e+02 5.130634558421139673e+02 1.145051882052610936e-01 -1.543606027632116531e-02
9.946553383152023571e+02 1.994023654780382913e+02 -4.320327730414756928e-01 1.002860844972853632e-01
1.134436952947546843e+03 1.931470330937493145e+02 -7.877776259359205516e-03 -5.409121108615611712e-02
1.164215482726747496e+03 3.564153985668214091e+02 -2.530082455119005494e-02 7.439140341594367711e-02
8.742634745228797044e+01 3.601950468388066042e+02 1.151132629247684884e-02 1.631257209680600159e-02
1.275921586757329578e+03 3.122129050674101336e+02 -2.315406995758594599e-01 -1.425366721205238163e-01
2.667243888890527046e+02 5.747051346642851968e+02 4.109422867164013067e-03 -1.057617903022403834e-02
2.812825165075188920e+02 4.548656233990783448e+02 6.589284342642472148e-02 1.894882431950948853e-01
2.891161587586295241e+02 5.135417761809402464e+02 -7.092107847305295643e-02 1.692467799183566268e-01
1.253544058601269626e+03 3.306295307523269571e+02 -3.944157191973601262e-01 -1.368093225680425302e-02
2.732187633174816597e+02 7.171029988427403623e+02 1.081529484191594455e-02 -1.342236556942369517e-03
2.602753890628100066e+02 5.371016990249612491e+02 -3.918189814086578959e-01 1.408507392979115591e-01
5.235231070023196480e+02 4.348151655337097168e+02 5.780582212090817906e-01 -2.175421175943905994e-01
1.170068496935038866e+03 1.721033166728390995e+02 -2.002009848519093610e-02 4.804897392868541506e-02
1.143711621631124899e+03 2.416164845447437131e+02 -2.899408984313316204e-03 9.455931988197947835e-03
2.855403343226198558e+02 6.300430880076074800e+02 -7.171193169600059009e-03 -1.635494799842094130e-02
2.624950627727807273e+02 7.078782614273773106e+02 2.618169729595984699e-04 2.890389635169439767e-03
4.666500019642680286e+02 1.064022483729498617e+03 4.114446272132483706e-01 -3.428882044545186747e-01
1.016618171691165458e+03 2.953791815430411134e+02 3.772319149615223077e-01 1.913769514643682002e-01
1.143556885517276896e+03 3.406356832488119153e+02 4.691546089348001651e-03 4.162230494504194807e-03
2.507434803921486832e+02 5.950416545471618974e+02 -2.977127331935309085e-03 -3.645730722706899338e-03
2.166890227333051939e+02 7.034160525021572994e+02 -5.904509830398606274e-03 -9.482261491202148909e-03
1.152094461316743036e+03 1.996505193730253040e+02 3.057927314280322814e-02 -3.420872643637228039e-02
1.215909382517231961e+03 3.298978318769218276e+02 6.833169861636742039e-03 -1.467172726521899680e-02
1.067602542643180641e+03 1.754045735086607181e+02 -4.900856957039362131e-03 1.021816497683375111e-02
2.409585327477040551e+02 3.234505049761036162e+02 4.877304317972738085e-02 1.950056638072290849e-01
1.060013431143933303e+03 1.598384783693184090e+02 4.540319399752706236e-02 -1.733852570849099897e-02
1.048291932033978128e+03 1.846150329628000861e+02 7.656143702305517364e-03 -1.852418222400988024e-03
7.694649274702857156e+02 3.773937526102544666e+02 -5.859576901514458314e-01 1.832126057908357031e-01
1.071342665087878913e+03 3.267339272583636784e+02 4.152093707257495381e-01 1.154469764864495540e-01
1.059164275242296299e+03 2.075253271461720601e+02 -2.085073994985210330e-02 5.579712003874775367e-02
1.098283184903966685e+03 3.114256996037920544e+02 4.526294823783561655e-02 2.608434120444151280e-02
1.135626526075800484e+03 3.864251746700643366e+02 5.572431418400156655e-01 3.929237053278905600e-01
1.167257325098443289e+03 3.477884888939085499e+02 -1.624025126913312966e-02 1.803688665710621516e-02
1.083629669735992564e+02 4.183657100578327572e+02 -2.301864952830362798e-01 -2.511045755729909845e-01
3.566056491504191399e+02 5.029222555635681147e+02 5.208082466742135486e-01 -1.033736101074237967e-01
1.261394991544486857e+03 2.005517758192647761e+02 1.394324746873583766e-03 -9.544566063155457414e-04
8.658475656797581905e+02 3.283898129052793138e+02 -3.702121063826600555e-01 1.820107309408112162e-01
1.663883988956928590e+02 5.202817838860900110e+02 2.021072429942761262e-01 2.381851393606527478e-01
1.178374177484241272e+03 1.869379104981297530e+02 4.610818183826200650e-02 -3.953735118729275431e-03
1.173469145828339606e+03 3.174483736645393037e+02 3.606357637379533077e-01 2.388415741075246290e-02
1.233872702326269746e+03 3.129839656083116779e+02 2.851357399968424411e-01 -5.716209260420489907e-02
3.000151944789822096e+02 5.467603275295490448e+02 6.600000523228670424e-03 1.143404311257058097e-02
2.811006097713832332e+02 6.455357381861673502e+02 2.541118583219143749e-03 8.536644081091645034e-03
1.209112566450773329e+03 2.332602259394574560e+02 -1.342156185317524252e-02 9.139823361714149996e-03
2.471091445966224569e+02 5.789967284630170070e+02 2.479572520122058903e-03 -2.909337362386009776e-03
2.394969885507086644e+02 5.144661201045583994e+02 -1.629573860034463917e-02 -3.458206680266852351e-02
1.152709412489874239e+03 2.051963225957541397e+02 -3.464092489910718803e-02 1.039454680071750931e-01
2.641635290481601714e+02 6.771071806244742675e+02 -8.905320789842214842e-04 -1.556051545921346242e-04
1.057349590469166742e+03 7.644931558800279845e+02 -5.578817195458958267e-01 1.033242774305730555e-01
1.198069617779709915e+03 2.460892457098805721e+02 -2.271291457978905776e-02 -3.865866087310918398e-03
1.032466960301241670e+03 1.598237477889267382e+02 1.502393137134948667e-02 -2.547279280974734661e-02
7.789686634955584168e+02 9.073296304398513712e+02 6.971324991398030191e-01 -3.151777594845774910e-01
1.022761660881876651e+03 3.444492404391374976e+02 4.641262524320669547e-01 -1.460257045589985203e-01
1.193541567991777356e+03 3.763724059535350079e+02 -1.259577761329690529e-02 2.139029535647105854e-03
1.086346105756017323e+03 7.897193873646717748e+02 3.918530587694423195e-01 -1.687117595897475175e-01
2.506024678714661320e+02 3.031190367689375194e+02 3.244284176962929783e-02 1.931350863340600688e-01
8.271476821856923323e+01 3.494015800396913960e+02 1.235865732352724525e-02 -7.743342411680757473e-03
1.124961074587379102e+02 4.167027230413373218e+02 -2.530383300708502481e-01 -2.316476145344090742e-01
8.160204678299082843e+02 3.353344145888885350e+02 -3.631340552281788758e-01 2.395763576342238577e-01
2.744978054781555556e+02 5.838453876330529511e+02 5.718594860278173805e-03 3.256437949582797337e-02
2.459054054330476333e+02 3.065189025020288796e+02 6.236481316848168505e-02 2.055199305037715141e-01
1.177740330674281267e+03 3.828032033947464470e+02 1.761830565519575953e-02 9.211894549762511108e-04
6.828353869004046146e+02 9.984835285501326325e+02 4.686318299627984518e-01 -3.483318559124912173e-01
7.841837633871181197e+02 3.775706999358056351e+02 -6.100008416128341882e-01 3.616432376909567981e-01
8.755429563562531712e+02 3.536164079145411847e+02 -3.983385149050768792e-01 2.586163614979055669e-01
2.372004434950708855e+02 3.130140911005750581e+02 5.567715150759212916e-02 2.531643088083944115e-01
1.076223381135179807e+03 2.635006487028565516e+02 1.708364180962639312e-01 2.324906709860736775e-01
1.207597631280699488e+03 3.338477580438756149e+02 2.591716151058464507e-02 8.439934612055154106e-02
3.083662436717251580e+02 5.817406664550077267e+02 -2.257611645723817465e-02 1.518660390158899087e-01
9.720998840003994701e+02 8.613241775084599112e+02 -6.834351035216783554e-01 2.845186038262855766e-01
1.086750992860187353e+03 2.019767783900921927e+02 1.175609267306754137e-04 -7.743521422936439080e-03
9.655515745132015581e+02 3.661115949229272246e+02 4.036163500977181795e-01 -1.613800910909510833e-01
1.131093277652755205e+03 2.612085036729318404e+02 -6.541946586654319440e-02 -4.621730755983577063e-03
1.174304439359867729e+03 3.632982806167320859e+02 -8.105890401131684436e-03 -3.687205182934950431e-03
3.682189620315758702e+02 4.863769788462594192e+02 4.765641105858301474e-01 -2.270328904543831572e-01
8.283283748460354445e+02 3.524290356621908700e+02 -4.032706141532382271e-01 2.640182330783187314e-01
1.090669079493061645e+03 2.453005273272666216e+02 -3.571717847081106179e-01 -1.086556455009727168e-01
9.714600438046338695e+02 3.651169336814485291e+02 3.652484233434515337e-01 -8.784802612160036439e-02
1.154317070748043761e+03 3.017848411745843009e+02 4.320334768325729269e-01 2.362855664188794613e-01
2.897788627555825656e+02 6.413889089679904600e+02 -4.145730153183171257e-03 -2.512001581157491305e-03
1.181640759478832706e+03 2.790595757100296055e+02 -3.166394869894857966e-01 -1.589817744423430157e-01
1.177959127243804687e+03 1.754831400414122982e+02 2.347458232593756591e-02 8.708309586590985002e-03
1.048081729717386224e+03 8.328742205156866021e+02 -3.870634064281451292e-01 2.264754046238719454e-01
2.540519918748057080e+02 3.703301599064294010e+02 4.357869994927909829e-02 2.543172870695792342e-01
1.597297694319897516e+02 5.037898758721031527e+02 1.527812495281501148e-01 2.274849536250463933e-01
1.086439695215345637e+03 2.569330604257720552e+02 -3.566591578742098756e-01 -1.249475175615403916e-01
1.215169212225113142e+03 3.159410174923450541e+02 3.923052578311613803e-01 3.350531955461473477e-02
2.324568186162193513e+02 7.373836698016689297e+02 -1.634685771863575096e-03 -9.702741820815943830e-03
2.603911326993683133e+02 3.362204955092901173e+02 4.617490494186699684e-02 1.295213309436345772e-01
1.121145915442517662e+03 1.566922835994284071e+02 5.858253003767359586e-04 -4.735415827495167290e-02
1.132694483517685967e+03 2.315871892366200768e+02 2.164787884754482139e-02 -5.076661830690169797e-02
1.119822943839117897e+03 3.130160895630375535e+02 1.394003552854353734e-01 7.718586407690573858e-02
1.134427483354090555e+03 1.687517697298532937e+02 -1.579388735759026594e-02 -2.731676838413356068e-01
1.096547520537447781e+03 2.090818396905954728e+02 -8.748082524460995373e-04 -1.493143439479954065e-02
8.960347364320128918e+02 3.122149806253874544e+02 -3.699994115777134884e-01 1.229947647416764767e-01
6.604954418391483841e+02 9.750466598065253265e+02 5.957734528207131453e-01 -2.620464008443169068e-01
8.248689115304015331e+02 1.102058394752863933e+03 -1.638477592157035754e-04 -1.308464563859640904e-03
1.101258847818267441e+03 1.484131265113494180e+02 3.123040690851807723e-03 9.378366323400294568e-04
2.630692206414465204e+02 5.022053770918599866e+02 -1.819841000429676114e-01 -3.621806264546470477e-02
7.786628049726195968e+02 3.726117731118479810e+02 -5.782800401567832482e-01 1.809334403419094461e-01
1.025991558937502077e+03 8.653062333045754713e+02 -4.535402669235769069e-01 1.824439400108872067e-01
1.043674306453326835e+03 1.588046279751583540e+02 -9.381015328722571659e-04 1.337863703287459245e-02
1.297190965712215984e+03 3.553967018168943355e+02 -1.190734821352305156e-02 -2.245434403333264068e-03
2.539546336367544654e+02 4.980356009612527828e+02 -1.364349639295337618e-02 2.160774339656387180e-04
5.678565430397270575e+02 4.709076856384944563e+02 6.578117420608177168e-01 -2.156663726422456961e-01
1.226598268478455566e+03 1.500310261541860370e+02 -7.225362635013506118e-03 6.700887766420748903e-03
1.106519787639018432e+03 3.151161581742319981e+02 5.410756160984633856e-02 -2.612660703217403388e-02
1.071951625926371435e+03 7.897613974983183880e+02 3.905708445639173299e-01 -1.800240877112608273e-01
1.193030518634832106e+03 2.434459295539777486e+02 -1.343670609919593280e-03 -3.248797655305891985e-02
2.847912764802655374e+02 6.065239529677178325e+02 3.397040199764202184e-02 4.778759815794321464e-02
5.261765095035460718e+02 1.100737870669227959e+03 1.769609161456614857e-02 -9.915620677332557761e-06
1.137588223958829303e+03 1.986033002290003253e+02 -6.121526858882217481e-02 1.290637632436064941e-01
1.160577254776523660e+03 3.454772526581960506e+02 2.674065599286347059e-02 -1.320594116275704798e-02
7.719045180770409615e+02 4.121854743722206535e+02 9.034437395724388420e-01 -3.682725685274756411e-01
1.139378620161516665e+03 3.399079292736890352e+02 -4.264629819395639870e-02 1.074938414075544552e-01
1.236991154976156849e+03 4.036781760646630914e+02 -7.017728220632936387e-03 8.452993900443918004e-03
2.154503536810203457e+02 7.289895748038946977e+02 -6.550619566211952904e-03 -1.161347732667344229e-02
2.551618497221831490e+02 3.645158666518873360e+02 5.268932559210348643e-04 9.932414295590685782e-02
8.061658670636609259e+02 3.482883639559914286e+02 -4.387056657294206019e-01 1.249338420959871243e-01
1.227897248622900406e+03 3.256389978920709609e+02 -1.691862417967806773e-02 -9.926984430401556217e-03
1.157907083162785966e+03 3.537585153695358713e+02 -1.740079598883884429e-02 5.231478735565118360e-02
1.268103940524415066e+03 2.667159216056027731e+02 1.447873557853028015e-01 -1.177709200881277840e-01
1.319353129737731706e+03 3.045486825148631169e+02 2.253884533531879102e-03 -8.304136798877330763e-03
1.367484561404632473e+02 3.903431475757962517e+02 -4.994260611349924392e-04 4.626403241414322846e-03
2.847654733102374962e+02 5.723785536586743774e+02 -3.618779294122210360e-02 1.920793078579133006e-01
1.072992258089851930e+03 2.550994734284969070e+02 2.454068205023820781e-01 1.183300803308738880e-01
1.073863520626476657e+03 7.603072621540625278e+02 -5.255565779895802203e-01 -2.499514238312736114e-02
1.101431898900660372e+03 1.949927701535097526e+02 -3.785945832926480153e-02 -8.934787865789158706e-03
1.224356897256249567e+03 2.164723862550165165e+02 -9.525875776952144386e-04 3.616241617131055967e-03
1.213239614554533546e+03 2.248896336547889518e+02 -6.894669914008146050e-03 -9.711368873758115944e-03
3.869853955844818074e+02 4.664387595446299315e+02 9.529946818634839056e-01 -4.418712516384378786e-01
2.291193130358954591e+02 3.383276661522690461e+02 -9.370060176337553781e-02 -3.486266636811551356e-01
2.728430516611981602e+02 4.782794417477796287e+02 8.530876603612956577e-02 -2.472825541222000156e-01
3.039005426759904367e+02 4.877309032742615500e+02 -1.888773864231428345e-01 -1.121168521678557461e-01
1.113697858231828604e+03 1.622530047789834384e+02 2.127460817891241654e-02 -1.798111266838020583e-02
1.108686704423759920e+03 2.309576226526559424e+02 1.020005515045307141e-02 -1.476613999723865728e-02
2.582536299692457078e+02 3.799148385897916000e+02 1.795500726557142795e-02 1.181467899105756170e-01
1.164253769582386667e+03 1.501357338135011901e+02 1.987008905209248222e-01 -1.071308233441850416e-01
1.262968878914876996e+03 3.640202614888690960e+02 -6.427399719785960308e-03 -2.058291907758839218e-02
7.533359617318634491e+02 3.670027554101073974e+02 -5.863763711091197761e-01 2.201107098233592296e-01
1.062300136251765025e+03 1.735136994729424771e+02 -3.928967723350769263e-03 4.248827470048045785e-02
1.022286934693566877e+03 2.210401604838215803e+02 -1.017020526649026479e-01 3.181876566673704776e-01
1.184009187251597723e+03 1.659845176473403683e+02 6.552842411373114087e-03 9.341505078086132993e-03
1.202717142495347161e+03 2.493243434024649048e+02 7.814093543856870383e-03 1.702825739223684867e-02
1.149875302907780451e+03 3.952626291286127298e+02 2.691720208338210796e-02 -5.928410779550356141e-02
1.053455784254882701e+03 1.574427799260018048e+02 1.239397106451178843e-01 -5.618797231541824283e-02
1.035686457374373049e+03 2.341217039303665501e+02 1.464603583409709864e-01 3.826823635976069893e-01
1.270125687295551643e+03 3.154097581439330042e+02 -2.087945635868810879e-01 -8.316525476785013860e-02
1.308168492443131981e+03 3.167460285270702229e+02 1.370169983305922698e-02 -2.428561436648672342e-02
4.910298303595628227e+02 1.076443776539218788e+03 3.768260696314245095e-01 -3.564856026866312089e-01
2.442728520289961125e+02 5.251395062149454134e+02 4.594705648197645875e-02 -1.944346030092901703e-02
1.183323319992260849e+03 2.271405429949064398e+02 -1.394065930494434646e-03 -8.615447620652503385e-03
2.206996054864377186e+02 7.423793783906770614e+02 -2.681191806779054457e-02 -2.601509551259368995e-03
5.125082740134339474e+02 1.100839273233474842e+03 3.962123427624776421e-03 4.270255233306522250e-03
1.547822425945892633e+02 5.191287349138685840e+02 2.528112379719183456e-01 2.373352484080572256e-01
1.115842924706229951e+03 1.457500539198264846e+02 -4.493858548699355276e-02 -8.177287699320483216e-02
1.061270254750043250e+03 1.954687397611393465e+02 4.131102288355256030e-02 8.253314781332695901e-03
8.925836894453844934e+02 3.334814854584782893e+02 -3.903890319068660797e-01 2.175125627102154624e-01
1.192087538268590379e+03 3.264144785283553460e+02 -5.793421451964301394e-05 2.642064122968174611e-01
1.177532848372392209e+03 3.466583252398273771e+02 -9.634552794845300042e-03 -8.801308782064864999e-03
8.905453527151472599e+02 9.328852005553931122e+02 -7.303237590607618117e-03 -4.561178205051419354e-03
3.026847661947584811e+02 5.220555504322851448e+02 -2.424370150188308870e-01 8.353979746015710237e-03
7.740260949591449844e+02 3.867294666247709074e+02 -5.434401102177065512e-01 2.487031704281834066e-01
5.235922767415099770e+02 1.021022727868687525e+03 4.255716542945937597e-01 -2.028500618735632477e-01
1.033694983945161084e+03 2.032289711237117160e+02 -2.002052055729415803e-01 -2.063122366278322684e-01
1.169580744409049203e+03 3.846109189274181972e+02 4.502626529452537218e-02 -4.590523062084072431e-02
2.716466715714448128e+02 6.715123093238211140e+02 4.218839907292456712e-03 1.101894800573340397e-02
2.569468227875644288e+02 7.177510262573944146e+02 2.810972396416574386e-04 -7.394788257544326372e-03
2.234898659669407550e+02 7.366763244999774543e+02 -1.539947387406740385e-02 -2.635166751577383906e-02
2.930138661876620745e+02 4.784852584979518610e+02 -8.775954725662762912e-02 -3.533330851416798812e-01
2.968484953152000116e+02 5.237258567413786068e+02 -1.793595205079416000e-01 1.291380979184850696e-02
8.361360542614696669e+02 3.567879789390840415e+02 -3.722176465677800028e-01 2.039636613562733070e-01
7.669829883526791718e+02 3.736890925089556390e+02 -5.543712885527737333e-01 1.916591628982322049e-01
1.145390256275777119e+03 1.612188107273007347e+02 -1.280649703214749024e-01 -1.976940099697395148e-01
1.167901449064746657e+03 1.974458483812897214e+02 2.266704116615175096e-02 6.950858274288091235e-03
1.969833975442462872e+02 5.729983548125082962e+02 6.633602218144889900e-03 2.998955603778894266e-02
9.180462566966052691e+02 1.102647900833855374e+03 2.388206071256920426e-03 -9.302463456202127038e-04
8.832676874812598271e+02 2.801610286228981863e+02 -3.369488576964272397e-01 2.740630686288341167e-01
1.006739224486462490e+03 2.202802806804547515e+02 1.807282105524807281e-01 4.465154459351283189e-01
8.881478160819090135e+02 3.268072653990988101e+02 -4.040115235783491299e-01 1.571729064644056539e-01
1.134761586142474698e+03 3.577105038284740886e+02 -2.688328891322059808e-02 7.297748618634745943e-02
1.185165261996061190e+03 3.883282756402409177e+02 -1.447350618773920669e-02 5.461507144629048488e-02
2.414910521310198135e+02 5.692792188667536948e+02 -1.246605261466853520e-01 3.524026781749777792e-01
7.900944439165679114e+02 3.804833831650411184e+02 -6.401133374108030072e-01 3.345975102541454693e-01
1.108190452029553398e+03 2.664299824824035454e+02 -1.929780157815025043e-01 1.001701672345359090e-01
1.076796167167391786e+03 1.595768182340621308e+02 1.512997593100635571e-02 -2.276483817176000457e-02
1.040600351250865970e+03 1.722693404348113972e+02 7.890376725129044427e-04 -3.693789485643463738e-02
1.121084378968570718e+03 1.790570974103902984e+02 4.626434938386978640e-02 3.581884045765235808e-02
1.263282310510454636e+03 2.758949131758981821e+02 1.224065608249929882e-01 -1.120486047242451322e-01
2.315671281760722025e+02 2.993486544844669197e+02 2.370198733007392033e-02 2.374934379086204306e-01
9.781685406449572611e+02 1.783792572626246056e+02 -2.140200571563978804e-01 2.929249511393673955e-01
1.119251186906484236e+03 1.524509852549067830e+02 -2.299690085068598414e-02 7.229596795706254297e-02
1.116467502610596739e+03 2.968731064603322807e+02 2.765538008384690882e-01 -5.386497440449544011e-02
1.074252915450583487e+03 1.701176951670183541e+02 9.451389114079384104e-03 -1.115613635078797211e-02
1.108287433735463765e+03 2.589439335724246689e+02 -2.797792302995838476e-01 1.627521378969993548e-01
1.204837673892239536e+03 3.145399928261714990e+02 2.609638686781480810e-01 -1.489574425093415436e-02
1.183661339741671554e+03 3.766601712515092686e+02 -7.653832269086610369e-04 5.615648312347257254e-02
2.490358038488024022e+02 5.550612003465705584e+02 -2.100487644860352665e-01 3.016452345786313494e-01
3.251348292174305925e+02 5.331935734765878578e+02 -4.756086372860624523e-01 7.176515418855519690e-02
4.963632243269584592e+02 1.081227948420904113e+03 4.054835621167360293e-01 -4.095448799575933663e-01
2.420876187241900368e+02 2.985650883541198937e+02 4.963680509000350377e-02 2.601343206310112732e-01
1.553149650114889653e+02 5.077351305321946029e+02 1.841646825865329851e-01 2.145301802494459231e-01
3.714246171090695725e+02 4.706325215871935939e+02 1.031881674774633550e+00 -4.698212314730951800e-01
1.022856004577873932e+03 1.629631210450704373e+02 -1.672638246210269575e-01 5.487678031066998974e-02
2.816141003272492753e+02 4.232555442057965820e+02 5.480596867053893345e-02 1.316095686201524395e-01
2.514065217103407974e+02 4.231428970248704218e+02 -1.518873796066099735e-01 -1.589060375659888391e-01
2.311239402321498630e+02 7.402835757913188672e+02 2.992481973062805639e-02 -3.478078087826790878e-03
3.863629790872620902e+02 1.091851037913405207e+03 5.694623302743101467e-01 -2.313905060636393118e-01
1.121961699725887456e+03 3.387613084215665822e+02 -1.764117861076296492e-02 1.003164931787848407e-02
2.399580395413764506e+02 6.364151534556330034e+02 -5.805934097955807319e-04 -1.236435398294101311e-02
1.366417857185150524e+02 4.034925877777608321e+02 -1.029785221948115517e-02 -1.851760398782556841e-02
1.204905628569868895e+03 3.695058265669899811e+02 -1.065947803875347179e-03 2.946671623361145787e-03
5.173772260944778054e+02 4.413921622342214164e+02 5.193186867171389887e-01 -2.874958326778017659e-01
1.083948787719083157e+03 2.694226736990875679e+02 1.472183675545665760e-01 9.925364818338845707e-02
9.316115181651407511e+02 3.082594558480811315e+02 -3.533029526451565983e-01 1.431090763687820622e-01
1.198394271151119483e+03 1.794947002609675621e+02 -9.391424467070684859e-03 -8.819122098787367595e-03
1.180292789992216285e+03 2.133355741354685904e+02 -6.087759870924304775e-03 2.435571536958036631e-02
1.101940585901752002e+03 3.589539026801010664e+02 1.051747549794609660e-01 2.193036665355555664e-02
2.332631476221178275e+02 6.944665158672164580e+02 -1.467122192397510294e-02 4.012073213044514870e-03
1.169178658150752199e+03 2.603110453019160673e+02 8.196225234932796866e-02 2.676500739066867141e-02
1.308458286110595282e+03 3.304424927428390220e+02 -4.695028237870317867e-01 -1.454708133045912177e-01
1.095091280311127548e+03 7.548167054236562308e+02 -4.498472263592958598e-01 5.447419226137739656e-02
8.226322941271424725e+02 3.180972862483115478e+02 -3.453256837780805388e-01 1.874118718266759576e-01
1.072334579248032924e+03 1.970760003635843702e+02 -6.394381557694736595e-02 1.848430775878963095e-01
1.204958241786951930e+03 2.062679313091344113e+02 5.303117203868990687e-03 2.397896004679149484e-02
1.206950576399829743e+03 2.623133316885978843e+02 -9.070950500428455118e-03 -4.617998283813742368e-03
1.155620294829772092e+03 3.708598605526938172e+02 5.273389580687156200e-03 5.614673453237628564e-03
1.240803613479868545e+03 3.653172684950911844e+02 -3.786773181066867885e-03 2.432115501108000791e-04
8.653774490318440940e+02 3.017276201416388517e+02 -2.934138388382483975e-01 2.929885623610253842e-01
1.042983365699464457e+03 1.842455525393939126e+02 1.539475689499905132e-02 5.504772589511009243e-03
1.143460007560546273e+03 2.253318943490082233e+02 -3.759606812379921552e-03 1.637823978212548520e-02
1.140190780504177155e+03 2.269285894376380952e+02 -8.335073673739817543e-03 -3.994402753519333410e-02
1.128870786057965461e+03 2.423664022754379346e+02 -1.221735698080496646e-01 7.178216560842347327e-02
1.162169827553840150e+03 3.956022880567792299e+02 -1.316218578377347176e-03 3.095819656772195744e-03
1.190652003596141185e+03 3.987342778197702842e+02 -5.210804801083276233e-02 3.850746393588279359e-02
2.551113246779768247e+02 3.574558805048732211e+02 -2.768683651328172554e-02 6.810478215787238443e-02
2.782266931644145984e+02 4.042872625891842517e+02 4.115506425155095876e-02 1.914643987677757397e-01
8.112078515367026057e+02 3.480051755668282567e+02 -4.860625232419733543e-01 2.549030457230279656e-01
2.792535890821895350e+02 7.038330109456164791e+02 -3.075633641738509741e-02 -3.711560551656946372e-02
4.460891807591943916e+02 1.035659525082810887e+03 -5.111135740996489707e-01 2.173754840081301154e-01
2.616434464607533528e+02 4.491770791427481413e+02 -1.531637961030751505e-01 -1.576428485455936557e-01
1.149974705350497061e+03 1.596623874058745116e+02 -8.866648252564522659e-02 -3.793526997499472864e-01
8.771898356731770718e+02 3.681688135821743231e+02 -4.082152504687765471e-01 1.121501303507641406e-01
8.742742073470438982e+02 3.720733650392681398e+02 -3.772226952511851250e-01 -4.603853653515409955e-02
1.148725632504274927e+03 2.162198595422175345e+02 -4.740772849101159911e-03 -1.826293850033443300e-02
1.194902462099603554e+03 2.299933228773131759e+02 -3.173730482479994452e-02 7.288328765063127601e-02
1.285940232531561378e+03 3.071098305316563142e+02 4.407705382011752326e-01 -1.901249835573379579e-02
1.194528574577974723e+03 3.990040045993067110e+02 -2.710948038794345691e-02 9.612204482253774995e-02
1.153282241397042071e+03 3.365362418136369342e+02 3.367408056326964133e-02 -5.293826334620960888e-02
2.003239617616898443e+02 7.098274042943722861e+02 5.104279320883401555e-02 1.173946516884668140e-01
9.273541028662203871e+02 1.845344803065420649e+02 -2.207295514184443030e-01 3.999177358620034095e-01
9.755433056039439634e+02 1.736987555749449257e+02 -8.281050830634739679e-02 -1.780132287981473285e-02
1.117064571443064096e+03 1.715680075421513493e+02 -2.815098508714072509e-02 -4.838420536236071740e-02
1.121191702997162565e+03 1.872023801632633706e+02 1.298981532876678224e-01 -7.395905364414829403e-03
2.637571111976463385e+02 4.116968567433822273e+02 9.569191580070679493e-02 1.659975351124648169e-01
2.539037352034189325e+02 4.192899773894362738e+02 -1.333295654561013066e-01 -3.167023618020697318e-01
2.695175229289943104e+02 6.555461289000147644e+02 -6.578597182272953592e-02 -8.215064913257681678e-02
2.503475659070514894e+02 6.990829988237054522e+02 -5.277042387821969001e-03 -7.535119082220376185e-03
2.363865156948452011e+02 2.904077743720274043e+02 3.810123515670042066e-02 -8.077096975942209614e-03
8.406156104483578702e+02 3.371140428167723258e+02 -4.198203092698062910e-01 1.761975145308022905e-01
1.062943648508262868e+03 2.451906692140343580e+02 2.935948385805243754e-01 2.422845209897843688e-01
1.017565189122994866e+03 1.715452589023799419e+02 -1.997085009960425372e-01 2.539873909326631485e-01
1.069087785091120622e+03 2.709309964248304823e+02 1.576531326648219766e-01 4.390486585652462748e-01
1.084912743201056173e+03 2.948103348095525575e+02 3.226574740994113677e-01 -6.642846079947162252e-02
2.717309320137240434e+02 5.702505049733390479e+02 1.403372508695833187e-01 -9.838696974967640896e-02
1.057803748358783878e+03 8.513171150198093073e+02 -9.741986054251067229e-02 1.433639306712848338e-01
2.508797282587384245e+02 5.307967913179674042e+02 1.022068295874061922e-01 -7.628076199835916171e-02
5.290632156974397731e+02 4.391003832097006239e+02 4.141635513165597415e-01 -1.765415916632486204e-01
1.015747552388476151e+03 1.700071300055366805e+02 -6.717901345387829182e-02 2.145444212887720747e-01
1.092434982410497696e+03 2.288877877430611250e+02 1.683700570585989348e-02 -1.549923900992666859e-02
9.365541010082080220e+02 1.833840290810940985e+02 -1.854350679398464874e-01 4.380659963382129152e-01
1.141158083303256035e+03 1.895320557177947478e+02 -3.965501629910476999e-02 5.826292905411349643e-02
1.217660875864283753e+03 3.620282467566397600e+02 6.152336857097680245e-02 -4.434632669443772102e-02
2.488566886815922032e+02 4.269253995412915970e+02 -7.787156627969843425e-02 -2.792988754717953270e-01
3.050584078073147225e+02 4.980494010558256832e+02 -1.703435086909232676e-01 -9.084397256036051693e-02
1.127529731676271922e+03 1.465519852128914806e+02 -2.883602722684037722e-01 -3.393409800876614479e-01
1.160282947980557992e+03 3.934528968585365760e+02 3.737217087344010813e-02 -2.693159429754874226e-02
2.589911904211083424e+02 3.927938855034779522e+02 7.210401084809189842e-02 1.140013744572393600e-01
2.609864865703769965e+02 4.855549821330038185e+02 5.336430414928372556e-03 -2.048496746149276737e-02
1.077554416560913296e+03 1.642548021759625101e+02 7.112988457463921554e-02 8.606021219342589734e-02
1.068110131663752327e+03 2.073954014924019020e+02 2.649567306990421520e-02 -9.226947865864568513e-03
1.086003201893508958e+03 2.152383493133601462e+02 -6.656883065892947506e-04 -4.063439729421879087e-02
1.042848264752823752e+03 3.211866197611137750e+02 5.156621203996236691e-01 -5.435190085870544863e-02
1.120816256951849027e+03 3.097598920490779051e+02 1.802232502485720880e-02 1.568709737290892858e-01
1.245996090077809868e+03 3.144787176760422653e+02 3.275821878550131405e-01 -4.886971962209764320e-02
8.498440675811758638e+02 3.597558210155605138e+02 -4.009723004508701227e-01 1.409579804701145134e-01
1.139712335693387104e+03 1.757576845303540267e+02 -1.451563948182330588e-01 -3.038226939808189031e-01
1.036915687582427154e+03 2.182114486453206155e+02 9.918700540070216759e-03 1.448993842511888015e-02
1.102085627783888867e+03 2.169640002734523705e+02 1.698551330385485170e-01 -3.159644801908761957e-01
1.159973569506351623e+03 2.218203051922762938e+02 3.558608137780752689e-02 2.858956001877873895e-02
2.717767901097409435e+02 5.461435052677959447e+02 2.330677154984374111e-01 -3.304756341450389850e-02
2.955030814213717463e+02 5.116743925196902865e+02 -1.919712498716421578e-01 2.470797581169392743e-02
8.636329898104395397e+02 3.464857120115671023e+02 -1.473318793589299958e-01 -2.095987934134129205e-01
1.104343104343922960e+03 1.973218052873794193e+02 -2.941773097316513486e-02 -3.843853166721622472e-02
1.102639751808141227e+03 2.059701316364647141e+02 -1.030372164375137345e-02 -2.554159856328297451e-02
1.089567311415828271e+03 2.649182299608096400e+02 3.317564990306465234e-01 1.978067365816649215e-01
1.233226437646489103e+03 3.001089857284378581e+02 2.106932397188785444e-01 -1.810589587153899060e-02
7.064123839268479514e+02 5.827110663997934807e+02 -9.626983865373972549e-04 -3.438520317018856076e-03
7.879875601263385079e+02 9.273192566209587540e+02 6.701779981551325704e-01 -2.762429943940389876e-01
2.669283518907286634e+02 4.196869025139407086e+02 6.011039280750007235e-02 1.378485128917721625e-01
4.394593688282844255e+02 4.862048644548137304e+02 -4.058228359421945930e-01 8.853466817449770487e-02
1.130240241574966376e+03 2.155406075863444926e+02 4.844474401102161210e-02 -8.323340300286001525e-02
1.160598964757226213e+03 3.653065675584091991e+02 -2.276631326949427742e-02 9.500947791415607913e-02
1.190047225884927229e+03 3.956519134297642495e+02 -1.492256794839098150e-02 8.599437618786395787e-02
4.958414668353283332e+02 4.554027612647934689e+02 5.120705185242156732e-02 -1.333598157000486471e-02
8.517247651889038025e+02 3.432714392437371771e+02 -3.379413567529029883e-01 8.838528626387187614e-02
1.145542396779897445e+03 1.689247434408388244e+02 1.146062321436472492e-01 -7.042658926982657830e-01
1.120759107105555813e+03 2.144649792850919710e+02 1.789088007788969953e-02 -6.648418188615932978e-02
1.027635515073592842e+03 2.542833054425453270e+02 2.170616907934410367e-01 4.207567325362963073e-01
5.026505864455334063e+02 4.370826846783423321e+02 5.593088694666291660e-01 -1.010177648806671463e-01
5.033264347983741231e+02 4.784916546469835907e+02 4.332012804579659093e-01 -1.807197726253836900e-01
8.401418932766371199e+02 3.475776714439513739e+02 -3.775456851366155719e-01 2.357221153287171744e-01
1.135967583530750062e+03 1.883119621322680644e+02 2.474506481727040963e-01 -3.314997904404016205e-01
1.034755592466584858e+03 2.259585376595925368e+02 2.305217873709947407e-01 1.129222020342082883e-01
1.131679917799178611e+03 3.575666949061641731e+02 -4.889291371910076123e-04 1.323349055168311986e-02
2.404764552533486039e+02 5.434718828548518559e+02 8.206359072897401966e-04 -1.909259777457131824e-01
6.450729763217241270e+02 1.020999061204332634e+03 4.450836491390121608e-01 -3.793639388852887984e-01
9.742054931897115466e+02 1.773118580978776322e+02 -8.725607327395816515e-02 4.063549489236351064e-02
1.114739892651840364e+03 2.024284893629203737e+02 -1.516423787883809382e-01 -2.023682315029328438e-01
1.079629994152439394e+03 2.306498222503096827e+02 5.133641453585369163e-02 -3.017250830214142712e-02
1.284723644939714177e+03 3.158079607651405922e+02 5.483819076591581743e-01 -5.108729126215413169e-02
1.241152201947955291e+03 3.363281324308808280e+02 -2.205398814265890906e-02 9.523751180691893137e-02
2.488401583091545319e+02 5.409498597189581233e+02 1.554428913059666684e-01 -6.137777151408840837e-02
2.995040122863329088e+02 5.317602137605530288e+02 -2.911681063024171290e-01 -7.346016368597929613e-02
1.034034171973472894e+03 2.148150875192166893e+02 -6.431813503044478408e-02 2.462882136726576021e-01
1.162414906802316409e+03 2.139336684885251145e+02 8.136854884990250836e-02 2.747377784601703343e-01
1.170492398469116779e+03 2.657082420848789184e+02 7.722494129560883436e-02 1.104278867135700531e-01
1.268291463541168241e+03 3.238606062892959585e+02 -2.340224592491970401e-01 3.422512411752491601e-02
1.277402250975364041e+03 3.258169878774951940e+02 3.112970746064588901e-01 2.172813804985015418e-01
8.247439476058362970e+02 3.651527521389159574e+02 -5.324221023704354128e-01 3.722001294909659808e-01
1.067215622778008992e+03 2.544097668294255925e+02 3.139030410161012807e-01 1.392076340229351783e-01
1.153892716836231784e+03 3.774267681845072389e+02 1.671760197809817397e-02 -2.393558379808382458e-02
2.770636251023153136e+02 5.048828747718673640e+02 -9.347435587686605402e-03 8.859145448746454099e-02
8.245744761539216370e+02 3.499841828865427829e+02 -1.670071579808715401e-01 2.748647768628921517e-02
1.072657749959790635e+03 2.633342285418963797e+02 1.052118942122382966e-01 1.743291725267239467e-01
9.716792869537977140e+02 3.507649159370813550e+02 3.575532819518356664e-01 -1.241039064125667862e-01
1.188581970194232099e+03 1.797306338326228001e+02 -1.414267420199798349e-02 5.288135762630948727e-02
1.174825159970311915e+03 2.518526612315284581e+02 4.702738078794431453e-02 5.221096180937618431e-02
2.038647940774022800e+02 7.179167593337288054e+02 -2.984055488042258730e-02 -2.775367967883034248e-02
8.689471206900387870e+02 3.107116557142247757e+02 -1.880802223218864810e-01 -1.130859849939085393e-01
8.558998024026387839e+02 3.339083000074779761e+02 -7.764269177926053089e-02 5.703737757027482758e-02
1.046649241985138133e+03 1.613654659868272176e+02 -4.679549567646290598e-02 7.530673225913275814e-02
1.030768861317836809e+03 1.679307446368591741e+02 1.883878769490365812e-02 -1.125185408544027155e-01
1.021549237495345551e+03 1.942756029993253719e+02 -1.300802384034795978e-01 3.618294770986842934e-01
1.090947478514249497e+03 2.681901741109697923e+02 2.415491758633265817e-01 8.812737268289794201e-02
1.166771433812924897e+03 2.309989532264955585e+02 7.097602509043099417e-02 -1.515471677215742830e-01
2.641611350170642254e+02 6.106293548511398512e+02 -1.575144656866456216e-02 8.026576658664907882e-03
8.576548475040149242e+02 1.101819856144129744e+03 1.442200017829975423e-02 -5.265011702164201779e-03
1.386105482881420699e+02 3.966364418930461966e+02 -1.802706994642530244e-02 -4.397761049719000476e-02
1.263084488843612689e+02 4.445667844768008763e+02 -2.334904931552301832e-01 -1.285522955002745271e-01
8.333345475346394551e+02 3.137661117545090406e+02 -2.299522991691479168e-01 4.511549061123868443e-01
1.054878504040887719e+03 1.698597999893710551e+02 -2.502938677152347427e-02 1.005212048809523556e-01
1.083307841498240805e+03 1.818832142067185487e+02 6.324988663888168883e-02 1.603541876027878010e-01
1.133426066004065206e+03 3.189206226279873135e+02 2.261789672450374433e-01 -4.938072829864787947e-03
3.090929671635140039e+02 1.065356844842594910e+03 -4.095808448466543676e-03 -7.557610482568374345e-03
2.669388676701815371e+02 4.669038909486861826e+02 -2.129565167957518101e-01 -4.971150463560244925e-01
1.047210075436920533e+03 1.694049578100787699e+02 -4.835213902780802903e-02 4.016861500561266785e-01
9.857632998473360431e+02 1.859684838669237763e+02 1.071429723771188947e-02 -5.636492858958300906e-02
1.137421202011871856e+03 2.599954121339176822e+02 -9.245817161778784044e-02 3.628870171756659602e-01
1.195273543944913854e+03 3.185787929228970938e+02 3.216364264714002275e-01 -1.535552595716656700e-03
2.565292513436101558e+02 6.037979592337823078e+02 -5.109593538137838925e-02 -4.490504092065824432e-02
2.318405351725723449e+02 7.244105148210049947e+02 5.305344855298699258e-02 3.220774425301442534e-03
5.549285091085868089e+02 1.028556047894180438e+03 2.956552340715840610e-01 -4.248909869905522635e-02
8.239637377464603105e+02 3.436618855920863211e+02 -3.471351599853050862e-01 4.022611836475221136e-01
8.163120358964215484e+02 3.721226127731243309e+02 -3.470059280856048756e-01 1.924379758248733197e-01
1.125956935860886233e+03 2.423769321703414334e+02 -4.697581424579766463e-02 9.379502928072724899e-02
1.100740770977819466e+03 2.540476100587592896e+02 -3.021525903246583544e-01 2.168221044940423642e-02
1.225640720838249990e+03 3.135198988103892930e+02 2.127623612468141912e-01 5.324845776840447797e-03
1.140260974803606814e+03 3.467511406695373921e+02 1.885096962977968471e-01 -1.513432886200689609e-01
2.496073399361802672e+02 6.812249613572621456e+02 -1.948238908194639338e-02 -2.007207914496120932e-02
4.048403027166489210e+02 5.136478276294476473e+02 -1.335600224325617091e-01 -2.833295263656623320e-01
8.190752540018860373e+02 3.270084074292785203e+02 -3.604589385352028330e-01 8.441964330283724394e-02
8.087359868432962458e+02 3.461526030294085103e+02 -3.615499243690578624e-01 1.093912800423879617e-01
1.141702458331340495e+03 1.583012634125898899e+02 1.566766603084488452e-01 -6.554336301702790024e-02
1.112951525911910039e+03 2.509704777379167240e+02 1.412501947925193235e-02 9.700281880917316357e-03
1.159487468834170841e+03 2.355868139992519730e+02 4.700409086797208147e-02 1.447058515725885286e-01
1.250447506888079488e+03 3.306899354349185955e+02 -1.854219947825868076e-01 3.998438681169318443e-01
1.047177442736129251e+03 8.636284735415620162e+02 -2.041856098441030554e-02 -9.124353638208049233e-02
4.529252539467034353e+02 1.052528640711544995e+03 -5.023611120472537550e-02 -3.311936215482091939e-02
1.533755597814865439e+02 4.723101268834724920e+02 4.403445650164409912e-03 -6.619038038250361911e-02
2.935584572887322565e+02 4.890622192449748127e+02 -7.442543529579855044e-02 -2.037718445886677332e-01
8.120018421722433004e+02 3.370055346920238435e+02 -3.881366578576337933e-01 2.384910525290138139e-01
8.246609484273321868e+02 3.665728176622388901e+02 -3.633953330189569897e-01 8.267204065064485963e-02
1.008872292818435653e+03 1.641827337853731024e+02 -6.045078506853466399e-02 -1.774059781935003952e-02
1.140963879733122440e+03 1.819056411534826907e+02 3.128341679938936859e-01 -8.718051716051510303e-01
1.116139783804653234e+03 2.049526507487913136e+02 9.625439734228773137e-02 -2.892668099078434807e-01
8.883930992278445729e+02 2.727642711831861106e+02 -2.505441844225136383e-01 1.351766344904111426e-02
1.097306180949831742e+03 2.942186130079077770e+02 8.986458775173863586e-03 -4.559990155473769846e-02
1.196438471919514996e+03 2.466089995627594931e+02 -1.004993562972534421e-01 2.805929870167176432e-01
1.155112020510614457e+03 3.397494939594653829e+02 -4.668907265408961393e-02 1.994959840232013448e-01
1.260254562276866409e+03 3.558643266232876954e+02 4.433190014333376894e-02 9.209605357428547745e-02
1.137571886098670575e+03 3.841336099229052934e+02 6.996493741152486345e-01 -1.979564591768697424e-01
2.405543964764001146e+02 6.826667576845452459e+02 -2.857040757660911368e-02 -4.689404771261251881e-02
1.062303936796833796e+03 7.739625902015691281e+02 3.790790769320059091e-03 -4.139601024271541974e-01
1.322863003114135836e+02 4.382843832279905314e+02 -2.746563804085155880e-02 5.371226466738221461e-02
4.825662761788959756e+02 4.967497427216102892e+02 5.377020459104357997e-01 5.636812243324129668e-01
1.116401385549925408e+03 2.372241356704698489e+02 1.931668779303663541e-01 -2.779502329124454718e-01
1.185144622458648200e+03 2.307817590812905451e+02 1.358763007102652409e-01 -1.985369754986976432e-01
1.277835137613449888e+03 3.181590333890541160e+02 3.644918347947623261e-01 -1.760887384456282234e-01
2.858279703309490287e+02 6.014888636817867109e+02 6.628504896175968497e-02 -4.466352433723841386e-03
3.126331888171683886e+02 5.520774715102116943e+02 2.169932569202615014e-02 1.299175988189631425e-01
1.177990193002841806e+03 4.296661237454524098e+02 2.255543013961869292e-02 -4.488398839097840209e-02
2.818180337025588642e+02 4.820796228214917960e+02 0.000000000000000000e+00 0.000000000000000000e+00
2.588439264199902254e+02 5.061901523242099756e+02 0.000000000000000000e+00 0.000000000000000000e+00
8.691495981751065756e+02 3.235737529154602612e+02 0.000000000000000000e+00 0.000000000000000000e+00
1.126063961584485696e+03 1.603851958567950362e+02 0.000000000000000000e+00 0.000000000000000000e+00
1.057440120618623496e+03 1.886015076303429225e+02 0.000000000000000000e+00 0.000000000000000000e+00
1.056424244064769482e+03 1.903643550119509200e+02 0.000000000000000000e+00 0.000000000000000000e+00
1.064012008181294732e+03 1.964128993544458694e+02 0.000000000000000000e+00 0.000000000000000000e+00
1.068296520180475682e+03 2.663377430750982739e+02 0.000000000000000000e+00 0.000000000000000000e+00
1.176892193140316976e+03 1.867063294310572985e+02 0.000000000000000000e+00 0.000000000000000000e+00
1.307966797236296316e+03 3.093814229269295879e+02 0.000000000000000000e+00 0.000000000000000000e+00
1.248959339922935897e+03 3.260623955165238499e+02 0.000000000000000000e+00 0.000000000000000000e+00
1.169742505763313147e+03 3.686598482318565857e+02 0.000000000000000000e+00 0.000000000000000000e+00
2.608332234288305358e+02 5.848597902798926498e+02 0.000000000000000000e+00 0.000000000000000000e+00
3.018210740176994022e+02 5.815545954095455272e+02 0.000000000000000000e+00 0.000000000000000000e+00
2.859121576585443449e+02 6.358267287798707912e+02 0.000000000000000000e+00 0.000000000000000000e+00
2.802901217925390256e+02 6.643265356874336476e+02 0.000000000000000000e+00 0.000000000000000000e+00
2.072699025021253760e+02 7.026162078021804973e+02 0.000000000000000000e+00 0.000000000000000000e+00
2.457273311993660059e+02 7.009042465878641224e+02 0.000000000000000000e+00 0.000000000000000000e+00
8.649702254782494037e+02 6.108798776394415881e+02 0.000000000000000000e+00 0.000000000000000000e+00
1.233341248653816137e+03 5.109626940612312751e+02 0.000000000000000000e+00 0.000000000000000000e+00
6.295029458481658367e+02 1.017510582480144535e+03 0.000000000000000000e+00 0.000000000000000000e+00
