1.335766396690536055e+02 3.826219353388371474e+02 2.979657379836903822e-03 4.893492942111008284e-04
2.651911445628130650e+02 6.836378548605888454e+02 2.156597935988929272e-03 -9.613820635529532130e-03
2.547531999466636421e+02 4.657417139301309703e+02 2.791470459056645190e-02 1.386041737422227978e-02
3.175074544079419638e+02 4.722733371090499190e+02 -5.237871117078432299e-04 -2.684089465786894369e-04
5.657121360060953066e+02 3.865291460255821221e+02 -5.647204181338502443e-04 5.019037176046566278e-04
2.795917531593641456e+02 6.108272670633937196e+02 2.357890886740972389e-03 -2.477135564389539111e-03
8.746445289669708245e+02 4.045609951260634034e+02 5.768626793045507524e-03 -4.378999159678525349e-03
7.048133938093108100e+02 4.159468983487058722e+02 -5.587111665391549659e-03 -1.216272277047896790e-02
6.343770345817885072e+02 8.220889970606989436e+02 4.660390147335257750e-04 3.881731485035283882e-04
9.123582436096663741e+02 8.060121041385141325e+02 -3.427737471334280344e-04 3.905449022201114393e-04
4.599345154909279358e+02 9.415834386196472678e+02 -2.752073687250879749e-04 1.126360215176637329e-04
9.059741083490222309e+02 9.229930902229286858e+02 2.977472815579255278e-04 1.635521797673859280e-03
9.006098160034736111e+02 9.265387528751600712e+02 1.060938132104863709e-03 -1.359646950728608415e-03
6.857439896757065299e+02 1.019674306708978520e+03 -4.663803165149237170e-04 -9.880774300214478431e-03
7.149609276263397533e+02 1.011576469131372733e+03 -2.347781903530054876e-04 -1.702821774057552409e-04
7.048956943171219791e+02 1.023740843720959106e+03 -4.561903655663213358e-04 9.482951508838560143e-04
4.816479208967707564e+02 1.099020758041198405e+03 -3.636380183864518836e-05 -7.252460427863108728e-04
7.043983197818683948e+02 1.036492989461004981e+03 -3.648254062868950686e-04 -8.913832831793943624e-04
7.518319852991613743e+02 1.067505644446280712e+03 -2.544565434220095036e-04 -5.669205916880252355e-04
7.456359376469615654e+02 1.071463451576171337e+03 -5.757700115273199767e-05 -3.859634964893563728e-04
1.312392736102542870e+02 3.254538307499005896e+02 1.501792024198088686e-03 2.100260300960486628e-03
8.997696837170187791e+02 1.102106803556529940e+03 -2.314630271237295078e-04 -2.557607703877666050e-04
3.091595985562640863e+02 5.237645520440519249e+02 -8.773110376728029958e-02 3.764762111215604057e-02
2.614937348809813216e+02 7.411200794466079742e+02 -1.153135965833062930e-02 -1.234714892920989529e-02
9.211060635208297072e+02 8.337025136183921177e+02 7.501355388351902409e-01 -2.650617264340598411e-01
2.639509581432899381e+02 4.731704620701746080e+02 1.328560876415208099e-02 -1.503424990035951703e-01
2.233510721927218583e+02 7.548874117394753966e+02 4.259868285409633198e-04 -3.036896827195662962e-03
3.639734317918831152e+02 4.982136737876167558e+02 -4.016304421026761218e-01 5.714032013581248765e-02
2.517501475083881814e+02 5.036021857792150627e+02 -5.638291967697190744e-03 -1.698527796039829563e-03
2.501004213859487209e+02 7.195394335781691098e+02 1.218654208169297863e-02 -4.123897036214936416e-05
1.069680492731540426e+03 3.136883132174142474e+02 2.245612835991048911e-02 1.316532248277062916e-02
2.895177284373621660e+02 4.642850934481815557e+02 -2.924346621042255706e-02 -2.572310979693080424e-01
2.560420437091414101e+02 7.438103947928249227e+02 -1.800243662608584736e-03 -4.761838844974410762e-03
1.244799198902353510e+03 3.976930905766745923e+02 -1.873994319265254345e-03 2.540410753588073344e-03
1.194846001368526231e+03 2.521363122654332471e+02 1.558130662333001397e-02 -1.840787354010185728e-02
2.579756694333423184e+02 6.166526948205307690e+02 -1.716953822702265917e-02 -1.300161652423385307e-02
1.083149680551965048e+03 7.862967531076493515e+02 4.991300513430058650e-01 -1.839203357256367077e-01
1.073805689841472258e+03 2.920745140132182769e+02 2.366294842034082357e-01 -2.822786450941943137e-01
1.999857559153477098e+02 5.755915811294767082e+02 1.780826999635419516e-02 -5.155121158249229181e-03
2.825767189533380019e+02 5.861170012277084425e+02 1.467468317361572856e-02 2.375461051606337845e-02
1.042463310374255570e+03 2.652710801906240476e+02 2.145970712333260810e-01 -1.382017933310224489e-01
1.149255745819746380e+03 2.301425458708894496e+02 -5.789577574581350125e-03 5.279832289421157974e-04
3.198840359117708090e+02 5.303768738013618531e+02 -2.430859299694653197e-01 -5.156130809682913686e-03
4.452663684349946607e+02 5.219843872960059343e+02 1.061270228442278730e-02 -4.083618882824375379e-02
3.063089956246919883e+02 5.011526263723429793e+02 -3.784987070772980466e-01 -1.083662345569559871e-01
2.954483102532759631e+02 6.592251066892272320e+02 2.184140306763036193e-03 4.794027217194030306e-03
3.044956509285071888e+02 6.385924983272379905e+02 -3.458581572257940755e-03 1.178183812815535546e-02
6.257120003734005422e+02 3.811105725752445892e+02 -1.989774381548492163e-03 9.481646448153755249e-03
9.596972316139271015e+02 8.307440564291232477e+02 7.029519796842735868e-01 -3.154382640828132245e-01
2.377023182934921692e+02 7.159323327797873162e+02 3.385062851178039824e-03 4.303869096983731581e-04
1.007969685610540751e+03 3.302031106501711406e+02 4.372103725755485670e-01 -1.926476191630911716e-01
2.527660870000934494e+02 6.620535827588274742e+02 4.660605765743842314e-04 4.708581792414460315e-03
2.679965186685432172e+02 3.017437291433241171e+02 -2.314963301492496510e-03 1.206662452239916188e-02
2.501387722276056707e+02 7.265048707889404795e+02 -3.822711785766227163e-03 -1.059027327895558160e-02
9.159433082020609618e+02 8.666961141103693080e+02 7.053935143503420324e-01 -3.055320564531198713e-01
2.064235525977764496e+02 6.823255755003344802e+02 -3.543384799609900111e-03 -5.938283285318803756e-02
2.418391055327815025e+02 6.732001057361350149e+02 -4.863076772767384402e-04 6.994747572744332807e-03
7.673386768718944495e+02 4.752971805220131500e+02 1.345330949579413293e-01 -3.193731133417895274e-01
1.260318263026677414e+03 1.955992963913717517e+02 2.479649012628323303e-03 -3.800514308071817251e-03
2.433897268098619691e+02 4.898819746861797739e+02 -1.485384613573868112e-02 -2.329524835581290795e-02
2.509070516159789861e+02 7.106683692413782865e+02 -1.732836372325448219e-03 3.184705417357456669e-03
1.257049825518729449e+03 3.760087399310950218e+02 -6.051538331089746951e-04 2.896423211654006354e-03
3.001742391098623557e+02 6.458398757361371736e+02 1.303825628962057342e-03 -1.647523642612096694e-03
9.611275553164340408e+02 8.415667683631502314e+02 7.312078565408380859e-01 -3.010831929962654030e-01
2.567432733283191055e+02 7.176371860012856132e+02 -7.020246655039756763e-03 3.772462214567665062e-02
2.553087533737120509e+02 7.213971095025899558e+02 3.837580339284676900e-03 -3.642446496911307379e-03
1.187157880317257423e+03 1.891703580699227132e+02 6.566263694440695187e-02 -4.367915437951428587e-02
2.545343588175500997e+02 7.342812840333446047e+02 4.724942965416763230e-03 1.674114039304293962e-03
2.142413968361456398e+02 6.684104310477017634e+02 5.414408947628582269e-03 1.000490709718813466e-02
2.154944767026206875e+02 6.520466842925488891e+02 -1.300969464844485730e-03 -6.497409717639183319e-03
1.222200636728619202e+03 3.979960882836970200e+02 -2.772026658823222457e-03 1.565247495703447900e-02
9.214896445880982583e+02 8.450832206301480483e+02 8.426281788787433058e-01 -2.552769717259682491e-01
1.076672318278013336e+03 3.063596801907748386e+02 1.799324380442500482e-02 -3.532918312612872563e-02
2.477894579693527533e+02 7.354017687160380774e+02 3.774420117827836582e-03 5.572654865484917910e-03
1.231100627854502818e+03 2.458935009294641532e+02 3.330531021688194933e-03 -3.187749628997470566e-03
2.670994619683991687e+02 5.390240582866967998e+02 -5.851760674319042566e-02 4.733784271937534205e-02
2.693831449943111807e+02 6.960687734898156123e+02 -8.485700034490343407e-04 -4.818945023450648367e-03
2.664904701277774279e+02 6.631759807678630523e+02 4.617007647403503431e-03 -3.004184302446699217e-03
2.815956499010755465e+02 6.877093564910462646e+02 -4.145195406961912910e-03 5.949976595610507145e-03
2.435358571877515033e+02 6.351974805770881858e+02 -1.016820697608049112e-03 2.750294866152469108e-03
2.495561952671321251e+02 6.304473006208108927e+02 -3.617048774218135010e-04 1.500631390536788165e-02
7.173097843548263199e+02 8.739033984586369570e+02 3.563463521643798581e-04 -1.661826662153670147e-03
2.510499378578516030e+02 6.164062022470419606e+02 -3.629665115260204394e-03 7.930670194911167842e-03
2.357921160264390608e+02 6.300199892832984006e+02 -1.498602760411340802e-03 -1.711533750739980056e-02
2.592861222270052508e+02 6.424798761313488740e+02 -3.558608583491019387e-03 -1.330262877981774894e-02
1.932357495487432288e+02 5.869593329318594215e+02 5.274099704725596083e-02 1.447785012045921527e-01
1.197150090609579820e+03 2.237957908870979509e+02 3.093123762782131869e-03 8.039759667766903026e-03
2.314741095025263178e+02 6.278109808384235748e+02 -7.358073501133937863e-03 -7.115700192375382961e-03
2.463350804746010851e+02 6.930791199031314136e+02 2.753588605874974279e-03 -4.709156559998870124e-03
2.910749408757599213e+02 6.487624565815410733e+02 2.496112515207007249e-03 4.739336295279142526e-03
9.035997511775429984e+02 8.532269344646259697e+02 6.467736624060705930e-01 -2.565896643469411376e-01
2.697795242761040413e+02 6.364141775347115981e+02 -5.888410722395004231e-03 1.252686228095775157e-02
2.282314426431083234e+02 6.941993181237593262e+02 -1.815216635363901473e-02 -3.433890298215869219e-02
2.027264265262712968e+02 7.012764785760164159e+02 -1.239640084539060617e-03 -1.127454788206255212e-03
3.080900143804833533e+02 6.304862496115929389e+02 5.115611478341332632e-03 3.122606087915733280e-03
2.466173124125164975e+02 6.154123334064842084e+02 7.086210767909051356e-03 1.349903485690969601e-02
2.958892019673603500e+02 6.039048591115436011e+02 -2.009151693251772647e-03 -3.093141611450189298e-03
2.309233625823705438e+02 6.456581079023013672e+02 -5.755196204908167440e-04 9.285597399562759216e-03
2.292077312452921660e+02 7.139316634973166629e+02 -2.508564910283045575e-03 -5.383835372834138572e-03
2.921353861212727452e+02 6.595128579912914120e+02 -5.255470737925762312e-04 8.031439070558881680e-04
2.372723528950120055e+02 6.496359007876100122e+02 3.668523249038542315e-03 7.146048279866032752e-05
2.510531597802669808e+02 6.515640058798079508e+02 2.180630369039001043e-04 -3.501546472825163483e-03
3.232268444412521831e+02 4.799344321239688611e+02 -4.531931781087624594e-03 3.279762117794198743e-03
2.863267499886775909e+02 6.627070466008530047e+02 2.526665590677215460e-03 -4.028897226236391634e-03
1.006615587305821236e+03 3.390425942610949051e+02 4.188877160643840192e-01 -2.121804816821412365e-01
6.234701819021616984e+02 4.247914016534413122e+02 7.293128473387322508e-01 7.220074109919114545e-03
2.451376659251508272e+02 6.649268714498758754e+02 2.327614042468608693e-04 -4.961968051936696891e-03
8.561212803395194442e+02 8.840568049355929361e+02 6.524298503733819699e-01 -2.761243374829962516e-01
2.914416859466494998e+02 6.010085367870575510e+02 -1.485411216531708732e-02 -1.757859383514466523e-02
1.027501048116445645e+03 1.651296177871469411e+02 1.353830246121151028e-02 -8.541838094929359027e-03
2.923789112393200753e+02 5.792571977704824349e+02 -3.220817978134087566e-04 -1.157928515108369062e-03
2.224832941370035542e+02 6.858807757557159448e+02 -4.781291152811051803e-04 -2.396516597040056554e-02
2.897161748863368871e+02 5.876634896613069259e+02 4.167353269128109931e-03 -5.716202758977974308e-03
1.236011789856577934e+03 1.356085267449200558e+02 8.649094194478863318e-04 3.491109607961275776e-04
2.656530954371139046e+02 5.828782393878418588e+02 -1.406119195454572611e-02 1.160186349038735271e-02
2.105583607468924754e+02 6.852626513069985776e+02 -1.708521006685963239e-02 -3.925097628600364430e-02
8.511662599490056209e+02 8.821623978300240196e+02 6.657568170454545298e-01 -2.661989662051799099e-01
7.096413245406982924e+02 4.207009835029704163e+02 7.440333893678391375e-01 7.089817768651965335e-02
2.860585713615008672e+02 6.354649988233472868e+02 -1.093863475382803561e-02 4.594782124869278817e-04
6.242320912995246545e+02 4.022782421041479779e+02 -6.285464204087843898e-01 1.448582725752152744e-01
1.489440379369115988e+02 5.243732935806328896e+02 3.145384057880069861e-03 3.292221806494054388e-03
1.236682489699016742e+03 4.019751164181052445e+02 -1.299394741280512607e-03 7.671193307483053538e-03
2.953624942332155570e+02 5.464109141599641362e+02 -1.998492080661948625e-03 6.417108903416318677e-03
2.911607475945180568e+02 5.672060174181214052e+02 3.430823955990589588e-03 -6.377815232369384371e-03
2.342957558473984534e+02 5.136401418691377785e+02 -7.598700554701190435e-02 7.411883441300581854e-02
2.295374221116856006e+02 5.744432776700425620e+02 -3.404101700668337172e-01 4.237432570303132917e-01
2.456707982605685743e+02 6.832058672480792438e+02 -1.866115176887257667e-03 4.343734655160933454e-03
2.858470648883005651e+02 5.468847560744941347e+02 6.291628930864477144e-03 -4.862794485245445966e-04
1.045124630527026511e+03 2.119865487480326465e+02 -1.598236292840967965e-01 -4.359857113959410280e-02
2.405332792824505077e+02 6.825355837699694348e+02 -3.289862347214851115e-04 -4.031295849337298252e-03
1.141355008325174595e+03 2.303117973284838911e+02 -2.886690936840282350e-03 -8.101170157055778524e-04
2.733399790563423153e+02 6.531045953333893976e+02 1.178168581542039794e-02 3.288656742704528565e-03
3.277201429006333910e+02 1.050609267092991104e+03 9.892900125043641718e-03 -2.661430693120961019e-03
2.849524536203662706e+02 6.130043092655057535e+02 -1.653607011046640679e-03 9.618098391818889021e-04
2.967076159600432561e+02 5.051340734208126264e+02 -3.238239142644537636e-03 -2.216391249625402488e-02
1.080751188348960568e+03 3.197496826108501864e+02 8.086447594311298170e-03 -1.676011928106554971e-02
2.802238754787944686e+02 5.452763471544866434e+02 2.042389499760054010e-03 -1.998219808160346320e-02
3.208456371075943139e+02 1.059949848785261111e+03 7.304753761657858946e-03 6.335479957683538789e-04
1.190347838294992698e+03 2.449006183484268320e+02 8.917114438969689014e-03 -1.398211442026585719e-02
2.744402302210879157e+02 5.153948085924802172e+02 -3.458512498209619784e-02 1.779849565390907162e-01
2.553287679940466717e+02 7.036563552072750554e+02 7.732306556237749859e-03 4.974531525285423583e-03
2.327722706807472832e+02 6.745948522317781908e+02 1.739495626483998061e-04 -7.049142733305893867e-03
3.699302354246394771e+02 1.046230485644510964e+03 8.366870834670339999e-03 -1.956685248542991851e-03
1.186637696355555818e+03 2.106680076071653787e+02 2.092634954608163858e-02 -7.292846729663072548e-03
2.570058116443105405e+02 5.262925910113422105e+02 -1.739605155859017538e-01 1.173434361470267751e-01
1.217994289613395040e+03 3.509503142692134929e+02 1.074466268313573405e-02 -4.057331483829897112e-02
2.721135595177065625e+02 5.949914082116454210e+02 8.851919351828016567e-04 3.667488493143122852e-05
3.182119648749119847e+02 5.951654152328388818e+02 -4.121474620057207633e-02 6.615657431268010501e-03
2.461544646725147345e+02 5.061085680414981312e+02 -1.387792109642248944e-02 -3.622767036363831045e-02
2.733307577959506602e+02 5.632342863634514742e+02 1.762928387364863254e-03 3.452088807023976497e-02
2.390936989661189216e+02 6.409094032576084601e+02 6.092640071198509623e-03 -4.246861816955735912e-03
2.724600777528459048e+02 6.788794253591543111e+02 4.155294681292688412e-04 2.796697945868935158e-03
6.817261446294520510e+02 3.881839531939268682e+02 -4.212273702651990193e-01 2.035955470323333183e-01
1.199328029408493421e+03 3.766384112829706510e+02 4.284096874426263427e-03 -6.943612875601848887e-03
2.830650041193802053e+02 5.355370198339630861e+02 -1.398936698294124259e-01 -1.829782296379963216e-02
2.464202002289100619e+02 4.074787511466448677e+02 -1.143770748647524316e-01 -3.434104524321703322e-01
2.236450454329209379e+02 3.161930997783437647e+02 -1.103284130062538171e-01 -4.076078031774728605e-01
2.455846898273962040e+02 5.948399123738768139e+02 7.202448959037160633e-03 -1.639609566697376730e-03
2.533252707901555993e+02 6.411857925425417761e+02 -8.049597686494669403e-04 4.648078496228042096e-03
2.642169105919195999e+02 6.094372631349290259e+02 -3.230886682993824779e-03 -8.806215747238926167e-03
2.925658569109837686e+02 6.369567357994341137e+02 -5.948841884762399480e-03 -4.591079360269228159e-03
2.379614681782300920e+02 5.038904097286696810e+02 -6.449954368555313802e-03 1.146289760873066797e-02
1.180085026010634238e+03 3.535713004497483780e+02 -5.698308319623909823e-03 -6.842662134798470353e-03
2.569941908004198012e+02 5.477728405666124445e+02 1.500916133353724091e-01 -6.057623017738708593e-02
1.113548171663347375e+03 2.383646196896779657e+02 5.881196111385188219e-02 8.419394474573479656e-03
5.763741679549864330e+02 4.098297918158656898e+02 -7.218411292368163146e-01 1.244882283147198399e-01
2.079569799635720244e+02 7.266061038363008038e+02 7.863016253256740681e-03 8.123266011667996511e-04
2.836853960635613134e+02 6.505996618530678006e+02 1.910249161503397089e-02 2.780509187567815465e-03
3.802907411784632359e+02 5.528676926111728562e+02 2.368104021261534242e-01 -8.360865892249384757e-02
2.777069790540554663e+02 4.738326257996685058e+02 -7.659087942339972734e-03 6.463409239928456784e-02
2.277594086051999511e+02 7.062846900153073193e+02 -2.535600991904803352e-03 -9.822347923623415966e-03
2.673488262014658403e+02 4.549674506399260281e+02 -5.827336817080067816e-02 -1.239674583387552625e-01
1.203060768827506990e+03 3.881271160943335872e+02 -1.749681667870570806e-03 9.650890046223499497e-03
2.646034837834462792e+02 7.310630059409900241e+02 4.327356875076628431e-04 1.322247385736196809e-03
1.169430107891934540e+03 1.918156419914303967e+02 7.046037520555530065e-02 -2.662991316930118230e-02
2.779599669371400523e+02 6.599548205524575906e+02 1.143664438425185878e-03 1.094722312841170560e-02
1.282386451514357759e+03 3.714830030996188270e+02 1.302674420398853769e-02 5.419325863584001195e-03
1.407612299654976482e+02 3.921623616648144548e+02 8.372686904245014647e-03 2.724140578519294170e-02
8.260853998716065689e+02 3.459611429073395925e+02 -3.178140780160870760e-01 1.371271493018544896e-01
8.107020054686178128e+02 3.980239120000661615e+02 -3.314583906174375927e-01 2.979336543488986244e-01
2.783484919986862565e+02 4.483585477437111422e+02 2.016196491928268913e-02 4.504141058403756531e-02
1.217049229826653800e+03 2.536551738558348461e+02 5.464162051532977377e-03 -8.632474137911150605e-03
1.011310896283172269e+03 1.660783520767499510e+02 7.737768128035355658e-03 -3.025139028978141367e-02
1.090817236487418313e+03 2.265753232242892636e+02 9.221115101827128541e-03 7.865610748313661346e-03
2.667870422687119571e+02 5.053635331020060448e+02 7.569828300673614452e-02 -1.571954019899353128e-01
2.303710473621665074e+02 7.465487630311106386e+02 1.336705815214060851e-02 1.057832792842774462e-02
1.513567712590419490e+02 4.544472466704633575e+02 1.303493835679589300e-03 1.797965835383721293e-03
7.468123690684362828e+02 3.691057198679148996e+02 -4.583334147523950297e-01 1.979915841122036058e-01
2.331404491484630057e+02 7.015793681592102757e+02 3.000419597410677831e-04 -2.624103058333320838e-03
2.152243143344396117e+02 6.405034681798676957e+02 5.047629073606521577e-03 1.006144180944104800e-02
2.269596621639830403e+02 7.752579155501645118e+02 -1.671672747982124937e-02 1.435830207827229303e-02
1.109849198492194773e+03 3.438100698121705818e+02 4.443555821842099657e-03 5.261029116038886365e-03
8.240287082486366899e+02 3.760091837700582005e+02 -4.093848557951206280e-01 1.644762055398194256e-01
2.746879399111267048e+02 4.421187441557399893e+02 1.576262207635350729e-02 3.502480947108970594e-02
2.731866919696365130e+02 4.679849154465062497e+02 -1.670374880282987987e-02 1.244312059393107572e-01
2.296380908042324620e+02 3.253771213064705421e+02 -1.316583789976227270e-01 -3.999798436976580995e-01
2.302440532079875197e+02 6.217704280617047061e+02 -1.066944989155793957e-03 -3.980017044800616098e-03
1.259925578501042992e+03 2.915338715023458462e+02 -2.156757625751575674e-02 1.612365877589399740e-02
6.139610780740969176e+02 4.083383160943950543e+02 -7.194639928736333845e-01 7.865059433366315689e-02
1.751311224034894849e+02 5.735637650877246188e+02 2.782780351413233211e-02 -2.310496230520899669e-02
1.211887872931691845e+03 2.528998156602143013e+02 -1.468147291700348713e-03 -3.911657876958228065e-03
1.183164545580903223e+03 1.825894951814780143e+02 1.473357985632181132e-04 2.828951190001263109e-03
1.142193107706912997e+03 2.152695773458133317e+02 1.942482472571613675e-02 -5.510370253434931920e-02
1.190309561051151377e+03 1.989304971637321842e+02 -5.400424166361184400e-03 -1.243873950205248019e-02
1.138444430827503766e+03 3.736829269809775269e+02 -1.900859761255812642e-04 6.013513980282805295e-03
6.168222505173353056e+02 3.861770330770172563e+02 -6.191394416301852603e-03 -4.073064846802807587e-02
7.938043896258897121e+02 3.560693523632373854e+02 -3.915879228718562866e-01 7.916409696302215138e-02
2.531854627710597754e+02 4.768914763563823271e+02 2.140964846344560468e-02 -3.320110578836237697e-02
2.129532507518824218e+02 7.458074476010397120e+02 9.993855655087971121e-03 3.398731218169922554e-03
2.439441042247995881e+02 3.869015226978747251e+02 -7.859492618117605578e-02 -3.837150310989080326e-01
2.775059083703348506e+02 4.241436258351160973e+02 1.815294659783407705e-02 3.920291246395220253e-02
2.197173600499162944e+02 6.988483050700832564e+02 -2.286271042923954631e-03 -5.221538994384567270e-03
2.684629292458738519e+02 5.330497271546644242e+02 -1.074638138936430398e-01 -4.313639421682205488e-02
3.470616637880920052e+02 1.068092825989944913e+03 3.112852156656536421e-03 2.653972905176992057e-03
1.075814599682341168e+03 1.737360696219385261e+02 -1.661783854563347526e-02 -1.347860232617091591e-01
1.211913492018569741e+03 2.652700679762347136e+02 8.187743551001637476e-03 -1.319578524613734295e-02
3.402056175534292493e+02 1.069653161506713332e+03 -7.246224911771398727e-03 9.104964524745396554e-03
6.873358024495892096e+02 4.423193039820156400e+02 5.766962931194921094e-01 -9.775024475046203976e-02
1.436188873693278651e+02 3.924755605317381537e+02 -1.204332146667217883e-03 -2.963419595656400954e-04
1.095430995417950044e+03 1.708640209800392711e+02 1.364777456554491231e-01 -1.044520226176401945e-01
1.104451664175209089e+03 2.353669384513517855e+02 1.483891773054127339e-02 2.898639860606663093e-02
6.536214794461816382e+02 9.439558052967763615e+02 5.131130228783351566e-01 -1.877369603517056729e-01
2.673939598118050185e+02 5.921832021113477822e+02 -2.874823995584127167e-03 5.752466932093657816e-03
5.940888034961285484e+02 3.677646920035517155e+02 3.009377103961303037e-04 -1.064216780127035227e-03
2.143317781380350198e+02 7.383249552776037490e+02 -2.219299154388512489e-03 1.543620354889771755e-03
1.239692623137717419e+03 3.366713335490906616e+02 -1.690493893872848947e-03 9.333676344705608627e-03
6.079566440713446127e+02 9.916783999285070195e+02 4.343313638590386994e-01 -2.131931489856253858e-01
8.499950238794833695e+02 3.407220129769953019e+02 -3.418219698883475655e-01 1.637354359937334414e-01
7.079258032874396349e+02 9.240570041884001284e+02 5.291827502345181067e-01 -2.176700250871455300e-01
2.054567662286394523e+02 6.955296808868674816e+02 -5.351767088657737514e-04 -6.298644306614526248e-03
2.747752255575048821e+02 4.125257097907359594e+02 4.339363892062755856e-02 1.236441374563444495e-01
1.232917170900743486e+03 3.501491204912624653e+02 5.056817439262796402e-04 -2.225450095343238857e-03
2.794187553924227814e+02 4.945900879270727728e+02 -1.457387724710792858e-02 1.197935954050737134e-01
7.539809746289182613e+02 3.562675828310136694e+02 -5.057339071466643299e-01 1.867143368691000782e-01
1.346898902778131344e+02 4.001515876313033004e+02 -1.425380363393809798e-03 -2.691069406698108277e-03
2.599020299619949128e+02 6.851747266716026843e+02 7.950695759340719454e-03 -1.287269038137913747e-02
7.957319317895144195e+02 3.373776740211189917e+02 -3.893045943910278250e-01 2.773146703568085680e-01
3.314409813904821362e+02 1.088014868960621243e+03 5.265201999958604370e-03 -3.539917526036378582e-03
3.083922897156972454e+02 6.051014876676645144e+02 -5.952923474349108325e-03 2.997734916078741846e-02
1.169156646833786908e+03 3.684377251491339962e+02 -1.514294654899764857e-02 1.296671227615179590e-02
2.667004456600415097e+02 4.189035447084457360e+02 -1.892863376029159730e-02 4.519956825747568213e-02
2.730438943680123884e+02 6.213626762683818470e+02 3.507516412577779685e-03 -2.913822640939632905e-03
3.410858179722650902e+02 1.088705169595826646e+03 1.413736926471107977e-02 -1.833256609172104201e-02
7.406251466959816980e+02 3.599435889942937479e+02 -5.019390744178537922e-01 1.927219048425871384e-01
3.102288902501133521e+02 6.217550175989287027e+02 1.575887103947682484e-03 -5.671479310097824204e-05
2.829510253609013262e+02 4.834113682285249070e+02 -2.505477725016459420e-02 8.838331669364485332e-02
1.158128457452920202e+03 3.305141258751337432e+02 1.276360516887039068e-02 -1.042103818671385324e-02
1.214321159337208428e+03 3.003175777619941300e+02 5.005119367276980036e-01 -3.758524479254483214e-02
7.187694163984432407e+02 3.617587697068008765e+02 -4.266467249963676878e-01 1.810868609422711106e-01
1.176427435464176369e+03 2.281743563193066677e+02 1.754901451323970067e-03 6.738235426937388972e-02
7.743734683246492523e+02 3.694866494054472810e+02 -4.345684730595353873e-01 1.253241038505290006e-01
2.727834049750184704e+02 6.603027585652124571e+02 3.136343752169405957e-03 -6.240203018488627018e-03
2.614148764063421595e+02 6.963951866858179756e+02 -3.901444630025482745e-03 -7.550404475876906600e-03
2.777908665690167709e+02 3.998680713360035952e+02 2.865826608086707167e-02 1.168135227789756786e-01
2.754164098391204902e+02 5.930561623704182921e+02 1.154780508130670569e-02 -4.003409472274917398e-03
2.716349514850471110e+02 4.025560642403602287e+02 5.812678316197159717e-02 1.432657379942033904e-01
8.654665992492724627e+02 3.226340979726603564e+02 -3.374345754377039985e-01 1.574546166465381203e-01
6.588391988196872262e+02 9.497196271808543315e+02 4.931614186411518164e-01 -1.981256285887445512e-01
7.822430575708772267e+02 3.532816968223139042e+02 -4.448464801089774268e-01 1.965175522338157010e-01
7.012884745535641287e+02 4.389949198224616111e+02 4.103402208409754892e-01 -1.841029148785319203e-01
6.878842627953048350e+02 9.427652106706511859e+02 4.611643833280856808e-01 -2.215072188208604687e-01
2.609290200736699035e+02 4.584300590882576785e+02 -1.336736843663654563e-02 -5.192834762859583481e-02
2.336081931507063132e+02 7.110447425445606768e+02 -1.682762135542102688e-03 -1.141846067996381709e-03
7.496114442955587265e+02 9.349952697896818563e+02 5.978915284647979833e-01 -2.672822276779850958e-01
7.284027010130726012e+02 3.644359596532228807e+02 -4.576862173351249896e-01 1.928331306787286203e-01
2.390242640333605948e+02 6.034003519356680272e+02 -4.242906155799729302e-03 -3.062365265548416208e-03
5.856746049397991101e+02 4.457843411908401663e+02 4.193235878523317584e-01 -1.724411697852711867e-01
2.973762552083086916e+02 6.543789350084560965e+02 -2.880998343555077681e-03 -3.996010619978210623e-03
2.799382633415179953e+02 4.115795586776152959e+02 3.243643718648082236e-02 1.100394277854262054e-01
8.412589957936808105e+02 3.110278640212951018e+02 -1.451512833493340815e-01 2.435656216716379774e-01
8.341873036603016089e+02 3.555933968899671527e+02 -3.782650361742519451e-01 1.767630427210279132e-01
2.369897139332316556e+02 6.202676301794282381e+02 1.290162375406871901e-03 -3.660768489775328375e-03
3.246525701605901872e+02 6.087324755594861472e+02 -2.687637582703876569e-03 2.648059428968799200e-03
1.131313274005661242e+03 2.118430400386488088e+02 3.565906751036621025e-02 -7.259676713614160448e-02
6.607101597950586438e+02 9.696968661325867060e+02 4.349898385312743199e-01 -1.996392214913069729e-01
1.134791745672793695e+03 1.895103835425298939e+02 1.926959778046297492e-02 1.380604178821907314e-02
7.643027218483163097e+02 4.406871030759527912e+02 7.939343818610732767e-03 1.037936277941809565e-02
6.604246993937942989e+02 4.142650978007987987e+02 -6.220916921168480052e-01 1.223720105500266803e-01
2.514846968658201547e+02 5.479788593754996100e+02 1.229156433883390742e-01 -1.036561589336597033e-01
6.856439212446761076e+02 9.687383463419126883e+02 3.909786723174357159e-01 -2.022710748620347165e-01
1.106610294915820532e+03 3.184812114072099689e+02 4.334646923262601187e-04 -1.175594546448438873e-02
7.079597427126848288e+02 9.458044756600650089e+02 4.627005043940926043e-01 -4.184329471326808658e-01
2.657264210861908964e+02 3.863251764322951090e+02 5.227587221833343567e-02 1.348479668490209504e-01
2.733552485204494360e+02 3.920106532416480150e+02 4.754182149899760512e-02 1.264260768092684284e-01
1.164304922004718037e+03 3.923417510379793498e+02 1.830378565849663042e-03 -2.236061540874162857e-03
3.138817513420215164e+02 4.698920518079445401e+02 -5.199191294173258378e-03 -2.025084140041369732e-02
2.829535555103203137e+02 6.786517469356983838e+02 -5.417170398750881070e-03 9.655123397298513363e-03
7.116930000719731879e+02 9.293519029595679513e+02 5.307020543577227745e-01 -2.179062746434931586e-01
6.204441590184701454e+02 9.743690786917693458e+02 4.541879442396156152e-01 -1.880083106662037706e-01
6.855273963553136127e+02 9.762792747393972377e+02 4.358677686914965710e-01 -2.032638094329382861e-01
8.339089100311921356e+02 3.460280931887494376e+02 -3.372299664101245376e-01 1.354668680675188419e-01
6.674613273595654164e+02 3.910880308766593885e+02 -4.230758762781986482e-01 1.753208224371933799e-01
2.556977547371373021e+02 3.859015909945877070e+02 3.239848766765076465e-02 1.238673891406791017e-01
1.156369885792834111e+03 2.546783688875225948e+02 6.653120878374717793e-03 3.384315110998492235e-03
7.001857655860202385e+02 9.597666969912676223e+02 3.539969908609952864e-01 -3.474571967522744886e-01
1.120785482016956166e+03 2.140872202140802187e+02 2.581965024806003040e-02 -2.481067522879383883e-03
7.376515826750229508e+02 9.592489164291524730e+02 4.174390688790954318e-01 -1.666437402523002764e-01
1.120762997922714476e+03 3.258163348331165139e+02 3.817754884611720273e-02 -2.852947077604375825e-02
1.259683421595900427e+03 3.892458350713196751e+02 3.112177207809185050e-03 -3.638009431935557408e-03
5.955112313017735914e+02 4.073743032695807074e+02 -6.339311123402269210e-01 1.096017569385594470e-01
8.041039759113991749e+02 3.637074734437800316e+02 -3.398754947700790563e-01 2.903013169926961790e-01
5.750850195364398587e+02 4.671314802765940044e+02 4.749474615473671113e-01 -1.544263714354916217e-01
2.519894081023037700e+02 5.786973672957354893e+02 -1.333071062394947624e-03 2.814668581966471746e-04
2.693772464866605674e+02 4.867204836085794000e+02 1.358678303129935705e-02 -2.342979705095613596e-01
3.113794824290250176e+02 5.315658226560215098e+02 -1.270034520591853677e-01 6.454755690144635405e-04
8.375360129437583510e+02 3.888511042710840684e+02 -4.373273543666863494e-01 1.926240985955266494e-01
1.169009433263044684e+03 2.462650049051816552e+02 2.887559327316219313e-03 -6.567229218574095403e-03
7.674445348730422438e+02 3.531668741885923168e+02 -4.566715979791243218e-01 2.366904781985518236e-01
3.191033522329968832e+02 5.386506362952133031e+02 -2.688845817103585611e-01 -3.453028708365606537e-03
7.598864039728080115e+02 3.449107470110325835e+02 -4.404137837366655650e-01 2.059517094772697621e-01
8.158648830815307065e+02 3.253177176542333768e+02 -2.662959321057026818e-01 1.441402164012576537e-01
6.236620341080016487e+02 9.769585576611302713e+02 4.495718212679386538e-01 -1.955358784020781726e-01
1.114225298102904162e+03 2.957658275620551080e+02 2.170629575872419781e-01 1.512116806237521205e-01
9.868484568734079403e+02 3.730235542453354469e+02 -1.757286357224300101e-03 1.494484410286396842e-04
6.991854730561564111e+02 3.797424714502039933e+02 -5.217010337308256585e-01 1.799204786990846461e-01
1.082639935572562990e+03 7.993098977892460653e+02 4.761340239071438774e-01 -1.650455710350628991e-01
3.226801578434112798e+02 1.081141391478673313e+03 -6.709207763275242724e-04 1.163629677250247645e-03
2.632855196684524799e+02 6.539897305824025580e+02 1.026091231458754966e-03 6.826421773781692418e-03
7.332573648065371117e+02 9.186980598204795569e+02 5.412449983096377926e-01 -2.074784244452737569e-01
1.215478965290679980e+03 3.064826894040407979e+02 2.553237017500488149e-01 1.852170798202894264e-02
1.116225936388964556e+03 3.083178103461137880e+02 1.850985991017530530e-01 1.450732368140639772e-01
6.432702671270621977e+02 9.711356249891676953e+02 4.357049976428387095e-01 -1.916971241954536498e-01
2.719593603272340943e+02 3.770912884984513767e+02 3.751844016121009401e-02 1.387901118464458239e-01
1.213813421035141118e+03 2.106055238580318019e+02 -8.388010268442422368e-03 1.769296890410679973e-02
2.635114095417647491e+02 5.602241936044224531e+02 -9.628954020940054060e-05 -4.369590090225819456e-03
2.773525243109505709e+02 6.749582835137061920e+02 2.576398655165657112e-03 -2.432868319377769380e-03
7.193050388009187373e+02 9.585375243759301611e+02 3.632159833379159375e-01 -3.161436976343244276e-01
3.053440890859819206e+02 5.557027196261973359e+02 1.553930536593046419e-01 -5.044977297048303111e-02
1.207570693564937301e+03 3.743518231922170685e+02 7.271428097083297570e-02 -7.465847012424760287e-02
8.517757587487188857e+02 3.619023303572637360e+02 -4.855490653213184182e-01 1.664766210411496306e-01
2.131656997641737803e+02 5.164323684020921519e+02 -6.818253867169626501e-04 -4.670574125129004633e-03
2.990774815647222340e+02 5.747414631783221921e+02 3.165745803509217252e-03 -9.553571075549811484e-03
1.092601315716235831e+03 2.093985054337384497e+02 -2.585395606216830955e-02 4.059255954684677647e-02
1.172376428210433687e+03 3.571316551486693811e+02 -4.487062496156507367e-03 6.661106274687017027e-03
7.089409110450316120e+02 9.598924527712367762e+02 3.740713503866854306e-01 -1.878818014940805414e-01
3.187092851171045140e+02 1.084706426316830630e+03 6.527102659466472220e-04 -6.222040168484112375e-04
1.067339387118239529e+03 1.704117190657386516e+02 2.027304705674540242e-02 -4.062545299933476711e-02
1.170514020097222101e+03 2.135908261594950091e+02 3.727892892689482068e-02 5.312770936428216212e-02
2.093749201215395601e+02 7.145376586300142208e+02 -1.100534786746551995e-02 -4.051326932108055556e-02
8.466339404021218797e+02 3.206631054485741288e+02 -1.909506097193370555e-01 2.698364500811429312e-01
2.119637840135334557e+02 7.057575898691757175e+02 -1.108849036554467130e-04 -6.301320799024107957e-04
7.331357948036340986e+02 9.268036308080448862e+02 5.540517478971150878e-01 -2.175812596190503934e-01
1.146692721809390150e+03 2.447717994953729033e+02 1.775914817861319259e-02 1.070207214619127954e-02
1.082215545949879697e+03 2.089887978004439333e+02 -7.838572566627833443e-03 1.699751540348842446e-02
2.663037636780229036e+02 6.776837305024279203e+02 -3.283738075557302624e-04 3.693974190177373457e-03
6.957912536240784220e+02 4.319726443693089664e+02 6.156099413343284477e-01 -1.614228531937358935e-02
7.128094034408471771e+02 9.839615157705659385e+02 4.248704403545118802e-01 -2.783561181492749115e-01
1.121267335387497496e+03 3.600468741732287867e+02 2.541807857301812534e-03 3.813335143958495460e-03
3.229118155389307390e+02 4.967282636456259297e+02 -3.543326850713787168e-01 7.456548918044896522e-03
1.192678654357557207e+03 2.954151761137818539e+02 1.679257791525710919e-01 1.711248230025227413e-01
6.670904828259306214e+02 4.280013108799640804e+02 7.678138727397147978e-01 1.118791825653613486e-01
2.645868489364934248e+02 5.478343461202662183e+02 -1.999840622457861941e-02 -1.398481080848409247e-02
2.981538390330997004e+02 5.664609557525316177e+02 -8.354334553855145709e-04 -1.794749286628163258e-03
3.328684999354022125e+02 4.986251363815545687e+02 -3.761785839383546270e-01 3.933390817773910891e-02
1.159446499328080790e+03 1.408776665308028839e+02 -3.690282521961983208e-03 8.825612136481966394e-03
1.052731817343066950e+03 3.018862275789621208e+02 1.733532867743940026e-02 -6.094665653576932136e-03
2.561184830127509713e+02 3.584805725874126665e+02 3.031794890987182106e-02 1.420288442036007071e-01
8.706588801401499040e+02 3.095174705691241002e+02 -2.787648652559532314e-01 1.934509939593684613e-01
7.567794626794400301e+02 3.621464620372049694e+02 -5.039312811795527702e-01 1.613734050620026506e-01
2.591780323439524523e+02 5.848829174271932061e+02 -8.751420550728234923e-03 2.054833929804826282e-03
2.084966349455495447e+02 7.483512994710977182e+02 1.235546053049917017e-03 4.993960842499642512e-03
5.846459438411988003e+02 4.327371082832100910e+02 5.281611950406307487e-01 -8.748144082104410135e-02
1.312480671047572116e+02 3.944679507821648485e+02 3.164117304073321355e-03 1.764244759612557806e-02
1.182270245314620070e+03 2.338778907829680236e+02 4.731830395429248437e-02 3.751008400459426590e-03
1.975003498415094327e+02 6.234120184566799026e+02 -2.195705650616702476e-01 2.666917503111018162e-01
6.712142756201056955e+02 9.916046924900776958e+02 4.648013025525082331e-01 -2.515300922077889356e-01
1.196119344275771709e+03 1.883395047904943738e+02 5.619557807998681181e-02 2.605489333998973686e-02
5.982680056409884628e+02 1.003220025734819842e+03 4.263297309577891991e-01 -1.946313179805330140e-01
7.359039171015383545e+02 4.197726240775058955e+02 6.364594727844828936e-01 -1.028232461282927307e-01
1.046293862556783779e+03 2.776743474151917326e+02 2.145046409403892074e-01 -1.134238425970044845e-01
1.015473985754224373e+03 1.938038592431040570e+02 6.395823041544748677e-02 -3.947741457065478965e-01
3.072649632794497734e+02 5.721352185283341214e+02 -7.867094026872420778e-03 1.128007814788073264e-02
4.634844196693497906e+02 3.924201898523352270e+02 3.552854351235257903e-05 -1.305050279256647627e-04
2.599962096932964073e+02 5.373804522440328810e+02 -2.743964412509330431e-01 5.572827285083357951e-02
5.722705128606982043e+02 4.610068061076085542e+02 4.663798684047308907e-01 -1.161259991940525732e-01
1.110419949728266374e+03 1.764159758702911347e+02 1.561285731283289929e-03 4.728929554110634752e-03
2.759026993816000868e+02 7.008712390476554219e+02 -1.912530011289204123e-03 8.928964637366019726e-04
8.561687948617795882e+02 3.178870911631777858e+02 -2.131933576170722267e-01 2.803491973438611562e-01
2.432030620153533391e+02 7.223050722462443218e+02 -1.361408941572407605e-02 -2.532554783509918805e-02
1.105354955491258352e+03 2.076121389800889858e+02 2.121461505907073011e-02 1.190093262864019147e-02
2.500908407930864996e+02 3.493234141199102964e+02 3.059069168923914117e-02 1.194261799287632403e-01
2.553425986016738136e+02 3.502979338480876095e+02 3.021183407857995148e-02 1.232321132762955740e-01
1.192731269988458280e+03 2.265214387155483564e+02 7.495091562515142358e-02 -6.393516913006870583e-02
8.316279226006797671e+02 9.343406687378131892e+02 -7.893663176329772657e-01 3.658773999584501446e-01
1.079452354007165013e+03 1.967164694997108256e+02 1.135564247112489517e-02 -8.289833327155509204e-03
2.496338359445769299e+02 4.830943715722377192e+02 1.386785396374281415e-02 -1.702143218396952318e-02
2.130133396519880478e+02 5.734822293782849556e+02 2.476054327600057947e-01 1.256788216351286680e-01
1.051048048876176608e+03 1.979637812647529245e+02 9.543136045995017930e-05 -2.188204349378161662e-02
2.256457409357022925e+02 3.278026379341237657e+02 -1.226910208595304030e-01 -4.327579820464033111e-01
2.827086574527402831e+02 6.256997239055534692e+02 1.877838138901970905e-02 4.153544279630422276e-02
1.233322641104769446e+03 2.992754820837486704e+02 1.046929596178091393e-01 -1.104426137225242299e-01
8.527097321897679194e+02 3.107051981171205171e+02 -1.695319418685501955e-01 2.673224348481658130e-01
1.273396101884247400e+03 2.932783507358524844e+02 2.002054497030248889e-02 2.907888633241257834e-02
2.873801592074689211e+02 6.517311247626258819e+02 1.986291665012699693e-03 6.179038850421933807e-03
1.250783128953148889e+03 2.953332787991603823e+02 -8.731429961343484605e-03 1.003608343835434707e-02
7.175180274174960005e+02 9.875347968072040885e+02 4.032209300966076437e-01 -2.791640014303458095e-01
6.921899762382724930e+02 9.926528301641661756e+02 4.635953139694819480e-01 -2.292678438540527719e-01
8.669802640256184532e+02 3.068307088437323387e+02 -2.746106065129359508e-01 2.113487924509041826e-01
6.064601602127497699e+02 1.011524795941959837e+03 4.628868496456055581e-01 -2.234464127186358839e-01
7.572431009883770230e+02 9.368504097127197383e+02 6.169328921852803571e-01 -2.609097841550633845e-01
8.872053883343400003e+02 8.998539165900376702e+02 -6.432679197390002157e-01 2.797130688954500011e-01
1.057445338237673923e+03 2.542178623601684819e+02 2.315373144596905297e-01 1.545650873921732560e-01
1.189619805543756001e+03 3.142399900697574822e+02 2.373864620721277685e-01 -2.580809940410810563e-02
6.921151551693877764e+02 9.500872168170355963e+02 4.673080452416527586e-01 -2.172079455532670844e-01
1.056111976493281873e+03 2.068710093682963702e+02 -5.994583281074366415e-03 -3.252705226495519655e-03
2.652972625215561493e+02 6.304342385024009445e+02 -6.271325134910417376e-03 -2.459421217417574398e-02
6.629674184065755753e+02 9.771340624099291290e+02 4.344191382499952847e-01 -2.278324875438288988e-01
2.995664721294660922e+02 5.941872413615574260e+02 -4.111745605244566254e-03 -2.734314489609261829e-03
2.830627400570780310e+02 5.231151262740016818e+02 -1.991160265610647517e-02 1.993121956807084039e-01
2.623182116737174852e+02 4.928963721409381264e+02 1.989722316448260322e-02 -1.195646037246181348e-01
5.959066758702781499e+02 1.009633782334754073e+03 4.618152133765128786e-01 -2.086009487188687228e-01
2.410726928829240308e+02 5.448865149357619657e+02 -2.755900017397020507e-01 5.097056197319889403e-02
2.746034548493954048e+02 5.405316626403576947e+02 7.604619266887743638e-03 -3.350374982639352413e-03
8.105374727106353703e+02 3.540321097016363865e+02 -3.682491375910470488e-01 1.663807338676006609e-01
8.360573677552221170e+02 3.826351850265922963e+02 -4.277207436888600389e-01 1.782376537775311742e-01
6.830502396854750486e+02 4.001335623674112298e+02 -4.512778287221757556e-01 2.302195338791153123e-01
8.911222531684894648e+02 9.064557730264482416e+02 -6.458764208532276063e-01 2.776974040326491977e-01
1.978284939934485180e+02 7.052416376510969940e+02 -7.576825920185931498e-03 -3.943110142147541325e-02
2.439364793301775478e+02 5.079371820431226183e+02 1.919229444344309685e-02 -2.393312966252535839e-02
1.806244391756372067e+02 5.690845666580158877e+02 -3.715324000848899068e-04 -5.855788988254620941e-04
8.091989741499004367e+02 3.420318329663214172e+02 -3.659284779586794989e-01 1.916349555984429576e-01
7.948374103206632526e+02 9.551841204513607408e+02 -6.905853839865461197e-01 3.368322280777820699e-01
6.624176508420603113e+02 4.336304214767342273e+02 7.759707205416237485e-01 1.337077203238646039e-01
2.615085412135448450e+02 3.351242431391353875e+02 4.111825677818112951e-02 9.772230617022502341e-02
2.138197629145170993e+02 7.137497121372101674e+02 -1.160460929402335134e-03 -1.459129303126890584e-02
3.072047374127969874e+02 4.933738168364778289e+02 -3.830701336179744843e-01 -1.068314537892001426e-01
1.036543968179496233e+03 1.925039875928864603e+02 1.423531503725357708e-02 -9.956383717012174533e-03
1.268721266828746138e+03 3.367310017461314828e+02 -5.259351947183904009e-03 3.676009954534551274e-03
5.474474789072615977e+02 1.008406075271397981e+03 4.409135882902888715e-01 -2.408785357224914048e-01
1.174229477179523883e+03 1.963703951052381171e+02 4.947615449987997904e-02 4.774707173433427772e-03
7.256928298494642604e+02 3.876021418725418926e+02 -5.089230470861679789e-01 1.653806416589508332e-01
2.236942703530982328e+02 6.580254777007278335e+02 -1.841626153731844599e-03 1.869166239365056652e-03
9.162115630430372448e+02 8.853617775082059325e+02 -6.572906827206133062e-01 2.474823165334591735e-01
6.436687409481870645e+02 9.600063265405042330e+02 4.497024362445263268e-01 -2.017505264834214551e-01
9.635774885669878813e+02 8.597250324691050309e+02 -4.372639834820536420e-01 4.582149003710666579e-01
2.695554898941904298e+02 4.763308047801580187e+02 -1.673307929131410618e-02 -2.463525677148700188e-01
9.201391947090481835e+02 2.759339358932294886e+02 -3.329605786608611506e-01 4.430846394331364180e-01
1.165021076583428567e+03 3.543122320061952450e+02 2.621417763253198617e-04 -3.106189174774114450e-02
2.673847398138681797e+02 5.748123352329128011e+02 -2.768643368675960739e-03 -3.460575271113760371e-03
6.286623115201248311e+02 4.425990285357475500e+02 5.478877109915726296e-01 9.806541132088050783e-02
2.852473330073859188e+02 6.271098085293732538e+02 -2.269434688752660235e-03 -1.983718070844831677e-02
2.616647321522558514e+02 7.066779902409499527e+02 -6.759168394848579474e-03 -1.540701369653318248e-02
2.510883803095117344e+02 5.951793286683490578e+02 9.170389737400256886e-04 -1.265555117000904646e-03
1.073817753736113445e+03 1.776029695326153899e+02 1.562137643750337659e-02 1.881451435915658041e-02
1.078934990404257860e+03 1.652718809200580949e+02 2.494364202754137394e-02 7.183159538038020112e-03
1.053837842782434564e+03 1.821383439145272689e+02 5.994306937599062218e-02 -9.778327625328681050e-03
1.073257519852966198e+03 3.224011054427322733e+02 5.415047962827938127e-03 -2.953227972733936391e-02
1.165283505494428482e+03 3.481922227756621169e+02 -2.213031498092394873e-03 6.879943879921079052e-03
4.610084101179078289e+02 4.791678064778933503e+02 6.141455297228336496e-01 1.286390209983525462e-02
2.061461888016441151e+02 5.470605410764439966e+02 1.815037190381260379e-01 1.027162203841841120e-01
2.999132607850503973e+02 5.484521175931042762e+02 -9.865156064026027027e-04 8.087093696074156707e-03
2.804943123220610346e+02 6.459070455464226370e+02 -6.314079340591608955e-03 -6.438167026456963638e-04
1.197909458861128769e+03 2.527113688370112357e+02 -1.274024831902288990e-01 1.807465507631385304e-01
2.450453922842236807e+02 5.808240455890656904e+02 -8.946339555081121242e-04 1.319060358629922311e-02
9.842455237719002525e+02 8.553712343143107546e+02 -3.337466900377039081e-01 5.134159375043088058e-01
1.198196974026343696e+03 2.461711671832300112e+02 -6.872004504020428825e-03 6.722222598099987859e-03
1.036976273926658678e+03 1.598936631782330835e+02 4.446753853169929660e-02 1.456361032895452622e-03
9.085726134579147129e+02 8.569673258546922625e+02 6.490716730267732659e-01 -2.563771182311272434e-01
2.573348574954582091e+02 3.278514523563778198e+02 1.737668139932510916e-02 9.854024886295904839e-02
2.744905425902734919e+02 5.841445351017923713e+02 3.185588721915490543e-03 6.218275258819099503e-03
2.462674128429218001e+02 3.158135935342339167e+02 -3.823717018684703439e-03 -5.980768722394380621e-02
7.778660925902566987e+02 9.468818097781147571e+02 4.872376806108064673e-01 -2.729828794179969820e-01
6.756433658914609168e+02 4.100297197626182992e+02 -5.234140154024945479e-01 1.808569322667506196e-01
2.409359496928930753e+02 3.179686059987127464e+02 2.795275970081344957e-02 1.336149920421357724e-02
1.073377831084559375e+03 2.565712608031869877e+02 -3.932757405114034044e-01 -7.947163188865287442e-02
4.706766399203652327e+02 4.625279171081386949e+02 5.603220961800308153e-01 -4.637565062783848002e-02
7.300991087804379731e+02 3.998592396884070013e+02 -4.940674251313294518e-01 1.695296498007116959e-01
1.205621744809688835e+03 3.200044489555080531e+02 1.525931162284315523e-01 1.936879629257905189e-02
9.302211950147557218e+02 8.819420128952172035e+02 -5.954654504272626214e-01 1.953313733678090913e-01
2.004097712879637925e+02 5.325994230879484803e+02 2.029427455863483110e-01 1.025755620941330715e-01
1.023918661020026548e+03 2.113470282580463220e+02 -2.975340976486762767e-01 -2.341103800535669910e-01
1.136099399219032193e+03 2.259459374559054936e+02 -1.071574857669114816e-04 1.124257712445731437e-02
1.133410526541359104e+03 3.281632543302002318e+02 -6.501564779239175397e-03 7.825641196495949914e-02
7.801509858438183755e+02 9.269467364934989746e+02 6.182677399713325528e-01 -2.591178066009147685e-01
8.247652813239197940e+02 1.102211520006608225e+03 -1.367034099578830035e-03 -3.885894938397685600e-04
2.546329245358737978e+02 4.988106812171902789e+02 -5.834719824986673090e-03 -2.775061066701072984e-02
1.044912552163430064e+03 1.572361156020595558e+02 7.197010495872854276e-03 -7.205521560738046595e-03
1.294669948725292443e+03 3.532003527105804324e+02 -1.495205293804021882e-02 -2.067958422665949064e-02
2.491309040975421851e+02 4.991118761047661110e+02 -8.808850630875704121e-03 -1.381222018938664878e-02
1.162374156706461463e+03 3.457184965422894152e+02 1.824594501199093902e-02 1.074713080356221907e-02
9.153975068217043827e+02 3.778503208882294189e+02 7.186341715442207123e-01 -1.716073708890303862e-01
1.140727358043450522e+03 3.390351035154995998e+02 -2.865244537799911239e-03 6.880523992000271358e-03
2.154831708417083860e+02 7.306204216499899076e+02 -4.642029977260211764e-03 1.315940375511807751e-02
2.852643113728273647e+02 5.734954422494383834e+02 -6.593280290491459854e-03 -6.746268691088489963e-03
9.953399892262187905e+02 8.372064652312956241e+02 -3.630507776432613243e-01 4.793032703954116514e-01
1.216277641291345617e+03 2.261915875470342883e+02 -3.647641114550631558e-02 3.181839789139042501e-02
1.116673377019383224e+03 2.364273539697404658e+02 7.608656282635514745e-02 4.535497792593394528e-02
1.170063414938945471e+03 1.496121894780178252e+02 4.945142506558834056e-02 6.271993552537302383e-03
1.262767867249041728e+03 3.634833044694991031e+02 -2.328543459628748882e-03 -1.373494712744883529e-02
6.673383628153029576e+02 4.061684499965735426e+02 -4.119096751880267915e-01 2.219960975513883272e-01
1.066668043196256804e+03 2.611973712714415115e+02 2.412190247178292446e-01 8.039677429119866658e-02
1.183424858469467154e+03 1.660277543658595789e+02 -2.795401623794388415e-03 1.138854430538492266e-02
5.849305819046496708e+02 1.031827145519770738e+03 4.991817867166439826e-01 -2.207376372878836202e-01
1.179776978456169672e+03 2.147529050308821468e+02 -4.704639472183456267e-02 -1.075491875261734426e-01
2.027597418990446840e+02 5.508669824092354474e+02 2.289509911100619521e-01 1.485876256625186520e-01
1.175916525310786483e+03 3.461748608531640343e+02 -1.633524630214611140e-02 7.678395353640427023e-03
6.033515934942689682e+02 9.788105491859253107e+02 4.222697803507114989e-01 -2.292605542418209297e-01
2.716359521906782675e+02 6.718037161763189715e+02 7.451547815222592762e-04 -8.893852684976910096e-04
2.917338223233938947e+02 5.064765950622364699e+02 1.135436750871464222e-02 -4.839847250692211333e-03
9.179884287638777778e+02 1.102678847950441423e+03 -1.327070984196928672e-03 5.964101206331232996e-04
8.317313104755088489e+02 3.230063492914671315e+02 -2.283427468516170955e-01 2.028962018238622822e-01
1.052447545922703284e+03 2.634761298622108256e+02 2.662547449341794992e-01 1.981470335609785971e-01
1.135024478629822397e+03 3.573548445592438725e+02 6.677184808846631237e-03 1.019210841711709267e-02
1.184752572522087803e+03 3.889494742032355816e+02 -2.528974580278679080e-03 1.206069206117119097e-02
2.064908446658069181e+02 6.346336657497957958e+02 -2.249678681785523826e-01 3.265699393868762845e-01
2.365047399322895956e+02 3.287441980302527895e+02 3.743089446248296787e-02 1.049976236435498367e-01
9.381748828358041692e+02 2.400390126262643378e+02 -1.807922708191490035e-01 3.358670149325833632e-01
1.129329829966184889e+03 3.229050226792557510e+02 5.620140648389309462e-02 6.155207214273485106e-02
1.185913022995542178e+03 3.753927526121991036e+02 3.761172685869838828e-02 -2.813479709171849349e-02
2.488907204732641674e+02 3.205934088364484182e+02 3.461983822983577541e-02 9.251247123640692072e-02
1.984546855467723390e+02 5.386955608327488108e+02 1.997627905453107366e-01 1.238526983460256914e-01
2.310756389620992763e+02 3.428002661075618107e+02 -1.332925076764463479e-01 -4.704681352221284918e-01
2.310302861808850707e+02 7.401097749952670029e+02 2.345903306047209154e-03 2.157185811485066908e-03
4.913018459001243627e+02 1.036068655505710240e+03 5.311251446220104366e-01 -2.949697573384952309e-01
2.389709338613255625e+02 6.367785625599353807e+02 -1.400409767136757619e-02 -6.536530506934360406e-03
8.665441116953413712e+02 3.342894309939382538e+02 -3.306978535260209351e-01 1.232973959321248258e-01
7.331052331957830575e+02 3.581090640399306153e+02 -4.909440232265638859e-01 1.856241531867209582e-01
1.241164559187230907e+03 3.653835503733009773e+02 3.610680584370579930e-03 -1.896407357319861760e-03
3.640105774965907699e+02 1.067053323206818277e+03 -3.558297168338026006e-01 1.226082966029817950e-01
8.811212857669584082e+02 2.779367746944700457e+02 -2.757067899247685472e-01 4.636044322119285965e-01
2.344221451368520945e+02 3.380157869041740355e+02 -1.155901209010394143e-01 -4.453113622721519560e-01
2.699195122004881569e+02 6.568322123263859567e+02 5.581002227307244046e-03 5.321460945808239099e-03
2.505615266627643791e+02 6.990644697744925224e+02 3.841976418312519157e-03 4.771851794782720237e-03
9.423073634412327237e+02 8.958262818447987001e+02 -5.623863362767497209e-01 2.354549505921343100e-01
6.295194963433817748e+02 4.498418175127314385e+02 5.517275085542009405e-01 8.799962443704586676e-03
8.895354883648757323e+02 2.769712976683522356e+02 -2.306338113104571264e-01 4.681955455091655893e-01
1.142255972676790179e+03 1.895669345734264652e+02 2.959789855137864596e-03 -2.590921860966282578e-03
1.273878659954338900e+03 3.113259584079312958e+02 4.062501153797000442e-02 -2.304182021821766721e-02
7.747937760838163967e+02 3.835967366860830907e+02 -3.913440295394899904e-01 1.181054971432911188e-01
1.099565545965494493e+03 2.499154481300611792e+02 -3.498944181385265501e-02 5.972321552120193194e-02
2.760043216724721447e+02 5.564466436388346438e+02 1.985028653851795069e-02 3.382915895539585771e-02
1.102870885497828567e+03 1.948393813734536479e+02 3.555546068033697132e-02 -4.724164144255607600e-02
1.235320471033103559e+03 2.907564794292254646e+02 -2.305715708782579698e-02 -2.393067533966985322e-02
9.154432634115363498e+02 8.717737203536187280e+02 6.671339633238034805e-01 -2.955740495689618830e-01
3.621157921525208394e+02 5.030768336555901215e+02 -4.034905179320462110e-01 7.010361180532481695e-02
1.046388653771878353e+03 3.240909515411733537e+02 3.492223247266943997e-01 -1.546996331468560582e-01
2.338805140440560137e+02 7.208793026168930282e+02 -6.214521230043095227e-04 9.470143111038490996e-04
2.489328705663755557e+02 6.813690510852527495e+02 -1.149304806632742018e-03 1.772138638485368668e-03
3.385375259449750160e+02 4.831807187007100879e+02 -4.179335356705243809e-01 -3.971412877351859078e-02
1.166394674368349570e+03 2.387176724866396285e+02 -3.174144024234181339e-03 -3.483922703961212213e-03
2.813156912263257254e+02 4.353336905809644577e+02 1.951572610950659883e-02 -1.314606889921059001e-02
2.000718601455272960e+02 6.227971161102748283e+02 -2.511965100251960514e-01 3.514007806136721923e-01
2.631493934958025420e+02 3.946391764278943128e+02 -9.658087490706884076e-03 9.205691104256906454e-02
3.698709449487433858e+02 1.064644592770776853e+03 -3.236466415420201082e-01 1.590334850172488990e-01
2.396227441920890158e+02 7.331422618402015132e+02 -6.042527650778862884e-03 1.049168663029948802e-02
6.674670682552647349e+02 4.134789391298181158e+02 -5.813838427428551503e-01 1.087830637225861846e-01
1.111878525245597757e+03 2.149144860637711361e+02 1.008818638234236509e-02 -7.165264105741426214e-03
1.207345780658575904e+03 2.161034664587818384e+02 -2.924823951310251066e-03 -4.535354781631388316e-04
2.272655805489598606e+02 7.304198657108386215e+02 -3.763265614905171065e-03 -1.303140996264803494e-02
4.975658480963959391e+02 1.043724055849838805e+03 5.506566111577817502e-01 -2.794914151809100300e-01
1.072774823060143717e+03 1.582507139057277925e+02 5.235196871597797008e-02 -1.251801184439894354e-01
3.140477229784686415e+02 5.757963943466797900e+02 4.745189945214009844e-03 -1.439495466003097709e-03
2.525964531414805094e+02 3.128614910869893038e+02 2.616080643928154689e-02 9.925290353376821362e-02
1.177202612775801072e+03 1.864863180504693787e+02 7.542414535964330966e-03 -5.703775518748889668e-03
9.445589540319812727e+01 3.639077155702743767e+02 -1.512999426721542140e-01 -2.024661082737820583e-01
7.033490503409542498e+02 3.849181217972868012e+02 -5.482963860713999660e-01 1.746517967726560483e-01
1.078720583354565179e+03 3.119042679164647893e+02 2.144792004814647171e-02 -2.669220899395548935e-02
1.170133105906701303e+03 2.601648940151133047e+02 -7.463946005994483504e-03 2.573922826302756008e-03
7.621228152242002807e+02 9.706588476196895954e+02 -6.957714239260703870e-01 3.164028179874319724e-01
1.156740217083756988e+03 3.656503829109874459e+02 -2.965184033290834114e-03 2.760950768552082948e-02
1.145535274057215474e+03 2.060288485157311698e+02 -8.015010948209841390e-02 8.692202200260923384e-02
1.222704254627927867e+03 3.629819750681999153e+02 -1.316100699868416428e-02 2.882043871142453027e-04
1.209817511825188603e+03 2.826485392753357928e+02 2.112367330359669546e-02 -4.405223716908422682e-02
2.507258900039820446e+02 7.094508368544285304e+02 1.532419295360211041e-04 -6.667144553281140803e-04
8.872436291446696259e+02 3.834720415429654281e+02 7.130839614814551419e-01 -2.135069700704446960e-01
1.042600582917395514e+03 2.005988203161205092e+02 1.072860283751300714e-02 -1.629729434896681067e-02
1.097446210399789379e+03 1.974595917104868192e+02 1.906838838108387488e-02 2.306244646408933804e-04
1.086378955535932391e+03 3.397202436490877062e+02 -1.402720213837881742e-03 3.532367319898599162e-03
1.221406351370289940e+03 3.365424650054330868e+02 -4.909974968028685272e-02 9.060959518950539859e-02
2.190193096639792145e+02 6.633295928244933748e+02 2.016764652034317221e-02 1.322526788507419337e-02
7.532001401440237487e+02 8.451578174145161029e+02 6.059602558027540930e-04 -1.449453285003713028e-04
2.742109067521489578e+02 4.274064815483939128e+02 -1.789549450585140901e-03 3.308578492681023275e-02
7.559071529328948600e+02 3.855253126253497840e+02 -4.490620417468596526e-01 1.903669677762057089e-01
8.156324458861076891e+02 9.042990828261089291e+02 5.515842815226562612e-01 -2.866965648743583506e-01
5.887373157868388489e+02 1.038412933108153538e+03 4.985269918544764645e-01 -2.081358210721326596e-01
9.819443383987326115e+02 1.841261577481816687e+02 -4.063283963164236734e-02 -1.879576559040648312e-02
1.161475518723764708e+03 2.530242955428401785e+02 -6.680291937306206962e-02 -1.057646442280591424e-02
2.615359367694189245e+02 3.699072862816985889e+02 5.448337038681153738e-02 1.478605274675810766e-01
1.128880501217330675e+03 2.999309374359027629e+02 1.966673218381640720e-01 1.282354010856932847e-01
1.904097282811085847e+02 5.116713147481808051e+02 -3.655412425151228772e-01 -3.308081775972167016e-01
1.151586065923261003e+03 2.229403699328383084e+02 -8.181861145826047066e-02 4.179684903969209733e-03
1.147680967407856315e+03 3.695976469026908262e+02 8.016577899522894096e-03 1.081372891313618981e-02
6.868321139140839477e+02 9.986995643033478700e+02 4.628045740628565219e-01 -2.191015919933304301e-01
1.176864006590872577e+03 2.499886530800219759e+02 6.920950152235572604e-03 -9.340635754474623312e-03
2.547360649085745479e+02 6.715462143676859341e+02 -4.805908216830589736e-04 1.631054127521750288e-02
9.662051895050457233e+02 2.404196866306795357e+02 -3.146745272083287803e-01 3.797768504184336202e-01
2.618724991624392260e+02 4.831932101276853473e+02 1.831242566032192237e-02 -1.289821056810717681e-01
2.585145038746305772e+02 5.016114144886200847e+02 5.526766983632259989e-02 -8.465545362175906641e-02
1.182395983341802321e+03 2.551979335336633312e+02 -3.257725974662666751e-02 -2.663048074729395392e-02
1.088186926691923190e+03 3.321697712012136208e+02 -5.951650698332039418e-05 -6.484246339447630961e-04
1.121757842843004255e+03 3.755232984238660947e+02 6.464289356747012806e-03 9.179003887368815395e-03
3.123615097346258267e+02 5.587675326118622934e+02 1.338973941634419851e-01 -1.052610496596215715e-02
9.934594112598907714e+02 8.639594175478815714e+02 -4.877118206776886455e-01 1.813200946486268894e-01
2.829210706208949659e+02 4.656824273524310911e+02 -9.627126673591655803e-02 -1.225244924392181051e-01
1.078440584198252282e+03 2.452995947092239248e+02 -3.135558359312545784e-01 -1.175114409770713769e-01
1.236049269297358251e+03 2.970884633642446602e+02 -2.725389050089805851e-02 -5.637892350234655070e-02
1.266745386376614078e+03 2.598750924108087474e+02 -1.052631162057049603e-02 1.144964674459472871e-02
2.719145131459684990e+02 6.131621462519103716e+02 9.504601192741300025e-03 4.646026081206968382e-03
5.738355079036365396e+02 9.942502393196821231e+02 4.626829856206245983e-01 -2.280999410275011685e-01
6.505918424746118944e+02 4.083379260303813112e+02 -6.385055294113427538e-01 1.324446024623746332e-01
2.166892531597947027e+02 7.211364002461208429e+02 4.279448671027385499e-03 -7.584313794511514384e-04
2.574626209231836356e+02 4.134061355659819696e+02 1.660748267805121567e-02 9.737963845781910655e-02
1.048963610570941682e+03 1.606615169948727839e+02 2.050920985602310356e-02 -1.359277242491795969e-02
1.064303692111677947e+03 1.983255476276255251e+02 -2.858854492290960683e-03 1.426580684352557818e-02
1.099629083704894811e+03 2.181799195068841755e+02 2.095433237235567320e-02 3.345153330353425880e-02
1.205931577371095727e+03 2.060897833938878989e+02 8.797526382457560370e-03 1.124148202446528279e-02
2.052234727354186248e+02 5.714318243397412971e+02 2.863038016571957667e-01 5.644062451222336269e-02
2.568275277022684691e+02 6.052684433657749423e+02 -2.016473151079278391e-03 -4.341015956285472835e-03
2.828276567173097646e+02 5.109040775795076001e+02 1.047824193937408818e-02 1.908595021960251825e-01
7.825710858925685898e+02 3.402190965724835792e+02 -4.346383356794815689e-01 2.673108085261873268e-01
1.144402851759440637e+03 3.021877625104440312e+02 3.572140753977435246e-01 2.355435494631502591e-01
1.854845426461616000e+02 5.309818659189260188e+02 2.440544892812099020e-01 2.470735385424935038e-01
8.211585266453186023e+02 3.738919622177812698e+02 -4.065155790637386413e-01 1.605216828638489357e-01
1.187527234936602781e+03 1.811378872107421500e+02 -1.700245873149866180e-02 2.886041730867661831e-02
2.841179072860402925e+02 6.714175730285170403e+02 4.435466088345452369e-03 4.171164331457457609e-03
1.055676932921727939e+03 1.785158988229954673e+02 8.560496961414254535e-02 4.485645675384352521e-02
1.193095593358565566e+03 3.745263304170505876e+02 1.293204619720641005e-02 -2.425767921834737217e-02
2.488235983907612194e+02 7.592631781132496371e+02 3.122817827577893321e-03 -6.740383751197315254e-03
7.124889026835728600e+02 3.728558708022611654e+02 -4.648927350148907567e-01 1.735643871170531038e-01
6.333057646875611226e+02 4.279025643836040445e+02 7.644927539600715471e-01 1.179159893146174282e-01
7.440472655942941174e+02 3.699639235517847169e+02 -4.606302413684398855e-01 2.121170143173909672e-01
1.144901246085006278e+03 3.170807637619237767e+02 2.851195326330426688e-02 6.886893855061325398e-02
1.758163303826549679e+02 5.298893322805993193e+02 2.470295468332315836e-01 2.485450977571028175e-01
9.339905722386716889e+02 2.337024193048184486e+02 -1.992818837887515293e-01 3.528886906788915589e-01
1.773106995343621861e+02 5.363535272020990305e+02 2.576919108452797591e-01 2.353840132198193047e-01
2.276436495361317611e+02 6.721559510630504519e+02 6.979298139504460166e-03 -1.002647606527252815e-02
9.976030369169128562e+02 8.675273203221250924e+02 -4.955090224475216520e-01 1.805497883571744455e-01
1.039477031394229698e+03 1.716025393707692217e+02 -4.343764872277064773e-03 -1.502088820657100296e-02
1.213649024137703009e+03 3.223771308978807042e+02 1.145258957799859950e-01 3.394411331890359595e-02
1.963222778988660480e+02 5.127206234583110245e+02 -3.374768748209356906e-01 -2.802506005717692039e-01
2.459895090577414294e+02 7.008911948454532421e+02 1.259392356166643507e-03 -5.438626071844566111e-03
1.175158514912233613e+03 2.086555134762184878e+02 -2.789342031188551518e-03 1.580004164090675553e-02
1.201520470380062989e+03 2.253641911967066278e+02 9.459958635617193509e-03 -3.951752505584308489e-02
2.509874907780497324e+02 3.352578264400744388e+02 2.527418652312795819e-03 1.397249554220888201e-01
9.991673877858589776e+02 2.128495010773477816e+02 3.224160580209334964e-02 3.678785316104001835e-01
1.015876196544782147e+03 1.870397069996418224e+02 -1.407970694437590473e-02 1.424354829619667029e-01
2.487061560036507899e+02 5.271101290669428181e+02 6.385578515492021379e-02 -5.351773011327870533e-02
9.429636602038013962e+02 2.433079388356786126e+02 -2.409415882546889209e-01 4.074192218017871903e-01
1.180882335145767684e+03 2.208854443048709015e+02 -5.428323703467687750e-02 1.860911012814745174e-03
2.196535772153293351e+02 7.068052610772626849e+02 2.659247052660324885e-03 2.167311092225330561e-03
3.018642381874221314e+02 5.818537429982526419e+02 2.641842162314324022e-03 4.993719519027105778e-03
2.542152640931816450e+02 3.032957536527213165e+02 1.193802090414671120e-02 1.473941782154306324e-01
6.275840030651830830e+02 4.332877213082462617e+02 7.547984063523364151e-01 -1.419797576349435542e-01
2.410604127699263302e+02 3.032635731303896023e+02 1.624946784655669288e-02 1.014959282273254076e-01
1.140671680575722576e+03 2.900533813317450722e+02 4.228756236146583025e-01 1.821446910280665188e-01
7.621623972619986489e+02 3.913158269510437322e+02 -4.180526428824645757e-01 1.046395784152788083e-01
1.096166140203656369e+03 2.410237796924884606e+02 -1.069299533566870908e-01 2.589270497130253257e-01
2.410000481245223227e+02 6.811403885254173929e+02 7.849281919204871560e-04 -1.897091385936475107e-03
1.074710759363227453e+03 2.393992552553567918e+02 3.755086642155616369e-03 -1.892569199867747982e-03
3.665890240161447196e+02 5.504581366896429699e+02 3.176751163100696718e-01 -1.777972893328004234e-01
1.142199996128242219e+03 2.412065759979650181e+02 6.425140303867064862e-02 -5.319844676841460271e-03
7.578283551110889675e+02 3.696449221739149493e+02 -4.410736057142883304e-01 1.271426069594279451e-01
5.964832553665469277e+02 4.150609137877105468e+02 -6.263468491055952381e-01 1.011766124111417309e-01
1.126744382252896230e+03 1.596928958831866794e+02 -5.506889581722071436e-02 5.330948444755462257e-02
2.329304200315958440e+02 3.089596080682763954e+02 4.064400556797686213e-03 1.463335429892090866e-01
1.112145497967439269e+03 2.830726825331118448e+02 2.904588400799278936e-01 1.750142903642724068e-01
7.911385617547421134e+02 3.954910274240652939e+02 -4.197430367460094902e-01 5.509578787356619184e-02
1.124770515380145298e+03 1.452299890064510919e+02 5.483437608894169753e-04 -2.243860164891501099e-02
2.563194244050287125e+02 4.300394202837683792e+02 -1.294009146512663244e-01 -2.927047896380085557e-01
1.172619850029321924e+03 3.451721011836529556e+02 1.212176702475148068e-02 3.154900788483374491e-02
2.605145494468434890e+02 4.047177472447032187e+02 3.007937408505434798e-03 2.567562615458859887e-01
1.326887896930299121e+03 3.263989719631117623e+02 3.834012170040395073e-01 6.240369656284325273e-02
1.250507738873571043e+03 3.582991062500256021e+02 -7.199763965587354514e-03 2.301338049468572289e-02
2.423734807312547161e+02 3.366826923982185917e+02 3.075548940815855947e-02 1.030907238552059152e-01
7.601524401458548255e+02 9.107346669275608519e+02 5.560135713769548405e-01 -2.361200651708648679e-01
5.286999528660022634e+02 1.065172940432060841e+03 5.640684366131656358e-01 -2.653139682632708052e-01
1.177220196379811341e+03 1.756229732240418286e+02 3.937214889204072323e-04 3.971453638591878818e-03
1.147091257575724967e+03 3.287665218464758254e+02 -1.015893951187824169e-03 3.058083202694712645e-03
1.207684688460954703e+03 2.217813508704784624e+02 6.340440064674778692e-03 -1.307790734210699350e-02
1.183484726227022293e+03 3.639766797724382172e+02 -5.169152550634673049e-03 -7.449725130802652487e-03
5.121381316271196056e+02 1.098374005050605092e+03 -1.336098077516647067e-02 -2.238051278669616478e-02
2.462026463492517223e+02 3.438852205920961183e+02 3.154496993609214733e-02 6.750981119965235311e-02
1.047272891859454603e+03 3.299057982667176248e+02 3.411812043103837899e-01 -1.602094847646285680e-01
2.453480255127485350e+02 6.074650052823026272e+02 4.017879494153818367e-04 5.732777416983031102e-03
1.045770032812828958e+03 3.101337742578736538e+02 6.914407184218802904e-02 4.724540025252321751e-02
9.589197163997903317e+02 2.488066014369391041e+02 -3.505187491458954252e-01 5.101988089497817569e-01
1.073404584608022560e+03 1.961619247921496481e+02 3.251828350304851456e-02 -7.661476099409239571e-02
1.248766598414618329e+03 3.525658802809682015e+02 -5.366916638718741833e-02 2.856636589059732487e-02
5.718999019446343937e+02 1.006944743918549420e+03 4.795708343446962729e-01 -2.401661321403611160e-01
2.418583232791275179e+02 6.785056244440679620e+02 -1.930744180733938746e-03 2.063887576451861432e-03
8.656917434201783124e+01 3.560794095337641920e+02 -1.035587363675044646e-03 -4.216874775531697511e-02
3.135336864210796080e+02 6.276004107660294267e+02 -5.026862227254875939e-04 -8.271433494054130416e-04
2.612524993060999350e+02 6.725220497113275542e+02 3.701340540724323402e-03 -3.073654768358706404e-03
6.883097849663023453e+02 9.845155739642915478e+02 4.245267289309909708e-01 -2.346338186645301471e-01
1.162834083502335943e+03 1.933095624446605143e+02 6.908391121450156713e-02 -2.579956138299128662e-02
2.693045469668404621e+02 5.221950656719858443e+02 -1.075628780398937556e-01 2.096371364811799587e-01
2.825437283954948384e+02 4.207369905168052355e+02 -1.684488544867104387e-03 4.187464883826524237e-02
1.152091944327112287e+03 2.406630993887984857e+02 1.406433801243270158e-02 -5.497173558773138600e-04
2.532145517064153353e+02 5.575382859921452336e+02 -1.476286528119387462e-03 8.211193339698136251e-03
1.247383300903242116e+03 3.168749266011806753e+02 1.955854084412086136e-01 7.185987989256048536e-02
2.571300226415638690e+02 5.129959938595399080e+02 7.098080667734710247e-02 -1.342936282523647940e-01
7.710707809217614113e+02 9.382348100107209348e+02 4.872665338307977101e-01 -2.746333612313875405e-01
6.709601883049452908e+02 1.002242749441726687e+03 4.551175722875936414e-01 -2.650900465950993823e-01
5.543138626925451717e+02 4.102688725990929015e+02 -6.301338495754825741e-01 1.684380605935042741e-01
7.432476688378828840e+02 3.925660204978350976e+02 -4.364801538081349852e-01 1.887073879516167063e-01
1.153178176656511596e+03 3.367782143476185297e+02 -5.923144328548044435e-04 1.547444202904073828e-02
2.931444650490440722e+02 6.120591583394648296e+02 -1.985548102145748197e-03 9.059610762109359403e-04
8.387973647457439483e+02 3.644518742187381122e+02 -3.255369922662537663e-01 1.770202877524283402e-01
1.090696810382187323e+03 1.825350624549016629e+02 2.321874373669670089e-01 1.206714168944911375e-01
1.273867415867665613e+03 3.131009146870095492e+02 -3.119849898800329362e-03 2.893478666721295209e-02
1.226271052935724128e+03 3.583358174861534735e+02 2.585159812904590584e-02 1.227638073141898260e-02
8.021483737426929110e+02 8.917989157005760035e+02 5.790960025601733507e-01 -3.434048112174425960e-01
7.605446850998930586e+02 3.875908025856448944e+02 -4.130625582186559508e-01 1.213019563458664074e-01
1.124175242351776433e+03 1.789615524988940365e+02 3.177820273861840794e-03 7.108526119072461520e-03
1.026856667067620037e+03 2.224047278271028460e+02 -3.745655083053876511e-01 -2.172681225606835353e-01
5.798770721202204186e+02 4.183093285916393711e+02 -7.078021940588128391e-01 9.450720266027262673e-02
1.190337906989205749e+03 2.249332707881827105e+02 6.130735709305891457e-02 -1.982951644084823134e-02
2.716138866422664933e+02 4.986016378533936972e+02 -4.951550460070951870e-02 -1.293174209159666799e-01
2.779083824871951833e+02 5.271491829692602096e+02 -1.540993721064793098e-01 3.511912290413885668e-02
1.141304817732992205e+03 3.024553261862807858e+02 2.424544350942048065e-01 2.293434104582889044e-01
1.170929557422193739e+03 3.775032508632338022e+02 1.045717647073239435e-03 1.365190328198783928e-02
1.238802735376933242e+03 3.071596051778502101e+02 -5.392787032949823006e-02 -1.577027455820507185e-01
2.406274642384576339e+02 5.253584638606694170e+02 -7.372099218174200941e-02 1.710672881634558301e-02
2.006424392999722954e+02 7.098566482838631373e+02 7.152899150280216979e-04 -9.051373724831312736e-03
1.247062591648329544e+03 2.872064887672531199e+02 1.201631049838863124e-02 -5.942810267745327404e-03
1.129035158857135002e+03 2.459561595040568136e+02 1.187853943395869721e-01 9.389013166078208350e-02
1.150534986916097296e+03 2.709207440669582638e+02 3.939788349179881161e-02 1.628738891655123061e-02
3.046201826040361311e+02 5.377465878836450202e+02 -4.691134718010264021e-02 -6.642691673634521909e-04
2.726751398961363293e+02 7.168743724907554906e+02 2.914944132003270683e-02 -3.539449812981387139e-02
2.365779645250740941e+02 5.658402489732035292e+02 -3.421908087689807809e-01 4.440898093490133758e-01
1.117632580884651816e+03 1.466307404089780562e+02 8.063663972178858330e-02 -4.054137198277274479e-02
1.026595294469607325e+03 8.545387058396260045e+02 -5.017480188937987196e-01 2.259191782495935386e-01
7.264039063763253807e+02 3.752258106651361231e+02 -5.801795779327545421e-01 3.376673462572057360e-01
1.137581512619323348e+03 3.214220174655019377e+02 -4.091093098383844114e-03 -3.824991064437181960e-03
1.128763246317766516e+03 2.217783074173428588e+02 -1.336896630429880949e-04 4.887611390887108137e-02
7.155016182028816729e+02 3.901925418487568322e+02 -4.549810012608834220e-01 2.431171975157350451e-01
1.084942283291869899e+03 2.033582067832191740e+02 -2.688232326461035757e-02 2.955996396450675037e-02
1.147200967941717181e+03 1.959707144426187426e+02 3.524766464316168336e-03 1.014541830346017519e-02
1.210209800447236603e+03 2.510880409375313604e+02 -2.121072571978138786e-03 4.127446180857188493e-03
7.897551577457589929e+02 3.751572999813123488e+02 -4.254557288691769856e-01 1.411529579939573009e-01
6.304192349502523030e+02 6.140155142641633574e+02 -1.429741050655170431e+00 -7.632916008698885368e-02
9.809482136597887347e+01 4.011040172141977109e+02 -3.429496609805829932e-01 -2.387962035683484363e-01
1.093898013063399048e+03 1.587273424439649716e+02 -1.588252297894289788e-01 -6.551974577446628700e-02
1.075762371496542301e+03 2.200508881917106407e+02 -1.067391944072701264e-02 -2.324864836609438767e-02
1.190202779685884252e+03 1.796811238222730083e+02 1.188234468397265237e-03 -7.169603816080125092e-02
1.024860156593741976e+03 8.632328325057334268e+02 -4.976633846148296181e-01 2.385753655515305272e-01
2.659503996607979275e+02 3.623300055411371545e+02 2.673166512188687727e-02 1.612877801719558857e-01
1.039717519370751461e+03 8.337809633050557068e+02 -3.783144260250743129e-01 1.644106279757763245e-01
1.007129357119513202e+03 1.984427139607095114e+02 3.078204784044614173e-01 -4.030782008292527890e-02
1.083476904089998925e+03 2.192680708660698201e+02 -3.054179611281206477e-02 2.804877811594848683e-02
1.128469643547729902e+03 2.386032990692694398e+02 1.221312973870648660e-01 -1.059145375277905365e-01
1.079243412887303975e+03 1.822405139027432881e+02 7.267491859179377178e-02 -1.360597902473320298e-01
1.153601029416054871e+03 3.571636685808668972e+02 -1.112488429521791694e-01 1.317448322379450587e-01
2.421215158656671349e+02 6.564195285785602891e+02 1.415018536056817028e-04 -6.005764148001261661e-03
8.209088864616086312e+02 3.276021802593890584e+02 -3.140295564723253330e-01 1.731505826499679102e-01
2.546088032172945645e+02 3.813420943019938818e+02 -4.538020831095977876e-03 1.708773582772087629e-01
1.109624789551878393e+03 3.219605836270808368e+02 -4.178052825898593246e-03 -6.529315251966774647e-03
2.562299385917844461e+02 7.141771653414740513e+02 4.818172719263102977e-04 -5.843136262711823292e-03
2.523737728416806192e+02 2.961001879700953054e+02 -1.152501196427707165e-04 1.431902714687725842e-01
1.135747209541590337e+03 3.107030962894079948e+02 2.445752682876539685e-01 2.853973612120112024e-01
1.225802138264599762e+03 3.493807919888209312e+02 -2.442600847899080441e-02 9.317398965717552106e-03
4.053187015387174483e+02 1.085019242513379368e+03 4.979190143619409703e-01 -2.408489522046931564e-01
7.950632694747699816e+02 4.051733893565125300e+02 -4.513091835245749417e-01 2.423354642081493038e-01
2.898567905145820305e+02 6.290089708989128212e+02 -9.880359119230500489e-03 -4.561217699424266990e-03
2.101993865438870728e+02 7.228386262645435636e+02 2.053896134839305887e-03 -6.033985445247752252e-03
2.233231816304563893e+02 7.356367194081398111e+02 8.497134114622344539e-03 1.496878854110887495e-02
6.628508410463228984e+02 4.153665954387521992e+02 -5.814906942490775110e-01 3.013238007845824296e-01
7.436781532212306729e+02 4.449545543378911248e+02 2.075123744359121947e-01 6.283955895574096229e-02
1.088446253322353868e+03 1.670748527540711450e+02 1.215323002508262445e-02 -7.021150073104051766e-03
1.154373001456026259e+03 2.070532322714061877e+02 -4.768958512613608036e-03 -7.907767805199751587e-02
2.539105217839843078e+02 7.064181898013564478e+02 -4.752844254155996588e-03 -4.587265880279686042e-03
3.192887387265678285e+02 4.242576363890399307e+02 -4.282390344965212869e-01 -5.134995461998461685e-01
2.884397997223127277e+02 4.855134588717395445e+02 -1.144351013692594676e-01 -1.448858142053495723e-01
1.252653166137884455e+03 2.535898874154553653e+02 -1.785860817661462851e-03 9.585469638102495429e-03
2.214256082730674109e+02 7.430685526106311727e+02 6.513304388927565643e-03 1.134907669134766622e-02
7.437403347186042311e+02 9.658230307940312969e+02 4.077276054275443817e-01 -1.911436986499154556e-01
1.211786367929283642e+03 2.293017933335352723e+02 -6.473959346480330501e-02 7.661623624758913398e-02
1.192080610494166876e+03 3.235023249301035548e+02 2.463079500064511290e-02 -7.859986464834838385e-03
2.477351344451887485e+02 5.418770413743528707e+02 -2.780600892327609319e-01 6.837581003270061519e-02
1.045935881593185968e+03 8.359183391519673023e+02 -4.308142580180636672e-01 1.626953910249193114e-01
8.225802119395907539e+02 9.338938442815637018e+02 -8.323519080320532781e-01 4.186829235481762668e-01
1.249789152476869958e+03 3.335730074694639598e+02 5.111915611439400015e-02 1.159020986895647858e-02
1.259939218263633848e+03 3.558485423618429309e+02 5.385253217885595418e-03 -1.183698757940595050e-02
6.433354009748495628e+02 9.898428105490515918e+02 4.655843273337005317e-01 -1.889083406904798201e-01
2.908004525330655952e+02 4.748030380360604568e+02 -4.559593611342194208e-02 -2.373484359646564068e-01
9.998512182495420575e+02 1.873754887192217780e+02 9.926708221334072657e-02 3.844739995603632110e-01
1.137333968773415563e+03 2.188427902994952206e+02 -2.879937637524270736e-03 7.118882557534789157e-03
1.157207938066249426e+03 3.059431229071888083e+02 3.133892778189054651e-01 2.249132050966297647e-01
8.151537458147411144e+02 9.150230066663559683e+02 5.450261197325310114e-01 -3.000723503230202094e-01
9.262890308093999465e+02 8.876817876279339998e+02 -4.824234057607492687e-01 7.071708681944322006e-02
1.018371624086723273e+03 1.768618762158741049e+02 -1.721340000952935670e-02 2.729476748983393763e-01
1.170233185480509519e+03 1.719188798945009751e+02 -1.313076632055964685e-03 2.323489653950037547e-03
1.155090231146983569e+03 2.102652675384619272e+02 2.709797329327590792e-02 4.143859349435766865e-02
1.259296342045540996e+03 2.690191680402848533e+02 -3.314063366875180661e-02 4.273148895883646659e-02
1.223606567041389326e+03 3.094147155786361054e+02 -2.168255947451682430e-01 -1.592218575934152003e-01
1.204045867414623245e+02 4.243556792204597059e+02 -2.255595587704202765e-01 -2.764666228707142182e-01
1.265788573290467411e+03 2.038149246135786257e+02 -9.915794102464544572e-04 2.405060812118593391e-03
2.476524753099134273e+02 3.007607594935906832e+02 1.759665132227238721e-02 1.164803685108604658e-01
8.989734001231904870e+01 3.686771387603891412e+02 -5.080452599637023947e-02 -1.446132699517477249e-01
1.299053825249340434e+03 3.153787370885659129e+02 4.517344339073386950e-01 2.748247256701902633e-02
1.139565452966669909e+03 3.531644565948333820e+02 -4.211345316635883157e-02 6.078681843308467864e-02
1.215661274365003010e+03 3.656184370167756583e+02 4.986234029569494575e-02 -8.376766219430137328e-02
1.009646618100768137e+03 8.373636641960121096e+02 -3.996845710602113799e-01 5.881166972413041094e-01
7.773202931605696904e+02 9.220297175771464708e+02 6.037072983337540277e-01 -2.936432848495918457e-01
1.079602802668014874e+03 2.307549087259577334e+02 -2.498076070058267897e-03 6.429405309712124018e-03
2.284796411404670096e+02 7.378364878203492481e+02 2.988855899035031214e-03 1.495870582887699404e-02
2.668494690981584654e+02 4.374068520699024134e+02 1.380490769734251527e-02 1.641644775163058484e-02
6.658894703477317307e+02 4.350760250023539584e+02 7.485350041742936389e-01 -1.122273778452040523e-02
1.198606392481073726e+03 3.447953794483115075e+02 1.604275046511247603e-03 -2.460206455019943103e-02
1.191611099010351836e+03 3.582280668236393240e+02 9.901339173306950708e-03 -1.789515841638603805e-02
2.290528089050940537e+02 6.860992335481594182e+02 5.568012181326480528e-03 5.485975174021859996e-03
2.426232560528235638e+02 2.958951596493102443e+02 2.313278868530986923e-02 1.102525224586679981e-01
1.116432436305270130e+03 1.570256028074934420e+02 7.849907641979816941e-02 5.847151351037797873e-02
1.030148217783288828e+03 2.023341214290962000e+02 -2.280618652070773300e-01 -2.057166957558188014e-01
1.034799306774239085e+03 2.283399321204054786e+02 -3.218892977063066430e-01 -2.159869539593015086e-01
1.172091789021840214e+03 3.928141916934291089e+02 1.334747951418370363e-03 1.040129330598730112e-01
1.218711599767965936e+03 3.008483449726008985e+02 -6.937972638109594914e-02 -3.208653006263150753e-01
1.155692601555414058e+03 3.393144105504251229e+02 6.064586561246680489e-03 -9.744488404721826300e-03
1.954054882835927742e+02 6.872980392184505263e+02 -1.991380522194562130e-01 -1.179553299037436886e-01
2.667495617517420214e+02 4.030523296196556089e+02 2.681618627707517410e-02 5.558371175416339238e-02
6.218129691753629231e+02 4.349464442124149741e+02 7.219217206015435817e-01 3.828817565248429210e-03
9.948216182914752892e+01 3.744790311020466334e+02 -8.384282614817695212e-02 -1.209333797702899782e-01
1.104027829827988398e+03 2.638076633024853095e+02 2.429710064749391052e-01 2.187308297525646650e-01
1.269032758243718263e+03 2.961667345434274807e+02 7.757593890560202099e-02 -9.368528907803011507e-02
1.985732733026113692e+02 6.318004172793674798e+02 -2.028090901491585440e-01 4.032521364957877830e-01
6.206921120630755695e+02 6.137590694818914017e+02 -2.205230133345771337e-01 -2.330985111657557507e-01
1.077164098997407791e+03 2.812646814096071353e+02 -1.210749125367866219e-01 3.153878748206941779e-02
4.035012113165952314e+02 1.090894762339209365e+03 4.908201701368710701e-01 -2.047914260861499747e-01
7.899176408201839195e+02 3.956075254278585476e+02 -2.675672526789629191e-01 9.597848703991969377e-02
1.137666488070158493e+03 1.997083942669579812e+02 -5.484418715611333664e-03 5.989326212046852671e-02
1.069318061941559336e+03 2.968342743912213564e+02 1.527506197251166931e-01 -2.200913489891876962e-01
2.245695568817747017e+02 7.387743140682133571e+02 8.262974723376174252e-03 1.389775448925385272e-02
1.079616583154865111e+03 2.020339289567542664e+02 8.599855934163293594e-03 -1.811178688861221631e-02
1.169583029452819119e+03 2.089223564179265793e+02 2.084618567244255968e-02 -1.052325115054209351e-02
1.198624787316459333e+03 2.903160931088043526e+02 1.046086843468412714e-01 1.179060143358139773e-01
1.150011854032115025e+03 3.816565459016435398e+02 3.078891956008147912e-02 4.598200868062393698e-02
5.447834198197118667e+02 6.205859594829713615e+02 -1.309762939702589613e+00 -5.412178506457300253e-01
7.356561751398394335e+02 4.117556252988710526e+02 6.570544992541101914e-01 -1.458790980974484230e-01
1.120821169435596630e+03 2.996790787622792891e+02 1.759432906407994435e-01 7.558798057482504773e-02
1.058883935400290738e+03 8.247388896323726613e+02 -4.214256014318152888e-01 1.663496435662523143e-01
2.326959173225415611e+02 2.952653307261466011e+02 2.044473852696062147e-02 1.445448914601278889e-01
2.807643767887574882e+02 4.237191054863161526e+02 -2.692035231673519172e-02 1.692751252767557557e-02
6.828812244113156567e+02 4.079319756059985025e+02 -4.092459390241582340e-01 1.301373554377814601e-01
1.065340365849397585e+03 2.773695034643087070e+02 1.764311763657844534e-01 2.573724746590262957e-01
1.224610607483763715e+03 2.163763445294987946e+02 -4.004229743414865900e-02 -5.037616930618819128e-02
2.490645652787413553e+02 3.296752685368381321e+02 7.960616098384170822e-03 -2.245995994787850294e-02
1.074141890329903163e+03 1.892925935452641681e+02 1.318389196147731410e-03 -5.434717406955476282e-02
5.529938140309848222e+02 1.019685674765158069e+03 4.369550282051656853e-01 -2.260569733746221610e-01
1.130107552923479943e+03 2.195102914914540975e+02 -5.672937186741242033e-02 1.324803114513591895e-01
1.173731030682048981e+02 4.310907342792919508e+02 -1.735534048400456109e-01 -2.646560002322044247e-01
2.581387782084424884e+02 4.503907183061469937e+02 -2.287140648487214281e-02 -9.142907369692920838e-03
5.361634638991534985e+02 4.362567798642856474e+02 6.277855640858389652e-01 -1.195279459521619431e-01
1.112967382008979712e+03 1.542314194418742090e+02 9.952732071201984831e-02 -1.106300616296328060e-01
1.164753252136745459e+03 2.021549898578608122e+02 -3.353222989593026334e-03 -1.010520183037684205e-01
1.205242818697935036e+03 3.619647279993754410e+02 -1.469722804813500261e-02 3.846859207965122596e-02
1.082861577121732807e+03 3.049295772867019991e+02 -5.611515935307969175e-03 -2.861837789214047856e-01
1.143073501425498534e+03 2.531520507984945993e+02 1.668378269597009522e-02 -2.413465245098872503e-02
2.735563281586715334e+02 5.045628932661476256e+02 -2.926380219350268458e-02 -1.558052350840422040e-01
1.060416720295630284e+03 1.608234989409560569e+02 -5.654385993272412203e-02 1.767090851967397513e-01
1.319688357888106339e+03 3.358976773410166174e+02 2.724796789340790948e-01 6.702854576391145680e-02
6.187205511991015783e+02 6.112798285348180798e+02 -1.111932931202431973e+00 -3.649091456891456198e-01
1.110440474365367436e+03 1.475619491158019798e+02 8.255090036933518394e-02 3.137458859247076182e-02
9.896922636647865374e+02 1.916338074806565430e+02 1.185969287335541522e-01 3.000330371715397848e-01
1.060264810057363860e+02 3.892203126580567982e+02 4.395450598064938319e-01 2.226919782526195490e-01
2.717596262535095093e+02 4.299530488286907257e+02 1.642626090723808829e-02 -6.904981606007609685e-03
5.117076131943442192e+02 4.419155218760052435e+02 1.271775098183702823e-02 -7.185370296567761272e-02
1.061799137814028654e+03 2.171828018217744045e+02 1.248904706537743436e-01 -1.385953315437529199e-01
1.166569691066694077e+03 2.047991366508248348e+02 3.500938705277434337e-02 -2.629471216997369964e-02
1.264407133062312596e+03 4.022335078241598580e+02 7.244628242519866035e-01 -1.246428916230364337e-01
1.134670514239011936e+03 1.816073204571991084e+02 -6.588731789993436568e-03 4.886289320039659267e-02
1.045364726253983918e+03 2.389368361275856500e+02 1.746634687794041199e-02 -8.020859123921893208e-02
5.512258171150587032e+02 5.703491380823229520e+02 -1.252700539518935896e+00 -5.794584450941953069e-01
7.735537617164972062e+02 3.662377042635343400e+02 -4.070990299152337233e-01 5.621379314516729980e-02
7.078692874448080374e+02 3.861596814580470891e+02 -4.563213675760910970e-01 2.259529451451309512e-01
1.043057034534602280e+03 1.722813989389396454e+02 3.186803188721114288e-02 1.371205384421140573e-02
1.063415313065181181e+03 2.107371320762039488e+02 -1.123387534362336668e-02 5.178433554128313715e-02
2.722153424884045876e+02 4.494493464741787534e+02 5.077375351508266882e-02 8.549424431091744159e-02
6.563467583108466670e+02 4.373606018862284373e+02 6.070476164207062597e-01 -1.194655351231541235e-01
1.052628455268452853e+03 1.996809620628016546e+02 3.042080734724487284e-02 -7.003920574657510056e-02
1.099404436909945161e+03 3.618339519925124819e+02 -2.096527622792376117e-02 3.207798366882202296e-02
5.335842797968541618e+02 4.409087890597505748e+02 4.901302549865371172e-01 -2.621701088258946988e-01
7.403067597146336993e+02 3.971394716754749084e+02 5.874640231675292215e-03 1.257003666913415751e-01
1.170361283497480827e+03 2.479035909884681246e+02 -4.136968274969733683e-02 3.030400952432696013e-02
1.170745882756188394e+03 3.670824973037467771e+02 -1.396241913362489817e-01 2.327290232718480234e-01
1.032974696078348870e+03 1.971193841169294672e+02 2.081053972461564469e-02 1.443901067367674151e-02
1.149859220282276056e+03 1.920829333528249094e+02 -6.627472770425676084e-03 1.036050397109041475e-02
1.157670478548643132e+03 2.074440773058491061e+02 -2.141580153959323635e-02 -1.559733514269678600e-01
1.177932626295774753e+03 4.298240048683425698e+02 -2.954794193926688680e-03 3.690242199950346472e-03
8.649910415409329971e+02 1.102265009575578460e+03 -4.855589051186581448e-03 9.064650202903807739e-04
1.072512949159461641e+03 1.663032744600945136e+02 -7.603392669233681456e-02 -4.582655218129835090e-02
1.276256796911761057e+03 3.274740329317847909e+02 4.367500254248590230e-01 1.630273567730459727e-01
1.158171243519730524e+03 3.559738388659029624e+02 -3.162209984429864562e-02 5.701497392657564264e-03
1.179741453069906584e+03 4.029083168512519251e+02 3.598106723354878821e-03 8.010163808797607712e-03
1.217468678638962501e+03 4.172200804706944837e+02 2.150838261627541215e-03 -2.398777465922071698e-03
3.042550334244386363e+02 5.913057149801380774e+02 -2.444049332025927373e-03 7.022401263769167696e-04
8.587857653989782420e+02 1.097686953587862035e+03 -5.253188252591091921e-03 1.871661639195456054e-03
1.941268755258384147e+02 3.195880553137014886e+02 2.311297072814113597e-03 7.670378593177247170e-03
2.589820370701251022e+02 5.292008188624955665e+02 6.433751185650407600e-02 -5.994672710271060911e-02
1.173161999810568204e+03 2.212426004961735089e+02 -9.945561004994488141e-02 4.615249858959725726e-01
1.134511045547386857e+03 3.012107539652548667e+02 2.209001008506129571e-01 2.406208428349987105e-01
7.977065909262075820e+02 3.778817813646197123e+02 -1.029947451582321170e-02 -1.234223401659780527e-02
1.120539672433327041e+03 1.954130162847417296e+02 -2.272365353437066915e-01 -8.953902526616985824e-02
1.210494615425755910e+03 2.232301660860559878e+02 -6.871902655907054409e-03 2.066462330958292529e-02
1.231211063806292259e+03 3.295041336518100366e+02 -8.113414633044158109e-03 5.076799917175141980e-02
6.193735762576416164e+02 9.358613365909434378e+02 -4.352745471010166511e-04 1.209524523735202141e-03
2.876131870008933333e+02 4.446813295785473770e+02 -5.833497596259833162e-02 -1.804711393888406568e-01
8.164467530647316380e+02 3.649431678300559838e+02 -3.745795746255641268e-01 1.531733187466522428e-01
7.300464037939565287e+02 3.917963223696099249e+02 -5.229148344609731991e-01 1.721155219341559683e-01
7.677117463466877325e+02 3.884263584993383347e+02 -3.873484955930141527e-01 1.112640965158700201e-01
1.049200996653157290e+03 2.240786446916411023e+02 -2.419524117535037655e-01 9.148282795215238739e-02
2.832468972283585913e+02 5.586043629402468014e+02 1.081474178079405574e-01 3.822635934088595977e-02
3.073371734587641981e+02 5.809597305237908813e+02 -7.329356037040150873e-02 2.565695532823907346e-02
2.664071913997203183e+02 7.204631023483369745e+02 1.311208624758572298e-02 -4.173251991870608434e-03
1.809823547534435875e+02 5.421351710334537302e+02 1.592634414225218842e-01 2.019133876580099241e-01
8.047476009286634735e+02 3.466269690997419843e+02 -3.415897036051918634e-01 4.339121047899590494e-02
8.566589085344749037e+02 3.710725903675612471e+02 -3.421020264105591457e-01 8.970935961168503836e-02
1.208192832773499049e+03 3.095989955581841855e+02 1.855807571858411609e-01 -3.936020721414737467e-02
2.337392648747924682e+02 6.940177084129848026e+02 -7.699187944711835367e-03 4.109498241544687520e-03
3.144533377555365519e+02 1.080366503669521762e+03 6.047497762303712977e-03 -3.675980071802149168e-02
1.033318259969556493e+03 2.138218502029640149e+02 2.769270451793610227e-02 -4.729560207899551061e-02
1.083023870854027336e+03 3.034553461928393858e+02 1.185907491778618317e-01 7.245666931478056405e-01
7.426389185054212305e+01 3.256408957213710096e+02 -5.012121496406009985e-02 -2.283817715532933390e-01
2.975331200315523006e+02 5.053403013669870916e+02 -7.477527691747809513e-03 -1.278246102216087400e-02
7.456409323123680224e+02 4.223889833846187116e+02 7.710197476907751923e-01 -1.376804645950500117e-01
1.148413385255358662e+03 2.177823872648007182e+02 2.486775673901320260e-03 4.269260911402881359e-02
1.175590969265627336e+03 3.282572315080078056e+02 2.574641869650804576e-02 7.077494245659465832e-02
1.104197236917868395e+03 3.518626714829439379e+02 -1.678020947206277855e-02 4.161995902310877855e-03
1.128393376306291884e+03 3.742908392690854953e+02 -6.099534017948826659e-03 1.503979654681017984e-02
2.662390220310892914e+02 4.559992705715017678e+02 -9.338760887213108652e-02 -1.711816392563545453e-01
3.080285865718970513e+02 4.603711856629595331e+02 -2.623280141975065441e-02 -5.320031549977581077e-03
2.915213511441513106e+02 4.744921466795321408e+02 -3.138968093602861886e-02 -1.784271316439272614e-01
8.014082692027634494e+02 3.630521931255783556e+02 -3.560696460486712511e-01 1.837722468472197390e-01
7.878495899378160630e+02 4.075140629725752888e+02 -4.126034933135422911e-01 4.543624292532094655e-02
1.107068438959013065e+03 1.754777871729297942e+02 6.226298116943277880e-03 1.596160784102440555e-01
1.038961999445745505e+03 2.015032346776864927e+02 -1.045418990139823125e-02 -4.911093227323704014e-02
1.194092264179229687e+03 2.330281877305102682e+02 -4.035980004147476236e-02 5.575920144051332156e-02
2.806893289740870046e+02 5.780589778475696221e+02 1.537743282583086887e-02 2.363814939210322902e-03
8.274232743569608601e+02 3.434444351682953425e+02 -3.628097706445159165e-01 1.530864673793056741e-01
1.044419750786903705e+03 2.304111443903674683e+02 6.943064666806246510e-02 -3.723910402290660920e-02
1.087274666764777521e+03 2.909793580318777231e+02 1.557664952802168823e-01 -1.103627750242771460e-01
1.207047219492541899e+03 2.825144473445266158e+02 8.737652558566979394e-03 -2.686556806970151826e-03
1.217700608513832776e+03 3.695840474974222616e+02 1.976709568959399144e-02 -2.924431974169452650e-02
1.934516078341883372e+02 6.050886777978581677e+02 -1.731584961476073659e-02 -3.726239076911497250e-03
2.163812716207847586e+02 7.713171284147394999e+02 -2.089897794483243365e-02 -2.525240601258044865e-02
1.043717869277450745e+03 1.872171161415029985e+02 -1.283208777477765905e-01 -1.549518428649672430e-01
1.077646565865148659e+03 3.206417569227601803e+02 -6.079172013928387658e-02 -9.410061336854917691e-02
1.153132516835218439e+03 2.497931704300983142e+02 1.865399548703006866e-02 -2.977465915966223328e-02
1.232785523863070239e+03 3.125246590641965554e+02 -1.283436261964572278e-01 4.031700525325397633e-02
3.151470962670255744e+02 5.624785841954998205e+02 2.681407564464881668e-02 -1.267941117221733568e-02
7.622065211627354984e+02 9.001933783733247765e+02 5.125037184241939547e-01 -8.010469019943149138e-02
8.344208684635952977e+02 3.264042258896722615e+02 -2.808826439004690201e-01 2.581562436294646545e-01
9.676459120455539278e+02 1.707538095604869568e+02 -8.842624924250941376e-02 -1.404284021043746833e-01
1.237152873151762151e+03 4.041455674039784753e+02 -9.898629217246934786e-03 2.740151167681403876e-02
9.564398118048051174e+02 1.814176818675875893e+02 7.003575583183495323e-02 5.298290089537981418e-01
1.059820801501821506e+03 8.414862374872336659e+02 -3.587293248501282616e-01 1.684594533001927685e-01
5.113648353599718916e+02 1.099541975469101317e+03 -3.572732535701561574e-02 4.381869247116203930e-02
8.078132693730162828e+02 3.903354447692407803e+02 -4.222162667777200062e-01 1.946373047981840576e-01
7.151687368524350177e+02 4.187138754590434928e+02 4.832951837965587250e-01 6.387525955032304081e-02
8.507601284212722703e+02 9.315170795412965390e+02 1.168002651866117958e-03 -3.848346844612088920e-03
1.261287269533523613e+03 2.007084427915976619e+02 9.298581555168101368e-04 1.935421826553570483e-03
1.143526232269767888e+03 3.404673508153613852e+02 -1.154474565536335075e-02 -4.135608376731607534e-03
1.246543381760526472e+03 3.295728085870121049e+02 -5.267573751239769397e-02 5.937920999857099896e-02
1.374991883971719631e+02 4.950897670708488931e+02 2.396210559667366624e-02 1.426049542907984781e-02
1.136955871471460796e+03 1.467778534738141616e+02 7.424835517626131309e-02 -1.663448854471738514e-01
9.919974021252041894e+02 1.787815611577261166e+02 2.175871628125965740e-01 2.127401008211270150e-01
1.203613878509668893e+03 2.062114577505350610e+02 2.260894255982748291e-03 2.442008113261332977e-02
2.768773790537003947e+02 6.944577444343376555e+02 -1.155714341930528556e-02 1.122374085641316376e-02
9.723427824716947043e+01 3.855166576421848390e+02 4.636232190329200864e-01 3.287378823366834957e-01
2.574363711371038335e+02 4.380504793909891532e+02 -1.816549381419308162e-01 -1.720834597675568733e-01
2.790813037612193739e+02 5.097093145286457911e+02 -5.199490689716929764e-02 -2.546048382572611013e-01
2.457288816655217261e+02 5.272060088883698654e+02 -5.470691884349579426e-02 -1.170947788675262419e-01
1.116909752207455995e+03 1.682420594426365312e+02 2.754425835932620883e-03 2.073143317456201118e-02
1.170084477931675337e+03 3.417130744184418631e+02 -1.726862950346747319e-02 6.858884594671301772e-03
1.149298152221157352e+03 3.973037736387146310e+02 -5.105820239867336560e-03 2.445780117428016098e-02
2.611347212617687887e+02 6.592835526511040598e+02 9.207899700548048683e-03 -9.040678104983353516e-03
7.453848385612948846e+01 3.155246272340572204e+02 -1.131629498432914771e-01 -5.879943566748124448e-03
7.076949473399512271e+02 3.891864633942836349e+02 -3.666188883959194122e-02 -1.989891368803057559e-01
7.907450509990082992e+02 3.608595949666192269e+02 -3.277596934612397872e-01 -2.517335964097860979e-01
7.394673259027965742e+02 3.841073570407216380e+02 -2.867804838096693065e-01 -2.035247955890958638e-01
1.003642466377043775e+03 1.910604188187000432e+02 1.931724766163572110e-02 2.269339543986966801e-01
1.037010814794877660e+03 2.172593239245199754e+02 -1.702823729457729127e-02 -1.196265827680854758e-02
1.157043182931695810e+03 2.204337658050522464e+02 1.384484864865953568e-02 -3.891057110666875096e-01
2.815044747360064434e+02 6.650433320353142790e+02 -4.000438556153716740e-02 -3.874628848860892354e-03
7.497285308969187554e+02 9.341770009113278093e+02 1.781215056486821213e-01 7.184952474595876493e-02
2.695719883561682195e+02 4.325649444135564181e+02 3.455843617291520786e-02 1.434814968781950029e-02
2.808977402131336589e+02 4.655662999693237794e+02 -1.622636472446714606e-02 -9.120494016674740578e-02
9.756698227512594030e+02 1.719759898417898398e+02 -1.939072694821675213e-01 3.952393900333106558e-01
1.219695035891301586e+03 2.997385746654201171e+02 3.159269011716787645e-01 -4.149248093357016387e-02
1.264331598897834283e+03 3.287538934267178661e+02 4.558522099634103597e-01 1.252197458848769429e-01
1.196912046205812430e+03 3.646042680900620212e+02 -6.042343377887959832e-02 3.645050442813158043e-02
2.470034300078374088e+02 7.266463633873838717e+02 1.198691074109703436e-02 -7.905047255434283215e-03
2.669846065242388704e+02 4.084301041761065107e+02 4.555702190656672756e-02 9.557931456810463133e-02
6.991360406287509477e+02 4.119134204525823293e+02 -4.977890052735541859e-01 1.829101095963210355e-01
1.207208701043669407e+03 2.397139185254910103e+02 -9.327743433079506430e-02 1.532908021611782690e-01
2.644016272600466664e+02 5.196222593267585808e+02 1.649052879623316981e-01 -1.206016770930773419e-02
5.885647132490308877e+02 4.544522935032969713e+02 3.709012969156901818e-01 1.536030507043809334e-01
1.117458352681125689e+03 2.052816956161139217e+02 -6.361187925210742833e-02 1.938137790452335307e-01
1.103220452103963225e+03 2.262176656983523060e+02 -6.415719188385082816e-02 -6.882037415853877078e-03
1.196020540924447005e+03 3.249894672086811056e+02 3.554647843774697696e-02 -3.463124988627441780e-03
2.841452518052295204e+02 6.132013463135516531e+02 3.955437943687911684e-03 -5.416987774613819979e-03
2.101321504621552378e+02 6.435864207848521801e+02 -1.125344649224757632e-03 -3.609788859383419174e-02
2.590906628654137194e+02 3.883241726753888656e+02 -2.099897217000261732e-02 2.550485735571556001e-01
3.243853234524311233e+02 4.966137464856817587e+02 1.396554487145408585e-01 -1.144652417069096373e-01
7.960936121449836946e+02 3.435828890123636938e+02 -3.719252194450291538e-01 -1.490311392474154562e-01
1.063233881089496663e+03 1.603987616081899148e+02 -1.249167215460147418e-01 2.327877786348949429e-01
1.066534444238537162e+03 1.809597598750456200e+02 3.031371913539260277e-02 3.951222780249281918e-02
9.360428935212172519e+02 2.364281273535113996e+02 -3.777194801184578093e-02 1.987954899386181612e-02
1.143793340289921389e+03 2.222946020333340584e+02 1.661798992373860473e-01 -5.141739512693334069e-01
1.157528311711745346e+03 2.228045123074798255e+02 4.956177811136512623e-02 -1.096618005432048876e-01
1.265358254851245647e+03 3.007776779617905731e+02 -2.281962487040800711e-03 -3.615940207503172410e-02
1.254214854682243868e+03 3.504531480219117157e+02 -1.113168278789089570e-03 2.651810094695292858e-02
2.462632310853447279e+02 6.886447221530030447e+02 5.694781056494661875e-02 1.223122376235323827e-01
2.732597185358100660e+02 6.904079692945310853e+02 5.016694007952082757e-02 4.835464162533753205e-03
6.127925458852122347e+02 6.139937047436989133e+02 -6.828719083708165716e-01 -1.860494527316859659e-01
2.744157495712489663e+02 7.185611374844203283e+02 4.519808235354503406e-02 9.004968237327375113e-02
2.258246843362089749e+02 7.266917978074596931e+02 4.242227909188613783e-02 6.918954955847311794e-02
6.064283638886919334e+02 1.027406590588563859e+03 -1.067454515899726175e-01 -5.108646807811965257e-02
5.265598879133540322e+02 1.050898316522876485e+03 4.069059157700848917e-01 -1.110640455208340427e-01
2.689774153427125043e+02 4.040684720275483528e+02 8.759452069872963875e-02 -6.606180485273682734e-02
2.862106510305587790e+02 4.615048298142490921e+02 7.669885656432029464e-02 -8.066502720168955420e-03
7.347116924749382179e+02 4.483344468923966701e+02 1.503812721205974867e-01 4.151005755631871352e-01
7.679763136180722540e+02 4.735890203223451067e+02 2.884279838462475709e-01 -1.971145849175286457e-01
9.943330553247718626e+02 1.677641238106740502e+02 1.663374121871470379e-01 -2.138254509051051855e-02
9.667813226351225921e+02 1.787285806794149892e+02 -3.801685678911326249e-02 1.527965304578273731e-01
1.167953220491648835e+03 1.532590559214044106e+02 -5.955358031678770203e-02 9.162055987101069832e-02
1.154438232293336114e+03 3.035924067851049131e+02 1.010769652711474009e-01 3.112664132529374683e-01
1.254453837026866495e+03 3.180209947810171798e+02 -8.979980968945255881e-03 3.478243597918009300e-01
1.301952673061326550e+03 3.541265499179538097e+02 -7.801875811691161289e-02 2.716139550824436810e-02
2.941207896609259365e+02 5.633663856695499135e+02 6.362713084975268885e-02 -3.729579509538893944e-02
7.252232580419598662e+02 9.611462699894909747e+02 1.481426053817926913e-01 -2.092579079901781824e-01
8.040310768409087814e+02 3.508314507607292398e+02 -3.123239333853386479e-01 5.075466001181894171e-02
8.008191764091084224e+02 3.773766803326479362e+02 -1.829780389737531154e-01 -1.797754234643017812e-01
1.004551711146172465e+03 1.825151237677466156e+02 5.657931154037972726e-02 -1.633924049639669251e-01
1.036275010290519731e+03 1.824039684230062619e+02 2.946834663377255192e-01 -3.117505342661862078e-01
1.095168620935363151e+03 2.461643085159887505e+02 -1.105880237429725382e-01 -1.249223825588027664e-01
1.113304433924468412e+03 2.665133377467236642e+02 -9.494371842462594191e-02 -3.317202473972997723e-01
1.163522836645127654e+03 2.604473699520057721e+02 -1.305805630219462367e-02 1.551495671261212371e-02
2.618318652094912977e+02 5.333665818467272857e+02 -7.828032119628385022e-02 9.812034851533250890e-02
6.990738298672670226e+02 6.473322501188392835e+02 -7.642598879082621588e-01 5.739677731181321713e-02
6.607384792473499147e+02 4.242446267881434778e+02 -4.265478995100124848e-01 3.128468698066626530e-01
1.109417795803836952e+03 2.865757131242158380e+02 7.116512183404211100e-02 1.952978505835574197e-01
1.064611442134704930e+03 3.045886277019866952e+02 1.249945913837109401e-01 -2.304581730848269672e-01
1.181058406105746371e+03 2.271456083601864293e+02 4.961699305579259089e-02 -2.188507682104869900e-01
1.215534611017164934e+03 2.488905554523249464e+02 6.155104998330216404e-01 -4.725274701966668545e-01
3.080667371989801495e+02 5.649419191949722290e+02 1.324706493260237039e-01 -1.713950541396229710e-01
2.434403476865284972e+02 6.351479845667635118e+02 -8.262523274645161564e-02 -3.645271395191684860e-02
8.040034672602434966e+02 6.675423137393987645e+02 -7.110731074699856435e-01 2.192601322070686365e-02
8.366968207856079687e+01 3.569057663842876877e+02 0.000000000000000000e+00 0.000000000000000000e+00
2.485001424988144834e+02 3.346751204331532676e+02 0.000000000000000000e+00 0.000000000000000000e+00
8.713778235138201467e+01 3.637633563585611114e+02 0.000000000000000000e+00 0.000000000000000000e+00
2.530197573816034264e+02 3.423588739742067446e+02 0.000000000000000000e+00 0.000000000000000000e+00
2.814947658890126831e+02 4.370589483714507537e+02 0.000000000000000000e+00 0.000000000000000000e+00
2.739581937802577158e+02 4.765097604307857750e+02 0.000000000000000000e+00 0.000000000000000000e+00
6.695938114239323795e+02 3.949994226823827717e+02 0.000000000000000000e+00 0.000000000000000000e+00
7.530859036091446796e+02 3.927035940824530371e+02 0.000000000000000000e+00 0.000000000000000000e+00
7.790156444416948034e+02 3.893154115136076712e+02 0.000000000000000000e+00 0.000000000000000000e+00
7.844236814114281060e+02 3.930300071497001682e+02 0.000000000000000000e+00 0.000000000000000000e+00
7.168286754335209707e+02 4.161879405977683746e+02 0.000000000000000000e+00 0.000000000000000000e+00
6.924444341338028153e+02 4.398576095129104147e+02 0.000000000000000000e+00 0.000000000000000000e+00
1.001192780816563186e+03 1.678234553846533288e+02 0.000000000000000000e+00 0.000000000000000000e+00
1.078490480175067887e+03 1.973449751583627290e+02 0.000000000000000000e+00 0.000000000000000000e+00
9.935987191495875095e+02 2.150581099315620008e+02 0.000000000000000000e+00 0.000000000000000000e+00
1.129329313333367963e+03 1.987833753225197313e+02 0.000000000000000000e+00 0.000000000000000000e+00
1.074724091305488173e+03 2.950730309906850266e+02 0.000000000000000000e+00 0.000000000000000000e+00
1.143344828896414356e+03 2.179321769669651303e+02 0.000000000000000000e+00 0.000000000000000000e+00
1.202032446790209406e+03 2.499034871383251755e+02 0.000000000000000000e+00 0.000000000000000000e+00
1.260152004491204252e+03 2.910648421335652642e+02 0.000000000000000000e+00 0.000000000000000000e+00
2.683009606456183747e+02 5.329720224544284974e+02 0.000000000000000000e+00 0.000000000000000000e+00
2.398956630201593327e+02 7.041083720704343705e+02 0.000000000000000000e+00 0.000000000000000000e+00
8.068444151757688587e+02 6.485947835071377767e+02 0.000000000000000000e+00 0.000000000000000000e+00
6.474467348668965769e+02 6.792814658950615012e+02 0.000000000000000000e+00 0.000000000000000000e+00
6.493587886156376499e+02 6.791542596879994562e+02 0.000000000000000000e+00 0.000000000000000000e+00
