1.344073380641121389e+02 3.843221375302163665e+02 8.463580838230707129e-03 2.228669337067246820e-02
2.660640399469562567e+02 6.845010837058795232e+02 1.550248968069106595e-03 5.725046434838194226e-03
2.549103392616061683e+02 4.655705898253555119e+02 7.342135692839643960e-05 -7.914750826408086188e-04
3.174905286938393942e+02 4.737535355575478206e+02 -4.777380801555756139e-03 6.499674152142026831e-03
5.656915711907240620e+02 3.865060273692963051e+02 3.661781497409927205e-05 8.958644029219316185e-04
2.803898264728277354e+02 6.113145171233652491e+02 -4.209258906679215657e-03 1.894319111975524767e-03
8.736500012953135865e+02 4.049047289731564661e+02 2.083220179224329165e-03 -3.995735326593783526e-03
7.050546570203861165e+02 4.188203096112990238e+02 -1.118838157677006688e-03 2.668108517159700679e-03
6.343865528891540180e+02 8.220714747766459141e+02 3.693543723169802665e-04 1.020864588899667545e-03
9.123767772653933434e+02 8.060202230007994331e+02 8.683707695617707623e-05 -1.626819761044640987e-04
4.599433172566225494e+02 9.415893776421507937e+02 -1.053243580408528895e-04 9.186960015666603360e-05
9.060911151881140313e+02 9.229383094739019953e+02 7.025215228722036555e-04 6.767237809103474327e-05
9.003436931507354757e+02 9.270524821253656000e+02 5.123976723751022576e-04 3.788647686740272743e-03
6.861823277582798255e+02 1.020606205582733423e+03 9.069889792368881749e-05 6.380225542526735995e-03
7.150394042768334657e+02 1.011407674563674504e+03 1.315093881662460738e-03 -1.711332949556359194e-03
7.050022588044017766e+02 1.023669591108691407e+03 1.025349888155318656e-03 -6.583978045113109958e-04
4.816568733615873157e+02 1.099051748086475982e+03 -5.154305892618383155e-04 -2.506530032621980073e-04
7.044210518878827543e+02 1.036522514967547977e+03 -1.999417791214702774e-04 -1.418666793255181336e-04
7.518484908305114232e+02 1.067490261293693493e+03 4.993461012679407826e-05 -6.105286091713081707e-04
7.455318996743161506e+02 1.071483030051381547e+03 -1.124583725596035042e-03 -2.254999319057508810e-04
1.312156982115224366e+02 3.255478226020502461e+02 -1.232312766164638245e-04 9.925344662160748548e-04
8.998095825523154190e+02 1.102110257467905512e+03 -1.107058461110511310e-05 5.981180970593413804e-05
2.614120007134657158e+02 7.410216739452877164e+02 -4.955659397195281068e-04 -9.003137550174563492e-04
1.048024409459700109e+03 7.966220690774448485e+02 7.182546536360546741e-01 -2.263275406315847504e-01
2.658361971170572815e+02 4.545820609673167496e+02 -7.914610832830080165e-04 -1.038216484240868515e-01
2.234275423608032156e+02 7.556243012986443546e+02 2.092795834911531400e-04 -3.998925010114587515e-03
3.143285076824409430e+02 4.953749220442172714e+02 -2.314290932913755927e-01 -4.637109673685508443e-02
2.487998963807715711e+02 5.128068616370851487e+02 -2.943516468278203208e-02 9.188037078700972415e-02
2.491274199830776865e+02 7.176554661207107984e+02 -1.420649646068696816e-04 -6.076430762193174746e-03
1.074016695866422879e+03 3.078728023652627712e+02 2.073120636114794430e-03 -4.686032192458102624e-02
2.597463761406419849e+02 4.379495623617800106e+02 -1.898728336307642373e-01 -2.433731977819606485e-01
2.561177004396396910e+02 7.444090149722125034e+02 -1.794217205954710395e-03 8.301390859194068828e-03
1.244707895207303636e+03 3.970835578647539705e+02 -1.480390920810260511e-02 4.849131013030512014e-03
1.194796861658485568e+03 2.516684718795208084e+02 4.521073140116784947e-03 -1.171324093459308498e-02
2.591093673878492041e+02 6.172989005631732198e+02 6.301744729578241319e-03 -5.961928422984423548e-03
1.105700238755658802e+03 2.913309254832324768e+02 7.395195286739909835e-02 1.290746007990629593e-02
1.960587274809707310e+02 5.903129784723512330e+02 -2.022961362482416162e-02 7.850559057479554459e-02
2.794143105934889491e+02 5.982438721005840989e+02 -4.151716648065998522e-02 4.966505077115498240e-02
1.153043535129391330e+03 2.296871607595176101e+02 2.801536482540613326e-02 -9.380569265164071533e-04
3.173801314565514531e+02 5.275789678371917262e+02 -1.267212303942399226e-02 -2.471399243991117753e-02
4.509429041588307427e+02 5.185512770773713100e+02 2.847915891606594280e-02 -1.797631139696828639e-02
2.841271498261487523e+02 4.717885700339501227e+02 -6.910051761493976596e-02 -1.165006340225403642e-01
2.949551594368042515e+02 6.596376469985880249e+02 5.449953892899443188e-03 8.123057949595219665e-03
3.039764389024996944e+02 6.384448650130652823e+02 -7.467425123582636069e-03 2.797794400519273712e-03
6.285806582965361713e+02 3.753050974250072045e+02 9.045071273648641955e-03 -6.044963232278576654e-02
1.086453228955901295e+03 7.833906456325942145e+02 7.446356060594978565e-01 -2.698113548525397087e-01
2.376485372440207868e+02 7.155927653145578233e+02 6.824354261905261725e-03 6.522309786575560984e-04
1.044638642186945162e+03 2.742018140435861824e+02 1.871544413723263967e-01 -3.563541347737280152e-01
2.529954673096414979e+02 6.619239263324872127e+02 3.645405944367759339e-03 3.331628535701753029e-03
2.681730875170717923e+02 3.006614183839637349e+02 4.483672068152436130e-03 -6.874866761747155247e-03
2.510673702653726593e+02 7.276403552991789638e+02 8.289710900138145058e-03 4.440049607686176285e-03
1.035152842906356909e+03 8.246782394278787933e+02 6.959513241164584363e-01 -2.225130848819907858e-01
2.057475685021558434e+02 6.824502154687919528e+02 -1.185920864755961660e-02 -1.190676130129146928e-02
2.401707140412817694e+02 6.725149355884052511e+02 -1.714521852873830687e-02 -6.116656364416386653e-03
1.260207916123683617e+03 1.957702187427982778e+02 -6.038300158153186970e-05 1.182146039739807088e-04
2.418696470344694660e+02 4.899959670428646064e+02 3.327855831308076039e-05 3.677941908676984895e-03
2.510872890950734018e+02 7.096765078698058460e+02 -7.122468902605193404e-05 -9.073596271757269210e-03
1.258634756273661878e+03 3.762228538205421273e+02 2.415566565646753983e-02 -7.830586094974249442e-03
3.000485904525759793e+02 6.463952676173402097e+02 -4.838834202326770979e-03 4.177835243026358121e-03
2.568177767543324421e+02 7.177041460570324034e+02 -7.248912533703103130e-03 -1.648860903482372072e-03
1.188016493496969360e+03 1.880341437953761385e+02 6.307417581120437419e-03 -5.071629537449571200e-03
2.538897337136262422e+02 7.350525183647987433e+02 -4.690643336086884434e-03 -8.879236089894833317e-03
2.158811681396985307e+02 6.678594038375803166e+02 1.009361088452943520e-02 -6.872829530490241583e-03
2.157366910202447912e+02 6.522015779382286382e+02 1.786377544180318662e-03 3.879955214358125036e-03
1.222416229506134869e+03 3.984775065783097148e+02 2.122990503082318806e-03 -2.626147926990948854e-04
1.045359102459302449e+03 8.087164533204788768e+02 7.221539817037782027e-01 -1.805816131029879812e-01
2.487573436812968737e+02 7.363199950882465146e+02 2.091127055942449894e-02 1.516905320657896059e-02
1.230631863741103643e+03 2.463306794074704271e+02 3.624953264876455607e-03 1.124643675660425869e-02
2.694581027141704794e+02 6.964523396610001100e+02 1.906923527176579555e-03 6.409934222036477690e-03
2.659500805496263069e+02 6.637433372074924591e+02 -7.653156238848843849e-03 9.952607876650093263e-03
2.822785973664780386e+02 6.872653860403542012e+02 1.080057631144886723e-03 -1.465955713803112443e-03
2.442090421488372556e+02 6.391642671441198900e+02 8.655048427547261738e-03 3.878355282079898325e-02
2.503523449946051187e+02 6.290077754794814382e+02 1.880856939842690629e-03 -7.570830334704605792e-03
7.168257655374951582e+02 8.738515133117309688e+02 -3.690805226096251657e-03 -1.849238468512024542e-03
2.506452171563628895e+02 6.165175102684893318e+02 3.304969646083549448e-04 -1.802692716887577262e-02
2.359804932696556818e+02 6.309129937661670056e+02 -8.998503364436223097e-04 9.903458804418202588e-03
2.606242115278215010e+02 6.416536288388451794e+02 2.489751876475232786e-03 -4.025291544139960806e-03
1.197940212693715921e+03 2.255675268308352770e+02 3.623654831368311024e-03 2.059972284096845546e-02
2.325989619550956320e+02 6.293759211505317808e+02 7.728430558205839733e-03 6.143533845378181153e-03
2.462335839814812175e+02 6.941231270966326292e+02 2.069149124607049667e-03 -7.244991931661343663e-03
2.914549014379738878e+02 6.485877115303005667e+02 -1.832513748472547961e-04 -1.529665162501944340e-03
1.015658870186934678e+03 8.053117162826745243e+02 6.522748580952291153e-01 -2.501354805288165672e-01
2.700156016634833804e+02 6.373240183424168208e+02 -7.163381309060759539e-03 -2.493025608842880467e-03
2.283343304685335227e+02 6.942456714209173469e+02 3.903332624689834392e-03 -5.902539899530479233e-04
2.021661729039524857e+02 7.015719013329506879e+02 -3.184413580377527808e-03 5.945579000307823526e-03
3.080175049811886652e+02 6.305914412938288933e+02 3.253684801479991384e-04 7.420385833538062999e-05
2.467735605128758891e+02 6.145543394253810447e+02 3.316934881819586650e-03 8.172032756279165241e-03
2.968140337449826234e+02 6.039021849498656138e+02 -7.022765749267440884e-03 -1.069545628688006690e-03
2.307802378526398286e+02 6.454111110686372967e+02 -2.210539791683245082e-03 -7.631184118296086526e-03
2.299245753442562545e+02 7.142401320800820486e+02 1.134463577799205451e-03 -2.096108890422292929e-03
2.922813047578520695e+02 6.607730105553415569e+02 -3.574685756166893612e-03 7.188727326615437611e-03
2.376146012592912768e+02 6.513633945720113161e+02 1.700931350469129123e-03 5.242709461287073554e-03
2.507254742565311005e+02 6.519175439923014892e+02 -5.256664872204078361e-03 -7.066177140301880231e-03
3.238568898444535762e+02 4.795219745376541027e+02 2.545363098122514593e-03 5.557763570065802142e-03
2.875891493979943903e+02 6.645159999036083036e+02 1.654239881593139692e-03 -1.043488413623854753e-03
1.054217148153439439e+03 2.935392978360667939e+02 2.391416000573912404e-01 -2.796004600319675348e-01
2.451063613367186065e+02 6.651655513382416984e+02 -1.194164216470802210e-02 -1.212444596773150189e-02
9.735773990000515141e+02 8.407188055901649477e+02 6.988228007091058513e-01 -2.301073428503921658e-01
2.920758572465484235e+02 6.019821912674128725e+02 -1.839332749149983964e-03 -2.862163280161610524e-03
1.028367856066202194e+03 1.698480908164621610e+02 8.789122379553055558e-03 -5.890786576409175884e-03
2.923267635636373711e+02 5.791436812690078568e+02 -5.816838351230927979e-04 -2.270266427929905871e-03
2.226738036555883582e+02 6.856979523821793236e+02 2.937861996588084570e-03 -3.403263124926182801e-03
2.895459993228445228e+02 5.882527046631196299e+02 1.671759902122441511e-03 2.379602190967939571e-03
1.236222359001479617e+03 1.355563459438553195e+02 4.934221561334557749e-03 2.192306352152163448e-02
2.681633539689411805e+02 5.831569931422897071e+02 4.358842327298976041e-03 5.076223517875459246e-04
2.091519785980294159e+02 6.901178888989270490e+02 -7.685623573208188314e-03 1.299670817744380709e-02
9.680454066202154308e+02 8.384410887269640398e+02 7.025406733877240795e-01 -2.158406766949889921e-01
8.249851084944658623e+02 4.029803185320139960e+02 6.469889564147666139e-01 -1.763442178364438562e-01
2.864492736383621150e+02 6.359012018993789752e+02 -3.084312921993216227e-03 4.318724947107638323e-03
5.157815717749398345e+02 4.318951453386452499e+02 -6.545009266488065469e-01 2.316590824354398392e-01
1.510438064372841893e+02 5.252781704984931821e+02 5.353942848692908908e-03 -1.287868563726853217e-02
1.236825065711746220e+03 4.016389132859672486e+02 -3.377720430179498214e-03 1.402903954747351627e-02
2.951601972084785075e+02 5.546118802801230458e+02 9.417794602148268912e-03 6.601805991711709454e-02
2.917918279655699507e+02 5.666903918097902988e+02 4.878606446886176243e-03 6.570240729687800828e-04
2.349271628346533873e+02 5.089261878037298175e+02 5.536504157164179492e-03 5.286641543492994876e-04
1.870427326524271052e+02 6.551821615627892470e+02 -3.134701351597839469e-01 4.170679933742603152e-01
2.460781244283061540e+02 6.832753572452913886e+02 3.656525923648218010e-04 1.115320878383081055e-02
2.867092330153893727e+02 5.472993516102001195e+02 -4.938131389649535845e-03 -3.137938657910171493e-03
1.045233617225329226e+03 2.118074978067135987e+02 -2.256668520379270738e-04 -2.878302899966967820e-03
2.403704807321006172e+02 6.806220589787192239e+02 -1.461184950446153341e-03 -1.061847062464161065e-02
1.140783651002086799e+03 2.307793775387302446e+02 -6.618728359696190305e-03 1.714487898476928706e-03
2.710030110950800122e+02 6.564363670124099599e+02 -1.876157220154126698e-02 3.081305798514785005e-02
3.281422944624391675e+02 1.050735226200750731e+03 1.316618911934962959e-03 -4.330081077105295403e-04
2.855425896114455213e+02 6.136309452028129954e+02 -1.158147215603706325e-03 1.159753887142108732e-02
1.087625156404820018e+03 3.085080113377733824e+02 -7.306448718880725023e-03 -2.860297282650028222e-02
3.203217755828245004e+02 1.059409220673765731e+03 5.840644844402004352e-04 -6.083866575757986700e-03
1.190184712589939181e+03 2.460988931589828042e+02 1.863447462879452062e-03 8.395441328914477266e-03
2.455108386228669985e+02 5.424915229488123032e+02 -1.729089950112797092e-01 1.792630674811341585e-01
2.552254864228832218e+02 7.034694440380822016e+02 -6.332469932748054650e-04 -3.519762141668072194e-04
2.327539663954273976e+02 6.752890632485817832e+02 -7.729163243554201378e-04 -8.713391867566918497e-03
3.696324948162404667e+02 1.046257751308466368e+03 -2.386745776273118715e-03 -1.303382380872718195e-03
2.252685260144784252e+02 5.752292042998844863e+02 -1.489258662086147822e-01 3.235096057409664883e-01
1.218771906353836357e+03 3.498885203102187802e+02 4.728839037026395277e-03 -4.330236263452923000e-03
2.742728078410683565e+02 5.978959817050879337e+02 9.951386286965010347e-03 8.102467469314540705e-03
3.185560456588432316e+02 5.951311927719174264e+02 2.511962794596798911e-03 -7.250462213443761850e-03
2.419580316539940270e+02 5.056571847133691904e+02 -4.900451648526741449e-02 2.205924288844331865e-02
2.371930736945673175e+02 6.404711041659102193e+02 2.596237221691279420e-03 2.747966474023069185e-03
2.731859938560995147e+02 6.798690516176546907e+02 4.462884449939639661e-03 4.831185651853209424e-03
5.986016277707005884e+02 4.189014013685639384e+02 -5.111937849443393134e-01 1.723004166533090575e-01
1.199576502575900804e+03 3.761061813093692763e+02 -1.438804537496487113e-03 -8.380743807334051568e-04
2.497361644051150904e+02 5.527023947707401703e+02 -1.783496386001059419e-01 1.862749063255088600e-01
2.294820133272130533e+02 3.435561270400947365e+02 -1.137039907299885050e-01 -3.606257615725488308e-01
2.447785022646053221e+02 5.941238239793491402e+02 1.318919000710471953e-02 -4.633525883318185407e-03
2.533600546207361788e+02 6.418450733995365454e+02 1.038103677567556345e-02 -5.454113905283755094e-03
2.640694219777503804e+02 6.088346259556745963e+02 4.529209264625037347e-03 2.646608412531930785e-02
2.938758346697907768e+02 6.414366254541316721e+02 7.257736144274891388e-03 4.268086870824575052e-02
2.386268654956186026e+02 5.031191509542130689e+02 5.257116670244026124e-03 6.644493280137424773e-04
1.177595807239501482e+03 3.529186356042498005e+02 -2.191554551448705174e-02 -7.471424451521238748e-03
2.588443824433865075e+02 5.482561599320420100e+02 1.860871222902066302e-02 -1.196520962429922959e-02
1.124472817959694567e+03 2.437914392078023980e+02 2.106848369222272688e-03 1.277917245659799216e-02
4.504438792308727670e+02 4.496885116445022845e+02 -7.711252459201122234e-01 2.437350736916263638e-01
2.077674884622502134e+02 7.268589156308640895e+02 -9.840219101304814673e-04 2.442689971477949792e-03
2.835800954914685690e+02 6.524785066654561660e+02 1.837757198646244395e-03 -8.269132380595836315e-05
4.457090812701695199e+02 5.350746417356818938e+02 6.256812780632100557e-01 -1.363005206517705625e-01
2.732511232620631745e+02 4.991322398639001676e+02 -7.031246097105534054e-02 1.421269959691977003e-01
2.279763970917695417e+02 7.072418326223389613e+02 2.260818680063118175e-03 4.699445279435743951e-05
2.463983684385809454e+02 3.987306380896344535e+02 -1.220645451142747667e-01 -3.883335410200006166e-01
1.203318216987976029e+03 3.873387200005371938e+02 -7.088707851745303275e-03 1.174252595987890398e-02
2.646433772397767257e+02 7.300483482418335370e+02 1.890576282238892562e-03 -1.020756782464550365e-02
1.169103764377975949e+03 1.924866779571818824e+02 1.617406953832329145e-02 -1.985784015671233568e-02
2.781123447736152912e+02 6.588384940192204340e+02 -3.600814722597979207e-03 -6.475190837499897149e-03
1.394772325424279700e+02 3.885509138086216581e+02 -7.790116604527361037e-03 -2.804606759152400430e-02
7.648363153088267836e+02 3.654946098856345884e+02 -3.715509161665876414e-01 1.363513274627075333e-01
7.361868292914488165e+02 4.067377217609458739e+02 -4.162897439937870425e-01 2.714338432202951720e-02
2.871198580322045473e+02 4.591425099535254049e+02 6.400106689537519988e-02 7.550412141555196133e-02
1.218011013275203595e+03 2.542906136420219809e+02 -6.676463035321353367e-04 3.880168002756881340e-03
2.693175071200142838e+02 4.930889607723907488e+02 1.009507182430642060e-02 -5.580186153266628729e-02
2.329444022510950845e+02 7.489470633518407112e+02 6.971004371563097393e-03 1.007016846830704852e-02
6.687485044671121841e+02 4.040733067519367978e+02 -4.583022835997004329e-01 2.107116786577932499e-01
2.328345733250083924e+02 7.018251940430245668e+02 -1.019769796991088591e-03 -8.826383656996047555e-04
2.168961786061304338e+02 6.408537701457640878e+02 6.302021495325968708e-04 3.992460611674695896e-03
2.276856738572736560e+02 7.753813058643432896e+02 4.508163947010058840e-03 4.072847553687205559e-03
1.111274347204927608e+03 3.427899297259435230e+02 -2.736531657396340869e-02 2.090315645001273996e-04
7.517252469397941468e+02 3.941418897173816731e+02 -4.290255892318239894e-01 8.886587818557582785e-02
2.809042472345421970e+02 4.538734657540122726e+02 4.871681402732918470e-02 9.139797559523663018e-02
2.311267818207199412e+02 6.227947633883579783e+02 -6.741375343163907201e-05 1.652215223271464315e-03
1.260182525477415311e+03 2.905747671806142307e+02 8.763815022996706422e-03 -1.886647079191453719e-02
1.778559636101866772e+02 5.744886544196720024e+02 1.249763897469997193e-02 -3.051398629858034089e-03
1.210329446951115415e+03 2.500874130007331928e+02 3.420029944008732073e-03 -1.062461188808053528e-02
1.190582457740096743e+03 1.816890789632957421e+02 7.491653147828158943e-02 -4.334221143382689266e-04
1.136727626012552264e+03 3.746927898432318784e+02 -3.136990929553828533e-03 1.716659646715324242e-02
6.162884304284456221e+02 3.855054522612489905e+02 -1.262155721209444123e-02 -5.045169641799038783e-03
7.210593328597174150e+02 3.801161722943204495e+02 -4.293102910074619305e-01 1.394170564155686465e-01
2.558013885247353869e+02 4.797080052294655843e+02 2.301557002894864465e-02 3.219779399194517416e-02
2.113853280302505198e+02 7.457694320110678063e+02 -4.670219928019290513e-03 -6.569262805083051632e-03
2.237074716313511544e+02 3.151868303235397093e+02 -1.259794687419657500e-01 -4.431761085337208583e-01
2.789091347308894910e+02 4.260241178143959360e+02 3.811933158140794285e-03 2.573638137470434309e-02
2.206377055861348424e+02 6.992479526693514345e+02 4.406097377480787392e-03 9.022904624152312510e-04
2.274336354142934340e+02 5.933074040521129291e+02 -2.490029712535962170e-01 5.099178460266958757e-01
3.468473044033439123e+02 1.068041035255447923e+03 -4.457581274812352952e-03 -2.195530874549077478e-03
1.089228956807961140e+03 1.870401543931345145e+02 1.448527573484530984e-01 1.062301326174890370e-01
1.211797454226999434e+03 2.656306788314752225e+02 -2.886206597384101489e-03 2.015049720179070824e-04
3.407995955592749624e+02 1.069144000383574166e+03 8.300092114628605019e-05 -2.770411794296642749e-03
1.438830153472885911e+02 3.929026833735183004e+02 2.214327542880804855e-03 7.423167083422102172e-03
1.102017709724230372e+03 1.758873397339966402e+02 3.039745627411816198e-02 4.694931926094020325e-02
1.117539530602895638e+03 2.414225143531463971e+02 -3.950952621310777763e-03 7.579015573621897262e-02
7.360564989812688736e+02 9.081758635872200784e+02 4.684232283619939041e-01 -2.023536652687959458e-01
2.672369918874724135e+02 5.923733310075381269e+02 2.291496218110706216e-03 -4.123494777584007717e-03
5.943943997413755369e+02 3.676890904279080701e+02 8.347122405162321613e-05 2.067584194965475970e-03
2.146581946911516923e+02 7.388112816551073365e+02 2.284394738316367275e-04 4.468517400202319176e-03
1.239828169085507625e+03 3.354516924179717421e+02 1.159189629986102921e-02 -2.319659073530169410e-02
6.831752712842938990e+02 9.605474108947071272e+02 4.386318003630774731e-01 -1.690998101772641649e-01
7.858909472412439072e+02 3.635526843513162021e+02 -3.733908684769176034e-01 1.286576294914588692e-01
8.018997064111583768e+02 8.896950046823743605e+02 5.449058629149606814e-01 -2.101673945772657426e-01
2.064225144063288440e+02 6.951603487367523257e+02 -5.746821345742139393e-04 -1.057141335925595310e-02
2.739178555500213861e+02 4.117445452706153901e+02 -9.623501674704949480e-03 4.410047629007614496e-03
2.627103262378614659e+02 5.253641884278015368e+02 -8.579191469503499867e-02 1.189367115822325960e-01
6.704821921275871546e+02 3.845443653477597650e+02 -4.923647540999505634e-01 2.231170041875227272e-01
1.349004669571626778e+02 4.001484472948567372e+02 5.285275133029934160e-04 -3.445965776772553883e-03
2.603872457249722743e+02 6.854319586017795700e+02 1.053941244397647815e-03 -1.348830919399384397e-03
7.176863663246645046e+02 3.595090404906754884e+02 -4.058341521166877186e-01 1.194090237980856145e-01
3.320316732588917148e+02 1.089060140560662148e+03 7.676692098452983764e-04 4.714903188324561130e-03
3.093096558276143355e+02 6.070435684536948884e+02 -9.660977162742585096e-05 -3.732593245763607577e-03
1.170941502007033705e+03 3.669868484664049788e+02 4.158591050032320845e-03 -2.532996799726167482e-04
2.660296681863989079e+02 4.182564598129363844e+02 -8.245788536071088984e-03 1.323529227971169397e-02
2.750169596007876294e+02 6.237920390686573455e+02 1.799645496036043207e-02 1.232448284731099859e-02
3.403448045027935791e+02 1.089719353114304340e+03 -6.384271821152741463e-04 8.317478948624333276e-03
6.620230196102634181e+02 3.958555831831163800e+02 -4.652015750387696325e-01 2.247415317428289594e-01
3.097477204461042106e+02 6.213580810145768965e+02 -2.003597665790413009e-03 -3.494873750311610705e-04
2.785605901637237025e+02 5.136360536652555311e+02 -3.517952600350045256e-02 1.729357893136209690e-01
1.158786013835233462e+03 3.301007722393017616e+02 1.885138219965105250e-02 -5.210137687662167762e-03
6.366982480831167095e+02 3.936924915666456286e+02 -5.033427890085737655e-01 1.678450452947078397e-01
1.180467395021131324e+03 2.261757164309967152e+02 -5.653757370730613449e-03 1.502109454418019876e-03
7.018152209170804099e+02 3.933631724203423232e+02 -4.218691273666426156e-01 1.488897185699216696e-01
2.745683199109178645e+02 6.601822851032013659e+02 -1.918615010187169284e-03 -1.605379125897451326e-02
2.619160718463890589e+02 6.970410759430960752e+02 6.076594253826924155e-03 7.621220599387493362e-03
2.722175050531433840e+02 4.044178739893952184e+02 8.679876063647970139e-03 -3.552707097444701614e-03
8.170072014890005221e+02 3.458854861406871350e+02 -2.783024382147603615e-01 1.169180159782015754e-01
7.409317136396516617e+02 9.165831849917317413e+02 4.856425849562293062e-01 -1.779651816257475927e-01
7.099606172629715957e+02 3.743667200581264183e+02 -3.988948696143232442e-01 1.190796270608601992e-01
7.641105513033114676e+02 9.072053812247628457e+02 4.755381287210963537e-01 -1.753006612097358363e-01
2.334738427863850632e+02 7.108722224008141666e+02 -7.834625093951195357e-03 -7.699009883807694278e-03
8.551142201894116397e+02 8.877091974459654011e+02 6.290546733110222721e-01 -2.709975687147953560e-01
6.448716639814848577e+02 3.999277675668488428e+02 -5.169586360013965765e-01 1.593956455880815304e-01
2.396687193842712986e+02 6.029133549764922009e+02 1.384480298137130520e-02 1.125277126462687375e-03
6.602509176444535797e+02 4.270738739087200884e+02 4.329014833255075967e-01 -1.121603591644039222e-01
2.979624416218346141e+02 6.542232949184464132e+02 2.184158358396430001e-03 -4.428006652402148753e-03
2.805077584386085050e+02 4.137600192839734632e+02 1.588509229926478999e-02 1.971308586879817748e-02
7.857081585595722117e+02 3.386310799240103506e+02 -3.695412908789871831e-01 1.198077609918530018e-01
2.367721639382621106e+02 6.203033961519491868e+02 -1.767304288314830484e-03 1.721020664606362754e-03
3.246455098541419488e+02 6.085958550771727005e+02 -4.138044778610807674e-04 -1.994056597489964749e-03
7.304861915717589227e+02 9.372014900721402455e+02 4.053408817597791702e-01 -1.716561706722426750e-01
1.133856140225468835e+03 1.903110334246599677e+02 4.590146891602968349e-03 1.995524850848155263e-04
2.712812732603552490e+02 5.339389054752456332e+02 1.440612897771033352e-01 -1.120158370566561590e-01
7.561578614237834017e+02 9.300914133710542728e+02 3.980609109885178132e-01 -2.125480403313040612e-01
1.107871559997771783e+03 3.281435785851948594e+02 -4.956062805944167968e-03 7.467772670863870310e-02
8.366052140311054472e+02 8.895855027209269110e+02 7.594908304745624505e-01 -3.351877609074230269e-01
2.674758471429270799e+02 3.953561499508833776e+02 -2.297620993626068361e-03 6.683492377248404469e-03
2.717313658274491104e+02 3.943956943593497613e+02 -2.891054630819019783e-02 2.406616611484245841e-02
1.174150359349374185e+03 3.775236801074664754e+02 9.826183768683843800e-02 -1.482251504989353375e-01
3.140158752865071392e+02 4.715167025868718724e+02 -7.317267797763480838e-03 1.688736683656984552e-02
2.836664779155906331e+02 6.785631265229656037e+02 4.764801685242596972e-03 2.080775729242790976e-04
8.045839079167458294e+02 8.923659591496781331e+02 5.493966336484114033e-01 -2.281287570460103775e-01
6.937532619937920799e+02 9.401843000671398158e+02 4.023169861412488890e-01 -2.342563568044550570e-01
7.523524576875626053e+02 9.386663709192243914e+02 3.660048987322176983e-01 -2.062163508580998339e-01
5.899484394201057285e+02 4.103926122094896414e+02 -4.631180405036212089e-01 1.004260380435686856e-01
2.555152425795722309e+02 3.970572155246341595e+02 6.565961051367116656e-03 5.718743231832523755e-02
1.156481717891439075e+03 2.546474425999123241e+02 4.433306148640250854e-03 -2.170813140095209651e-05
1.121311301857559783e+03 3.260862525990125960e+02 8.889021975058915975e-03 5.922329314513366354e-03
1.261297356268545855e+03 3.879942674771588713e+02 9.368457694545393594e-03 -8.831953013906747307e-03
7.365603558106181481e+02 3.832127225138168569e+02 -3.650674856733987506e-01 1.169854443926408166e-01
2.532483310846536426e+02 5.792461179380693466e+02 -2.243491314336079102e-03 -3.170220726957214113e-03
2.691052450874269084e+02 4.729841600571024856e+02 1.437836353040713132e-02 -5.490361607987419290e-02
7.562245808894166430e+02 4.054286176920932689e+02 -4.504128961515064256e-01 6.120174031833179595e-02
1.172169495892367650e+03 2.457380073599409513e+02 1.013802931956123143e-02 -5.055975720877244062e-03
6.908625259493556996e+02 3.826022138952741898e+02 -4.486216920115825291e-01 1.631512477386868332e-01
3.128476653132985916e+02 5.366865047037663317e+02 -6.493332909230721539e-02 -9.507066796630277150e-03
6.874989518448736590e+02 3.728114045238578456e+02 -4.432089196003246578e-01 1.747547033983035403e-01
7.549855925094408349e+02 3.493190483210673847e+02 -3.579436057848892627e-01 1.103033422725060164e-01
6.990392969627176853e+02 9.448287979876228064e+02 4.103086422755792828e-01 -2.052243446672538940e-01
1.122948962419518239e+03 2.897400924860559712e+02 4.239953466623710976e-02 -7.294974887204071223e-02
9.868754473693890077e+02 3.743063368424353143e+02 -7.184501605997235503e-04 1.454714788697160713e-02
6.092296198455010199e+02 4.020375808464432339e+02 -5.366502700497296496e-01 7.839933986499747487e-02
3.230378514531136034e+02 1.082036248417152592e+03 2.695213380891323379e-03 7.612299824930880872e-03
8.248668214994507935e+02 8.799560129812415425e+02 5.411137439019987339e-01 -2.209361035402737095e-01
1.116897221667562690e+03 3.098113705033812835e+02 9.484586297424690490e-03 -7.222957725162467736e-03
7.171946581727368084e+02 9.340930099274611393e+02 4.241264413409430722e-01 -2.490813754750174913e-01
2.744373235207341963e+02 3.842138725350582149e+02 -2.649158299409847157e-03 1.531505703002773722e-02
1.213083253332984668e+03 2.109998655187180816e+02 -1.697167694597773863e-02 4.209075876630128527e-02
2.653599149878397725e+02 5.594117824454604033e+02 1.605637557882814634e-02 -5.117668709828541128e-03
2.774910100815470173e+02 6.747324000514405498e+02 1.793569212088866717e-03 -2.025467071762655693e-03
7.735218372142588805e+02 3.826290802407647220e+02 -4.606704434223166666e-01 5.126982363009290750e-02
2.132325277271463335e+02 5.173991860552016533e+02 1.876724485521827574e-03 9.200914581179579430e-03
2.983792667449544638e+02 5.767730628486149271e+02 -1.110447165498699464e-02 8.917057578715045438e-03
1.172575115098738479e+03 3.568781707700912307e+02 -3.894258237677253147e-03 1.012328066380659662e-02
3.177533275153526233e+02 1.085264960344360816e+03 -9.077679073449966551e-03 1.325886964252168858e-03
1.172140819364066374e+03 2.133097870107191056e+02 -7.904014111343010338e-03 6.031131653535136937e-03
7.901246666452855152e+02 3.476847409046440021e+02 -3.673379079418309101e-01 1.116727691088234831e-01
8.230465588731723301e+02 8.864567103236162211e+02 5.251841686137780352e-01 -2.456372086881160877e-01
1.147910815518505387e+03 2.438371991750223629e+02 6.263918731639194805e-03 -7.048082028831004209e-03
1.088713216982815766e+03 2.011805409965993192e+02 5.585260208929659909e-02 -7.237730253251893620e-02
2.663710905659079344e+02 6.774016920123632417e+02 3.709028785069654315e-03 1.124145998437823092e-03
7.889653477958352141e+02 4.097646437857185333e+02 5.343621485729008747e-01 -1.018959691376097043e-01
7.872639924571310530e+02 9.407878160777460153e+02 4.379258337860684747e-01 -2.513074584302499304e-01
1.121990737148258631e+03 3.591398583579218666e+02 3.485984256021855757e-03 -4.095511018219625057e-03
3.008534475433688158e+02 4.797837427439150702e+02 -6.004116385428581726e-02 -8.685835878677011790e-02
2.652153593252089081e+02 5.484354075848368666e+02 2.675045929027640001e-03 4.484604887423275163e-03
2.983129921865209440e+02 5.658412716277956633e+02 2.825127737913468370e-03 -4.285635787828096475e-03
3.004805556145506102e+02 4.902525241617029224e+02 -1.316079939412200528e-01 -7.991631875201320179e-02
1.078252496454133734e+03 2.919406910302230926e+02 2.415340270745826579e-01 -1.422788854602077269e-01
2.605169878639420062e+02 3.729458909378042222e+02 1.150746003606168376e-02 4.402875603262366294e-02
8.287333578327715031e+02 3.383311467574234825e+02 -2.621360879498011442e-01 1.990950836967320670e-01
6.752080366712068553e+02 3.919286303389445720e+02 -4.741180854504947195e-01 1.978428631637182966e-01
2.601183715380925037e+02 5.853303161227655664e+02 1.497267465108259457e-03 -2.008693011102067379e-03
6.848908775956500676e+02 4.318566389463935593e+02 5.911991310579365333e-01 1.990252852150737641e-03
1.182695288680155045e+03 2.340996989984456604e+02 -3.056122536150669960e-03 -3.055846875822838381e-03
1.195683045065474516e+03 1.879099205227932146e+02 -2.199587600227802166e-03 7.778085711689496518e-04
6.731502588331273955e+02 9.676632748390910592e+02 4.422014448490652061e-01 -2.044913975278875307e-01
8.435040959814105008e+02 3.952653072250182618e+02 6.275655511859127289e-01 -2.231661719736566241e-01
1.049202520280743101e+03 2.744178656205044149e+02 -5.873609668414120355e-02 6.237203090133822819e-02
1.020822772579064804e+03 1.647598261973188585e+02 -4.506531987180105274e-03 -1.993326645144757603e-01
3.067159323752624118e+02 5.717608175418491783e+02 1.514098908882202102e-03 -4.807888756553132387e-03
4.634910517062550070e+02 3.924639531621621700e+02 -1.749022903845573289e-04 3.014907974458387076e-04
2.186708426364110096e+02 5.904634775990849676e+02 -1.972230900911094986e-01 3.605388916588042059e-01
6.474517235983340697e+02 4.434301146657426784e+02 4.053627979829080297e-01 -1.074870908232488514e-01
1.111982919388810387e+03 1.800638609690157921e+02 8.011429105928785308e-03 3.194563899082687730e-02
2.760179287094568394e+02 7.004373389808337151e+02 5.337026301042509420e-04 -3.372290014211931555e-03
8.029502100267040987e+02 3.488196980130235261e+02 -3.407891508125628910e-01 1.587690766476517745e-01
2.538914706384738054e+02 3.632382103022182491e+02 1.290950873126382389e-02 4.161410943243364774e-02
1.079103254887313597e+03 1.969918394457428974e+02 2.603987508042103060e-03 -5.377920471333497848e-03
2.492047935656650282e+02 4.781847886624665307e+02 1.777212845625248533e-02 -2.544432721642108514e-02
2.182135787843711228e+02 5.813666322037456666e+02 8.050752923545789752e-03 1.813326899468059930e-02
1.035095179705146847e+03 1.934836570634843156e+02 -2.339473518240903216e-01 2.224972033262004323e-01
8.005448043824198976e+02 3.398402194811452546e+02 -3.255773983831211082e-01 1.418695205393705194e-01
2.870138049094522898e+02 6.512509492228983845e+02 -1.222950494685833521e-03 -2.375082655973555570e-03
1.249606301456745541e+03 2.979840197350374069e+02 -1.508848545318815584e-02 3.252754397993445901e-02
7.917967165918606725e+02 9.461741592818076469e+02 4.316334650009510665e-01 -2.462810474987195963e-01
8.206595140724932662e+02 3.291335114567405640e+02 -2.985124498737055654e-01 1.419485490023525420e-01
6.816270179980421062e+02 9.789254986840830952e+02 4.328154002188746019e-01 -1.862480543508577280e-01
8.615196218839506628e+02 8.922483622621199402e+02 6.260802308097211943e-01 -2.168880887387063527e-01
7.967545518904394157e+02 9.525106742234153216e+02 -4.734100936945025428e-01 3.055527826194608387e-01
1.104916266901278277e+03 2.819962450319212621e+02 2.770132607253578683e-01 1.775517848069438909e-01
1.221319792369363995e+03 3.169765077027092843e+02 1.993861578038791382e-01 -4.005950589329010381e-02
1.056245069974334456e+03 2.060340418401223133e+02 -2.695904400133537684e-03 -9.192514906447799570e-04
2.642318982713459263e+02 6.295079872891833475e+02 -3.395409754837641885e-03 -5.456566201357896002e-03
7.331315345371168632e+02 9.456885567298426167e+02 4.002951269492933117e-01 -1.868459675168709921e-01
2.999967188954764197e+02 5.947415102297952672e+02 -7.047234898514394491e-04 2.063950357124343712e-03
2.619952999662846764e+02 4.811830175809344610e+02 -5.233045956013502274e-03 -6.263324773319124683e-02
6.720149537594410276e+02 9.752634212235844871e+02 4.397530482246210237e-01 -1.916626597440816426e-01
2.136464681620647355e+02 6.103353058955774486e+02 -1.270928809271033022e-01 3.942145236197149849e-01
2.763410347465668337e+02 5.414137633494719921e+02 2.382972076850139662e-02 6.427532506747168223e-03
7.417115155835633686e+02 3.779693745487253977e+02 -3.866968461887599906e-01 1.397498664836362980e-01
6.013814130548181538e+02 4.303356424451125690e+02 -5.062095082146017555e-01 1.738602055603445384e-01
7.994660028111477459e+02 9.569005468124603340e+02 -4.772407152987197532e-01 2.869665590911475994e-01
1.976400871924861633e+02 7.050771361794063523e+02 1.137642560534561816e-02 2.500221570677681714e-03
1.807269555728524040e+02 5.711952844494174997e+02 4.552751546368530126e-03 1.560279915500557661e-03
7.422738247221227539e+02 3.594856100131218568e+02 -3.716578077443352113e-01 1.240172934447249797e-01
7.027119295680262212e+02 9.943155171079536103e+02 -5.342948854734803632e-01 1.770856809195691106e-01
7.655894219473808562e+02 4.149118018487602626e+02 5.364494516404185731e-01 -1.216592657593342508e-01
2.147278681277428518e+02 7.137999750097584410e+02 3.669033217921752296e-04 -1.046750452534826389e-03
1.022629904012221800e+03 2.109974535457913589e+02 -1.378344256426944914e-01 1.850387174750048880e-01
6.240624350048195765e+02 9.716236152817635912e+02 4.343465143421920693e-01 -2.173088772060712270e-01
1.175369788229649885e+03 1.785674054761601326e+02 -1.919662629917625110e-02 -1.679489746820603258e-01
6.417681399819282433e+02 4.249594406899619798e+02 -5.060870574312110737e-01 1.959662586777561610e-01
2.241522147957037703e+02 6.582519930011543465e+02 -4.749752649766689010e-04 -1.977755011453290017e-03
8.287434870036641996e+02 9.420563434151105184e+02 -4.602167730755379327e-01 4.102385480188880940e-01
7.200349300421542011e+02 9.220834917307402065e+02 4.434953927926417738e-01 -2.130520520637300408e-01
8.781108066637289085e+02 9.063517363169886494e+02 -5.090292617932343777e-01 2.393309095732423786e-01
2.708185651205482714e+02 4.639956708977230164e+02 1.539507607384731601e-02 -5.548786839960995892e-02
8.638871223821676040e+02 3.374997740503307568e+02 -3.563700338779327570e-01 3.248140324676119239e-01
1.164414222001106282e+03 3.470936716057904619e+02 7.334455543604244225e-03 -5.506737397213767177e-02
7.155280223104794004e+02 4.271074495735231835e+02 4.959051523870215417e-01 -1.110030040495002673e-01
2.853656641737941300e+02 6.270924521322252758e+02 -3.831390927963062784e-03 -4.190668384396330562e-03
2.631732880437133986e+02 7.040958031059669793e+02 1.566810112125391341e-02 -5.502911441698019393e-03
2.518769496521432245e+02 5.957988118643719417e+02 1.134380267069389631e-02 1.662125549944899056e-02
1.049086860556546981e+03 1.772298921787312054e+02 -6.391967763197904662e-02 -8.432509227882202182e-03
1.074416165036099073e+03 3.196764119159608981e+02 -1.283938154200417502e-03 4.222983601223269552e-03
3.060070943192339428e+02 5.615052040643811324e+02 5.729867712236986349e-02 1.160442155201334979e-01
2.817531195283185070e+02 6.461553354560900289e+02 -8.074414815304393686e-03 -1.488752657607084022e-02
2.474923812995796482e+02 5.794719549847760618e+02 2.862342656838832988e-02 -2.742118213638317092e-02
8.885546669655020651e+02 9.000924484843280879e+02 -5.352438400210981495e-01 2.506181838189453503e-01
1.036331744024679210e+03 1.631363716804862634e+02 -3.608019835412213435e-03 2.952850674218985075e-02
1.022492087640505702e+03 8.111363775901518238e+02 6.595917669800203109e-01 -2.733861554732633925e-01
2.637285283042734818e+02 3.460311728898396382e+02 4.377108994311631335e-02 8.828058835759784728e-02
2.751455704494066481e+02 5.854716684286061081e+02 1.281283098727848194e-03 8.233283729370245718e-03
2.513370033755400641e+02 3.357679257224067442e+02 2.308554776988384644e-03 7.970364024037007722e-02
5.727405723012088856e+02 4.310541951499759534e+02 -6.077495931844695276e-01 1.725667302561972871e-01
2.450828389319661369e+02 3.390102293737630248e+02 2.691900814874690837e-02 1.018531457308325672e-01
5.702330701404557658e+02 4.482930958083758242e+02 5.825735591295621019e-01 -8.963775807261369077e-02
1.242313742446354809e+03 3.174290797589229101e+02 2.779161720960982573e-01 -1.221867929860642396e-02
8.352779984330261414e+02 9.253577080365807888e+02 -4.871570411316434313e-01 3.784907871183647021e-01
1.013640988972191622e+03 1.710999198565176584e+02 -9.079256577437452846e-03 -2.097009629099094996e-01
1.136476107519713878e+03 2.255706774700707911e+02 1.972096873604380247e-03 2.305382879842004292e-03
1.134221479331313731e+03 3.264336111504464952e+02 -1.018884177444243262e-02 1.834208515030992873e-02
8.784709686958049133e+02 8.780430408254345593e+02 5.597655277572841648e-01 -2.861330329579340193e-01
8.247344985592801550e+02 1.102176810827752888e+03 -1.287437903826712149e-04 -3.011666394110698572e-05
2.540713296548256892e+02 4.997969961644648151e+02 -2.577601581945731081e-04 3.439659415535331263e-03
1.297584831152183142e+03 3.516974505366904964e+02 3.425918841639265938e-02 -3.671973538783868812e-02
2.491572885329540838e+02 5.018281788679893225e+02 -1.074827735754360419e-03 2.617193873131197154e-02
1.160421908243702092e+03 3.460625284960731847e+02 -3.668211277026964950e-03 9.945692641632503540e-04
1.034413062067538704e+03 3.257445696471359611e+02 6.858946839173135634e-01 -3.270576994689624595e-01
1.141038557095154147e+03 3.382572167930593992e+02 -3.196595285537636604e-04 4.377463076367001972e-03
2.171932235815950776e+02 7.310537055519137084e+02 4.969336848306072502e-03 3.486549664153874937e-03
2.860964004701078807e+02 5.733591615740543830e+02 3.637671795512358985e-03 1.874970025101397849e-03
8.999526765241065505e+02 8.858344419315664027e+02 -5.844821660013322928e-01 2.218376491074625645e-01
1.220555302436627017e+03 2.210770127254989177e+02 6.813047188323721748e-02 -5.540319337338905220e-02
1.170190449014299702e+03 1.496995444975380281e+02 1.948956053181541154e-03 2.385842163808248213e-03
1.262762270805579874e+03 3.640351349676201380e+02 6.065971550145663480e-04 -7.297176418122413265e-04
1.070373710009209844e+03 2.803057233013433915e+02 -6.675785199156439656e-03 3.287334618595434688e-02
1.183881224517912869e+03 1.653396825524260976e+02 3.337327095186092257e-03 -6.138951875102227791e-03
6.652210902574693137e+02 9.920260405836454538e+02 4.586880492781700847e-01 -2.512157360155951591e-01
2.544186216517393575e+02 5.262224067414334741e+02 1.894354304392668886e-01 -1.346677715055114577e-01
1.174426838121737319e+03 3.470746738739698571e+02 -1.720858348080402805e-02 1.472442468255311110e-02
6.795848463666449106e+02 9.477667064834311077e+02 4.285508551784331654e-01 -2.004104012683192437e-01
2.718652035716215778e+02 6.720149601645932762e+02 2.594258280233175101e-03 -1.602852116279071103e-03
2.938698261328206058e+02 5.147744794546841831e+02 -1.504252588641083769e-03 5.817283402457167074e-02
7.682017490662841510e+02 3.477100282140619356e+02 -3.895456593973298243e-01 1.659112215761474052e-01
1.143370054856735351e+03 3.413833422018644228e+02 5.546948298982411207e-03 -6.747248274394331870e-03
1.184116867210937244e+03 3.902858102439633967e+02 -6.982914737057732343e-03 1.336772566511601999e-02
2.402440173059151789e+02 3.480195130640093453e+02 -1.055085466234258787e-04 8.456372637302685125e-02
8.887369225361391045e+02 2.952173708310332358e+02 -2.834164193522513697e-01 3.465441693974939397e-01
1.128910027799999853e+03 3.240662317349781461e+02 5.115150993094743324e-03 5.342846887880104562e-04
2.553589054737587674e+02 3.413956366170648380e+02 1.415768489854546570e-02 8.900488385687943538e-02
2.310687019896103038e+02 7.404396008027068774e+02 5.189333186745450667e-03 6.359709305024582697e-03
5.843781407881389214e+02 9.882643662067454216e+02 5.360652500772373763e-01 -2.924650002995205500e-01
2.389304180988073369e+02 6.372256867664144693e+02 -2.034127991579160518e-03 1.572654769197830366e-03
6.532474262418131730e+02 3.938058612010809156e+02 -4.663669063811134441e-01 2.281336060810664201e-01
3.608543418353507377e+02 1.066880739386287814e+03 -1.940478797966775290e-02 5.198833289701760771e-03
8.432927223677384063e+02 3.259483454997812260e+02 -2.292954470512680309e-01 2.495317100709195934e-01
8.480246199581962401e+02 3.291622551765104276e+02 -2.586819361625153357e-01 2.615114888400076887e-01
1.144767387770585856e+03 1.899610205819789996e+02 1.634725407445042356e-02 -3.708467946994302867e-03
7.052484243725748456e+02 4.018927417121656731e+02 -4.033877363516838455e-01 9.020965747124580492e-02
1.033555083519128630e+03 8.321165848291790326e+02 6.998101009905522973e-01 -1.870021100237487799e-01
3.087522935362294447e+02 4.972732432259312532e+02 -2.609128697888238313e-01 -9.516794800211161864e-02
1.069072623367607775e+03 3.109523134433388236e+02 8.323784688818615385e-02 2.283223050865993906e-02
2.340744011143569878e+02 7.222998181361916750e+02 -2.041429693821159566e-06 -1.058168291626433244e-03
2.490552187279876364e+02 6.818950428461537285e+02 -2.315636181368283767e-04 7.071822467664652841e-03
3.367743195227733395e+02 5.233072905681827933e+02 -1.940373068764034148e-02 3.262142571437562366e-01
1.165976805047257812e+03 2.402268842123552020e+02 2.132993359124823324e-03 9.691384729517728280e-03
3.683692945100015663e+02 1.066191950059884675e+03 -2.761770626199728986e-03 2.369485410491227548e-03
2.407490876788833134e+02 7.324236754165956427e+02 8.181198623427600111e-03 -1.506978598317485580e-03
5.623047042705173908e+02 4.409489811706993692e+02 -6.120759395157034932e-01 1.791419683666695406e-01
1.111170583252334154e+03 2.201487455332083414e+02 -1.226465934303515824e-02 2.962511967607773036e-02
1.207489778472082435e+03 2.168234495674394111e+02 -1.129255836121506032e-03 -6.457651552407826963e-03
2.273871005109685086e+02 7.304817590585706739e+02 -1.122901506878625985e-02 -1.371054668264956589e-02
5.919798323282082038e+02 9.958760753555476413e+02 5.485764024951295115e-01 -2.943925386313792636e-01
3.133080316618999177e+02 5.744837478489203022e+02 1.102675164903226500e-03 -6.751035827735426924e-03
2.599983095936269706e+02 3.341365791587401759e+02 3.360737396229413615e-02 1.181969540236579713e-01
9.706370508052825130e+01 3.642205634532841145e+02 9.119069628896719903e-03 1.692355518520848381e-02
6.132986160695035096e+02 4.056075771987670464e+02 -5.196859999197653845e-01 7.312274162696309754e-02
1.157706752631121844e+03 3.624070088229676685e+02 -1.809904636574363301e-03 9.646403444974404121e-03
1.148024872910632212e+03 2.113233060667011500e+02 2.223343207567655272e-02 2.097285629566097986e-02
1.224288771806780460e+03 3.620283229539335252e+02 7.949788142245733588e-03 -2.571105876566294988e-03
2.512951301954658732e+02 7.105183635371063247e+02 4.822018612659044988e-03 1.013800530569761334e-02
1.003139216029743352e+03 3.360545148750426847e+02 6.707786166897449220e-01 -2.585169916867358642e-01
1.042552861040941934e+03 2.003375482680322079e+02 -7.225929044796088139e-04 -4.617174823011108847e-03
1.085915604542743040e+03 3.393324230858861483e+02 -8.402573806027041972e-03 -4.103966070383558915e-03
2.194416334779429008e+02 6.636484466713086476e+02 5.383833856354153583e-03 -9.650745922260851525e-03
2.771894953086107876e+02 4.340426558124984240e+02 1.288998760344384209e-03 1.477861232270958822e-02
6.831151136919465898e+02 4.150277809803660034e+02 -4.262179290480171412e-01 2.073242222159226711e-01
9.033408015382329950e+02 8.599697465370294367e+02 5.059319643562886215e-01 -2.345923978628834949e-01
1.162595539745325141e+03 2.525277083763843393e+02 -8.455290424778764968e-04 1.699213145721416469e-03
1.134814584454388068e+03 3.018110207026011835e+02 2.124847727850239995e-02 4.876893730659273736e-03
1.152996108613568595e+03 2.226845230145404457e+02 1.514252945100614221e-02 -2.073895830233872615e-03
1.146223415808967502e+03 3.705007329829812193e+02 6.788213176999459766e-03 -3.338567274002429437e-03
1.175210815962542029e+03 2.508914908791168727e+02 -5.585799444872355767e-03 -4.976592694742301183e-03
9.181960058252756198e+02 3.119430729997345679e+02 -2.573629464773171116e-01 4.166538986492053787e-01
2.627139211656071325e+02 4.734200831563666725e+02 1.600402557177446269e-02 -6.094422968282240533e-02
2.622322239312940724e+02 4.909931761938638601e+02 -2.633905500497258842e-03 -6.280406401441553099e-02
1.182645749693994503e+03 2.552171444411992809e+02 3.936559593284982839e-03 9.309545471209352586e-04
1.086962627152117648e+03 3.337542117484327377e+02 -1.046416449991630776e-02 1.374339247760392700e-02
1.121864390317884954e+03 3.758423324200613820e+02 -1.781743371611359955e-02 8.449669544317278680e-03
2.512290535177711490e+02 4.212242515526918964e+02 -1.904921003597979112e-01 -3.499847644309571071e-01
1.034193916882049507e+03 2.082321187059707199e+02 -1.799500004827151167e-01 -1.792689214633331474e-01
6.500010169008438652e+02 9.596778027139619098e+02 4.542123514141556684e-01 -1.974739159299874203e-01
5.416121238120267662e+02 4.433344362593253436e+02 -6.728384233163801076e-01 2.677160215987289815e-01
2.165332703738921225e+02 7.228025968912177177e+02 1.418915005008149904e-03 1.125297016768165605e-02
2.579183685774081027e+02 4.149371539686145525e+02 5.064369547129233401e-03 6.525669642057621914e-03
1.045088214069118294e+03 1.786533800330612394e+02 -8.804936247905754965e-02 9.280952444065700135e-02
1.064234839924942435e+03 1.974812824660666593e+02 3.401255718127271788e-02 -5.778868446548057758e-02
1.204711516465230261e+03 2.062310772149501190e+02 1.550971367684120727e-03 5.658945775963101360e-03
2.108421760300606422e+02 5.779163895146922414e+02 1.573436772007690693e-02 2.836277521411676925e-02
2.571233688834088866e+02 6.045666465023496130e+02 -2.151973398913289287e-03 7.637631668540232049e-04
2.541968120940927349e+02 5.361125597675440986e+02 -1.923512217372907451e-01 1.289387822229612346e-01
7.057683372022664798e+02 3.650237700634716020e+02 -4.482147537016287764e-01 1.475960494378908971e-01
1.147055678512049781e+03 3.282239506993416853e+02 8.398765059144009879e-03 -4.975349850904440012e-04
2.194495043179382492e+02 5.486027401667507775e+02 1.981030754864400723e-01 7.555576962117203921e-02
7.476228293901536972e+02 3.940558101245188709e+02 -4.435266539197237345e-01 1.201963629065848083e-01
2.476416803926737487e+02 7.589736182328933864e+02 3.088998192418224500e-03 -4.117785792779145499e-04
6.249903419633523072e+02 4.006232594787081780e+02 -5.319818579133821501e-01 1.170138801311356169e-01
7.442702613956854520e+02 4.193577611410513555e+02 6.180730621861298957e-01 -8.804427651585067238e-02
2.099931729241288849e+02 5.540056795283643396e+02 1.908101987018571144e-01 1.257426371231767925e-01
8.799180363883482414e+02 2.894110651929394180e+02 -3.250382220479639539e-01 3.298173102568701109e-01
2.270283566804021120e+02 6.723924421793913098e+02 4.290470600623019748e-05 -2.779561703074241458e-03
9.169344065631077001e+02 8.957246704931745853e+02 -4.549335309895585766e-01 1.303259668025966433e-01
1.042485486437000191e+03 1.696905047240900899e+02 3.989096779170524243e-02 -4.921409051116983069e-02
1.246620350565889339e+03 3.335756787638013066e+02 2.286347752563838431e-01 1.050567663949000113e-01
2.461961543594000545e+02 7.013102514748532030e+02 -7.888967462070531019e-05 -5.223517597099513066e-04
1.202634162003698520e+03 2.271467702574992416e+02 5.797444955866318944e-03 -7.848141603143730591e-03
1.039482330157711203e+03 2.642028307825213460e+02 3.089513394273256663e-01 2.442126318186348677e-01
2.580807444100233852e+02 5.133366878502037025e+02 7.481107684919428846e-02 -7.246329780548985133e-02
8.995473471710205331e+02 3.080837507376571125e+02 -2.180825484507117329e-01 4.067827177825114049e-01
2.193865277125542264e+02 7.073062703435798539e+02 7.112985608241367700e-04 3.021502530972080235e-03
3.021516656454965641e+02 5.835595833746502876e+02 -5.868580850514069740e-03 -9.836070295698459351e-03
2.584738197680722465e+02 3.262197051988676435e+02 2.024070738558982410e-02 1.465811309305647681e-01
2.450823644509939925e+02 3.271624243466109760e+02 2.787157454103425872e-02 1.140882310863838706e-01
1.172888363997444685e+03 3.283640632257474863e+02 1.404520566907555001e-01 1.922593995589214344e-01
3.754887061048807482e+02 5.447791057718854972e+02 9.752789808225831303e-02 -6.254070458833954627e-02
1.140905524953981967e+03 2.411990973789914108e+02 -4.634879033754277754e-03 -7.277203943295595164e-04
2.364400560937113482e+02 3.309594063343300263e+02 9.150307993742713003e-03 1.306169758689252891e-01
8.551483511500730401e+02 8.778990593691146387e+02 5.520112986630623109e-01 -1.786351842733431561e-01
6.172587104058945897e+02 1.020231229127203960e+03 5.087958167683814814e-01 -2.537156954501014194e-01
1.182367238722983529e+03 1.713219185504216853e+02 5.297531496090765457e-02 -4.955896952334105932e-02
1.184253052506546510e+03 3.639539618629403321e+02 5.807643952471378164e-03 1.420690878097673844e-03
2.510048680876922731e+02 3.605945082457552076e+02 2.271501749521688540e-02 6.763212685113235978e-02
1.072915765417800458e+03 1.954336265170986167e+02 -2.151589165771721195e-03 -1.436533556899618905e-03
9.134243353132897880e+01 3.669915262580888111e+02 8.556674728506866168e-03 4.653657932360511992e-03
3.135186941429058720e+02 6.279244731537826283e+02 -7.927390556631615671e-04 -1.440980259847285524e-03
2.613309033423576011e+02 6.735335005564783160e+02 8.871682844664749261e-04 4.174568630088684382e-03
2.337680240555191347e+02 5.578505971438312372e+02 -2.057103885582465264e-01 2.403042923647409068e-01
2.616625340334811085e+02 5.045866830751020302e+02 1.778972418013789053e-02 -3.654762387271706658e-02
7.739486047581077628e+02 3.726374147158491610e+02 -3.839198471504075005e-01 1.077295616006472556e-01
9.108138020643402797e+02 8.469566960063856413e+02 6.403954174022421508e-01 -2.379262534204658053e-01
6.949694385927505209e+02 4.039551833186046110e+02 -3.682850006018477673e-01 8.734288384442102926e-02
1.125061322401428470e+03 1.801185523360102536e+02 4.805971732344230425e-04 4.586329731495197848e-03
1.018199065992289661e+03 1.963244053000343001e+02 -6.991546852759936148e-02 -1.257217317579789884e-01
4.579213147377136579e+02 4.649930332417101226e+02 -7.490866915514177160e-01 2.983720000086528268e-01
1.190615138880672248e+03 2.255685011970467144e+02 -2.281244438275433287e-03 1.926503755524631989e-03
2.717409862471861857e+02 4.846800104095147503e+02 -4.369749466555879897e-03 -6.521901325456579135e-02
2.429649998603687777e+02 5.491600591694622153e+02 -1.931543296735309112e-01 1.994466393165778562e-01
1.169997915349948471e+03 3.774976488145467783e+02 -1.333312315113298514e-02 2.792057252081644320e-02
2.957548273239899572e+02 5.441160538025561664e+02 -3.597824501965344191e-03 6.197691442437617410e-02
1.955264450510696292e+02 6.503064167858336759e+02 -2.920899340321321813e-01 3.954729021001813227e-01
1.115171040681745353e+03 1.644994014150113912e+02 1.455175328216214495e-02 4.118200968610247203e-02
9.381947257884905866e+02 8.862571485317190536e+02 -5.224468525914784944e-01 1.668797780686618604e-01
1.137951822431620940e+03 3.203837770353849237e+02 -1.703887643534787028e-02 7.074504746062847474e-03
1.099718183290457773e+03 1.636538606690033646e+02 5.942292043434715260e-02 5.345094939265704337e-02
9.363297741385977133e+02 8.962930609208261785e+02 -5.319061634868409438e-01 1.583411741470906187e-01
9.622663108742158329e+02 8.720299690466572429e+02 -4.772089875285543403e-01 2.233566239688284938e-01
1.097006147484197299e+03 2.098845154370208945e+02 1.014857305495608236e-01 -6.672380164376205680e-02
7.604564610618796223e+02 3.529481182921207960e+02 -3.585910891971277326e-01 1.298295708169983353e-01
2.581976228451663928e+02 3.875104486640444748e+02 -3.660558168809246050e-03 -6.091899046411261565e-03
1.145933625475420968e+03 3.145862177756276310e+02 5.642779907623995603e-03 -1.016916879344627496e-02
4.858705978440618196e+02 1.043777803229593701e+03 4.654091303408894320e-01 -2.759223441877687866e-01
2.094205145382845785e+02 7.236986607605259678e+02 -6.679359322853798981e-04 1.573403143216673544e-02
1.087309508756647347e+03 1.721501295918040171e+02 -8.353813788327970474e-03 2.808299882343590070e-02
1.155629289334157193e+03 2.059139590759171199e+02 1.207337351084869677e-02 -6.296328944783638817e-03
2.757992228685350824e+02 4.626138697101033586e+02 -1.149290081484031639e-01 -8.688811324785065959e-02
2.207311434047342686e+02 7.426154982049004047e+02 -5.899551001811073267e-03 -4.294162776250907108e-03
8.096680743244589848e+02 9.342473267643639474e+02 3.687168013573227654e-01 -1.779174608961167359e-01
1.205255157013253893e+03 3.250639461792301290e+02 1.301355952344008526e-01 1.436890755288439125e-02
2.198476190550370006e+02 6.110330633284368105e+02 -1.411880788276912435e-01 4.149382458813464236e-01
9.637398855721820610e+02 8.771236316900832435e+02 -4.937022386414519626e-01 2.388963053134614267e-01
7.094652773882580732e+02 9.857386170766604891e+02 -5.815718525209657708e-01 1.937220294092732165e-01
7.132049643364059648e+02 9.577187802090012383e+02 4.015815755030094913e-01 -1.784277069384463121e-01
2.733675112472058686e+02 4.511922358644033579e+02 -1.312502142431503926e-01 -1.071878574257920796e-01
1.181749464163432549e+03 3.118185555979797527e+02 4.164863867977191408e-02 5.617061321126949483e-05
9.044021090402700338e+02 8.697936159304306329e+02 5.173140401924805065e-01 -2.558692839288967957e-01
8.525467746344586430e+02 9.189936185683706071e+02 -3.987837853524464071e-01 2.275253406169145676e-01
1.015242266225176877e+03 1.652986016706825865e+02 -6.052562290730549577e-02 -1.206492264895951821e-01
1.262008647884477568e+03 2.673643734918976520e+02 1.355532342153994638e-02 -6.280053300566006830e-03
1.265752070624331736e+03 2.039283222299957288e+02 -1.618568118883018580e-03 3.035206661070164250e-03
2.503401401401715134e+02 3.230408540672773938e+02 2.721304348622540989e-02 1.312651383758959844e-01
1.297394841949412239e+03 3.397455475921817651e+02 -2.216735672489534570e-01 8.792094012313489415e-02
1.205045533658392969e+03 3.693508067883341823e+02 -7.478306578127558168e-02 -2.159034784746762317e-02
9.169466904943609507e+02 8.812877988854727391e+02 -5.556277467094613565e-01 1.722596639927603257e-01
8.742858507049612626e+02 8.722253333547604370e+02 5.682860381077322609e-01 -3.014343120918114849e-01
1.191702627353429534e+03 3.577794757371990499e+02 5.448466188443148138e-03 1.558688790632260963e-03
2.446111053310178818e+02 3.135913367038065189e+02 8.021004001258718805e-03 1.296294149735015000e-01
1.170981739324300406e+03 3.405473283148940027e+02 1.568756334335362490e-01 1.643394719655199773e-02
1.995774586725151778e+02 6.847378389095737248e+02 9.835706058671666099e-03 8.088722536187857581e-03
4.896826449889211403e+02 1.050097532448856327e+03 4.972877141250297006e-01 -2.738096275006772773e-01
7.257748068387494413e+02 4.073638625559547108e+02 -3.725538440444775001e-01 6.803745224923285484e-02
1.168467030105376125e+03 2.076618368564659249e+02 -1.797921325613618948e-02 -8.583804087396460294e-03
1.124395076164032389e+03 3.033213139508964105e+02 3.788393847020019370e-03 -1.742838412615758947e-02
9.792197291061369242e+02 8.621312936474046182e+02 -4.934147455072414035e-01 2.176042711029523014e-01
2.373326493886434037e+02 3.192998581239077680e+02 2.755818886731590395e-02 1.385226692586557229e-01
6.458551175879021002e+02 4.315391284330804638e+02 -6.596811698484814079e-02 1.096836056989990565e-01
1.224326120603177287e+03 2.166774866136362618e+02 -2.210057892850750012e-03 3.368038589051780291e-03
6.288891119069500064e+02 9.804943060014861658e+02 4.514886496769153768e-01 -1.918832483325957627e-01
1.129867980023109340e+03 2.212204786304461948e+02 1.223150554990905595e-02 -1.953988013681119337e-02
2.581636735520528987e+02 4.521007398631866181e+02 -3.119415785079127090e-03 5.326988120259557036e-03
1.105449085661376785e+03 1.641323085752207191e+02 -2.019794568658122430e-02 5.638635702576008657e-02
1.023925525345097299e+03 2.435192498584705447e+02 2.806047689545342894e-01 3.200332163287860632e-01
1.133315106860240803e+03 1.838431817725523274e+02 -9.799546214962632021e-03 -1.287026943027503884e-03
1.054942246093325139e+03 2.005775559400474037e+02 2.289478305688630311e-02 -5.805442266338872032e-03
8.649855231102505968e+02 1.102293520019734842e+03 -3.325810906159345484e-04 -6.505920064633341753e-04
1.217529000993602040e+03 4.170082113802026242e+02 -9.768149425371580249e-04 -1.323002115712613308e-03
6.193755826272673630e+02 9.359068480089242712e+02 -3.463049836790388960e-05 5.550218080442040824e-04
7.554125967106045891e+02 3.807452274988863223e+02 -3.370660934485345539e-01 7.227596843906926305e-02
2.823934799505883575e+02 5.586347749500315558e+02 -2.064227239030191115e-03 9.077872460875819130e-04
2.672450164334224496e+02 7.208053565784092598e+02 1.552605092773670648e-02 7.637082080128664669e-04
7.399566426884848624e+02 3.712146746780339868e+02 -3.571810633991682749e-01 1.042506056260208425e-01
8.781131215185233714e+02 3.777488333365943163e+02 7.988087097096647771e-01 -3.492057169285579521e-01
1.192837535802002776e+03 2.324765331564277062e+02 -8.399907285217190003e-03 -1.514453134999226014e-03
1.936200023416862166e+02 5.945906726818039942e+02 2.462374365051974139e-03 -9.355519518121829803e-02
1.155540487749265594e+03 2.476387449448370148e+02 1.511348635381857576e-02 -1.058738410728069824e-02
8.593006179461866623e+02 8.661810834768593850e+02 5.771079335450367553e-01 -1.799290316379019705e-01
7.720329302620531280e+02 3.500955793053795446e+02 -3.739399275338772810e-01 1.495359323167297638e-01
9.319936134325339481e+02 2.393775700225667151e+02 -2.577128458976115644e-01 4.015259615281706052e-01
9.745527206288861635e+02 8.823859043483068945e+02 -4.890268667828368554e-01 2.366438762320997036e-01
7.330731966614971498e+02 3.981757645309089071e+02 -4.417135627575697887e-01 1.676159932646829193e-02
9.784219480335217440e+02 2.588678445773977614e+02 -2.098460036596341838e-01 5.057056340741709066e-01
2.375483813860912790e+02 3.747220081757196226e+02 -1.147746348079252687e-01 -3.472048155192939412e-01
2.608651346856325972e+02 6.598830982342724383e+02 -9.128159164055148211e-03 2.481940450525819530e-03
9.848597054702709102e+02 2.644213490855387931e+02 -1.950451609592527003e-01 4.381241061459049124e-01
9.399167157865616673e+02 2.390463848771640585e+02 -2.264786477969000511e-01 3.994056077321522236e-01
1.207945483707679159e+03 2.394511157947253821e+02 -9.182627084706693546e-03 1.155290247351779299e-02
2.686741631464377633e+02 5.100376881443626189e+02 1.344897155120697123e-02 -3.915225654603401995e-02
7.275098176607202731e+02 3.695858902121537426e+02 -3.819093348480306904e-01 1.403729123794906219e-01
6.161644275978372889e+02 1.013248177119565071e+03 5.305932777550125268e-01 -1.860523344548147273e-01
7.625116252411942241e+02 4.371414946290919374e+02 1.157209599599087063e-01 -4.221289972036632032e-02
7.858351921760031473e+02 4.600010281718900842e+02 -8.983483372305435186e-03 1.152216211541997881e-01
9.340425200128219103e+02 2.553539805658953696e+02 -2.524550247726483065e-01 4.056653663832237022e-01
1.313128375241021558e+03 3.333626012926883391e+02 2.327469372214164001e-01 4.762356744326906588e-02
2.325996528928201599e+02 5.819721377992709677e+02 -1.504666991858386316e-01 3.349766386625195880e-01
2.504547229144320397e+02 3.450596107765294391e+02 2.647217494893285700e-02 6.539592406250782641e-02
1.051191652653730898e+03 1.981967325545026881e+02 -6.985122083072851928e-02 5.254620487201296097e-02
1.002697581973951742e+03 8.524016363592794505e+02 -4.241680821517847533e-01 2.269637986195513490e-01
6.620445737731544114e+02 4.321873220223300791e+02 4.181582278015513188e-01 -7.626453300273307312e-02
9.057078074161944414e+02 8.449006781258850651e+02 -1.187112450047439483e+00 4.380713770873219115e-01
5.575264982418117370e+02 4.289621051797394102e+02 -6.200642859428622256e-01 1.700517833806289014e-01
1.074916162864537682e+03 1.731597956869545385e+02 2.110128382855466431e-02 -2.043522227255787499e-02
9.677671381854237325e+02 7.429197991442490547e+02 2.511288491124861674e-03 -3.091903568263048175e-03
2.726619168883614179e+02 4.246114715415074556e+02 8.577067614302593887e-03 2.584904107440103710e-02
1.117285372628004552e+03 2.101202767342128652e+02 -1.616951036544153272e-02 3.492298536250467572e-02
9.136372740206695653e+02 8.338495579955733774e+02 -1.218628008986619937e+00 4.587320236837029164e-01
9.760069270044755285e+02 8.887957264863370028e+02 -4.892026694804772480e-01 2.497226875321872375e-01
6.399675971246139170e+02 4.395136841297006640e+02 5.918824042730670421e-01 -7.912398864609015980e-02
1.159855303966457996e+03 3.754878880988887317e+02 2.214039877885670346e-02 4.690173208127861797e-04
1.053432228537488754e+03 1.876800374566065557e+02 5.509921687717176525e-02 -1.470227946961857324e-01
7.563222425412931216e+01 3.309709107721566284e+02 2.355681601797820438e-03 8.512505434243668873e-03
1.756948045262509766e+02 5.544439694665259140e+02 1.529369723033048301e-01 3.417305983209216191e-01
1.042565427716582690e+03 2.264634676030052276e+02 -3.796775155715723105e-01 -2.620383450569855888e-01
2.809561552394665114e+02 6.207118337398250105e+02 9.824096741805204980e-03 -9.511202532412246086e-03
1.154953428879678086e+03 1.999686984243817847e+02 3.092086179775167115e-02 -1.075937447654557073e-02
2.373628187737724318e+02 3.105267500247583143e+02 1.179674903384990859e-03 1.010137580624787257e-01
1.116674053830183311e+03 1.978954371645980359e+02 -2.580166661989146126e-01 -2.015915789924186408e-01
2.158406696638847393e+02 6.970159847975396588e+02 -4.300895193427542972e-03 3.698652470729084374e-02
8.946024191127438030e+01 3.601810416666754122e+02 6.058580716558701479e-02 1.379310510606091555e-01
2.821899956703016983e+02 4.889896366162269601e+02 -7.198477212815341739e-03 1.542601625018255873e-01
7.847655292435580350e+02 3.552883603367658907e+02 -3.873523230587431199e-01 1.435626771085300735e-01
9.307186595191376455e+02 2.545127941983960795e+02 -2.382078559851739663e-01 4.542935089135889948e-01
2.683715920413875438e+02 4.289342241775816547e+02 1.665249024546874845e-02 3.553049490443189323e-02
2.243537210030684435e+02 7.102634141986420673e+02 7.975312865374579313e-03 2.797225094171396781e-03
1.124602970328433003e+03 3.393194098593762078e+02 -2.754949245496787422e-03 8.760155551538734544e-04
3.056308354692839657e+02 5.462018103618804616e+02 -4.274121141719433581e-02 -1.145560707503289755e-01
3.114325111862588642e+02 5.776857285705826826e+02 4.964960687980710628e-03 -1.626261589601676535e-02
6.454534598752243255e+02 4.096777038031493134e+02 -5.056588619855385547e-01 1.741968777643839728e-01
7.934746784018302606e+02 4.141776975962625329e+02 5.434797003511466773e-01 -1.302078360426142667e-01
2.820667450378056742e+02 4.991368758636813823e+02 1.462602944767772174e-03 2.011102762825737744e-01
2.490790783321655510e+02 5.180916861339696879e+02 3.827817124952578171e-02 -7.530948598610118921e-03
2.803306747423385445e+02 5.460384752490950859e+02 1.844264100154895114e-02 -5.477801689049682787e-03
7.283971058004638053e+02 3.918109614591329546e+02 -4.270380176498875802e-01 7.006039886219540824e-02
1.011306720473955920e+03 1.973469969212036403e+02 -8.743334124027241083e-02 -9.133883673659216884e-02
2.598847479655393613e+02 5.645663955155522444e+02 1.057280211732812038e-02 4.745766541509735710e-03
8.332962107138647525e+02 9.000504248993441934e+02 8.389848602690846979e-01 -2.689355337852878947e-01
5.618742671424969330e+02 4.310682623794946267e+02 -6.072464039543921110e-01 1.780820825408986063e-01
1.050956110538459825e+03 1.601216184519510364e+02 -1.695511611140111397e-01 -1.120100000731658330e-01
1.203202420112271056e+03 1.986812507540523427e+02 5.085301870707607114e-03 -6.552141073710529909e-03
2.893640778928398163e+02 4.847148518154489238e+02 2.764224202231146260e-02 -2.422850912570750359e-01
2.597869154506839209e+02 6.252090633463446920e+02 3.372319671155305735e-03 2.023041700468719648e-03
5.121912042054531184e+02 1.099278831599237719e+03 -2.614360124842206486e-03 -2.830745536256121068e-03
1.215938908023021213e+03 2.494939832127275849e+02 4.630314765167310546e-03 -2.707913980189421543e-03
1.131245073472247213e+03 3.585820199335193479e+02 -6.159586295217366926e-03 6.165751741363719243e-03
1.780142451659970959e+02 5.493668194344975291e+02 1.477294931430271352e-01 3.529642214766445241e-01
4.929443461720407527e+02 4.890805006231921084e+02 1.471393132981082541e+00 -4.667674314481591868e-01
1.082348376338970411e+03 2.073371996511504278e+02 9.628493131886484147e-02 -5.543030049390373915e-02
1.206792212483436970e+03 4.242808346441619847e+02 9.816044477774274035e-04 8.662503283852685714e-04
1.007660498340549339e+03 9.276404188246079912e+02 -6.865486466117905195e-03 1.472681853933503543e-03
1.152777217782361276e+03 1.938646908566497871e+02 7.330463902738275361e-02 -4.348834423912124880e-02
5.303265057136409268e+02 5.822413613087651356e+02 -2.992899176890637374e-03 -3.286723951514611969e-03
7.544388615440601598e+02 9.647314067172022760e+02 4.061592458614403656e-01 -1.945898788867171381e-01
8.470341195418492362e+02 8.993544605257889089e+02 4.136398317085920318e-01 -2.352704973926755538e-01
2.592323390371494725e+02 5.916746650086059844e+02 1.511875522398873110e-04 1.243637865374271068e-03
1.295296619754941730e+03 3.362151243129342220e+02 4.115871860628908530e-01 1.341938169759204769e-01
1.981889849467700060e+02 5.503755563009132175e+02 2.854662879183159085e-01 -1.546631763432386730e-01
4.412531340060723437e+02 1.065975278430564003e+03 4.539633805096785490e-01 -2.644600518801285549e-01
7.762713320872701388e+02 4.177881054824944727e+02 5.249750373572009687e-01 -1.241114547750387376e-01
1.194564247891592231e+03 2.622670316117681182e+02 -3.099954784793586271e-03 4.278186953107557949e-03
2.100011567398851469e+02 7.159978901688385804e+02 6.545318046386284193e-03 -5.744273791261809807e-03
1.156074020465845251e+03 3.595887310263751147e+02 9.887669203000751597e-03 -1.820126381127722300e-03
1.940613374379466336e+02 3.195118795762777495e+02 -6.850292543859240859e-04 -8.116698692157961253e-04
2.874927205195604643e+02 4.338079000038586628e+02 -2.005634764652756974e-02 1.974762325088949902e-02
9.300812535804858499e+02 2.329342152327558040e+02 -2.932542895649714598e-01 5.125350216195404540e-01
1.207746272080887820e+03 2.895738694132276692e+02 3.037619107225000836e-01 5.597459111475366900e-02
2.593316617725205333e+02 4.908126998465465931e+02 3.115580756628441063e-03 -5.221466204038632819e-02
8.713942510791692939e+02 3.944716005815495805e+02 8.081748537308803826e-01 -3.068434147216649865e-01
2.286124873807174822e+02 6.865038345667650219e+02 -4.101373885051467182e-03 -2.668356826889336716e-03
6.410937534412871628e+02 4.183837011532357906e+02 -4.943256050934516366e-01 1.796132562324146420e-01
1.161273923995024461e+03 2.236393501554528029e+02 5.896053400419987156e-03 2.085606151493126642e-02
2.695548478623369988e+02 5.214391669018802986e+02 -6.369267886728464945e-02 1.221752887417606598e-01
7.559760189289477239e+02 3.653174900816323998e+02 -4.013423948284190468e-01 9.719183316851830179e-02
9.247442672612734214e+02 2.274550784083514543e+02 -2.924290844372026688e-01 5.363195079746789773e-01
1.188691434617530831e+03 2.123244988013147463e+02 5.514837431975579823e-02 9.978577725389236718e-04
2.949361361097630834e+02 5.334637036558856380e+02 -8.540557804415208065e-02 7.390796080380598876e-02
8.195699718997680066e+02 4.014867027477934016e+02 6.070481418463228307e-01 -1.318302930404139373e-01
1.081981443571476348e+03 1.613414332094177155e+02 -6.597492799011375753e-02 3.336943175417959179e-02
1.119889368635377195e+03 2.155575351667034738e+02 -1.500417851702022173e-02 3.402892279095254529e-03
1.110665723270179114e+03 2.699554313557070486e+02 2.633104205273105736e-01 1.146723436905059540e-01
1.090973858489870508e+03 2.835976067333721744e+02 3.425881956252194160e-01 -1.325349483050251576e-01
2.902501488574183668e+02 6.701907081731326343e+02 3.745573375970770447e-03 5.957215294743171789e-03
1.168727496006460342e+03 2.462480661603312058e+02 4.665478406675199622e-04 3.785838658352599245e-04
1.110151635981708523e+03 2.352149890959807692e+02 9.105435329045144521e-02 3.803334539919536739e-02
1.192671307584222632e+03 3.748878338940783124e+02 -3.563559012667889825e-02 1.893253576002174379e-02
7.973389887944794054e+02 9.162211647819228801e+02 4.370400761038588100e-01 -2.121068550219906423e-01
7.713710593742866877e+02 3.623625982398394854e+02 -3.746451218152173079e-01 1.471483028138046989e-01
5.694157089498582991e+02 5.972355589574010537e+02 4.570896291327942312e-03 5.874125651550709225e-03
8.488439118598890900e+02 9.060136574679950172e+02 3.769279090525564646e-01 -2.246690572408248654e-01
1.159608446378115559e+03 2.309042326170657304e+02 1.643999530403904286e-02 -5.321736238773375725e-03
2.564091362487563401e+02 3.506602669351943291e+02 -6.722069913620890534e-03 1.105749749526581810e-01
8.394648955814300280e+02 3.859300826542170171e+02 6.169997701309503091e-01 -2.665468734824713581e-01
7.064636516096014702e+02 5.827210939129959115e+02 5.726833024790820839e-04 -4.796614248773651570e-04
6.083053267841124807e+02 6.068700877878663960e+02 -1.086743543326312844e-02 -6.140954912354734630e-04
1.110031020578879861e+03 3.816887832806702363e+02 -3.683408364018436049e-02 1.033374881455212946e-01
1.030829999823560229e+03 2.010828858307070846e+02 5.303767404626288234e-03 4.914830006147595694e-03
2.694791106019062568e+02 5.558942293810986257e+02 2.169266948453020972e-03 2.017913896112292962e-03
2.950430775279153863e+02 6.141920727951385288e+02 1.729759535483634328e-02 2.152060929828698149e-02
6.704010217606108881e+02 9.965610482974066144e+02 4.694672776466589093e-01 -2.617760773965947529e-01
1.136264156931734760e+03 3.605205846435618469e+02 1.654941649208057849e-02 3.067758243156448045e-02
2.522245204178883569e+02 6.667731928263211785e+02 2.501161650195120410e-03 -2.386717126547851196e-03
3.895088866315671225e+02 1.080313262407917819e+03 3.348096369655882976e-01 -1.890956418987935761e-01
5.263568260593938248e+02 1.049798643640640648e+03 5.965302957935705308e-01 -3.916407102688319042e-01
2.599210893924595212e+02 5.759353021544720832e+02 -5.659796859181752578e-03 4.874620527774291799e-03
2.622549790427173662e+02 7.083279196378235838e+02 -1.243985971315157832e-03 -5.159401459483735006e-04
5.312130635664256033e+02 1.052972973066390750e+03 5.943240355500525318e-01 -3.756445528972720549e-01
9.964506963734228293e+02 1.920778289405502051e+02 1.416771334775171198e-01 2.419967689946773692e-01
9.334770190153542444e+02 2.649709153204030372e+02 -2.505200467667337838e-01 4.081335047050573261e-01
1.055019492391230642e+03 2.595391110476994072e+02 3.992814705617578896e-01 2.702154708031117569e-01
1.083677744327110076e+03 3.136463693642858743e+02 1.222150072878393223e-02 2.857685720248591757e-02
7.604103581564495471e+02 9.577918686818859442e+02 4.055308803842707088e-01 -1.967255504407243172e-01
1.204955310184199107e+03 3.619767134853422590e+02 -3.372911716053182598e-04 2.394712036441500654e-03
2.845528782712539169e+02 6.724328465061344104e+02 -1.832292952233521973e-04 -3.602192337547250505e-04
2.015443167124801107e+02 7.103205758107142174e+02 4.016250424585185441e-03 1.427608286478133925e-02
7.905295594268153536e+02 9.123711941743164289e+02 4.293392121224423041e-01 -2.507435827810796658e-01
2.428743987906378266e+02 7.480046495717750759e+02 3.367249962565779364e-03 3.800579904768710583e-03
1.238800499112301168e+03 3.275445064179195356e+02 1.948934170228138196e-01 3.748839122400944579e-02
1.143449546036587435e+03 2.873601758114380118e+02 -4.006025829888673617e-01 -1.874557558871549068e-01
2.593259574484234236e+02 4.591628490933308058e+02 -1.315692327329587817e-02 3.797164611346629144e-03
2.732022740688683484e+02 4.365845785174928437e+02 5.282607419735896315e-02 6.414642431826322877e-03
2.507029610996349049e+02 6.929964469634608122e+02 -2.224548097412496709e-03 -9.087512445437559080e-03
2.384689916716376104e+02 3.652036912418242309e+02 -1.240683588736532644e-01 -3.874793620941324179e-01
7.805714477866652032e+02 4.197966362168887144e+02 5.050546523095482687e-01 -1.601657801831343486e-01
1.018316882294533229e+03 2.153919353462500226e+02 1.588619824397303759e-01 2.656116479144653986e-01
9.141303096454463457e+02 3.054842057358855527e+02 -1.676696793859778767e-01 3.153880158842065073e-01
1.003887412046908366e+03 1.909582301324210221e+02 -9.223527090937827175e-03 8.144698948910718272e-02
2.142899526533252867e+02 5.605011401371480133e+02 2.123255497671512337e-01 1.098909596995179261e-01
8.062541502450750386e+02 9.210237998414648928e+02 4.080133713662428829e-01 -2.326795025168626463e-01
3.593784323225057733e+02 1.085464330727743800e+03 -9.187112704371501459e-02 -1.555499924094023156e-01
6.536301150787362531e+02 4.019344454365503339e+02 -4.707155127064650002e-01 2.274299474222216955e-01
1.198928560793959832e+03 3.605049941616782121e+02 1.036422615072874094e-02 4.516390549006869815e-02
1.284630702769460413e+03 3.671702083064334374e+02 -3.183734457609726370e-02 -1.892353741717675217e-02
1.089561564788891928e+03 2.297357051484299291e+02 1.449237367606760196e-01 5.488442890838987620e-02
1.150317658620476550e+03 2.793589681478355828e+02 -4.020899022488136909e-01 -1.959532843263496749e-01
6.835921947156285796e+02 4.014890916938406917e+02 -4.340153837753490396e-01 2.154120882388771974e-01
1.250284960542171802e+03 3.486974374657064004e+02 3.839147359459881698e-02 -6.751945435581838129e-02
5.422957376406430967e+02 4.333508872141525785e+02 -6.257684366650774210e-01 2.265114390462415750e-01
1.100330332612372786e+03 2.227506862809426877e+02 -2.184875516965210582e-02 5.722737600895539539e-02
6.953034208343120781e+02 4.108957651044805175e+02 -3.967999896960117678e-01 9.594300654215844049e-02
7.628735692681608498e+02 4.218465972747888486e+02 5.080078180352969319e-01 -6.277395677251718098e-02
1.238041309251021858e+03 2.940802454927459735e+02 -4.206110203661885850e-03 -2.261429197232445176e-02
1.130730282249101265e+03 1.540886993731547250e+02 -9.544617479032867224e-03 -1.713465395530694522e-03
1.098949190626805148e+03 2.954648832271499828e+02 7.864593336417720348e-02 -5.667251070342590319e-02
1.300577406648692431e+03 3.267359117982508110e+02 3.848434964875936393e-01 1.315739433803788383e-01
2.464412910519337458e+02 3.032487102239353476e+02 2.421631605241816778e-03 7.158953731051297120e-02
6.246117036773259770e+02 4.112900564749137402e+02 -5.324694952744585263e-01 8.545722199056279833e-02
3.182029186908411589e+02 5.546751875119109627e+02 1.657366830010171752e-02 -4.234887262861121437e-02
1.232454155964681377e+03 3.062645963197430206e+02 2.386518548088178704e-01 1.351202923818109192e-01
1.974618914193805495e+02 6.259050621444407625e+02 2.425635660248428027e-01 -3.286975785287925000e-01
4.415115800673548279e+02 1.077096537980246239e+03 4.432990644231301069e-01 -2.836944303764601383e-01
2.550267227617169112e+02 6.835680617366494971e+02 -1.448499796847357965e-04 -2.362143034014252494e-03
3.690865125483481393e+02 5.182339045455257747e+02 1.424442082887585840e-03 9.469506563671250448e-04
1.093092943969949374e+03 3.255821511324614335e+02 1.308219149630018320e-02 2.414122728199849521e-02
1.196842707887931738e+03 3.247850131652792243e+02 1.679580949720881622e-01 1.167790807616699705e-01
7.556861545074121977e+02 9.506043418825053095e+02 3.923084448662676471e-01 -1.847018396027077514e-01
2.963773729283348075e+02 5.182556897672723153e+02 1.060559139621356964e-04 8.507477350885980782e-02
7.434830760586517044e+02 4.547850555199592577e+02 -1.353909033257556238e-01 -2.337952130160714237e-02
1.087642474956999422e+03 2.998527948140122135e+02 2.771772725792885361e-01 -5.855133359584551583e-02
3.692232126779148871e+02 1.087696746330444057e+03 -8.495532737124567024e-02 -1.621162347114536717e-01
2.817860595597221618e+02 4.677040938001155723e+02 -1.235972975265694496e-01 -5.690299299997628873e-02
2.848162221128627607e+02 6.056189888326451864e+02 9.099167563846322082e-04 -6.697084393046656486e-04
5.851220268925213759e+02 5.996288471460707115e+02 1.412993807639096287e-02 -2.378399501998722590e-02
2.270926480728640229e+02 7.275487585872846239e+02 -2.297464230528515044e-03 2.604682560983842803e-04
8.092541758641914384e+02 4.172050289277545403e+02 5.865233065861154005e-01 -2.099302630098873190e-01
2.591379095397376773e+02 3.656589799312297373e+02 -2.998699914071663308e-02 4.445258095989242098e-02
1.147545947851837809e+03 3.463675103063937399e+02 1.121461122388486657e-02 -2.132855009102203186e-02
2.122384724465546526e+02 7.049594004328562278e+02 1.145138132842875371e-04 7.957326620326794081e-03
6.837781472961494273e+02 4.003736139726008787e+02 -4.127862474158955353e-01 1.400275419798251708e-01
1.184170610172355964e+03 3.784127775367294930e+02 5.415466922778711806e-03 -2.621964097051522266e-03
2.592353890257513740e+02 4.234426535765571202e+02 -1.039734401646544293e-01 -3.409684633236828022e-01
3.025825527786722660e+02 5.358625260211911154e+02 -6.029362122931777174e-02 3.934623660781729620e-02
2.551928909104899503e+02 7.215275963240836745e+02 1.186435022659287561e-02 -1.422923625551435027e-02
4.845802739032219506e+02 4.551369313750456058e+02 -6.643224348002733093e-01 3.459881228864583602e-01
1.084158408292446893e+03 1.980369833196744196e+02 7.428283475394931168e-02 -4.730690866754073964e-02
6.461887277745048550e+02 9.729572581318652738e+02 4.392633698135315345e-01 -1.790124249153111080e-01
2.687054539416669172e+02 3.509704064182845400e+02 4.365207532892491360e-02 3.476920509292574096e-02
2.740360561077713442e+02 4.446665995265157107e+02 2.342544612230396464e-02 6.337556945222769245e-02
2.685999233048640349e+02 5.411827056715910658e+02 1.333347499789116477e-03 2.606791077516176780e-02
1.151842553622466767e+03 1.475856713995794962e+02 5.369118416592755239e-02 -1.188212720020874608e-01
1.164974077346119429e+03 1.934129200471095373e+02 -1.270210035217491165e-03 -1.421887933207268903e-02
1.198943594496290643e+03 3.449249206968319754e+02 -1.463793872402551280e-02 1.154988130753562270e-01
5.554571130084863171e+02 6.041888891338422809e+02 1.718283721804641020e-02 8.162590383829920054e-03
2.680920810404295480e+02 4.370262945608283189e+02 2.204700924432927492e-02 -1.010961339494892419e-02
1.895738136965107969e+02 6.209276621632021715e+02 2.316726071970247880e-01 -3.232234454218682052e-01
9.911575750923932446e+02 1.721672668857827375e+02 8.033955617054466813e-02 4.142928125253853011e-03
1.059260285113229202e+03 1.926210923514434796e+02 -6.199281056630923104e-03 5.844230866925759216e-03
1.108928306813583959e+03 3.203347139227399225e+02 3.292067913985698147e-02 5.712395480834799380e-03
8.562357254935470792e+02 9.277655052786465149e+02 -4.699283457111905760e-01 2.351746581497092814e-01
1.164821522725511159e+03 3.883983380861375281e+02 -5.298334885233382287e-03 -4.244026214390458213e-03
2.503392081485662857e+02 6.886719178547859883e+02 -4.969488251639808153e-03 1.535646260605143427e-02
2.419621488396485915e+02 3.069893555678622192e+02 7.714527663918183337e-04 1.650811039484357812e-01
1.069778590877231750e+02 4.180895537536162010e+02 -2.327398102625311826e-01 -3.196491815971657657e-01
2.911071333602119466e+02 4.558369112151979721e+02 3.146096085633424272e-02 1.081041355474687965e-01
2.997895466255495762e+02 5.093035938897137953e+02 1.635004792995582712e-02 5.895041681397653055e-02
7.656627730847799285e+02 9.368117157217441218e+02 3.307064743647351590e-01 -1.756807872365929168e-01
3.933475450873966679e+02 1.089948126594014639e+03 1.589903651423639139e-02 -1.702623738369654360e-01
1.098115625780635582e+03 1.838804261371104758e+02 -6.085152328242126457e-02 5.490521890938282468e-02
1.078524322306814156e+03 3.069854779159679197e+02 2.417649657114679870e-02 1.859490668557934115e-02
1.103688425989675125e+03 3.050604136705410951e+02 6.227806611605046783e-04 1.786194370743885568e-02
1.141877223269867500e+03 2.958218868241190194e+02 3.300796770464406449e-01 2.378537539789997990e-01
6.558848792570469186e+02 1.020047122170084435e+03 -9.101214798905838954e-01 4.313661095163505710e-01
2.839680779114545999e+02 4.171513230313899498e+02 -5.854233555255940538e-04 6.359553795875198638e-03
1.043753481145536853e+03 2.551957439691408922e+02 3.385887393692524894e-01 9.035227993851194239e-02
2.340478054172176030e+02 2.980947397445175966e+02 5.808964855232104374e-02 1.444855331436528945e-01
5.580318471403904823e+02 4.394713190351637309e+02 -6.187160668610603986e-01 2.260848887199597701e-01
1.205125691507430020e+03 2.792395509395875592e+02 1.725906298101704400e-02 -4.951392395945759112e-02
1.191537794342417101e+03 3.653029521876562740e+02 9.460223757853606502e-03 -5.610478016472753189e-03
7.087253600302246923e+02 4.087417433816876837e+02 -4.270215455504943192e-01 9.708001128656564005e-02
1.079477384698226160e+03 2.311078739439701053e+02 1.215793437294142437e-01 9.810374446373515411e-02
1.135982196304280023e+03 2.106856149635479483e+02 2.980596985689284648e-02 -7.280317628022560383e-02
2.163103999102988837e+02 7.547958208925504096e+02 -1.257977729298127281e-03 -7.734436033414583515e-03
1.145147310297332751e+03 2.059181104931879815e+02 -2.927447723338693839e-02 3.994176640632076530e-02
7.604688550999070173e+01 3.168131907558959597e+02 2.256617261151337359e-02 1.994759069673658972e-02
2.538926451143587997e+02 3.320780143428204383e+02 2.487803813386282870e-02 1.204658099385095826e-01
7.013130896604574218e+02 3.887509441812571254e+02 -4.103685882577320920e-01 1.275209575264263373e-01
7.295670638482552022e+02 3.785817429641970193e+02 -2.704103198173015699e-01 -3.402835079978461935e-02
3.113189897825243406e+02 5.560023932007965186e+02 -7.745794933196360754e-03 5.726284185938210029e-04
1.292943947245468962e+03 3.539240960354126742e+02 -2.239017009913857326e-01 2.991858080354241681e-02
1.982464280131317196e+02 6.566552009625361279e+02 2.306456707593923239e-01 -4.020644201772878845e-01
1.073782300499197845e+03 1.535641734743407198e+02 2.307331291656894989e-01 -6.629892685477919989e-02
1.158772654953440224e+03 2.156362894617043366e+02 4.944243601572067409e-02 -1.281524210242318551e-01
1.130742900058399073e+03 2.407927803189060114e+02 -2.075633607948755045e-03 2.969446521790950269e-02
2.582869336174665591e+02 7.278598219331863675e+02 3.764817620107735723e-03 -1.706910725495556710e-02
2.113654581069614835e+02 7.341253640113837946e+02 -1.029187892135479017e-02 -1.720012746029799173e-04
1.100630886072747899e+03 1.867118639587193627e+02 -1.873157136653265109e-01 -8.699989392087335849e-02
1.108347040709783641e+03 1.916670284406102382e+02 -3.116791316103141862e-01 -1.256097701907821496e-01
1.055942241760026263e+03 2.803694215827133576e+02 3.581313208151320482e-01 -2.884078298619079384e-01
1.152720580321694797e+03 2.632986749623555625e+02 -3.425276319090948644e-03 2.135910153482516866e-02
5.641858091639795703e+02 4.594682031723131672e+02 5.595320624268605991e-01 -5.714178442751403908e-02
1.179092643529405905e+03 3.360868114879625068e+02 9.052757695822037654e-02 7.018686457811554313e-02
1.285142351896746732e+03 3.313849197708495922e+02 4.528039829005410799e-01 1.608248085976197173e-01
1.292857827417844874e+03 3.344930880137273448e+02 4.362810088282140231e-01 5.641800773885052162e-02
7.449692493967096425e+02 6.587621587575774811e+02 -2.522998061844645978e-02 -5.377231009028946539e-03
3.825350580508730900e+02 1.093083264487270981e+03 -6.094253751359474114e-02 -1.432631382264526188e-01
2.669146356733083962e+02 3.800422715352493697e+02 2.513189750544713580e-02 -1.914094477324026090e-03
2.541323559959033673e+02 4.325158525424167806e+02 -2.526940970047905632e-01 -3.852909573553442435e-01
1.561378019333205600e+02 5.210719487784879220e+02 3.222721778396733794e-01 4.140772180376328104e-01
7.365111408639980937e+02 4.186176973943613007e+02 5.300681516476473121e-01 -2.399244350772988810e-03
1.167547680405695246e+03 2.835439236376492431e+02 -4.945872780333786523e-01 -2.802357805244024003e-01
1.233955121591457555e+03 3.304413513570298164e+02 4.504849938903513623e-02 3.298507650126936142e-02
1.124503436516126385e+03 2.368002366112575316e+02 -1.731170859761248931e-02 1.507331974545422781e-02
1.079227737424072302e+03 2.987498892573480589e+02 3.464353632127090687e-01 -2.776346470663328403e-01
2.468470251414995573e+02 3.519405992917265280e+02 3.097627886974654854e-02 2.968433413546672089e-02
1.069330281138114060e+03 1.763347379140200530e+02 4.430525847554078051e-02 -1.237201390423472852e-01
1.113294884169625448e+03 3.082825897355534721e+02 -1.188136723772992807e-02 1.664559423795955451e-02
2.901012628264094246e+02 6.285533605683635869e+02 -2.703778424265989092e-03 -1.532620817704849741e-03
8.684719422556298696e+02 6.324549438954312564e+02 -3.894504679529182251e-02 2.206743518241716627e-03
2.571714487292261424e+02 7.143580818702613442e+02 1.036766925545120829e-02 -1.123180666955091514e-03
1.514860385724890364e+02 4.548760715625007265e+02 -4.069431684378186156e-03 -3.141318434503167101e-03
1.178366548298686212e+03 1.942391202683289748e+02 1.081039377104389167e-02 1.584977486750302825e-03
1.179947839595931555e+03 2.147563573242058510e+02 -1.447851668195653529e-01 1.891664350737888300e-01
1.170777361362240981e+03 3.876524082924627237e+02 -1.816769652152490713e-02 5.167427840177525600e-02
7.531430047294786618e+02 4.089900204088843338e+02 -4.497611918813969600e-01 1.216520651803175562e-01
1.141401825488773511e+03 2.868122577330134391e+02 2.007673429642822527e-01 4.160526846615743568e-01
2.434259542590965282e+02 7.222534498706302202e+02 8.506170970181610794e-03 1.229182971056016864e-02
2.560846028718025877e+02 3.833995026020382966e+02 3.324013915428934707e-03 3.355205335035565950e-02
1.061625633429106301e+03 2.198498685815216049e+02 4.544675270725810623e-02 9.130766358661736304e-02
6.498269685639082809e+02 4.474581192735206514e+02 3.721245641093884893e-01 -9.024314368500085948e-02
1.010874142356984066e+03 1.702400828273962645e+02 1.431778196145690706e-02 -1.742981660863117954e-01
1.202326730468945243e+03 3.687506891207076478e+02 -3.975034742942236063e-03 1.058398886205969523e-02
1.192101626273944476e+03 4.005836642563816667e+02 1.597529704401083606e-02 6.292108427998127640e-02
2.618260747202236303e+02 3.930063878011054044e+02 -9.393345529528644017e-03 -7.754926500579324700e-02
6.283936492075456499e+02 4.106107287257449912e+02 -5.182680884174326597e-01 1.024992196540502054e-01
6.789908852609543146e+02 4.115534872877020121e+02 -4.231869436368065340e-01 2.546888477699969511e-01
1.038561255727631533e+03 1.799437138772498201e+02 -3.228350286668146309e-03 -8.479085807310894271e-03
1.110602273330961452e+03 2.302518805775477801e+02 1.113493456947674959e-02 -2.094431335880022824e-02
2.636300345168600074e+02 6.058904256299842928e+02 -6.121401788586475906e-02 -2.262613877234976104e-02
7.383136009572917828e+02 9.686149171137072926e+02 3.945458156827570950e-01 -1.474191611450916817e-01
2.468071500508553413e+02 5.042369986447356496e+02 3.470336738306016577e-02 2.645602021475923493e-02
1.045078506742438094e+03 2.003846674149806972e+02 1.478083577732718437e-02 -5.575049720292497846e-02
2.086159916434859838e+02 7.483030640239820741e+02 2.081823050976083604e-03 -8.741505083810352864e-03
1.216238879031101987e+03 3.228724698913693487e+02 1.114644422624130465e-01 3.192850054780102878e-03
1.952603930444490743e+02 6.673196864710840828e+02 1.947260610580529572e-01 -4.230753214852682187e-01
7.405182333402342465e+02 9.583818159747421532e+02 4.025359548542272181e-01 -1.734046543780468908e-01
3.072221528303209652e+02 1.059318196986613202e+03 3.364014260834361728e-03 1.174303449496013306e-02
1.571469587959516900e+02 5.132639294322367505e+02 2.549245132451626317e-01 4.276972363046375736e-01
1.068212046651644869e+03 3.203415671717412465e+02 -8.100947365206641673e-03 -6.044447586364903348e-03
1.165130540532393070e+03 3.069567922354290772e+02 -7.473110605817629981e-01 1.238432219853094485e-01
1.212785625359589631e+03 3.712854684139241499e+02 1.439474386399739944e-02 2.284428371977080541e-02
6.143191296905946501e+02 4.142532984979914090e+02 -5.227359505358091241e-01 1.219707355364267262e-02
1.011679867438177553e+03 1.632367000766232934e+02 -1.016247822476113449e-01 -1.947162270140920942e-02
2.820100290765232671e+02 5.322619343988337732e+02 3.261743985959457137e-01 -1.645241020324628711e-01
1.098172352041282466e+03 1.816890529920182757e+02 3.988516123968111060e-03 -6.195879527082186894e-02
1.166676134866197344e+03 3.387546647822243244e+02 1.341106449929535815e-01 8.240075617401980412e-02
1.120125775814237841e+03 3.473684671266560713e+02 -1.359097889765810809e-03 1.530322867188734469e-02
1.099900319850791448e+03 3.076295352725469456e+02 4.606938480620945825e-02 -2.362943863900048846e-01
1.322188422353428450e+03 3.381381874002244672e+02 1.820909683565657411e-01 6.512892680048999738e-02
1.214997451590795663e+03 2.302425777880440023e+02 2.697207608042952176e-02 -6.105234284981724685e-02
2.344015237314221167e+02 6.939275642689493679e+02 -5.767867994145891783e-03 1.933775719322070041e-02
8.079871468567413331e+02 6.436962116296957674e+02 2.858463200542406789e-03 -1.237936754097959495e-02
6.017359017515765345e+02 4.389996866381304699e+02 -5.286737635959511961e-01 1.664475427714261491e-01
1.078679824717597057e+03 1.750926707152895005e+02 9.660590570174601432e-02 -1.094083447297147377e-01
1.040546906899958458e+03 2.535649764739601437e+02 3.406105815863749164e-01 2.864998621970299159e-03
1.081926398945756546e+03 3.332970327013054543e+02 -1.581081226255733052e-02 -9.725999175402372243e-03
2.497810321595956964e+02 2.885727439051789815e+02 -2.856014364741188416e-02 6.108928418423076323e-02
4.857477669419978952e+02 4.633037978102393595e+02 -6.315541292120787631e-01 2.562718071435714506e-01
1.106412835867652575e+03 1.996327826266519594e+02 1.492905685616179312e-01 -1.972597276829590740e-01
1.078871168906084222e+03 3.145067389569248917e+02 -1.145788294002159091e-02 -8.604570161058688882e-02
1.236568969023577438e+03 4.189484418436322812e+02 -1.654615717079366277e-02 3.427867340747425828e-02
5.235171318849929776e+02 1.057623233393246210e+03 5.970953646047121310e-01 -3.743261710044265556e-01
8.152721524957515840e+02 3.585057975814294196e+02 -3.129588880408905038e-01 2.467758702637513901e-02
7.491518671762795520e+02 4.290961759657917582e+02 6.063779041659245195e-01 -7.930713746974370204e-02
1.070993445186122472e+03 1.620592632300818536e+02 2.041618561971268453e-01 2.242122812474444671e-01
1.178771880452976120e+03 1.860966340697000021e+02 2.478613406871714095e-02 -7.763305759358775371e-02
1.213923356634003085e+03 2.769977332852105860e+02 1.478138532014811324e-01 -1.730882043937658765e-01
1.281505426526757901e+03 3.000765405905078183e+02 -3.185838299927009482e-02 1.011969768462493841e-01
1.192583885401371390e+03 3.236191564767829618e+02 1.236403479069556402e-02 4.147782339619117121e-05
1.224270184105896988e+03 3.285634915807231096e+02 -6.087243107392550229e-02 4.623661899220480459e-02
7.170513655341127333e+02 3.869935725456579689e+02 -3.748301370919307485e-01 1.736648865254437554e-02
1.079460521924248496e+03 3.234103274619081958e+02 5.671527124431274131e-02 1.926270114182671023e-02
1.212549235926138635e+03 2.534826766057913119e+02 2.239344820386577478e-02 7.196648248298250818e-03
7.661969315947533232e+02 9.152386976952564055e+02 4.971833284527822916e-01 -1.016709966366117074e-01
2.332434871326574921e+02 2.904693083517437913e+02 1.825659634786312713e-02 1.545712398508816525e-02
8.254375210742399815e+01 3.446411088155765015e+02 -3.000365830208477549e-03 2.318035669951502235e-03
2.580633818839049809e+02 5.203518398852063456e+02 -8.183828541750072516e-03 -9.141192212643216297e-02
7.700950218320385829e+02 3.858122918174714755e+02 -5.031157670216230837e-01 4.384700253559725008e-02
1.198414876487141555e+03 2.462017620387673844e+02 1.320748686703938912e-02 1.383066722236835251e-02
1.190147126099524939e+03 3.938772257776492438e+02 -6.985981875733818409e-03 -7.576046508034025781e-03
2.484987014493102322e+02 5.940210424957815576e+02 -7.269689680234823516e-03 -4.224837012114237428e-02
1.228687053762985215e+02 4.071660201904819587e+02 -3.324055486027707174e-01 -1.770453909412026405e-01
1.001256069884456906e+03 1.994756111659320368e+02 1.631682468045474732e-01 2.555926901448393740e-01
1.207645386626522168e+03 2.220023164798124355e+02 -2.984302224311769595e-05 3.744663499693144659e-02
2.809815231265275202e+02 5.769396675107323063e+02 1.336421078981686605e-02 2.996215753990684807e-02
2.389977878501318287e+02 7.043877451599696542e+02 -1.294095315326464733e-02 -6.867594470240386863e-03
1.164885882330486993e+03 3.546673044690496681e+02 4.418443082291829277e-02 2.293034662816100661e-02
2.795479055984853289e+02 5.605947926817420921e+02 1.476404893135083857e-02 6.593115497998446387e-03
2.471445467174696660e+02 5.262154445780765855e+02 1.169481216199852319e-01 1.030352028047550744e-02
6.890023989030686380e+02 4.189166484729947797e+02 -5.477471971400623557e-02 4.611391730137789913e-02
1.054802612118861134e+03 1.787169707140575099e+02 -5.500644312388221040e-03 1.576427180876950173e-03
1.147167589644034479e+03 2.718965599960184818e+02 -6.337310631929190044e-03 2.586719119422844701e-02
1.278445549470462311e+03 3.214202972635544597e+02 1.579723271639662807e-01 1.419453564081108454e-01
1.091471721803438641e+03 2.119709143294611522e+02 2.426261546582281908e-02 -5.216551343687911291e-02
1.079388056554441619e+03 2.021296638275178736e+02 4.304053074112819573e-03 3.265138242097975763e-02
1.149355146478824054e+03 3.451061370985642611e+02 2.698341222772645317e-03 5.652502328651110020e-03
1.105502477011447354e+03 3.529051860737347397e+02 -1.459406828010401114e-02 -3.164310248671853287e-02
1.371422687448680051e+02 4.040505933707362374e+02 2.131063723788266182e-02 4.282576373990720081e-02
1.118176360593760819e+03 3.439526312191539432e+02 -1.363349879494782542e-02 9.256069870374354636e-03
2.719330959476173462e+02 6.139776465049119452e+02 -6.052134971456454154e-02 -1.902763976121031597e-01
9.158039094143051670e+02 8.876486261788413685e+02 -5.364197708315863178e-01 1.479031231597663643e-01
6.761431137738036341e+02 4.246130098012938561e+02 3.774362162583987362e-03 8.198507431614840413e-02
1.078282914346176312e+03 1.830419960791673759e+02 -3.447810426973774156e-02 1.998896678793600501e-02
1.097294277507306788e+03 2.171460769615192419e+02 -1.971743366774799874e-02 1.305302577932265506e-01
1.223274619319154453e+03 3.473172970050768527e+02 5.957186551633888300e-02 -2.118718930265763578e-01
2.556669981577506974e+02 6.027684717330682815e+02 1.204500294083872720e-02 2.695676003904426757e-02
2.101467789961427286e+02 6.999700502887922084e+02 -3.753584646731217972e-02 -5.823354277900576192e-02
2.818218144234585907e+02 4.232627610279240002e+02 7.518614026943331100e-03 1.304073322803777149e-02
1.036390991140423012e+03 1.766019017182393895e+02 7.449105519209470172e-02 2.365453799465436994e-03
1.176941943051932640e+03 2.087702183829254068e+02 1.693570202536691383e-02 -2.159620352609674040e-02
6.271371453287817985e+02 4.190034900968632883e+02 -6.643007678459411647e-01 2.122733904614449441e-01
1.141164038189853272e+03 1.928325010580606147e+02 4.615158790164741731e-02 -1.250311257803360943e-01
1.137627741110144598e+03 2.856297309580637602e+02 2.030882644894632105e-01 3.523529050853909661e-01
7.234790255789722551e+02 9.867903763416865104e+02 -5.983574539390985603e-01 1.715746724299890558e-01
1.625232213096282976e+02 4.664122787507419048e+02 5.754151712599315377e-03 -1.623036819922635543e-01
4.974125937294899131e+02 4.544924900144117714e+02 -6.231679351915826448e-01 4.102806919643769978e-01
1.015247942274092793e+03 2.072778364154439146e+02 -2.387923202866802999e-02 -1.170060659872786471e-02
1.189250873733888511e+03 3.419683044030430779e+02 3.273418787316586531e-01 -9.851953542241326592e-03
8.338713824330731939e+01 3.374143156873121825e+02 3.770656341309969878e-02 4.805442136159854272e-03
2.424183372161344323e+02 3.125282959006955821e+02 -1.609573434181281112e-02 2.690962114109475556e-02
1.118644511518508807e+03 3.624189948988210972e+02 1.454650304117927062e-01 -2.387824456777581095e-01
2.652889559458411668e+02 6.231875786064674685e+02 2.889041163014225127e-03 8.591651427044174811e-06
8.574178225550589332e+02 1.101782334881786255e+03 -1.084987232829664333e-02 4.723256145856187809e-04
2.525920027223056366e+02 3.064043750625965004e+02 2.138159555730613916e-05 1.387542197880440309e-01
2.741060173883799962e+02 5.035612364180371969e+02 -1.171909661386808521e-01 1.704591712711008011e-01
2.593445467471105417e+02 5.401403932009056916e+02 -2.051907144893903023e-01 8.608270389347982832e-02
2.952167540359920395e+02 5.954189312111511754e+02 -3.238063050964549647e-03 -2.225864829196164824e-02
2.561711869946338425e+02 7.281886558015063429e+02 -9.043997310056162836e-03 -1.051200637826187750e-02
7.141628685690340035e+02 9.888205257108800197e+02 1.357627229301402484e-02 -1.033369479246710586e-03
8.111562343282200800e+02 9.306750685714794145e+02 4.083736084458597926e-01 -1.897389155818098860e-01
2.940133622837788039e+02 5.208628738206787148e+02 1.049714511490407176e-02 1.904857919081592854e-02
1.228978962239101520e+03 2.455495850123238597e+02 -3.373869402963691755e-02 6.016089739975427619e-02
1.247004877046803813e+03 2.969408079028730754e+02 -4.279511357643173142e-02 1.522120385383125551e-01
1.196638290555850745e+03 3.930145092385076282e+02 1.121557806480666386e-02 -2.970162177974700057e-02
2.632905001511250020e+02 5.929205139795263904e+02 6.264907835788591228e-03 1.393546148231905590e-02
2.347486397519573416e+02 6.556453448526897319e+02 -2.579937463894310667e-02 -1.914869277910469236e-02
2.374516764555550594e+02 3.280366252859568021e+02 3.340879726023900098e-02 2.823458641395291263e-02
4.772339969681153207e+02 4.649873846577219751e+02 3.250363815619342067e-01 2.076043761843872348e-01
1.142528419819047031e+03 2.184569906574091647e+02 -8.699952340907657344e-02 7.599690594377268849e-02
1.301373766497161796e+03 3.537184019642699013e+02 -6.343705079658926854e-03 4.033560129332348226e-02
1.051184628604382624e+03 1.859676912181459159e+02 -2.539264284535290225e-02 5.945338120739255411e-02
1.132233095023846772e+03 1.903944202309868672e+02 1.399841056456807564e-02 -4.696083150424255892e-02
1.181493751784207689e+03 2.052035251409327827e+02 -4.771086862529370920e-02 -1.667320013355119354e-02
1.155531422538696461e+03 3.394719335106007634e+02 -7.348380425068105903e-02 8.076883641445371798e-02
8.555350971459424727e+02 1.101541047525394106e+03 8.019666081898841822e-03 -5.793578971633905894e-03
5.599706876497452868e+02 4.436896675279795659e+02 -6.627587211756218455e-01 2.603014401928782084e-01
9.845208363615911367e+02 1.858956966404892341e+02 1.492199089123530040e-02 1.281734112978676066e-01
1.176643468266724540e+03 2.281320183822744241e+02 -2.347441386887987036e-01 -6.299794850091389696e-03
1.149404789013527761e+03 3.637663682396081413e+02 -6.572668282069571433e-02 9.940334842407921867e-02
2.303571429586261274e+02 3.069727731950899852e+02 1.865835880546266520e-02 1.547375653837027298e-01
1.095410413242510003e+03 3.016457088922188063e+02 3.668049027449645644e-02 7.919854227686091985e-02
1.180661833029131458e+03 2.320294844576565652e+02 -1.312243989324694306e-02 4.678951345079933148e-03
1.236576350789740673e+03 2.827970656963287297e+02 9.346143045642444150e-03 1.240966459889610539e-02
1.202079529358361697e+03 3.205837504781419511e+02 8.113317042534617940e-02 4.508960989691956911e-02
2.498995127611426028e+02 5.356629292734974115e+02 6.065777346390414243e-02 -1.006011776193058010e-01
6.580808271758422734e+02 6.412516534285186935e+02 4.704694380819773869e-03 -9.982799915377427169e-03
2.756836712054270606e+02 5.271181742018857221e+02 2.349916731281134485e-01 -1.130726520737591057e-01
7.380597796269717037e+02 3.687719308248483117e+02 -3.635836307613234397e-01 1.103563867197191323e-01
1.119024368642571062e+03 1.675538714643242315e+02 9.400634378318334719e-03 -1.045047405057175638e-03
1.013514974246696283e+03 2.280587192025321599e+02 8.879461186643311521e-02 2.961817042281815748e-01
1.121365314476269532e+03 3.122842781703988067e+02 2.042065524367237817e-01 -2.207037306124458587e-01
2.098185559277357584e+02 6.430601892047072852e+02 -1.216830556100489957e-02 -2.772639460382916518e-02
1.414411264910178829e+02 3.911638340751871965e+02 -2.842048017257070569e-02 -6.584676441344754216e-02
2.669083934721402898e+02 4.930340052161797075e+02 -3.037443109781747669e-02 -1.203473283571611374e-01
7.431058106568470976e+02 3.609008553744636743e+02 -3.559681298811369632e-01 6.595212703409174260e-02
1.150679630625585787e+03 2.104351480143498634e+02 1.486291554622539424e-01 -7.011596962617119289e-01
1.273798259707848047e+03 3.286627334813721291e+02 -3.529660377694199269e-03 2.497307884567305791e-01
2.599336687673516053e+02 5.365175621131088519e+02 9.339995571390317941e-02 1.807352143288767365e-01
2.772307067072229643e+02 4.495478088139363422e+02 2.080406482866692386e-02 1.253557429762458542e-01
1.090859157826194860e+03 2.023841570857115642e+02 -6.605770346242126334e-02 1.003737632351860420e-01
1.111959013590791074e+03 2.076343485514582028e+02 -3.153056581256047930e-01 -1.263046139899112463e-01
9.835728401870426296e+02 2.616107323722751516e+02 3.054195365040060246e-03 -5.913473179877352243e-02
1.279882737206872207e+03 3.092720042626269219e+02 7.776187443558531254e-02 1.224043378838170354e-01
1.172444323360548651e+03 3.903753361014755114e+02 -2.711597787881853822e-02 1.642722029670393418e-03
8.077019753700601541e+02 9.337573294872297538e+02 3.118516281406932267e-01 -1.340038348338971064e-01
1.002445722082561474e+03 1.762195636794565701e+02 7.049060602217593896e-02 3.427959650633454203e-01
1.101930115064722941e+03 2.189504105927965156e+02 2.645308256981593331e-02 -7.270703114024001934e-03
1.082288820987357667e+03 3.398546670639944978e+02 9.538688094153258135e-03 8.651167513136215348e-03
1.158782716513679588e+03 2.057620904496318985e+02 -6.976202811009102334e-02 1.918155151555041016e-01
1.212130737593802451e+03 2.298702181492082275e+02 -2.962846679437802777e-02 -7.897470663377958999e-02
2.276984030522332887e+02 6.723871228935570343e+02 1.073362247547393622e-02 -1.320365195533668157e-02
2.641978376020015276e+02 6.890319543951075048e+02 -4.599564017837565189e-05 6.560800680247780292e-03
9.234830632695469887e+01 3.817901888532546195e+02 1.903663535470485613e-01 2.646402365247289556e-01
2.505183509724453188e+02 3.539998963398572869e+02 -2.047700909525523166e-02 -4.261456134619428376e-02
7.551330556866290635e+02 3.553348331924739796e+02 -2.516789554169430732e-01 3.096259391060698363e-01
1.139626982736137734e+03 2.012644764147537444e+02 4.456023396954021665e-02 -1.276978314810353968e-02
1.029701659283919753e+03 2.293770405699294201e+02 3.168123335430144683e-01 1.674856583269347943e-01
1.306635374139557598e+03 3.357609191857023347e+02 -1.785893585737799785e-02 9.351634546132052417e-02
1.176446724381435388e+03 3.602023900524745841e+02 1.578402474475686795e-02 -7.557529371769890203e-02
1.237388244351575167e+03 4.034387217086526789e+02 1.060517094093224241e-02 8.326801291998111448e-03
3.201390585854576329e+02 5.363033693513632443e+02 -8.237369754635080754e-02 -9.868548055237624794e-02
7.739516422916861984e+02 4.089074114447855663e+02 3.423425963925789354e-03 -5.813123536243362116e-02
1.066413620117605660e+03 1.806433084709045431e+02 7.972356919731282687e-02 -1.499499201150390204e-01
1.080244044807451019e+03 2.883953694166669379e+02 2.505793096523423746e-01 -7.960891177462296742e-02
1.114892564499544051e+03 2.868793085864905947e+02 9.199527535834779723e-02 6.569015458079736913e-02
1.251352053148368213e+03 2.860984838257938350e+02 -7.494769413767699007e-02 6.719485195591801130e-02
1.175329658820082159e+03 3.321079362358530034e+02 5.598823948571407527e-02 1.277578744430722148e-02
2.767863861061832722e+02 5.690229893828817467e+02 1.332078975018665366e-02 5.625005809916198279e-02
8.573722525971911068e+01 3.497865135641146139e+02 1.103559519844594661e-01 9.376001384384835546e-02
2.676996452157668500e+02 3.773352753782920104e+02 1.306046725244414163e-03 1.126702806466255494e-02
7.180347980593412558e+02 4.351383457234273351e+02 3.569753231903177726e-01 -1.268265442374740849e-02
1.065580944627434292e+03 1.760553293468991853e+02 2.484551944416580338e-01 -7.865955546141094323e-02
1.064464290279332999e+03 2.004591624361980564e+02 -7.133102998559479047e-02 1.285531909772657799e-01
1.089714970250322267e+03 2.455632394741729456e+02 6.531708167535725529e-02 1.305662302665382482e-02
1.046826423432357615e+03 2.640954818981297194e+02 -2.567392232691873000e-01 1.563353475853091479e-01
1.159445352295264911e+03 3.932282376601381202e+02 -2.760591597411803447e-02 4.386041362205332639e-02
2.815689039390634321e+02 6.656470404277768012e+02 1.597975850485227126e-02 -1.880862960060767503e-02
7.532333621493785358e+02 8.452220107374681675e+02 4.199085802429181231e-03 1.444422179963567032e-02
2.379040103653921960e+02 2.960884454932248104e+02 3.945368570514773410e-02 2.275138981798363602e-01
2.604631863005446917e+02 3.426521044086363190e+02 2.296297127885793543e-02 6.375370793186618812e-02
1.047792167165266335e+02 4.138914319746663750e+02 -5.912307258011395561e-02 -1.888997393035367622e-01
5.616579378057909935e+02 4.524188383148417074e+02 -4.998020022537446039e-01 4.682048450340516865e-01
7.427329937359044152e+02 4.124760346995020655e+02 -3.277170474456738702e-01 5.669838310993213781e-02
1.074486668023218954e+03 1.538053596236464386e+02 -5.389703470643780747e-02 1.873402340801106902e-01
1.022841717940943568e+03 1.902748126477569883e+02 -2.040707151815013276e-02 -1.552026612435497555e-02
1.126605628287905347e+03 3.096926845977963012e+02 -6.221809174729742153e-02 2.392970118641244426e-01
1.065611774846076969e+03 8.374405814313576002e+02 -1.241178099598982953e-02 -6.323388927145856542e-02
3.707236573008672167e+02 1.099115568577217118e+03 -3.608424569405599414e-02 -8.333276980891923813e-02
9.182521014653544853e+02 1.102637715795850681e+03 4.934204944396469728e-02 8.103297867421588307e-03
1.076723512006588408e+03 1.733157729575331700e+02 1.288937732177449502e-01 -5.357457549754561787e-01
1.115702700079661554e+03 3.108816734845931933e+02 -1.295474337465142012e-01 6.973521617878002121e-02
1.233419206928623680e+03 3.468753798847291705e+02 1.272500349887953630e-01 4.526122773825136392e-03
2.794701670404715514e+02 5.459421172839730616e+02 1.849760945064342008e-02 1.153386393184518965e-01
2.698408015932190551e+02 7.151157886459274096e+02 4.204407687730812165e-02 2.670886779875066355e-02
7.415717086773698838e+02 9.581861016078280500e+02 8.186588582562610850e-02 -8.583952997412325203e-02
3.097171972527912658e+02 1.061405669406716243e+03 4.181680066269185397e-02 4.368882717434038193e-02
2.431632767092675351e+02 2.957253585811251355e+02 -3.493703734547182194e-02 -1.936725051056100710e-01
9.852777342802814076e+01 3.729788601593021440e+02 -4.417889937349173124e-02 -6.562891763542211265e-02
2.655719146222022573e+02 4.838638507619857023e+02 3.776822191051110167e-02 -8.964538208184933410e-01
7.602853141892716167e+02 4.432493105661369555e+02 -1.758155007524919711e-02 8.302110100370896362e-02
1.030414539513349382e+03 1.730408791835703539e+02 -1.067864075548641267e-02 3.713767788838140405e-02
1.015558188046625332e+03 1.928896571431702966e+02 7.720073087853052130e-03 9.478021576498463219e-03
1.054308075346875739e+03 1.903770507787047848e+02 1.266642933831008122e-02 -7.518964126603577824e-03
1.122616142899456918e+03 2.704094672666430483e+02 5.464390468499686904e-01 -6.693022720092471900e-01
1.250986985011810702e+03 3.572164704626405864e+02 -1.741392013645963743e-01 4.089488610194962348e-01
7.402063991808443006e+02 9.643554029332526625e+02 1.239299825403463728e-01 -1.511177178498428475e-01
7.789989274141758813e+01 3.368637947765182616e+02 0.000000000000000000e+00 0.000000000000000000e+00
2.471341073449666510e+02 3.155025534126728530e+02 0.000000000000000000e+00 0.000000000000000000e+00
2.599067568989691495e+02 3.558462809267227840e+02 0.000000000000000000e+00 0.000000000000000000e+00
2.359384416738288621e+02 3.678383456451900884e+02 0.000000000000000000e+00 0.000000000000000000e+00
2.904311930099128176e+02 4.770002011316585140e+02 0.000000000000000000e+00 0.000000000000000000e+00
2.465118809874991541e+02 5.242820128736340166e+02 0.000000000000000000e+00 0.000000000000000000e+00
6.387126161855403552e+02 4.142415812348366444e+02 0.000000000000000000e+00 0.000000000000000000e+00
4.927535027948069342e+02 4.892103255504924277e+02 0.000000000000000000e+00 0.000000000000000000e+00
1.088163025716505445e+03 1.997186706342586433e+02 0.000000000000000000e+00 0.000000000000000000e+00
1.154149198189430081e+03 2.697444026331731948e+02 0.000000000000000000e+00 0.000000000000000000e+00
1.255801151909465716e+03 3.371106662244934569e+02 0.000000000000000000e+00 0.000000000000000000e+00
1.117732700649400385e+03 3.587635523804981972e+02 0.000000000000000000e+00 0.000000000000000000e+00
1.138150880708607929e+03 3.583102570249409382e+02 0.000000000000000000e+00 0.000000000000000000e+00
1.294311891510959640e+03 3.490875851934193861e+02 0.000000000000000000e+00 0.000000000000000000e+00
2.562393073194759268e+02 7.445942705218130868e+02 0.000000000000000000e+00 0.000000000000000000e+00
2.153758048936671230e+02 7.679534446585201977e+02 0.000000000000000000e+00 0.000000000000000000e+00
4.600261796011313322e+02 1.088503688504265710e+03 0.000000000000000000e+00 0.000000000000000000e+00
4.146893460801701963e+02 1.100321201539486083e+03 0.000000000000000000e+00 0.000000000000000000e+00
5.114718898838993368e+02 1.098474015834024385e+03 0.000000000000000000e+00 0.000000000000000000e+00
