1.339589038487410164e+02 3.828342359381103961e+02 -1.405878106202135790e-03 -1.231382661442825040e-03
2.652204366660623691e+02 6.834752802430033398e+02 -7.972973995134285258e-03 -8.361687589351079683e-03
2.526744072639645537e+02 4.635974014762580282e+02 -2.203000311368751019e-02 -1.604272050390631588e-02
3.154525540993369646e+02 4.718712006574176030e+02 -1.717934854672486730e-02 -2.129024000618805548e-02
5.655255930897934604e+02 3.865994866593448478e+02 -1.293107021748516770e-03 1.322817192964642966e-03
2.778474878773092769e+02 6.112687072532747834e+02 -2.960065808841334453e-02 7.352348910157530809e-03
8.733282826244159196e+02 4.049692244496234252e+02 -4.514507859795176964e-03 2.149926734439800129e-03
7.052663700094099113e+02 4.197793723421902996e+02 -1.745484591221818519e-03 -2.935844247500958050e-03
6.343059988013224029e+02 8.221079517307429114e+02 -7.905628068860240040e-04 1.128691546511510118e-03
9.123798257821537163e+02 8.059925830724258731e+02 -9.035439362594501009e-04 1.060009481098895309e-03
4.599427237427520936e+02 9.416439260623571954e+02 -1.274046648034365460e-04 7.698980955534478381e-04
9.056960261260868492e+02 9.226158576856910258e+02 -4.637812454866929550e-03 -2.746123237939893536e-03
9.003324257040865177e+02 9.267770601704845603e+02 7.716815904700524698e-03 3.115876662737754928e-03
6.863042996541099683e+02 1.020213200810265675e+03 9.536305863195034893e-04 9.903847087672499380e-04
7.151378131632314989e+02 1.011436244482051507e+03 -1.859398165471689201e-04 1.259349184044484629e-05
7.048880681045359324e+02 1.023677240333090708e+03 -9.041205292256149478e-04 2.225125937353494463e-04
4.816345557211506048e+02 1.099049822916797666e+03 1.362888088515949724e-05 -6.030299348750115408e-04
7.044581055389330686e+02 1.036461131324970665e+03 5.337033087764013212e-04 -8.349487219999387469e-04
7.518563196255587400e+02 1.067562905534957054e+03 -4.488783653074494861e-04 -1.989844238053565628e-04
7.456067177743332195e+02 1.071520518752588714e+03 -6.602667697887516058e-05 9.593653166692741371e-04
1.312468689445825589e+02 3.255861313164741091e+02 6.458852545526749594e-04 -1.750878857139901194e-05
8.997658083108580058e+02 1.102141813580613416e+03 -3.360600701184786277e-04 1.314136414582054921e-04
2.629547095743458271e+02 7.418214279338886854e+02 -2.384795492877973561e-03 1.790246720053468091e-02
2.453084557279425724e+02 3.924820170551574279e+02 -1.230444450286656138e-01 -3.890803343479908305e-01
2.239819518830472305e+02 7.548778001533106590e+02 4.878258469109188894e-03 -2.959989104127062551e-03
3.114994478165482406e+02 4.951623156827873231e+02 -2.446295564504176109e-02 -7.855291579921800174e-03
2.409202361660727831e+02 5.122477434198916626e+02 6.387592229202709859e-03 -8.340190052623630557e-02
2.487361729499609453e+02 7.178337813495247701e+02 -2.020704189260019885e-03 1.765237876320002741e-04
1.079473184415079686e+03 3.066069134591645025e+02 1.030650369024766790e-02 -8.702077846396717373e-03
2.413633963148981252e+02 3.702196890156653240e+02 -6.445096232895050625e-02 -3.900757392764864773e-01
2.564041494322978565e+02 7.449864902918970984e+02 2.913426523810691213e-03 1.086071990928168425e-02
1.245523510195372637e+03 3.971565224158845240e+02 4.591679869868625467e-03 -2.775513058163078806e-03
1.194431981288661746e+03 2.537305907902367323e+02 -8.550216669713299814e-03 2.108251229900093282e-02
2.567037447301966040e+02 6.192998842151706640e+02 -1.306524293096457574e-02 2.428711992756193983e-02
1.107757271027482830e+03 2.949194671769336651e+02 1.804918386406681452e-02 2.470206196941735280e-02
1.956126488488145299e+02 5.892248268555819095e+02 -3.673000214901814709e-03 -3.012385190173193835e-03
2.819935870247544472e+02 5.977164031062438880e+02 1.971417739654687373e-03 3.495437776358371364e-03
1.152422629095234015e+03 2.314126346626437396e+02 2.237357025359244366e-03 4.470216298537563540e-03
4.568504726205703719e+02 5.189900642095840340e+02 4.582664679862593488e-03 3.636844451916929066e-02
2.640289272671574849e+02 4.358836524509738979e+02 -1.184968547365021496e-01 -2.528770785725140136e-01
2.970681402697833846e+02 6.632249786431711982e+02 2.059558959294715674e-03 -3.706739111411218486e-03
3.043967698398946027e+02 6.384582327061517617e+02 -1.463890249050393182e-03 -1.385789084940487271e-03
6.287556308324583370e+02 3.723482950142059167e+02 -6.426668968961256681e-03 -2.282932547674509580e-02
2.371594011845656951e+02 7.161038532899571010e+02 -2.220745653820676083e-03 -1.363124615646610143e-03
2.511826997945316577e+02 6.596767141701050150e+02 -1.445719156138064281e-02 -3.291022549934487229e-02
2.514743289720401833e+02 7.276615190673600182e+02 1.213665127844022924e-02 8.948906579174189038e-03
2.064345225077952648e+02 6.817797831568526590e+02 1.364283078590650990e-02 -1.449327354775802393e-02
2.418548357821654236e+02 6.728882574376539196e+02 -4.922736673057614238e-04 -4.162774879683629921e-03
1.260206071984137679e+03 1.957314128712841637e+02 4.525168970569283348e-04 -2.295248513474511341e-03
2.500064881429228194e+02 4.843607946533657014e+02 8.372954149984737637e-02 -7.024441248787334502e-02
1.247056237950857621e+03 3.819867280613838716e+02 -7.795234049608057436e-02 3.565744085483064235e-02
3.000141305753788856e+02 6.452017062259733393e+02 -1.792227286017859323e-05 -1.150941006490186977e-02
2.567170899452634103e+02 7.163166622687408562e+02 -1.727838208700456426e-03 -1.499762302907723527e-02
1.190471213396035409e+03 1.823897260197915955e+02 2.904286664720034938e-02 -7.352521598483993670e-02
2.542165440844092359e+02 7.353522277713719859e+02 3.594103559491952735e-03 1.166016201377917914e-02
2.154747705108673586e+02 6.678858413940954506e+02 3.280526669818462776e-02 -2.099574287118423713e-02
2.153903527942231619e+02 6.516462069755730226e+02 1.101635490934905690e-03 -1.143526954457670629e-03
1.222625786738126862e+03 3.973343417132261948e+02 -4.116925707246019139e-03 -4.019570018081342934e-03
2.485904132831621212e+02 7.346323051707172453e+02 9.720710707802815084e-03 1.645171315314007286e-03
1.228442270989537747e+03 2.490731354844857321e+02 -1.884772936653750230e-02 1.961638159066116799e-02
2.697797481836185511e+02 6.966274065674003850e+02 -2.485431048410642000e-03 4.423675639439370554e-03
2.666416553177666628e+02 6.633105581711322429e+02 -7.741405173264145467e-04 -1.288160984938600730e-03
2.821861478350006678e+02 6.871722032582853217e+02 -1.954746403308909534e-03 3.121784094112104672e-03
2.445714658801396695e+02 6.344698071198140497e+02 -2.715178680984051129e-02 -8.183871903829730357e-03
2.522418746417391162e+02 6.299054588924475411e+02 -7.780331225715448641e-03 5.273757219598418887e-03
7.171758324305361612e+02 8.740812314594539885e+02 4.623628334441194643e-03 -5.653533402233725143e-03
2.513647686814101405e+02 6.176665819098260499e+02 -7.080451296161527353e-03 3.263011282290853576e-03
2.351079580476264823e+02 6.331778781620673726e+02 -5.515459498948617999e-03 -1.082088542817824474e-03
2.593757381332761724e+02 6.430503057228328316e+02 -1.269826512285049738e-02 8.940998882032076198e-03
1.196641149902816096e+03 2.235300927083098088e+02 6.254441632660414849e-03 1.846945677464258855e-04
2.325553595056759377e+02 6.284811540162645542e+02 7.594672881185828527e-03 -1.820386832912615840e-02
2.458855202699357392e+02 6.923098544926535851e+02 -2.836910299174689575e-03 -1.804333858732288035e-02
2.909939089823529343e+02 6.482026818042304512e+02 2.587741829613335667e-03 -3.092435131685027181e-03
2.676869955501628056e+02 6.384858069777637866e+02 -1.378170320375185845e-02 1.998889015212760960e-03
2.279619125595675087e+02 6.940914606271636558e+02 4.870915510382879156e-03 2.551247855087627418e-03
2.028276235403754129e+02 7.010377032652829712e+02 5.916438543573632712e-03 -1.564550355057784878e-02
3.094612186140719245e+02 6.262044526027892744e+02 1.649527793871796016e-02 -4.216955396026546982e-02
2.468905050108160708e+02 6.140761609189019055e+02 -3.690793622721480222e-03 -5.277071393830999428e-03
2.952457845226049926e+02 6.051007978665095379e+02 -1.519642789890604702e-02 8.793267178899971670e-03
2.315879799682786597e+02 6.409759445646466247e+02 1.502702032235471094e-02 -3.381768282131496217e-02
2.295091647803422461e+02 7.140712930260640405e+02 -2.024341328166764410e-03 -2.334413030734374273e-03
2.938996322686875828e+02 6.619963888668791014e+02 1.954872205063714480e-02 1.682424736757206704e-02
2.505486391918699383e+02 6.515797491183559487e+02 -4.979117771120733157e-03 -8.090561089391998598e-03
3.242449149863722369e+02 4.816609285913541498e+02 6.366324836490813710e-03 2.608599347679602456e-02
2.872994332453020547e+02 6.637259666139245837e+02 1.909482502257294888e-03 1.223620537005688097e-03
1.110769992345236233e+03 2.720750281000116502e+02 3.918005021524180731e-01 -1.286309900583749131e-02
2.452335697968842680e+02 6.656809315606418522e+02 -5.013139643200857816e-03 -3.764972294337633370e-03
2.914789779795790423e+02 6.021437246379296084e+02 -5.593601618429174319e-03 6.936300485917719534e-03
2.925555099004688486e+02 5.795094427738117702e+02 2.279753392023246145e-03 5.370374270025629268e-03
2.228344373546252939e+02 6.862489887267023505e+02 -4.106482422063175049e-03 2.791498269077534997e-04
2.893526155565194813e+02 5.874643182618000310e+02 4.058605400208343747e-03 9.890367963126295466e-04
1.236160402187374984e+03 1.353871755441114715e+02 1.918350524255681058e-03 -4.111369312272585529e-03
2.659004245862283824e+02 5.824653497843427203e+02 -2.067888404375163233e-02 -1.615832153677589783e-02
2.112965936299747796e+02 6.866620777262759248e+02 2.147693392767913503e-02 -2.698435344397428701e-02
9.331495751562021042e+02 3.571594277632958665e+02 6.194984935074723253e-01 -2.637201918948250956e-01
2.856633501840171903e+02 6.359156366197626085e+02 -1.731483592863239732e-02 9.702324661538392877e-04
1.501858437104421284e+02 5.251272677198137444e+02 -2.023388790091487990e-03 -2.244542749561486208e-03
1.236182151802718408e+03 3.990588004889780223e+02 -5.697434841866846119e-04 -3.058151217703371574e-02
3.071598675411945578e+02 5.607729721383033166e+02 2.567995451001011190e-02 3.708868502919002857e-02
2.917535267883143888e+02 5.679858694757975854e+02 -3.123855404674099386e-03 1.518885889796851851e-02
2.312843120205631351e+02 5.132966923484863173e+02 -2.011922244245220592e-02 2.765921036359092477e-02
2.456104522429530448e+02 6.833445051497184295e+02 -8.399375772975674077e-04 -1.052911697696448700e-03
2.845992311960318943e+02 5.486748794286478415e+02 -2.656630972342606534e-02 1.661368829113733792e-02
1.050467773508825758e+03 2.187540120319350763e+02 3.694091715316188962e-02 1.573446280392145832e-02
2.408886653074536639e+02 6.812528273948894366e+02 -6.647755096244144365e-04 1.206049052207658389e-03
2.704576165494965494e+02 6.565761564609921379e+02 3.712388607627557270e-03 1.074769171542708235e-02
2.860812913786716649e+02 6.146707655651222240e+02 6.772101511833823577e-03 1.323400449353870877e-02
1.087807699344208913e+03 3.095363718051328306e+02 -6.780035811379102155e-03 3.688563813441440679e-03
3.202201770008068706e+02 1.059068243177256363e+03 1.596961733742539424e-03 4.462263957367834481e-03
1.190795702669598086e+03 2.470481313284996645e+02 1.445452040048387631e-03 6.139246258045983999e-03
2.249400198820812022e+02 5.963831354572688497e+02 -8.934674056795521846e-02 3.327139185792910014e-01
2.518142832186616715e+02 7.033455683305361390e+02 9.219781538938672145e-04 1.486718103482381065e-02
2.315732422951204228e+02 6.748014515035546310e+02 -1.143770329140988279e-02 -8.442562062138749684e-03
1.926716434557757225e+02 6.335624030250611440e+02 -2.188380295598307546e-01 3.159084667602392593e-01
1.214905785189057724e+03 3.567429774895800279e+02 -3.286930079418134976e-02 6.872337298344430301e-02
2.745886600629693248e+02 5.971805760184502105e+02 4.874448527992077118e-03 -2.962662029985814634e-03
2.465394449469859808e+02 4.996592463564456352e+02 1.318174719590202437e-02 -3.393049721265326002e-02
2.723831462775103773e+02 6.782958282449719718e+02 -3.882450372907779706e-03 -6.294655899468449937e-03
4.950766567571558880e+02 4.616069706512932385e+02 -6.297201200500441853e-01 2.653677230663846198e-01
2.115670627312825616e+02 6.115868721632192546e+02 -2.565210709101021780e-01 3.672949418072865013e-01
2.449433242573614677e+02 5.945944713000159254e+02 -4.195949644492366951e-04 7.720744490352624695e-03
2.541861616052391923e+02 6.423924527123016333e+02 5.368387756613565709e-03 8.750738279489512356e-03
2.938541422330832802e+02 6.390144745349409732e+02 -1.464432591711840219e-03 -3.871381678473849453e-02
2.382571451112442560e+02 5.029860758565174592e+02 -1.120723448268687262e-03 5.118468836393289629e-04
1.198803837371452119e+03 3.448851926315410310e+02 1.154235121883260967e-01 -1.311017338114557791e-02
2.574518851624391687e+02 5.480299898862893997e+02 1.759702277401611588e-04 -6.701016554384610878e-03
1.124064009167125732e+03 2.460316151975609955e+02 -8.629401410801863098e-03 2.623348399616939886e-02
3.289590347834655404e+02 4.992445424804071763e+02 -6.528891451468343821e-01 2.637979771619582414e-01
2.074372130236770602e+02 7.273862053855699514e+02 -9.948233541681721515e-04 5.860480762711775191e-03
2.833062899585775654e+02 6.526414883172847112e+02 -9.683127118253173670e-04 -2.836897434262667284e-04
5.284091968094053300e+02 4.882898035129711616e+02 3.726267145245180656e-01 -2.303985835196822596e-01
2.281202716782285336e+02 7.064636508154562762e+02 -1.397511878184585360e-02 -1.874025440844938675e-02
2.279346042542818793e+02 3.346392591749465169e+02 -1.076177397930707935e-01 -3.681548539812074528e-01
1.203383499018355224e+03 3.875565877783008091e+02 -1.869297788059634275e-03 8.004076066672180523e-03
2.645231063168334344e+02 7.311107673270980740e+02 -1.089215807409985156e-03 3.199220796157551143e-04
1.172634995611931799e+03 1.908445877452732020e+02 -6.618689727645795697e-03 1.724815916385144185e-02
2.784046528843727515e+02 6.584235738053208706e+02 1.427311235096846622e-03 -1.326616050812277729e-02
1.431025888948252032e+02 3.929264727337302929e+02 3.961223177410765073e-02 5.426661832416976305e-02
6.988487714249091596e+02 3.846374512269596266e+02 -3.774564527214460119e-01 1.068196847357207463e-01
6.679241865107261447e+02 4.183174295406641932e+02 -4.172337434295959602e-01 7.162310963182692836e-02
1.217763146356971902e+03 2.548677382523135293e+02 -3.812040722847753055e-03 1.053544918349359066e-02
2.720180837699770109e+02 4.772400095098062138e+02 1.214779868031585705e-02 -1.123731654764263538e-01
2.303159044732290681e+02 7.457998306346313484e+02 8.984144347203711425e-03 -2.128313193986066179e-02
5.843301686193423166e+02 4.360238179155895182e+02 -5.055026998201488375e-01 1.792317294995059707e-01
2.335264594598138501e+02 7.016801187666870874e+02 -2.135365588688077632e-03 -1.926345137589898122e-03
2.159291733266981623e+02 6.410819490251201387e+02 -3.637663693372234375e-03 -1.810691063689440455e-04
2.277249791058846711e+02 7.752759870693640778e+02 -6.776208698132486427e-03 -2.175544915816303784e-02
2.839948992178534013e+02 4.760077977129278111e+02 8.128071273118859727e-03 1.920455434728352839e-01
2.301430209974089109e+02 6.239813022510611518e+02 -3.610963582211820008e-03 1.077793867069984889e-02
1.259813849473350501e+03 2.914646975365776029e+02 -3.792538074461358766e-03 -1.445260297868790171e-02
1.866117103257795122e+02 5.755375778466573138e+02 1.172385421226554425e-01 5.978962911173073616e-03
1.139457899089819875e+03 3.724289049473529190e+02 -1.524166882663308478e-02 -8.914040300611093121e-03
6.203491899510214580e+02 3.793302624812721433e+02 2.826556957776268225e-02 -3.652532019550720765e-02
6.562395929441109956e+02 4.014629523671664515e+02 -3.639625625591289548e-01 1.039590651445972125e-01
2.550692379452646890e+02 4.800775953905569509e+02 -1.059202983507636329e-02 1.752531381586241652e-02
2.113246148974255334e+02 7.455426637323026853e+02 -5.041353305410094503e-04 -1.152033730334389326e-03
2.843585162505019071e+02 4.468544535193528304e+02 3.542261767938782030e-02 1.349309216879701623e-01
2.199290856064168338e+02 6.995181878549749399e+02 5.473275453923768900e-03 -1.462654392014991296e-03
1.775989446768422226e+02 6.508284921360661883e+02 -3.408084205661949806e-01 3.269712050544958393e-01
3.473984252199206821e+02 1.067587414234018524e+03 1.213660865110539715e-03 -8.911416589085948553e-03
1.088717674703681041e+03 1.908207495816717767e+02 1.072731691552725880e-02 1.761750390529714938e-02
3.408439748465856383e+02 1.068814597401692708e+03 2.241361659175686565e-03 -5.691664663196783006e-03
1.118638638872388583e+03 1.854821283610574483e+02 1.100714867749781611e-01 1.647641507410386730e-01
1.117550962219743951e+03 2.404360049479012389e+02 -3.953941484156746366e-04 -8.272634523527892109e-03
2.662880179017236628e+02 5.929548092451180992e+02 -8.682078951020648708e-03 -2.753776389990079390e-04
5.940713020222343630e+02 3.684748284728211729e+02 -4.230744156165210253e-04 -3.256830008043303491e-04
2.146733865698821546e+02 7.383271554069077638e+02 -1.918348690094431310e-03 -6.009821050364698783e-03
1.238789887530395390e+03 3.365528939713877321e+02 2.593348205603586767e-03 2.081493915368085382e-03
7.577554194978905571e+02 9.256898747576033202e+02 4.361581100555091406e-01 -2.010035444425160578e-01
7.249310060005238938e+02 3.883009827270564642e+02 -3.550313773588774091e-01 1.536105901921626660e-01
8.910168946284795766e+02 8.527512555143950976e+02 5.211428952092170830e-01 -2.145754278282635263e-01
2.061771606034831166e+02 6.956303452455777006e+02 -1.130765281061203980e-03 7.639248391187000720e-03
2.121496373369823232e+02 5.489955484609071164e+02 -3.774606475547005457e-01 7.527402811976373342e-02
5.601226528711409856e+02 4.055135021770121284e+02 -6.865852152102929207e-01 1.466398861125469966e-01
1.347955892581277340e+02 4.000864714445968389e+02 -2.398148004416644525e-04 1.375436885165198580e-03
2.600197691407026355e+02 6.851831616030370924e+02 -2.054573540556023196e-03 -3.373013051848172249e-03
6.428985488860470241e+02 3.929162857594167804e+02 -4.491329209226224140e-01 1.508359271507301591e-01
3.326149348177201546e+02 1.089278975722912946e+03 -1.756666542584555128e-04 3.126069989586611857e-03
3.095440536168057406e+02 6.070636722780790251e+02 -5.374461378459394548e-03 1.565740221015331180e-03
1.170359882310772946e+03 3.679852965279483215e+02 -6.854205581273370082e-03 6.596687639877459562e-03
2.784562967712390673e+02 4.336781261614683558e+02 9.467732759460127656e-02 1.152224485698536555e-01
2.750084611373724783e+02 6.230906209086704166e+02 9.605105866613835664e-04 -1.307749988713436621e-03
3.397858630407979490e+02 1.089782133180012124e+03 1.658714768969766270e-03 8.890927649532603125e-04
5.283076841651339919e+02 4.170270470687682973e+02 -9.060756190466170423e-01 1.395095933192679050e-01
3.104932624946572446e+02 6.215897780556085763e+02 1.037425835511047523e-03 9.630225009833239544e-04
5.484843216608645662e+02 4.132963438975486383e+02 -5.029201585178817435e-01 1.186694124676278966e-01
1.174595503013401640e+03 2.070515841035704341e+02 -4.722574127382214715e-02 -6.437233460087160748e-03
6.255630755651184245e+02 4.067461815017378512e+02 -4.557769592296617711e-01 3.698091072536749402e-02
2.720872091379903281e+02 6.600468347432963583e+02 -3.186265219124105011e-04 -9.072106533706277010e-03
2.621483279287147070e+02 6.978650744810612423e+02 5.403429073048260541e-03 9.534117547325490424e-03
7.550873687085389747e+02 3.619332191746285616e+02 -3.774724685952781655e-01 9.223122763900884480e-02
8.229922303024153507e+02 8.862772591271370857e+02 4.675041109370072778e-01 -1.623988312829761638e-01
6.393434992288664489e+02 3.994907078978975505e+02 -4.270696102003924133e-01 1.205794486492146184e-01
8.441177887800706685e+02 8.775578320869067284e+02 4.744962593797065198e-01 -1.736981182975233517e-01
2.343613937932237832e+02 7.114322937857518809e+02 8.389842788537660301e-03 3.840155766605640123e-03
9.596506531682690593e+02 8.551606472760012139e+02 5.930391754565906837e-01 -1.974333739481558547e-01
5.563033302887691889e+02 4.203341782670062230e+02 -5.165161751328799511e-01 1.135965373560587494e-01
2.395360706636199382e+02 6.038062405905502601e+02 -8.320719958882620299e-04 2.115294989059545838e-03
2.974684552618564908e+02 6.550128024840374792e+02 1.727875018859056488e-03 3.150079988436478573e-03
7.260949973573046918e+02 3.552362742285716877e+02 -3.568356157770227188e-01 7.162327329795872832e-02
2.367162727371803328e+02 6.200938790452770490e+02 -2.572398172368017583e-04 -2.609581821444083901e-03
3.247208237342248367e+02 6.086327977945735483e+02 -1.489515640846075491e-03 5.503573899652632224e-04
8.022028552272720390e+02 9.053277318785069383e+02 4.254558947813850134e-01 -1.665133702043647690e-01
1.139603536026893380e+03 1.891740195978236443e+02 5.255780339673875312e-02 -3.079915130914171253e-02
3.718695268743127826e+02 5.185432441528437266e+02 6.076277971047531201e-01 -4.787026283642518976e-02
8.239175651290211135e+02 8.939572012346822021e+02 4.239847844603389926e-01 -2.313719751711793282e-01
1.107156364275077067e+03 3.268696902865701759e+02 -2.163257062823567556e-03 -7.810723462468878615e-03
9.506250343032864976e+02 8.189312608175764581e+02 6.821814127460588129e-01 -3.762309133861697075e-01
2.665068890312089707e+02 3.999674679253215572e+02 -8.889789051575053627e-03 6.386210996044322519e-02
2.788198814686648461e+02 4.059893377145371574e+02 6.136484405270507120e-02 1.114498536843760296e-01
2.832732245131687137e+02 6.780141584388862839e+02 -1.547325467441569829e-03 -5.645864641007734309e-03
8.941573997024432856e+02 8.563191405303391548e+02 5.175912481403303067e-01 -2.079057883282228736e-01
7.670197178331196710e+02 9.062523242785896400e+02 4.170139757948422288e-01 -1.949147662904018585e-01
8.194073768048624515e+02 9.029189192697325552e+02 4.083134781690475612e-01 -2.115789722665198658e-01
2.575802888187550934e+02 3.981045641090497043e+02 2.742717163197914629e-02 6.244736150308023703e-02
1.121486485584063530e+03 3.260979731570273543e+02 -3.546841567750823147e-03 7.770907120192699184e-03
2.529245662528412311e+02 5.791002856733580302e+02 -7.739221160881240742e-03 -5.409109764280014762e-03
2.550930586329335483e+02 4.372783009784720321e+02 -1.380543431460095893e-01 -2.671851574807854179e-01
6.922447761894662790e+02 4.210467310237057177e+02 -3.711582166101676794e-01 1.138103416721874817e-01
1.168525171001214176e+03 2.461583557108735931e+02 -1.662575239255476229e-03 6.412672694194602096e-04
3.143437316759935811e+02 5.361694772723261622e+02 1.780575589017000318e-02 -4.218070831916745540e-03
6.010047574823636296e+02 3.977441406480741080e+02 -5.389319959976944796e-01 9.489710167074486002e-02
6.956862381705872167e+02 3.723326095103544162e+02 -3.367036082877618575e-01 1.473071989431977424e-01
9.867156443148900280e+02 3.717347507143562666e+02 -8.502345010949491008e-03 -8.242898436125446759e-03
5.205145623053481359e+02 4.313211301002789355e+02 -5.052010578927699225e-01 1.962319191927099638e-01
3.227266033791390782e+02 1.082020027022126897e+03 -6.162653129191573379e-04 5.778886169127422576e-03
9.152906810681910201e+02 8.419631491513388255e+02 5.204888863788766917e-01 -2.216642231088452875e-01
1.117100270961998376e+03 3.103888446739384790e+02 7.062386939099782671e-03 3.309591089971648369e-03
7.981225086367667245e+02 8.945469529004130891e+02 4.677106341012073343e-01 -2.055912617771841477e-01
2.744184910672291835e+02 3.861695777117266175e+02 -9.972130484590531821e-03 2.121120773034027712e-02
1.213765663775087432e+03 2.075147167217062645e+02 -4.213066349996885326e-03 2.675911956536359063e-02
2.649192124601514138e+02 5.599541712239416711e+02 -8.561391987589194244e-03 2.814887207933895654e-03
2.767629291368853046e+02 6.748727491328443193e+02 -6.140665080644596048e-03 -2.694209031030575605e-03
7.103374163684368341e+02 3.982183511314404427e+02 -3.756482493540524437e-01 8.693676561798813207e-02
2.133165370988913025e+02 5.163360162235644566e+02 6.447384463799022856e-04 -3.821977997817346383e-03
2.986813189235632535e+02 5.765273411015665488e+02 -3.113859215509724720e-03 1.452291899065382731e-02
1.173396012340322841e+03 3.566356915600580351e+02 3.983231415790809173e-03 2.361496503731989969e-03
3.208473171867686915e+02 1.086018945678232740e+03 2.807879176092478377e-02 -5.368982733486545381e-03
1.177510564215930799e+03 2.125054248358484585e+02 3.796539653855670465e-02 -6.688094709448201038e-03
7.268314356493713149e+02 3.683444734883257752e+02 -3.772459205224020784e-01 1.176560672220137022e-01
1.146429591654026808e+03 2.474874599133521542e+02 4.537914812013552415e-03 -3.557116252902304925e-04
1.088291793234727947e+03 2.026005177651403812e+02 -6.968647551568012306e-03 1.023864764881119056e-02
2.661820499417140695e+02 6.767178744169581250e+02 -3.268434878730947348e-04 -5.077617416820277493e-03
8.754485916628558471e+02 3.757722236240360303e+02 5.226193919347184025e-01 -1.764187787346809533e-01
1.120808434910652295e+03 3.592387607255299713e+02 -1.670497439664080097e-02 8.701337142793358695e-03
2.648764188538599456e+02 5.488437908831912182e+02 3.487054482036455738e-03 -1.566894030330862921e-03
2.980672823495083890e+02 5.661187055426195229e+02 -2.911001813471206061e-03 1.015297692033235132e-02
2.599245752340233935e+02 3.729639983274590804e+02 -2.743259445045204744e-03 8.663232416072580780e-03
7.687851261871992392e+02 3.541465249928233447e+02 -3.651219384982161698e-01 7.638240035498768121e-02
5.639613869897946188e+02 4.124838653448816785e+02 -6.960302702828387034e-01 1.368400396772374017e-01
2.584438536418666672e+02 5.855970656685833546e+02 -1.210108936648210919e-02 9.256898979653876633e-03
1.183865964773154928e+03 2.330520931163429168e+02 1.619019150964257081e-02 -2.734174158502913898e-02
1.195471877830733774e+03 1.875902843933881741e+02 3.240331021162443266e-03 3.831267544651697186e-03
7.551388854397580417e+02 9.369640488539242824e+02 4.734955195557303265e-01 -1.729360755474151079e-01
9.554287992215994336e+02 3.512978298973368965e+02 6.323856590043819281e-01 -2.514329576691025081e-01
9.610718907947260732e+02 3.094243610597836778e+02 -5.767650942530548885e-01 2.315476905827199006e-01
3.069747121570769650e+02 5.729456007561057049e+02 3.136941437678570331e-03 1.466315607054337680e-02
4.634598367111232733e+02 3.926739418705471394e+02 -5.725604831005818435e-04 5.557264009764979751e-04
7.168520593855375864e+02 4.256274630859124386e+02 4.055656669072831289e-01 -8.804561368183633219e-02
2.756835526431910353e+02 7.005550465710889512e+02 -5.780760700029549974e-04 -1.619284203228528430e-04
7.358649473955225631e+02 3.792680063199744041e+02 -3.905285947999971863e-01 1.488766998027817867e-01
2.538919979239736051e+02 3.639693662622313468e+02 -2.092805847986415561e-03 4.457399381803412580e-03
1.077856114852445444e+03 1.980773877001739720e+02 -1.372075336189482186e-02 1.022702376237145765e-02
2.477649644548496042e+02 4.774421382036802584e+02 -1.619417194938824883e-02 4.462784176266183095e-03
2.174654652538508515e+02 5.822035772071482143e+02 -8.731393424985281829e-03 2.136860993173533840e-02
1.047089725208518075e+03 1.919659695422905088e+02 1.393783769273102269e-01 -6.405296092760599802e-02
7.400054540917626582e+02 3.712629476711519487e+02 -3.617352402563172586e-01 1.487561611812612539e-01
8.647269838134945985e+02 9.016088120133217672e+02 4.504781029670359427e-01 -2.489314756274770835e-01
7.660633262669537089e+02 3.524428366522463989e+02 -3.420767656664676082e-01 7.803960756373699847e-02
9.759465513295866685e+02 8.551860055382958308e+02 6.500943796085028037e-01 -2.077259743822829074e-01
1.065469906753013447e+03 2.112023854988347011e+02 2.558778261702695372e-02 1.162658582672541734e-02
2.641132087127090244e+02 6.287986200830632697e+02 -1.522673957897315716e-03 -1.281263709140738165e-02
8.022929573789655251e+02 9.109289210309215150e+02 4.112989241151525088e-01 -1.980247674574087957e-01
2.993136792657913361e+02 5.932862047252514230e+02 -6.487902769654373472e-03 -1.923061491218410260e-02
2.685724458633512768e+02 4.591000044979430754e+02 3.351233025208805172e-02 -1.752389825404195300e-01
7.442044014587227139e+02 9.401639848294221338e+02 3.980257610185027883e-01 -2.191966684259751275e-01
1.827801575634808557e+02 6.638318970650273059e+02 -1.781415824454520846e-01 3.431126469036434590e-01
2.749911965671040548e+02 5.421299833782135238e+02 6.988161044927379204e-03 1.398707947040666970e-02
4.996372988269545772e+02 4.754991186592428676e+02 -6.137372440336783530e-01 2.856930020577709284e-01
7.156064342206640276e+02 9.895090068598043445e+02 -5.383759327431441033e-01 2.017910470458040839e-01
1.993253309951149674e+02 7.064402107442729175e+02 -4.384343253658223513e-03 3.599731297618061383e-03
1.937173146826921482e+02 5.751748946034980463e+02 1.143615532070054869e-01 3.940471414516155679e-02
6.728522569076798163e+02 3.873787732249318765e+02 -3.317590505700811487e-01 1.883245511844478803e-01
5.822237634743398758e+02 1.050624267527310849e+03 -6.999762556399324875e-01 3.173096413131780147e-01
8.576446223639901518e+02 3.758497824903201945e+02 5.556886425821504494e-01 -2.389918285624532679e-01
2.137392563082923118e+02 7.163207242722949104e+02 -4.752103904668657404e-03 2.721752375890729853e-02
1.059219990756253992e+03 2.574334162708123017e+02 2.345595950590171064e-01 1.944922817608908949e-01
6.995083548276668353e+02 9.392474964585795760e+02 4.321374943687978365e-01 -1.782625082582853793e-01
5.481325078448666090e+02 4.634352789157233019e+02 -5.682460997871513486e-01 2.422157968418174878e-01
2.241637892154374470e+02 6.576158570342420262e+02 -9.180393345021381490e-03 -1.054002564387588985e-02
7.365957904523995694e+02 9.804400524074497980e+02 -5.782902823059239417e-01 2.174518623495250713e-01
2.538063332945947081e+02 4.229218615216367994e+02 -1.192236629372300238e-01 -2.764246821489007022e-01
7.862295423767058082e+02 3.774808766039069496e+02 -4.797993718175483369e-01 1.893996610620068966e-01
1.166410980016245730e+03 3.454442648945442329e+02 1.715512339340438978e-03 -3.888381963064949619e-03
2.854537656976704625e+02 6.280226187796421300e+02 1.625715800942922028e-03 3.022244768300366355e-03
2.511469816182298018e+02 5.951982725529105664e+02 1.377223516446085668e-03 1.318322359710948251e-02
1.047222141149267600e+03 1.782771775059685240e+02 -1.436894113049170738e-02 1.715640124515999468e-02
1.074424561380435989e+03 3.203956666936488773e+02 1.334214055590888463e-03 2.153416019236018605e-03
3.173203006082850379e+02 5.679582288896818909e+02 2.925318125075798692e-02 -1.186224114473931248e-03
2.469543117575545921e+02 5.801550653268625410e+02 3.148202972839006086e-03 1.494780594929363653e-02
8.135854680623397144e+02 9.425004390770498048e+02 -4.288341159759052057e-01 2.080456439136755264e-01
1.037673742205160352e+03 1.633008505420025358e+02 7.334872540022753171e-03 -3.729760993463759194e-02
2.692528764145091600e+02 3.515670231564189976e+02 1.482318024280215906e-03 -3.395950957837504634e-03
2.743912080512364469e+02 5.858010608240311967e+02 -4.418039737124042701e-03 7.426234521130261647e-03
2.527885555660589034e+02 3.346235803920478702e+02 -1.097193754253510817e-02 -1.083363801705958772e-02
2.470270273435446597e+02 3.420095163712753674e+02 4.983252843074281041e-03 2.108042302677854644e-03
6.884589911364088266e+02 4.229493098939432230e+02 6.761466625921142004e-01 -1.737050845001709698e-01
7.467943205756448606e+02 9.650850886400030504e+02 -5.375883023533436500e-01 1.945471704263440349e-01
9.782240557462284869e+02 8.408833116356054234e+02 5.780879870708856005e-01 -2.003451516452649794e-01
8.247526681329410394e+02 1.102225073514712221e+03 1.938907034776426769e-04 2.279550486505151302e-04
2.445349458710901160e+02 5.162454676062754970e+02 -5.191416224528014323e-02 4.736644358880336830e-02
2.453173948276231613e+02 4.953066752236404682e+02 -3.754232451035955515e-02 -6.378752564833604921e-02
1.140591848641669230e+03 3.383791805328554005e+02 -2.740802287683049340e-03 1.722295828904740408e-03
2.145205051783635781e+02 7.306584721783873420e+02 -1.684800968632940363e-02 2.965825165289862585e-03
2.856899780316639976e+02 5.731276448049450210e+02 -5.353301552658969349e-03 -1.295502301934110334e-03
8.215116492211706145e+02 9.346931356777271276e+02 -4.317590247130254077e-01 2.438463122433845720e-01
1.169508390253683956e+03 1.496316126279742775e+02 -1.001289190430094955e-02 1.713021095745340594e-03
1.261874169396839307e+03 3.671063361651576997e+02 -6.232966627195391483e-03 6.983608085193953111e-03
1.083401445969939914e+03 2.850058530355709081e+02 9.763168309923953014e-02 -1.729576369969364202e-02
7.362105188660755175e+02 9.572087079791342603e+02 4.128165801520647937e-01 -1.811854002515951578e-01
2.545194665078511207e+02 5.264695846147030807e+02 -4.437330007848717950e-03 3.501362387493314396e-03
7.555591522039715073e+02 9.152991828598140955e+02 4.294903411477869470e-01 -1.849448687391738733e-01
2.715915556698410569e+02 6.719471133936965543e+02 -5.751626018191626291e-03 1.603691692801224129e-03
2.936051088194414547e+02 5.176089477304855109e+02 -4.455941255504949385e-03 1.154789720746098036e-03
7.110038906332742954e+02 3.673178188831544162e+02 -3.287522854407683437e-01 1.362105112083079606e-01
1.142915009647726492e+03 3.408157769719638281e+02 5.478790408449298564e-03 -1.373688269192109915e-02
1.177720177371547834e+03 3.964671874847952608e+02 -9.312218314877586389e-03 6.910044698843599044e-03
8.279134002528007841e+02 3.407832033867037467e+02 -3.919294104219875896e-01 2.349206229439077254e-01
1.130924612800704153e+03 3.200731897152806482e+02 1.786228915209291460e-02 -3.599692301124022414e-02
2.557894755468803112e+02 3.410481103561926943e+02 -3.887756967280679189e-03 8.870104322643711410e-04
2.310228932451445303e+02 7.402206321713318857e+02 4.694280670800071199e-03 7.947291091308315500e-03
6.748195530635498471e+02 9.494617691802660602e+02 5.126365382867044129e-01 -2.048517028406681428e-01
5.063048188555964089e+02 4.287570931530063376e+02 -1.034839347776261187e+00 3.181149141457307872e-01
3.619831706362722343e+02 1.067323624880101534e+03 7.062348552975404755e-05 2.608998487103956088e-03
7.915814678473311687e+02 3.655704661299524219e+02 -2.929977652074098327e-01 2.194206059215770832e-01
7.978707133223757637e+02 3.684863105730066195e+02 -3.076561450828977362e-01 2.220149778057111944e-01
1.146357914101826736e+03 2.074810013601533001e+02 6.874951500810428523e-03 1.619028543904948436e-01
6.408598336978827774e+02 4.175581042643232763e+02 -3.859122008989614994e-01 1.083108244328610803e-01
3.078705247138753407e+02 4.973905825704932226e+02 -1.948323965361603441e-03 -1.876071039021098841e-03
2.295824640561380363e+02 7.226442112844046051e+02 -4.334258852411759094e-02 4.351775187125562008e-03
2.496986024921860690e+02 6.857335744807528499e+02 6.066008730179324676e-04 -4.453493971145645013e-03
1.167020678326463667e+03 2.361532821822272012e+02 -1.537954245613585907e-04 -2.271960602570091692e-02
3.677938865010193012e+02 1.065519461737821075e+03 -5.064251751724049844e-03 -3.566577464202919621e-03
2.409512825284608937e+02 7.300099982748768070e+02 -1.564171865786444975e-03 -2.440218487894940669e-02
1.111120408463895728e+03 2.201221659260250760e+02 -2.607986203375361762e-03 3.990306975174124499e-03
1.208528296185376803e+03 2.187546118859332012e+02 -1.014131670045922973e-02 -1.382487508813861309e-02
2.273965853474372238e+02 7.315215843404697580e+02 -7.663275984833773551e-04 8.419716866735080241e-03
6.809939758288786606e+02 9.564009773596523019e+02 4.974544085928255810e-01 -2.209869191656624321e-01
3.126149936848196944e+02 5.772746273110331003e+02 6.492140757675563326e-03 1.193579281758808640e-02
2.601600070258748474e+02 3.360217493164739722e+02 -1.705073085910462864e-03 -4.251202997987111069e-04
9.432469850834506531e+01 3.645371158864058430e+02 -2.540969352290740196e-02 -9.790589058276495324e-04
5.248787848874582096e+02 4.407211759867561796e+02 -5.128225337718272936e-01 2.416318305722479631e-01
1.143356575527684072e+03 2.141576308887428297e+02 -3.637238886193303739e-02 6.099481159690365445e-03
1.108246587384149507e+03 2.818902099043392013e+02 6.286673277929754056e-01 -3.043669907586816215e-01
1.084675808587356187e+03 3.418738648805821754e+02 -6.661258363406562417e-03 8.629039519633459332e-03
2.187432438874163836e+02 6.631602562393816243e+02 9.905088175137640382e-05 -3.399342477320202102e-03
1.001041069101238691e+03 8.250974922853163207e+02 5.634912371989019286e-01 -1.986480982600234146e-01
1.162443618241009517e+03 2.527706688629819496e+02 -3.726695980479027750e-03 -4.561202984394687604e-03
1.152790862257868412e+03 2.227363484494499914e+02 -7.567424071801201815e-03 3.508569229249941090e-03
8.561011006449808747e+02 3.583928794908617874e+02 -3.942293545928737819e-01 2.274333027563209264e-01
2.614300879787477356e+02 4.450550001956545998e+02 -3.887612182652469550e-02 -2.260421162902285785e-01
2.677915642285040576e+02 4.779937518588594116e+02 3.124486538335434840e-02 -1.019706464662051282e-01
1.182726617544644796e+03 2.531248306467129225e+02 5.030725096744255616e-03 -1.521178362805463910e-02
2.335672751018777831e+02 3.584786659137205334e+02 -9.680106922268726100e-02 -3.357166852634186904e-01
1.013311491711781741e+03 1.689901412363692259e+02 -1.181756015569034035e-01 -2.446978681403718381e-01
7.270402965116246605e+02 9.299703861598312642e+02 4.446542456025680545e-01 -1.674993897314157043e-01
2.155115175002999877e+02 7.228508218355647159e+02 5.346232367151285445e-05 -2.108973451279978414e-02
2.710982220038641799e+02 4.347778670566102619e+02 6.732316393071592631e-02 1.182927236895335577e-01
1.033443677049928965e+03 2.041097536950349536e+02 4.452191406701308356e-03 2.122107908777682295e-01
1.056693431001994895e+03 1.953575237285870116e+02 -2.533746059920403276e-02 3.514659876677932171e-02
1.204693498607323363e+03 2.055691183919656453e+02 9.706131837258070820e-04 -4.530020914738106495e-03
2.106394100497142574e+02 5.780280188166329935e+02 -3.265631388634436874e-03 7.775921466944028457e-03
2.572437900795843575e+02 6.044323701676078144e+02 -9.404395245049875646e-04 4.119928987614740988e-03
2.286703808163917131e+02 5.804424988367217111e+02 -1.034274734640952403e-01 2.862903450089631097e-01
6.252853506786602793e+02 3.943566594230109104e+02 -4.870054024387377445e-01 1.091328056172597427e-01
2.313284005813890474e+02 5.653800615537769545e+02 4.509218748263706805e-02 8.211643215682189190e-02
2.451686436630139951e+02 7.614313764801859179e+02 -2.332368952707553761e-02 2.681560980280020892e-02
5.338367744630129437e+02 4.265879221916180200e+02 -5.288748276338182119e-01 1.629552863949357833e-01
2.245513425821565079e+02 5.607568498285547776e+02 7.970378650082977912e-02 4.966660808219834633e-02
8.250998177450046569e+02 3.281461341389848485e+02 -3.693487477863563462e-01 1.838516573454842262e-01
2.256108388594618930e+02 6.731707547743958457e+02 -2.689446105699969461e-02 -9.929258604575573466e-03
8.502879023024659091e+02 9.316128913601144177e+02 -3.916297134135974800e-01 1.963761196284394828e-01
1.040808438665329732e+03 1.693735910300184742e+02 8.434330743723579549e-03 -8.470590385374492798e-03
2.467820792726053583e+02 7.008708021120755802e+02 5.148649064922762413e-03 -4.263099425051366728e-03
1.079769808979802747e+03 2.691611399070596917e+02 2.044968215328877292e-01 2.197559792956092425e-02
2.667849390812319257e+02 5.013719283670622531e+02 8.242143275992029616e-02 -8.626647856073696441e-02
8.380290317632141068e+02 3.522832681952564258e+02 -4.287326048560911040e-01 1.961297524197671005e-01
2.598831250481565007e+02 3.276718492270854881e+02 -8.809324577858133193e-03 -1.602656566684786468e-02
1.220927895261909953e+03 3.182634144256514332e+02 2.737767181489437762e-01 -1.950397332675791462e-01
3.759631855579034436e+02 5.449213858106627413e+02 -4.989381604731858320e-04 6.699549149324961206e-03
2.383275462921419035e+02 3.338641453403056971e+02 -5.429785229682806101e-03 2.883855445663632139e-03
9.444520434553024870e+02 8.426221709019212085e+02 5.251999348840685755e-01 -1.960772884727862986e-01
6.953633134055576193e+02 9.812875989402164123e+02 4.457713326758568351e-01 -2.262390228972181172e-01
1.184430725031033262e+03 3.740299754093840647e+02 2.281171537171560078e-03 9.620408511586553413e-02
2.510032643324450987e+02 3.595353079682437283e+02 3.200778980539267446e-03 2.919031543789366717e-03
1.071945230573960998e+03 1.969580185994666692e+02 -1.243027304889041638e-02 1.071743859609280806e-02
9.319582680005217412e+01 3.681165499151993572e+02 3.060507415571887824e-02 4.294093831050407872e-02
2.167185258463460116e+02 5.942515880939690760e+02 -7.317027362239374166e-02 2.235986023407756929e-01
2.790190373377736250e+02 5.002781871816878265e+02 1.536671409510932396e-01 -3.686380758639111986e-03
1.023273845561878943e+03 8.072792676359273401e+02 6.608515191699413371e-01 -2.243732553828632625e-01
6.236840016936760094e+02 4.287676471920909762e+02 -4.291289120861870310e-01 1.649541747361955302e-01
1.122618460340014735e+03 1.753415600682486399e+02 -3.245856092345129201e-02 -4.913613987950599116e-02
3.326624902644326767e+02 5.140496949564505940e+02 -6.266732685614616605e-01 2.871637631051608963e-01
1.190443004863927172e+03 2.278381853813453120e+02 4.580712292012646290e-04 2.741431897364051892e-03
2.717667609469577314e+02 4.602323879217975673e+02 -2.374987468514538902e-02 -1.650974275774934885e-01
2.070025385265966804e+02 6.033659855712795661e+02 -2.506862362719451398e-01 3.453053153238044293e-01
2.963525974228595601e+02 5.501350053724904683e+02 -1.786987654660964278e-02 4.653646218489507214e-02
8.582311598047651842e+02 9.165729008598107157e+02 -4.290780763331920045e-01 2.027033119446336462e-01
1.105817230731470772e+03 1.596273743438541715e+02 1.738280942658597698e-03 -2.528424802880443328e-02
8.563859575927076548e+02 9.223437900421771474e+02 -4.297891145484216691e-01 1.891122970881206622e-01
8.788692327623260780e+02 9.063721384334538698e+02 -4.658345975004130612e-01 2.206751274688231457e-01
7.027599702833683750e+02 3.732461929003932255e+02 -3.216523873144105372e-01 1.418473886661122119e-01
2.110342284050535682e+02 7.257517580555534096e+02 9.952128818154073325e-03 1.170532550785501752e-02
1.897276163705379872e+02 6.632461021389741518e+02 -1.603382901546407946e-01 3.501599693942710756e-01
8.824285158473976480e+02 9.131546264474702639e+02 -4.605328977043333105e-01 2.372811654967896533e-01
5.986866582810440605e+02 1.032102633112092462e+03 -6.896579658672971069e-01 2.530884967036129418e-01
7.844299655368542972e+02 9.271528710867154359e+02 4.058085276818701459e-01 -1.636798344431389940e-01
2.515453683929293902e+02 4.043311945412554564e+02 -1.090168154105204817e-01 -3.054156004185820672e-01
1.213762486301765875e+03 3.109093228594814491e+02 2.347693989075687326e-01 -4.197721209179026275e-02
9.969170239056898026e+02 8.366639831472706419e+02 5.476190743660445115e-01 -1.948020918537235191e-01
1.265745495494905526e+03 2.038516144505646537e+02 -2.191814366691651698e-04 -1.764883342427945451e-03
2.518256203427502271e+02 3.232507483628823479e+02 6.858509983683268134e-03 -1.089029002139678881e-03
1.205331066265559684e+03 3.688052501394656133e+02 7.238456112224529032e-03 -2.055293329440606789e-02
2.381199920304863440e+02 3.137746369445176242e+02 -1.176209888921708573e-02 -5.975064831904821488e-03
1.172112157207696555e+03 3.405183161544248946e+02 1.153851230466700246e-02 3.400447556364922901e-03
1.969461709835754277e+02 6.848910223996080049e+02 -1.621941082750128155e-03 1.884812031604530744e-02
6.610876950358443764e+02 4.251536219448730662e+02 -3.645532380865861843e-01 1.304602869915930663e-01
9.020806735231990388e+02 8.909429330849271764e+02 -4.338902348764577255e-01 1.636422915214665319e-01
2.355434672708431663e+02 3.213978896027928158e+02 -1.344112636819753785e-02 4.772528302178126111e-03
7.060743024128227034e+02 9.441214367626447483e+02 4.506517296926714766e-01 -2.040556248127284866e-01
1.129523435542386096e+03 2.221646580837735030e+02 -8.168199511720729278e-03 1.011605190302926859e-02
2.591288883811192250e+02 4.532202123340597382e+02 4.027063139517395030e-03 4.958501367671844066e-03
1.140214903328862420e+03 1.850438949523922929e+02 7.154405340570925420e-02 3.877336580228698745e-03
6.193646125256219648e+02 9.359927557350470124e+02 -8.348912899466518248e-05 8.922846949180983497e-04
2.826461681336812717e+02 5.584940748463689033e+02 -5.717709684958127724e-05 -4.702680797663560952e-04
2.653664727610990326e+02 7.212212982755030453e+02 -4.598167126931515872e-03 9.109040404078625267e-04
6.825080019614616731e+02 3.871483018446746769e+02 -2.979560539066709590e-01 1.231541196322688547e-01
1.000375214306117527e+03 3.340847761965038671e+02 6.772575066486095086e-01 -2.557120318210876486e-01
1.946893442384714490e+02 5.952517976135161462e+02 1.944806012774322060e-03 9.802109850943678190e-03
1.156855965047844165e+03 2.460846780274574996e+02 1.691360921163232930e-02 -4.851790593594916198e-03
9.519257402421844745e+02 8.335488913057753280e+02 5.407345054148632313e-01 -1.784862855088215627e-01
8.839149741536524516e+02 2.981987070429610185e+02 -2.809984221613704980e-01 3.161279548860325139e-01
8.908213182374757935e+02 9.052241018442839504e+02 -4.961297600848231237e-01 1.263829737742643011e-01
6.639983423674948426e+02 4.132606957290290666e+02 -4.015667435128093543e-01 1.132416063409682344e-01
9.191173800063100998e+02 3.118411304220265947e+02 -3.413129788842144685e-01 2.883605636659675731e-01
2.200879061227408613e+02 3.034887805828793717e+02 -1.171897815755224004e-01 -4.313392303272945982e-01
2.621395840204157821e+02 6.590474080819230949e+02 -6.611511287955820684e-04 -5.850384744097945726e-03
8.870833436402525649e+02 3.024450539884447267e+02 -3.213915744616175907e-01 3.467265658925632321e-01
1.210770311622837426e+03 2.358397137316027568e+02 3.765961780121158953e-02 -4.858792204798013242e-02
6.960285145807554272e+02 9.723507629607565832e+02 4.512329982393080696e-01 -2.369836348577273877e-01
7.824934900892305905e+02 4.896491876475894287e+02 -1.740663274914269060e-02 3.188071818800777141e-02
8.913476424589010776e+02 3.204350013672469686e+02 -2.511335939166359221e-01 3.671801989741268479e-01
1.994099755156101139e+02 6.395236987406888147e+02 -2.243927399055715144e-01 3.097990001439223096e-01
9.171129311485080962e+02 8.869382623786721069e+02 -4.842343526524083841e-01 2.179544475250257962e-01
4.407868176653885257e+02 4.712552842560974682e+02 -6.977490311009839630e-01 1.852002921428278215e-01
1.075389784376762691e+03 1.740350123187399163e+02 4.854293723173943448e-03 5.378844970942176298e-03
9.676971823424904642e+02 7.427199741612513435e+02 3.688133271843485345e-03 -7.437501616208248498e-03
2.757190659273227880e+02 4.390628813973917204e+02 2.177624071170369130e-02 1.061686482190483255e-01
7.314049576963071786e+02 9.035099954041235151e+02 -1.037482371813479798e+00 4.152428945386082981e-01
8.934620526794080888e+02 9.101418496359879100e+02 -4.832427190595765532e-01 1.256767119345167383e-01
7.106198769083906654e+02 4.224743495377678073e+02 4.162520440108002928e-01 -1.070718414222571052e-01
1.051680752650725935e+03 1.844674492723943047e+02 -2.970538400920151242e-03 -2.147262987870810977e-02
1.161556789352497162e+03 1.940558357028724288e+02 4.621006105452858670e-02 -2.381194220862200769e-02
1.130694079848361980e+03 2.062581941262163525e+02 2.048059596235078106e-01 1.205400126312957815e-01
2.662294483648737469e+02 5.384876757523365995e+02 -1.141421124056665043e-01 3.237544163397393371e-01
2.775483553082482331e+02 4.473253354881102268e+02 5.568640201997958339e-02 1.191049072791285218e-01
1.124644753875980541e+03 3.391741732302585319e+02 1.259363678726832221e-03 1.131426741926814004e-04
8.797306625740018262e+02 3.782902993961199627e+02 5.255725840285241368e-01 -1.911980600302830569e-01
2.559526681255564995e+02 5.105789729257764407e+02 3.581626056216949405e-02 -4.384129395315154720e-02
2.802673645697624920e+02 5.469149324668433110e+02 5.693148974830932428e-03 3.433106178279936825e-03
9.958961037914803001e+02 2.268820509216889434e+02 -3.102521221295445261e-02 2.829053229391197410e-01
2.592860429146740557e+02 5.658991500339208187e+02 -6.253768755649310312e-03 1.922657169719437648e-02
9.413116888495270587e+02 8.288781531129128552e+02 6.210918935587741441e-01 -4.126232384869750192e-01
1.201801696651597467e+03 1.983646672488097238e+02 3.655832925588664551e-04 -3.843627062365450545e-03
2.764650086159373927e+02 4.579017431556122801e+02 -3.727665809793509477e-02 -1.625514806465923057e-01
2.589015594674812064e+02 6.278718226226108072e+02 -2.459091003488808255e-03 2.411316035815305736e-02
1.215492178792306731e+03 2.508230072551300793e+02 -3.319975405799082888e-03 9.964645909583609226e-03
6.412789728300371053e+02 4.425555451467935768e+02 7.532908886785917302e-01 -1.953844483140081689e-01
1.084230843446109930e+03 2.089892434446774985e+02 1.044798906374612424e-02 1.177106406269070107e-02
1.206714060812138769e+03 4.242865862678099802e+02 -6.516722844007924714e-04 2.671040918933090930e-04
5.302968957448618994e+02 5.826171808709912057e+02 2.468379670871048638e-04 2.304205533163224216e-03
5.119456535293637103e+02 1.028469356444822097e+03 3.731290064145948437e-01 -2.009824890021673638e-01
2.106136090952554412e+02 7.177552779682980599e+02 -9.412980675919432449e-04 -4.184997235193525442e-03
1.940157351168300011e+02 3.195124957071641347e+02 -1.124581161689385987e-03 1.581884820565041027e-03
2.947561492311224356e+02 4.583555865254588184e+02 2.594404289041872536e-02 1.780259674359415123e-01
8.647365622906791032e+02 3.097133069483642771e+02 -3.875320094142681304e-01 4.419862409388050639e-01
1.244663277270156186e+03 3.124553812557645642e+02 2.236661444497659024e-01 7.477582103012091197e-02
2.643960710686876041e+02 4.782498782851541819e+02 3.660957404604131549e-02 -1.018469714137990728e-01
9.922272806119714232e+02 3.498813029313430434e+02 6.192934170302272223e-01 -2.431535806935900546e-01
2.283304571193362733e+02 6.862613697251671283e+02 -2.487772749651021020e-03 2.496734100723548011e-03
5.510177062014606690e+02 4.522719153739444664e+02 -5.569900304859910500e-01 2.032001459912929076e-01
1.160646487064737585e+03 2.327359740167039206e+02 1.098387010749617490e-02 2.171452845597160800e-02
2.248882771985133786e+02 5.475451398931850235e+02 -3.592359516169189582e-01 1.033057818923419219e-01
6.938642449892695367e+02 3.874803934187984851e+02 -3.646383912328818866e-01 1.142053966370799450e-01
8.609986425578019862e+02 3.028026987313206746e+02 -3.573514727815950698e-01 4.233718264890666827e-01
2.953206466774771570e+02 5.327085515134070874e+02 4.146960018789907663e-04 -6.514068292128087807e-03
9.284591902198495745e+02 3.532808093470807762e+02 6.515134219861958842e-01 -2.819042634453312046e-01
1.091279510892168446e+03 1.643900656463683845e+02 5.910050121761598052e-02 4.843668551983804083e-02
1.119484572111020270e+03 2.166688306003662774e+02 -1.375785611824963117e-02 1.903037364103379522e-02
1.108939099362591151e+03 2.356596393950591448e+02 -2.116972128877671680e-02 5.340959502308942342e-02
8.705817525555094107e+02 8.739063144335871129e+02 4.387825629365829649e-01 -2.202814457521443114e-01
7.047818215661358181e+02 3.849623318500576943e+02 -4.057038425756292477e-01 1.575268650052577823e-01
9.347428641581882403e+02 8.681117580533463070e+02 5.245396488364398868e-01 -1.950488310436876427e-01
9.529250327416398250e+02 3.425469411679895302e+02 6.350625562436534866e-01 -2.544892012035193662e-01
2.692687062229696835e+02 5.554496384428254032e+02 -1.126728190064284858e-03 1.468679540545900436e-03
1.136401696563825908e+03 3.612952718372143863e+02 -1.896274267067671326e-02 3.077220029486607208e-02
6.393489401721933518e+02 9.897396748990586275e+02 6.838897625060328389e-01 -3.360102033698060264e-01
2.601947514565122219e+02 5.759805987464735608e+02 9.887410478734519597e-04 -1.243326694290911721e-02
2.623263001078574916e+02 7.083239254680893282e+02 2.502690845865840601e-03 6.380005364555004681e-04
6.402803425721925805e+02 9.950894704529608816e+02 6.119802732233935449e-01 -3.112753388553258227e-01
1.029866634560327384e+03 2.421845926702993381e+02 2.129893352650991944e-01 2.211697248857519005e-01
8.915229485264245568e+02 3.276885933235705011e+02 -2.428654782600512541e-01 3.456852640053916237e-01
1.118912725122034090e+03 2.623287311549756851e+02 4.326947956601566170e-01 -2.917055350688220819e-02
1.083350033566033289e+03 3.106462531006766312e+02 8.890437400326179273e-04 -3.584853969182449224e-02
8.234071496844391049e+02 9.203797032280145913e+02 3.696416452729264779e-01 -1.934685726939406880e-01
8.671305831502299952e+02 8.719892959684365223e+02 4.632620556388816202e-01 -2.168229083561962200e-01
1.068374371981495642e+03 2.368023529782724097e+02 -5.114756621248989221e-01 -2.080494903608938184e-01
2.593810333210238923e+02 4.589567202914339532e+02 -7.840341452377981015e-04 -3.088319003674571024e-03
2.816859155065965865e+02 4.588724854286537607e+02 7.253292967251556700e-02 1.361325622415104630e-01
8.701539475523935607e+02 3.917337963078274470e+02 5.239322743594800880e-01 -1.674816417227515952e-01
2.186763677110090214e+02 5.640761260854012562e+02 2.722138016346634798e-02 4.059636192983695491e-02
8.762131094496704691e+02 8.860514394725715874e+02 4.263716536756851361e-01 -1.898061145599488353e-01
1.284650670565436485e+03 3.677064018968462165e+02 -1.271266496020177902e-03 1.262981432227891108e-03
1.249725271124380697e+03 3.486861587159216356e+02 -5.934888638590239858e-03 6.968924092059904443e-04
1.102536187672916185e+03 2.178526053742180295e+02 -9.074640189499062846e-04 1.437554686928468883e-02
1.236667963953885192e+03 2.943507677911740075e+02 -3.853371905360389598e-05 -8.731690314038592290e-03
1.102520141887881891e+03 2.974423916176313583e+02 2.821960079823064571e-02 1.260031951830056264e-02
2.438283600066390591e+02 3.122153533627683828e+02 -4.386344959323534159e-03 5.097584690649302128e-03
3.213976075052905799e+02 5.532847621028134881e+02 3.619618280827024970e-02 -1.993645096683511683e-02
5.077935848660938518e+02 1.038483885339151129e+03 3.462241155674192772e-01 -2.019695606836041102e-01
2.548563420503595296e+02 6.835555868820002843e+02 -6.451557259597652527e-03 -1.803421827672212815e-03
3.699820163268977353e+02 1.085816045327437678e+03 2.620919070046952488e-04 -6.780001300884046754e-04
9.087264457087329674e+02 3.824840575080377221e+02 5.717944771665905979e-01 -1.875317234052724102e-01
2.587236383747496689e+02 3.660392711809284378e+02 -4.843709114346316999e-03 8.258440188058102649e-03
3.022165197135263384e+02 5.376937744720148658e+02 -2.538745252763874305e-03 5.400938552029536759e-03
2.547425953234276221e+02 7.219559154668027077e+02 -2.103001121592079029e-03 -9.409414295444972366e-04
3.588443226826859132e+02 4.953083675969139108e+02 -7.367994133683377633e-01 2.011813139617812940e-01
7.256382425877494597e+02 9.405094173273272418e+02 4.791864780890922604e-01 -1.851706078260038635e-01
2.841343613273209030e+02 4.693798922181225635e+02 4.082847121870624568e-02 1.858418131102934634e-01
1.153100393008536685e+03 1.454005146846753291e+02 5.963509146588218644e-03 -1.470720749094537108e-02
1.167127327941046360e+03 1.932748941418532809e+02 5.124186088580407090e-03 3.642530212888999992e-03
1.006741743717983127e+03 2.012510589126783032e+02 8.257738254956008273e-02 1.368518045473647859e-01
1.108975363944388619e+03 3.200981140301165055e+02 1.695538400352882349e-02 -9.275439590616166990e-03
7.832004443434162795e+02 9.635503600028788469e+02 -4.079106184462887863e-01 2.409080771232016416e-01
2.987703549094215418e+02 5.156600941088779564e+02 -1.990173152256433445e-02 -1.192025914778836000e-03
1.170425144217602337e+03 3.229882389288811737e+02 1.024637748953679955e-01 9.310723310340061898e-02
5.298893421494450422e+02 1.074852567540740210e+03 -7.061294716367857438e-01 2.851282850268210822e-01
1.204757269583816878e+03 2.797154588838100722e+02 -8.826358296596255662e-03 7.024904281021832758e-03
1.137399799228357551e+03 2.144247498713060907e+02 1.282980186456685739e-02 -6.611861283582721668e-03
2.164473085758900766e+02 7.549622073548393928e+02 -1.378819744627885488e-03 1.728532215494878741e-03
6.604865780379387843e+02 4.011467095882563854e+02 -4.220859314072408774e-01 1.086808586382652236e-01
3.106996788816051094e+02 5.553436069419589103e+02 3.523877749311359834e-03 -3.050912938000116190e-03
2.394540748549310081e+02 5.872507959819820371e+02 2.253090319001142539e-01 -4.293645160716296760e-01
1.081575331962494829e+03 1.655166525898679595e+02 6.553311848117596150e-02 2.871690962728401866e-02
1.131642448101083573e+03 2.415773472378270412e+02 -2.296629246525344094e-03 -1.002367851133481244e-02
1.097400887425020301e+03 1.872969596679878634e+02 -4.597384107542254461e-02 -4.423585795096261764e-02
6.850185944239439095e+02 4.352304097890915386e+02 7.517999887065099918e-01 -1.781450722805823506e-01
3.784559734028077855e+02 1.083849269985867068e+03 -2.691929766635804341e-03 1.176849911259280484e-03
2.386443239052999274e+02 3.685585169217637258e+02 -7.622221000172466066e-02 -3.387267984764558704e-01
8.393328011467420993e+02 3.747913659354193214e+02 5.561107977542556480e-01 -2.193499494997834809e-01
1.064522325310114411e+03 1.820698209059535770e+02 -3.690674150612442781e-03 -2.546855079767209110e-03
2.906055038781590270e+02 6.293729464562443354e+02 -2.322374078302557460e-03 1.195996055791357857e-02
8.685230444178789639e+02 6.326976883936315517e+02 -3.352611040937328746e-03 2.290765650510627298e-03
1.515538421603349093e+02 4.549587054239195254e+02 1.057536598636661922e-03 1.506328946021258646e-03
1.172036191776468513e+03 2.085989549628178565e+02 -7.935563487805918914e-02 1.637470706330834413e-01
1.175293473211156197e+03 3.836576366342305846e+02 4.836936078348540169e-02 -4.574641905900037053e-02
2.433024185217535091e+02 7.220243010329500066e+02 7.289424821343651616e-06 1.718587076903522765e-03
1.073913118994906881e+03 2.243189861241650362e+02 3.566983091669760457e-03 1.342379516090895682e-02
1.198943823600340238e+03 3.773390941430221801e+02 1.037249668274853320e-02 -5.452100903567336058e-03
1.188201999658284876e+03 3.915309240536898301e+02 -4.772457156435947617e-02 -7.518050018453291405e-02
8.049018649139334229e+02 9.320658230465281804e+02 3.713928562628230901e-01 -1.990869884496629660e-01
2.312643603825701746e+02 5.987353711084973611e+02 2.451201418268268151e-01 -4.172265418619318655e-01
8.034820279547011523e+02 9.212315436057111810e+02 3.509708537995835376e-01 -2.060651461088228997e-01
1.068177925638596662e+03 3.201225681063490356e+02 -5.952021433973406737e-03 6.713699424568462040e-03
1.214485147364749537e+03 3.681638905894469644e+02 1.973148112567809503e-02 -3.225119468965707836e-02
2.333374406321075583e+02 6.938028550054100378e+02 -3.739116173732111390e-03 1.079966092766196763e-03
8.079487906447375281e+02 6.437869439897868915e+02 -8.476406222386982658e-04 1.678313225341406629e-03
2.518634022195598448e+02 3.008297903639837614e+02 -5.146672860065271311e-03 2.501290837961892694e-02
8.504767604410660624e+02 3.859359980046104397e+02 5.408798398958764020e-01 -3.306454653721215831e-01
1.182248418964610437e+03 1.840204801324259449e+02 1.121640650655247699e-03 4.241406320964320959e-04
1.193338010793599551e+03 3.244477656470232318e+02 5.193305378840011935e-03 5.214099893454532397e-03
8.487883801639379726e+02 8.855247228854714194e+02 4.698294868542324254e-01 -1.575293835252937757e-01
7.016547245910434185e+02 4.021776037851959131e+02 -3.759391446616325294e-01 8.019595382035780984e-02
1.199417786429024545e+03 2.466604698112068377e+02 1.783591507402510802e-03 3.850091343564664929e-03
2.792993773510896744e+02 5.605667794947306675e+02 1.253191021838588083e-03 -7.069673497774079177e-03
2.480177084728971977e+02 5.273310899076014948e+02 -8.985762128894870041e-03 8.329170425190794355e-03
1.319834721333938660e+03 3.353152841302472780e+02 3.403756788023827862e-01 9.172588403424078440e-02
1.106012136400011286e+03 3.537271309096871050e+02 -6.953461656193852050e-03 -1.830990729533789677e-02
1.979060583291220894e+02 5.318089601103891937e+02 2.132868084994796742e-01 4.232483728461219896e-01
8.815757744208376607e+02 8.940548188117583095e+02 4.219361830861598217e-01 -1.913819697251147867e-01
5.206568419820264353e+02 4.851776390316315428e+02 2.180404360096045158e-01 -1.322964083368335583e-02
1.232055398163598511e+03 3.178980211875368127e+02 1.913673878730556277e-01 -4.242652866211659574e-02
1.121714295070384424e+03 1.570238868780903374e+02 3.429083303985007436e-02 -1.028722078819590963e-01
2.101991751527362737e+02 6.440273597505594125e+02 -7.902049036800072937e-03 4.866795709992654227e-03
1.147179302767589888e+03 2.097807865291720475e+02 -2.824766749060499821e-02 3.702162790605121028e-03
1.161888550171697489e+03 2.025809650138011762e+02 2.972088314695296198e-03 3.045188420244504448e-03
6.971100305434097208e+02 3.803633418172820484e+02 -3.363021914864259276e-01 1.533540553692340491e-01
8.559926687192336203e+02 3.715538842057005695e+02 5.623669005252296405e-01 -1.957628324370419559e-01
1.246405115673614546e+03 2.877147594787225557e+02 6.442451302149546999e-04 -3.744281541026221998e-03
8.008481706234961166e+02 4.109772801999465059e+02 4.914595506871436981e-01 -1.504521648343247753e-01
9.688843195271919058e+02 8.756056192865462435e+02 -5.745083038211771242e-01 2.420052973830272292e-01
3.706740098530029286e+02 1.099116160787572198e+03 5.832340261095211951e-04 6.958493587996536283e-04
9.182389985817501383e+02 1.102555114785125170e+03 8.090074241651860898e-04 -5.848586047002502170e-04
3.097384084268357469e+02 1.062206747390458531e+03 6.002901394344579283e-03 1.937738895458772023e-02
1.162307065592751314e+03 3.081200167470507267e+02 2.236122986381531563e-01 1.909217281297256041e-01
5.438993878019474550e+02 4.487789095232595855e+02 -5.720713992784646207e-01 2.320031031379113651e-01
4.955693737062285891e+02 1.048258217832506489e+03 4.552076791399785605e-01 -3.314280230380527437e-01
1.222046540962856852e+03 3.593754635148272314e+02 -2.059422486349200832e-02 8.414831487618474465e-03
2.565764598499803242e+02 5.213061287236148473e+02 6.171658921408551025e-03 7.558356942065011519e-03
2.507158101469357234e+02 6.988669337823182559e+02 9.006260704555837156e-04 -4.109741016874734337e-03
2.072569775545432549e+02 5.314068027406166266e+02 2.244733089815054983e-01 4.202625767479770125e-01
1.111483063657978619e+03 3.284495535647022848e+02 -3.144734426870296647e-03 2.061586098724128065e-03
9.277288259981409624e+01 3.616628987371487369e+02 1.192653545684274098e-02 7.146213989702204089e-03
1.063185578651418155e+03 1.677417599863478017e+02 -1.288169930276891750e-02 1.051000897623979302e-01
8.477497627505704259e+02 9.275966325120841702e+02 -3.604875238718880937e-01 1.922201729074810017e-01
1.049851643410874885e+03 1.617074777856711592e+02 1.237923377656182169e-02 -2.603879980374850661e-02
1.168682998943006169e+03 3.143971412609502636e+02 1.459450560842825428e-01 1.386920612575610612e-01
1.267218166190860302e+03 3.698788882169216095e+02 -1.808793842520878270e-01 2.754508345066811748e-01
2.732482779932449830e+02 5.629319135917435233e+02 -1.876711246754016182e-03 -1.063011666854724209e-03
3.033808320227306012e+02 4.681684803283162637e+02 -2.076354723302230865e-01 -3.124378346746156665e-01
1.130624355254524517e+03 2.152747016522243939e+02 1.196802987176555019e-02 6.013692611967281706e-03
2.936011287398350760e+02 6.139718360743250969e+02 -1.929845686978895556e-03 -1.232603052898803737e-02
8.324262740789939699e+02 9.035509525035704428e+02 3.862532154397153028e-01 -2.089768537461514919e-01
2.473120962960590532e+02 5.212166227988853962e+02 4.570802995594154539e-03 1.344399425699458134e-03
2.768758942530296849e+02 3.962809669135866670e+02 -6.768707452674969233e-03 2.770551551248834690e-02
3.068208910749988263e+02 4.586444562514658401e+02 -6.222835524020316200e-03 6.821762135266250769e-03
1.240543843928557408e+03 3.655203105819629741e+02 -6.223397772506395961e-03 3.150019026074825021e-03
3.770161867255748689e+02 5.145684377618750887e+02 5.839560981441811460e-01 -4.704297624432050851e-02
2.270184616320674991e+02 6.115777068532230487e+02 2.889222461505485673e-01 -3.758013935599032185e-01
9.241749925867355842e+02 3.197944081612159835e+02 -4.066701511139347858e-01 2.685157105527111732e-01
2.326597590597575334e+02 2.972257151217299338e+02 1.034274603871960900e-02 2.685881050369926318e-02
1.324208303090136724e+03 3.235256872814761095e+02 3.396216851868478770e-01 1.062253331296264813e-01
6.008847898188870431e+02 1.039918276160273990e+03 -7.204432964353019164e-01 2.825370211350891614e-01
1.177449747233293692e+03 1.755764115177579754e+02 -5.660610115331893288e-03 -1.590170740657676635e-02
5.360784462925380467e+02 4.334975204574718646e+02 -5.316964953562438589e-01 1.385520593850966542e-01
3.018874197485663444e+02 5.820396710633363000e+02 5.808097736161975258e-04 -7.278318428864685935e-04
8.597374981723525025e+02 9.057432479610572500e+02 4.490778418721438348e-01 -2.505206533470414887e-01
2.331170394725924098e+02 5.895006405884939795e+02 -1.362398601649116858e-01 2.701439874532795549e-01
2.040024286968736078e+02 5.747752396281450729e+02 -1.605226970208141327e-04 -3.111358296167139881e-01
5.226804364441164807e+02 1.042133633268341100e+03 4.539494715245416256e-01 -3.904036452847303718e-01
1.064628329149751380e+03 2.009950757975386466e+02 -1.661380264925418687e-03 1.106886984721898969e-02
2.452848966219337399e+02 3.083808420100819490e+02 -2.227315829637712200e-02 1.190741040425345905e-02
1.137701289680675245e+03 1.993983342839233615e+02 2.541887882390854725e-01 1.906720068169905358e-01
1.121645814533517068e+03 1.758836561046650502e+02 -8.055060178780831456e-03 2.263484916458330387e-02
8.394396390546487510e+02 3.847255136698471460e+02 5.525944123999372293e-01 -2.363443471460013323e-01
1.046185589412383251e+03 1.579171520836642060e+02 4.696214097824993536e-03 -9.579418747947128845e-03
1.291690085958456848e+03 3.142451369565050072e+02 3.662048296355756571e-01 2.631802872523248196e-02
1.055994006543207206e+03 1.765827714704406048e+02 4.578207694150100183e-03 -2.585797660544239020e-03
2.642199303019812646e+02 3.453204940126734073e+02 -2.257034815167373483e-03 5.785396883349748325e-03
1.150426105575006886e+03 3.818746852749137020e+02 4.829379724390825065e-03 2.077807166733241367e-02
3.849689868936042672e+02 1.079307793909471684e+03 -4.500144114103932225e-03 -1.745214803889499899e-02
4.774581655309839903e+02 1.041080223990255035e+03 3.971037456829453749e-01 -5.221600631797457259e-01
1.176480905273018834e+03 2.507212337111166391e+02 2.107291562834230029e-03 2.198150608268572995e-04
2.792823447010621294e+02 4.854024889091931527e+02 -5.848485414300496482e-02 2.067500669716330064e-01
7.964224294890796045e+02 4.057532504256614629e+02 4.804836224796109612e-01 -1.421956552575553978e-01
1.154175316348753995e+03 3.558533649979838174e+02 4.335435723440709578e-03 -7.702574473688009182e-03
2.812716901653756736e+02 6.939373819573387436e+02 1.256379057428945283e-02 -1.622432368043798170e-03
5.374474720677537789e+02 1.045912035872479464e+03 4.855019483499800614e-01 -3.239775221717748344e-01
8.195171946093327051e+02 8.791287796012148874e+02 4.825775623777057155e-01 -1.718391372151761021e-01
2.781340729655016730e+02 5.215114215566725306e+02 -1.072713015932199726e-01 2.545381266886174165e-01
2.644069123853737437e+02 4.219068526969346635e+02 4.567379312027129712e-02 6.123741832852874073e-02
1.004577887618327281e+03 2.579056608949592828e+02 -3.012884439216034771e-01 3.220627915099633642e-01
2.771977446867480808e+02 5.941663811517353224e+02 -3.542092479694186440e-03 1.592286406299189133e-02
4.896413894000426694e+02 1.045064555462308817e+03 5.627074285751733074e-01 -2.924255281071365675e-01
2.616719323590107820e+02 3.461244050977704774e+02 -8.182636317089287195e-03 -1.168098313822984839e-02
1.119527394431923085e+03 2.395416715850194862e+02 -1.597288011140506753e-02 1.506344788183941810e-02
7.758127017337524194e+02 9.099400030579745362e+02 4.550717095928474842e-01 -1.988901155552191546e-01
1.150389821270426864e+03 1.546417312505613211e+02 6.537581844717765996e-03 -5.207577737012185348e-03
2.633299203985735062e+02 6.534600314871922819e+02 -1.868933705907801373e-04 -6.851529180011365489e-03
5.020842253524753005e+02 1.059768859148453430e+03 4.751210272523393452e-01 -2.921851776109921639e-01
1.181462533407817091e+03 2.136244235833081859e+02 -3.244548918192407833e-03 5.773807600478290947e-03
1.237844652122986645e+03 2.838228224994770699e+02 -3.531488468670566927e-02 -7.036969229963377023e-03
2.565463183597686907e+02 3.849212886360424477e+02 6.512346888045909832e-03 2.366133592361413518e-02
4.268650371913079198e+02 4.850687795977237897e+02 -6.292745684798702888e-01 1.793651055124877436e-01
7.222567964194877277e+02 3.786241696653496547e+02 -3.577325682161386911e-01 1.314004999350883440e-01
1.113048056033519742e+03 1.623840545645565498e+02 -8.422736595976218141e-03 7.938409897777159996e-02
1.162325073178062667e+03 2.238552563126301038e+02 1.437620868113533446e-03 -4.187855641659309763e-03
1.207207321784607075e+03 2.154737765567119823e+02 -1.503561991532730751e-03 1.110412861074994801e-03
2.325090132792947486e+02 3.061762265275181107e+02 -4.727732496947098170e-03 -2.822927774047348927e-04
1.307317705348206118e+03 3.278521217018297875e+02 3.302755922073192796e-01 6.717107524762092052e-02
2.621142071199341217e+02 4.303068059340640730e+02 -1.003982930687025016e-01 -2.267577920505874922e-01
3.834505320239355797e+02 4.871124801233524977e+02 -6.561690785717838592e-01 1.391478295435795431e-01
9.742931667817548487e+02 8.358527229732882233e+02 5.742349134716255854e-01 -2.278489628757059404e-01
2.490269432282698006e+02 4.137804716733843406e+02 -1.208210759100244586e-01 -3.102631444821584705e-01
1.040652422296303712e+03 1.749615407694173257e+02 2.222178682340614220e-02 -1.082053529836235206e-01
1.179905566909164463e+03 3.524503832293287360e+02 1.821799571242009586e-02 3.728008200533343506e-03
5.988989373285093052e+02 4.216663086432739647e+02 -4.926554926075035756e-01 8.269165054042447449e-02
2.539409754409938955e+02 3.100789626408817412e+02 -2.638319691337947474e-03 -1.194966613948819645e-02
5.349390715338442988e+02 4.410606144132407849e+02 -5.164550050229774758e-01 2.032646829686182433e-01
1.076674998183148091e+03 2.543250402962117676e+02 1.779168886902704749e-01 5.188639262505597566e-02
2.682275788547669890e+02 5.407362618180636673e+02 1.086254845420013982e-03 8.925167380408707482e-03
2.904166671411313132e+02 4.810798991926001804e+02 -7.997139523749887541e-03 2.416871710035924381e-01
1.029042878212984078e+03 1.692968411477843915e+02 -3.911573295987758395e-03 4.112753744050110828e-03
1.100411755203083885e+03 2.263423522801291767e+02 3.991342237614475125e-03 2.733649626431327792e-02
1.155010226595546101e+03 3.349982443699459509e+02 3.744366746672997404e-02 8.959634421619577793e-02
1.153679223130279979e+03 3.605745014756572004e+02 6.079675752976027546e-03 -1.081924563608411757e-02
8.243771343815971875e+01 3.442398274800465856e+02 3.584096478228034587e-03 5.060354191978194173e-03
2.681329552225869861e+02 3.007738753754887853e+02 -2.463065106465225050e-03 -1.921794088036226636e-03
1.210944992209858356e+03 2.495699265974256207e+02 8.843862769789765862e-03 -8.828728010927149039e-03
6.505850407934935902e+02 4.128365196215102060e+02 -3.736125083939254576e-01 1.833486549721603243e-01
1.127784502684698282e+03 2.914465257912590914e+02 8.054803383445480192e-02 -4.088880605813823704e-02
1.186407886559135932e+03 3.871429227956716659e+02 -7.599806328223824604e-03 1.001449094504271720e-01
1.004918785204567939e+03 1.802478491836361911e+02 -4.396891229944321217e-02 -4.228154708172612852e-02
2.180543400909247680e+02 6.202752605354470461e+02 2.036640289350375999e-01 -3.270762547590234659e-01
1.085257315239535274e+03 1.846698938601198563e+02 -1.058870343238681039e-01 -1.615426624709447381e-02
8.654592531205020123e+01 3.138236214144507130e+02 2.061727657799437060e-03 5.103324951874984444e-03
1.040853262581405261e+03 2.213946359536514024e+02 8.027584963204813240e-02 2.464561827045908329e-02
1.154345718370946997e+03 2.068050427409346241e+02 -7.230739609732865676e-03 8.504150736908147601e-03
1.037707316108835130e+03 1.600000782257905314e+02 2.346307051366148741e-02 -2.354922668593497151e-02
2.562141050018371971e+02 3.538823827987411619e+02 6.015378571189271273e-02 2.321637416583702089e-03
4.383349888487221619e+02 4.868665041454156608e+02 -7.033318579856482344e-01 2.218090694114752959e-01
1.239839973057102497e+03 3.452977385912171258e+02 -2.653117903030373977e-03 4.369278334717429518e-02
5.120238074514409163e+02 1.099314910736343109e+03 -1.933871305912154967e-03 3.524199128472865154e-03
9.587213014958035728e+02 3.008161148524219470e+02 -5.387918676177650967e-01 2.216045751209173853e-01
1.202588507445481810e+03 2.240993228091454341e+02 -1.348208205009768755e-02 -2.257619328872806364e-03
8.170643595202469669e+02 9.289281999408881347e+02 3.645016450297688393e-01 -1.847322899513191008e-01
4.055593634838622279e+02 4.789088651058030450e+02 -6.228285376556884634e-01 2.849494557124953587e-01
7.821653485495836549e+02 4.131455859093152299e+02 5.555595220374732746e-01 -1.078212734281636387e-01
1.185201901839317543e+03 3.346169525302500460e+02 6.206500517578206200e-03 -1.028734711367085795e-02
7.972863462833931862e+02 8.839669639005006729e+02 4.538452458292115410e-01 -2.090462221269323295e-01
9.976424329219174751e+02 2.160210849814938854e+02 -3.282402072213980865e-02 1.973128445369554673e-01
1.008570467651312697e+03 8.539480148177513001e+02 -6.239552600678852645e-01 2.314624544804916861e-01
1.117813081124947075e+03 2.888915676518770965e+02 3.654372719087117805e-01 1.202478430788543884e-01
1.170049372605390317e+03 2.241992873103806687e+02 5.024436696210594563e-03 -1.360892818206835666e-03
2.631267132527424337e+02 5.031890088397619820e+02 6.679835235268527516e-02 -6.172216697454406542e-02
1.217065800570120018e+03 2.398027106734059544e+02 -6.238417424444172958e-03 9.834072629410404998e-03
1.268088455005981672e+02 4.217431533021281780e+02 1.955251160101727781e-01 2.860125939525247629e-01
1.097445687833471084e+03 3.012601334769248069e+02 -5.525117014070455050e-04 -1.633772529741490606e-02
1.100292775323908018e+03 3.275046421181694427e+02 8.888130859247667104e-03 -8.407538901056702332e-03
2.482207036716552864e+02 3.072474246858328684e+02 3.419378076412477041e-02 -9.030150604578816506e-03
6.612357702701588096e+02 3.910225490919635831e+02 -3.868666124413036589e-01 8.212486844721300638e-02
1.151947949343701112e+03 3.222856027108330750e+02 1.546549172106916614e-01 3.015654941721626070e-01
7.771459989983420655e+02 9.508555310914167649e+02 -4.652734352767593506e-01 1.720375911959421134e-01
5.082344155168150905e+02 1.064770397261336257e+03 4.993867178293191489e-01 -2.884540857776950462e-01
1.403619497798422344e+02 3.942300744895006233e+02 7.271147849341256554e-03 6.551689481505289236e-02
1.179973467251977581e+03 2.287148190249098434e+02 -8.686869230033759243e-03 9.578872856563218352e-03
2.410296433076566416e+02 2.973651697687387241e+02 5.038539994162225671e-02 -2.995107988970737919e-02
1.119631494351232050e+03 2.964425834472069141e+02 5.851105772729490312e-02 -1.079360266363509763e-01
2.065580752035917271e+02 5.846422957716841893e+02 -7.004231862356907756e-02 -2.180442194155073343e-01
1.005295083944646422e+03 8.697101952372635196e+02 -6.452404190953818786e-01 2.812401135847734657e-01
4.394820076481236697e+02 4.924026762546017153e+02 -8.365587704719834594e-01 2.969655674452990057e-01
7.283529744283321179e+02 4.099981387600319636e+02 4.883673967567389584e-01 -1.448723211162213087e-01
1.034118212798219247e+03 2.173707550671406636e+02 4.255354493367111135e-02 7.156007618038522089e-02
2.726294183574180465e+02 7.164996775982161807e+02 -1.187342309649064981e-02 -1.203113662628873225e-02
6.788021064753628480e+02 3.919425972949508719e+02 -3.145239435650434290e-01 1.400514023775940586e-01
2.907581778224451341e+02 4.476269795470122972e+02 3.203519841786119093e-02 1.700541194642734844e-01
1.040294164140926569e+03 2.015705613401355549e+02 5.921077879300202379e-02 5.590523007975615327e-02
2.608637763604165798e+02 6.727238879423215394e+02 8.183983243485678377e-03 8.441108239845200242e-03
7.087904816808829764e+02 3.915206731417025594e+02 -3.883393876658221555e-01 1.312034019879327051e-01
1.130519333688107281e+03 1.559007576805761914e+02 6.659298942662555953e-02 -2.811548863789356534e-02
1.097854379071341100e+03 1.734579445478435673e+02 1.581114510514834981e-01 -8.258485412144907223e-02
1.088935019513922725e+03 2.355046574874837404e+02 -1.815250526425907229e-02 5.441001602720080266e-02
2.660945007171773682e+02 5.747323446777526215e+02 -1.480362829528022658e-02 -1.354507538277445119e-02
1.068814882786970429e+03 1.762491411820131191e+02 -1.126591511306855933e-02 2.053582457875045147e-02
5.432651607489326580e+02 1.023256937893773966e+03 4.601944315955456832e-01 -3.427692910378169477e-01
2.481672572563246035e+02 3.202263285005217313e+02 8.923784161212120619e-03 3.212599639434625398e-02
6.011103312244722474e+02 4.099487239775622811e+02 -5.420396598069718852e-01 7.946433886271668523e-02
7.111498145590801414e+02 3.793022156843908306e+02 -3.410390469674268177e-01 1.247676796570249547e-01
8.650455539963318188e+02 3.878766732040115812e+02 5.431341128419675535e-01 -2.045739166732126468e-01
7.414991770286511610e+02 4.132626694227864732e+02 4.327223710461844952e-01 -1.485130190123271632e-01
1.098178044194738050e+03 2.127489954561846730e+02 4.023680391557454827e-02 1.144576696219603978e-01
1.041095615228735824e+03 2.047302166214196859e+02 1.427493763740579624e-01 -2.889546341971841459e-01
1.120423439953910702e+03 3.774666763326516730e+02 -1.852212942834871590e-02 2.475766082807838789e-02
2.631653035478831839e+02 6.055417575836228252e+02 -2.826808684847934971e-03 3.591136214596776528e-03
7.594944215875219697e+02 9.479815298654000344e+02 4.581466556400058399e-01 -1.934674878348696392e-01
1.147289574853607292e+03 3.474825895756478644e+02 -2.089336676396972778e-02 2.652534929916328110e-02
1.083664007586209891e+03 2.450773058111573164e+02 -4.269809659748304842e-01 -2.608536825306849716e-01
3.617460134178130033e+02 1.084247475834826446e+03 3.819647419372567939e-05 -2.746728101445458517e-04
9.863879820920000157e+02 1.860984780890082391e+02 1.576492362396617747e-02 -1.484493918043580836e-02
3.031877160979069572e+02 5.463156840140990198e+02 -3.415782644911543459e-02 -9.134861239454662024e-03
7.380008525983175787e+02 4.101314773883362932e+02 4.134228390024708988e-01 -1.554178996988484773e-01
1.288164617554640472e+03 3.255178470725745115e+02 3.275018461270349235e-01 8.151888488751286854e-02
1.150582351244535175e+03 3.688073219468817001e+02 1.797352729663733231e-02 -1.438586415042190404e-02
1.103419385058502485e+03 1.904230843501090362e+02 -5.280366050955385276e-02 -3.037376928623728572e-02
1.147034887509399823e+03 2.893038172691764203e+02 3.902431854906635578e-01 5.894898522220600595e-02
1.231296378941356579e+03 3.286101319063775463e+02 1.181731838341330693e-01 1.215559251912184252e-01
2.373369719791761554e+02 6.415290387469867710e+02 -5.749100911964913135e-04 2.718467194911771551e-02
2.557578659947786548e+02 3.328238375462790373e+02 1.541603517808961621e-03 -2.322303063532769711e-03
1.091307839784407406e+03 3.046917476376016225e+02 -4.889603599980156534e-02 1.186204738882338516e-01
1.154404564971078571e+03 1.944677547388556604e+02 9.359083987506632007e-02 -1.018334534109442274e-01
1.208859504448074858e+03 3.388855232443986552e+02 1.491449493909645548e-02 -1.822484056137341213e-02
1.171027380207553279e+03 2.604618040499930771e+02 -2.420015017292641464e-03 1.435971306321160226e-02
1.266964986515381270e+03 3.375257336524250604e+02 -1.965996122299143098e-02 1.112319658394686668e-02
1.223477450302242914e+03 3.442496777600827613e+02 -7.074953514163190467e-03 -5.913490439915373292e-02
2.533865203127077734e+02 6.695233973392399776e+02 1.382443408099012956e-02 2.646642476342905143e-02
5.800178394531934600e+02 1.009723476987657023e+03 5.166029273379133535e-01 -2.661574183024067453e-01
1.312275210051662498e+03 3.554698071451786063e+02 4.947885901926570712e-03 1.181620855772126388e-01
2.449161590340645773e+02 2.997491926140552323e+02 1.481390493604996944e-02 3.855540649775361650e-02
1.142379591905339794e+03 2.395490132762205633e+02 1.703150924021373802e-02 -8.958108935541728157e-02
2.804571047417172736e+02 4.920868354389951946e+02 -9.370192713375287419e-02 1.815744856012131980e-01
2.370260522133253858e+02 3.506494210367628170e+02 -7.839791595005340952e-02 -1.394123816365091528e-01
7.085219112510734476e+02 3.659641478386425320e+02 -3.512066890708975819e-01 1.573450621528191817e-01
1.214429472092534979e+03 2.234699210365880901e+02 1.715599652730404046e-02 -1.750604178993508953e-02
1.079426768430986385e+03 1.726252076722759625e+02 4.855781176702073793e-02 5.826662655178071332e-03
1.002489552341016179e+03 2.685672989429892823e+02 -4.104550534761616798e-01 4.260916049729691069e-01
1.219677087150688749e+03 2.241872515541496966e+02 5.623132752562527703e-02 -5.126759715683978924e-02
1.131551591900784160e+03 1.847804284011418758e+02 -1.584913083680573043e-01 3.967865119501492455e-01
1.133127482024062147e+03 3.037365341299919805e+02 -1.174663732807630298e-02 7.802570246341625909e-03
1.178879481070583097e+03 3.451093870036358453e+02 3.083184398309316704e-02 -1.314285834678037730e-02
2.435751669806870723e+02 3.310305797432384907e+02 -6.580924136359898868e-02 -1.606431037887118968e-02
5.088333636097412409e+02 4.533183889496754659e+02 -5.104450565690811237e-01 2.819202991033468164e-01
1.102004802180129673e+03 1.656374588692377756e+02 2.950419022552303906e-03 -3.419835321803322420e-02
1.085459430267583912e+03 2.700013862521122974e+02 2.329616544842800507e-01 9.255081380680571512e-02
1.167429898083813441e+03 2.911172016691216413e+02 4.254636712621818195e-01 1.350136489274473550e-01
2.461702721891525414e+02 3.533529702578400133e+02 -2.173270233258082357e-02 1.658795630338685129e-02
1.158783397406148424e+03 3.310971935258692156e+02 -4.768570768742631805e-03 1.872129694684868464e-02
2.124209713849055845e+02 7.337851994579950770e+02 1.036474845949292636e-02 1.192369838577178598e-03
1.013605633938325468e+03 2.141505056591226150e+02 -7.257134772475280944e-03 3.290373887846068657e-01
2.541493640243404002e+02 6.871691174446509649e+02 4.112647807463335435e-03 8.738194659297898736e-03
2.520501864696655900e+02 7.125639914796489620e+02 1.725600524653765969e-02 3.897157871784367317e-02
1.101235228193677585e+03 1.484868304613841872e+02 -6.637455339245515798e-03 7.712217355527576507e-03
1.083494846340637423e+03 1.683119791131758802e+02 5.979715492313122244e-02 -3.402008857469991654e-02
1.075252330651131842e+03 3.024447264284385710e+02 4.486908688876557749e-02 -1.160201248123590018e-02
1.158094717126636624e+03 3.726307656243920405e+02 2.849939550712686162e-02 9.637486486111103423e-03
1.029893558474753718e+03 1.754752277522023860e+02 1.786357365908213257e-01 -5.474555131961807986e-01
2.415434715185471077e+02 6.874773864706480708e+02 -2.089920101674217975e-03 1.858234511150483543e-03
2.753178465821963528e+02 6.913834361312432293e+02 -5.845616283924006361e-03 -4.451189994608516567e-03
1.008322130993689370e+03 9.275235794807230150e+02 -1.010078763659062257e-04 2.103259556611638138e-04
2.581168157376345107e+02 3.222432771426272211e+02 5.434686495345886258e-04 5.269213385998796489e-02
1.210647823897645139e+03 3.079782255999296012e+02 2.078453949997992878e-01 -7.234873822453323500e-02
2.187208530200411758e+02 7.074877517698779457e+02 -6.483726347178162507e-03 -1.756799998820952197e-02
7.064377142342167417e+02 5.827295880122815106e+02 9.944476983127969929e-04 -8.229649207169132232e-04
7.416619557254667825e+02 9.608271999689162612e+02 3.564421141885782407e-01 -1.561699938490096473e-01
5.084512873358205525e+02 1.033737929167527000e+03 3.409004828340175819e-01 -1.530216671211382939e-01
4.899488359582354633e+02 1.076149488065222840e+03 4.369534589264833513e-01 -3.426548118212531246e-01
4.924359684896079443e+02 1.083367604758031803e+03 3.782694684563534526e-01 -3.459447872169448823e-01
2.728899369249280653e+02 4.148100097654985916e+02 3.651256806925370219e-02 8.049261623372150343e-02
2.836927538442820946e+02 5.108169711404573832e+02 1.806189618501655159e-01 1.006557098467554534e-01
5.000977244337158254e+02 4.837938083014407766e+02 -6.152419939134099458e-01 2.934169237001425512e-01
1.127031825280663071e+02 4.366963640510493292e+02 -2.231184401934970252e-01 -3.346726785118088188e-01
1.164683984222837353e+03 2.577623430366410844e+02 -3.597653103599170177e-03 2.786719451480766836e-03
1.124128233946262071e+03 3.024674520839754450e+02 9.750000206643447132e-02 3.953930537450178057e-02
1.149509643229745507e+03 3.966134094600131448e+02 -8.772498402695031935e-03 -6.080876038001474179e-03
6.837456213447001119e+02 4.155405284144758298e+02 -3.696713633659941545e-01 1.656877050856080391e-01
3.692502870099427241e+02 1.046705256763861598e+03 3.601461921031950172e-03 1.467914181375817861e-03
1.110633604385909393e+03 2.317038478990754413e+02 -8.077478693530792606e-03 1.526506657746027652e-02
3.234879639832211069e+02 1.051444457759672559e+03 -4.463426284034742453e-02 -4.456878714207353903e-02
2.852890682681545513e+02 4.967196260907439296e+02 -2.570889900407409556e-02 2.293367071715796124e-01
9.642676345963229778e+02 2.510699621519475784e+02 -6.641208253735055023e-02 7.066549840691238593e-01
1.040585085818408061e+03 2.313321051238222026e+02 3.013840990809368292e-01 1.736832669213790592e-01
2.653461842968309838e+02 6.254175232787530376e+02 1.199991605123784666e-02 3.956806983379899251e-02
4.710235977325705790e+02 5.074625291896052772e+02 3.569077621677325951e-02 1.055922782803254828e-01
1.122662989182434785e+03 1.997266632013791536e+02 7.737014011616677456e-02 1.570770297981999575e-01
1.070836511146452722e+03 2.647351865343471218e+02 2.463502342047990679e-01 6.487713921722938759e-02
6.993320700224585380e+02 3.944848933077942661e+02 -1.921874784571665773e-01 2.092276669775590750e-02
1.088949574185010533e+03 2.115059000379120278e+02 -5.985080539246501879e-03 -3.646181352288278832e-02
1.186352079572890943e+03 1.899419253608499503e+02 -1.801204618926649861e-02 4.268338130121730745e-02
2.640507525651696596e+02 6.085124744300666180e+02 2.759539246679445189e-03 -9.806305405228548169e-03
1.146570768797882693e+03 1.430505704387755088e+02 4.981492141600050993e-02 4.351030292864989379e-02
1.003422863376869827e+03 2.228024990634127960e+02 -2.197000922407224902e-02 2.926534122604556032e-01
1.067976814307189898e+03 2.045851924768828951e+02 4.338839274126302104e-02 -1.991768398354743300e-02
6.675515178724419911e+02 4.043282504161726933e+02 -3.683356147814208503e-01 1.115890271121415395e-01
1.056030981920197064e+03 2.066166693853821812e+02 1.001130715549663763e-01 3.857107900322560845e-02
1.048129186476471205e+03 3.356011252807955998e+02 -6.662767997471690240e-01 1.940765088716204789e-01
1.139141877346346291e+03 3.225783438339653912e+02 -1.632176190100719307e-02 -3.990096688188515990e-03
1.175405820794764168e+03 3.742733673757174984e+02 8.579284756659688420e-04 -3.727278395395253879e-02
1.186933852669894577e+03 2.120490234353429742e+02 -3.267350387402769701e-02 7.753707060044833128e-03
1.124710989447101838e+03 3.033306502254044972e+02 -2.237643612417478459e-02 1.002180981632579265e-01
2.697171736302319687e+02 5.683071283932958977e+02 -1.931944412500061561e-02 -2.136824240132658391e-03
3.133901169070834953e+02 6.265502347395472498e+02 -3.561860231759271414e-04 -2.331371124243057733e-03
8.346103433326443337e+02 9.251602757523329501e+02 -3.735091718369888403e-01 1.865095950649543199e-01
1.113628160749679637e+03 2.126662821326306414e+02 6.208607221917707142e-02 -2.037347458114150203e-02
1.227293713585003843e+03 3.268983554565019745e+02 3.723627758880546697e-03 1.323820322628811545e-02
5.994937926165979434e+02 4.057780170659296459e+02 -5.433034158592104923e-01 2.583916656278499244e-02
7.653939005876430883e+02 4.418928043177304517e+02 1.175634786113638058e-01 3.996309221584068427e-02
1.137670786320092930e+03 2.189334467549116141e+02 -2.022231622261945819e-02 6.261366097158808756e-03
1.184786375147995614e+03 2.566705480352645736e+02 -1.126529922993945061e-02 1.990272777293237635e-02
1.148770628915450288e+03 2.745374413788402421e+02 6.590130867474373044e-01 1.436398806703999102e-02
1.170503435170630155e+03 3.761873236180890103e+02 1.208103412845199821e-02 -3.117558242999507456e-02
1.168501671071377586e+03 3.857644236213452018e+02 -3.147539150992568341e-02 7.127580523522662748e-02
1.217388582520178716e+03 4.171182623215791523e+02 1.524013984811745104e-02 -2.913209547408573269e-02
1.033873942999238579e+03 2.426957234928173932e+02 2.404687500628434893e-01 1.899364109120256217e-01
1.170586126966776419e+03 1.713902733021814697e+02 2.135105977693975768e-02 -4.243115992022938182e-02
1.123427093460057222e+03 2.606126476112611385e+02 -4.239111724018584937e-03 2.717350967300262779e-02
2.302530039660758518e+02 3.395989797135790127e+02 -9.586924300611636418e-02 -3.964369150381030216e-01
2.595586023451813844e+02 3.909172167400824378e+02 4.340391552101235950e-02 9.580097475299333143e-02
6.921661784151907568e+02 3.999123212825529663e+02 -3.613267914896730049e-01 1.595833167465360303e-01
1.115497236794688433e+03 1.525700054723326673e+02 -9.916579684124826599e-02 1.141676613723832945e-01
9.258714626494901268e+02 8.599297155191003412e+02 4.630673655753144713e-01 -1.413949071084897868e-01
8.649832405271034759e+02 1.102289010392351429e+03 -2.128195134670215344e-03 1.341852976028431836e-03
1.078086439718406609e+03 2.194135060263854768e+02 2.116482980352063243e-03 2.650979506193787069e-02
2.433845376118860031e+02 5.482103771411805155e+02 -3.667614127743624719e-01 6.290601111740831697e-02
5.361290093418875813e+02 4.428408262081330804e+02 -5.243293079802432421e-01 2.763385826904141140e-01
1.100534183147575277e+03 2.001684644693052633e+02 4.811371377091593765e-02 -1.164702803365372519e-01
1.085169276397062958e+03 2.356921558776207917e+02 1.361180414216960413e-02 -1.905867664283486182e-02
1.139126940388414823e+03 2.984585468555065404e+02 3.049392876508212336e-01 2.796246995971747307e-01
8.876719716436012959e+02 3.164681675044986946e+02 -1.949693236044665878e-01 3.249894708577840130e-01
1.193041358386041338e+03 2.337479965226997933e+02 -1.647168626716628316e-03 3.265926020930696311e-02
1.162221940321564034e+03 3.009313027500354565e+02 4.235543610566388506e-01 1.579696157147172375e-01
1.163815653532201168e+03 3.889651618472891528e+02 7.869869606813530150e-02 -1.301476739913361158e-01
6.262875599491492267e+02 3.814564425573901758e+02 4.463454398262456380e-04 9.636846970855523652e-05
1.078687720796166332e+03 1.863566239484734695e+02 -4.182743639694308513e-02 5.841625908416249457e-02
1.092867373824268725e+03 1.880833302779288090e+02 4.578215032649625253e-03 1.392054542790483775e-02
1.186508691704263128e+03 3.618348109559439649e+02 6.631547198587993408e-02 -1.118731520640900701e-01
2.574597008124410991e+02 5.856797363305897761e+02 -1.446520879905424965e-03 -1.144737558714073759e-03
2.399394075979982404e+02 3.595263613093963500e+02 -1.403918105727497145e-01 -3.215376231363485937e-01
2.717346077603926346e+02 4.283318182565182610e+02 4.234823777395141375e-02 7.738179889034207948e-02
1.027237335345967949e+03 2.400778792626416305e+02 1.780913805457405297e-01 2.233174396163088160e-01
1.093017037285422020e+03 2.440513197291574556e+02 6.420318805280826775e-03 3.446083677826234336e-03
1.161746993508779269e+03 3.462183745494266418e+02 3.067329767690420497e-02 -3.592259727654605050e-02
5.438413227899960702e+02 1.021288785927053937e+03 4.510308783011691136e-01 -2.612305014977672757e-01
1.208998845061988874e+02 4.252310353176313242e+02 1.963582659822062648e-01 3.182822771517477833e-01
2.887958700920952424e+02 4.861575935366847716e+02 -8.970166766709133932e-02 2.364196338062225233e-01
1.121491583610829821e+03 2.556852054302851229e+02 3.724751973173239666e-02 -1.096025287653132063e-01
1.248551711458075715e+03 3.340506321889711216e+02 1.275167024217493117e-01 1.794643385782443770e-02
1.263044384398298462e+03 3.488332504993764474e+02 5.522775207920788826e-02 -6.501236276989831586e-02
2.511889576922777962e+02 5.571448936079345913e+02 -1.051492389747903239e-01 -4.205109817729198000e-03
1.134162984932462450e+03 1.485865186898675461e+02 4.107411329238493392e-01 1.184316452348502940e-01
1.019332987185544880e+03 1.765602764999012777e+02 -3.422112287484196935e-02 -3.024014302092041528e-02
1.235879395094371148e+03 1.328262278491262975e+02 -1.372435208746537738e-02 2.825764295547628438e-02
1.144240570374228810e+03 2.377433885096479571e+02 3.916270381266258316e-02 -2.978881745914691362e-02
2.762381599225239484e+02 6.656604107294966752e+02 -1.337906036720596520e-02 -2.861196626166474799e-02
1.104006717144273352e+03 3.180610123267001086e+02 -6.210206711815165898e-02 8.235852752022765344e-03
1.142896745239396978e+03 3.580084266554136434e+02 4.447180190236584701e-02 3.928879844702493074e-02
1.217271848654633459e+03 3.746113158003072385e+02 -1.192880450097959510e-01 5.206325663506324725e-02
9.908093217757126467e+02 1.759977132729035816e+02 1.648140370844074498e-01 1.918575181838254318e-01
1.015283749850297113e+03 1.904716468794688637e+02 -1.717458229724758423e-01 -2.182054176745111818e-01
1.075102039060148400e+03 2.268341105158379492e+02 7.558201672232509744e-03 3.881812126686752518e-02
2.358949301570569617e+02 6.050377531887615987e+02 1.647672050482442696e-01 -3.767680825400940292e-01
2.338279606230172192e+02 7.110121513281064836e+02 3.540563933352774972e-02 1.284305188629708029e-02
1.090634697738456225e+03 1.801782859748957435e+02 1.569834156058814989e-01 5.148460605162018949e-02
1.126549208006397976e+03 1.761797400765969144e+02 -2.188746878546742880e-01 2.375054141351207460e-01
1.180228601898887064e+03 1.909646702880760927e+02 1.600914582371098724e-02 -5.612951481518796762e-03
1.122870534463662580e+03 3.618194300316650924e+02 1.512299045006619269e-01 -3.434628182059317608e-02
1.192832286291127957e+03 3.746493189366662477e+02 -9.761496763107143163e-03 5.756393206849514527e-02
1.172669834943814976e+03 3.902251571796826966e+02 -5.296974815818926430e-02 8.646720973008437811e-03
1.213091705202305320e+03 3.302314977279021946e+02 1.524099726570641855e-01 -7.338687805992364852e-03
6.896399807724919810e+02 4.131936642060367717e+02 -1.607074645403997748e-01 -3.570887122182853091e-02
1.156210543311465472e+03 2.546478073850555006e+02 2.264811511010975803e-02 2.239794795109446499e-02
2.460026430434070903e+02 5.384789244041329539e+02 -2.827712058308790577e-01 8.892878549351053430e-02
2.447461263332015733e+02 3.217523973325422730e+02 -7.097195142329244810e-02 -2.607822753930930104e-01
5.090764923478026844e+02 4.425404301286909003e+02 -4.755615961892058485e-01 1.738941231474484539e-01
6.798070306965810232e+02 4.024096528076524351e+02 -4.046357316602400833e-01 1.854836265003491080e-01
6.674201873993548588e+02 4.274746970767372432e+02 -4.746779199964837326e-01 2.335640683474669854e-01
2.374267031559258783e+02 2.913266397547365045e+02 -2.964051827136499409e-02 -1.807885047693322533e-01
1.156771297435121397e+02 3.955137184080620045e+02 2.952842548131475731e-01 1.772830194276446836e-01
1.021228606321769917e+03 1.910368459171201607e+02 -1.521317129178816341e-01 1.865561293154200939e-01
1.116628669217883953e+03 1.923437945118244272e+02 5.068209467486560482e-02 -2.841002186206735280e-01
7.228861472351298971e+02 9.335431699744866592e+02 4.223038842224883238e-01 -9.688093996963770271e-02
7.795730139907053626e+02 4.117619431721069532e+02 4.715731487331140670e-01 -2.224152596059987275e-01
1.093951244647464364e+03 2.083421955190318613e+02 -8.590411521885243928e-02 2.011413936696442306e-01
1.208380450741357436e+03 2.532487284009895347e+02 -1.044259179100492929e-02 -3.774099358184912489e-02
2.729405485757940824e+02 5.924316627265690158e+02 1.240026018248840955e-02 4.916063510508905665e-02
7.179436003832319102e+02 4.294459369948373251e+02 3.508836629494832549e-01 -6.919182154396517903e-02
8.501332727005778906e+02 9.324919266099044535e+02 -3.641343643381863560e-01 3.631982032550240547e-02
1.020812852158211285e+03 2.203006135930000653e+02 5.621816906602816744e-02 8.039975072764450614e-02
1.121676946120061757e+03 2.140816550722928753e+02 -2.858026873614757414e-03 -1.304301360740112159e-02
1.290805961544584989e+03 3.155993527630135986e+02 2.627264985691714072e-01 -1.422109624953366569e-01
2.876056355881269155e+02 6.504266683982692712e+02 -2.523825251394181887e-02 -3.472497914034582828e-02
9.679490465496265870e+02 7.423652416359977906e+02 1.966927768847069255e-02 -5.174373074509373838e-02
7.953115205021618976e+02 9.299228136792138457e+02 2.898763086192681082e-01 -1.886285505751175151e-01
6.883360409397596413e+02 4.050224800361617099e+02 -3.538643461863557604e-01 9.093680702366012392e-02
7.098713769838509506e+02 9.853040843676428722e+02 -4.005405980713721004e-01 1.475670905514334663e-01
2.733596213153454642e+02 5.291869454365980801e+02 -1.454199890537447859e-01 1.620468192233677843e-02
6.770410326544094914e+02 4.181249702214297486e+02 -1.015894514858928233e-02 -6.452831634853832543e-02
1.081614218030221764e+03 1.765668363200691999e+02 -3.146890209935312294e-02 -1.300107007077405397e-01
1.087177722620505847e+03 1.763637635729293436e+02 1.055717557499823017e-01 -1.307740342907356135e-01
1.125152851456724648e+03 1.869777389762442681e+02 1.103689093352879097e-01 -1.475065806703099724e-01
1.082161782595386285e+03 2.022093664038449674e+02 -1.505280466707858977e-01 1.118080731797945759e-01
1.063288408184301261e+03 2.437658184498255594e+02 -3.138181795725358825e-01 -4.126903772101589429e-01
1.135438548034301675e+03 2.416059924377530592e+02 -6.266503714031539107e-02 -2.459622137417720109e-02
1.196389594610915992e+03 3.251047258345203659e+02 1.096718564127741047e-02 -2.909565993243272072e-02
1.178435960491122614e+03 3.848016644233736088e+02 -8.898326536723288882e-03 1.372619642616257352e-02
1.292651342901357793e+03 3.665479456051424449e+02 3.837872327718135773e-02 -7.964540711145673413e-02
2.454248836862306007e+02 6.076665889017185691e+02 -3.648501412843074831e-02 -3.287756851844392258e-02
3.613479048290342348e+02 5.049525230015022998e+02 -5.803357996400109187e-01 2.137217523671262609e-01
7.554451086763542662e+02 3.777123469744667545e+02 -3.369089123212709591e-01 1.894246065387092670e-01
1.138005478629953359e+03 3.689284403080420134e+02 -2.809152115179255338e-01 4.019590973000969347e-01
2.918171261024151590e+02 6.714976583329793129e+02 -8.991712183186255022e-03 1.096564234351882772e-01
3.718554746019726167e+02 5.196647737290546729e+02 5.454485353151157234e-01 -4.218852438466249438e-02
4.425274379664059552e+02 4.810917800152247992e+02 -5.172079721660282070e-01 3.709938404526212929e-01
6.841010973856974715e+02 3.999456682673030627e+02 -5.618709837767710269e-02 7.923455483293082025e-02
1.135466590833602140e+03 3.549807311371270657e+02 1.148471775032021414e-01 8.971484945973884351e-02
3.197920717643577859e+02 5.975662444069478170e+02 -1.412302423773326188e-05 -6.358814117993461315e-03
9.132148955025663781e+02 8.508963156835199015e+02 4.983240629595570570e-01 -2.704061897165502271e-01
7.446121377903514258e+02 9.586645994202355041e+02 3.700371067085711507e-01 -1.950003401640970080e-01
3.142340471236781241e+02 1.077310482855268674e+03 -2.065205534091774098e-02 1.641956556264858591e-01
5.158376515633723329e+02 4.299650243975522699e+02 -1.606901470417041247e-02 -6.845538879350164529e-02
1.114772806629467595e+03 1.791029624989577940e+02 -4.333223682642205199e-02 -1.140659312483162657e-01
1.068346039695973332e+03 2.123240128856766944e+02 -3.609982537596402585e-02 -1.459766343945842759e-01
1.144228816808441024e+03 2.232189169256471075e+02 7.151152687305916203e-03 -2.155379354858016211e-02
1.145853298276561645e+03 3.169644776717984200e+02 -3.573448965782214520e-02 1.119762802527412143e-01
6.232938657303059244e+02 4.233698251921068163e+02 -3.849512990536538837e-01 -2.404076404693782365e-01
1.094569079795046719e+03 1.759698953104707186e+02 9.530559799543425470e-02 -4.109312876098059064e-02
1.075001491352504445e+03 1.915353700114139599e+02 6.496672316887952547e-02 -7.314495551209532209e-02
1.078024126297894782e+03 1.937862140112200109e+02 -5.314898891513166745e-01 6.510153159347886742e-01
1.147805632633977893e+03 1.954600433871073619e+02 1.031748795260227780e-01 -1.116438378880033611e-01
2.200487729092887150e+02 5.368185535407175166e+02 5.264142242104696834e-02 -5.809322651683146432e-02
2.522556170341825066e+02 7.087305708593156623e+02 -1.133475499431213507e-02 1.752450159614227232e-02
3.081403787497217195e+02 5.604819427215983296e+02 2.414738164145546762e-02 6.994404859531755392e-02
8.186804610372903426e+02 9.136672208843048111e+02 3.433020428340398666e-01 -2.450201333818000649e-01
2.458343245145963181e+02 3.281612709168517199e+02 -4.018962847970085350e-02 -3.902790971430444150e-02
2.760108326606980427e+02 4.477736221230043725e+02 9.007705871563789768e-02 1.780082825089510101e-01
6.266270004223865726e+02 4.110868168883559974e+02 -4.023681793587944311e-01 -6.858169974325230289e-02
1.089539929676941256e+03 1.601803112603847978e+02 -5.908338657751041091e-03 -1.632014316328828790e-02
1.048134582111239979e+03 1.800245454232050690e+02 6.305748350366359445e-02 -4.236561854890631973e-01
1.096538018548999844e+03 1.944487773652527949e+02 1.377071327508149756e-01 1.370834683928429942e-01
1.089610272714891153e+03 3.193209647140694756e+02 -6.230371329011826637e-02 2.023751859167889980e-02
1.129078502539019382e+03 3.139805306190422129e+02 1.830330755449592270e-02 1.677690255490915661e-02
1.135437070299970856e+03 3.278129343341941535e+02 4.522820917278685265e-02 -1.201134427534985422e-01
4.961530024188400603e+02 4.705192787370538667e+02 -6.009889279452144129e-01 -9.500612454341231597e-03
7.117101569322251180e+02 4.116427288061850618e+02 3.416323200441032104e-01 -2.421312196186988785e-01
1.128450157281074553e+03 2.309626473574345766e+02 2.563224268764467337e-02 -1.012235650126266789e-01
1.078551872451455210e+03 3.135886305546319477e+02 -2.120670053310884026e-02 3.017661948608936842e-02
1.161926148009440340e+03 1.868522512126941137e+02 9.034107558689659367e-02 -2.359600090018811047e-01
1.144091599225187338e+03 2.165155721802042308e+02 3.127943678290042578e-02 -1.311682074955911048e-01
1.202469270088431585e+03 2.485707914248390580e+02 -2.444342031950933955e-02 8.414486985467799218e-02
1.121193027278926365e+03 2.708575162278908692e+02 -2.584872848956365488e-02 -1.098351722798819735e-01
1.243075256535931430e+03 3.082504245974581636e+02 5.859172331073144585e-02 -6.643299074242274560e-02
1.223370630829031825e+03 3.363343454721970147e+02 -6.443196153713870444e-02 1.297425763259241194e-01
1.141904638724296774e+03 3.782588956107958893e+02 -8.419772664372734625e-03 -2.987007060525570523e-02
1.941993009274926578e+02 5.826777623699202877e+02 1.430469207400998644e-01 1.511865666472923808e-01
2.883466935001025035e+02 6.682031493859531111e+02 1.487378945404316255e-02 1.551749741709803308e-02
5.847548970753657613e+02 6.000223261712338854e+02 -3.064777063192044345e-03 1.574465289327993747e-02
1.023318591816378330e+03 8.064047751693248074e+02 3.972510292535389453e-01 -2.239495535712876517e-02
7.399954471020710116e+02 9.626716403595322618e+02 1.751142447213851483e-01 -1.082919228275613932e-01
2.694596629049275975e+02 3.740634270662735616e+02 9.169430361179138622e-02 -9.571522924704822105e-03
2.788271558758949027e+02 4.130148732527127891e+02 1.342364427591746789e-01 -1.407109855378848862e-01
2.656041906943642630e+02 4.535992812560434686e+02 -2.365008841299868492e-01 -9.117649319319980072e-02
3.165546252601169499e+02 4.732568479380365147e+02 7.573564701075383154e-02 8.066640720669511488e-02
1.113274056755668653e+03 1.465417262628459412e+02 7.032089350682327322e-02 1.814770332811690284e-02
1.003347557441469689e+03 1.770742635599368668e+02 6.078067351613754277e-02 2.066746564632239713e-01
1.079114653737114395e+03 2.032493575334733293e+02 -3.731519894427037624e-03 -5.040774276587853958e-02
1.309033066331951204e+03 3.162766690799230105e+02 -4.392782386457838410e-03 3.322159260066087083e-01
1.221420631834399728e+03 3.531150721174293494e+02 2.284718138635071297e-02 -2.329806318521605024e-01
3.216955488588133107e+02 5.876637432378057611e+02 2.917360779313184910e-02 1.840039522786582893e-01
8.044412181791929015e+02 9.342733519955053225e+02 2.759453784595052861e-01 -9.130759939503149680e-02
6.791214998297384682e+02 4.240706769084917482e+02 -3.280272792169398599e-01 2.481658844772027805e-02
1.035573362285203302e+03 2.049108309780701518e+02 -9.203123466818396992e-02 1.162082083491213780e-01
1.124470318026030327e+03 2.170921420749967581e+02 2.472362929771634299e-01 -6.061958094762971427e-01
1.174732678470566043e+03 3.182885597088944110e+02 1.543563747352436621e-01 -8.179916017564892172e-02
1.139849486979909670e+03 3.730138960401333748e+02 -2.425059502070325834e-02 9.428090953349510528e-03
2.585138749307188846e+02 5.940394099002074881e+02 -1.372081874023933779e-03 -2.452851008706602443e-02
9.088581931437275898e+02 8.539872957877728368e+02 5.317942234934776025e-01 -7.707567918951951924e-01
2.642341370093455453e+02 4.224842064199660285e+02 -1.907558686583380736e-01 -2.664325099370141170e-01
1.454163839165399565e+02 5.202963159064760248e+02 4.872400028304468833e-02 1.330564229196321870e-02
5.226907824954282660e+02 4.828120170816335985e+02 1.456095474667714884e-01 4.798811939510490981e-02
1.159665158460879866e+03 2.093169808042152624e+02 1.003184681697651516e-03 -5.013930998336491029e-02
1.122061537176745787e+03 3.112566330460164181e+02 4.876941524609416240e-02 -7.922607136538317718e-02
1.191126028907857290e+03 3.581696671212890237e+02 -1.660232859929540797e-02 5.022349030876208792e-02
1.257992005877182009e+03 3.680609417888501866e+02 -5.009771556539514663e-03 -1.236069149503009612e-01
2.539905418242464066e+02 5.512622834320055745e+02 -2.912501886782574156e-01 3.554056100272191543e-01
1.932178833904200417e+02 6.340885324786604542e+02 -3.561315839964531160e-01 7.871579163130111578e-02
2.098058687386094903e+02 7.135997078967920970e+02 -2.447648873056588667e-02 -5.464985773244279699e-02
8.442304713440528303e+02 9.295131774910659033e+02 -2.343946313537799142e-01 9.295278865367133381e-02
3.171825289697255812e+02 1.084618443060211121e+03 -1.105185050829504689e-02 2.165587768104160205e-02
2.672600479830459221e+02 4.016891088498892941e+02 1.399659852159516049e-01 1.250601165442333240e-01
2.992337601568051468e+02 5.144857596575976686e+02 -2.102335980225689127e-02 -9.626621953856329128e-02
6.414636468877782818e+02 4.270828033651575879e+02 -2.053284768705907481e-01 -1.958906848046240157e-01
1.065525692071360936e+03 2.310309087342140231e+02 -1.065185806214685726e-02 -5.143961207650704637e-03
1.024410431826064723e+03 2.425159268769796768e+02 -1.703579701415947056e-02 1.510400055176575052e-01
1.071119721585667094e+03 3.098226883894593016e+02 2.848487468772873399e-01 -4.746840857494589727e-01
1.263066632373445145e+03 3.255861295176366070e+02 1.336337707310804035e-01 4.848446478853816188e-01
1.323711685105348806e+03 3.223588892510436494e+02 1.871084168009247151e-01 2.966332832173179668e-02
1.250212366742539643e+03 3.585840587004531699e+02 9.442475320918219950e-02 -1.992184948386466203e-02
2.229620871236578239e+02 7.098376194224327946e+02 -5.708476133506223960e-03 1.542592295720623952e-03
2.468642475315037359e+02 3.001297341502316272e+02 0.000000000000000000e+00 0.000000000000000000e+00
2.518308652438088586e+02 3.465947899450048908e+02 0.000000000000000000e+00 0.000000000000000000e+00
2.556458395369747905e+02 3.594041783371227439e+02 0.000000000000000000e+00 0.000000000000000000e+00
2.811415247511210964e+02 4.186615482693985086e+02 0.000000000000000000e+00 0.000000000000000000e+00
1.015463571647561139e+03 1.780455285395042324e+02 0.000000000000000000e+00 0.000000000000000000e+00
9.273345885059577540e+02 3.546461338267932888e+02 0.000000000000000000e+00 0.000000000000000000e+00
1.170309143636426597e+03 1.486297776198695715e+02 0.000000000000000000e+00 0.000000000000000000e+00
1.203443844052947725e+03 2.070247649280109101e+02 0.000000000000000000e+00 0.000000000000000000e+00
1.315881754295181736e+03 3.365538261231834554e+02 0.000000000000000000e+00 0.000000000000000000e+00
1.214538698276910281e+03 3.562750936340630119e+02 0.000000000000000000e+00 0.000000000000000000e+00
1.184162619342125708e+03 3.742641423267649543e+02 0.000000000000000000e+00 0.000000000000000000e+00
2.281711069244013572e+02 5.566054478374637711e+02 0.000000000000000000e+00 0.000000000000000000e+00
2.508146378818832432e+02 5.573216761556745951e+02 0.000000000000000000e+00 0.000000000000000000e+00
2.942084109938534198e+02 6.216062146145739007e+02 0.000000000000000000e+00 0.000000000000000000e+00
2.486863291844437924e+02 7.346868142228386205e+02 0.000000000000000000e+00 0.000000000000000000e+00
8.431829416068462706e+02 8.775776964347556941e+02 0.000000000000000000e+00 0.000000000000000000e+00
8.588081686550214044e+02 8.974704136243776702e+02 0.000000000000000000e+00 0.000000000000000000e+00
5.778036074936072737e+02 1.007478015340555430e+03 0.000000000000000000e+00 0.000000000000000000e+00
7.362227175808963011e+02 9.800245682496221207e+02 0.000000000000000000e+00 0.000000000000000000e+00
