1.339452775022595574e+02 3.829277538869173441e+02 -5.895840179107943602e-04 2.425890400260895708e-04
2.648419906657853176e+02 6.830669911107739836e+02 -5.691544513109253640e-03 -1.744730471237195208e-03
2.525279165290828303e+02 4.642647805911809087e+02 -6.302727415999805939e-03 -5.487167334339042822e-03
3.150454380559491483e+02 4.711984731329026772e+02 -1.924715362447938435e-02 -2.553594304672762716e-02
5.656664954323988468e+02 3.863907389748284800e+02 2.702326770004940138e-03 -3.384241891680657768e-03
2.787602508236765857e+02 6.120963902079383843e+02 -9.396233143457149301e-03 2.055864758336264225e-02
8.724498570618255826e+02 4.040522854127097503e+02 -1.276585320726670615e-02 -9.021976786297642575e-03
7.044251680930381099e+02 4.166687609223844788e+02 -8.617720431852876964e-03 -2.533108710889902040e-02
6.343182643976147119e+02 8.220813790912624199e+02 -2.414720026709432275e-04 3.341995782170895275e-04
9.123728043889418586e+02 8.059736417179398131e+02 2.352433304019208265e-04 2.322427973229081264e-04
4.599325304575926339e+02 9.416006301531549525e+02 1.631726420997789482e-04 -1.766161803408238624e-04
9.057031201236101197e+02 9.225960778650512566e+02 -5.453396708943646955e-03 -2.184142940334390676e-03
9.003343800614937891e+02 9.267362650144991676e+02 1.373583640700660330e-03 -3.023357952903133524e-03
6.850271747825469220e+02 1.013610745767477852e+03 -1.147757829042095855e-02 -6.643116684837972741e-02
7.150938196621214047e+02 1.011477241799277067e+03 -2.619002689311180124e-04 3.831298098408062965e-04
7.049944736704510433e+02 1.023629693594975038e+03 1.059080789434686896e-03 8.343984025977628017e-05
4.816684123639466293e+02 1.099073054696605823e+03 -1.745148982532816414e-04 -2.573443649790794867e-03
7.044370191580163691e+02 1.036492702337584205e+03 -3.950621282449514487e-04 6.979359039466391176e-04
7.518558366287776380e+02 1.067577700796317913e+03 -3.572965551556269836e-04 4.851448679058347271e-04
7.456529225818974282e+02 1.071536950960902914e+03 8.969834147045289236e-04 1.233873390208485663e-03
1.311356812511513965e+02 3.251303812503388713e+02 3.416962629408222757e-04 -2.870234350209016887e-03
8.997804495469323456e+02 1.102127824627508289e+03 1.044552591180702370e-04 9.456862798657258073e-05
2.634739523909644845e+02 7.424819694868048146e+02 5.382851026068368079e-03 1.929601544538562044e-02
2.408528326219462201e+02 3.769910683214424694e+02 -1.251749972427283197e-01 -3.909076715517940115e-01
2.236497757956209682e+02 7.548692268264699123e+02 5.685532079578793944e-04 -4.767569577424102278e-04
3.082008838122187626e+02 4.946237306345821025e+02 -5.849236320707157377e-02 -1.828510449993279649e-02
2.441517470401151968e+02 5.090099693753633119e+02 3.002909570247819238e-02 -8.442179573284089300e-02
2.488938399900841887e+02 7.179806522317529698e+02 2.364402196374191904e-03 6.078645588246164161e-03
2.360073610139103835e+02 3.581763245055059315e+02 -9.708748520456499109e-02 -3.351501247224082380e-01
2.564906189461252097e+02 7.447008947790397997e+02 1.073567151882969624e-03 8.156377463632956274e-04
1.245626556687227321e+03 3.968607784489865367e+02 7.959223774927486408e-03 -8.310658267544563174e-03
1.193697702334225596e+03 2.545084193192138002e+02 -1.101265718563295727e-02 2.996817382798282539e-02
2.565119012389052955e+02 6.186891702629869769e+02 -3.050787673740020488e-03 9.073119847554683703e-03
1.107835050264735628e+03 2.946648238018926236e+02 1.891442852522033993e-02 2.961426329763001616e-02
1.954120774759010999e+02 5.914165006605107919e+02 -5.923168042083560951e-03 1.079238415181772368e-02
2.821525415464311664e+02 5.974054216065545688e+02 3.026729839312243542e-03 -3.510709899837865557e-03
1.152455917467338168e+03 2.311115691057510162e+02 5.390820954906501254e-03 2.934337747593746101e-04
4.582640542040695095e+02 5.158749774171343461e+02 1.555346308818271461e-02 -2.126515499201059659e-02
2.573839998375960931e+02 4.282639850832387651e+02 -1.297930887554900881e-01 -2.143977683191580774e-01
2.967956079768649147e+02 6.630160326710047229e+02 -3.019195087929212214e-03 -7.331989007732520915e-03
3.043675296195866622e+02 6.385615363254215708e+02 -6.158270877062257704e-05 -1.169661384783421930e-03
6.291304189736300714e+02 3.719080333911530829e+02 2.288443304441650783e-02 6.080855315694366509e-04
2.374981229182659774e+02 7.163821408810530329e+02 2.016912296454057528e-03 5.419915278117955725e-03
2.515118279505934709e+02 6.596647588451020283e+02 -7.595561231023048587e-03 -2.715565170615038756e-02
2.501241620980118228e+02 7.272967828603400449e+02 -5.334224026223119419e-03 -8.020677236230550891e-04
2.056489121199074361e+02 6.826908708272443391e+02 5.864069243891168078e-03 -4.127216225919084179e-03
2.419067995252394496e+02 6.728395919640755665e+02 7.897898709961962901e-03 -1.027002837223236435e-03
1.260099142264984721e+03 1.959934702959881747e+02 -7.270710919031687014e-04 1.274840172910818000e-03
2.530435358768655192e+02 4.847552558513768304e+02 8.182358497232726513e-02 -8.576687821671542811e-03
1.246193867531265369e+03 3.864594345507639446e+02 -9.932295860743813043e-02 8.251313835158288756e-02
2.999792200479393500e+02 6.458046827676196244e+02 1.285107641746376919e-03 1.938833249319527096e-03
2.566566851274617989e+02 7.162898732672177857e+02 -2.150105797401204340e-03 -1.651733339547893642e-02
1.190635932124328292e+03 1.816808167277692121e+02 3.002270711083225921e-02 -6.377187577197364343e-02
2.545434617139796671e+02 7.349812897080278162e+02 -9.978913726824051908e-05 -1.358761925701734360e-02
2.161293770550978479e+02 6.676775155502504049e+02 2.694129880825892401e-02 1.007704968162670411e-02
2.155858575069305800e+02 6.522003759520849826e+02 -1.713870014376731509e-03 2.628755042055087258e-03
1.222200421765927558e+03 3.982711198829011892e+02 -5.502629070217225464e-03 1.299742255775137613e-02
2.481525160842216167e+02 7.342699085462602397e+02 -2.171646921754986158e-05 -7.582547431875264962e-03
1.228597993447979206e+03 2.463632884108093890e+02 -1.672969361077839001e-02 -8.463826734240478128e-03
2.698256184394637671e+02 6.966090404164539223e+02 2.938717313429718789e-04 -4.953117148749814919e-04
2.665633206746161932e+02 6.630132349558957685e+02 -1.487141274762421783e-03 -2.181322865221818098e-03
2.822228292100809881e+02 6.869013105317245618e+02 -1.005944286063286926e-03 2.919298199613687850e-04
2.445812250062863029e+02 6.345325599060698778e+02 -2.442092522684789768e-02 -4.476049274220452075e-03
2.527320716541656509e+02 6.319863955930049997e+02 -1.852177608628385310e-03 2.500575858315943686e-02
7.173451431766641235e+02 8.751935346129240543e+02 2.299120776441587657e-03 1.142802862082112521e-02
2.509226000457352370e+02 6.173209350848919712e+02 -1.230010664400847664e-02 -1.577505076316711944e-03
2.343916297851953061e+02 6.315588647568553142e+02 -5.294888001226399389e-03 -7.616148920436502726e-03
2.590181847753236184e+02 6.420866960127560787e+02 -8.296441547186235443e-03 -2.502534369584579355e-03
1.195834482579741689e+03 2.250196380842357939e+02 -1.572240648598642251e-02 2.923452750035728399e-03
2.327444425118894742e+02 6.301308147792992713e+02 1.555994380604961216e-02 1.718955692718052500e-02
2.462812215901992943e+02 6.926881047148478956e+02 6.134706817473476684e-04 -7.645051765596483709e-03
2.906674160666271973e+02 6.483369508350928072e+02 -4.840797749565272680e-03 -5.208743666899088957e-03
2.280409021835720296e+02 6.944237099199244767e+02 3.411931941612503672e-03 2.015551938223207867e-03
2.031878899141861439e+02 7.010995825471389935e+02 1.147421999550742554e-02 -6.712257158709473634e-03
3.098763935248327925e+02 6.264259407859976818e+02 2.088644783819826670e-02 -2.424040957582701897e-02
2.464679186522720613e+02 6.143015798615097083e+02 -9.943073871745795531e-03 -1.511155515358815656e-03
2.953874756025055603e+02 6.048164057015968638e+02 7.291574755613780632e-04 2.238051309305855250e-03
2.317851832828780516e+02 6.411905433128728191e+02 4.888075548615008863e-03 -6.897817844784446487e-04
2.295482169577728655e+02 7.142632612022653120e+02 -1.558846967074572565e-03 2.809932070546649696e-04
2.937795268840772565e+02 6.622269931297206540e+02 1.106306532654676919e-03 -2.587751650395094449e-04
2.509466480129164268e+02 6.515790110240840249e+02 1.167993000649684716e-03 -2.771653784465667129e-03
3.240283579729302801e+02 4.818346410441448597e+02 9.665824130014572619e-04 5.715715918962351212e-03
2.870531951547888525e+02 6.636994958904351734e+02 -7.883839674987750280e-04 7.727240807393136960e-04
2.455787486119796768e+02 6.659913975370147909e+02 1.603131342209123279e-03 -7.637511579805325319e-04
2.912679920337516251e+02 6.020458470414232579e+02 -4.131684211005346059e-03 3.637622572284163712e-03
2.930648389084038286e+02 5.795377384459247878e+02 6.866259860144077916e-03 1.176771023743091111e-03
2.226109364344862627e+02 6.857423501721857519e+02 2.432414682955525830e-03 4.162461572487961663e-03
2.893061958564169345e+02 5.872911243546841433e+02 1.992216178308862733e-04 8.034526415767146790e-04
1.235577531540177461e+03 1.325547596689158638e+02 -3.075687356075300881e-03 -3.574637266418682208e-02
2.666193926110406096e+02 5.814293191209275165e+02 -1.596520775034276571e-02 -1.841156419133839484e-02
2.123593181432278243e+02 6.887983078427446344e+02 4.105294666422619476e-02 -7.436766878523746842e-03
9.572593108552614467e+02 3.497898034703123358e+02 6.175357644544164915e-01 -2.449508595565850766e-01
2.855153836781223617e+02 6.353260284496388977e+02 -1.476259620599621770e-02 -8.893898683354699991e-03
1.491830473519156044e+02 5.286623485357848722e+02 -9.103938323265607646e-03 3.650488678854096891e-02
1.236916518200217979e+03 3.979693524401675404e+02 9.806214770729765329e-03 -2.169303945761486344e-02
3.073951660974647098e+02 5.605789587966165755e+02 1.533037314376686777e-02 -2.133543472455535963e-03
2.920708349108618336e+02 5.662519741708504171e+02 5.033547629282246298e-03 -6.629222697296931720e-03
2.319511160808139607e+02 5.142541506580189434e+02 -1.907133299149766465e-03 3.525706686329471012e-02
2.457223528848853391e+02 6.852414825997758498e+02 1.089049584694780359e-03 1.888979640934713988e-02
2.851904884604859944e+02 5.492403971399903639e+02 5.978162515263382715e-03 5.537754206333113556e-03
1.050632933966024211e+03 2.191914795474912410e+02 6.591861414324397348e-04 4.266900838246101557e-03
2.410061751297248520e+02 6.816058072182033811e+02 2.756521674528038084e-03 -1.035042612739397322e-02
2.704920444447527075e+02 6.554527119491367557e+02 6.666963149744126529e-03 -5.663139921157065750e-03
2.874673766482744099e+02 6.154218816180989506e+02 1.293371100417113617e-02 1.706457138468882653e-02
1.087771589463184682e+03 3.096408918817041354e+02 -2.644337403835109526e-03 3.509181245499686224e-03
3.198154731036573821e+02 1.059110006022117886e+03 -6.326888977519677312e-03 1.364631897574624265e-03
2.153518002391937785e+02 6.101661183844236120e+02 -1.651474618752752366e-01 3.368599831120986376e-01
2.510521033318300681e+02 7.038507562227107428e+02 -6.079394930713369338e-03 9.167214948621844189e-03
2.315750455780559207e+02 6.748126917659341188e+02 -2.094685193287490824e-03 -1.170376703944474642e-02
1.862169935868051027e+02 6.508568199327116872e+02 -1.861531530859839578e-01 3.785090601450785686e-01
1.216567467068420456e+03 3.515580917526222038e+02 -1.241124804961362023e-02 3.993543797746790074e-03
2.734223112318038602e+02 5.974098260277646659e+02 -6.371357196332885081e-03 -6.611300163974579217e-03
2.450773822081861795e+02 4.967230419763464511e+02 9.291432466311011149e-03 -5.520523896917373802e-02
2.724993317172104526e+02 6.780659788867681073e+02 -3.324424541119134179e-03 -1.060983673638285843e-02
4.644769146075136064e+02 4.714622127168600514e+02 -6.902081301294871185e-01 2.915732911546792816e-01
2.014917673034422592e+02 6.249958147266814876e+02 -2.791812505537139555e-01 3.492296098015303385e-01
2.444968259631290266e+02 5.944751181696609592e+02 -3.936440909787207627e-03 2.375611613911583157e-03
2.529628819240886060e+02 6.414818006886004014e+02 -1.727239883004584586e-02 -8.510439716369456661e-03
2.960245113683289446e+02 6.378705034783282599e+02 2.599275906279311862e-02 -3.534378934676345174e-02
2.384572143650989915e+02 5.031946745983579490e+02 -1.636378797746772902e-03 1.160803584844186500e-03
1.198986686017107104e+03 3.450505097297741486e+02 6.704703200255446131e-03 -2.519346856901154199e-03
2.580562567022510052e+02 5.479488957947919516e+02 4.049918564988945827e-03 3.214229948266935331e-03
1.124962960318906198e+03 2.440943184965677801e+02 4.856586899362323631e-04 5.951337845233117992e-03
3.078456440433598118e+02 5.019790727409302917e+02 -5.850764908653051100e-01 1.835875435443345693e-01
2.076409201187166502e+02 7.274696035787185338e+02 -2.543099132386804698e-03 1.095487496300140938e-02
2.833168608679513909e+02 6.529906895496999368e+02 -1.053251473157196857e-03 2.503223769746126381e-03
5.339133481458660526e+02 4.871408517308993851e+02 2.016298789404451230e-01 -1.374609555804480188e-01
2.280583401105215557e+02 7.060887841751323322e+02 2.837156050364314248e-03 -1.054633428559284720e-02
2.244778422790275272e+02 3.205604113351823230e+02 -1.104984475816153111e-01 -3.768918944469982213e-01
1.203090283024597966e+03 3.876706675803936832e+02 -5.757315095616822448e-04 5.981761636213819193e-04
2.645076767587675590e+02 7.311671168995510470e+02 -1.026958418636618985e-03 -7.842591996904957341e-04
1.172493382242943881e+03 1.926254935153567089e+02 -4.502386343146739145e-04 1.519156578001738464e-02
2.788096222211880786e+02 6.589512473195891289e+02 8.767257843005317117e-03 -2.900559124923077561e-03
1.431068999043806116e+02 3.927920847229371475e+02 1.413153902496384808e-03 1.563951497729026280e-02
6.845565608583436870e+02 3.892846084752658271e+02 -3.633621224261971983e-01 1.116473483968310476e-01
6.516104858312567103e+02 4.163381861122006740e+02 -4.279948556538851756e-01 -5.299473581984140425e-03
1.217452021435782171e+03 2.548021365674186427e+02 -4.486180942309363553e-03 8.414825635517588984e-03
2.735827478463825742e+02 4.683354008386582450e+02 1.749165656690703299e-02 -1.638225738170621948e-01
2.321150558618867876e+02 7.459872508693243844e+02 1.994273803813404952e-02 6.649585062253137065e-03
5.626383934967839195e+02 4.427513930584947843e+02 -5.188715248443229733e-01 1.915128168201357672e-01
2.338001893744795154e+02 7.015150341862861296e+02 3.531478324736054240e-03 -3.136202416048900453e-03
2.161820956589088780e+02 6.412035413282611671e+02 -6.089217879071716962e-04 -2.902927999334769041e-03
2.274592020638476697e+02 7.755454605311878140e+02 -3.346833912931936224e-03 -1.293938556398188666e-02
2.777093850595704225e+02 4.833057095746522691e+02 -7.894792520877591535e-02 2.039282932502974044e-01
2.292177137913432432e+02 6.233992474035678697e+02 -8.671002121106691218e-03 -6.744610220731500627e-03
1.259692456243955576e+03 2.910941820791829286e+02 -8.096812892907307227e-03 8.590590445059619745e-03
1.892276486666457345e+02 5.781608956327013402e+02 9.664273906655704294e-02 4.187889808583061813e-02
1.138866597289749052e+03 3.735118788746616474e+02 -1.931049982682443364e-02 -8.611481406498934163e-03
6.203203620679148571e+02 3.791975633716000971e+02 2.952886021013441734e-02 -3.696714604971437085e-02
6.392831103611939625e+02 4.055792426509229927e+02 -4.040467920052808748e-01 1.064586713796567968e-01
2.578762484144986047e+02 4.786888920273718782e+02 2.198313391577971440e-02 -1.529822567335085775e-04
2.113271866073940259e+02 7.455729344363339806e+02 -1.044275757493551282e-03 -4.978529440433190553e-03
2.858207963678020747e+02 4.552157246443278495e+02 4.109152510584307416e-02 1.822674701429802258e-01
2.191537369557701425e+02 6.997580202018730233e+02 1.102358156869497757e-03 4.808760508322253678e-03
3.472882428749725818e+02 1.067523251950371332e+03 1.538129388622434205e-03 -5.671811139167727382e-03
1.088899425035369632e+03 1.890339845561274501e+02 1.447592183463297828e-02 -1.374841041235040640e-02
3.408467051531281413e+02 1.068934120104577005e+03 2.704367215713291903e-03 -3.630919350049261526e-03
1.121197263915888698e+03 1.932091270837273100e+02 1.254910683007735006e-01 1.972412758210850825e-01
1.118782063139379943e+03 2.407734075872582196e+02 1.800854023706348686e-02 -4.306205029539254305e-03
2.664670219096217352e+02 5.937304063364273361e+02 -5.237354050464519337e-03 7.130257971663139793e-03
5.941409959483374905e+02 3.685258257859301807e+02 1.110052641877808761e-03 2.276779033470102166e-03
2.146796899037721005e+02 7.381493660469059250e+02 1.849856321933096917e-03 -8.711462014954383330e-04
1.238586657399363958e+03 3.371557741945677549e+02 8.099554711566946119e-03 -8.098529895301336684e-03
7.758830619065780638e+02 9.188263969461256693e+02 4.287614591147046461e-01 -1.949630275927831669e-01
7.094755575060785304e+02 3.928553841292796847e+02 -3.668665315958628548e-01 1.389160723288316857e-01
9.130449227863331316e+02 8.451887002893787439e+02 5.319695512219307920e-01 -2.130173944080991089e-01
2.064889290007446903e+02 6.962273998291550470e+02 1.612983030667865508e-03 5.479215092896308655e-03
1.960509565726513301e+02 5.476055921058060676e+02 -3.942612482003566288e-01 2.474080083953315856e-02
5.306868211910275477e+02 4.107620643189667362e+02 -7.108628439942507038e-01 1.411247180906269327e-01
1.350895943621496542e+02 4.010620357755399823e+02 2.430608697574481152e-03 8.272458202065765057e-03
2.598570503546736745e+02 6.854145043722404580e+02 -9.004753419244794803e-04 -9.519709386092409025e-04
6.186827583409952922e+02 3.968258548051359185e+02 -5.485865051243763446e-01 7.896211008469064541e-02
3.325548431081095373e+02 1.087405189555775678e+03 -3.256663173201018984e-03 -1.990103082683316107e-02
3.095977504790130297e+02 6.067352196476333575e+02 7.959920373413170713e-03 1.111393278909480814e-03
1.169440877936633569e+03 3.689663668126573270e+02 -2.233065850179069556e-02 2.921735632099009203e-02
2.764165318795023722e+02 4.363540714178634516e+02 4.618184510035977519e-02 9.729213660385159501e-02
2.752346575223793934e+02 6.236524138769052570e+02 2.502218135222424034e-03 2.168143635960386763e-03
3.397308678225151652e+02 1.089420112966478200e+03 2.160869705120815193e-03 -2.918089271142799632e-03
4.765140077502541658e+02 4.461948974513479129e+02 -1.090584587509281889e+00 4.487936198905079221e-01
3.105045444681636582e+02 6.211673007939890567e+02 2.583325822399729077e-03 -1.444903014251592947e-03
5.299867698236041633e+02 4.205289119405320548e+02 -4.797970805939280603e-01 1.487226374216420732e-01
1.174481802245268682e+03 2.080949379505880756e+02 -1.301006687284519438e-02 1.141397346035681430e-02
6.053364583640975525e+02 4.138889312483741492e+02 -4.889297584166980015e-01 6.984103671802957547e-02
2.722747066314759081e+02 6.603792731194325825e+02 1.767142563964922968e-04 -8.862384771687895069e-03
2.619911386568531384e+02 6.978316221571948290e+02 1.237996708837137312e-03 9.882067862527533358e-03
7.411254761377242630e+02 3.665737940312424143e+02 -3.597973904509476073e-01 8.723697726222015558e-02
8.427582030169155587e+02 8.756001343090215414e+02 4.791304406672164395e-01 -1.897538841593237879e-01
6.215162661667393422e+02 4.020386376555514971e+02 -4.547629823883779787e-01 7.724880841881247295e-02
8.620816165940539122e+02 8.683021798075124025e+02 4.667676767892935952e-01 -2.121860649774769680e-01
2.337082017045149485e+02 7.121934686275908462e+02 1.334906806113392687e-03 1.210942305334302208e-02
9.871565064500335893e+02 8.522709196496443838e+02 6.253124604625122096e-01 -1.454165397648250757e-01
5.339905662303101508e+02 4.263929594365335447e+02 -5.302387471211706949e-01 1.176744187323397334e-01
2.394673540304244170e+02 6.037463564505557088e+02 6.335900686617651403e-04 1.635898913009711613e-04
2.973598043624901379e+02 6.548589321634789258e+02 -1.163325295717956192e-03 2.869258625034292083e-03
7.133940804167830265e+02 3.601156911886559442e+02 -3.480079031060817618e-01 9.774577495328300170e-02
2.364201612202983824e+02 6.205665189949215801e+02 -2.070391241777216288e-03 2.482627637650378950e-03
3.247157157382193873e+02 6.089036319876046264e+02 9.977601785044723677e-04 -8.900603033315756391e-03
8.173792092494726376e+02 8.987793258202929110e+02 4.072303843120592126e-01 -1.612725796034539805e-01
1.141897413748101599e+03 1.888865340144984089e+02 4.296783414108878985e-02 -2.642163404411150898e-02
3.952577813058448442e+02 5.184524422639103705e+02 5.775242351529736862e-01 -1.987000670986856232e-02
8.379798077872608246e+02 8.871905360827762479e+02 3.936526519621115772e-01 -1.848348364128840626e-01
1.107688342631527348e+03 3.266997122199625778e+02 1.035055298962331630e-02 -3.578621143417151998e-03
2.673332753306906397e+02 4.197569028369713919e+02 -3.852018099646309455e-03 2.427127903896496020e-01
2.816172225158029505e+02 4.118982016036604250e+02 8.860769227625032995e-02 1.415069378738072481e-01
2.832650742472982870e+02 6.786559886257882681e+02 -4.214761440767453814e-03 -5.409910956062292031e-04
9.166190501133196449e+02 8.481755180475720408e+02 5.249292120596116273e-01 -1.905416436176795847e-01
7.871828673865048813e+02 8.984459619614167423e+02 4.450471970761996077e-01 -2.030533273035801667e-01
8.332835329092495158e+02 8.951847272136366200e+02 3.834374575634343363e-01 -2.024556885549368412e-01
2.590403750154370641e+02 4.056690895625892495e+02 3.021405815705198797e-02 1.376618929137959080e-01
1.121117263244631886e+03 3.272577874163095544e+02 2.046550952769339777e-04 9.937178297409129946e-04
2.527998879179899063e+02 5.791294876477890057e+02 -3.492343045325138791e-03 6.979996796315948542e-03
2.505699229914535806e+02 4.240108198860903599e+02 -1.533872982544944030e-01 -2.914618501364474867e-01
1.169239827508359895e+03 2.448618667201973835e+02 7.207889134496335386e-03 -2.021082916965554616e-02
3.138197956397900725e+02 5.368413110693074941e+02 7.331578807059549452e-03 -4.731724212514662746e-05
5.791496494825278205e+02 4.023872817747930526e+02 -5.356012542529704490e-01 8.921074742805515378e-02
6.856441431583168651e+02 3.794570014860852325e+02 -2.882258807766726605e-01 1.670371271151455950e-01
9.875990975341303511e+02 3.737337562055782882e+02 6.911379761005930628e-03 9.967867221861848384e-03
4.968593246638639584e+02 4.450131243334037663e+02 -5.338955609341500264e-01 2.586882771910578027e-01
3.222032359647338922e+02 1.081883348238471399e+03 -7.937650753683894028e-03 -3.047726121392338190e-03
9.369057222282383464e+02 8.325123602598930574e+02 5.323738483721318637e-01 -2.249779383289546020e-01
1.116724513760420450e+03 3.099883554877563370e+02 -5.247731353867745273e-03 1.134165541779480826e-02
8.163231415926535419e+02 8.865609287130300800e+02 4.721878521394453632e-01 -1.900287538513062424e-01
2.749417359326881183e+02 3.929947450937640383e+02 -1.485465845725272675e-02 8.187568600758333981e-02
1.212960455957776048e+03 2.108330065204324342e+02 -1.447687070916313379e-02 2.850350261719022948e-02
2.654067061556558542e+02 5.595402664397329318e+02 -4.010598384483463064e-03 -9.892937044270130181e-03
2.766507619730966212e+02 6.742570954450803811e+02 -1.266659147483218187e-03 -5.650159560334463808e-03
6.968831642892674836e+02 4.025091805137604410e+02 -3.514727854160085152e-01 9.432872929660379713e-02
2.129562973055418809e+02 5.161853946716410064e+02 -4.155713149468074318e-03 -9.853761643895078692e-03
2.986481297373180723e+02 5.762584227450860226e+02 4.835048358777745137e-03 -5.294370476090395038e-03
1.173000229676087201e+03 3.567996337438972887e+02 -2.967153457438153046e-03 6.870605550913373195e-03
3.192062908569670299e+02 1.085542996947279562e+03 -8.562675800674534113e-03 1.193170127694744703e-02
7.147227298748895237e+02 3.706802017582946860e+02 -3.450269297744265606e-01 8.749151550858644266e-02
1.146569704518585922e+03 2.474757395818313341e+02 1.364303383128446026e-02 -6.588331341240034715e-03
1.088749071015794698e+03 2.027813161886211617e+02 9.185429870328361626e-03 1.435263178087881411e-02
2.639980362857374985e+02 6.763001956225427875e+02 -1.432155744776093635e-02 -4.356733821234031086e-03
8.946331908336940160e+02 3.647218163687516608e+02 5.177566893268032988e-01 -1.991147958563100617e-01
1.127204419838672948e+03 3.522991718231648406e+02 8.539994906020255405e-02 -8.645665953692271977e-02
2.647350285130316365e+02 5.479456095389264192e+02 -1.771613322526574465e-03 -2.825162759234215240e-02
2.975003167338887806e+02 5.641580282323176334e+02 2.235833151282444475e-03 -2.226634618410562247e-02
2.628893026977175964e+02 3.753302693748892693e+02 1.777768819572778450e-02 3.209408516507476078e-02
7.547367220606396359e+02 3.589231549642602204e+02 -3.749249611806761417e-01 7.522495079187158096e-02
5.387353589201107980e+02 4.138146755153610457e+02 -6.785752354673620923e-01 8.255193144118200266e-02
2.582431367689209196e+02 5.855486318204279996e+02 -2.078417918435679877e-03 4.624458147180904311e-03
1.182923954957949491e+03 2.347016059834605812e+02 -6.216900412649164001e-03 3.664959203103877652e-03
1.195545852748912012e+03 1.886143392494409170e+02 5.174440766734165510e-03 9.057292871645613100e-03
7.723899673014985865e+02 9.291076274262040897e+02 4.534103590659719907e-01 -1.828802805544394727e-01
9.792766798196234959e+02 3.411749391098539377e+02 6.115174420302258440e-01 -2.479972996487061765e-01
9.409113956237254115e+02 3.177340694373826295e+02 -5.478971186002642435e-01 2.454202592730128640e-01
3.071520470756763643e+02 5.729368801436017975e+02 4.255899672883888853e-03 -1.185640372908676292e-02
4.634910913627564355e+02 3.927110256580692180e+02 2.101818913975912224e-06 1.874891693500337509e-03
7.351738237765758868e+02 4.176667613166122237e+02 4.281753063565760797e-01 -1.452105105381577277e-01
2.760719224844574455e+02 7.011011493664112777e+02 1.885952198561557155e-03 5.689259295336071900e-03
7.203016278181876260e+02 3.853601231575263455e+02 -3.900989498089370011e-01 1.506307955922386310e-01
2.548104487890342114e+02 3.667526536790354044e+02 1.052543573788206760e-02 3.432398395283044884e-02
1.080163684567442488e+03 1.975273373118930067e+02 1.891616441201285359e-02 2.036356259375145944e-03
2.484167334181281035e+02 4.772860809902689425e+02 -8.655433966531867265e-03 9.508621617923457281e-03
2.187782076606400210e+02 5.803951943901751065e+02 6.759645409003118589e-03 9.068572914023404277e-03
7.247498997215504914e+02 3.771176483219720694e+02 -3.756639653656174138e-01 1.584623715329203653e-01
8.828429990586233771e+02 8.936430306251985485e+02 4.589891466157597355e-01 -2.175579497462233058e-01
7.515638146694941497e+02 3.573202131369234280e+02 -3.466716134280026784e-01 8.557610432029211234e-02
1.009339728501246100e+03 8.461978429732545237e+02 7.340534264071034709e-01 -2.054717572722729035e-01
1.064858053712054016e+03 2.121638318165959163e+02 7.267034868168548243e-04 9.165630577130476353e-03
2.641599796035983445e+02 6.284530424586910158e+02 -3.293305015493181017e-04 -1.773026838108001518e-02
8.167476598713617477e+02 9.051476340623046326e+02 3.942530106562414094e-01 -1.734581134787495094e-01
2.996587349405927512e+02 5.940593547542493980e+02 -1.845129052501554142e-03 -6.522984982198202879e-03
2.651289996866304932e+02 4.493869665910172557e+02 -1.368591498619806633e-02 -2.231158686220045539e-01
7.604563998848602751e+02 9.313622103056871993e+02 3.946622338964689836e-01 -2.362454892686761121e-01
2.746091179863684602e+02 5.410812923138989845e+02 3.374179261831866238e-03 -1.688478114358688952e-03
4.710007249747813489e+02 4.831749056855773574e+02 -6.603547089750170240e-01 2.619996591204007408e-01
6.935094362214622379e+02 9.991602066955429109e+02 -5.258894215806553252e-01 2.146095449791546594e-01
1.989918935354413350e+02 7.059774056641483639e+02 -4.215254744130532243e-03 -3.292362618803018007e-03
1.976270030717971338e+02 5.801807905102939458e+02 9.571564354798951790e-02 7.202122607096309026e-02
6.565858622397435056e+02 3.927329120487764271e+02 -3.332468463430980909e-01 1.476191088698435572e-01
5.550659303434698586e+02 1.064172764278976501e+03 -6.799650563282475524e-01 3.253100596084190221e-01
2.150824285132264890e+02 7.160542722592310838e+02 1.026689903872776699e-02 2.674959851977332104e-02
1.068571933536297138e+03 2.632827402032606869e+02 2.249909647718037475e-01 1.624551366767674754e-01
7.174544381500834334e+02 9.339838551890320559e+02 4.462526233556394217e-01 -1.460269801076098661e-01
5.230773183155152992e+02 4.753576858374173071e+02 -5.917243117765829119e-01 2.691840329378201724e-01
2.237663728019503537e+02 6.579077691100219454e+02 -5.450876138420617315e-03 -2.876238857724463648e-04
7.129529051033345013e+02 9.876240070087429785e+02 -5.869297287053422130e-01 2.109046043043778518e-01
2.502054763057873004e+02 4.091316576220986008e+02 -9.719054144933368666e-02 -3.130625586439153563e-01
7.663293279830211304e+02 3.813351221371563042e+02 -4.875840064129632889e-01 1.456133901663522467e-01
1.165181280691718030e+03 3.485767548957499571e+02 -8.178021655058358846e-03 2.772647252104513266e-02
2.865397745014182647e+02 6.312229022159366423e+02 1.051226370801860814e-02 3.464986264228934326e-02
2.505403003742395640e+02 5.958289843432010002e+02 -3.818140336025775163e-03 9.062335021329739546e-03
1.048230207179849458e+03 1.767574971750579778e+02 2.964786935405241616e-03 -3.638399520604374340e-03
1.074119058947636859e+03 3.204122192927754895e+02 -6.739203773953128182e-03 4.322575039636133293e-03
3.179878089319899459e+02 5.677512878031596983e+02 1.158762169496462338e-02 -1.883324813845076856e-03
2.476885212485906607e+02 5.798237307744569762e+02 1.525613648405735670e-02 5.507923149949501239e-03
7.930446026791565828e+02 9.499898590195948600e+02 -4.672616491321044951e-01 2.095565553948060822e-01
1.046122864431511516e+03 1.576737922602530375e+02 1.239656495751304544e-01 -1.173877087644215056e-01
2.693691143992576826e+02 3.526146075712323409e+02 -4.811088458474373855e-06 6.238407364367161943e-03
2.750283400701763981e+02 5.851302514249464366e+02 5.054041847665532820e-03 5.641117929449497581e-03
2.529660313774043630e+02 3.341920632231314698e+02 2.715240966819460703e-03 -1.148435049434071847e-02
2.468375544294408996e+02 3.430039856880759999e+02 -5.118263044312355934e-04 9.380488343104294302e-03
7.217598100129456498e+02 9.767421734896544194e+02 -5.718509340280578668e-01 2.129597028944180126e-01
1.000386788507425422e+03 8.350053211212427868e+02 5.626931232754288636e-01 -1.850809820533764749e-01
8.247282035493344665e+02 1.102179285993803887e+03 -7.101775203621102947e-05 -3.060055942407218237e-04
2.428460135961909145e+02 5.172968945317015823e+02 -2.686201813959021925e-02 2.540628114427543466e-02
1.140838284239634049e+03 3.382289637977025336e+02 -2.003923434959589082e-03 -3.943481849823416048e-03
2.158416119243472338e+02 7.311266607651842833e+02 -9.503352252613075923e-03 8.097084256896418253e-03
2.855372446581789063e+02 5.730196137618511329e+02 -1.746836318699420678e-03 9.533903123017601136e-03
8.018712223885618187e+02 9.428889637497341027e+02 -4.475676575718616212e-01 2.110365492055869818e-01
1.168985450675359289e+03 1.513578373722316428e+02 -2.596474903049227501e-03 2.176164297930366365e-02
1.263305122575210589e+03 3.657837463287478386e+02 9.561531660730709578e-03 -5.322880268922160034e-03
7.525269158042990512e+02 9.475728974741683714e+02 4.104687396068467109e-01 -1.935696203280508343e-01
2.544089637501963637e+02 5.264533002041243890e+02 -7.184786005857201306e-03 -6.187499395235424200e-03
7.733374516154311777e+02 9.060936467678056943e+02 4.208846520862074003e-01 -2.211399687178241535e-01
2.712632889321361631e+02 6.715311699119181412e+02 -6.807872643910646560e-03 -1.649023770494183107e-03
2.935294817310755207e+02 5.171564780700380197e+02 -2.384206333556899374e-03 -3.896606961033924690e-03
7.004477100532335498e+02 3.711730637760644527e+02 -3.093565424011882614e-01 1.000266127812092232e-01
1.142745783467777528e+03 3.409590228278887025e+02 -6.756797833644452231e-03 -2.126000429485083200e-03
1.179073342018710719e+03 3.989876374436734636e+02 1.553130447271740093e-02 2.558212597778330641e-02
8.104360170505395899e+02 3.446188657732081424e+02 -4.140752315544013462e-01 1.763436988645516734e-01
1.129108345454857272e+03 3.237637470862021587e+02 7.824641962020671693e-03 -6.307749919507373536e-03
2.555223781749971010e+02 3.408663254548990835e+02 -5.635725093216845984e-03 -6.567388290121845018e-05
6.960371799219633431e+02 9.403596612401504444e+02 5.304394350547589898e-01 -1.998037149486784625e-01
4.541151583677497570e+02 4.546496329391991367e+02 -1.175837507478731059e+00 5.507124267153959973e-01
3.618780878484966479e+02 1.067242022240308188e+03 -1.642664300694413656e-03 -1.726109436146030509e-03
7.778373056591767636e+02 3.711088188421713312e+02 -3.248341693601801139e-01 1.702021789944994645e-01
7.835940484831027106e+02 3.751159227496140716e+02 -3.231718930609686624e-01 2.000240729066413981e-01
1.146979065881703036e+03 2.129321865560728213e+02 3.603470693148737303e-02 1.078073327575224949e-01
6.221954968154329890e+02 4.210081083588675597e+02 -4.231645018874763409e-01 8.402673961137227532e-02
3.058806487497020612e+02 4.957455356225167975e+02 -2.120119713347861853e-02 -1.931214714629349294e-02
2.492268771101572042e+02 6.841611777707728379e+02 -3.428048780818082012e-03 -2.146648533420204407e-03
1.166897577853946814e+03 2.383510604379570452e+02 -1.144449612666849705e-02 -6.591079446772511903e-03
3.689063753665523109e+02 1.065509224316311474e+03 1.230700662563828651e-02 -4.646187119981345253e-04
1.110503483415450773e+03 2.216719994555363371e+02 -3.646452560790541721e-03 1.289431769569688094e-02
1.207894233906391719e+03 2.205657568995623876e+02 -6.417824993496822929e-03 -1.119517583190046163e-02
2.275230140342189316e+02 7.317657497105465154e+02 3.408770835706587902e-03 7.807764802173056302e-03
7.021134626705755863e+02 9.493445568870203033e+02 4.975943356011661711e-01 -1.890560906343987935e-01
3.121241841540044106e+02 5.768372164414170129e+02 -3.992759635045583198e-03 -5.825067917173624987e-03
2.595744725896318528e+02 3.352080127679053021e+02 1.863365518280860143e-03 -2.578784101713424079e-02
5.039512022843757677e+02 4.598201466589529218e+02 -5.091837351096255571e-01 3.685560611382655005e-01
1.148874979093298180e+03 2.171121290559538295e+02 5.342187228148255473e-02 -3.143389015009731211e-03
1.085671559845402271e+03 3.411456171330078746e+02 4.424449311428171883e-03 7.077263098444116010e-03
2.188490176753771834e+02 6.635143797705951556e+02 6.570931465808141532e-03 2.362532298990469189e-03
1.026387102620934911e+03 8.163765396065972482e+02 5.888451216297418966e-01 -1.933516807462070664e-01
1.163172696172750875e+03 2.528558145694403834e+02 8.171538826215987011e-03 -4.741324805481196385e-03
1.153303440543427996e+03 2.219372548261526390e+02 3.321110162640270556e-03 -8.863261766745469949e-03
8.377969086691807661e+02 3.642247451196276984e+02 -4.488878692455617880e-01 1.525919943939274825e-01
2.549679784906863915e+02 4.350709383170460001e+02 -1.245171510905309642e-01 -2.596703927484496077e-01
2.695166987011319861e+02 4.711796090784989701e+02 3.455917299242801388e-02 -1.320834081647677127e-01
1.182189165417972390e+03 2.550674631142997555e+02 6.449622695450527368e-04 3.917036742745836665e-03
2.296102516400581806e+02 3.432680890186296097e+02 -1.111553848173570669e-01 -3.524278798211718522e-01
1.009938300540973387e+03 1.681900942092912032e+02 -1.228338353631749369e-01 -1.339290381503335792e-01
7.433597580835903500e+02 9.221115246960857803e+02 4.134693167312639139e-01 -1.704971532731369976e-01
2.156895887642617993e+02 7.232549355117189407e+02 2.751409227245164759e-03 -1.508867070642939089e-02
2.717722290335182720e+02 4.340891121016333614e+02 3.739929474295591166e-02 7.585239077147912234e-02
1.036463541364147886e+03 2.200661758377510466e+02 4.363111021941203788e-02 3.099306252359547709e-01
1.057998895367567684e+03 1.941698553796794897e+02 -2.109400623632861488e-02 3.160059563948793004e-02
1.204986495970185160e+03 2.053315291329697345e+02 2.072330299716839287e-03 -2.090700534014871843e-03
2.111936483011174630e+02 5.783787667153918619e+02 6.844307800884953837e-03 3.659304666153855978e-03
2.571799016234874102e+02 6.048527314861837567e+02 -7.389103357042747745e-04 4.380411098661242224e-03
2.187417655362561675e+02 5.932704025200390561e+02 -1.672706665532711356e-01 2.972088648972824876e-01
6.051549579201578126e+02 3.998134158472199715e+02 -4.960962381264148457e-01 8.886989052265369116e-02
2.309221570799199981e+02 5.696020288924264605e+02 1.481881653034863508e-02 1.062441872858018999e-01
2.446798931072445669e+02 7.611680610834422396e+02 -2.460117812687497105e-03 8.696095232145432258e-03
5.057082220915701782e+02 4.358315162643888812e+02 -5.824446133997804864e-01 2.006463688524385003e-01
2.274726519188943143e+02 5.639512502974048402e+02 6.202926724867946495e-02 8.072665440761847555e-02
8.108454887480734214e+02 3.290580759325696931e+02 -3.780741978342510579e-01 7.745704134060027446e-02
2.264374325068027076e+02 6.733201891590952073e+02 4.773412146092970176e-04 -7.033761611337062923e-03
8.348964514599169888e+02 9.386282283670087736e+02 -3.971474255801125675e-01 1.646017683110765628e-01
1.040655602150155801e+03 1.688231408398038411e+02 3.024076135374127814e-03 4.262848142524892567e-03
2.464863511172011385e+02 7.006449859071227593e+02 3.152174899252211532e-03 -8.154086211226229492e-04
1.089813940794070277e+03 2.712220615725638595e+02 2.542215509117525252e-01 3.425312752006556133e-02
2.694214999910256552e+02 4.976729415621196040e+02 4.870587907875500999e-02 -9.452519109882670523e-02
8.220355193476464137e+02 3.589606707524661147e+02 -4.161964622698119953e-01 1.602089770898497689e-01
2.604595136329476190e+02 3.277347532215937349e+02 1.080302453243181700e-03 -8.952556254590796764e-03
1.226163601648199119e+03 3.192248296373684298e+02 1.963496202036835447e-01 -6.689617873634558232e-02
3.766749915428456461e+02 5.437657761799421223e+02 1.490264964277095323e-02 -9.092317044953890370e-03
2.392668457702875173e+02 3.317333999863969893e+02 5.470828626940120107e-03 -2.413137168202460561e-02
9.687892772672362298e+02 8.389976418633996218e+02 5.509870657978835906e-01 -1.578457687880477356e-01
7.136281121371159770e+02 9.703590212757528661e+02 4.462477241124928606e-01 -2.344477183079975990e-01
1.183981637027817669e+03 3.773602521300023227e+02 -1.912970509185317122e-02 1.315725936996288703e-01
2.506892760482670042e+02 3.599991207885290692e+02 -9.850798337811115038e-03 -1.352569988405928972e-02
1.071978494034675350e+03 1.967282896693509144e+02 -8.600427242581105275e-03 1.184597076921998539e-02
9.044875416430114967e+01 3.615826594803759804e+02 -4.742524348170356827e-03 -4.031118513246259583e-02
2.059164743294395521e+02 6.065712055599992709e+02 -1.680581630981231589e-01 3.414967307526003415e-01
1.062030753482482169e+03 7.965223116854359660e+02 7.748193791548291243e-01 -2.358848754154685146e-01
6.050666820110158142e+02 4.325431247964266390e+02 -4.386567591369893715e-01 1.395628030106915440e-01
1.122268605052336397e+03 1.749295590294208012e+02 -4.442946358531656842e-02 -6.706835687031464932e-02
3.123222090662511050e+02 5.186744016242951147e+02 -5.658346671420271257e-01 2.250816755677725878e-01
1.190434045631713389e+03 2.275029512450463187e+02 -9.086350095357024342e-03 6.211481835606491586e-03
1.960784956785056750e+02 6.195734045405229153e+02 -2.757500281794923458e-01 3.627751693124057764e-01
2.969902078455071432e+02 5.502350984631133315e+02 1.925294944264310760e-03 4.795796173801694651e-02
8.439588138998652767e+02 9.233347988690945840e+02 -3.798440272275472318e-01 1.928748164950111199e-01
8.401787278548162021e+02 9.255038242472880938e+02 -4.178783009532840986e-01 1.604284807198571861e-01
8.625331655334813377e+02 9.175708570821020658e+02 -4.249231402033193383e-01 2.354187814095448639e-01
6.934846829820792209e+02 3.782906944273713634e+02 -2.590560493985274437e-01 1.373340102004583507e-01
2.107828978813409719e+02 7.259607017821783757e+02 -5.889857106120137712e-04 1.306240754926272195e-02
8.666553747350624235e+02 9.224212410064375263e+02 -4.214075056543331588e-01 2.427470985309488349e-01
5.705268676001454651e+02 1.047338008570923193e+03 -6.825776214317307300e-01 2.968699755831483156e-01
8.008315960820655164e+02 9.212038667542249186e+02 4.014139997765853174e-01 -1.495270039962665332e-01
2.481860524153138954e+02 3.878098553521849112e+02 -8.999719275062255386e-02 -3.745724389538155341e-01
1.221457417130423210e+03 3.110885052107960860e+02 2.008358750617146860e-01 -7.543971039696640950e-03
1.019683702915331082e+03 8.300676215855835380e+02 5.557982052691334829e-01 -1.727528695850970852e-01
1.265646969300831643e+03 2.040547604503307184e+02 -7.907053468285751363e-04 1.276127064253578750e-03
2.520554247368575602e+02 3.230885879401095053e+02 2.876167764116930106e-03 5.741052641547587584e-03
1.205796137727928681e+03 3.672081866760665889e+02 -6.144607709892183729e-04 -3.884459082780440664e-02
2.382199716803179683e+02 3.142616507148923688e+02 -5.612326962597024606e-03 -6.482917743411608681e-03
1.982026018096729274e+02 6.846586912189891336e+02 -6.547693728923559796e-03 1.995364419134364187e-02
8.901468165729395423e+02 9.036215517081038797e+02 -3.463617957090167065e-01 2.232582332824278593e-01
2.358507532025216165e+02 3.225641444201128252e+02 1.359020478993711077e-03 2.996827312030502649e-03
7.243202457327096226e+02 9.399424464899201439e+02 4.604997354623132089e-01 -1.692980998655677916e-01
1.129392602943061547e+03 2.224446117030546759e+02 6.834480950027511069e-03 -4.269336337737759078e-03
2.589914766416765133e+02 4.531210004809688598e+02 -6.558247851006457916e-04 3.521691173998556202e-04
6.193714953637731924e+02 9.359396761666509974e+02 6.089288833641373942e-05 1.436852860321535059e-04
2.827567451802484015e+02 5.586174432960633567e+02 1.906942170821798992e-03 -1.489110191335718189e-03
2.662037723855922877e+02 7.221497971067439039e+02 6.448836392968866973e-03 1.669614987915815293e-02
6.691217721985823346e+02 3.932506339499801129e+02 -3.042815251724390602e-01 1.299389131738656333e-01
1.021987478381561118e+03 3.249701474798252434e+02 6.018138530389715024e-01 -2.493454139505592027e-01
1.926935547189668227e+02 5.959902822178441966e+02 -1.784204623989619001e-02 1.623668106456664997e-02
1.155188803964030512e+03 2.473064228099998729e+02 -1.544546127684943808e-02 3.039971599792190213e-02
9.759628919850287048e+02 8.269106741992726484e+02 5.682928654173202698e-01 -1.569851612633018090e-01
8.688105678508030678e+02 3.083972374243128911e+02 -3.218849403837235612e-01 2.857798006932417700e-01
8.730956632698753310e+02 9.132612198542847182e+02 -4.773069358572564758e-01 1.766786855028538716e-01
6.462360687628649885e+02 4.213999907357005554e+02 -4.217203352941666927e-01 1.704056949385990005e-01
9.034129644136447723e+02 3.224462022214187868e+02 -3.436394036129270524e-01 2.654452528193102512e-01
2.610650718488760731e+02 6.601308155841929874e+02 -9.370573522203088160e-03 1.116358394196847494e-02
8.725814230010804522e+02 3.121935777692997931e+02 -3.612945353289018779e-01 3.036351850369984895e-01
1.211407445369280822e+03 2.345619963369442189e+02 3.724184574649497259e-02 -5.079070935915067087e-02
7.142189234305259333e+02 9.600618845126275573e+02 4.569471913190139567e-01 -2.626962621352222915e-01
7.826734537762343962e+02 4.897094578507253004e+02 5.057456790855032608e-03 1.497181888371099763e-03
8.826067118293231033e+02 3.328274883675552474e+02 -2.226098239847587035e-01 3.467031286839617477e-01
1.929385887868112093e+02 6.565875316191514912e+02 -1.916600690062550960e-01 3.461891910467813638e-01
9.021318717359915809e+02 8.988443999309813535e+02 -4.322751561226456651e-01 2.410015526998636748e-01
4.127995937872057652e+02 4.798003051005086377e+02 -7.034689987549759271e-01 1.457904223428722612e-01
1.075944894695875064e+03 1.714024253252681547e+02 2.925880088083422301e-02 -2.879517517722277389e-02
9.678192752686904896e+02 7.427615468263134062e+02 3.154934600896166022e-03 -5.990535672332620090e-03
2.770429896768034155e+02 4.431192809489480737e+02 2.937179445805979117e-02 1.021976011489098002e-01
6.832775375001623388e+02 9.234415807545782400e+02 -1.110321590055243890e+00 4.573116729136123548e-01
8.762351289051522372e+02 9.181352871636991040e+02 -4.525032994890965110e-01 1.700241733900532681e-01
7.308146549720474923e+02 4.115547497362680929e+02 4.586949856808900106e-01 -1.514834234504910948e-01
1.160408874787574632e+03 1.928508534543942687e+02 2.151568338889197837e-02 -1.328944726902301027e-03
1.129882258780663278e+03 2.031598097013876725e+02 1.635445008189255478e-01 1.142341434662791921e-01
2.779416170301115017e+02 4.517272269363490409e+02 3.329802955210083015e-02 1.061537821171164575e-01
1.124008680532874223e+03 3.393243142929394480e+02 -5.885525702283437958e-03 -4.903389294645083690e-03
9.006106314664743877e+02 3.697808002362485809e+02 5.217495264369085284e-01 -2.215064611208266698e-01
2.521762809927379010e+02 5.097276748389981549e+02 -1.707113254491360657e-02 -4.413997733482993152e-02
2.798604916340765385e+02 5.476244833420468012e+02 2.672539546147793908e-03 1.198932095944498302e-02
1.001279943600702268e+03 2.394293337401683743e+02 1.100416128489674489e-01 3.650656374142022265e-01
2.584741095961161932e+02 5.651499317219868317e+02 -1.904157162605000370e-02 -2.066310884444673879e-04
9.869661885160071506e+02 8.147874010496336723e+02 8.365827376228222034e-01 -3.679448110690868301e-01
1.203291919723215415e+03 1.983480146346603306e+02 9.708373635512183852e-03 5.463120090994515356e-05
2.715964087612219373e+02 4.490710377684454215e+02 -6.697911663870359522e-02 -1.710000936082199385e-01
2.584761076513133276e+02 6.275285992093812411e+02 3.715091654166736632e-03 1.276924595783884321e-02
1.214651082441260542e+03 2.543368859087180738e+02 -1.692987640155866474e-02 4.950359131161031351e-02
6.727122695672269401e+02 4.374562114915399320e+02 7.684607870299379195e-01 -1.464965498576977498e-01
1.085125102724314957e+03 2.099855786748109949e+02 2.867783872750238883e-02 1.607868947303500023e-02
1.206587143661369282e+03 4.244313657672498152e+02 -1.614254883879586572e-03 2.382739934546970230e-03
5.302579299508922759e+02 5.823376093251110888e+02 -7.226831171510189264e-04 6.282979755748990683e-04
5.292736544056041339e+02 1.020431974695886311e+03 3.873183100295519155e-01 -1.839850290655091758e-01
2.105941315107905325e+02 7.179509501439479209e+02 9.483737448642887060e-04 -1.272027086249163637e-03
1.940203285920690917e+02 3.192854255347620551e+02 -4.332878739994679867e-04 -5.153941920228378217e-05
2.951799532737615550e+02 4.689624595913505800e+02 2.975680569081005922e-02 2.391588658097781872e-01
8.480255674846511056e+02 3.237840460308591446e+02 -4.084696628757309433e-01 4.200164189700988371e-01
1.251090903670524995e+03 3.135900629938710154e+02 2.060473490874364377e-01 4.280172189851665782e-02
2.662018549311592892e+02 4.707205201037050415e+02 4.157525819938304168e-02 -1.325095829942957715e-01
1.015347273299516360e+03 3.400189002415132222e+02 6.049523638672891224e-01 -2.243953663744681915e-01
2.283674744358756357e+02 6.861431846799068808e+02 -7.372873744483883019e-04 -5.479870217535483951e-04
5.283829708384532751e+02 4.629553579131813308e+02 -5.624339071229503828e-01 2.333616487995255340e-01
1.161042616052842504e+03 2.316464708432515920e+02 1.880440826319878383e-02 8.096951744054161834e-03
2.097723751658923277e+02 5.520653172539514344e+02 -3.635216294755164723e-01 1.061418365685562748e-01
6.789774770571264071e+02 3.907298082046299328e+02 -3.608081360232686663e-01 1.161295379539220296e-01
8.424512062912532429e+02 3.159280478055920298e+02 -4.104648518733362006e-01 3.852119072781811648e-01
2.951015383100335043e+02 5.332348542577974513e+02 -3.476016332009442683e-04 -5.650969721384649543e-03
9.536986702433811161e+02 3.454885662814920124e+02 6.395850025037339570e-01 -2.421839678700356824e-01
1.094396401052015335e+03 1.702265515577026633e+02 6.829849177910375657e-02 1.069944616688372763e-01
1.120495460746695699e+03 2.160607876503909210e+02 4.666600690942425585e-03 -1.128263819841304446e-03
1.108776376159213214e+03 2.339312531689837442e+02 -2.290538922466337293e-02 3.591973682111162386e-02
8.885131393686828005e+02 8.651020901615801222e+02 4.409299986955566575e-01 -2.288826750265904042e-01
6.905970142345692011e+02 3.892423050559272610e+02 -3.662993061530455119e-01 1.003980068021637639e-01
9.558678102346702872e+02 8.600756508829815630e+02 5.374857404438326824e-01 -1.902101474587808150e-01
9.763307805108153161e+02 3.327873845216323616e+02 6.097727921361872916e-01 -2.475507538305006527e-01
2.694857926125990844e+02 5.555657053669258403e+02 6.189599982106566700e-03 3.743262693464797543e-03
1.135550725554467590e+03 3.616126561457306821e+02 -6.232538545931999401e-03 3.810099514698597062e-03
6.701108668922754532e+02 9.739409047352254447e+02 7.053621894196741016e-01 -3.479582947295725703e-01
2.604412211883608848e+02 5.753390505092635294e+02 4.212774690027363232e-03 -1.864134345264416640e-02
2.623578779253088555e+02 7.082361077210144913e+02 2.911376078063452645e-03 -2.145031486263925761e-03
6.804378921961091464e+02 9.732559942983014025e+02 7.564979576589861976e-01 -3.799499835980060802e-01
1.042678889816734454e+03 2.527123400866618113e+02 2.341142388547430842e-01 2.268654501517737565e-01
8.822896483650289383e+02 3.415883434134250365e+02 -2.267940327734955241e-01 3.535980062481462460e-01
1.139674564246894988e+03 2.652205036095127184e+02 5.075530464654309792e-01 5.540061319306509822e-03
1.081195196013147552e+03 3.140575938371125062e+02 -7.511989169676897699e-03 1.111933379648421920e-02
8.377269954723128649e+02 9.112669472458049995e+02 3.597523462970891872e-01 -2.077201153794449306e-01
8.826661973137572659e+02 8.615588242817198079e+02 4.333611268454282128e-01 -2.427267289874117107e-01
1.053345852830452941e+03 2.295514380316345751e+02 -4.393110528651842372e-01 -2.101780233360866779e-01
2.587363644870606549e+02 4.582465396793428454e+02 -4.969273272206351823e-03 -6.078200237356673127e-03
2.824997126660381923e+02 4.668559428971137208e+02 4.239585058597991618e-02 1.593550309510226026e-01
8.913046468770326101e+02 3.883201998015427989e+02 5.263524001486328263e-01 -1.394677713970964850e-01
8.940499942311624864e+02 8.795995053911993864e+02 4.388838614809703054e-01 -1.744452651300135437e-01
1.285063672305832370e+03 3.675153271722563204e+02 2.570481070200336324e-03 -4.128108197708363694e-03
1.249722790257924316e+03 3.485993191610128861e+02 -6.763274472366830221e-03 7.752474555460220872e-04
1.102146056418385342e+03 2.179767901027570645e+02 -1.778985992066934967e-03 -3.455073257428991230e-03
1.237112687895353702e+03 2.946381366820749008e+02 4.068698822074660881e-03 -2.547344372106131929e-03
1.102605359076358127e+03 2.959636152053616343e+02 1.817153582090321601e-02 5.464478589892610497e-03
2.439207874479953091e+02 3.129872350950993223e+02 -3.882280489406331105e-03 -5.594497490215592436e-03
3.241526576874782108e+02 5.550667154822569955e+02 5.884986887742730405e-02 -2.726131491458950919e-03
2.548776258433029227e+02 6.835436147000474421e+02 -3.954658381345136243e-04 -1.394189483859675088e-03
3.699033123013070394e+02 1.086026303358950827e+03 -2.176216084717340262e-03 1.199670863933092503e-03
9.340835513197881710e+02 3.694861893570407005e+02 5.880061730319059432e-01 -2.500456557784027090e-01
2.602619346180433695e+02 3.676366539402548028e+02 7.224187082967866054e-03 1.764843784391616557e-02
3.386673967015631206e+02 5.046491246767005805e+02 -6.263436485947370125e-01 1.926195052728263968e-01
7.368290721370357232e+02 9.352900081363109166e+02 3.901153913890030300e-01 -1.501568355496126772e-01
2.814207275971679110e+02 4.777840499283940972e+02 -2.114752620794584786e-02 2.089942157418019086e-01
1.153408998373590975e+03 1.449422485833353278e+02 4.064805109735088531e-03 -6.187849731728388425e-03
1.166693569613151112e+03 1.932281318159694479e+02 6.843697532488450183e-03 -9.720309857807805584e-03
1.008096274697907916e+03 2.114448733572810397e+02 6.710126351914359744e-02 2.067190022550309259e-01
1.109567422747826186e+03 3.205237497811721141e+02 1.797870499643806214e-02 -1.536111654321631705e-04
7.618463103989059846e+02 9.700806755551515153e+02 -4.783957544451663546e-01 1.839589139619255964e-01
2.987482294561657454e+02 5.150716240869700187e+02 -6.188792125134577431e-03 -4.113214615457682667e-03
1.176133421297108953e+03 3.239910866319236220e+02 9.266037643886301800e-02 2.033561192423564978e-02
5.050055556378837878e+02 1.091413949998800717e+03 -6.418884705250416101e-01 3.565563865218264739e-01
1.204525020963193811e+03 2.800000495545166359e+02 -1.183813049335122498e-02 1.405289178886406400e-02
1.137320451685564421e+03 2.149978742987770204e+02 -5.244374879764856882e-03 2.328396130506874342e-02
2.162820008031057739e+02 7.553070484843119630e+02 -5.794768537258629566e-03 5.167862346038733755e-03
3.144642064023493049e+02 5.539651681876376870e+02 4.322996819430983961e-02 -2.375633195019490052e-02
2.449277400987707836e+02 5.726145054791727489e+02 1.899531777866078908e-01 -3.871393884485427317e-01
1.085127281692538645e+03 1.650812056007463582e+02 7.201887968305374643e-02 7.031188814905963737e-03
1.132966868094866413e+03 2.420150944205887527e+02 1.363258611190578361e-02 -1.675726907189380513e-02
1.095698625221767543e+03 1.836741989660988565e+02 -4.382561351614712442e-02 -5.351602181834952399e-02
7.104150769103282528e+02 4.288380392415157303e+02 6.770205531885920003e-01 -1.728921232292115195e-01
3.786458673601756004e+02 1.083850393406342846e+03 8.108694494622044335e-03 -1.849196371717250209e-02
8.634221443600251860e+02 3.671925163397447704e+02 5.635477259328545152e-01 -1.472196694088608593e-01
1.068348497095687208e+03 1.762357643931281643e+02 4.417707438280540216e-02 -6.662018265912969528e-02
2.899758541588046796e+02 6.281430745892099594e+02 -7.608199654079821073e-03 -7.553813755577612997e-03
8.685108606015452324e+02 6.324617079901557872e+02 -8.898296481841651631e-04 -9.046161331642645683e-04
1.516149014345681962e+02 4.551438550601996553e+02 3.270674079310042798e-03 -2.567857682500892453e-05
1.171834581979689574e+03 2.093458675185499089e+02 -7.550819447175566301e-02 1.865966372248026861e-01
1.175721033110650296e+03 3.837184726674018975e+02 3.411241821040766203e-02 -3.808682682158869015e-02
2.430772190309575933e+02 7.216843665468118161e+02 1.940006160515901548e-03 1.289928364161427874e-03
1.075058154193560767e+03 2.259322411797955112e+02 4.227329266743956940e-03 1.002787637890880518e-03
1.197986467471905826e+03 3.776149132468721064e+02 4.827198750236035940e-04 -7.248741277998427615e-03
1.188994834600225431e+03 3.884398963666172904e+02 -2.472231733111917781e-02 -1.157063419202119248e-01
8.193185961218022157e+02 9.232350150043181429e+02 3.773282536339631621e-01 -1.991535861079784253e-01
2.373269092183937232e+02 5.841165518961006455e+02 1.784898021758929698e-01 -4.114468942934549900e-01
8.182010889720888827e+02 9.135393165927798691e+02 3.783684337617900795e-01 -1.913257188984847645e-01
1.068090049621575190e+03 3.204498139022376790e+02 1.118086439921153448e-03 -3.198964630145144285e-03
1.212338232110751051e+03 3.723013721180291213e+02 -6.197125394050594614e-03 1.544845229796122828e-02
2.336060479656406415e+02 6.938765900495956203e+02 2.543232191005519757e-04 -3.398586681324820228e-04
8.079835235830121292e+02 6.436687153485924000e+02 3.650644790684622141e-04 -9.387484369226242655e-04
2.517660440169558740e+02 3.003431741569580140e+02 3.719053742146613203e-03 -2.380867275621317055e-03
8.752510001930029375e+02 3.784966220361587830e+02 5.606257634612771268e-01 -2.895396062465745990e-01
1.182475035411794579e+03 1.837901662397808593e+02 1.630728324286819528e-03 -5.798582575213479320e-03
1.193218092454032558e+03 3.243291025813991268e+02 -1.387361742951662364e-03 -1.336025035059400061e-03
8.668952675992201193e+02 8.778370940611392825e+02 4.519415782421611349e-01 -1.816472085650968904e-01
6.845206943398744670e+02 4.078309109897513167e+02 -4.079504351576160315e-01 1.009436965285576415e-01
1.199741948707685879e+03 2.452380127356597939e+02 1.548707580493308015e-03 -9.539510330779026742e-03
2.793783680785265346e+02 5.605180237065313804e+02 -1.744200400469366006e-03 -1.971087641821456932e-03
2.496319818693474701e+02 5.275723244566706853e+02 1.221047842100903350e-02 -1.076453222726560938e-03
2.041130191791970390e+02 5.373757861447992354e+02 1.848087195423908924e-01 2.695129477973557397e-01
8.971776496506748799e+02 8.868519056457585066e+02 4.081912357011477366e-01 -1.699791823077658193e-01
5.258004061894005190e+02 4.837599794994559375e+02 1.782680004959863451e-01 -7.249601055233899360e-02
1.239415143406291463e+03 3.208636477993385370e+02 1.721409671153205645e-01 1.853448832742114402e-02
1.121323355690103426e+03 1.576890958313794897e+02 -3.877186682412945944e-03 -2.632925702269826862e-03
1.161907080303710472e+03 2.021504304988194747e+02 6.160545240165879281e-03 -1.666782448907695377e-02
1.246481384073148774e+03 2.879173105308860272e+02 1.776741249454296279e-03 2.361724838940877647e-03
8.215497778615253992e+02 4.032114013343636429e+02 5.043908137807763259e-01 -1.711479979536106588e-01
9.464955169829421493e+02 8.870455903051284849e+02 -5.612538931789521346e-01 2.760240389005099715e-01
3.706665099871916027e+02 1.099070695746413776e+03 -6.619204571840179435e-04 -8.131756440227288834e-04
9.182136676567515678e+02 1.102572342528610307e+03 1.216792211567231359e-03 -1.820649316112682556e-04
1.163721199164190239e+03 3.094110361289172033e+02 1.351004493051750355e-01 9.818824911580761872e-02
5.168496036761123378e+02 4.621144812016421497e+02 -6.171741235843674067e-01 2.512614900089732428e-01
1.222711850778032840e+03 3.568131963132049123e+02 -1.674195290408335771e-02 -1.266749709685486246e-02
2.504705982509055957e+02 6.990739098773457272e+02 4.820012235806153070e-04 5.647998178497656510e-05
2.129546234665079396e+02 5.403455898381760107e+02 1.679763018411939701e-01 3.287178103885197156e-01
1.111497385091203114e+03 3.282837029173830388e+02 6.336053756292518539e-04 -2.370160465644777139e-03
9.187838843686775192e+01 3.610643902177945961e+02 -8.892967771403996989e-04 3.331643147478166849e-03
1.062576530315226591e+03 1.693076608799811993e+02 -5.855854743494641251e-04 6.589965185502177913e-02
8.324562859673437742e+02 9.327597607294909494e+02 -3.574617250614545716e-01 1.497101764695060455e-01
1.048980169981395875e+03 1.634406920465616508e+02 -5.297994838233220129e-03 1.284252685056906131e-02
1.174273745683475909e+03 3.150923476117148425e+02 1.270871785219120642e-01 3.609424760619594358e-02
1.256611053949468669e+03 3.713597597826502010e+02 -2.035647041063389229e-01 1.646838904029173378e-01
2.730837574974167410e+02 5.627254688329988994e+02 -5.592112990867273859e-04 3.153848094464340324e-03
3.021196736064924266e+02 4.667672887221750671e+02 -1.540319425103046647e-01 -2.249231863350400484e-01
1.130620995072110190e+03 2.157282876402082366e+02 5.671172362923190130e-03 1.161175267705629073e-02
2.934780720968947776e+02 6.142107072021666454e+02 -1.758488214502201699e-03 -6.215873201089118678e-03
8.462269458945320366e+02 8.918544339055599721e+02 3.589509453961938767e-01 -2.539287903148598757e-01
2.472160289270747455e+02 5.218385218330665793e+02 2.746711587147697420e-03 1.231987344800643909e-03
2.784705349492552386e+02 4.030663890457434491e+02 9.499221997498802708e-03 8.890611162251677024e-02
1.240687848079955756e+03 3.653158476118223348e+02 -8.916771922432047614e-04 1.725412715700258559e-03
4.017839477078403547e+02 5.136935654970816358e+02 5.869042144112526227e-01 -2.651047281296366187e-02
2.335971272043112776e+02 5.939999996821352397e+02 2.411689857775866641e-01 -4.247870243966881398e-01
9.110841644681016760e+02 3.327413106683063688e+02 -3.554367795706711575e-01 2.870179073952611182e-01
2.325199889022171362e+02 2.981333074691860929e+02 -1.675987591679608830e-03 4.763523235957415475e-04
5.752178242856758743e+02 1.053959604678274673e+03 -6.802815520562109919e-01 2.699326098194532175e-01
1.176632670437923252e+03 1.766274447854252685e+02 -1.018131790940537788e-02 1.353104252432398708e-02
5.116375035411910517e+02 4.521658566849839076e+02 -5.516064953980898133e-01 2.800252047866775285e-01
3.022243032422925353e+02 5.824630493129087654e+02 6.881583873766570526e-03 8.775227479698667968e-03
2.248878764498637111e+02 5.994552665571151238e+02 -1.570883779317220064e-01 2.467040056296944950e-01
2.038545707910518843e+02 5.689806811437618990e+02 -2.840312812418936683e-02 -2.422305935498208218e-01
5.447153667487295934e+02 1.029160785871694998e+03 4.965857560934174297e-01 -3.258363290691961289e-01
1.064717286981436928e+03 2.003073394793726152e+02 -3.378281179752460651e-03 -3.960061620404357191e-03
2.458339676926696029e+02 3.076950387684565840e+02 -1.266647655171960693e-02 -5.266091611179598425e-02
1.138711486872258547e+03 1.992080819558756559e+02 1.592851106534426686e-01 8.061834366283687769e-02
8.600743060198572039e+02 3.762162455443154840e+02 5.393956650198432623e-01 -2.052197335868952699e-01
1.056784086097753516e+03 1.761791256684956863e+02 1.207696604597634227e-02 -9.673597053537972808e-04
2.615133075276916657e+02 3.457572018782164491e+02 -3.015973357919437756e-02 1.213842839007834261e-02
1.151110056153397636e+03 3.825491340562585947e+02 9.391996928737324571e-03 3.233117092065077719e-02
3.850722548151594538e+02 1.079125176108955657e+03 -7.368582820245452546e-03 -1.832425666209181294e-03
4.999982362488667604e+02 1.022771594443309482e+03 4.389047154487852320e-01 -5.630171922806584961e-01
1.176266564410522733e+03 2.505733182366770393e+02 9.792120860257085696e-03 -1.012220652885102365e-02
2.760265885793657503e+02 4.914765030267592465e+02 -9.548021244755165726e-02 2.000955863036442683e-01
8.173479138361259402e+02 3.979934408019763055e+02 5.041214571137598854e-01 -1.558701961591006380e-01
1.152420006804013610e+03 3.571257217896337011e+02 -8.177619171336497628e-03 9.356357059680317154e-03
2.807403494262861159e+02 6.937810377592472832e+02 5.650476301558691843e-03 1.483543684389137520e-03
5.585198554598105147e+02 1.033307430499816519e+03 5.170121902976883010e-01 -3.100718269521293147e-01
8.394151059126379550e+02 8.720796702143881021e+02 4.875906408833352024e-01 -1.918412555310687329e-01
2.750548909590737026e+02 5.290813863655886280e+02 -8.290911681509928466e-02 2.178315210136833879e-01
2.668461958508657403e+02 4.283019369920862687e+02 7.605979278342164807e-02 1.438298200849047193e-01
9.809118636333249697e+02 2.699348791211884873e+02 -4.530117154393952239e-01 3.318111406499211213e-01
2.763444752830138782e+02 5.943813486114764828e+02 1.768233191869355170e-03 8.671543136783569153e-03
5.070193883814867490e+02 1.034234675973861158e+03 4.782624682885451284e-01 -3.037629175850076746e-01
7.939912752104582978e+02 9.022019940905404383e+02 4.504385203205635846e-01 -1.998049124060709003e-01
1.147359776966002528e+03 1.586012279801949489e+02 -2.956236847291782502e-02 3.626465108776314589e-02
2.629509961647655700e+02 6.539685776630841474e+02 4.631117340696812475e-03 -1.202136422015842544e-03
5.239804166107645642e+02 1.050651486269797715e+03 5.291656239441724363e-01 -2.446638209664189767e-01
1.181491566855390829e+03 2.135938294649260172e+02 -7.563693960061962027e-03 3.192398129598505909e-03
4.026490148503258979e+02 4.941897659471357542e+02 -6.032567995494126922e-01 2.086237570400107377e-01
7.076662366094334402e+02 3.837129259290621235e+02 -3.533947467492352112e-01 1.402293389721002981e-01
1.116395320370863828e+03 1.483092618088493566e+02 1.654343709087652617e-02 -7.729082486986244005e-02
1.162629055300689060e+03 2.233690201501168531e+02 1.064096899563983251e-03 -7.713701371193562757e-03
1.206947437360552158e+03 2.155989882454225608e+02 -9.263881285435916074e-03 7.383025241068708056e-03
2.326036939785263939e+02 3.059550337090592507e+02 6.986919225434378052e-03 -1.195201613546039397e-02
1.323987322322347154e+03 3.292593656795410197e+02 3.695414199135682587e-01 6.884982745492437828e-02
2.580289853651408407e+02 4.226672491985523266e+02 -9.189716693801454339e-02 -2.087694567395353973e-01
3.600098527555651344e+02 4.904864619299636956e+02 -6.108302449110615262e-01 9.608215113566005716e-02
1.000185404478534792e+03 8.254349210894124553e+02 6.008683905361393851e-01 -2.355440610378867761e-01
2.445107384098569980e+02 3.987947950366575469e+02 -1.124404978834840502e-01 -3.534994614537430024e-01
1.180727618459391579e+03 3.543003566744649220e+02 1.635475102780039464e-02 2.459620011800741843e-02
5.780553372396661871e+02 4.274390337883057214e+02 -5.061718694128396479e-01 1.204913193414782757e-01
2.539814822920034487e+02 3.104896924474410866e+02 -1.234135935259989166e-03 -2.741547229390454109e-03
1.092845843103505558e+03 2.439551189534379319e+02 2.975124282191871639e-01 -7.022692144400591308e-02
2.681903053835202400e+02 5.400337435543792708e+02 -6.399860441921092222e-04 -2.349174343472027176e-03
2.857489137063161593e+02 4.880369013015980499e+02 -9.064824074030555789e-02 1.912195507439941045e-01
1.028657151817919839e+03 1.696852062502146907e+02 3.238869862537168114e-03 -2.136770820299045779e-03
1.099749701526719718e+03 2.270694719657322480e+02 -1.092367588402978935e-02 6.088598223024548235e-03
1.154241261190855994e+03 3.603240922466060852e+02 -1.034662308234371832e-03 2.546612221249683686e-04
8.298755930531284264e+01 3.448522231614180669e+02 3.470120603767954184e-03 6.616967116939923531e-03
2.681795646924583139e+02 3.003425490140184593e+02 -9.676964128576031525e-05 -1.993505027086831492e-03
1.209644148780129171e+03 2.519138768476220775e+02 -6.694246124490548129e-03 1.385377027052292140e-02
1.126651006502813743e+03 2.919218722836787379e+02 3.606228329733699584e-02 9.121858126968956232e-03
1.006802673697639420e+03 1.859778422678715515e+02 1.030101699329816732e-02 4.686326601493268768e-02
2.258761925290235126e+02 6.036733950774877258e+02 2.238761282805833419e-01 -3.911783078061919494e-01
1.041121551559164118e+03 2.203664557560591106e+02 3.958782729036425946e-02 2.086444823215956659e-02
1.153962357278630179e+03 2.069866571179887274e+02 -2.822511717216786165e-03 3.512904195449911750e-03
1.037931894412747852e+03 1.619452414821900845e+02 1.707193298204969043e-03 2.792645225060221351e-02
4.119376537098570452e+02 4.968787970304480837e+02 -6.696387931090608259e-01 2.075941158341288173e-01
5.106461249708818855e+02 1.099387826071897962e+03 -1.657293721016197055e-02 9.484298910561252431e-04
9.364688698180468691e+02 3.093956926341124358e+02 -5.626833772740128525e-01 2.503488926481245991e-01
1.202433318553559957e+03 2.242675644175620846e+02 -6.241967259817408215e-03 -3.025775720201713016e-04
8.312596855639590103e+02 9.196518446272257279e+02 3.593382602614034194e-01 -1.979820076904134363e-01
3.816069816655221985e+02 4.880226321664780471e+02 -6.149420182102205423e-01 2.691325759177510824e-01
8.034541405064286437e+02 4.056063883751735943e+02 5.458576480068271231e-01 -1.434771847430484082e-01
1.186798648206735606e+03 3.335983215330193730e+02 8.937862974927147236e-03 -5.334269273318325644e-04
8.164717136830370237e+02 8.736109818224750825e+02 4.725374514113274138e-01 -2.271055850725856029e-01
9.821270660270523649e+02 8.677747342484068440e+02 -6.345062185223435680e-01 2.856390133501501838e-01
1.170660104707138998e+03 2.250240419425721257e+02 1.266165328120178422e-02 1.339243573394979271e-02
2.648656062477722912e+02 4.955552622542723498e+02 6.133233413907538539e-02 -1.324113972044693166e-01
1.096219086434260817e+03 3.007117723925758241e+02 -1.097799837330147923e-02 -2.004906306791441606e-02
1.100747546886433838e+03 3.277274658618524654e+02 1.518690655278546672e-02 -1.030147058677774105e-02
2.490064531198350721e+02 3.078627430973220385e+02 1.055110623396455886e-02 -8.628353734103271291e-03
6.410473378188665947e+02 3.942179147506495838e+02 -4.387267734817806852e-01 9.964365910956089756e-02
1.151824306388512241e+03 3.251463272130797577e+02 5.763766737436526455e-02 2.435202174721289581e-01
7.557182483800511363e+02 9.606092778675248383e+02 -5.196985173839990813e-01 1.976789349453685340e-01
5.264459006309077722e+02 1.055794199981160546e+03 4.917006517599370463e-01 -2.441597006481520116e-01
1.393909666341801596e+02 3.886855001928058755e+02 -7.193214866453778375e-03 -1.562492468505329024e-02
1.179883699582448116e+03 2.284332786558564408e+02 -7.734180138926928343e-03 6.018170917504149682e-03
2.410818555134061114e+02 2.981484865043020136e+02 2.859374587310755875e-02 2.720406952426115618e-02
2.067013632326366803e+02 5.760702567928387907e+02 -8.909628643176591145e-02 -2.083239248860500326e-01
9.784066920756730497e+02 8.800412616247947426e+02 -6.532185157911739593e-01 2.793928360222197038e-01
7.513548153254372437e+02 4.003891788202078033e+02 5.340182543270443061e-01 -2.496952606976239331e-01
2.724444082867710790e+02 7.159312483212188454e+02 4.363313262702755123e-03 -1.791570858540355790e-02
6.636386525373577570e+02 3.958526489224800571e+02 -3.368552668958437191e-01 1.376018387021531453e-01
2.908624832757216723e+02 4.534622547317146086e+02 3.325113284006926684e-02 1.663620446230447414e-01
6.948974995307708014e+02 3.944315728478291021e+02 -3.661817898999137344e-01 1.013168326731854196e-01
1.096303463152298264e+03 1.757459333252727447e+02 5.921249250781608631e-02 6.501599086546136497e-02
1.090306210614555994e+03 2.313766261819601198e+02 -9.820608803454546152e-04 5.742349334576095669e-04
2.660727091881400383e+02 5.749355620359506247e+02 -3.900625579307875554e-04 -1.001851607390950253e-03
5.597311196310957939e+02 1.017767471871806947e+03 4.292142973338747836e-01 -2.478608784143480070e-01
2.481246819652035640e+02 3.206302056332958159e+02 1.967846283494876537e-03 2.117309372206454057e-02
5.788590854991005017e+02 4.166239388981588263e+02 -5.617715258207454099e-01 1.270819252574930391e-01
7.009216796309497113e+02 3.824129068055377729e+02 -3.024491536344895981e-01 1.020688473900667331e-01
8.912871541589533990e+02 3.810148889425092875e+02 5.977191894879414491e-01 -2.031408637213291957e-01
7.575142051723065606e+02 4.054976331324861007e+02 4.156049930506856560e-01 -1.753314036705507228e-01
1.098924071913088710e+03 2.116179144480830701e+02 4.031459189636194679e-02 6.690139933242349179e-02
1.040674794808167462e+03 2.029284444112971073e+02 7.656048777366687708e-02 -1.044004779161340490e-01
1.125334522389915492e+03 3.710381302190015731e+02 5.041446934670278796e-02 -5.375597585763970676e-02
2.629247548774608845e+02 6.050817046020026737e+02 -4.244203980963132984e-03 -4.315787321565319151e-04
7.779800539745767765e+02 9.377306296027737744e+02 4.614744982450742494e-01 -2.253247213283607886e-01
1.147299949528833849e+03 3.474509575606324461e+02 -3.804624022499824860e-04 -1.241924568572889444e-03
3.628947924383685404e+02 1.084169295916640294e+03 1.136958382473138816e-02 6.298505948392414330e-03
9.858963464695488028e+02 1.925200779229357977e+02 5.043303830493326952e-04 6.284905582083354092e-02
3.014598202513451497e+02 5.474977285752390799e+02 -3.742805876722943986e-02 1.274767624472070322e-02
1.300731199485035177e+03 3.291933709139742064e+02 3.306919550179647782e-01 7.584412505201049148e-02
1.102112460391551394e+03 1.904965628744679691e+02 -4.344363535589385733e-02 -2.072233959618126342e-02
1.155775719785719730e+03 2.983861948018897579e+02 3.191445381104414669e-01 1.784954161742159096e-01
1.232565100919806582e+03 3.288219089490752935e+02 7.103302742695119520e-02 7.910782740262868595e-02
2.372694364700780056e+02 6.415770222617354648e+02 -6.481416196408806797e-04 1.764709231836510475e-02
2.555866002182890213e+02 3.320792264183818929e+02 4.135077757063984307e-05 -9.720887082140295538e-03
1.091457003232574152e+03 3.045056943103513731e+02 -2.700435876915597069e-02 6.231975538329131981e-02
1.207261930059753013e+03 3.410590041638529897e+02 -5.291746192887610348e-03 6.675451892376015745e-03
1.171040111329113415e+03 2.600289743203577473e+02 -2.522371749553641192e-03 5.518204586942014600e-03
1.223929199107537443e+03 3.440513672546849193e+02 -9.298380613276688300e-03 -3.704900705467608496e-02
2.540805631284969763e+02 6.691954630148288743e+02 1.871089162261880753e-02 1.917598995340531395e-02
6.024455846291896250e+02 1.000334134416823531e+03 5.339411092643399082e-01 -2.607260951844225239e-01
2.452816063291421074e+02 2.983535849352890068e+02 2.017314961952872132e-02 7.968306209660217659e-03
1.142376747468265876e+03 2.397969636820014898e+02 1.426687896168959448e-02 -4.515897285897533392e-02
2.785838713943373364e+02 5.002506122872906076e+02 -7.418296038385600866e-02 1.890664206258240443e-01
6.964223274520629730e+02 3.714770352117237735e+02 -3.312309194697137249e-01 1.411038496768782513e-01
1.082258901562635401e+03 1.709949737962903669e+02 5.784277353107220021e-02 -1.594933609724329127e-02
9.812939736777794906e+02 2.784407073301419473e+02 -4.589159329723957459e-01 3.417051350876234017e-01
1.220332926796183983e+03 2.239738665449644941e+02 4.066080122855748880e-02 -3.084209900375084121e-02
1.134704462029274509e+03 1.856734198503217499e+02 -6.450593744515986661e-02 2.484848383974156139e-01
1.132630357058349546e+03 3.039609503890230826e+02 -1.201923205397179180e-02 6.925704738115996684e-03
2.425002503281095869e+02 3.326780023795634520e+02 -4.991686379251251970e-02 7.302986064800330926e-03
4.890864359425041812e+02 4.622910892022522376e+02 -5.035993974310588595e-01 2.584089551078662117e-01
1.105274559992492868e+03 1.616602997607389511e+02 3.511104199664519948e-02 -6.082309790964032098e-02
1.094653278610239340e+03 2.745310092164367575e+02 2.316900439055476768e-01 1.009956139297876615e-01
1.183631615619112608e+03 2.955324489376647534e+02 4.171286782500582824e-01 1.249595806768883516e-01
1.158652508558963746e+03 3.305042026096990071e+02 -4.151519391783593631e-03 4.887866080414087974e-03
2.115095983212555097e+02 7.333602618230414691e+02 -3.304973210917298929e-03 -3.680129424275346926e-03
1.013021878219332052e+03 2.272977080701930959e+02 -1.031411735679199637e-02 3.288885019063381709e-01
2.544126782176986126e+02 6.871528688536812979e+02 5.152734976512587765e-03 4.887917003070708921e-03
2.519245232291793286e+02 7.123901026886571799e+02 8.667547874455892518e-03 2.073208461568020952e-02
1.099423742756499450e+03 1.492714283693478592e+02 -2.326097387266824745e-02 1.283167126673799563e-02
1.158098985428028527e+03 3.726895195575538082e+02 1.615474856263586848e-02 6.085904678690706553e-03
2.754104248039223535e+02 6.914537438466749109e+02 -2.258771524770589092e-03 -1.722010706520360175e-03
1.216038747353836698e+03 3.091519437044871097e+02 1.753688134020169043e-01 -2.715243118521281501e-02
2.189396351510228556e+02 7.077306194218978135e+02 -1.171157626413648527e-03 -7.061470526562313964e-03
5.060791196418937830e+02 1.062703069727414913e+03 4.219772958886943148e-01 -3.397684325430064822e-01
4.719410149428750287e+02 4.918037891950706921e+02 -6.550962605909874670e-01 2.515439343251337223e-01
1.045018776288660547e+02 4.215862808514363564e+02 -2.148031217045357766e-01 -3.544792998812412166e-01
1.165368309979092828e+03 2.577636971967232284e+02 5.922253567658786015e-03 1.521034187376322892e-03
1.124623618751283175e+03 3.036199893162157082e+02 5.836649312808647738e-02 3.460786879128559257e-02
1.149743071630151917e+03 3.973439535995513552e+02 -2.056080741612141115e-03 5.111988112093576210e-03
6.673520903752844333e+02 4.218610716028208003e+02 -3.883536474912954728e-01 1.621183444451504696e-01
3.693840735273417977e+02 1.046594055734543645e+03 3.482020532169107559e-03 -5.078718252868151409e-04
3.267341391978866341e+02 1.051766161971922202e+03 1.456039278646933249e-02 -1.981048481345490386e-02
2.832575041999937184e+02 4.998130249522674831e+02 -3.765185267071539249e-02 1.569549282984887828e-01
9.470137537951139848e+02 2.760578865174107364e+02 -2.401906242006240089e-01 6.676279007679120081e-01
2.650658636881249777e+02 6.262804565234260963e+02 2.948520208910227272e-03 3.099914663524064654e-02
4.709966066917879743e+02 5.075824616737431825e+02 1.816520887395958392e-02 5.614940301436024961e-02
1.086175717361688385e+03 2.686430730118398742e+02 3.124369432053255569e-01 8.069401763654958371e-02
6.823058434750405468e+02 4.052100419515651311e+02 -3.060743980807193454e-01 1.415110346960562482e-01
1.090163661892830987e+03 2.096696379673776676e+02 1.174041859965976702e-02 -4.106900290848094354e-02
1.187243058657518304e+03 1.916955816567362945e+02 1.639916398514243250e-03 4.324827207972525844e-02
2.643692158753618173e+02 6.088559041181003977e+02 5.297121445764566006e-03 -8.345748656807234307e-04
1.142978187992639050e+03 1.414934044613605124e+02 -1.913788922453853528e-02 2.799462255057399204e-03
1.005083226800362922e+03 2.418649365957825523e+02 9.377691917359664425e-03 3.834719436425733097e-01
6.520456701519507305e+02 4.056592063732005045e+02 -3.779909038968511936e-01 7.243146301891840999e-02
1.056926271974602969e+03 2.055892763455834142e+02 6.124766145755700109e-02 6.443126504128216143e-03
1.018659819952640305e+03 3.473186300235932435e+02 -7.015054814214707335e-01 2.435070637207807920e-01
1.139893659474369088e+03 3.219838171321973164e+02 1.458650808652098979e-03 -9.495449020347176625e-03
1.188403097423544750e+03 2.118295826525334462e+02 2.918610338937446119e-03 9.641036598996886127e-04
8.170153022976807051e+02 9.366837834343330087e+02 -4.075434559585795480e-01 2.386009268521579740e-01
1.116622989358492532e+03 2.101621066825092043e+02 6.872744520678503166e-02 -4.231161051459315231e-02
1.228875127647044565e+03 3.256014337409662289e+02 2.232712063791300952e-02 -1.048192462549461454e-02
7.622457765579158604e+02 4.425159677406810488e+02 1.426527895107722668e-02 2.712940450948502294e-02
1.137808281548411287e+03 2.188328877023341192e+02 -7.769844153893987540e-03 1.642764827897660916e-03
1.184910478999653606e+03 2.559780863019597632e+02 -3.703248955524055842e-03 3.162692963257247988e-04
1.177671717270001182e+03 2.825740698197995471e+02 6.924415720718242184e-01 1.125491054127992774e-01
1.170571088784981384e+03 3.766847921086717292e+02 6.612774249677649298e-03 -8.221743117067154688e-03
1.166912205783003401e+03 3.882469738401596260e+02 -3.582341293067776294e-02 6.642735799056029289e-02
1.169527935199938156e+03 1.729312519748645229e+02 -4.145395661938285937e-03 7.451743396669977936e-04
2.605310271186233422e+02 3.978447788007263739e+02 3.308321488049159598e-02 1.376323675979150007e-01
1.119271922912927266e+03 1.527792274030785507e+02 5.446608454545836218e-03 5.528273537036371837e-02
9.478931053253172649e+02 8.528873962420298085e+02 5.103504473701058197e-01 -1.601317043075565494e-01
1.078022704250955940e+03 2.172094919394917838e+02 2.641556253865288392e-05 -1.946775267568477338e-02
2.317650155843846846e+02 5.495181641871968168e+02 -3.237905045564303252e-01 4.588554071346421376e-02
1.103599998843222920e+03 2.024562477010980501e+02 6.441753012535887668e-02 -1.723321683290472695e-02
1.145343487772121307e+03 3.047129243934937222e+02 2.194960859033017186e-01 2.091874075128917487e-01
8.780986164196349364e+02 3.286961182122371383e+02 -2.206879073695056648e-01 3.138064545306402664e-01
1.177895437102769847e+03 3.066321604424942393e+02 4.051677282876571251e-01 1.490141528722548070e-01
1.079113731510514299e+03 1.850714741922910775e+02 -1.095819859950645896e-02 5.154492620208206075e-03
1.092935772593576985e+03 1.884438318811177737e+02 2.891011620918374631e-03 1.103348345838676796e-02
2.346804974739664829e+02 3.451093583710637631e+02 -1.350670001417313415e-01 -3.447540113882686663e-01
1.037973336320817680e+03 2.469362299754157561e+02 2.320069887997719960e-01 1.923570385434994479e-01
1.159954494445541059e+03 3.456165125154743123e+02 -1.439283620838503058e-02 -2.345928597640407204e-02
1.283916673169848082e+02 4.400331793787162269e+02 1.908651170655042972e-01 3.496588373792476334e-01
2.845672241634630950e+02 4.922945126492944041e+02 -9.940741345418972752e-02 1.861186301753245120e-01
1.123580115652410086e+03 2.525966548816428485e+02 4.631769022129254149e-02 -8.997297419000632734e-02
1.248169946357905019e+03 3.353322931831031042e+02 4.444953276961796651e-02 2.648891324902148334e-02
2.510756488917982949e+02 5.571864545275747105e+02 -4.313922748218257386e-02 -1.026847509406665724e-03
1.018203217701317158e+03 1.715595806954791556e+02 -3.054303932459648610e-02 -8.856460584530972957e-02
2.761817676016292467e+02 6.659525174068976412e+02 -6.013366616536166762e-03 -6.510653525240810841e-03
1.103888911650219370e+03 3.179297631175664947e+02 -2.512898601390034514e-02 1.037675889295819331e-03
1.137856712675147719e+03 3.679013683327204944e+02 -6.207358310300747917e-02 1.693105131255538964e-01
1.012572610886036614e+03 1.834612037047901083e+02 -1.057348078194832314e-01 -1.909391711300398864e-01
1.122484968339454781e+03 1.830306069219649316e+02 -1.432174645120327106e-01 1.947739670377527932e-01
1.180337691473187306e+03 1.916597306923639792e+02 7.440173910030382226e-03 9.218959220878597191e-03
1.131049573949495880e+03 3.523782302642891295e+02 1.855822158846429371e-01 -1.644648059262744100e-01
1.197278396307114008e+03 3.645975833610742711e+02 6.824769495480151327e-02 -1.416988559691142457e-01
1.155952911023096704e+03 2.546537225409011569e+02 3.255500230557117815e-03 7.564568581125760173e-03
2.344226175495977600e+02 5.370615605126257606e+02 -2.872574935071152136e-01 6.020196972716954954e-03
4.899354390238960377e+02 4.520033593977360624e+02 -4.776062423329716089e-01 2.171210945810212734e-01
6.632827300271598006e+02 4.071283923067993555e+02 -4.104783420569921293e-01 1.389214616578138550e-01
6.450344234363843725e+02 4.389465778175821242e+02 -5.332752848777102539e-01 2.702764477775739249e-01
2.378449775465738014e+02 2.954242550215998335e+02 -1.502007367811960441e-03 1.796860852253825622e-02
1.238695117168881410e+02 4.095103389336252349e+02 2.317932334245527970e-01 2.984286290497050742e-01
1.019753392941243078e+03 1.942633211042638948e+02 -7.125355263387414539e-02 1.122443751843136134e-01
8.013363454728797706e+02 4.058715500265697074e+02 5.233661046768612879e-01 -1.687328089148790178e-01
7.353103881428424984e+02 4.219284902945874478e+02 4.114553218882334162e-01 -1.555513458801700832e-01
1.019022117685885632e+03 2.312425240739596290e+02 -1.858666861854182603e-02 2.234723516878997507e-01
2.871486523242890030e+02 6.501763118526198468e+02 -1.500590368579811200e-02 -1.363900469656047915e-02
6.860366292919246689e+02 9.937624783548836831e+02 -5.479580276764928204e-01 1.957880408379140680e-01
2.673596625352745946e+02 5.353584222122472056e+02 -1.489422817060732096e-01 1.224217876676378242e-01
1.084769729799487550e+03 1.992216829494588239e+02 1.541558930868911978e-02 -3.165358800439631998e-02
1.136034800088225893e+03 2.417704779852589638e+02 -2.994776764607055396e-03 -2.512867480465803653e-03
1.196418897951236204e+03 3.251541423964379760e+02 3.094414769529626411e-03 -5.764064562915048075e-03
1.178321785333445405e+03 3.850582748227145657e+02 -4.249136079190170626e-03 8.102399162594382115e-03
7.404915625636822369e+02 3.796162069196429343e+02 -3.658734146707060542e-01 7.818687484513689445e-02
2.918315810096004270e+02 6.710714485019261701e+02 -1.655959349603545365e-03 1.529432993595937831e-02
4.142761093895117028e+02 4.856045539410639549e+02 -6.684681659710907109e-01 1.644542466073073694e-01
6.777840536168961307e+02 4.031395903505459160e+02 -1.375782950515622438e-01 7.972535263144323037e-02
1.132272272023509231e+03 3.584321202673708626e+02 -4.091694070121775634e-02 8.697075249682370557e-02
9.352544013281528805e+02 8.435989294927585433e+02 5.404549291036414571e-01 -2.000289617585372104e-01
7.610848058333378958e+02 9.493531341120475417e+02 4.034607822014436573e-01 -2.252293741965786522e-01
1.114938061343266327e+03 1.817264499437155223e+02 -4.586437094674841383e-03 3.258967476577309674e-02
1.144373363357774906e+03 2.247386503632771735e+02 4.263406602441526319e-03 2.705610807536417209e-02
6.051203348120221790e+02 4.270614383411417521e+02 -4.427737773065203442e-01 3.684066719333145556e-02
1.149885257951952099e+03 1.945051125354590340e+02 6.052134071213307459e-02 -3.850169905734072279e-02
2.216375161397905345e+02 5.313492570993554409e+02 4.187238770562906609e-02 -1.236258802811818214e-01
2.514129563190311956e+02 7.086857696804669331e+02 -1.944455739803767000e-02 1.987392373341852810e-03
8.333518883676298401e+02 9.066665843962617828e+02 3.628717431877461763e-01 -1.866832823978631095e-01
1.090146917272805922e+03 1.597667528539905106e+02 1.203466436724274363e-02 -1.122977464972989801e-02
1.094764653893036666e+03 1.946410125448314830e+02 -1.722158992994623702e-02 2.450679698571466003e-02
1.088115193022544418e+03 3.189867033177770850e+02 -4.108948266760772267e-02 -4.097846088311453243e-03
1.135830288000312066e+03 3.273400862911075819e+02 1.510245030958975998e-02 -2.794983281619279475e-02
7.324788760406851225e+02 4.000410240484976612e+02 4.960546310592309771e-01 -2.837933059869476859e-01
1.078237340496660408e+03 3.128316521068675229e+02 -9.603742565075110149e-03 -1.251997240973670884e-02
1.203037466806362772e+03 2.480019803884057978e+02 9.163830348133278694e-03 -1.390039506634613417e-03
1.222047431172305096e+03 3.350521196125255869e+02 -3.716937882499045387e-02 -1.095153047208441421e-02
5.848486939194071965e+02 5.998871380272888700e+02 1.639308297006150271e-03 -8.852223170725151240e-04
2.589831254545750312e+02 4.439062257882766289e+02 -1.734126591208703660e-01 -2.255319540829519576e-01
1.122509121875570600e+03 1.494656308446408559e+02 2.130371019430236101e-01 6.699206885412220536e-02
6.604861288871007901e+02 4.328353570348124322e+02 -4.533518195342144952e-01 2.014533290934446552e-01
1.180997154626674273e+03 3.172678417892689140e+02 1.564068557965728468e-01 -3.063442182563846927e-02
1.460451565305985753e+02 5.211274031001102003e+02 1.802196778855238990e-02 2.025590977930383924e-02
5.269747349268538983e+02 4.796447352595322400e+02 1.097856063680452687e-01 -7.030970846316381140e-02
1.123365412339432169e+03 3.117359865355561510e+02 3.372519554475962578e-02 5.620355242874031272e-03
1.191378154512110541e+03 3.581886221105710320e+02 4.705084150124771124e-03 3.944778144378941441e-03
1.245700452586046140e+03 3.699109139607452903e+02 -2.861995954838485456e-01 3.439887039637676280e-02
2.099079203211544495e+02 7.136661114240974939e+02 6.656306128665492395e-04 -2.268512695161197575e-03
6.249713595787662825e+02 4.264981836895747165e+02 -4.024510538750757371e-01 -2.324764393314570146e-02
1.250599179406217900e+03 3.580996271703669436e+02 1.370624214515763460e-02 -1.248274354890370474e-02
2.227991993027734452e+02 7.100161654516917906e+02 -4.150113646461693617e-03 4.324552710724695846e-03
2.499256430302826573e+02 3.459478673082221576e+02 -4.646883447624881175e-02 -1.577860089713983491e-02
2.575794978403172308e+02 3.588885097887893494e+02 4.716239764249854916e-02 -1.257728166666815736e-02
1.296263272205593239e+03 3.379305453739094105e+02 -4.784995631606950295e-01 3.357851831038914658e-02
8.771098334800282146e+02 8.893672614071577982e+02 4.463820689026051225e-01 -1.976378589565822574e-01
5.993725231151582875e+02 9.958706837302094073e+02 5.260711127207564619e-01 -2.831056490328298092e-01
1.067385878382145393e+03 1.665317596298038723e+02 3.250461981370449116e-02 7.276952473400655208e-02
1.107859325485252839e+03 2.065851914244344414e+02 7.064628207291434592e-02 -4.122314885039841947e-02
7.798905256657358223e+02 9.520736922059650169e+02 -4.552801978932506932e-01 1.842801088021900624e-01
1.114660997526882284e+03 3.446126499198519468e+02 1.512044571023369970e-02 -5.126887646556118477e-02
2.307024854214644449e+02 7.249288537690166550e+02 3.176290829370688028e-03 -4.605231036634613306e-02
1.014356354070538600e+03 1.670186571333483414e+02 -9.129676389689896435e-03 -6.371108444913063662e-02
1.108750280790248780e+03 1.970464208391950081e+02 3.475974952065323531e-02 -6.923004427066889455e-02
1.134732302470338482e+03 2.815735600684429301e+02 3.371530027734120361e-01 8.943498201232476241e-02
1.208733749439327767e+03 3.939693024956851559e+02 3.332179828624391715e-02 -4.974865139237450579e-02
1.260423509755038367e+03 3.906610811127241618e+02 2.958219716873301125e-02 -2.915486834789691659e-02
2.827430820187334461e+02 6.050248385053110951e+02 9.519391915823030570e-03 5.390736351806050576e-03
3.194654437960639939e+02 5.942071768866106822e+02 -6.492221669781890470e-02 3.880962290134292586e-02
1.034344352996847419e+03 1.834369168903733964e+02 5.964460300461305736e-02 3.542027142725601152e-02
2.419721811749155904e+02 3.231659369501324477e+02 2.201007121520366996e-02 2.033031594385035015e-02
1.147203859877884270e+03 3.284953483569490800e+02 2.393625039712787839e-02 -1.135383828408167636e-02
2.859960900746132779e+02 6.057494938029223022e+02 -5.311031636302409112e-03 -6.132357477538461638e-03
2.230100338608723405e+02 6.702898851681165979e+02 1.761545700924374309e-03 3.781886284965846855e-03
6.313700025091704902e+02 4.070754774000908469e+02 -2.720289914346170068e-01 2.421045204095142664e-02
2.997766108126446056e+02 5.170389736595742534e+02 4.710986115945977118e-03 2.253383395388067548e-02
5.114711145238961194e+02 4.428909036159714674e+02 -5.483680817570038002e-01 6.535446271615127922e-02
6.501172716734836285e+02 4.293306771241744286e+02 -4.284625247590437280e-01 2.172701599507751435e-01
6.727469370809648126e+02 4.309795543149510308e+02 -4.716521680677855932e-01 2.275575602837069666e-01
9.735584301176560302e+02 1.878495233221073306e+02 -2.134069612306823543e-02 5.736896046982158381e-01
1.035718846253636457e+03 2.171746343916643411e+02 1.252420024067181226e-01 3.362456824380821718e-01
1.199344766602874415e+03 3.572317415946124584e+02 -1.444666972120654466e-02 -8.067741454359141908e-04
1.111998126812267401e+03 2.293735896246581092e+02 2.182509926548448220e-03 -2.461862214199861398e-03
1.110688946102301998e+03 3.077231890717653187e+02 8.299240943169650109e-02 -1.208255127680573082e-01
1.295025917325876662e+03 3.535770077332403503e+02 2.468932340222806943e-02 4.074711026708754957e-03
2.926512733540220097e+02 4.871623848312925702e+02 -6.861677851671746375e-02 7.636587427561843111e-02
1.094322144945859918e+03 1.561756510340541695e+02 2.753773359540167415e-02 -9.094029042483127434e-02
1.082901250299157027e+03 2.863717816312515083e+02 1.175374994815478295e-02 -2.063419280028894534e-02
1.176519945260732356e+03 1.972504374570256402e+02 4.717060285554085935e-03 -1.282659557683948348e-01
2.656754840325508553e+02 5.666819682015579929e+02 1.415985171206924145e-02 -1.117008179173881741e-03
2.435058319094173953e+02 7.092478309936022924e+02 1.563967659056090392e-02 -1.779457919760642909e-02
2.692220170310440039e+02 4.056851443053133153e+02 8.783707043896242517e-02 1.159992082808628255e-01
1.322782810269045058e+03 3.210580939431391698e+02 3.106232534990643335e-01 1.075663852365967982e-01
2.630826014068134100e+02 3.471220554974602805e+02 4.867403888079808658e-03 -1.217172116839563070e-02
2.663216901232657960e+02 3.878044128426644193e+02 4.669308869264812006e-02 1.115273004191173062e-01
2.869190455331439011e+02 5.087206497091166284e+02 5.374571401189941200e-02 -3.108710298044045292e-02
9.965990061887580396e+02 1.840568596911110433e+02 1.553801991052053133e-01 1.946535525439930525e-01
1.157902618952529792e+03 2.110992380634079382e+02 -3.872295850451650673e-02 6.780047231461006074e-02
2.638022991680501264e+02 5.994885029533467105e+02 2.689579188729018192e-04 7.771977761331856291e-03
3.141878452348726682e+02 5.289890910496944798e+02 -2.427307593906930655e-02 -4.472095359970212208e-02
1.020628155131173344e+03 1.624719672498706586e+02 7.211802297980998699e-02 1.463337903093478790e-02
9.855776221355408779e+02 2.206883866078346728e+02 -3.963332617972769589e-01 3.574910417261755735e-01
1.164554054419960039e+03 1.476024470222075138e+02 2.636129432125601871e-02 3.959388232010902994e-03
2.416555883474174777e+02 5.904376273056567470e+02 8.938450843534642698e-02 -3.485470884028895044e-01
1.137494312619610128e+03 1.479688825717084626e+02 4.013453350824470744e-01 1.465128306104359346e-01
9.981815647134594656e+02 1.899724384091578315e+02 4.967547254524039280e-02 1.704093115599242259e-01
2.825567903143451076e+02 4.818646594340300453e+02 -8.788845825290099445e-02 -2.025955981397242478e-01
1.145276462582965223e+03 3.544293034608321591e+02 8.316612632923946202e-02 -1.606079354436732165e-01
2.375748633204310352e+02 6.503536641635856768e+02 -6.315327149862398886e-04 -1.812686375868766825e-02
2.844174886183545823e+02 6.721646171393823579e+02 4.371659640189416197e-03 -4.238627931342237726e-03
1.143580837145522537e+03 2.181274114507824606e+02 4.324689699064038217e-02 2.226641973214668613e-02
1.215540392536280478e+03 2.489952114466683781e+02 6.265048633185870547e-03 -2.103740449794486156e-02
1.192882956945079286e+03 3.747985412920151020e+02 -3.271523057503145787e-02 5.340349073959032439e-02
1.192303767540534636e+03 4.033974113339016867e+02 4.587994971999251326e-02 2.104602822365791437e-01
2.355572354839732441e+02 5.714807729534282998e+02 -4.441944903330886651e-01 4.995446480701457581e-01
1.002624648997172130e+03 1.634854006595798239e+02 1.409555219576740515e-01 -6.777918101861619971e-02
1.016580673983458382e+03 2.075204508181261644e+02 4.163674743924635629e-02 5.234206926638241830e-01
5.119426316026961672e+02 1.041670529874430486e+03 3.096998728012157476e-01 -1.966262654567193235e-01
1.129391770662987028e+03 1.547446053987897869e+02 -6.249852821657520680e-02 -7.930168574302258466e-02
8.807638621971348130e+02 3.673398448622252772e+02 5.573074673154431169e-01 -2.723404242304329759e-01
2.322105874052720083e+02 7.376082022704204064e+02 1.001631653408915738e-02 6.334769319363183979e-03
3.076104304156370972e+02 1.060107316931783771e+03 2.528894030680940708e-02 6.565947627121243579e-02
3.174206382562073827e+02 4.726358369769121737e+02 4.690078691121419424e-02 -6.961946107700420737e-03
1.119669019013082107e+03 2.965752120224227610e+02 5.058431359283200451e-02 -7.643292213988801820e-02
2.649567103534932357e+02 4.437813544642220336e+02 -9.109061240855539920e-02 -1.979048632234328975e-01
2.339951878675062744e+02 5.285998323448801557e+02 -4.226441305424562950e-02 -8.921941687785442388e-02
1.054066797511638015e+03 2.474446094346926941e+02 3.347772533385025007e-01 3.592697284355508280e-01
2.576044693591279611e+02 5.868460929948436160e+02 1.261693639920784780e-02 6.404161260197616112e-02
5.253542273374387150e+02 1.032609014506296262e+03 4.108574352308421163e-01 -1.885260661321938591e-01
8.816677414637106267e+02 1.100531907597302961e+03 -1.024374458351996319e-03 -1.298359097637287267e-04
7.794247419086401862e+01 3.150382837832812584e+02 2.949478324066063736e-02 -2.558858118854629923e-02
2.631326080065502424e+02 3.553755740930382672e+02 -4.827536115575981404e-03 -2.393145467362955796e-03
1.023918579319016885e+03 1.730140022551734091e+02 -3.319864884203412025e-02 9.864774669358667217e-03
1.064368293547228404e+03 1.826257785453292399e+02 2.573605155979521303e-02 5.713640837331013418e-03
1.145518171118940700e+03 2.054060739305754453e+02 -1.161662815278532469e-02 4.105822651592348077e-02
1.213113750095589694e+03 2.658518749093862539e+02 -1.211237719857081140e-02 -1.549823118246820321e-02
1.279822395176555347e+03 3.170521653528160755e+02 2.089820524120000189e-01 1.454930395873560711e-01
1.251514554982582695e+03 3.608376821276563078e+02 3.843342082315075181e-02 -4.916827603430533322e-02
2.557009583157580437e+02 6.026274595772423481e+02 5.662688596174802590e-04 3.022483891260208284e-03
2.807874375514622898e+02 6.431975258976868872e+02 -5.922248369279259697e-03 1.050071083733996637e-02
2.137107526726157971e+02 6.964515857396893352e+02 4.367002762395344462e-02 9.934905244230093913e-02
2.474789435071659227e+02 7.268299223423422291e+02 -1.289469425663156664e-02 -1.977485639246196955e-02
8.772159626054686896e+02 3.807260011075232455e+02 4.983204628467415298e-01 -8.697107464550563050e-02
1.169734218191586024e+03 2.221566065185289744e+02 2.287607541221811924e-01 -4.268500093397434303e-01
1.126263602421888208e+03 2.801265899728977615e+02 3.140410201390175793e-01 -2.316075253376861931e-02
5.560476123107024478e+02 6.054570176907583345e+02 1.005814674883702929e-02 1.349718242436450180e-02
5.782135388009371582e+02 4.388980706630062514e+02 -5.229852005188541098e-01 1.810365907224738558e-01
1.225838346274390688e+03 3.664164547069514697e+02 -9.363082978527220712e-02 1.027997806612322429e-01
2.919702535979327536e+02 4.753147049677602922e+02 4.529434828438805988e-02 2.549947425560135650e-01
1.078076414189552224e+03 2.114841443891012887e+02 -6.472623167799022859e-02 -3.665488526420002807e-02
9.963495459745480503e+02 2.355706360538968056e+02 -1.344181559187785924e-01 4.965263394176869238e-01
1.066958312142846808e+03 2.343458719858270456e+02 -3.845816308957556995e-01 -1.961566818368613851e-01
8.782267826622553457e+02 3.626129409635146885e+02 5.133358090536349616e-01 -1.847297936361823045e-01
1.234857653764029237e+03 3.671242791993278161e+02 -4.289770118609393182e-03 -2.491580017891358283e-03
4.122188666664160337e+02 5.016117963763629177e+02 -6.074823116778844678e-01 1.991169598934448004e-01
1.101466729925846266e+03 2.328183473491926634e+02 -4.550006970286801788e-02 1.393580090166519625e-01
1.175568867616214902e+03 2.136428630468366237e+02 -6.011425473971598876e-03 1.988983350772599579e-02
1.133227078466738249e+03 2.723870359207085130e+02 5.138701948685167054e-01 3.120169753085377806e-03
2.077306957018339801e+02 7.033754418289096293e+02 1.138563380981594264e-02 6.933004828653110962e-03
2.599397390531262886e+02 7.032376475402606957e+02 6.004760529254582480e-03 -3.859807089053646223e-02
3.083579470962458799e+02 5.606664451578116086e+02 -1.886219432851987676e-02 -5.592244276830626859e-02
5.807133345100187398e+02 6.063228133781594806e+02 -4.567974176007538745e-02 1.652933119977717524e-03
2.464912785329908047e+02 3.132337501984876553e+02 1.056048226806372697e-02 2.258424379665863527e-02
2.416662116563916243e+02 3.494013916932570964e+02 -3.341366032966182863e-03 -6.793017846007387561e-04
6.057433617325807518e+02 4.122295267948761079e+02 -4.674913387787607011e-01 1.785797863143784581e-01
5.024785585398789749e+02 4.514035885221799163e+02 -4.672462317801887588e-01 3.042318963261739784e-01
1.154263234244059504e+03 1.942941440440253587e+02 -3.476933893757631899e-02 -1.143728896159359500e-02
6.644232009451313843e+02 4.210766207147036084e+02 -3.849018524722720991e-01 1.394892195518682987e-01
9.894565840182726788e+02 1.689182366002382594e+02 1.924978405266171699e-01 1.727293871286304516e-01
1.137694161710587878e+03 2.259379053903000170e+02 -2.534648829053562022e-02 -2.015534324438103195e-02
1.248657513045809310e+03 2.639471834438340352e+02 1.206308944184846530e-03 1.397660795184460167e-02
1.159181075724955235e+03 3.129564463953894915e+02 2.249208123966387439e-03 -2.691550417239747112e-02
2.369696598312034723e+02 3.339584650427472639e+02 -6.815008342495223158e-03 -6.093203234807841040e-02
6.878588772624716512e+02 3.853252655437362932e+02 -2.594447737675234511e-01 1.756995162612436379e-01
1.131383247911991475e+03 2.345049095689937531e+02 -2.914059429468369923e-04 -6.146515074155227062e-03
2.330878169921256244e+02 7.109579033566450335e+02 -6.928466009727484755e-03 8.215538892456537151e-03
2.326693982540947445e+02 3.365465389583904425e+02 -1.692531868289393060e-02 -3.206513967248791341e-01
1.060845122355276089e+03 1.567594273070130271e+02 -1.029607632543161344e-01 1.635769850328282760e-01
1.141944820284197704e+03 1.683717810689819885e+02 3.269831068996798540e-01 1.549932896476609867e-01
9.675393211883142612e+02 7.431714973802022541e+02 1.573842625509769277e-02 -2.438267542446699923e-02
8.314645655753695053e+01 3.386758662680364296e+02 3.672492920424407642e-02 3.570106240651553520e-02
8.365748099669309568e+02 3.603463599477043999e+02 -4.007639353608076771e-01 -3.403416786072843009e-02
6.795311312230023759e+02 4.570213871463657824e+02 -3.004139179224797340e-01 2.363909879248043688e-01
1.063608988559952195e+03 2.121458744577530240e+02 2.461678173027724847e-01 -8.804726407316562642e-02
1.095489707295302878e+03 2.176522357924226014e+02 -8.163547795022002562e-02 1.043635174179526476e-01
1.072265978551898343e+03 3.149761707823746519e+02 -1.107157303175137532e-02 9.657885247014519337e-02
1.183298444428073026e+03 1.656472931461375140e+02 1.346724451228841282e-02 7.971013760701660400e-03
2.707886687416121276e+02 4.091108517433423231e+02 1.484426936173804390e-01 2.852889456073285368e-01
2.475470344495273025e+02 4.943782544916523989e+02 -1.133894064359708409e-02 -1.903754233773213289e-01
2.955348696904118810e+02 4.953631011091403025e+02 -4.305233710373954775e-02 1.848552162734335910e-02
7.541641439689491335e+02 4.023624929956666847e+02 3.465988645435459370e-01 -1.070208730303590927e-01
7.124209801056462084e+02 4.149140826952818202e+02 4.917632829344370515e-01 -4.743585259128906273e-01
1.007864820437354069e+03 1.663883658275775872e+02 -1.720191905293745604e-01 2.241945688994832209e-01
1.001012613156632028e+03 1.903260573128012254e+02 4.185751809353632780e-02 2.219566781466596750e-01
1.170210279544078503e+03 2.478185925771409472e+02 -9.817743184112260463e-03 1.140539826726012437e-02
1.249898053351801536e+03 2.973686763517246163e+02 2.990856351057118515e-02 -3.578793305164253841e-02
2.134797879588118121e+02 5.610537565818636949e+02 -3.565780070126322587e-01 2.913377307057771898e-02
3.141327761887299062e+02 5.583586162656666829e+02 4.276543007030113308e-02 -2.796982150514395471e-01
4.647188137596334627e+02 1.095521604779432209e+03 1.579484889833224770e-01 -1.785087472262148478e-01
2.744276988270680704e+02 4.185416661366533617e+02 -1.576889226567459446e-01 -2.738393049772867016e-01
1.184966541133174815e+03 1.939801115619524694e+02 -5.090839771886142458e-03 -4.407405172061532039e-02
1.142733568555666807e+03 2.323339945732690239e+02 -3.512077963089015736e-02 1.853773020538243207e-02
2.521457023566793794e+02 5.500954742129844135e+02 -3.305543225924275630e-01 3.566449594161693049e-01
1.994117154884692127e+02 5.994818127802848267e+02 1.436086693944894736e-02 -1.007032677193819836e-02
2.893538112902482453e+02 4.274989568428760549e+02 1.039348520588703195e-01 2.218826938749032252e-01
1.216006136183648096e+03 2.244029943928466935e+02 3.629067100849567851e-01 -1.069225457182625405e-01
1.298218353041898581e+03 3.584676239974716623e+02 -6.271788890978768904e-02 6.386096986742018089e-02
2.283075886419425160e+02 7.442103516934057552e+02 -7.859210389627335758e-02 -9.675298849171554139e-02
3.109280305002267255e+02 1.062421787153861032e+03 1.351129286468477630e-02 -1.355670071455961079e-02
2.806136295391145836e+02 4.516560957766604929e+02 3.143845021777939147e-02 4.563886265888023736e-02
5.127669929755876410e+02 4.662763159262190129e+02 -7.135820140783835086e-01 3.868530055423126113e-01
9.350823135157698971e+02 3.170360963041649143e+02 -2.868755062262217659e-01 -1.012458866415662240e-01
1.172714323486500234e+03 2.133634960476146318e+02 -4.464893952646369762e-02 7.775629601015664194e-02
1.130247072690321602e+03 2.946638503890720244e+02 3.218122653518418752e-01 -1.360823098456356572e-01
1.125785100805546335e+03 3.436673861021147900e+02 2.271316252076108558e-02 -5.196622087267347562e-02
5.621381341010924189e+02 1.018742918036117771e+03 3.084674691107238687e-01 3.804671422129298625e-02
5.105792447472807112e+02 1.071435176373607419e+03 3.907768584590566308e-01 -3.047901490032082772e-01
2.949926363984977797e+02 5.141329225680705122e+02 -1.176400113003239767e-01 -3.143029048291244298e-01
1.133141297681122523e+03 3.410726429320910711e+02 -1.850282889468720174e-02 8.184000083836433237e-02
2.740245264961411067e+02 6.427231648160897066e+02 -1.763833732868154772e-02 -1.416080072438793101e-02
2.556310504496971419e+02 7.078510131916993942e+02 -2.162490752904962579e-02 1.183675264923067516e-02
9.536698331719621820e+02 8.670354366069180969e+02 4.655088047868123913e-01 -1.671431209150190111e-01
8.991326376177684665e+01 3.697674195314415897e+02 -1.879518946182429373e-01 3.764612913056453181e-02
2.806605132242705736e+02 4.324833251798443712e+02 1.774338884925782678e-01 2.832074359359467164e-01
2.888558291320061358e+02 4.273303712588393637e+02 1.119650114290834664e-01 1.161986034177743959e-01
2.986728247439165216e+02 5.037664199946906933e+02 -4.124445885092882513e-02 1.017731234867596812e-01
1.103388011048047929e+03 1.693674242591868051e+02 2.153096888341678866e-02 1.104596925261489525e-02
1.069297801952946884e+03 2.269822417240463892e+02 -2.944997253448491392e-01 -1.831134607350293209e-01
1.123182103934756469e+03 2.396946000045416554e+02 8.717356987394850321e-02 2.033141349272682365e-04
1.085943562286800443e+03 2.797215292027147484e+02 2.973563520868992560e-01 3.616044714879081134e-02
1.121297436031520874e+03 3.769795955973262949e+02 -1.723854351357658604e-02 1.509556560414466661e-02
2.187573941828966326e+02 5.670993656640358722e+02 -2.367380463283552780e-04 -6.895351366893009547e-04
2.468640650107216175e+02 5.901974817716496773e+02 -4.163603310146300057e-02 -1.220868817273185469e-01
2.059200471784759259e+02 6.826832984469791654e+02 -7.057275916332627838e-03 6.260410049439997515e-02
9.916909856279560245e+02 8.040290371584611648e+02 9.829572386315021948e-01 -4.010755977361440960e-01
7.175589157407083576e+02 9.330895057440739038e+02 3.380479388684080044e-01 -1.063363814242166000e-01
2.351286472637208362e+02 3.547162576961372906e+02 4.891592170161374042e-02 1.724942408967677920e-01
1.075124348211801134e+03 1.766872377655608091e+02 2.562419202007504282e-02 -2.887655389133385597e-01
1.129603514188524741e+03 1.864079368648664570e+02 4.252229874549584565e-02 -2.053785726138102063e-02
9.903164515346759345e+02 2.470337425222116963e+02 -3.254410781703143130e-01 6.915869286456839404e-01
1.176943461052271687e+03 1.419566613618842155e+02 5.561790762715190795e-02 1.744354254670810178e-02
1.242277634507633820e+03 2.853005259694482447e+02 2.243878489929329589e-01 -7.089135748098840395e-02
2.370834152445647192e+02 5.787025337238511611e+02 -2.856785752567176928e-01 3.829557505738989676e-01
2.720110453229427208e+02 6.602163750995310920e+02 4.318790462988886247e-03 -5.868434695503310650e-02
5.065348139218123151e+02 4.458141959884197263e+02 -4.864436710015714316e-01 -2.863754910619794106e-02
5.310904423434892578e+02 4.945514489813670025e+02 3.416174681918467820e-02 -3.259860256910466353e-02
7.006419569935837899e+02 4.395647573730402655e+02 -1.854121743053838145e-02 -1.368262829122575963e-01
1.041095955548017173e+03 2.075445473308639350e+02 4.776364387294051994e-02 -3.105044788661454613e-01
1.116354595569854837e+03 2.331142954642445204e+02 6.386980644886837422e-02 -1.104670029171851836e-01
1.057037136074410682e+03 2.516101354539724753e+02 -2.841486719404808237e-01 -3.100153090871818340e-01
1.143396595648128141e+03 3.586043478449249164e+02 7.884510800856030233e-02 -2.098395277764287525e-01
2.530916472380772859e+02 6.974997013745132790e+02 -4.017499647365715271e-02 -1.954847694139516534e-02
9.967576320398690086e+02 1.686609188949274767e+02 7.472470055938629230e-02 -3.479132849817574424e-01
1.094377511873557296e+03 1.745125610630497590e+02 9.344532994327892084e-02 -2.644110908037049512e-01
1.125556592629082843e+03 1.999430706202303440e+02 1.592516660660976413e-01 -1.520459262139297607e-01
1.092625939347753274e+03 2.563242322334668302e+02 2.853289349732222036e-01 -2.372396912273302405e-01
1.099453353295707075e+03 3.062373074920525369e+02 6.118917566628852001e-01 -7.913578929273228368e-01
1.120949199582028768e+03 3.009691163988336484e+02 -9.794242194402613677e-03 -8.821230374280730757e-04
1.136718355389052476e+03 3.572556164028608237e+02 2.265809794496362883e-01 5.749994235560222933e-01
1.619006520883563951e+02 5.701150026206214534e+02 8.639728679209213169e-02 -2.219126333955045993e-02
2.676865248578233150e+02 6.385548824047664311e+02 1.102163816221661818e-01 9.126813409363876417e-02
2.118129247263238142e+02 7.037380893212426827e+02 -1.069597820840328950e-02 -4.116290565224289821e-02
7.371971839196002065e+02 9.342271494500630524e+02 8.414159140414767535e-02 -1.837202650347080635e-02
5.033748730254994825e+02 1.026697070319752811e+03 7.653556227978697279e-03 5.472715327039168187e-02
2.715307788632490542e+02 4.654733102214835299e+02 0.000000000000000000e+00 0.000000000000000000e+00
5.337637493127999733e+02 4.873751673206193118e+02 0.000000000000000000e+00 0.000000000000000000e+00
9.886402015211345997e+02 1.913340071795084327e+02 0.000000000000000000e+00 0.000000000000000000e+00
1.088731024154331180e+03 1.768668768833471461e+02 0.000000000000000000e+00 0.000000000000000000e+00
1.066295126550618988e+03 2.124236141574246517e+02 0.000000000000000000e+00 0.000000000000000000e+00
1.180655478454842296e+03 1.858693013113547750e+02 0.000000000000000000e+00 0.000000000000000000e+00
1.319214706662281969e+03 3.048809119537603465e+02 0.000000000000000000e+00 0.000000000000000000e+00
1.282617643986860230e+03 3.173808584194298419e+02 0.000000000000000000e+00 0.000000000000000000e+00
1.222423800652335785e+03 3.968372974435308151e+02 0.000000000000000000e+00 0.000000000000000000e+00
2.718183498121975390e+02 6.138362125053463387e+02 0.000000000000000000e+00 0.000000000000000000e+00
2.227083243218078508e+02 6.858810024637551805e+02 0.000000000000000000e+00 0.000000000000000000e+00
7.604436750088510735e+02 9.314338864157489297e+02 0.000000000000000000e+00 0.000000000000000000e+00
5.443784289417721993e+02 1.028380597565085736e+03 0.000000000000000000e+00 0.000000000000000000e+00
4.736937365285199348e+02 1.100577418128998943e+03 0.000000000000000000e+00 0.000000000000000000e+00
