1.340210287912272520e+02 3.827912049613109957e+02 -3.049119230130901623e-04 -3.056294493045369053e-03
2.655951428478563230e+02 6.830051091163030605e+02 1.079363935426299291e-02 -8.050406330091778098e-03
2.530039750333710913e+02 4.644387087981866102e+02 -6.971071742159697104e-03 -7.064420792001481833e-03
3.159284505823001155e+02 4.728125820974702833e+02 2.433823245533433058e-02 2.393321384256625120e-02
5.655681095089428254e+02 3.869636498639887918e+02 -1.192608518095712982e-03 4.283510830883768827e-03
2.785063602934347387e+02 6.129428026501316253e+02 1.114885896999222824e-02 2.073923606943674572e-02
7.061052251149991434e+02 4.177487658754647555e+02 1.533740382270290872e-02 -1.050922019218790936e-02
6.343470748935875463e+02 8.220377162265092466e+02 -4.405171264273455051e-04 -1.663063635037765938e-06
9.124279718578353595e+02 8.059028191874062941e+02 5.924884767229723600e-04 -5.937861867292073019e-04
4.599557123293585050e+02 9.415766374065119635e+02 4.531534428951549884e-04 1.004510536044072401e-04
9.054775090069899761e+02 9.229129599584875905e+02 -1.859675108839342573e-03 1.285460460394460824e-03
9.001149682808320449e+02 9.261089998641189140e+02 -5.710976613983964785e-03 -3.446693633562891625e-03
7.060222743393411520e+02 9.878581362283567842e+02 8.663511362625726797e-02 -1.226442879632855601e-02
7.151277033488180450e+02 1.011359082541701355e+03 4.230326295499361598e-04 -9.615957669159861049e-04
7.049829692323138488e+02 1.023633576559697531e+03 5.085247945972057402e-04 -1.352045091260890191e-03
4.816403846369180428e+02 1.099025126006580422e+03 -4.765329653273871419e-04 -4.785344191631257815e-04
7.044760495291682219e+02 1.036398161528015635e+03 -2.175055672440444864e-04 -5.111742777021076019e-04
7.518568510908000917e+02 1.067560842095831276e+03 2.716411761760958304e-04 8.353810075376633137e-05
7.456250742831183516e+02 1.071522997080709047e+03 -1.421218294745534049e-04 6.738766031381907690e-04
1.311623193996834118e+02 3.253544194221734074e+02 -7.133288259203507452e-05 8.439230922049048209e-05
8.997201620328538638e+02 1.102173309659723145e+03 -9.086279135497552254e-04 2.630982498908226823e-04
2.625061636574309887e+02 7.406185809164517195e+02 -1.534952309407119561e-02 -1.798442524376570387e-02
2.225277375858000255e+02 3.030763937561026751e+02 -1.050228887916927201e-01 -4.072376058503179297e-01
2.230368351472222059e+02 7.551882317697233020e+02 -8.303752144932237400e-03 1.956873601705743856e-03
2.994148309560368375e+02 4.881421245102050079e+02 -7.786793982928814917e-02 -3.277041257959383003e-02
2.459980604138910962e+02 5.043693768395185089e+02 5.804223533091306189e-03 1.271767129086322614e-03
2.487523895793765121e+02 7.185414165721522295e+02 -1.782874846339994445e-03 4.537295726933761666e-03
2.562204778689968521e+02 7.437278999281821825e+02 -3.934166200255870814e-04 6.018744946970292897e-04
1.244025061280900900e+03 3.937516918268231052e+02 -1.464402171281207164e-02 -3.068329111671616247e-02
1.194558849539429502e+03 2.543378468366946379e+02 1.048642653689840993e-03 -6.647207855584527300e-03
2.585179515375251071e+02 6.202379373210995936e+02 1.243522629255435809e-02 2.252951694420445190e-03
1.924935468267532315e+02 5.891551271896023536e+02 -2.423268145194994606e-03 1.444585974748559612e-03
1.152801040789362332e+03 2.306279209155401873e+02 8.582054525133192557e-03 -7.470681485707113267e-03
4.830047457395973538e+02 4.868986954039266379e+02 3.634149741053038524e-03 -8.347478052134797710e-02
2.363940809068078295e+02 3.669163180240702786e+02 -8.221359702886252285e-02 -2.802990907620834249e-01
2.946739337250243693e+02 6.593222167035700068e+02 -8.054166081614433717e-03 -2.290439959368329587e-03
3.042330932480831507e+02 6.385941972345411841e+02 2.083398192301294657e-04 9.205961399708607277e-04
6.284072929267232439e+02 3.710066500044650297e+02 -2.885912292574157809e-02 -8.001879926488379008e-03
2.372483873443021878e+02 7.157425620532236508e+02 -7.634446847173601263e-05 1.012556488610631109e-04
2.516957991174680558e+02 6.595345469246311723e+02 1.030656481886900629e-03 -3.015257079832646056e-03
2.496662149181996710e+02 7.278273530212203468e+02 -1.988620450979250789e-02 -2.332940409826165986e-04
2.035367680605963869e+02 6.817841820668260198e+02 -1.759457189740571900e-02 9.324850287806938851e-03
2.414155174581783569e+02 6.721881498922738274e+02 -3.511283349742298950e-03 -2.057868169476752968e-03
1.260335629073055998e+03 1.954563524021178864e+02 -3.850287775125846843e-04 5.640905796946690592e-04
2.659333326902854537e+02 4.646234213191415847e+02 5.056989596079344840e-02 -1.354252476194711674e-01
1.252319389784915074e+03 3.795837567869970144e+02 -1.415611963313882088e-02 8.644510715205994469e-03
3.005019112080449304e+02 6.457608710349048806e+02 8.226252601680739390e-04 3.804237236706042163e-03
1.190736938794091884e+03 1.834887474879095919e+02 9.787481347662869632e-03 2.628392633245270338e-02
2.537732625395801165e+02 7.341748719967171155e+02 -1.894640539812443613e-03 -2.449436461066028820e-03
2.154051951732556915e+02 6.676507365456816387e+02 2.103975885281478882e-03 5.791194522151335566e-03
2.155670520263633136e+02 6.525523406235047332e+02 1.858525994687778085e-04 2.627311177562741216e-03
1.222351875641292509e+03 3.973165468133090030e+02 2.347521424997124715e-03 -1.876846740794962595e-02
2.482668941311338529e+02 7.352935114430355270e+02 1.565226764787248145e-03 4.989086780985398963e-03
1.230129727412072725e+03 2.415829733391054503e+02 -8.693365407146635623e-03 -3.466353560790536720e-02
2.696585235306242794e+02 6.957704175637055641e+02 -1.950960962819120285e-03 -4.768742555776754773e-03
2.666783273481331662e+02 6.632659137919927161e+02 5.276730090007178235e-03 -7.338424513950305567e-03
2.818001997198177833e+02 6.841805015738608517e+02 -1.496607607077692775e-02 -3.180749878938603920e-02
2.458064347125373388e+02 6.355694545498616890e+02 1.009124809763367776e-02 1.189260800395297059e-02
2.523422582910899905e+02 6.301612112300897479e+02 2.458517717738798250e-02 1.122532177463325329e-02
6.992620169443507621e+02 9.096214815196584595e+02 -8.302082653598167467e-03 2.445491384323061207e-02
2.513074190593596597e+02 6.183158125186312191e+02 -2.072608908378015258e-03 1.462505116623700292e-03
2.349800627676365536e+02 6.317196170522897773e+02 -5.329538707028146083e-03 2.104077261532942642e-03
2.586118763711375550e+02 6.422732512760460395e+02 -7.690248882703158186e-03 -1.560068333656270539e-03
2.459636382891121684e+02 6.926220535156111282e+02 -6.690930398153199093e-03 -2.064673856785018309e-03
2.911374472543398610e+02 6.484811767221901846e+02 -3.426705389172904782e-03 -4.599910245020726388e-03
2.283772917344238067e+02 6.964541685786399512e+02 -7.375980640887573126e-04 1.854248272642134224e-02
2.030098506320519505e+02 7.018570255505463820e+02 1.931640122151493657e-03 1.398001321672607059e-02
3.076410186691975355e+02 6.302582696960644171e+02 8.164769046014061157e-03 3.219176157224612912e-03
2.465623061275923078e+02 6.151788776119022941e+02 2.156086692943319787e-04 -1.621096435007647076e-04
2.951864766441195798e+02 6.044213396295782559e+02 -1.247406308713231360e-03 -2.063736260661154162e-03
2.326627646981236808e+02 6.430637863087996493e+02 2.067128875996156190e-02 1.841526279503170188e-02
2.299773689394607743e+02 7.147115098644235331e+02 1.038318873866620655e-03 -1.434051694185754008e-03
2.926966510415103357e+02 6.614424915019797027e+02 7.486513629288256899e-04 -7.668335229484432407e-03
2.509716768963951381e+02 6.515292879363505563e+02 5.609614735591028807e-03 -4.683788337427646949e-03
3.242854279034603451e+02 4.822666026757353848e+02 1.917762507066347183e-03 -2.410609518718875768e-03
2.868774421100131917e+02 6.628825295705547660e+02 3.205245258881616460e-03 -7.197938389257353860e-03
2.452676451461633746e+02 6.654351792050917993e+02 -1.365188976219857591e-03 -3.281464860769533771e-03
2.925303523684500533e+02 5.791572403354726930e+02 4.766428218601959088e-03 9.424388123167350140e-03
2.226111558456713055e+02 6.859281600755747377e+02 -2.638803153584799721e-03 -3.749126581331749253e-02
2.892069710501633608e+02 5.878205329419063219e+02 3.852463961527181641e-03 4.060792927168339200e-03
1.235168750696251891e+03 1.336887949368204147e+02 -4.166707607210620723e-03 2.653129654050016568e-03
2.675430035408954836e+02 5.823880101958645810e+02 -1.191195780568768186e-03 8.696867693991876605e-03
2.102638929579833302e+02 6.868685987728918008e+02 -1.795610496867144912e-02 -3.330502332736015592e-02
1.063149328979063739e+03 2.965741703289240832e+02 4.577998538984547339e-01 -2.662220960408748782e-01
2.857546679233756777e+02 6.359292141258945321e+02 1.920833222645751924e-03 -1.126055586089005607e-03
1.488660567534123800e+02 5.293575197377682571e+02 -5.108351362666341960e-03 2.315052206251430600e-03
3.080391327601073499e+02 5.584419098490840270e+02 -7.421259508322295209e-03 -3.031162481014878715e-02
2.332379511109750752e+02 5.220208857804084346e+02 -3.564778713203875082e-03 5.318553210130774755e-02
2.453902473677281080e+02 6.829539594983148163e+02 -1.465158161804279435e-03 -4.098708391972316969e-03
2.861207112242042854e+02 5.500260444261122075e+02 5.609692259899322006e-03 1.359527424504805050e-02
1.050316759417048843e+03 2.202822075848897327e+02 -9.853434647775339769e-03 1.786850672750029886e-02
2.405408324636877637e+02 6.825629428112544019e+02 2.986087149802098143e-04 1.077599866437252505e-03
2.700178021731949229e+02 6.548448678707709405e+02 -1.796692081731042848e-02 1.194784722164207204e-02
2.897356982259697702e+02 6.190502774502562033e+02 1.172451157642097688e-02 2.934980524061063436e-03
1.087447428922371046e+03 3.102099963609519477e+02 -1.224642363519643168e-03 -1.147624764515267279e-02
3.192425383724640824e+02 1.060014261268718883e+03 5.409541075289100824e-03 7.120224411860678025e-03
2.512640225307020216e+02 7.024651761381006736e+02 5.101231044957082669e-03 -5.734994955097442310e-03
2.325442221459173879e+02 6.742262468437285179e+02 8.440289667438581958e-03 -2.733342771854481955e-03
1.216025674343175751e+03 3.520108153960990194e+02 5.699484294458814423e-04 -5.659371536543547962e-05
2.737645501863619870e+02 5.977753136421176805e+02 1.904143803365554487e-03 -4.199232410300202134e-04
2.463632856980980819e+02 4.938537969179221818e+02 1.505110499475463201e-02 8.086869548561585047e-03
2.712975652209779582e+02 6.785305120285063367e+02 -1.494807091734005064e-03 -5.305155170742524053e-03
3.348399692618739323e+02 5.006959331036473486e+02 -5.618226699788338996e-01 9.768365075439641720e-02
2.415564722391734733e+02 5.957903998467390920e+02 -3.086835109419190648e-02 1.849244091683525590e-02
2.522441656065293500e+02 6.416838445226327394e+02 -5.267356817706785911e-03 -1.103924483653251007e-02
2.923046458145492466e+02 6.374186653235256017e+02 1.697768705473618432e-03 -1.364262645287147614e-02
2.379373189598081808e+02 5.032628475016596212e+02 1.204223379273843854e-02 9.774799950978060870e-04
1.199388606007370981e+03 3.436734315472590993e+02 5.209552738803479438e-03 -4.783224881644418912e-03
2.582645988734478806e+02 5.508713739544831469e+02 5.171379709234333842e-03 2.712395338020055779e-02
3.043605381358843260e+02 5.061195446312185027e+02 -2.538082983795056369e-03 2.394884934121796830e-02
2.076778867486733873e+02 7.282574868464555493e+02 -2.690248064162755522e-03 9.710214165617870978e-04
2.826899224999272064e+02 6.534186019506581715e+02 1.495713753321511097e-04 7.759415974121138329e-03
5.372175460835777585e+02 4.872309517071198570e+02 2.181090570825583094e-02 -6.986609718718219016e-03
2.273573752317660990e+02 7.081098253029607577e+02 -6.539915329985978090e-03 6.982809204088772335e-03
1.204404437552017725e+03 3.865506684334060310e+02 9.959308528221858664e-03 -2.036130344200807324e-03
2.644029557462256435e+02 7.306049465750546688e+02 -5.066051724753887348e-03 1.521819953334688528e-03
1.172487422213875107e+03 1.932800278458341268e+02 -4.017778259836712884e-02 4.035540770107048231e-02
2.778811622806969126e+02 6.589770185495311807e+02 -8.249637336449618802e-03 -7.435774551832891044e-03
1.429456496475151539e+02 3.929335331584401843e+02 -6.518339576515618829e-04 -2.756391819255189150e-04
6.073672344282027780e+02 4.094547262805429000e+02 -3.763777473133672058e-01 1.083158550564822659e-01
1.216400426341722095e+03 2.551127428296814230e+02 4.597814320660101615e-05 2.061390571574664519e-03
2.498428459434043134e+02 4.134045936305842019e+02 -7.367433603769092676e-02 -2.746815725317873214e-01
2.302092731774752679e+02 7.455275509342571922e+02 -1.019057171855491695e-04 -1.314903549524784046e-03
2.348161989162765337e+02 7.032276672456117694e+02 1.255373075565360819e-02 8.735248192438390888e-03
2.165175856074019975e+02 6.413146244232561912e+02 -5.696060143416634440e-04 5.831485977022801172e-03
2.275039094823213190e+02 7.751092611511230643e+02 1.813193984123519925e-03 4.167522586679315265e-03
2.467892276315194806e+02 5.208266114045499080e+02 -1.949339078412578308e-01 1.663252621946894327e-01
2.350053040523514767e+02 6.212256771606271286e+02 -3.927902958907614379e-03 7.527092621171955003e-03
1.140127210717503658e+03 3.722611966885332890e+02 1.714788035435886593e-02 -2.185653288324041280e-02
6.201816429848381631e+02 3.802203952134628366e+02 8.454132310774157113e-04 8.775965151187954671e-03
5.587069303195709153e+02 4.240171291984466961e+02 -3.964898575000727066e-01 1.147468518103276491e-01
2.583445220707538965e+02 4.397853509025592302e+02 -9.221079213879553038e-02 -2.565693062895302301e-01
2.114057911467825761e+02 7.456746182955548647e+02 2.995462325400813884e-03 1.656055243296406703e-03
2.797491612934656473e+02 4.963393638284373424e+02 -5.889615800772828730e-02 1.774612236984029201e-01
3.468333721283071895e+02 1.067771199331184107e+03 1.355185320368500462e-03 7.271683049312102284e-03
1.095195726966819620e+03 1.554809720048096153e+02 5.190204617353475977e-03 -1.801201797182516717e-02
3.429438743176130515e+02 1.068674879709603147e+03 9.472847627524282055e-03 -1.262695390737867936e-03
1.116989355440671261e+03 2.459002323570333886e+02 4.937467975621372129e-02 3.072926079716540304e-01
1.126775708701338772e+03 2.325862205864769123e+02 5.529759263856141166e-02 -5.272865626908171399e-02
2.657142427589898261e+02 5.922678397056857875e+02 -3.698042037254677117e-03 2.404914186716061632e-03
5.904614640248281603e+02 3.725001079955439991e+02 -3.606752597208879446e-02 3.886857931474586164e-02
2.147622374429709851e+02 7.381793013092666342e+02 -3.936511148759003556e-03 -5.474264532067266500e-03
8.556336018542294823e+02 8.798095073506789277e+02 3.735479078472895287e-01 -1.900708583227989634e-01
6.393958500743196964e+02 4.186856995075191890e+02 -3.584785029531758482e-01 1.188507602712085276e-01
1.002200091720124192e+03 8.160816155380766759e+02 3.406519777194653709e-01 -9.046819904292398296e-02
2.058321901126061277e+02 6.950725202989394802e+02 -6.079328655874410500e-03 -3.835372862336088907e-03
1.545954353566865791e+02 4.976915687790818197e+02 -2.119166224265669474e-01 -3.062701598227714483e-01
3.977300854443008689e+02 4.637591920985099705e+02 -6.176333912195244302e-01 1.893202716701063715e-01
1.346944221976778238e+02 4.000678288371160534e+02 -2.905608554753783446e-04 1.504666636266716821e-03
2.599167964575843826e+02 6.852769888969543217e+02 7.638669122624184953e-03 6.138616045066077991e-03
5.165651156866887277e+02 4.267822974342915359e+02 -4.234137876184420057e-01 1.978029910025189408e-01
3.091218627779023791e+02 6.066094969959106038e+02 1.471575292655325981e-02 -4.265151533016674212e-03
1.169421996090224184e+03 3.697491303500723916e+02 -8.925209028730743399e-03 2.136241243588323999e-02
2.808955965014312710e+02 4.806088114899394554e+02 -2.605823056152944961e-02 2.636788716694307144e-01
2.752136627578028651e+02 6.234618759345713670e+02 -1.101145567269335226e-03 -1.604517477980972137e-05
3.368259764577828719e+02 1.078497468277453663e+03 -1.666025036232296475e-02 -1.125320801250579983e-01
3.229696311950343670e+02 4.972757834422679935e+02 -4.018637988870873423e-01 1.236269009366469107e-01
3.104746189797673424e+02 6.217676170388054970e+02 1.812713590687949593e-03 -3.959307477364944032e-03
3.885018558325686513e+02 4.698230883080295257e+02 -6.720973642841356899e-01 1.538353277444266254e-01
1.166862473963106368e+03 2.396015674570942622e+02 1.952899648685755413e-02 1.714576835216921613e-01
2.718129695629032199e+02 6.601456620960201462e+02 -6.059995390133096280e-03 -7.306800787654366656e-03
2.615412226713418136e+02 6.975291703180078002e+02 2.176275862446949282e-04 4.821164315417533416e-03
6.758949733682773058e+02 3.890158683194702007e+02 -3.204943437992768263e-01 1.294028213762435375e-01
9.335124506670645133e+02 8.433026642850636563e+02 4.440000281323442932e-01 -1.419452427032764363e-01
5.350000850286401146e+02 4.276932768859124394e+02 -4.165480410375181353e-01 1.452594803138636814e-01
9.498882474265511746e+02 8.342889569167563195e+02 4.457523456685262842e-01 -1.592485499638578161e-01
2.339985811181695396e+02 7.122028321524774128e+02 1.512289798090433145e-03 2.456823538338566881e-04
3.946060932385445881e+02 4.757628811396546098e+02 -6.365820573570137864e-01 1.727077423669490797e-01
2.377296382123874992e+02 6.076349725949654612e+02 -1.509236203166622499e-02 3.694186465125511021e-02
2.970706125300955591e+02 6.546510217268978522e+02 -6.578407539398603565e-03 -1.443202636981161377e-03
6.490317292538935590e+02 3.883923190427001941e+02 -3.336556758164069825e-01 1.203074110108649647e-01
3.243793671894124486e+02 6.091527809778211804e+02 -2.444994507604095397e-04 4.182042610202440190e-03
8.894018432383917343e+02 8.629562752873954423e+02 3.765337512089920180e-01 -1.638613210848290647e-01
5.020265804065296606e+02 4.979339454845961086e+02 4.771068731023788145e-01 -1.248171182377814659e-01
9.203355286498904206e+02 8.562966114214231084e+02 4.620152771307254325e-01 -1.587384175621291693e-01
1.103032877031149383e+03 3.328991363143650233e+02 -6.168898318886625182e-02 -4.093782127556956120e-03
2.830928438536394651e+02 6.783690228645709794e+02 -6.816422379445990186e-04 4.963943799551917037e-03
1.006399302395194468e+03 8.185318089938010644e+02 3.406768327667019647e-01 -1.113639429170549672e-01
8.692317664535128188e+02 8.627227085052130633e+02 3.635879381849017600e-01 -1.665958048147308801e-01
9.211680979038051191e+02 8.646305324140608946e+02 4.645913734203871992e-01 -1.380072129666391201e-01
2.718926591746045460e+02 4.405071433395894474e+02 7.128568230023019092e-02 1.649305684426281005e-01
2.530608721913366708e+02 5.795812272370985738e+02 2.326230424082136039e-03 2.781194936344513497e-03
2.330951142481337683e+02 3.561785124136377476e+02 -7.549681919035247657e-02 -2.897389618193641492e-01
4.844258144651959128e+02 4.373026960968324488e+02 -3.858701365759169555e-01 1.754322212912496626e-01
6.191487219112516414e+02 4.013696041311681597e+02 -3.675289278504207391e-01 9.817057127574485564e-02
3.760927546590010593e+02 4.823580424746533595e+02 -6.034666788499283285e-01 1.535030706448608784e-01
3.221388437860093177e+02 1.081515863844084379e+03 -2.048689357083037423e-03 1.049764606903246964e-03
1.019176081506488345e+03 8.074337633192467365e+02 2.724727413821084743e-01 -3.174018394338305737e-02
1.150070550988181367e+03 2.858989614034069291e+02 1.665903390415691965e-01 -2.587327511105472211e-01
9.098350279588170224e+02 8.488323068871247870e+02 4.642640210476807749e-01 -1.576528449981194624e-01
1.213580349280187647e+03 2.080178242252856364e+02 7.505507751280711057e-03 -2.332664539760273201e-02
2.619833430351012566e+02 5.603736489352244234e+02 -1.018080121790681473e-03 -7.698174803538064548e-03
2.769094936029746918e+02 6.747623792823026179e+02 1.802997888365881702e-03 3.490863415426121320e-03
6.110141589697243489e+02 4.312620302945194908e+02 -4.452550069689102386e-01 1.393607336626059290e-01
2.134615723665644964e+02 5.177654121068178483e+02 3.706269107514646374e-03 8.377540029663137558e-03
2.983263257076860668e+02 5.755013609650493436e+02 9.003171511376467564e-04 -4.885497867269013045e-04
1.172684957483179687e+03 3.570450031459583897e+02 -2.219253405997949260e-03 8.318994327551239298e-03
3.197985731592218599e+02 1.085851919188736247e+03 3.809279130592531848e-04 5.616315740974524989e-03
6.557409293766678502e+02 4.014621709701631289e+02 -3.183880853792588339e-01 2.034683613584866435e-01
1.149273910000164051e+03 2.460120163768688144e+02 2.229913761584386908e-02 -3.164420272062869015e-03
9.927413370723054413e+02 3.114587666817875515e+02 4.934903148727185496e-01 -2.965338242370938460e-01
1.136795640378120879e+03 3.062348625367543491e+02 4.762521361625757926e-02 -2.348704280657723797e-01
2.651506664568486826e+02 5.497965433190996691e+02 -5.418830403594274451e-04 1.381738614815510545e-02
2.692884946164532494e+02 4.092783516257509859e+02 3.693994695198220268e-02 1.885623038018734154e-01
6.807266501896664295e+02 3.821941628707215273e+02 -3.668735625599547356e-01 1.410092054070705425e-01
4.022535584509016076e+02 4.714097450044653215e+02 -6.243126524764395224e-01 2.110275721321650810e-01
2.577748515692784395e+02 5.849408405821449151e+02 -4.563244858873909647e-03 -1.094840380509446397e-02
1.183610848527640428e+03 2.316703615924209032e+02 3.961185364364204486e-02 2.420771747927710424e-02
8.557635455471672685e+02 8.907730696403955335e+02 4.117374555997338481e-01 -1.721539670740588057e-01
1.070776522438160100e+03 2.909033327143704923e+02 3.930893923140191260e-01 -2.432788322669644510e-01
8.369016659793838926e+02 3.503793529476372441e+02 -4.971089630399357917e-01 1.218687915035268493e-01
3.064783513468506158e+02 5.733532706594882029e+02 -3.632048269407327310e-03 3.117014674918245406e-03
4.635112868880876817e+02 3.921813022909809092e+02 -1.239521714750264881e-04 -3.125201949424846661e-03
7.835013769233174799e+02 3.998078038275252197e+02 7.798674510715752906e-02 -5.400761777170231398e-02
2.760220147731741349e+02 7.003972048476065311e+02 -2.552905975424230164e-04 -3.396234453056971858e-03
6.337573369050758174e+02 4.342797583387681470e+02 -5.044223705660481061e-01 2.565642285223187491e-01
2.634426771102067164e+02 3.984185580815126855e+02 3.991604071691908645e-02 1.535596182490283901e-01
1.080553892822498256e+03 2.037570086134267342e+02 -1.611683746984166055e-02 6.907354559412043349e-02
2.620031800850328523e+02 4.728018402538696705e+02 1.194005751686562089e-01 -5.867305785886574310e-02
2.177735247759083848e+02 5.793350907523490605e+02 -2.339249917087619229e-02 -1.203271294401803485e-02
9.755330195880192150e+02 8.648209911483937731e+02 4.527953503964213255e-01 -1.194703176179527371e-01
2.653089505754305151e+02 6.296110834134138940e+02 3.653143056994557266e-03 5.676804742492013757e-03
8.916115002598085084e+02 8.737132942068026296e+02 3.745849855547926377e-01 -1.624058717192808921e-01
2.998511779665526547e+02 5.953546453518207500e+02 1.532514647294084447e-03 1.471683213245310318e-02
2.449102912777466372e+02 3.937008755949636338e+02 -8.152673159223031152e-02 -2.937892152416728409e-01
8.451102860877709873e+02 8.911821847009698558e+02 4.143899768030617770e-01 -1.801996491116018562e-01
2.747430481237601612e+02 5.411219627908795928e+02 1.272677931527789854e-03 -1.266823379330279465e-03
3.352005148803126531e+02 5.138807845533091267e+02 -5.922000378661063102e-01 1.033208425152283144e-01
4.958067438724635849e+02 1.100305465594254201e+03 -1.008912599888292183e+00 4.967751048634477251e-01
1.989172995707085363e+02 7.057769539259188605e+02 1.472742957348752504e-02 -2.520244161937535907e-03
2.000621062870605726e+02 6.386279125220276001e+02 -1.161545136189847532e-01 3.878547642300384513e-01
2.145874060365547962e+02 7.134371091064929260e+02 -2.623822853885742108e-03 -3.595713692729446669e-03
1.085069148976789847e+03 2.918267237142200088e+02 -2.952344562739802475e-02 1.191571184530451494e-01
8.104896442210815621e+02 8.971264774331117451e+02 4.485785356104876054e-01 -2.479208152309591295e-01
3.848949559603515809e+02 5.133114034904111804e+02 -6.608762039797522192e-01 1.366130573737110443e-01
2.235943908142043313e+02 6.583981866288534093e+02 2.355688358874215272e-04 -1.312187396594015473e-03
5.726844306020607291e+02 1.058735814139819240e+03 -8.116923134909443949e-01 4.863386124566024815e-01
2.293896205355243012e+02 3.420182521817797578e+02 -1.193420528891820515e-01 -3.134072370205850944e-01
6.827519574409824372e+02 4.200997452622891615e+02 -3.911984460800799757e-01 2.489056383843948062e-01
2.836409693046899747e+02 6.307476806279206585e+02 -8.400017719058008522e-03 3.483698970860519412e-02
2.503391290090032442e+02 5.947493583957241299e+02 -8.010406648557844012e-03 -7.036094578219184020e-03
3.158671072697398472e+02 5.671472234669314503e+02 3.703205084307363386e-03 -3.719959614169182204e-03
2.468613183743237585e+02 5.783584146461198543e+02 1.788175015503715203e-03 2.794642609123146413e-03
7.513656699281655165e+02 9.642360962235507031e+02 -3.787738119124602065e-02 8.954667852448087301e-03
1.056373003402541826e+03 1.600245381081705034e+02 1.085116858070867413e-01 -2.821789939051762980e-02
2.728629996537692364e+02 3.839298945214396781e+02 7.563299161376161456e-03 1.582937344687583292e-01
2.760743240374965239e+02 5.921714054823651168e+02 2.137547937478260010e-02 5.107139699582333159e-02
2.599613117887280396e+02 3.609462868754571900e+02 6.447700414357887544e-02 1.952102858147606590e-01
2.550207750106805236e+02 3.653464120468643728e+02 6.052836918976344655e-02 1.560764992910665117e-01
8.247722096891722003e+02 1.102209379078359007e+03 4.086000886056155861e-04 1.007526173110602339e-04
2.448426032485480732e+02 5.100624634519024312e+02 1.698207261196136794e-04 -1.532326965985649197e-03
1.139990266086627571e+03 3.417885103282183081e+02 -6.033564738712326059e-04 -5.517823170538743542e-03
2.164126745824058560e+02 7.317325981586772059e+02 4.519724921367874603e-04 -3.276695442952298580e-03
2.857967056286732372e+02 5.745255492372574508e+02 3.875313329783153498e-03 1.291055884546674949e-02
7.551211310415986873e+02 9.612410581573512900e+02 -7.496652235081657789e-02 2.888383652921535510e-02
1.263063529044410643e+03 3.643858090374149583e+02 3.426164890450056778e-03 -1.386176726281922178e-02
8.537012862838241745e+02 8.704884349346898489e+02 3.900364065818454629e-01 -1.787927729409994337e-01
2.715253840534648475e+02 6.721688367640621209e+02 2.277259339498504190e-03 5.188249814482738011e-03
6.364789988502049027e+02 4.095980903638264294e+02 -3.686973099935121345e-01 2.054404666534575818e-01
1.176652730235203080e+03 4.048947785550648177e+02 -3.429679006797747842e-02 3.081375657606515509e-02
7.343795483250752341e+02 3.738879588285506657e+02 -3.741058285913676507e-01 1.016709290327031945e-01
1.130438097026947162e+03 3.266561872068188563e+02 2.540248062751914587e-02 1.695925830605211904e-02
2.618832691537360233e+02 3.688216991536996261e+02 4.350750763290144735e-02 1.678998200766492477e-01
3.592488060683126605e+02 1.066562147207052021e+03 -1.932097388205791799e-02 -5.384622922929788516e-04
7.053586039280194200e+02 4.040370817211949088e+02 -3.661659599242997887e-01 1.706415800772582425e-01
7.113186070655863205e+02 4.063659387491668440e+02 -3.468659583377133870e-01 1.593772596006106657e-01
1.137378582132731481e+03 2.261926922991542313e+02 -5.028160712333491073e-02 8.502203080877814012e-02
5.318216033524988688e+02 4.419791512889401588e+02 -4.014031582472490922e-01 1.206539125389013839e-01
2.492374237830311756e+02 6.851282793993472069e+02 -1.024967869514034798e-02 -2.643053076931750275e-02
3.683161839532938302e+02 1.065788727485942673e+03 -2.696973408510890124e-03 7.508204521647965151e-04
1.207068000514092091e+03 2.146001114880365606e+02 -5.441221017073787254e-03 -6.495336210699599599e-02
2.270069730028165509e+02 7.303469669781458151e+02 1.583080329065931352e-03 -5.121958075354014935e-03
7.899371652358584015e+02 9.054590829124663287e+02 4.299670252608907006e-01 -2.318755537381269327e-01
3.125548521010001650e+02 5.776140967130678519e+02 7.661181211421810161e-03 1.180495766046231812e-03
2.674038760181674661e+02 3.653824851875043009e+02 5.826153063416784211e-02 2.283271547768039866e-01
2.190037264424886700e+02 6.621700483538327262e+02 3.186891233291711326e-03 -1.156680345956946111e-02
1.163913857951554519e+03 2.516393299260597587e+02 8.846610078447579573e-03 -8.101695473460315128e-03
1.155648809839840396e+03 2.199767416014346679e+02 2.318532428373623264e-02 -4.559117243358701277e-02
7.575778112223705421e+02 3.870071026712605544e+02 -4.206507235634048825e-01 1.413749521844503698e-01
2.384834090709739485e+02 3.771074554776380978e+02 -9.551837182116956759e-02 -2.848851948281871937e-01
2.575534628246281841e+02 4.204891118679082069e+02 -9.508810114680114889e-02 -2.931389773552544598e-01
1.183295343871970090e+03 2.583143055186883430e+02 8.966851498594269679e-03 2.842668857238067268e-02
8.005043675236502168e+02 8.800967896201832446e+02 2.509770799874820324e-01 -2.121034207186553167e-01
2.156415890038604175e+02 7.232739638742633588e+02 3.737918881337000138e-03 3.256597644274346944e-03
1.064677714905934408e+03 2.667175862324975810e+02 1.131417144392776464e-01 1.363165653702153313e-01
1.059301709033965835e+03 1.929788772064053717e+02 4.651711365680750651e-03 -2.478850334373666666e-03
1.205935880432691874e+03 2.063465867441136083e+02 2.405971530154124832e-03 -6.366082465123076677e-03
2.122700899258398692e+02 5.804255643721679689e+02 9.214961161989500618e-03 2.777984116183048954e-02
2.559940786244227127e+02 6.026747579867012519e+02 -1.029344904664594024e-02 -1.736966960856764150e-02
3.432783004213192157e+02 4.961977677261368171e+02 -7.742429496355014429e-01 3.243634141399401316e-01
2.302018460325553804e+02 5.710687537159961948e+02 9.132016788343116226e-03 3.788289123309201978e-02
7.332764291072898004e+02 3.641022219698784284e+02 -3.751258253637512197e-01 2.007380084746052951e-01
2.246763009726536211e+02 6.760977183968077497e+02 -2.800510003746604568e-03 -8.163702733104355111e-03
7.705262473056919816e+02 9.613482086421258828e+02 -2.619673236568614283e-01 9.167762620208716462e-02
1.037630702378492288e+03 1.607071911067311021e+02 -2.628433101570786662e-02 -9.733256982821862635e-02
7.361597960333824631e+02 3.807662410486409499e+02 -3.706970383920019652e-01 1.175606388569447186e-01
2.659788540925050597e+02 3.481118692144808051e+02 4.435776966103206764e-02 1.960254105631694943e-01
3.829450652216021354e+02 5.286771583399743122e+02 5.971324845702586509e-02 -2.366852325073775382e-02
2.431057811787343894e+02 3.529332207238842329e+02 3.647803415682859124e-02 1.612896897997026513e-01
2.590465878385554674e+02 3.920682939407448089e+02 3.516244503067768312e-02 1.526465121490242494e-01
1.073905713453822500e+03 1.979206918597619733e+02 1.061700165936068328e-02 8.983689493639489959e-03
5.124088962394035889e+02 4.686580783232950012e+02 -4.519875101922050109e-01 2.688596141956133279e-01
3.097014462524662122e+02 5.136393911482515477e+02 -6.174512320454834599e-03 -2.350529513747271360e-03
1.191291541472163772e+03 2.266456429464958546e+02 2.684535255632521707e-03 -6.935331716613628988e-03
2.964284262950600919e+02 5.515493840192982589e+02 9.929374091752991849e-03 -7.312436188348472518e-03
7.809171090304987501e+02 9.427045907437241112e+02 -2.763806332594910820e-01 7.339681872026337928e-02
7.756628197374833462e+02 9.463968652180645904e+02 -2.794136986003616374e-01 5.825687556683298990e-02
7.900104442479383806e+02 9.510464705363004896e+02 -3.283747359338990979e-01 1.298249620044985286e-01
6.235818066562774220e+02 4.017603529155149431e+02 -3.799372722068928843e-01 6.601154965135219710e-02
2.088088885371446963e+02 7.247895000129625487e+02 -5.134950795396358257e-03 4.263167275898089442e-02
7.908287016917331584e+02 9.570964834349440480e+02 -3.392850885479798406e-01 1.253044020606955411e-01
8.774105307468914816e+02 8.888286112574949129e+02 3.964065084973995012e-01 -1.637509252799823622e-01
2.273981090399316543e+02 3.211451321705092710e+02 -9.738448383776562856e-02 -3.283003003415567722e-01
1.206587130595789176e+03 3.690891852312661854e+02 6.965576027499595715e-03 5.746544117618222584e-03
2.423544408993905392e+02 3.257449865990830631e+02 4.104991467879232081e-02 1.116846833243344134e-01
1.972285945445583764e+02 6.852369368005578281e+02 -1.456823563258927839e-02 2.153785647405386319e-02
8.194960000877026687e+02 9.450974852873034706e+02 -3.816824711920396296e-01 1.601622021801559492e-01
2.411538701279540362e+02 3.413653008389920274e+02 4.624929822574023325e-02 1.689046014679208840e-01
1.128708590232007509e+03 2.224824328790678578e+02 -3.081601961990726012e-03 1.787071716550615169e-03
2.586636556821079012e+02 4.521863407115923224e+02 -2.136840207521174383e-03 -8.204076015597973684e-03
6.193874030759800462e+02 9.359973422070221432e+02 1.850639114714380795e-04 6.163401773243670746e-05
2.819402586202413659e+02 5.588746171173180528e+02 -5.966341239261757981e-03 -2.520265916516136362e-04
5.881972962765689772e+02 4.053391611459409205e+02 -3.799286408638111734e-01 4.245098483320789567e-02
1.095043244804542383e+03 2.712468141494652514e+02 3.095078669259962445e-01 -2.514148613213387784e-01
1.926439212431533861e+02 5.959079366848178552e+02 1.524431974522510351e-03 1.919212006176095010e-03
1.161225581712681560e+03 2.311786362087034377e+02 5.796936910231727941e-02 -1.630477172185003376e-01
7.801080579863464664e+02 3.596867587022184125e+02 -4.313370037536114476e-01 2.535038778893300426e-01
7.894444155087498984e+02 9.363195436352704064e+02 -4.033075775034988819e-01 6.976169836381322653e-02
5.536553476632241200e+02 4.527616461560550079e+02 -4.284478322716531173e-01 1.376274627871692802e-01
8.212136288510662325e+02 3.529964333768043616e+02 -4.218946527417499759e-01 9.705791271934098574e-02
2.607724995866819881e+02 6.593900756250413906e+02 -6.318415364658017293e-03 -1.362672150910744680e-02
7.829650629692443999e+02 3.660378151055734861e+02 -4.202242476503355029e-01 2.278934278162640659e-01
1.213729930187707623e+03 2.246438726065670153e+02 1.972733128436945232e-02 -6.228208880581196510e-02
7.996232114203404535e+02 9.179012674182523597e+02 4.127216169173211213e-01 -2.200056697209969714e-01
7.822368239372067364e+02 4.897986748207133587e+02 1.198228726876226276e-03 1.813486026679642725e-05
8.144846781848107184e+02 3.686561139115989931e+02 -3.037869419300851526e-01 8.103009585341558463e-02
9.675429180905481417e+02 7.433815863309314409e+02 -5.854037323788901376e-03 8.743535945898044115e-03
3.520636240281071423e+02 1.032967090677832857e+03 -1.738437727453614468e+00 4.164172923676068838e-01
7.955300829681146979e+02 9.426655813594683195e+02 -3.748184764586195428e-01 6.758069316898773771e-02
7.920964356926193659e+02 3.864668279052291382e+02 1.548482852411546019e-02 1.797802794096179041e-03
1.158251683987420847e+03 1.982159296022402373e+02 -1.517697488314315515e-02 6.199436389816539994e-02
1.134376656784355191e+03 1.861790572407934121e+02 1.512512263417814355e-02 -3.161964907846959855e-02
2.648709311410015061e+02 4.964804256818443946e+02 -1.625529619055710862e-01 2.144146850826958439e-01
1.124024596459529903e+03 3.392472856742060117e+02 -1.693507848964001441e-03 -1.184334745721965336e-02
9.970488424431952126e+02 3.128488373662452204e+02 4.637431209773593688e-01 -2.678664856673166894e-01
2.558837035825630153e+02 5.007001360837556376e+02 -4.992590766676411468e-03 -2.445559249013463856e-03
2.823046143975693667e+02 5.494915304798593070e+02 2.478268512151888744e-02 3.015348973862260265e-02
9.005990201575152696e+02 3.063726479920090924e+02 -5.960333812267969433e-01 2.662212055517966802e-01
2.894881919234664451e+02 5.663604433682540957e+02 3.084563037942398278e-01 -1.372258639674548732e-02
2.779137236778313422e+02 4.674450920459811982e+02 3.669064195617855600e-02 1.739788347338973029e-01
2.592624939490919473e+02 6.260216574568573833e+02 -1.213402971295084697e-02 -1.815464939156776966e-02
7.682194028367515557e+02 4.128479874924009323e+02 4.029517137237179081e-01 -2.252212417344105072e-02
1.085384672993244067e+03 2.094370187298469830e+02 9.560070994139816414e-04 -6.073764981525721536e-03
5.163643579310398763e+02 5.723614061752857651e+02 -1.365419290291446375e-01 -9.689038127483103058e-02
6.391762396522314020e+02 9.658187769698931788e+02 5.657541870880559154e-01 -2.909371921127380523e-01
2.104780540996305263e+02 7.166533243722086581e+02 6.683786789965729704e-03 1.694057839147442707e-02
1.942221932125376043e+02 3.196105069906914196e+02 9.311442268588142465e-04 -1.341822002464231457e-04
7.501972428068895624e+02 3.646286530565911903e+02 -4.983841683297630665e-01 1.643398305232338374e-01
1.263777337692117044e+03 3.090451354996796454e+02 5.778097014918370800e-02 -3.819554035210601106e-02
1.083885650448713704e+03 2.827253967441538975e+02 2.404040550041255664e-01 -2.583263461906719072e-01
2.283426101052403681e+02 6.866065576030821376e+02 1.441463214739047106e-03 -3.215330638497134255e-03
1.627055669419804076e+02 4.971894860895089323e+02 -2.051595281292402928e-01 -3.267011424505374961e-01
5.994849231931256099e+02 4.114177973200285692e+02 -3.901875894817087298e-01 9.917671264636879203e-02
7.455357915865694167e+02 3.558680054030000406e+02 -5.114297143267567680e-01 1.762623724245363510e-01
2.941856733739710421e+02 5.346854820614803430e+02 -1.484071772112616032e-02 1.746284611661705344e-02
1.054828770863667160e+03 2.931513965458823918e+02 4.311842566708724012e-01 -2.708810075366513970e-01
1.120984294060394404e+03 2.144697960803810020e+02 -1.014010405183308691e-02 5.841342195960557912e-03
1.112205020926400721e+03 2.300221148827592970e+02 2.915605238533569132e-03 3.497104344470663376e-03
9.786422113656985857e+02 8.315807596839032385e+02 4.697219607704091193e-01 -1.290936908989236964e-01
1.032036877354904846e+03 8.339186575566736792e+02 2.786397339748958868e-01 -8.607384409670358616e-02
1.067142478687085486e+03 2.858133321678217271e+02 3.992241984477945538e-01 -2.408726640284073461e-01
1.136822015898904738e+03 3.608462109197980112e+02 8.049621897043834906e-03 -6.135191980363986081e-03
2.599539095126579014e+02 5.756287887308681093e+02 1.308859736722936670e-03 3.250126978454687381e-03
2.614649544132465167e+02 7.067754761036620721e+02 -9.526266518182885737e-03 -1.737434257204380911e-02
8.121589582194480954e+02 3.793828619665874839e+02 -3.157499762248610065e-01 9.494272382305057878e-02
1.205124510813376901e+03 3.290976582605525778e+02 1.190724993538343213e-01 4.113068872153693434e-01
1.082353473405841669e+03 3.133212373139548390e+02 -1.289617197202199209e-02 -4.055289215299657558e-03
9.287366231117114239e+02 8.863709922779530643e+02 4.695731775952699527e-01 -9.637241061746673609e-02
9.737315665510454892e+02 8.286370137334502033e+02 4.774801464922457939e-01 -1.482950701898226309e-01
1.030572796698137836e+03 1.998407517072577662e+02 -3.258394898477832979e-02 -5.194222453295955361e-02
2.653660442570811711e+02 5.175783871471656994e+02 -1.115718442243303216e-01 2.934952793831962503e-01
1.015588296493738312e+03 3.195392007242978138e+02 5.737951018140104997e-01 -3.633952327707032359e-01
1.282393961247722018e+03 3.698697591087917544e+02 -2.691197803250865508e-02 1.729690440464199883e-02
1.271040294243530070e+03 2.981283024799083137e+02 7.871413848047133233e-02 -4.005543907222187255e-02
2.477689863342737056e+02 3.224563425154627794e+02 4.346835078645413381e-02 1.014174198590506726e-01
3.241807615664438913e+02 5.535280626105421788e+02 -2.434395307082103457e-03 6.963845482204359533e-03
3.703780293526040168e+02 1.085968904128234954e+03 2.225620905843504575e-03 1.281165631555700440e-03
2.692846459127867433e+02 3.991373846843547994e+02 4.273878681403283503e-02 1.625419107259732654e-01
2.987662526552661006e+02 4.976110003567036415e+02 -1.508699406658723652e-01 -5.457134082036019934e-02
7.854633158754103306e+02 8.738346092660576687e+02 2.038936089752271530e-01 -2.823641883127063212e-01
2.504495467971982805e+02 5.134703480356943146e+02 -2.042422482746018841e-01 1.907838179254455202e-01
1.163648650811947846e+03 1.470047575866166767e+02 1.064517225530168948e-01 1.681392183872918930e-02
1.162520740779060816e+03 2.098471019753890232e+02 -4.919068337795300117e-02 1.682906926654669511e-01
1.018280002563742983e+03 2.591792239396275477e+02 9.989364726122475224e-02 1.971263339323361119e-01
1.109985594853708335e+03 3.250248591607127651e+02 -2.738057525155652809e-03 3.014162339285247558e-02
7.335661181659443173e+02 9.795904183491334152e+02 1.876218336202318832e-03 -2.257764448257706881e-04
1.204254859130868681e+03 2.800484533858492000e+02 -1.731855602685917041e-03 1.135916470454868474e-03
2.161573352281509415e+02 7.553323764069592698e+02 -3.187626066690118967e-03 -4.556634950008043748e-04
3.175628809784540181e+02 5.526314702152396876e+02 -4.620833614583238873e-03 2.920259064178526084e-02
1.094070074759151112e+03 1.823433577953513520e+02 6.214107081970075136e-02 1.289899535532640085e-01
7.725150916541500692e+02 3.994640420892172870e+02 1.670211615686524875e-01 -1.105755907270849492e-01
3.788113387386025579e+02 1.084041607781867242e+03 6.909233965560284644e-05 3.245866596002862543e-03
2.908582254058418357e+02 6.283780363931592774e+02 -7.059739166299104467e-03 -1.483728254111111276e-02
2.433571173529405200e+02 7.216936707730910712e+02 -3.768496991676559098e-04 -3.350414516638344428e-03
1.197928622299433300e+03 3.775869486795168655e+02 -6.745730218343320116e-03 -1.187888944713334956e-02
1.188986113534465858e+03 3.931385300404847953e+02 1.061374713598263811e-02 1.244231248661982654e-02
9.068240765725780648e+02 8.916019543557096085e+02 4.477538153232075158e-01 -1.757304785422842686e-01
9.063266053729720397e+02 8.805465544147134551e+02 4.374318425571926960e-01 -1.910716794549047748e-01
1.074805020250920506e+03 3.121294826015599142e+02 5.788560639446289902e-02 -8.068062755118451945e-02
8.079795162516433038e+02 6.436083339067423594e+02 5.002367404212335880e-04 -2.694656562683499755e-03
2.535541979288601055e+02 3.061141600019410021e+02 1.784434659083557195e-02 6.181111731911578810e-02
1.005882529640009807e+03 3.176100978191539639e+02 5.927728524602604576e-01 -3.736148119281947899e-01
9.524458851067846581e+02 8.419285170653728301e+02 4.235848788597040282e-01 -1.505602778546787646e-01
5.943288983746266467e+02 4.340007257788810762e+02 -4.346087871821653903e-01 1.170315839435879246e-01
2.478035428570671286e+02 5.287430107057313080e+02 -4.572528281519878772e-03 2.259155359762540782e-02
1.709873038279496882e+02 5.202555790655565033e+02 -3.087833551768932594e-01 -2.100578126927620248e-01
9.912591662160706392e+02 8.656829050537662624e+02 4.580098392586088862e-01 -5.407691672000582150e-02
5.259042868687225791e+02 4.882223101986559186e+02 2.810544851775821293e-02 1.053308669541158649e-02
1.252554583600365731e+03 3.050734793183470401e+02 1.041738241980767476e-01 -2.014169043740094422e-01
1.246213551667071897e+03 2.885466758840233865e+02 -3.465396981800049608e-03 1.080783858725059728e-02
8.269449135250255267e+02 4.011472392746281912e+02 -1.126343095960250992e-02 2.240270557896146316e-03
8.550506189666091359e+02 9.288322847446811465e+02 -4.217235223102712149e-01 2.122410958907129386e-01
1.164348045595949998e+03 3.137526011384902063e+02 1.864329182999787055e-03 2.623408266792032206e-02
2.503775555138246318e+02 6.988391344399528862e+02 -1.215699276443301400e-03 -1.775490792772078464e-03
2.039349592500920494e+02 5.940524567490539312e+02 -1.542089236345266789e-01 3.589053130873762210e-01
9.434943363001558225e+01 3.611021502901598978e+02 1.922828336082186076e-02 -1.172990543933554071e-02
7.702620720733705184e+02 9.550071239384564024e+02 -2.307513255591458756e-01 7.235498723250004260e-02
1.196936655071691348e+03 3.073117919559409188e+02 1.568750363782810131e-01 -5.806504878088705052e-02
2.731302698685651649e+02 5.626728567546640534e+02 -2.086082194954551588e-03 -1.148924531444118699e-02
2.975141872988128284e+02 4.381987769115374931e+02 -2.259103052752589255e-02 -1.377627151168077380e-01
9.364343337247170211e+02 8.595783715712856292e+02 4.557447381745215464e-01 -1.431383642421354685e-01
1.240779900343411782e+03 3.663016958991073579e+02 -1.638295637956904867e-03 1.383109211806782604e-02
2.775941869172306724e+02 5.673854001152625415e+02 2.280377740915674467e-01 -8.688218654974166205e-03
8.241701268252361388e+02 3.632405021231170394e+02 -4.395199700684057076e-01 8.239869664124896409e-02
2.329957002892072637e+02 2.984481319264145327e+02 -3.490658219915742516e-03 1.399391221380062375e-02
2.264204551059506514e+02 5.358699816731678993e+02 1.770189379788688622e-01 -1.782527962510213615e-01
1.141145771340483407e+03 2.013118292968391358e+02 2.509331625068769722e-02 1.287928472679072435e-02
9.716888308603242876e+02 3.386655898683542887e+02 5.473251410981262444e-01 -1.808113161081500442e-01
2.713425979318026862e+02 3.781818451800894536e+02 4.788108549333382896e-02 1.815556282698519985e-01
3.850620825042374236e+02 1.078942802883763989e+03 1.934190762742358334e-03 -2.993847164499120490e-03
1.175888434625069522e+03 2.510388973253536449e+02 -2.178746444839573665e-03 4.665105303195049048e-03
2.810709764314756285e+02 6.935646588097012000e+02 4.125750139126417061e-03 -1.210311319544142040e-02
6.160201855837095763e+02 9.849792978354979596e+02 5.530460756758376339e-01 -2.811544565597940970e-01
8.731343764711390349e+02 8.671232837252371155e+02 3.532218215797690575e-01 -1.546943383061783750e-01
2.632669535526215441e+02 6.537230760325693382e+02 3.447907899958926881e-03 -7.022782839295350216e-04
1.175680596794242319e+03 2.284029459838125717e+02 -6.416904228277273137e-02 1.523336741354685275e-01
3.104087678187299275e+02 5.203253111297224223e+02 -3.509951904616944174e-01 1.010285662939301998e-01
1.168176911751520493e+03 2.173740554605127215e+02 8.698813505323342576e-02 -8.805685523003096982e-02
2.396599594742389172e+02 3.628718307932929861e+02 -1.055573157794344880e-01 -2.700220908706030265e-01
3.099856731637021880e+02 4.914538861010743176e+02 -8.779860326416549787e-02 3.949148404432500231e-02
2.270708167013773959e+02 3.320680149272435528e+02 -8.062246710651177484e-02 -3.021615795224817380e-01
1.180785842982215854e+03 3.532728636679512988e+02 1.512402505524264654e-02 -9.496488394512482556e-03
4.699363912207301155e+02 4.533122067735796463e+02 -4.674950654769357561e-01 1.097082038863237963e-01
2.795699855622402765e+02 5.278460859232478697e+02 -1.144458553002582202e-03 1.886885984419778006e-01
1.099582639735663861e+03 2.239972550034084122e+02 -1.012585957404202319e-02 -1.490364109357873203e-02
2.683242115735041580e+02 3.010610692578786711e+02 2.478861743564284535e-03 -1.951506881390863493e-03
1.209600738327220597e+03 2.507794970247834385e+02 -9.393109261563410001e-03 7.317573134523818260e-03
1.127292587355312889e+03 2.916847066724837987e+02 2.088342167891175764e-03 -6.285035713699358741e-03
1.015362332303441690e+03 2.210796458246802842e+02 2.021998830344606465e-02 1.047126084342680646e-01
3.176041577338796174e+02 5.218548860954699649e+02 -3.382682971536959404e-01 9.177154076870816524e-02
8.321754878605987642e+02 3.412097637176187845e+02 -4.974745773132250304e-01 1.382152478393167405e-01
1.203218609717571553e+03 2.250250160799078856e+02 -1.117908511055743003e-03 -6.652733756639706703e-03
3.061408870285675903e+02 4.757288336921221799e+02 -2.357604788849755051e-01 -2.086041843676118279e-01
9.107671222958023236e+02 8.337999933641552843e+02 4.530059166890560429e-01 -2.106806878896935464e-01
8.710568213434422660e+02 9.126345655449928245e+02 -4.754731596384150771e-01 2.157535712786077253e-01
7.275258727466891742e+02 9.702032323227144843e+02 8.652864325292941583e-03 2.707367923658757225e-02
1.398643314684711925e+02 3.904208494026047447e+02 2.476519921383059201e-03 7.167863670053074669e-03
8.731414426977706853e+02 9.256420344282313408e+02 -4.510238668338136248e-01 2.481025962097619664e-01
5.852764316414960604e+02 4.070502795362439770e+02 -3.740183100265904725e-01 2.339238350369761410e-02
6.127225500928753945e+02 4.214716670475036153e+02 -4.148304650933754001e-01 1.283681993121073839e-01
7.939687970104594115e+02 3.891554651402040577e+02 1.591389691693035832e-02 7.575466935417587457e-04
1.103310546955673999e+03 2.041530339752851830e+02 4.943686095579422762e-02 -4.311062242554850044e-02
2.627765683881866039e+02 6.037669396896744729e+02 2.028075321241336475e-05 -1.905745633746054254e-02
8.618726879516074177e+02 9.004235999138667239e+02 4.133498598746483954e-01 -2.010048980626656379e-01
3.002575124381315845e+02 5.495838583587661788e+02 -2.110292538114575539e-02 -6.195938640467550315e-03
1.154135196097634207e+03 2.998105899731537534e+02 -2.022326481389679492e-02 6.557352771039859363e-03
2.385892256431247347e+02 6.380608581164574389e+02 7.048803939291796439e-03 -2.919291497875233996e-02
1.207203810038993652e+03 3.403204913781756318e+02 -4.577131382390716222e-03 -8.250318141314424330e-04
1.170831885021765174e+03 2.600483984507761193e+02 1.131683647349971235e-03 1.808978315529481597e-03
2.525493673087290176e+02 6.664718941417083897e+02 -1.758616076620704571e-02 -3.333976224876726568e-02
7.271856619626524889e+02 9.399662986675081129e+02 6.344496499343981188e-01 -3.171457783431516075e-01
2.458874282368072954e+02 3.048436532736222944e+02 1.244237739867636895e-02 6.707745458847662323e-02
6.349841660995675738e+02 3.993991760187543605e+02 -3.510015972242905846e-01 1.048510728939566483e-01
8.593974900024145427e+02 3.327280047067749251e+02 -5.888753770806396393e-01 2.327214337764622887e-01
1.220685787075039343e+03 2.233201106705627126e+02 1.235976965241242925e-02 -9.105779041819611619e-03
1.131627319070309568e+03 3.046136347469259817e+02 -4.957141706008409698e-03 1.212183963620605369e-02
2.497943302910774435e+02 3.506505142942492625e+02 3.925138853180461240e-02 1.661290317865216359e-01
1.159555690118385655e+03 3.290676116609792530e+02 2.226338853073243571e-02 -1.941505168168973852e-02
2.109763682767656405e+02 7.367111520919804661e+02 2.655623443529586073e-03 4.116163226433062344e-03
2.512492899766507435e+02 7.105050937625549068e+02 -9.897879482640058180e-03 -3.361118981194977096e-02
1.098984819002902896e+03 1.494226615195233023e+02 -2.099610683389397867e-02 7.641890112458129755e-03
2.195852102744832166e+02 7.068268365030803579e+02 1.290741793304017900e-02 9.816998473265002231e-03
6.077644513158094242e+02 1.008668718073436366e+03 5.153969377660267970e-01 -2.597385077492549987e-01
1.125089341895104099e+03 3.023413066548021106e+02 3.693036440698970174e-03 -1.526154597176869118e-02
5.749912384085621397e+02 4.538636570918371262e+02 -4.517545554016474951e-01 1.251522133506156875e-01
3.698862547464287331e+02 1.046086330685116991e+03 4.214307629346836399e-03 -4.812758764996537784e-03
8.488783524193302128e+02 3.593928768380911833e+02 -5.571616633637149762e-01 3.406782393470708104e-01
1.092074309935602969e+03 2.125294981287954670e+02 3.874629701373024510e-02 -4.002195544453002185e-02
1.182171699699960300e+03 1.969509669162852390e+02 -7.126834354733428689e-02 4.084495868878514763e-02
2.638773172061534069e+02 6.092546928299919955e+02 -2.841495619267365991e-03 -1.120391294127537352e-02
1.145045630505693225e+03 1.422677621415831481e+02 2.625359139559723873e-02 5.057389281333680119e-03
5.653192420649313590e+02 4.278464525334456994e+02 -4.377865567184926476e-01 1.156592665515013829e-01
1.055400182477212411e+03 2.087456794530811237e+02 -1.881860153970691535e-02 8.918318837010525942e-04
8.641879694655739286e+02 3.726518921275832668e+02 -7.491356177777962477e-01 -1.990420273380444707e-02
7.546615790247611812e+02 9.704946324877653296e+02 -1.577137946934533130e-01 4.726942436754130034e-02
7.613874007935361305e+02 4.421657012121264074e+02 6.669537126291594925e-03 1.991500567584970124e-03
1.268096258187301373e+03 3.033004459801523467e+02 3.143874230069745868e-01 5.065360066227059255e-02
1.170330076042522251e+03 3.777408735656909471e+02 -5.386174595649676801e-03 1.616133865261665248e-02
2.725781024584436523e+02 4.330079160483296050e+02 5.582467981553979053e-02 1.948180107579093046e-01
1.028980943577739936e+03 8.255449181017845603e+02 3.001536091688100094e-01 -1.151303175374451815e-01
8.023562613927088023e+02 3.683604227823151405e+02 -4.054713509722362996e-01 1.350326543717499383e-01
1.160318466405581830e+03 3.472262989251836984e+02 1.223842362981369079e-02 7.980319625340882850e-03
2.519457627637303290e+02 5.555101697189884362e+02 -9.094087146924140870e-04 -9.582855715921547238e-03
1.174983192799599010e+03 1.987192932123997480e+02 -4.336214677831695674e-02 6.728285310563369981e-02
1.143009900754995215e+03 3.059162480195999478e+02 8.708989572745948204e-02 -1.687568677975010978e-01
1.758487249393091645e+02 5.119143851651652426e+02 -3.028870465957202995e-01 -1.681297453277156573e-01
3.705369280657281479e+02 4.926132102914940560e+02 -5.407371777164146076e-01 1.744978960949760127e-01
5.843023295052424828e+02 4.196275744371938572e+02 -3.750328114796894208e-01 2.586737050708873970e-02
5.536009819885235856e+02 4.599494778010326286e+02 -3.124873079940707621e-01 3.339469199733396954e-02
7.860588395602037508e+02 4.096645373540445121e+02 9.538955443467965478e-02 -4.757860638383000496e-02
2.872989559467857816e+02 6.511733248409345833e+02 7.597121958949651322e-04 -2.491349590051265134e-03
3.189069843570468947e+02 5.115082822085985299e+02 -3.518168471468643976e-01 9.832541136785041824e-02
1.018313998024472880e+03 8.154846942519845925e+02 3.358576233686164092e-01 -9.753708190043207382e-02
8.448682411947659148e+02 9.109335605996939194e+02 4.176754657998689169e-01 -1.736547548432340327e-01
1.122667110538351608e+03 1.846665407127544825e+02 2.427743239033165745e-02 -1.072153554684635891e-02
9.211245072016416771e+02 8.741460895563814120e+02 4.540807697677159416e-01 -1.586735925865815355e-01
1.088789747972948362e+03 1.671909396316983702e+02 4.057394284462017414e-02 1.650349391106187280e-02
1.202575276222235971e+03 2.481735320364526274e+02 3.764678290445493212e-03 -8.438319619368330610e-03
1.223290413648230924e+03 3.345485287053368779e+02 9.032390747297360661e-03 -1.072063451004065526e-02
5.958080632611244027e+02 4.573841923270146026e+02 -2.630434877724828757e-01 2.148641404974767008e-02
1.445462471045809991e+02 5.195415750091319751e+02 -1.588544625081290658e-03 8.789473261431610205e-04
1.191146249790432194e+03 3.598768336235229413e+02 1.411802782037045907e-02 -9.930328062159449881e-03
5.318946931396139917e+02 4.520461885169459038e+02 -4.238767309270995431e-01 1.580164006148946920e-01
7.189291226261674410e+02 9.382687080585886861e+02 6.179438563892565295e-01 -2.978005961226722342e-01
1.110075469744934935e+03 2.116849192476852295e+02 1.000356164393289594e-02 4.860520085204631663e-02
7.416373173747398369e+02 9.582966610885184764e+02 -3.619820454353223083e-02 -3.276839175267392407e-02
2.313616229212046846e+02 7.257185390292328293e+02 5.462023600663674927e-03 9.201787419779111979e-03
3.191835154270119688e+02 5.958936587938646881e+02 3.106150125747695039e-03 -2.256050146380258938e-03
2.873025426867533270e+02 6.073790737971944509e+02 3.606422839250216818e-03 9.350170707858920446e-03
5.722288823809412861e+02 4.641838570864160829e+02 -2.902948577947075948e-01 5.545694621847497424e-02
2.767908998473370161e+02 4.215004543659041474e+02 6.901368255006276597e-02 1.667136963404620420e-01
2.956914419008243726e+02 5.001857350704159444e+02 -1.164958730292667451e-02 9.163670508903376533e-03
2.371779099797816741e+02 6.499326912427586649e+02 -8.931149268366565504e-04 -2.696567008611775330e-03
1.194236925137339767e+03 4.040907849096719815e+02 4.245674344382236766e-03 7.003479769907406012e-03
1.002742472086205680e+03 1.853034006158103466e+02 7.822256934142693408e-02 1.463655540309382053e-01
6.144580013321854040e+02 9.913570614364630273e+02 4.958542925169431848e-01 -3.067700670933706242e-01
9.777322914190627898e+02 3.157749839330053874e+02 4.798400674999480642e-01 -2.503500811150679017e-01
3.182004268539666327e+02 4.745745583887123757e+02 1.371868140874330302e-02 1.707684805955977936e-02
1.118740447108863691e+03 2.984656905771971651e+02 -6.604217137145055629e-03 1.903323256243989042e-02
6.335975165866315137e+02 9.841650243234990967e+02 5.608122241726629653e-01 -2.454485049740597891e-01
2.646420104933089306e+02 3.869735298585551959e+02 2.727050271966048600e-02 1.546016483035237143e-01
8.896242471201611579e+02 3.170449556856856930e+02 -5.772813435013066652e-01 3.186994573338475800e-01
9.752467873145002386e+02 3.104278150064843658e+02 4.762841713748655614e-01 -2.504271258910867881e-01
1.171411737231471534e+03 2.159451112790655145e+02 -4.110119724880113151e-02 3.221417413945235064e-02
1.228563359097840703e+03 3.065288091212229915e+02 4.398956680276551179e-01 1.440921083210187637e-01
3.864095042406968901e+02 4.846343512864864920e+02 -5.968260890754073511e-01 1.589248107097700480e-01
1.010422142705809733e+03 2.097182566542396955e+02 1.261007872287093767e-01 1.961860312715891230e-01
6.486322955868344025e+02 4.867932714637142340e+02 -1.333162986065196953e-01 1.347327206281304438e-02
1.183701984917471464e+03 1.659177591064969306e+02 2.473744674872061389e-03 3.400311047942192362e-03
7.701934275777385892e+02 3.882327089964589959e+02 1.549966059714716071e-01 -1.027737989115803940e-01
1.142707791554456662e+03 2.303809147851223997e+02 2.839203177979407466e-03 1.216257989420206805e-02
2.157657151044697912e+02 6.220661174212580136e+02 -1.751304875073373957e-01 4.305396019366535265e-01
2.216219558870930086e+02 5.728513820285363636e+02 1.733425680007845762e-02 1.073743820474516199e-02
2.189026893560985911e+02 5.393271233435946215e+02 2.064469966527187061e-01 -1.769005521818558524e-01
1.008592957366202882e+03 2.296585009203699599e+02 1.133177631841844890e-01 1.675377890432339922e-01
1.064873436920468293e+03 2.135983480140861275e+02 -6.313375361514772521e-03 2.985382433591961954e-02
6.522948921005279317e+02 9.764158414580235785e+02 5.136591424158716279e-01 -3.383112943215362267e-01
2.715718714178391338e+02 5.070608994386434460e+02 -1.057026060706018344e-01 1.900441080936099703e-01
3.544944911653237796e+02 4.860786794451064452e+02 -8.001991471968635805e-01 2.793852408816035471e-01
2.602541234182381231e+02 6.707223221368319628e+02 5.078628568115407110e-03 1.852369050374642803e-03
6.171340053319207755e+02 9.735742481788583973e+02 6.188701056978684889e-01 -2.626593817712483125e-01
2.103725957944541278e+02 6.435815293653656681e+02 8.311925938763165683e-03 -1.137872435589259296e-02
1.214231044783597326e+03 3.695041220736177934e+02 1.423325653294485460e-02 -2.148958460230912873e-02
5.620429212513768107e+02 1.014523691055933341e+03 5.304871707904451616e-01 -3.574725042867117342e-01
5.744555440082264113e+02 1.044494638873305121e+03 -8.271079737044585434e-01 4.646681983681446582e-01
5.708061476772154492e+02 1.022392933465445253e+03 5.554278193555405307e-01 -3.027073268951981921e-01
2.858919582358776665e+02 4.557578603810970321e+02 8.234021868554688983e-02 2.096963569024860585e-01
1.067202509261898513e+03 1.821186464099950513e+02 -1.264365989322418539e-02 3.528368756049374277e-02
1.120613480156701371e+03 3.287588248481253572e+02 -1.433859928034949063e-02 2.696483068419719756e-02
8.740031310924881609e+02 2.962223795679146292e+02 -5.398002900127787385e-01 3.997093378414394160e-01
2.312492470265136149e+02 7.404568279474708561e+02 -4.469358321685068004e-03 8.135875021891236097e-03
1.170765998566644612e+03 1.733610960661081322e+02 -1.659886465167441025e-02 5.765461560374553901e-02
2.408392160646644697e+02 7.302520512517367024e+02 1.377525383810000812e-03 -7.755965614768963248e-03
6.653508561597668631e+02 9.804431492191901043e+02 5.205375007625850925e-01 -2.947590617083805653e-01
2.538182223181111681e+02 4.268984767826893858e+02 -1.002732817308676916e-01 -2.424123660759842092e-01
5.650582988007810172e+02 4.391794792032825967e+02 -4.156375677994242346e-01 1.253770884115791018e-01
8.191176102230601828e+02 3.802256041306512770e+02 1.614372182341829165e-01 -6.377408538753233380e-02
1.211593414908691784e+03 2.359179338717543715e+02 7.871483721317525106e-03 -4.606414451324166923e-03
1.232260951485362739e+03 3.464809487851919130e+02 1.589679476652317361e-02 8.842137036399683528e-03
7.996544360212521951e+02 9.263030529865737890e+02 4.184152112001579549e-01 -2.185840324113265121e-01
5.605971674907806346e+02 4.560627438321740783e+02 -3.657298669854877615e-01 6.511417058371446465e-02
7.827481234723107946e+02 8.988434224267091395e+02 3.929117984079985026e-01 -2.220182372882942567e-01
2.457694658418625977e+02 7.009600682885948117e+02 1.384331064316360327e-02 2.287359645095979332e-02
2.712383258533328672e+02 4.775364743641637233e+02 -6.510358504556616743e-02 2.365973363348727321e-01
1.172389964509154197e+03 2.104491107249129982e+02 -4.301954008006210689e-04 7.943445399959192868e-03
2.995035734884985459e+02 5.182650446306187177e+02 4.852532414600313829e-03 1.617006896375335762e-02
2.862106249722325515e+02 4.933349339362264914e+02 -4.419539769504345073e-02 1.567979472286993858e-01
9.675203809743198917e+02 8.591174673142946858e+02 4.440590303418273654e-01 -1.370266585393331848e-01
4.915961602189193513e+02 5.859497578933248860e+02 -1.232362521362436181e-01 -1.184979681850131528e-01
2.381317471885274415e+02 3.089885475022583137e+02 1.255566604665893891e-02 5.594087153249324706e-02
1.197414426158999959e+03 2.073209653903474816e+02 6.737471152671850594e-02 -3.512216959450902704e-02
2.713818891802942517e+02 4.572006001491992038e+02 1.990334719174665506e-02 -2.057171461451335337e-01
1.108430899697195173e+03 3.609482904088740725e+02 2.065145813257418528e-02 5.829083946625837620e-02
1.075688422874112575e+03 3.214517941575340956e+02 -3.794684735240786561e-02 1.178090861641913484e-01
1.160808056014345993e+03 3.660703052529413526e+02 7.171678432478704665e-03 -2.025553439717432420e-03
2.133260564236685752e+02 7.274925803373362214e+02 -5.173553434636712044e-03 4.558728854893089218e-03
1.185874375551064304e+03 3.811166925725547685e+02 -1.402722150904235979e-02 -3.437896308874355527e-03
9.064343250762071875e+02 2.839176764025386319e+02 -3.750389411687279906e-01 5.316545120525288937e-01
8.894577998937272696e+02 3.026740419105706792e+02 -5.447104469263347459e-01 4.042112565338956687e-01
1.016189484360119536e+03 2.057205837324007121e+02 1.029313714291647808e-01 1.625005437877215519e-01
1.150071929476408059e+03 2.096312675094686995e+02 1.122536266963591184e-02 -6.511636431021865234e-03
2.244730577078952933e+02 7.388711887441486397e+02 1.512524018324364755e-02 -4.028194907199000516e-03
1.191076299123534682e+03 2.469268291585247255e+02 -5.095861595101710455e-04 -2.194314137039053009e-03
8.236631196830355748e+02 9.261923390753893273e+02 -4.269864717194146175e-01 9.521732451290036703e-02
1.306231404353632115e+03 3.444022256099246420e+02 1.377244227116966851e-03 1.957146846472834212e-01
2.567617491042723827e+02 7.182422412857629297e+02 1.655471500977554519e-03 8.684309870253143285e-03
2.492624289969567712e+02 3.929904480509740665e+02 -8.407038079129373898e-02 -2.757521720022175216e-01
8.650498996338448023e+02 1.102257576218281883e+03 3.005380048001249054e-05 9.354883204785905770e-05
1.166144666730215476e+03 3.478145962138223126e+02 -1.076294270416099791e-02 -1.739517597011309578e-04
6.743041958861931562e+02 4.033244627406458562e+02 -3.512060099641866051e-01 1.182363223779259315e-01
1.005967869026156677e+03 3.360095488671187809e+02 5.507950300580664038e-01 -2.646566281115012020e-01
5.481557469586213074e+02 4.190345034124206336e+02 -4.506441024191516487e-01 1.530599963712778733e-01
1.197663289043478699e+03 4.075308314039409652e+02 -2.386024638683533622e-02 8.192508574439717750e-02
7.661703740787503421e+02 9.356265083744088997e+02 4.339341176697149027e-01 -1.889785942187020285e-01
1.121811652036609303e+03 2.473645442402131209e+02 8.411277267036398626e-04 -2.713003956736122907e-04
2.483869205764579249e+02 4.927995835542656096e+02 1.334462569251355056e-03 1.276779495937079879e-02
1.116541058830926204e+03 3.103292431543756038e+02 -2.847811795575553792e-03 3.842210608179965139e-03
1.239419280799103944e+03 3.872172197015295865e+02 -3.269904979819924541e-03 5.053356682654987393e-03
8.188272887014165917e+02 9.034384785433176148e+02 4.459714498941030891e-01 -2.294896297435622678e-01
1.954453832144195644e+02 5.931847325137255211e+02 -4.631112023030435035e-04 -5.861938309025579996e-03
5.881599785748576323e+02 4.192801688388667571e+02 -3.742627250298239949e-01 5.449018108803239252e-02
3.092427113456981260e+02 5.521369789389935931e+02 1.210332685914046561e-04 -1.893874728398146912e-02
8.816219385737661014e+02 1.100603993528998672e+03 -4.427802475292271899e-04 3.340905012275542478e-04
2.890550399795324665e+02 4.603252712353502716e+02 7.988169257751817631e-02 1.962873400164703019e-01
3.868364076903087039e+02 5.051109528135792743e+02 -6.389815540410027639e-01 1.538691851674590105e-01
2.362751053115665627e+02 3.221540581877556519e+02 6.333893298903608970e-02 9.380605790232102170e-02
1.032281314857071948e+03 1.863717350230863588e+02 4.892606460127425609e-03 1.635885596846304302e-01
1.203939746834606012e+03 3.115480572108859292e+02 6.867117371144999816e-02 -4.594866524369666146e-03
2.675712010016935096e+02 5.416849080271335879e+02 -4.087872520872201480e-03 3.600315041530217832e-03
2.790930126351696003e+02 4.388112144884462396e+02 5.287907076023323771e-02 1.757184621423697191e-01
7.064018612647780628e+02 5.828350611568672548e+02 1.169628125283695476e-04 3.013403796436556830e-05
1.078666048991720800e+03 1.554537586429297562e+02 -2.127747578897739786e-02 -1.990613844241937991e-01
1.100295045590977679e+03 2.883008941129124310e+02 8.230168826636631574e-02 9.918473598972551986e-02
8.378067367790948765e+02 9.059843984145720697e+02 4.031724577359549477e-01 -1.778739935627824398e-01
2.585532925253938288e+02 3.754013177643510630e+02 2.972273757738255057e-02 1.760853303292354011e-01
1.053896865117634434e+03 8.269622232359783993e+02 -3.454523092300811060e-02 -4.219892529944206661e-02
3.673149491475007835e+02 1.078821574814948463e+03 -1.034743200240864332e-03 -1.215560261511704513e-03
8.180145177591812171e+02 3.644025101086485847e+02 -4.274503855414319431e-01 1.102399054772802423e-01
2.870089137279190368e+02 5.045964886868439407e+02 -3.961071286887928034e-02 1.636478743023017657e-01
9.944756135157916788e+02 2.437872374638723159e+02 -3.394932640320013073e-01 2.005494453753757789e-01
3.088634772467873404e+02 5.373653631541807272e+02 1.666824370188508663e-03 -1.425333766755246256e-02
7.913087639549378309e+02 3.993301680704813066e+02 2.083155886878845786e-02 -1.387779817283311783e-02
2.310307309974670318e+02 5.397057802561967037e+02 1.531071558234543273e-01 -1.095686442288488632e-01
5.052618220394130617e+02 4.427052689750080958e+02 -4.670224799938662019e-01 1.841838828796068250e-01
8.534308194107751433e+02 3.903924509865518644e+02 -7.271266389185901402e-02 7.209624890363654226e-02
1.090338516791706070e+03 2.049254567063099728e+02 2.128662661973949530e-03 2.501321481323100226e-02
2.941057789336715018e+02 5.193177951052441585e+02 -1.535641477663276524e-04 1.430891573767718861e-02
2.567064442251072478e+02 3.468424336368802301e+02 2.426613894477265554e-02 1.891296767557551495e-01
1.185717251899868870e+03 2.952597968867497684e+02 5.193538829595140127e-01 1.427223069795313937e-01
4.165513590711361758e+02 4.915101308646875395e+02 -7.075451246808568406e-01 1.763906685838284027e-01
6.087917902845040317e+02 4.133005952355731552e+02 -3.835521581170122651e-01 1.071864169159546104e-01
1.041503960253253808e+03 2.210587749021439095e+02 2.808189996653033971e-03 -8.740965657010249870e-03
1.176183685704335630e+03 3.858443971624080291e+02 3.882590210925609443e-03 -2.078733534788531137e-02
2.911878917187730167e+02 6.695638901232825901e+02 1.040577523004384067e-02 -2.082933028879040572e-03
2.506832432564990256e+02 3.731178801387665658e+02 4.738476738894310814e-02 1.597710615553847024e-01
2.529067977079248237e+02 3.312307703221616748e+02 1.927638092601794209e-02 1.094130084556963617e-01
2.713530280915775847e+02 5.311055681188096287e+02 6.884359427124534143e-03 1.144202372770113246e-01
1.123236510628290489e+03 2.528892666255137271e+02 1.558803282385963322e-02 -1.831378035658243197e-02
1.104711259586290907e+03 2.708592779819036309e+02 2.740859052959183639e-01 2.967026461372388249e-02
2.808845203064486213e+02 4.465569757582429702e+02 7.817669320299483471e-02 1.941584745257478317e-01
2.542019009708543535e+02 6.871042858424352744e+02 -3.692327466903197984e-03 -5.883136180950759332e-03
1.265403528791918234e+03 3.192902167973235237e+02 -4.360773081155250308e-02 -1.105429173204055052e-02
2.508493589341414349e+02 4.095388722137950595e+02 -9.579608127326240397e-02 -2.877604462299785948e-01
1.008313279864542437e+03 9.274925791587412505e+02 -4.275094117659109893e-05 -6.245177850504129123e-04
8.659594320293905412e+01 3.454773573223373546e+02 1.001906512214031236e-02 -1.098534483605873718e-02
1.019897666159899245e+03 2.074001819757975227e+02 -2.932154805133823858e-02 1.998685933092662903e-01
1.105063722239313847e+03 1.694761404486342258e+02 3.970520538215475265e-02 -6.094457527099773897e-02
1.147535739945510159e+03 3.822572066359125529e+02 -2.763895772922170604e-02 -1.575309954410719290e-03
2.592820303485322029e+02 4.585910420471419684e+02 -2.852113490867436412e-03 -1.291567003367464703e-03
1.157213477140250689e+03 2.093644661469888888e+02 -6.038093008004634388e-02 8.462885280700288559e-02
1.119217894266301528e+03 3.138660629378749150e+02 3.527402957636038405e-03 -3.586777083340297097e-03
5.944180074946798413e+02 4.236122297646298875e+02 -4.025893463956649598e-01 1.155210031688961858e-01
2.521987013080123177e+02 7.084877800328084732e+02 4.627769265848970769e-03 -2.423107581446154544e-03
1.137602850322487939e+03 3.305403592795365739e+02 -2.916599003223571338e-02 2.700599629183400921e-02
1.238110586767314544e+03 3.385057842685790774e+02 7.211194657494872547e-03 4.876159734568646931e-03
2.780633003676805401e+02 4.107297165030949486e+02 3.157712547773419004e-02 1.718921435679314214e-01
1.888508933547221318e+02 4.945410684443138507e+02 2.302552382890728500e-01 2.402953435705253715e-01
9.964447670178551562e+02 1.965727510370349194e+02 8.049617611572899845e-02 2.146771914171426432e-01
4.841687898184295591e+02 4.457122721935508594e+02 -3.978431524161657462e-01 1.598807469855467178e-01
3.075572139209959346e+02 1.060552173707931161e+03 -1.785847467802494440e-02 -1.500399658556543156e-02
2.720541027190359955e+02 4.888023453921754822e+02 -6.450070891471039458e-02 2.569685863213567734e-01
1.149066073355524395e+03 1.953972418534480653e+02 -7.176717367755291489e-03 1.663955946761579846e-02
2.663264538657248295e+02 6.785675522839964060e+02 -1.522081342518605621e-02 4.854573883799185793e-03
1.004809623431974387e+03 1.979967317432148377e+02 9.312058507346744618e-02 2.361168492659758422e-01
3.448417107275225248e+02 5.057832525231602858e+02 -7.780430953879420297e-01 3.156874299578197318e-01
1.013188962992274583e+03 7.976723676713315854e+02 -9.465114111370758199e-01 4.292347980323222845e-01
1.252454165345644924e+03 2.538339313879999111e+02 3.682046322633095170e-03 2.336920426157524169e-02
1.150270109831250238e+03 3.006612090854214898e+02 1.068328976242984875e-02 -3.920575536063216487e-02
1.108256969460611344e+03 3.094855312279390773e+02 3.576878197404024379e-02 -8.369813039303850011e-02
5.904016985575821082e+02 4.497560282099033770e+02 -3.994876176986856819e-01 2.590537897610545315e-02
1.005405396855458321e+03 1.646815986029259875e+02 -4.620605639240812218e-02 -2.759003341563589021e-02
1.097665789557311200e+03 2.202728924180467800e+02 -8.289819856588802327e-02 1.875177855932150806e-01
1.109319713528906277e+03 2.917067556645912987e+02 1.854322715939270838e-01 -1.047392079693138384e-01
1.156114591443144263e+03 2.550457857781546238e+02 5.684588724167364930e-03 5.929062149738169481e-03
1.148035266195323175e+03 3.186252448904422181e+02 -7.916018507425329545e-03 1.040101352430866655e-02
1.279503730812403546e+03 3.357001799348376494e+02 1.864694695780807765e-01 2.279974673421847342e-02
2.654776168804567646e+02 6.244995171583462934e+02 1.923983130389809613e-03 -1.606998070021366590e-02
1.153950977405060939e+03 3.270779176058330222e+02 7.970453908862844966e-03 3.628101148336423248e-02
2.524229962188511536e+02 3.459033829088084531e+02 5.245560754261802822e-02 1.828231034878962935e-01
9.769087614228839129e+02 1.842348434223505649e+02 -5.580502757199258534e-02 -5.874692317027001981e-02
8.576643285158273784e+02 1.101718530361008106e+03 1.034454135744346508e-03 1.842095454326569232e-04
2.877906113080004502e+02 4.800234008449035628e+02 -1.543247913015106769e-02 1.995525540314096458e-01
2.389564980804942991e+02 7.041930012902236058e+02 3.366743035756584058e-03 -6.188521728043507204e-03
9.201614282809397309e+02 8.928116656312131454e+02 4.632678839136575855e-01 -1.040754860783641017e-01
2.793126283537909558e+02 5.088620227492178287e+02 -4.325435236702745295e-02 8.131238805769341882e-02
5.991182325350940800e+02 4.222825920865631133e+02 -4.032650972341028095e-01 1.134488724961809358e-01
1.149626744740228332e+03 2.014234288201699599e+02 -7.784105616712694298e-02 -1.115769452014537949e-01
1.173771859206762429e+03 3.422579578448275583e+02 1.710175056029655458e-02 -4.673084740644424528e-02
1.204886335912553932e+03 3.612301450936429319e+02 -9.257228159918830940e-03 -2.315486807964425679e-03
1.250425591389890315e+03 3.321963606689983521e+02 -1.152012872081151912e-02 1.032846580383819796e-01
2.777608109770667966e+02 5.156697223190471959e+02 -1.094299866432774104e-01 1.173020555969025019e-01
1.294396499727780565e+03 3.512616139328069949e+02 1.656185009177084735e-02 -7.988007997038488323e-03
2.330490856451936281e+02 3.138368908230932561e+02 5.763155563462807503e-03 7.546313553519418127e-02
2.394793587812103794e+02 5.124582605234842276e+02 3.079152612392583796e-02 -6.449829642388014983e-02
3.560633549399315712e+02 4.930908413527003518e+02 -8.021302488368449168e-01 2.859265588507164946e-01
6.614289283069093699e+02 9.587240678564885457e+02 5.310165838399738547e-01 -3.237874802608083358e-01
1.110889410657696089e+03 2.200505912046969570e+02 -4.114752413976181106e-02 6.970846078377469779e-02
1.129832695571640215e+03 2.160111726814465101e+02 4.724863094197109120e-02 -5.304562192568884095e-03
1.070149390631306915e+03 3.095063975071590789e+02 8.641202538272585096e-03 -5.642163555959807397e-02
2.695851193418472462e+02 6.146936405523813391e+02 -1.508263095554439326e-02 1.712476993323555283e-02
2.755267218376430378e+02 6.918337184955062185e+02 -3.591577034427815944e-03 -5.982473428583812841e-03
1.260891062933352259e+03 2.900443234257889458e+02 2.305660454562545938e-02 5.237365970502906240e-03
1.008569432797896752e+03 2.724500876331662766e+02 -3.552107850579751952e-02 1.403915743371031699e-01
2.419028302868000821e+02 3.862784983860071293e+02 -8.734328888139586411e-02 -2.694384686099148274e-01
2.545294855221599448e+02 5.249520798243697755e+02 -7.175804403127976350e-02 7.374400479693435373e-02
2.104456057650632488e+02 7.161075998531142659e+02 1.037217766279390288e-02 2.226292117456836125e-02
1.192602564827947617e+03 2.814346693663063661e+02 4.914414041626906093e-01 1.282887320065731751e-01
1.017639654171142070e+03 3.523129177344609388e+02 2.858693956272800318e-01 -1.751108851504615260e-01
5.964947568594234326e+02 4.434297804483351229e+02 -4.527569629273442420e-01 8.593137580711911194e-02
1.102047405161719553e+03 2.937687319785758291e+02 8.440876930635626829e-02 1.896693944460131898e-01
1.203094540968516412e+03 2.073737995957215219e+02 1.300833864687975456e-03 -2.953912749010679725e-02
2.575462327274484551e+02 5.849083749583251119e+02 -5.782025939524444887e-03 -1.099663584491813095e-03
1.190031662294264379e+03 2.999349960698123709e+02 3.336931869550092689e-01 1.047393452736787300e-01
2.796993062521660249e+02 6.433476446883599920e+02 3.384833248992435897e-03 5.566561915460018807e-03
1.187529729212224538e+03 3.086823005456346891e+02 3.685509455134509671e-01 1.182147828870078327e-01
2.036997553398394700e+02 6.081996490670040885e+02 4.022326569721422773e-01 -4.277170042502151381e-01
8.912292609156553453e+02 9.328485351104395704e+02 -2.858334460912274628e-03 -7.317081472776457759e-04
2.656691502938007829e+02 3.782967503935290665e+02 1.651182436905666504e-02 2.148594284966741652e-01
4.675658166549145562e+02 4.592895603640585591e+02 -4.457154058774270289e-01 1.317187571611040386e-01
5.575831514285420099e+02 4.561265176533161139e+02 -3.261263749492336328e-01 4.083941074660227266e-02
2.685912919586517660e+02 5.549194607674271538e+02 -8.453542972063132765e-03 -1.992362273132845026e-03
1.194651871619664234e+03 2.617854841269810890e+02 -7.467930857017009670e-03 2.507334359735394896e-02
1.128467351021719423e+03 1.684162504575711807e+02 -1.679545996033967314e-01 1.888973750208042812e-01
3.231697320642653040e+02 1.050659090852765303e+03 1.165825903932048851e-02 1.410901810281890885e-02
1.074602051297926209e+03 1.740224846150761095e+02 -1.569155495291798055e-03 -6.056652052893611408e-03
1.170450728844075229e+03 2.239072491620222252e+02 9.055521006826662556e-02 -2.800461699869284671e-02
2.375161062330534776e+02 2.968810724696130592e+02 -4.224177099027831908e-03 -4.080049064594787182e-04
1.086499062387803406e+03 3.337757317377177060e+02 4.067891695244311469e-03 -1.106254827878715152e-02
2.923552859847932268e+02 4.523486553771563763e+02 5.036802716790939050e-02 2.321508472721470484e-01
1.104203036488089538e+03 3.694447445773012646e+02 3.480990205545752419e-02 5.265778486144479659e-02
2.287393976048584818e+02 6.233289230510305288e+02 -4.981640456260949534e-02 2.917119057267925086e-02
2.230985070487066935e+02 7.092705324314367772e+02 6.205236236432541339e-03 4.473643201639073558e-02
9.886134452603437239e+02 1.853535719908807380e+02 5.714548524111712907e-02 2.244235416868174127e-01
1.136922198720815459e+03 2.192663720184205260e+02 -3.510542145946959208e-02 2.751697991573808649e-02
2.683867608457489951e+02 4.558722560947156808e+02 -1.648515904890454284e-02 -2.551830513573852266e-01
3.130250572350811922e+02 5.174871889608465381e+02 -2.567006107798998071e-01 1.623719929366340409e-01
5.660465536297982680e+02 4.105860094560029552e+02 -4.339406406958838947e-01 1.280942695868181602e-01
4.867371826468056497e+02 4.486194548932866724e+02 -2.885354374598497196e-01 9.162172116966568747e-02
9.904835262467277062e+02 1.854493258250614076e+02 -1.494653511560386540e-02 2.457542136229600716e-01
1.142790610184442357e+03 3.580895579588867577e+02 1.213216138466274678e-02 1.733497477121943506e-02
1.040883369134451641e+03 1.684688111494013469e+02 1.316093320962355082e-02 -1.087276451367404084e-02
1.250359211759842083e+03 2.959188217189214356e+02 6.062830534481968188e-03 -1.356686542341980876e-02
1.143777654354721108e+03 3.414782587110556165e+02 2.423324966740067823e-02 -1.513414297852670558e-02
3.007984844200756811e+02 4.662843278034697505e+02 9.514938749000939611e-02 2.470771639534283248e-01
1.096139618065715467e+03 2.364408912711287485e+02 8.347828148978513399e-03 1.986146404859770974e-03
1.118806841082836399e+03 2.856436189917762931e+02 5.378676480794249018e-04 -9.945581183069001144e-03
1.163933299238818336e+03 3.918626532357680503e+02 -4.916798208608140486e-02 7.611537593019436498e-02
1.230808101169567180e+03 3.866298141073420993e+02 6.455653415518521933e-03 -3.025461827333637051e-03
1.075327712085950225e+03 1.833812289294494917e+02 -1.500938979256013495e-01 -1.155237927296432349e-01
1.197525809864153871e+03 2.244697917361634723e+02 7.754654965415697099e-02 -1.517529320260652403e-01
1.231219087022428539e+03 3.609705177454048908e+02 2.473570491808707236e-02 -1.755206751309246541e-02
7.718505907160474635e+02 9.261774984176610133e+02 4.474630875487098924e-01 -1.451769110117807349e-01
2.586311624094255990e+02 3.834957291029043631e+02 4.480309067226261044e-02 1.654405859793563194e-01
1.060003696927747114e+03 2.015972132827831160e+02 -5.247352654124318866e-02 -3.254157230986291782e-02
6.842066320510804189e+02 3.815559505256334205e+02 -2.768021489403207358e-01 1.113425955067052359e-01
1.198132894907058017e+03 3.270020838801303853e+02 4.440939087815930220e-02 7.731201097185301518e-02
1.262961976177551833e+03 3.334700807271373151e+02 1.618773447330087156e-01 -3.059441950635962554e-02
2.002823529899023072e+02 5.813988058610262897e+02 -4.051707705172064716e-02 3.908897164357523213e-01
3.325400700645331540e+02 1.073129253627751723e+03 -1.888911269563318604e-02 -6.427570719920630560e-02
1.120659930845003828e+03 1.712660989020371005e+02 -1.329374070873530211e-01 4.546463041498048641e-02
1.217391391731625845e+03 3.547785931379940507e+02 2.731408788153488493e-03 1.458526720066335124e-02
3.014467930109644840e+02 5.810541277744052877e+02 -1.922048311999948432e-03 -6.179307360412167327e-03
8.684859300025156017e+02 6.329133407062170136e+02 -5.669679485213148041e-04 1.100199936352545815e-02
2.594451610132289261e+02 5.655322162148462439e+02 2.953952341936769838e-02 5.672247986180991956e-03
8.358271406912958810e+02 1.091291929459408948e+03 -1.031006462173991245e-03 -1.782711870532693865e-03
1.185343575473756573e+03 1.731949003985103275e+02 5.181870865865731424e-03 -1.669553777589397004e-03
1.183709315448485768e+03 3.393292504496404263e+02 -2.272979497386085415e-02 9.529934611520256282e-02
2.431541854435723167e+02 5.541390002661627250e+02 -1.402035963157857168e-01 1.613718054538520186e-01
2.410521321810588802e+02 5.298178633646103890e+02 -8.284598764585915376e-02 2.657453638775895688e-01
1.154275588090693645e+03 2.459419564809282122e+02 -1.116157148584780677e-02 -2.337681606558916769e-02
3.153048280142022577e+02 4.900728067399818997e+02 -2.003556095694118688e-01 -1.771434570811986908e-01
1.129449873111656643e+03 2.062504560924045904e+02 6.132391674671143662e-03 2.447468917834450322e-02
1.175154594924144249e+03 1.422534767463458252e+02 9.078709170682700003e-02 -1.314363794660918516e-01
1.073125951434768012e+03 3.356613601626628451e+02 -3.234152249123049827e-02 2.739133583030998673e-02
2.395097047424342236e+02 6.416984071210656566e+02 -6.873813085940251762e-03 1.138034774391905556e-02
8.384871642773574649e+02 9.082503916053660760e+02 4.045092399305239561e-01 -1.633364267467947717e-01
6.101441095976999804e+02 1.016541758596731256e+03 4.749348734349950751e-01 -2.487108441157715732e-01
9.984321844219531386e+02 1.696434881827779577e+02 -3.317881146283628829e-03 -4.200844346053171363e-01
1.046499484721977979e+03 1.706792623617195943e+02 -3.249592498830948528e-02 -1.464055980856254768e-01
1.045294373191661180e+03 1.787423233754696241e+02 -3.045410935133800456e-01 3.087468011444565938e-02
1.060041072637602383e+03 3.458172039633683426e+02 6.084578745743143280e-01 2.646747754315015300e-02
1.215852046235339685e+03 3.340124287804362666e+02 1.773394388162717952e-02 -3.710304439077948251e-03
2.799620399619019508e+02 5.793554935364264793e+02 -2.772724008574879370e-02 5.000705018535840651e-02
2.403854835097826026e+02 3.357652591453546620e+02 1.495144530817038749e-02 2.333294957201978992e-01
1.111916058480806896e+03 1.465692045618676218e+02 -6.745345912965371171e-02 2.295325081259632152e-02
9.295212624496773515e+02 8.363773738075470874e+02 4.091579331881544102e-01 -1.425097811905917944e-01
1.066393937257184689e+03 2.710121868674439156e+02 8.780372051526119659e-02 1.771240603029081706e-01
2.678592137763463938e+02 5.416184753735974482e+02 1.951219490126650802e-01 -1.453016316470682745e-01
5.482012030708281145e+02 4.350169707535301882e+02 -4.121024128571024181e-01 6.341073893403234574e-02
1.066583383909477561e+03 1.666323130576384699e+02 2.489877126733917034e-01 -1.434010496991726391e-01
1.145121545450138228e+03 3.539383753936966741e+02 -2.824518411780445673e-02 2.342203100106559147e-02
1.265935199176283732e+03 3.894548726771038218e+02 1.049763019565830291e-02 1.473815963308311547e-04
2.545164758150815771e+02 3.811951624218820598e+02 4.867568966677009168e-02 1.752805531806707617e-01
1.199129189601049347e+03 2.450165847746393126e+02 -8.080936002688059779e-04 -9.310784564804226726e-03
1.147033633100544421e+03 3.326635160043488781e+02 -1.051797938386920261e-01 3.171208333390157508e-01
1.223491829963206555e+03 3.159422779552747897e+02 -1.654628688685860494e-01 -1.167676103140881660e-01
2.773742922462721481e+02 5.330787283958587750e+02 -1.153763092784670236e-02 6.296378496035277827e-02
2.172975011288606595e+02 6.982492770578941190e+02 6.195548986331308322e-02 5.375971248556419418e-02
5.096734313049521461e+02 1.098685305650636792e+03 8.321930558893724655e-03 1.280036340865127638e-02
1.250733543522721675e+03 3.576608134878358669e+02 1.405794304497775572e-02 -2.447342865740827211e-02
7.241375928746483623e+02 9.734308888686990713e+02 1.216233327248143021e-03 -6.918928631017407134e-03
2.703414293646752071e+02 3.857701540111925738e+02 6.702134240135912413e-02 1.582980506618681116e-01
8.298715641160224550e+02 3.520660146878097976e+02 -4.714532313621936366e-01 1.026129329371785331e-01
3.279144095172971447e+02 1.099532453337315701e+03 1.138516283672872179e-02 -6.985055733735321196e-03
1.678865540872111524e+02 4.814226671436044853e+02 1.969066937050101274e-01 3.118974677418261954e-01
1.064600533714788980e+03 1.823441772924510076e+02 3.048101505189353827e-02 -3.083499950275362875e-02
1.183452119930077515e+03 2.090142379459732069e+02 7.980980241703466982e-02 1.252744572056146144e-01
1.120951608731073748e+03 3.005699195142140638e+02 -1.815568304001165647e-03 1.260638826566820320e-03
2.791164772379764258e+02 5.624680577165030400e+02 -1.741702929648327944e-02 -3.089760115954239342e-02
2.557598513999982686e+02 7.076018546856595322e+02 3.807327801231016103e-03 1.482817639746435330e-02
3.169844759015239219e+02 4.981487198474637239e+02 -1.967607227558752503e-01 -2.599107725538163383e-01
2.749484743766109887e+02 6.428747646338154027e+02 8.382546070968796212e-03 4.412048730206541425e-02
2.711750463457076421e+02 3.687359347613369778e+02 3.579274521637183099e-02 1.773643955902624580e-01
2.922499005265493111e+02 4.757237843666629260e+02 2.921112466408297068e-02 2.307440910956402302e-01
5.181273489064953992e+02 4.300456263822469509e+02 -3.428149769392702662e-01 2.189254848566339617e-01
9.962578435364860070e+02 2.556481842987118966e+02 -3.012697329205326069e-01 2.271431844731904848e-01
1.102477746678285712e+03 2.631392481080205243e+02 1.786671119982322364e-01 2.209530050276451579e-02
1.226877036612568872e+03 2.407739437644102338e+02 8.201012410932113916e-02 3.041914719795984698e-02
1.151896840788616601e+03 4.210984531777081656e+02 1.189215953477554787e-02 -3.010214481488680816e-02
5.963950975742812943e+02 4.531132992265799544e+02 -4.049138721092014892e-01 3.005587473447493899e-02
7.758700299508586795e+02 9.285819612276740145e+02 4.426516895279512531e-01 -1.655385935354987959e-01
6.468122819573721927e+02 4.282770415310906174e+02 -4.588241134925290510e-01 3.383633773208227780e-01
1.146353129105586731e+03 2.148467410940812385e+02 3.842466881197736939e-02 -5.001474635346525588e-02
1.314105722799619571e+03 3.343710187870604500e+02 1.646446498296185723e-01 2.581035621479976783e-01
1.157518461580554458e+03 3.558646517920358292e+02 -7.313069213456202533e-02 6.069415605056072138e-02
1.199366628053780005e+03 3.577021674821545503e+02 -1.481581939213268140e-01 2.627476727431874229e-02
1.233886682196687389e+03 3.592990743429087388e+02 -7.465663660431962577e-03 2.250093017619659089e-02
2.973116122867168656e+02 5.089970521038601419e+02 1.386298224371860892e-02 2.464670309937370615e-02
3.743008958738657839e+02 5.088402843675169152e+02 -4.581007822856349998e-01 2.354587865420057768e-01
1.093633157775066593e+03 1.762306968814807817e+02 1.876503198116855411e-02 4.550729428496917001e-02
1.141007687558438420e+03 2.456884548804780763e+02 -5.606862109116263898e-02 6.759924246409809495e-04
3.010638968037761174e+02 5.372342632258671529e+02 1.906183753369721998e-02 2.104202028783674905e-02
2.847894562677531098e+02 4.618311288685292766e+02 2.313520699619309000e-03 1.475668365196960152e-01
1.165738243735908554e+03 2.564088456417666180e+02 8.521159262845058591e-03 -1.704026520494921620e-02
1.166253032834247961e+03 3.829138845473937067e+02 2.072984035890087715e-03 2.562386927608933099e-05
6.294325519684127812e+02 9.992169600529416584e+02 4.838036282885382344e-01 -2.583988081324950503e-01
5.277268855155177789e+02 4.963453142358272885e+02 -1.165615415385445885e-02 -5.156116026621962965e-03
1.022911554127359977e+03 1.942973179725369448e+02 1.000047517947320747e-01 -1.168644673490492475e-01
1.107622243773967739e+03 2.372913569462769487e+02 7.978384374004170165e-02 -5.315837352835371676e-02
1.251826935998291447e+03 2.789040273163295751e+02 -1.253478528545721483e-02 1.514873243788120508e-02
1.298281549419367366e+03 3.575184142534023977e+02 -4.882881556017894253e-02 9.793478935659598317e-02
2.519381646972251190e+02 6.656075162054818293e+02 2.805441154014281374e-02 6.429670522810024269e-02
1.024811060762510579e+03 1.614130444498129009e+02 -1.413549969556192505e-02 4.001146681561825597e-02
1.098953275136090724e+03 1.712363490100365482e+02 6.941144131355435343e-02 1.997867462618732604e-02
9.693808960689074183e+01 3.694960777697688172e+02 4.310811560733513598e-02 -1.888653272860971524e-02
2.598392637374130345e+02 5.232202228863048958e+02 1.388758385520051132e-02 2.316104252771275865e-02
9.994188810828018177e+02 2.453317062596811127e+02 -3.302018235259407408e-01 2.706084913743565523e-01
1.107630821540947863e+03 2.633537974727335609e+02 4.521737975813686430e-03 5.548088487695854720e-01
1.188712436582891314e+03 2.134866563651892193e+02 9.888671857411807098e-02 -2.187374458176914380e-02
1.312115556704995925e+03 3.285063987575124997e+02 4.892331239593659120e-01 1.535245149896870623e-02
2.721826904795316295e+02 4.097461310387580511e+02 8.486932275172193174e-02 1.880341329731186339e-01
1.009365194527229278e+03 1.732339311189991236e+02 -9.124355481410929836e-02 -1.444338503408152952e-01
1.106725119177600391e+03 2.983761542970915457e+02 2.781031265749334212e-03 -2.556476138168591039e-02
1.132139443029857830e+03 2.337095167126186368e+02 3.846821313017244337e-02 -4.719682631243927312e-02
2.011771410261368942e+02 7.106733214756779944e+02 1.422520197423295975e-02 7.398208488134514448e-03
7.312916437107703587e+02 9.860635704555901384e+02 1.210462199061112208e-02 1.359077300849548947e-02
2.782328116738731296e+02 4.576011213230530643e+02 5.984099077400392014e-02 1.821848112283130094e-01
8.139051583385764843e+02 4.090582457657516784e+02 -2.591196252653560350e-02 4.644445684666227876e-03
1.088044161772411144e+03 2.902058333205212080e+02 -2.457786057862184140e-02 -1.565596352157404281e-01
1.192981837362369788e+03 2.326040223639209330e+02 -2.558139050594832042e-02 7.920548228312895844e-04
1.275013105565797559e+03 3.120351298585666200e+02 3.190923135871533423e-01 -1.410879443833697733e-01
2.667442399207974972e+02 5.754011786942547815e+02 2.879552516309521245e-03 -9.187970972277526016e-03
6.337328762606223336e+02 3.963277368555956741e+02 -3.896333971681147368e-01 9.610453576018175570e-02
1.132389858725592831e+03 1.970823309619110546e+02 -2.914290881287303625e-01 3.921325377607742108e-02
1.095820901630115031e+03 2.423510529443390737e+02 -2.127265195006697029e-01 1.428695440204013900e-01
1.199132474118410300e+03 2.509293355223414892e+02 -4.463582166982118897e-04 2.165810587075982577e-02
1.254470139182980802e+03 3.357665482369979486e+02 -2.243046100012258473e-02 3.864112088125614547e-02
2.580937214119779810e+02 5.911094411587268951e+02 -7.210046633783507566e-04 -1.547221738698938316e-02
1.099137364804656272e+03 1.768486635692951552e+02 8.113670319878772685e-03 2.610506442986413461e-02
1.022665535126602208e+03 2.250971594108655154e+02 2.333176261918042116e-01 2.873813634257038063e-01
9.053236971012445338e+02 2.918369265270130199e+02 -3.886663777018797838e-01 5.785397876288233404e-02
1.253266439276285837e+03 1.783875479319691806e+02 -4.732704466415394579e-02 1.822459511734693394e-02
8.456569051548044058e+01 3.560733337331419648e+02 -5.735405300145367952e-02 2.795325103844507053e-01
1.038771234153456589e+03 1.763727105544052165e+02 -6.413496996892067981e-02 9.352132292463959107e-02
1.175067624448698325e+03 2.245298770904403796e+02 9.997121100464244348e-02 2.421414187879615196e-02
1.149864236505310146e+03 3.973030555492082954e+02 1.391432172448774183e-03 -6.122743850217678314e-03
8.558154891473261614e+02 3.283162568881715515e+02 -5.271230421437962388e-01 2.468936964148298330e-01
1.071201793370245468e+03 1.570879591828842194e+02 2.181369988361325229e-01 -6.007726877553239142e-02
1.089293861471537184e+03 1.958725830903734391e+02 6.192084919197213960e-02 1.562343638358242859e-01
1.124377292197404358e+03 1.984960606176404383e+02 3.417726542668333284e-02 1.082042561488250898e-01
1.265931769034673835e+03 2.037742622445861684e+02 1.011450391648622757e-02 -9.025052754130059168e-03
1.171136398751322986e+03 2.396881780206387589e+02 -6.850755372533967255e-03 1.111760288004518260e-01
4.932803544387100487e+02 1.094085056337397191e+03 -5.964195312132887228e-01 3.746563722243081429e-01
1.024300474029046427e+03 2.076222886508687679e+02 8.898612850706692778e-02 -1.082849037376487772e-01
1.224098356794114579e+03 3.444840637381467445e+02 1.532084722971136913e-03 3.588287665485567269e-04
1.154951717158261772e+03 3.721453135313471421e+02 -4.636073296248804237e-02 -5.174668175928481308e-03
2.633431037142781292e+02 3.809316226250983846e+02 -1.781247530483180339e-02 2.795554861974285932e-01
2.849314906350511478e+02 4.762490850242126044e+02 1.218925835708104324e-02 2.075730466400405871e-01
3.062226110006466797e+02 4.587600625097871330e+02 -3.488959559888371587e-02 -5.412972731304913770e-02
1.177291191602107574e+03 1.874444406281020008e+02 -9.855694422051580750e-02 -3.668615693029645547e-02
1.210484568851210724e+03 2.221151893907522492e+02 1.646751575492544362e-02 -3.920874814027620892e-02
1.209195993870644770e+03 2.407214592421293275e+02 2.283674168324978382e-02 -1.712395182257529791e-02
2.406608906285699732e+02 6.933891384499494279e+02 2.601291866458489699e-02 4.314009805791051144e-02
2.340928920208611430e+02 6.996119257912920375e+02 2.884450425233037879e-02 3.081851803530829062e-02
1.036407882298957702e+03 2.161399393470946961e+02 -6.466697669057954855e-04 -3.559743923810622379e-02
1.161252401842416475e+03 2.030959556725342452e+02 3.626956553792645144e-01 -2.713228529559948976e-01
1.195234815940868202e+03 2.165987925919420718e+02 2.586834058300101907e-02 1.697234096589183838e-01
1.207828914573202383e+03 2.207732780221462860e+02 -7.117067258658447450e-03 -2.530711212911870150e-03
1.154015287621464950e+03 3.562242442594808267e+02 5.147600627357379333e-02 -2.170855352175535269e-02
1.210005236396384362e+03 3.801014059639344396e+02 9.551405576490545196e-03 -2.251238832674490147e-03
2.376945077130823734e+02 2.892357571762540260e+02 1.187168962171192277e-02 1.220980977370444975e-02
8.082393978451018484e+02 3.684368341734799515e+02 -3.307476638229402965e-01 5.006647758694171557e-02
1.019386451255573434e+03 1.631109637459926773e+02 -6.885892529062687117e-03 -2.386559653272506409e-01
9.853154973126842151e+02 1.853483667187012998e+02 1.030671204959858756e-01 1.929935565130040942e-01
1.091893087919983827e+03 1.672717400734842386e+02 2.733669735187049810e-02 -2.187907357722629342e-02
1.096461212572978866e+03 2.721289024530894949e+02 -1.302602186206058832e-02 -1.244543439705445564e-01
1.236936676383712893e+03 3.018738657392634650e+02 3.468639627625833555e-01 1.651281645784017371e-01
1.183677398034065845e+03 3.700716883328806830e+02 -3.297238123161605472e-02 6.787993652720913929e-02
1.190579090033543253e+03 3.667837987918132967e+02 -5.620686248022366271e-04 6.786788789899134144e-03
2.809144621396059165e+02 4.752457867198328358e+02 -9.565934056982997036e-02 3.501838318117355131e-01
4.180030520647993626e+02 4.958895860366175725e+02 -5.308629133060321914e-01 1.632773252134938902e-01
2.995741622179316437e+02 5.170116351054798542e+02 -1.710485082877160820e-02 -6.297706306820601008e-02
1.074725332860071148e+03 1.644120308274873992e+02 1.711549612924803399e-01 1.883489753124839294e-01
1.025597158931149352e+03 1.912706425349485073e+02 2.569681900975713876e-02 -4.756105194656280732e-02
1.177158299026157010e+03 2.051633747689853635e+02 -1.324402900720391130e-01 -4.779939713485722302e-03
1.218526451814877419e+03 4.149913332845213745e+02 -4.126726857521134662e-03 1.677682656588785947e-03
2.800423579808237378e+02 5.394468772786104864e+02 2.359654069685537536e-01 -1.317873674368608417e-01
2.320507375959596743e+02 6.286948357433932415e+02 9.090504793207779960e-03 2.766223217953059713e-02
1.828254823836217895e+02 5.030678307090302042e+02 2.121101369441922568e-01 4.462583290740472775e-01
3.162392231213143532e+02 5.241228698365655418e+02 -1.255440919518540366e-01 6.522080889379822111e-02
9.821665454689973558e+02 1.850491069081388957e+02 7.164983396246984992e-02 8.664816187494547850e-02
4.208257271463373854e+02 5.162636484156840879e+02 -4.726915233980020781e-01 1.053405717187843038e-01
2.567841616048778519e+02 5.266228754420924361e+02 -3.968055121779693814e-03 1.080264586928828680e-02
1.087566223833615140e+03 2.992790218937215059e+02 -1.124266185829758125e-01 1.216974353869204606e-01
1.158281109232297467e+03 1.916897585238657769e+02 -1.577288741887409446e-02 1.766748882829242279e-02
1.165725494783677050e+03 2.277073159455346456e+02 4.938876254233876689e-02 1.668720036770729720e-01
1.181432190325577267e+03 2.281829495044168254e+02 4.633422113850498708e-02 -4.736403577763107636e-02
3.077082748532352525e+02 5.322862745047065118e+02 3.343922975621948374e-02 -1.827689842835193007e-02
1.020312973068681231e+03 8.063528575161457184e+02 4.333750494292697153e-02 3.341614025498529372e-02
2.778147117896609757e+02 4.301798702306333553e+02 1.467570566307093392e-02 7.528770218949413888e-03
1.116721898096423047e+03 2.101331946112333924e+02 -2.700395961392132449e-02 -2.069790301156615442e-03
1.267749999971829311e+03 2.919478260488651244e+02 -8.493057024827521673e-02 -9.858252969290029824e-03
3.086042671718276438e+02 5.792387349653650972e+02 7.361624922822329609e-03 1.389687039775822086e-02
1.695611163012153781e+02 4.566421166616041205e+02 -5.268734605951150285e-02 -2.871350787179277608e-01
2.871269498748164324e+02 4.360999722171271173e+02 4.701200548579849946e-03 1.981812528458497258e-01
1.058418342459680844e+03 1.767038287949858102e+02 2.476564582484157284e-02 -2.071965549420776154e-01
1.326193716913248863e+03 3.219549756207595124e+02 -3.408375861866013157e-01 1.128330141952718912e-01
1.292551825015858867e+03 3.631749765274357173e+02 -5.830159160972346877e-01 5.543019336875545378e-01
2.000812865320160370e+02 5.986726534204815380e+02 5.327300150332286641e-03 1.117324975974621701e-02
2.900432467293790637e+02 4.465193222788525986e+02 1.592295057160356408e-01 5.156016469797464197e-02
1.097607213058306115e+03 2.095891343761374515e+02 8.322616177383679315e-02 -3.218228827143548298e-01
1.259720477774080564e+03 3.564128785469035279e+02 -2.583113301159301045e-02 5.741602857737575227e-02
2.693454678613207989e+02 7.190387980151275542e+02 1.053784475269708282e-01 -6.360906810782580856e-02
6.205998690210884661e+02 9.935100180680425410e+02 4.183649594379062475e-01 -2.617576897681033188e-01
2.650433208314240119e+02 3.703280512304477270e+02 1.208546916943633795e-02 -3.653347327228731456e-02
9.935191790308173267e+02 1.863647480928482878e+02 -2.096413684601985614e-02 3.719885643654758378e-01
1.113256821376572816e+03 2.977130999774811357e+02 1.190103186461328733e-01 -6.345379718807937774e-02
2.459374948431576797e+02 5.371457283307406669e+02 -2.641084518460527497e-01 7.139676720838553092e-02
7.781232279759032622e+01 3.344736696537462421e+02 5.660191818287074739e-02 -2.163192632821164807e-03
2.497195883811309614e+02 5.244833066812376501e+02 2.019286738708778728e-01 1.026574587632183011e-01
5.047018877309938603e+02 4.484717795947190098e+02 -3.476396417513143433e-01 2.321069483460291849e-02
5.015723481419628342e+02 4.935950699627215954e+02 2.711983065681877747e-01 -2.386980272504359846e-01
1.155775080066479632e+03 1.394871059744890829e+02 5.746172710854580146e-02 6.935180178473032697e-02
1.110391383583773859e+03 2.355115568730021209e+02 -7.331558365081036754e-02 -3.425712153734394860e-02
1.156993354719498484e+03 1.957616372344776039e+02 -3.170075622384160852e-02 3.686824752815454076e-02
1.186952240615699111e+03 2.496038808520679595e+02 -7.712752011815382502e-02 2.451316167129498069e-01
1.197453974765330031e+03 3.144785335046656201e+02 5.115968957500172110e-02 -1.520160141570414680e-02
1.174152960681001559e+03 3.624866318244937133e+02 -1.927556185265189015e-02 1.056850432456002409e-02
1.159768051222954909e+03 3.780642488548497795e+02 8.683017182335106554e-03 -4.555812254176316856e-02
1.892787128680097624e+02 6.880031994407805769e+02 -4.161524048824247757e-01 1.763710175813315573e-01
3.089927148710679603e+02 1.063169640082735896e+03 -6.095982381722819810e-03 -3.358787708094723712e-03
2.258729044088819364e+02 5.347444639896098124e+02 1.423749505630545198e-01 -7.290426134531051428e-02
4.662460178300298708e+02 4.581905354350657262e+02 -1.044049885187600252e-01 1.375896490840204933e-01
4.853443686698300326e+02 4.494074169641450567e+02 -2.029039455622003996e-01 -7.685072648777284410e-02
1.013075831493232272e+03 1.768498113000977980e+02 -8.884574635788209523e-03 -8.615749763643520964e-02
2.782140223862685389e+02 5.765330310031425824e+02 2.290462510776803406e-01 -9.706218809823699556e-02
7.410113814206151801e+02 9.582308732130809403e+02 4.546465120305194160e-03 -1.675529009716163892e-02
2.692811075628081312e+02 4.982843225105015676e+02 -7.540514033885870049e-02 -1.031195338037017989e-01
1.102462994722285202e+03 2.339297709534208138e+02 -6.927135829691148661e-02 4.894114228180133641e-01
1.177298531438761756e+03 1.772647884200777071e+02 2.650945965259173323e-02 -8.391460997354252896e-03
1.163190763033347366e+03 3.497522318127872722e+02 -3.780592518928642676e-01 8.351179504786330199e-01
2.562101256349052960e+02 5.464856896460902362e+02 -1.339366514847313283e-01 1.984363738620421314e-01
5.105694974986425905e+02 1.097462641758108930e+03 -2.051201849404075614e-02 -9.618991635496362477e-03
3.103440960320458544e+02 5.269168795362422770e+02 2.521949582470028872e-01 9.861588421734722720e-01
1.003479457238425880e+03 1.883811550818321052e+02 1.744243766647514404e-01 1.063445897880512803e-01
1.121592134034238597e+03 2.337619637769493011e+02 -4.779204897954514308e-02 2.096821360289481961e-01
1.204477234443037332e+03 2.798219530284967504e+02 3.328080400797261886e-03 -5.743667775121821112e-02
1.125436943837671151e+03 3.004889259098345633e+02 1.683865297522970511e-02 -5.962125776080710871e-02
1.233237851442101601e+03 3.005417106002921059e+02 -1.049489224916669572e-01 1.951597596007559332e-01
1.160538138623215445e+03 3.173987353083576863e+02 1.566072438627088420e-02 7.817226896289639071e-02
2.876599355195441490e+02 5.818126431678016388e+02 7.739228199536682395e-02 2.329203780964689829e-01
2.259947455615613023e+02 6.912622380902485020e+02 2.903995897232789641e-02 1.033495102504502910e-01
3.370780690420966152e+02 1.099957485552299431e+03 7.067923412845403264e-02 -1.417956153140948958e-02
8.543627453734040955e+01 3.512015794072405015e+02 -3.285172750473108749e-02 -8.529032312620188350e-02
2.738663297829118051e+02 4.508801989001896118e+02 2.157807211587225993e-01 2.680772170596270598e-01
2.953617426919697095e+02 4.895337445960646505e+02 -6.741633018545201139e-02 6.188251503041897195e-02
9.761008533950434867e+02 1.686764934647107737e+02 5.772687899820994062e-04 1.011399862614936751e-01
1.079942868978326260e+03 1.994424864994433619e+02 6.701527031810883273e-02 2.334920479498947543e-02
1.188423426229478309e+03 2.149846690456488147e+02 2.432065966484060482e-01 -1.143258216803033633e+00
1.131884150507703907e+03 2.424839523665751813e+02 5.932793683513182259e-02 -1.746105936497386324e-01
1.260318433286536902e+03 3.006345004454340142e+02 2.216458804523995241e-01 -9.916747702753525573e-02
2.806308997314096132e+02 5.458610589172351411e+02 2.602871933776924607e-01 4.211863767827139782e-02
2.280047476791880285e+02 6.961180031254947380e+02 -8.767111154928386441e-02 -2.197618656734334763e-02
2.566636068986716168e+02 6.915204373257873840e+02 -8.965277931278592405e-02 -2.390477605464127464e-01
2.066629873279039487e+02 7.073283830121958999e+02 1.667002978124543233e-02 -1.962358742360947872e-02
4.746406202551032720e+02 5.808374228761548466e+02 -3.526309596564658477e-02 -1.758473230655681618e-01
2.845526206373906462e+02 4.929740091892450664e+02 -9.801135600847979759e-03 1.122538498366149468e-01
3.083047005422267262e+02 5.223537269972163131e+02 -1.515311539157172260e-01 1.013747002015937398e-01
1.053702786053824411e+03 1.567215649632168493e+02 -1.479609466506038584e-01 -3.041987764873681499e-01
1.084960759983474190e+03 1.696889183075101357e+02 -1.800925998918501136e-02 7.719440827081787415e-02
1.039233761250847920e+03 2.046922103334293013e+02 -4.884877813136275643e-02 1.226968879785298866e-01
1.120361911078824505e+03 2.455943166513198435e+02 1.703506297531021119e-01 -2.594579841848012047e-01
1.214533216140185004e+03 2.508395708651866016e+02 -2.154084582814448368e-01 -1.412250373393163727e+00
1.170183151991223895e+03 3.478080028903005996e+02 -6.047895702560405345e-02 1.705032681364665736e-01
2.646276043727308434e+02 7.224008985921956310e+02 -5.748994932004810460e-02 9.061841359550726338e-02
2.650425064198917653e+02 7.286137928782890185e+02 -3.565678028811210872e-03 -2.026065298784563706e-01
2.118674244915208078e+02 7.464192284181405057e+02 -2.521984934016548510e-02 -9.815643152743783531e-03
5.686397902239253881e+02 1.023568235252787076e+03 3.360726672244330193e-01 -2.011142293498551226e-01
2.444644232967946493e+02 3.544630072104718010e+02 -2.427064417705366850e-01 -1.403981356650092494e-01
1.718703292121800530e+02 4.613006112794846558e+02 1.361245588908559512e-01 1.167218869229316169e-01
2.601839235276317481e+02 5.233486199074502565e+02 -1.036603481313136399e-02 1.179220872984387825e-03
3.891286049561523441e+02 4.937095475862406033e+02 -3.618840317999172385e-01 2.455787299567475657e-01
4.685932618042018021e+02 4.695719675570227309e+02 -9.409848732826731066e-02 2.242839792771178509e-02
7.515691655795677661e+02 3.852062858392542353e+02 -2.938375308021932142e-01 2.089917250357871126e-01
1.051112645055002531e+03 1.872444332277011370e+02 5.622525082594620471e-02 7.066340657169689621e-02
1.086561703293751862e+03 1.819055695774295032e+02 1.479716701032884885e-01 -3.177403903419246944e-01
1.090533589103325312e+03 1.874580034996091626e+02 -6.945313250525941839e-04 1.033779778444454678e-01
1.139925966067685977e+03 3.432644498205809214e+02 6.602113145845578401e-02 6.702951334207796208e-02
1.155470169088076091e+03 3.393968822257579632e+02 7.969284116757080483e-02 -2.598099472292290102e-01
1.114918523869382398e+03 3.509714007909577731e+02 -5.983303816617535631e-02 6.631825992857898200e-02
2.598188206132066966e+02 7.039738072113748331e+02 -5.703600233195516012e-02 -1.064070852305007975e-01
3.186986413015458197e+02 5.457915696503268919e+02 -7.830755013688417421e-02 -5.153316687307096799e-02
6.485410890281775664e+02 4.891426906340097958e+02 -2.898181483777761969e-02 -2.739335692015743007e-02
6.164337141920647127e+02 9.792031914085970357e+02 1.489860505029128035e-01 -1.549606711348019417e-01
5.707515690308330250e+02 1.028715136462432383e+03 1.841382215205840112e-01 1.225723124423439003e-02
2.322360227618225679e+02 3.439940309369754345e+02 0.000000000000000000e+00 0.000000000000000000e+00
2.805648684658647767e+02 4.809813816911555477e+02 0.000000000000000000e+00 0.000000000000000000e+00
5.644953314774591036e+02 4.380094935638558695e+02 0.000000000000000000e+00 0.000000000000000000e+00
8.081159068079548433e+02 3.774997649147334755e+02 0.000000000000000000e+00 0.000000000000000000e+00
9.976826793521930767e+02 1.879174741253207230e+02 0.000000000000000000e+00 0.000000000000000000e+00
1.063926991214379996e+03 2.136718009597710193e+02 0.000000000000000000e+00 0.000000000000000000e+00
1.135375487413545443e+03 2.101203839628609273e+02 0.000000000000000000e+00 0.000000000000000000e+00
1.202418737131925354e+03 2.254708838853264297e+02 0.000000000000000000e+00 0.000000000000000000e+00
1.217134944823713113e+03 2.399831536765796045e+02 0.000000000000000000e+00 0.000000000000000000e+00
1.215518829046400015e+03 3.272838894814278206e+02 0.000000000000000000e+00 0.000000000000000000e+00
2.657954337231917066e+02 5.923507363245130364e+02 0.000000000000000000e+00 0.000000000000000000e+00
2.499202481913929148e+02 7.278140581967670641e+02 0.000000000000000000e+00 0.000000000000000000e+00
1.008029496454825221e+03 8.020008412451999220e+02 0.000000000000000000e+00 0.000000000000000000e+00
8.883248782463167572e+02 9.065316750545175637e+02 0.000000000000000000e+00 0.000000000000000000e+00
6.152186831157634970e+02 9.849511784588694354e+02 0.000000000000000000e+00 0.000000000000000000e+00
7.154615422604709920e+02 9.482304223751772270e+02 0.000000000000000000e+00 0.000000000000000000e+00
