1.339350224989152878e+02 3.833381941519754150e+02 -1.953341482478640739e-03 -3.035072905260725960e-03
2.534842030656462839e+02 4.648305038162143887e+02 8.880445392291298236e-04 -1.137487059097701085e-03
3.167340100976527424e+02 4.723915449427920521e+02 1.407040249409030087e-02 1.979841059811926138e-02
5.648836804609342153e+02 3.787386098744038350e+02 -3.423105631391576680e-03 -1.616097698968583249e-03
2.838432266938058319e+02 6.140071852142780244e+02 -6.183210036548045588e-04 -8.435430443434128664e-03
7.083395624468620326e+02 4.174359761903375556e+02 1.942391196474536549e-02 -2.304031506656487385e-02
6.343574645676362707e+02 8.219848603076542304e+02 7.084118665531631670e-06 -2.767956547435604570e-04
9.123857564519591961e+02 8.060261200132717931e+02 -2.578188395741878316e-04 1.054489129532751963e-03
4.599521133556778523e+02 9.415736465285245913e+02 1.700829863974075498e-04 -2.957891239664532830e-04
9.057329871388194533e+02 9.225244164783501901e+02 3.701592709959267125e-04 7.298576402056166984e-04
9.002403886642215411e+02 9.260322226454015890e+02 -1.366381187027751421e-03 -7.493286569032002985e-04
7.080064846068794395e+02 9.906593937678876500e+02 2.447683166394091082e-04 -2.241997782314431465e-03
7.151034606277463581e+02 1.011378176900487915e+03 2.966317486026929097e-04 -8.617995936343630274e-04
7.049369110399592273e+02 1.023706406680987925e+03 -2.742912123753424845e-04 7.287532468585550889e-05
4.816220707719043048e+02 1.099006943306465473e+03 -2.459594542452433834e-04 -9.846263197813289684e-04
7.044489798667950708e+02 1.036470770949153803e+03 3.035774991925034930e-04 -6.607252019123977449e-04
7.518479734838842887e+02 1.067560855807220833e+03 8.333981778414093833e-05 -2.836637742964938223e-05
7.456267379147507199e+02 1.071412276589087242e+03 1.054760392874116558e-03 -4.662225507474593799e-04
1.311789741917219771e+02 3.256458427066176569e+02 1.276419467612327865e-04 2.675224708398353350e-03
8.998095825523154190e+02 1.102110257467905512e+03 7.208980085198784691e-04 -4.516777484677912094e-04
2.668450000434281151e+02 7.699902517348386937e+02 4.633497522055483181e-02 2.879663035012736128e-01
2.345532287431739462e+02 7.819735646650968874e+02 1.088181172615189651e-01 2.684774534624644327e-01
2.456326937499106009e+02 5.043294932599104641e+02 1.120817147634141191e-02 -2.574794008088283122e-03
2.483092073646285201e+02 7.223629607360804812e+02 -4.051710010805542259e-03 4.757122888102093689e-02
2.627481595018863345e+02 7.754942654059445886e+02 6.382241723966697311e-02 3.110087433035854110e-01
1.194698002649183991e+03 2.541046878885894387e+02 -8.599073109850212957e-04 -8.769445347063605130e-04
2.563759932387467870e+02 6.226806238136238107e+02 -4.018252798674790301e-03 3.696600165478729910e-02
1.935330973133683869e+02 5.868624884193933440e+02 1.559259456077017149e-04 1.018240795960338903e-02
1.157716758006378086e+03 2.331909223700080247e+02 1.714388921405626820e-02 3.191788966329689448e-02
2.962565847928334506e+02 6.636545131046946153e+02 8.417485595656455308e-03 3.587115153055438210e-02
3.043031700482590622e+02 6.380347336140140442e+02 2.438210266437537135e-04 -1.473633495189316436e-03
6.308801094241454166e+02 3.692707729350544810e+02 6.626405455706097132e-03 -3.424597466586518698e-03
2.382086782884696845e+02 7.163711891234291897e+02 7.893592604548280850e-03 1.037798320943342234e-02
2.531374482266896848e+02 7.411543823222001492e+02 2.615977346790084035e-02 1.316006456719367168e-01
2.019176921302687333e+02 6.852110722675839725e+02 -1.426799872249398353e-02 6.290603404923416492e-03
2.423943715378104287e+02 6.730003037746160999e+02 1.189141626645883951e-03 1.598744209737596594e-02
1.260234925742388668e+03 1.957581431665369394e+02 -2.417074186251009366e-03 -6.240112072063793867e-04
2.397993579420846402e+02 3.825973487376452340e+02 -5.390824071793273720e-02 -2.271418386814396950e-01
1.259653085422731692e+03 3.789587792854758277e+02 3.202506129578113793e-03 -6.814613616975496481e-03
3.002878654460155872e+02 6.450477191332122402e+02 -1.516053976619633967e-03 -1.604622944771585610e-02
2.635927457919243579e+02 7.491619886770171206e+02 9.361514678442409143e-02 1.520932461268440783e-01
2.153368750204712114e+02 6.673146449995915646e+02 -3.653329350909065125e-03 2.762445562107041994e-03
2.144475428451870869e+02 6.535538570570714683e+02 -8.364552045742414121e-03 6.436241545008786896e-03
1.222354467343468059e+03 3.970166062382814403e+02 -8.629679635800633838e-03 -3.809960497908895793e-03
2.584678074381841952e+02 7.506448917810687362e+02 1.015258274206570499e-01 1.622526288110275605e-01
1.230779853486264756e+03 2.461848947722296828e+02 -1.985476260910722514e-04 1.218235869435438189e-04
2.691708570901964777e+02 6.964385154262470223e+02 -4.322229984398804140e-03 3.155520799094408031e-03
2.666508645020683730e+02 6.642442300689141348e+02 2.447428498411195752e-03 1.030819146649264439e-02
2.822208414641928584e+02 6.850408151583969811e+02 6.120919429786406390e-04 4.182017717533937327e-03
2.429615043107216366e+02 6.375602128848978509e+02 -4.060413676472931360e-02 2.218793802165187554e-02
2.526217156643668602e+02 6.351885698536869995e+02 -4.536452925689241251e-03 1.699804503196352193e-02
7.151237652948090044e+02 8.800699424365425330e+02 1.271737844196575984e-01 -2.253252839116945683e-01
2.503732438053187934e+02 6.175933373565020474e+02 -1.287431311419961512e-02 5.658976264525975367e-03
2.334608026330447217e+02 6.355322017888828441e+02 -1.249192972990456792e-02 3.974708816706717246e-02
2.599276344916415269e+02 6.420580113716471260e+02 -5.235048696499463965e-04 4.971382637956531236e-03
2.910180770589828967e+02 6.487601413896428539e+02 -3.444956418958766220e-04 5.199234538854353126e-03
2.286159507221264562e+02 6.936514104522109392e+02 2.844070386798887382e-03 -2.564294855072054083e-02
3.075235988876804072e+02 6.298343876381190967e+02 -3.815094534640800592e-03 -1.339963959000134257e-02
2.969130195408112058e+02 6.046588558511101610e+02 1.614204248601772140e-02 -1.225059277098717800e-02
2.294168552295298582e+02 6.485770336772583278e+02 -2.421606665842264763e-02 3.695318888995949985e-02
2.317877540040462634e+02 7.193430434317600657e+02 1.825769496768897202e-02 4.526955512630034817e-02
2.913893628587367743e+02 6.629333934985036194e+02 -1.098904765266882876e-02 6.298715494555682734e-03
2.496712236856079414e+02 6.532698456819369994e+02 -1.192729851680782681e-02 1.263501275069203213e-02
2.455491751031260890e+02 6.648636957440817241e+02 -5.765689136610760088e-03 8.204103498711123529e-03
2.918633962382440927e+02 5.823440063808883451e+02 4.004420169591489144e-03 3.520144537593422607e-02
2.233086159463536546e+02 6.909647390562363398e+02 1.395813378631222991e-02 4.055607018634049127e-02
2.888977160453544002e+02 5.873951932936977300e+02 2.874528769864647618e-03 -1.967686404884828964e-03
2.678012496752390348e+02 5.851128486064499157e+02 -6.514706768301282286e-03 1.297014258344092084e-04
2.107838001988930614e+02 6.866948725994345750e+02 1.109921193474495103e-02 -9.480973842244673488e-03
1.118752804319612324e+03 3.149329760921416437e+02 1.107603702447398399e-02 3.441135085974153518e-02
2.882270331549607363e+02 6.355380104219171926e+02 -6.489512220215632853e-04 4.068912177931136888e-03
1.475658404080034529e+02 5.290359251031964050e+02 -1.655029725642384857e-03 -2.812400429597305702e-03
2.678811031380956251e+02 4.581630083601072556e+02 3.761325743037915309e-02 -1.430897028727612097e-01
2.454521023374626054e+02 6.830849445781481108e+02 3.043898366468225300e-03 8.197695455150736180e-03
2.848554600450347039e+02 5.522841002272396054e+02 -1.898635800807598915e-03 6.878819240329344742e-04
1.056476234842920348e+03 2.225502153485537917e+02 1.913941087380381092e-03 9.635262903350056557e-03
2.686165202155710290e+02 6.548910321141809163e+02 -6.762548166094992097e-03 1.287713141668928550e-03
2.901238286712614354e+02 6.177726956942238985e+02 -8.868929660961569553e-03 -7.813166922323044189e-03
1.091801720385476074e+03 3.131960818915320033e+02 4.096690914116377091e-02 2.412203300964831792e-02
3.135236965226375787e+02 1.042976754481778698e+03 -5.686086967778752888e-02 -1.780696202608468559e-01
2.495837474599336474e+02 7.037466445118777756e+02 -1.235468830553135278e-02 4.397349544704879515e-02
1.217209253988392675e+03 3.517523813244188773e+02 1.799070421685824636e-02 -1.728400783161368470e-02
2.734498457607133446e+02 5.972016607743433951e+02 -1.524451538561453698e-03 -7.577731747042746116e-03
2.468558347698617297e+02 4.933886772941671666e+02 -1.540079337234606096e-03 -4.172152753970087904e-03
2.715823178025361244e+02 6.779311517956907664e+02 1.862311830924826082e-03 -8.402562182358325193e-03
2.427583115753332379e+02 5.985310669843755704e+02 -1.704784149532797416e-02 1.299614221005584297e-02
2.968038810186917544e+02 6.376686478423250719e+02 2.546624544914317945e-02 1.149259312343348452e-02
2.379782889396418568e+02 5.021638363729041998e+02 1.863736626515895972e-02 -6.298306564089427989e-03
1.210081319560954853e+03 3.257541450319974388e+02 -8.808019568577227232e-03 6.294525777967027724e-02
2.589384076675130473e+02 5.536323242222234740e+02 5.150484156096768202e-04 5.070030647606481311e-02
2.704238750311070589e+02 4.831253440209597443e+02 -7.739361834100380588e-02 -9.758836743692528293e-02
2.069365301834220077e+02 7.319765392711906316e+02 -6.696688292637114313e-03 4.431869318577382616e-02
2.828142478420568864e+02 6.517805979117636070e+02 -6.846572822827384774e-03 -1.184460717116273855e-02
5.373471750974753149e+02 4.881373025604213467e+02 7.701238386140752627e-04 6.323378440480281748e-03
2.288437272777564999e+02 7.103038195591608428e+02 1.369239074972596233e-02 2.981478028002719494e-02
1.196813415950217404e+03 3.922408987556914326e+02 -6.880702693953737181e-02 5.387086819552007466e-02
2.690938128897676620e+02 7.408953030649272478e+02 4.508510535052182716e-02 9.795537919523897297e-02
1.186253139050924347e+03 1.790336322131720976e+02 7.321006508122945844e-02 -9.356060705056419569e-02
2.773298320381169901e+02 6.589187123875623229e+02 -5.041976310888746267e-03 -1.132461907117642691e-02
1.398729572814004882e+02 3.894914050190860735e+02 2.253501843963510824e-03 9.747071468109875028e-03
1.215838436426036196e+03 2.535529613711341597e+02 1.115993384011141308e-02 -8.321253823745485695e-03
2.207952532584737639e+02 2.988807593087851728e+02 -1.099897377464314763e-01 -3.445220404098462419e-01
2.398929045846163319e+02 7.626821526198092442e+02 1.005997683470038484e-01 1.605818290304814322e-01
2.336479346379547053e+02 7.064618502848826438e+02 6.342653324424807294e-05 1.860749167099241819e-02
2.175451676488982287e+02 6.404744254844047191e+02 2.544672521953363770e-03 6.034200866462141599e-03
2.665892668859672767e+02 7.968440850319104811e+02 3.147378960173181084e-01 1.933763296995917036e-01
2.099177039884712883e+02 6.093873501968267874e+02 -2.352494140518417431e-01 3.253335645139158183e-01
2.365874276994288721e+02 6.257786747085326624e+02 1.134631143266217473e-02 4.403361197010569744e-02
1.151855142818324566e+03 4.078839159036094202e+02 9.959284358277917248e-02 3.064727821497635896e-01
2.298958007594180515e+02 3.475322909431577614e+02 -9.538817824053107131e-02 -2.570344431249909078e-01
2.225726020850954683e+02 7.676652261751834203e+02 1.110922197386739751e-01 2.179070159727517775e-01
3.439819197408431819e+02 1.048383984790717022e+03 -2.716488738162290903e-02 -1.684241686834798968e-01
1.094802228629977662e+03 1.558858021251979551e+02 3.973262399439239471e-03 -1.696950119876160235e-03
3.345544403966284221e+02 1.050605686078880581e+03 -6.137241047523919052e-02 -1.606908300866394801e-01
1.123205256531242640e+03 2.372942905716876965e+02 6.472447656010174577e-02 -6.311785772285873064e-02
2.656852645728855578e+02 5.920481034016520425e+02 7.939919884852270700e-05 -1.115052527098209754e-02
5.748339690237638706e+02 3.804359382484460639e+02 1.079640525961279938e-03 4.754393664121821434e-04
2.140629724210252789e+02 7.591272093852223861e+02 -5.245373551294487714e-03 2.129563035525678105e-01
9.314284376437125275e+02 8.445463862027387449e+02 -4.077142064713848608e-03 -5.810487334667756212e-04
5.773632592743786063e+02 4.307720161843602114e+02 -6.546753803985044980e-03 -5.007494658337411850e-03
1.006333983889732281e+03 8.127638276293556601e+02 -3.291453612218496558e-03 -2.665567147853988364e-03
3.075643596510207658e+02 4.975027026160092873e+02 -1.780976215855131772e-01 2.488655622823110827e-02
1.347131142570608233e+02 4.002690730097115761e+02 -9.771874982029298863e-04 1.488001082138750309e-03
2.594335922632985785e+02 6.865242941941047548e+02 -3.483119200514956434e-03 1.368372091633318632e-02
5.024682927740858531e+02 4.391739226384190715e+02 6.727811781922585048e-03 3.987002964929345361e-02
3.087960980552173282e+02 6.067134002361556213e+02 -6.886913159961646292e-04 -3.884001316905731681e-04
1.172310821366922482e+03 3.772344152006131139e+02 3.863626027205190744e-02 6.441512325579147602e-02
2.748962996900899043e+02 6.229401169247241796e+02 -1.393207722866135262e-03 -3.580635035740499083e-03
3.093955601221045981e+02 6.213137313484014612e+02 -1.099449719109905736e-02 -4.506873411236763174e-03
3.036384711839050965e+02 4.892169375902814750e+02 -1.459786537848214161e-01 -2.514496714820892154e-02
1.164340045928023983e+03 2.417986464201854915e+02 -1.994424732255412405e-02 3.679011033740790804e-02
2.737830139746894247e+02 6.615217043958447221e+02 -3.475344137198157785e-03 2.334356896625703909e-03
2.614117261484938695e+02 6.959782969650938185e+02 -1.112540258420136822e-03 -1.030222517346540516e-02
9.811295136144756270e+02 8.279786327654232991e+02 1.789770686313843636e-03 -1.729060893457118548e-03
2.330731554546167672e+02 7.136113327389191454e+02 -1.499167164927494005e-03 1.695307620602109003e-02
2.348518140191838484e+02 6.119249519081097333e+02 3.127575541516127572e-03 3.440815792223610170e-02
5.798537697451787380e+02 4.061829439679352731e+02 8.812383390297309467e-04 -6.095290351379276973e-03
3.212128321924839156e+02 6.289874387642117881e+02 -2.745425158137169627e-02 1.908701279716283616e-01
1.107258018594456871e+03 3.424842751409489097e+02 6.801531765099393112e-02 9.023754472171351126e-02
2.836520497164447079e+02 6.773946949876103645e+02 1.771495893878506037e-03 -2.934430575557130626e-03
1.009772382709352541e+03 8.162700591914746155e+02 5.622805056006681748e-03 -8.803765836815538592e-03
9.408639144754577046e+02 8.341541044796513233e+02 1.324045659601432541e-03 4.817665377935113381e-03
1.003012222010038386e+03 8.368900082209880793e+02 5.164788840771408068e-02 -5.024610734434564741e-02
2.496937416136721879e+02 5.847902023413340657e+02 -4.434715512392941976e-03 2.259091509864956035e-02
4.825751043123826776e+02 4.345261382315279661e+02 -4.116236707072474903e-03 -4.748448709962065106e-04
3.176499830284068366e+02 1.072640335277314534e+03 -5.169540016466087073e-02 -8.538235274484505533e-02
1.019185979288119711e+03 8.062638930886537310e+02 -4.752217520184209495e-03 -4.511508452156199754e-04
1.214215119854015484e+03 3.094537565614318169e+02 -2.559038044217790131e-02 9.902333236947141737e-02
9.607232280447879020e+02 8.329617389380139230e+02 2.356479945946136911e-02 -9.131143857833121796e-03
1.195515516375407969e+03 2.328488712906170690e+02 -8.224067085971811797e-02 8.738555964226231432e-02
2.638178585990663123e+02 5.629613456783513357e+02 7.684708216842891029e-03 2.798052460941720040e-02
5.495309485991422207e+02 4.421749100693261312e+02 8.145573852532221604e-04 2.953668330031060645e-03
2.131929767895058490e+02 5.173921694244140781e+02 1.474994317166786846e-03 2.619735344027692824e-03
2.980375369451628558e+02 5.751349788778964012e+02 -2.014270689680487496e-03 -1.598095873050556920e-02
5.846324167740069697e+02 4.154002967627471890e+02 1.067490166066124976e-03 1.952181617097906510e-02
1.024428577673945711e+03 2.198254801067141102e+02 1.862851115135970292e-01 -4.484181754369251371e-02
1.239818898043928812e+03 3.160308967065898287e+02 3.024093056545476554e-01 1.048500332857603828e-01
2.655776354355499507e+02 5.534520618933657943e+02 2.734912101546720618e-03 5.054138176633544977e-02
2.860521516618441638e+02 4.659204796872139127e+02 8.362963179693694987e-03 7.709095415151186181e-02
3.037068990137530022e+02 5.053881783478247485e+02 -2.123762179639261116e-01 8.723774330134558691e-03
2.567994664569617953e+02 5.870218208989699633e+02 -9.013930663312824665e-03 1.186570132226914299e-02
1.184631453224463712e+03 2.294114469423826961e+02 6.201757164872826345e-04 -6.519457650846120257e-03
9.620138040151421137e+02 8.500708580967252601e+02 7.708314555313475203e-02 -4.134728763769188881e-02
6.593900806738452047e+02 4.035691652004277330e+02 -4.472832047269395539e-01 1.749079263661754147e-01
3.069083785394701636e+02 5.724880959590435623e+02 4.222697422486218835e-03 8.365346989278642578e-03
2.754241017011327131e+02 7.022707989811814286e+02 -6.092438817965517735e-03 1.317340988711212905e-02
5.614577002510687862e+02 4.376359926545756593e+02 -4.572900946382308512e-02 -4.372442010483808088e-03
2.795056461934502750e+02 4.562029496926905949e+02 5.008814845306255870e-02 8.377007495968402662e-02
1.083418407099383785e+03 2.000554389971102296e+02 3.647779524553157720e-03 4.748068500364274573e-03
2.433678162017134241e+02 3.922288208862838133e+02 -6.728263651441358795e-02 -2.010772187505616426e-01
1.983307083656872010e+02 5.546530265878933506e+02 -2.307612361992074368e-01 1.747414120030613138e-01
1.025042371844230274e+03 8.552707639636630574e+02 4.753404694864876018e-02 -3.038023276632326186e-02
2.626727529277773101e+02 6.287331981621098294e+02 -1.332211230268206571e-02 -5.290652243344750455e-03
9.763709944935102385e+02 8.519955885337250265e+02 9.468818345676076331e-02 -1.881506097957204651e-02
9.556388422878094389e+02 8.544766346898378515e+02 7.490690854328053983e-02 -2.839853817654712509e-02
2.917021125766786440e+02 5.358316947837583939e+02 -9.818163909032888437e-03 -6.339473006785891276e-03
1.987870820343876233e+02 7.136118565873434818e+02 6.237153149775809431e-03 7.721165986494368805e-02
2.166482959181762453e+02 7.170001931795552537e+02 2.036453230362699970e-02 3.459206187301671481e-02
9.281622388138790711e+02 8.523004620075711273e+02 2.359052828274226313e-02 -2.036374681478768725e-02
2.239910824524681914e+02 6.578906956243783952e+02 2.777479677921755857e-03 -2.971614193674357394e-03
5.753740007268539784e+02 4.532882520019604726e+02 -4.002556146787409480e-03 -3.349753934289179894e-03
2.848915620550803283e+02 6.299529747314113592e+02 7.430380077531337571e-04 4.274766077791769710e-03
2.490429213423211081e+02 5.976010080777456324e+02 -2.055729716058923850e-02 2.367205046266125310e-02
3.184751222246320026e+02 5.700222606403011696e+02 5.907229477367137958e-03 1.427023036094374371e-02
7.478433070099939641e+02 9.549219799543587897e+02 -2.635604055847192480e-03 -5.390747857447900082e-02
1.074962515418707653e+03 1.866405793732567417e+02 -1.257989461286756995e-03 1.197471195348582922e-02
2.719326357444843438e+02 4.309294301048283273e+02 5.119324175641305069e-02 1.132767030354457222e-01
8.247568147155304814e+02 1.102211336966076033e+03 1.663498402872436925e-04 -2.949968952814760762e-04
2.437930207850596389e+02 5.105557820963674089e+02 -9.374604428464097458e-03 3.382259168119509073e-03
2.196568053373033536e+02 7.443558229702064182e+02 3.001546013019259357e-02 1.232899512183304042e-01
2.821903766500386723e+02 5.800514133825430463e+02 -8.870977750958256025e-03 2.620084904196578243e-03
7.514515017341524299e+02 9.586582026965825207e+02 -3.566005345457556874e-02 -2.027338435741760092e-02
2.729882005010630905e+02 6.723654724635084676e+02 -1.670512509795206782e-03 2.311976140079801366e-03
5.766156093787907366e+02 4.232284912777665795e+02 3.100504285347741116e-03 3.816733209219765315e-03
1.195432651722608398e+03 4.402292667002951134e+02 1.881092848357184266e-01 3.447249526711570478e-01
1.134593770945274855e+03 3.429027212061552063e+02 4.163142042157368106e-02 1.473072993865251756e-01
3.475824828436497569e+02 1.039246515941246798e+03 -1.417882334723246651e-01 -2.464412699261926409e-01
5.896968145135589339e+02 4.616455718198852765e+02 -1.233162028855589870e-01 6.058621743696476075e-02
5.960457539026069753e+02 4.638979066996772644e+02 -1.000502161043011207e-01 4.235981424677832952e-02
3.575412238711012378e+02 1.035793751000673183e+03 -1.099833683350658481e-01 -2.873331910355989560e-01
1.200654727501478192e+03 2.161755472320237743e+02 -4.484836533307802464e-02 3.266477388902191102e-03
9.054604203715831545e+02 8.529494731031720676e+02 1.626374654186254765e-01 -9.334594616097552366e-02
3.127269241968540996e+02 5.773997152224003457e+02 7.488622589290111833e-03 -3.118106562394609444e-03
2.195779626702721430e+02 6.633403376931674984e+02 5.599206321063142887e-03 1.804434136635007721e-02
1.164696792451270539e+03 2.514784915856254486e+02 1.839903606701182373e-02 -8.057454126559220053e-03
5.956217673824469330e+02 4.924387301021168355e+02 -3.665799442582213796e-01 3.452640734535229461e-01
2.274288519631982410e+02 3.105677760276770982e+02 -9.368549859069988384e-02 -3.160650962496824312e-01
1.183667666685406175e+03 2.579682424891115033e+02 -2.970454891593894177e-03 1.250523458501862041e-03
2.145641716194135995e+02 7.285918012793478056e+02 -1.262534719552715033e-02 3.220443560715326864e-02
1.083393933713221486e+03 2.891450222170984148e+02 5.615274394253136347e-02 2.086433666847644502e-02
2.492390201808364623e+02 5.203158883608667793e+02 2.111906854696084246e-01 -1.388562913277331112e-01
2.254382858655800135e+02 5.761335618749543528e+02 -8.113611142780799076e-03 -7.595051602887150158e-03
6.171725020644208826e+02 4.101060114014951523e+02 -1.218454676732592112e-01 1.309945472609126693e-01
2.246581651982606331e+02 6.784983037677584434e+02 -6.561212137666130526e-03 1.406504975522585715e-02
7.708847834118822675e+02 9.612164218610271291e+02 8.143362167987619818e-03 2.235989127043332364e-04
6.071113377515894172e+02 4.269299285444585621e+02 -1.876350935552515142e-01 1.384432931719929150e-01
7.773222266320632343e+02 9.421951996767520541e+02 1.623836003987115355e-03 -1.950666432096545815e-03
7.747166592949444066e+02 9.487466899972150713e+02 -1.131604024516095174e-02 1.567338105210093133e-02
7.852685765641275566e+02 9.546834005074780407e+02 2.223740333341417169e-04 1.623739031496446855e-02
9.783193018687262565e+02 8.682504966115172920e+02 1.318705178826727054e-01 -4.759750070986615983e-02
2.605798298999056328e+02 3.976069444026242081e+02 5.347575555195718117e-02 1.558281021631555130e-01
1.976162180970191287e+02 6.871294235429388664e+02 2.123747122066708612e-02 5.059271568346966445e-03
8.009253251471861859e+02 9.513687630322566520e+02 3.250324152853827867e-03 -3.405456513950421132e-03
2.618827938545247775e+02 4.084977964160179340e+02 5.558500975758640106e-02 1.731772499895698481e-01
2.600651128567745900e+02 4.529084786453369702e+02 -2.741443323563796507e-03 2.672552836012154556e-02
6.193642720045411352e+02 9.358955312101155641e+02 -2.212095912916470903e-04 -2.362769637475949926e-04
2.899858165443955613e+02 5.744393811389518305e+02 4.950892879074528588e-04 -8.511130233246419138e-03
5.325619901281656894e+02 4.108663418451897087e+02 -1.269748891889879716e-02 -3.499237394628222642e-02
1.177107725586081870e+03 2.081122116806641031e+02 1.811697719269166618e-01 -2.242385617458133862e-01
6.227024865455952067e+02 4.589788876372823552e+02 -3.629551326803964195e-01 3.147189935463260979e-01
7.838200319091605479e+02 9.365195264346003796e+02 1.012152569929788450e-02 1.573642092896782030e-02
6.672176806477508535e+02 4.127777328076537060e+02 -4.168189793424348366e-01 1.564660611053864669e-01
9.517778672802345454e+02 8.886099187147887051e+02 2.026606936280534732e-01 9.283639074583740006e-03
7.818646284857560431e+02 4.899074806980569861e+02 1.576712505536783954e-03 -9.024772763395260550e-03
7.854336745977385590e+02 9.425940139452542326e+02 -3.542607943013580986e-03 3.815167698252084141e-03
7.957766338281337539e+02 3.826366920837380690e+02 1.064910536797807582e-02 -1.144485038659497252e-02
1.142952004619065519e+03 1.906460865148235655e+02 3.991301249952542221e-03 5.750990947666085457e-03
2.104840033928107914e+02 6.001797067604807125e+02 -1.109482636815799506e-01 3.887335720554113139e-01
1.129149294660479200e+03 3.573383046954061797e+02 6.047798239289324529e-02 1.392122186151191765e-01
2.785886275279089546e+02 5.522097417891158102e+02 -1.879470762121242602e-02 -1.137723592875777325e-02
3.000415758632022403e+02 5.587447082718908860e+02 1.237338826276450886e-02 -2.190026551925775000e-02
2.584266697535834396e+02 6.293350458699904948e+02 -8.987419352779239812e-03 3.278618407706393456e-02
8.003235301404537267e+02 4.189938786451162969e+02 -1.970848026477898737e-03 -1.127571988097833327e-03
2.102304292881556478e+02 7.179298340402864369e+02 -4.180641585256886922e-03 7.763638982350364905e-03
1.941900407586969379e+02 3.197448723766190710e+02 7.853983985336355405e-04 3.063857559724136956e-03
6.015382937604792914e+02 3.992467673685832779e+02 -3.725520079422782738e-01 1.886709654382518093e-03
2.285995469491772383e+02 6.916832532348432778e+02 -1.316199731142338398e-03 3.359152266287170757e-02
5.373060334386660770e+02 4.270835114239688437e+02 1.827493545379589275e-03 9.140332009847628933e-03
1.128153297578584670e+03 3.712556473461893916e+02 1.256219868231043812e-01 1.987349539610538118e-01
1.108950456902186943e+03 2.366713515493183877e+02 -8.125487785253083725e-03 9.927680407085713588e-03
1.033422235010473059e+03 8.345653498018979235e+02 -8.145776540454835804e-03 7.739030317538035187e-04
1.146973131950785728e+03 2.724953217170508992e+02 2.269054483130712729e-01 1.256654016189003575e-01
2.624301557639097950e+02 7.085023937989574279e+02 3.561392291585592073e-03 1.704816705137991457e-03
8.135665437133186515e+02 3.729242270851748344e+02 7.125452034797085353e-03 -1.359248010302427194e-02
1.196921100747900255e+03 3.465755057399663883e+02 -5.292370976415233796e-02 9.743943503673617446e-02
1.085307573830060392e+03 3.181566923806411751e+02 1.680413885526489681e-02 8.340300640935538468e-02
1.007730132201199808e+03 8.564707706129204325e+02 8.469533227086532834e-02 -4.131402664406418068e-02
9.955311144397069256e+02 8.228413258636461478e+02 3.915008526487529644e-02 -1.913536355609924550e-02
2.489682591022076394e+02 5.743473966452332888e+02 2.564288566879236939e-02 1.329141147495956077e-01
1.281844634299260179e+03 3.700778477849826231e+02 -1.831955759152971083e-03 -7.235978572537371360e-03
2.715086680867226505e+02 4.136818312618552227e+02 4.735694104105635932e-02 1.765427440124710257e-01
3.239934299266894868e+02 5.532748367409409411e+02 3.440519114196651657e-03 7.156628834675054715e-03
3.731387951282256950e+02 1.068324179500756600e+03 -5.724019182218628536e-03 -1.642325945411150512e-01
2.552751516384128365e+02 4.290885216562882079e+02 -1.316565029446598034e-01 -2.697790882995887429e-01
1.564506908673791656e+02 4.808691180689845623e+02 -1.911609456817887909e-01 -2.528028434204200314e-01
1.163341043977696927e+03 1.491042032731830034e+02 5.088965285004083683e-03 1.091903102315788798e-02
1.112137673914992092e+03 3.375916335400310686e+02 4.293432866010973847e-02 6.489581095458825388e-02
7.335940032154181836e+02 9.814142697989052522e+02 3.898300628626621273e-02 -1.638049780668025812e-02
1.204490467473143553e+03 2.787263462482865748e+02 -2.082439434731202157e-03 -1.418210946712298443e-02
3.180773984805214241e+02 5.523214460089593558e+02 1.285795619839230457e-03 5.584991725451872273e-03
7.727401953730768582e+02 3.971275131084621535e+02 -9.297649678219926028e-04 -1.640918192859740221e-03
3.804896261005557676e+02 1.066366065979685118e+03 1.071505266657982874e-02 -1.748834932781198614e-01
2.426794752769939407e+02 7.240066044095933648e+02 -6.101346479275459277e-03 2.394327122540334737e-02
1.187107150581400447e+03 4.169618103191463661e+02 -1.720483039478963236e-02 2.332316762049934933e-01
1.073711155436005583e+03 3.143813215397273666e+02 -1.039160457816305436e-02 1.578179885287211287e-02
9.886839605479492548e+02 8.330767149933245719e+02 3.479414016901005453e-03 4.706215502481670560e-03
1.043545827153453956e+03 8.626614227821465875e+02 1.743762129936245880e-02 -9.400807447522905843e-04
5.294759675697938519e+02 4.852218752227337291e+02 -2.488025536510153624e-03 -5.699954491620196941e-03
8.273457144967333079e+02 4.003768229476826264e+02 2.099387017992874853e-03 -8.984862575078808936e-03
1.185741489796813994e+03 3.226148813331332690e+02 -2.479542020673401737e-03 3.562765593774584912e-03
1.018009770571127774e+03 8.318807235508893427e+02 1.315271191721520926e-02 7.829009018884320811e-03
2.517284603917715913e+02 3.868380503214410737e+02 3.273835142272528420e-02 1.734011443924056151e-01
3.865119111905147520e+02 1.068770465262463176e+03 1.068089715236359739e-02 -1.067760522641384574e-01
1.178735660472252221e+03 2.486405643448016178e+02 -1.248565080238609685e-03 9.650312170529026096e-03
9.471326868254549254e+02 8.367666658772969868e+02 3.758404170221836538e-02 -8.446002407014371188e-03
2.631298866043786688e+02 6.536850229296118187e+02 -2.540301702984014767e-03 -2.925061494863149224e-03
4.661527939002199332e+02 4.535085331899562675e+02 5.483440022782032353e-03 -2.876871046668280814e-03
1.100646269978385135e+03 2.242605660240077157e+02 -3.321899883497839157e-02 3.660553749434295595e-02
2.682658488746577063e+02 3.011463357246486794e+02 1.856922321063519574e-04 6.725393223651209181e-03
1.210489683491428877e+03 2.490134278904090479e+02 1.153396998308542885e-02 -2.487906826749199107e-02
1.128453897811898742e+03 2.926059711114682500e+02 1.153624618081996143e-02 1.674104074346801155e-02
1.055495573511212569e+03 2.622847358739796846e+02 3.531102129945207918e-02 -2.222096523533395249e-02
2.956552113241974666e+02 4.378989511843345781e+02 3.607093003510461037e-03 8.380226156408627320e-04
9.534593042771670071e+02 8.229807949264633180e+02 -2.621949854753916022e-04 5.938459715442078075e-03
8.227337805390101266e+02 9.360586538144899578e+02 -7.344050614112194661e-03 -1.159689532690294164e-02
7.270298069944349209e+02 9.706324524831120470e+02 3.866960276125178076e-04 -1.080674100850983164e-02
8.220895503787079406e+02 9.449706207444786514e+02 -3.069490716927815530e-03 1.320232087244554639e-03
5.525058142344075804e+02 4.314036025978879820e+02 9.785233454060812339e-03 6.826906316983821776e-03
9.603016908420233904e+02 8.618406739225716819e+02 5.679992096309496863e-02 -1.600632332715441752e-02
2.991800208110196877e+02 5.503723838385212730e+02 -5.445384661006845775e-03 1.194541524685379524e-02
1.175462221032680418e+03 3.285929816505718577e+02 9.870721237315241425e-02 7.027817834300897903e-02
2.645541249414973208e+02 3.716050820433485455e+02 4.787507592603821444e-02 1.269169298904614107e-01
6.907691662480365267e+02 4.070298061720073406e+02 -3.951261212207352602e-01 2.166983454660364461e-01
1.134364650372659526e+03 3.057841778962489911e+02 1.465573855618981097e-02 2.197757795535367452e-03
2.702245221825817794e+02 4.188061149096071745e+02 5.590233612670743313e-02 1.647593617967022250e-01
2.499766621118263004e+02 7.122444845027602014e+02 -1.091941115892311291e-02 2.677244358593194179e-02
7.775136730781380265e+02 9.159128220823596394e+02 3.823007227532210783e-01 -2.128171575601426058e-01
5.482482868288581130e+02 4.587175764640990110e+02 -2.054959189024993006e-03 -4.520801428701824547e-03
2.642276807188732164e+02 6.097697838969586428e+02 2.777204565753584736e-03 -1.154681890983342250e-02
5.296291023063596413e+02 4.392097332050906857e+02 2.034037863447140000e-03 -1.329992632049416083e-02
1.065754199785031915e+03 1.969491839051854640e+02 4.596611295847642838e-03 -6.783264100239522199e-03
7.543707134831610119e+02 9.711961738167822205e+02 -2.015281464001319415e-03 9.695122154917809945e-03
7.545605814919946397e+02 4.355156797057842937e+02 -8.085686435951476569e-02 -4.369261075797141458e-02
2.620191212295707146e+02 5.024562466172714039e+02 -5.874518685099998361e-02 1.464706373658879734e-01
1.031284479211926055e+03 8.256737128233980911e+02 7.880179707550125437e-03 2.633160923663820183e-03
7.852209728399868709e+02 4.107590892729458005e+02 -7.028657859139835450e-03 -1.095915334341462325e-03
2.874452942564037130e+02 6.512265562767036045e+02 2.016594286435475190e-03 1.164952586240099565e-03
1.020400614458452083e+03 8.166572373275330392e+02 -5.058973121857987705e-03 2.396855250127724666e-04
1.222166967185017938e+03 3.351190871829338676e+02 6.960908707248950403e-03 -1.434724715691984738e-02
5.008795972118775808e+02 4.641171370731771617e+02 -8.304944519061404837e-03 -1.240088453227423948e-02
7.405856988397306395e+02 9.588797087610648759e+02 -1.380362214869103668e-02 1.210194336624793952e-04
2.349098039739411945e+02 7.275807378861734378e+02 3.144721517312327325e-02 2.934681097066220434e-02
3.203850757564786704e+02 5.993481258085960235e+02 -2.090337000814398993e-02 3.676569171890907428e-02
5.411601228425279260e+02 4.682483019733962806e+02 2.592774172646638686e-03 4.039716736141969050e-03
2.375652186577882503e+02 6.567138034711310866e+02 2.615765150349912138e-03 5.113219412427191107e-02
1.195842607551857782e+03 4.123353406976090128e+02 1.738738523312628736e-02 5.993535081723893460e-02
1.019139122975936857e+03 2.437238707308538324e+02 1.358213930134612862e-02 2.078439273157242292e-02
1.203619746578063314e+03 2.951202504037545964e+02 1.932521981254111676e-01 1.866829803676946786e-01
2.934740077368133484e+02 4.832321110365560912e+02 -1.695397013790905516e-01 -3.168532022302860546e-02
1.174123981895177394e+03 1.756883660479078628e+02 -8.444511578810162677e-02 8.456264184182588073e-02
1.151088733864658025e+03 2.123747212035254961e+02 3.893876409820267587e-02 2.896014880886186096e-02
2.006254487351356772e+02 6.729624916561689361e+02 -1.200859776859731359e-03 -8.474147416919630346e-03
2.217466933013481594e+02 5.799340358688083370e+02 -2.945998177109897948e-02 1.207076022692062621e-02
1.065510163096818815e+03 2.164386082839813810e+02 -2.114833091876798868e-02 5.527078276622943674e-03
8.558269745551447159e+02 8.930248117678744393e+02 5.210084751405058556e-01 -1.441565679378925824e-01
2.453708421626456015e+02 5.649354373814602468e+02 -2.775199186398630974e-02 1.330826219484167461e-01
2.596758876387301029e+02 6.731071336021489060e+02 -1.542636713731546962e-02 2.458943725555220311e-02
7.946012922332892003e+02 9.015942454106270816e+02 4.060038036064220757e-01 -1.174265477988687967e-01
2.100065971748190918e+02 6.431929085344434043e+02 -3.735919463830070144e-03 -1.168516245456322628e-02
6.874651632883889079e+02 3.777192270454526124e+02 -4.187860790141415546e-01 1.980621483112378067e-01
1.154301291960752906e+03 2.047645085596419676e+02 -6.505180688606679307e-02 1.138210805010718835e-01
2.235050939958888137e+02 3.195790178595742077e+02 -1.026661596611930793e-01 -3.055147388359161775e-01
8.181148700225087396e+02 3.800945864112846948e+02 -3.069266652955370076e-03 -2.965941063620232496e-03
1.209757602707842352e+03 2.365366169266020506e+02 -1.132810930194450179e-02 1.532673444607681769e-02
9.498219101516423279e+02 8.950989182243730511e+02 1.837042342605251788e-01 -1.737228704033409732e-02
8.939735844100160875e+02 8.491973548205546649e+02 1.703023522935789569e-01 -1.012639264875457579e-01
2.449410390813341394e+02 5.198555139958210702e+02 2.083603635138514163e-04 -1.755188201870920995e-03
1.198089465624384047e+03 2.046444101559265789e+02 -3.334198337320726496e-03 -1.012240819024340030e-02
2.362575843317125077e+02 3.370096284963697144e+02 -8.288069242794679492e-02 -4.203736332861962577e-01
1.078616045838064110e+03 3.168963164710212936e+02 3.476386704776156938e-02 -4.661171501641092618e-02
1.187822385873313806e+03 3.956752228172546779e+02 7.096803549250643717e-03 1.181039888335699284e-01
7.192531577815973378e+02 3.646580533282855185e+02 -4.501434111870938892e-01 1.661857172636153901e-01
7.057166531534368232e+02 4.057018530099953750e+02 -4.189762211270322556e-01 3.098379111402811970e-01
7.989586204664319666e+02 9.297726811254761969e+02 5.159459205604228008e-03 5.732528940199591982e-04
2.574478183816058845e+02 7.168553737303006983e+02 1.046507897496716868e-02 1.904320454374137245e-02
8.649747112506902340e+02 1.102262795638665466e+03 2.278746338079415217e-04 -3.168701128126287796e-04
9.352112370935813033e+02 8.564266965220060683e+02 -4.539028518587485093e-03 -1.699736800661651170e-02
1.953961929938625417e+02 5.927377363875291394e+02 1.067317999107978424e-04 1.163507477404792604e-03
3.089154562848335672e+02 5.611870654270796877e+02 5.202490882623752450e-03 4.048467447921328538e-03
1.036891570659530089e+03 1.888771392850868551e+02 1.992381359377084007e-02 3.565403515802747364e-02
2.687558264224375080e+02 5.430021012347731357e+02 1.892584183589505250e-03 2.458476222261201521e-02
2.713493316072059542e+02 5.087209475772121436e+02 -2.521531488764031798e-02 1.644699152903106865e-01
1.061877411590228121e+03 8.357865753337659953e+02 5.994369253541195069e-02 7.749704773110208111e-02
2.780522761109120324e+02 5.251207572403482118e+02 -3.013666261614389441e-02 4.030144188730914317e-02
1.044065569333304893e+03 2.818165375998462423e+02 2.588322164671925593e-02 2.453010453341814556e-01
4.945254554527051027e+02 4.511162705285966581e+02 -8.691246990297100961e-03 2.909614943001207626e-02
8.354176821179656827e+02 4.115109287831585334e+02 1.184413467583881599e-03 2.722572530829681786e-03
2.799578793556214578e+02 5.389596966956617052e+02 1.548463470706085794e-03 -5.268111541157183969e-03
1.008290685730013251e+03 9.275496325972072782e+02 -4.857796937916519894e-04 1.247992951288558791e-04
1.083217511045527772e+03 2.741724601383696154e+02 1.481659323909716719e-01 1.273613744937925063e-01
2.032761328737002202e+02 6.431348232253301376e+02 -9.223293292486130224e-02 2.980326859714789167e-01
1.250377973922828915e+03 2.570418820297840057e+02 5.269558579325663537e-03 -6.127423023357469502e-03
1.164444926738492768e+03 3.342560104644524586e+02 5.120813167175106151e-02 1.068656774862052489e-01
1.113859319853343322e+03 3.123920585831994003e+02 1.655177233576996323e-02 1.086798183409094787e-01
1.149722519590015963e+03 3.243670470675198771e+02 1.323410030422429891e-02 4.323438268758340863e-03
1.159713173704728661e+03 3.337400585389708567e+02 2.540620202525457547e-02 1.395625693813410187e-02
2.666970610054086137e+02 5.272018903781479366e+02 -3.655965587712658310e-02 1.120501813182155498e-01
2.385193299441053796e+02 7.091706168558597483e+02 -6.478564599070964734e-03 3.763948224488810473e-02
2.704576138598213220e+02 4.551040273253883583e+02 -7.901438080233222361e-02 -2.649314349603831831e-01
1.292709320722581197e+03 3.547119677555313046e+02 -5.030346387058562928e-03 1.922454003750988238e-02
2.512751346550618905e+02 4.790927938399916002e+02 3.364336861979787957e-02 -9.438424361251022965e-02
8.714574858107895352e+02 8.899115393767730211e+02 5.316397322501742462e-01 -1.297170615319143960e-01
5.416151483025952302e+02 4.546737575085753065e+02 -2.217252671847169329e-03 8.217841617744227334e-03
2.672578594406851380e+02 4.659307774886758011e+02 7.014095556583510582e-02 -2.484850010359163364e-01
3.173139429883654543e+02 1.030779991988300935e+03 -8.048512888996635362e-02 -1.997050484853956642e-01
3.250042637141315822e+02 4.999361263044133352e+02 5.494372707168075631e-02 1.888723949801188462e-01
2.297426177352325567e+02 6.280055346090183548e+02 -7.123623417896288688e-03 3.653263802107288571e-02
1.145424704126864299e+03 2.248609056047061472e+02 5.047845228198026557e-02 -3.239269767091583485e-02
2.368671229267486638e+02 3.685189626017460682e+02 -6.093394821448946952e-02 -2.613485176009396338e-01
5.222964629963000789e+02 4.251387072187301328e+02 1.445005602790775528e-02 -4.947725786162817177e-04
1.197319202749226179e+03 2.251735524257075838e+02 -1.838679756060223117e-02 1.580365433632084649e-02
8.041252054751847709e+02 8.946660232000587030e+02 2.037006243669187838e-02 -1.164231638139683229e-02
3.250919540247307964e+02 1.060118783235400542e+03 -6.779247820338077379e-02 -1.329949954725805628e-01
2.580908036126602383e+02 5.692476413931398156e+02 -2.212821614081335667e-02 3.464565899640538460e-02
1.155228699773356993e+03 2.500299317757562108e+02 3.681065158028978216e-03 1.492469432261853829e-02
2.364898010546657190e+02 6.460226118741721848e+02 -2.128621132119338372e-02 6.904533794197009744e-02
9.682072219697028004e+02 8.233530914867524189e+02 -1.094574122889595616e-02 1.528970846472007226e-03
3.275076846980238656e+02 1.089241541109899345e+03 -7.186712552219554420e-03 -1.000454463232544333e-01
1.928257376359952673e+02 5.048291389921645305e+02 -1.878601880784373963e-03 4.687032221820156691e-02
8.006612863591476525e+02 8.872482507608024207e+02 -5.473998325420766607e-03 -1.063581409555196602e-02
1.188673721769019494e+03 2.123281258777976745e+02 7.000173612107456894e-03 -9.722680485106195702e-03
8.116226094724858058e+02 4.050935890745310530e+02 -8.400877133702593438e-03 -1.767685844179208571e-02
2.684039509109811092e+02 5.791684202076995689e+02 -1.733155369832067860e-02 2.775685755312512493e-02
1.265889254558869879e+03 2.035377849929279250e+02 -4.040590744271768502e-03 1.130022915502044457e-03
1.155150680792407229e+03 3.700155507672779436e+02 2.588883169004709342e-02 7.466204836664012967e-02
7.700759921531156351e+02 3.842858315391867450e+02 2.501037865710200800e-03 4.256241630408715698e-03
1.970973293370175838e+02 6.421837966142627465e+02 -8.391976104068325781e-02 2.784913037069494668e-01
8.191765619282983835e+02 9.045855684849100271e+02 4.886739791783325515e-01 -1.748045156524224986e-01
8.139883971815977759e+01 3.379568550227496075e+02 -4.896691137594273539e-03 -7.010387617285259235e-03
1.161557310958352218e+03 2.214211480528399818e+02 3.885457754648825174e-02 5.563396130054230372e-03
1.058378224368155315e+03 2.885334397062532048e+02 5.509059176023412691e-02 1.838788075833341570e-02
1.126798321114960345e+03 3.405876234156822306e+02 3.504750477489522453e-02 6.546567760030803929e-02
1.195352376391686903e+03 1.869770814360644238e+02 4.645561600821988824e-03 7.943680961470436092e-03
5.920573215346222469e+02 4.037233195901467866e+02 1.666797888976298547e-02 -7.003636259178007417e-02
1.005298289841766177e+03 1.672881346174523003e+02 -6.404557679765261746e-02 4.154596431473944057e-02
8.805132830848557433e+02 8.728969885657002123e+02 2.687437960360192224e-01 -1.335732500049052751e-01
1.180010092854604409e+03 2.148848178078868330e+02 -3.796998109282417096e-03 6.042092626692089491e-03
1.314473228289777808e+03 3.430775973786535360e+02 2.062597979154969230e-01 6.431881580031997836e-02
2.204817265093462026e+02 5.451529680689936868e+02 -2.611076096272631486e-01 2.116790961962362883e-02
1.085755393131307073e+03 2.929025779313622024e+02 -2.793026737295164694e-02 4.832297637179266275e-02
1.036738875969159608e+03 8.570943546810271982e+02 -3.441135653783120637e-03 -4.011830635668407752e-03
1.137584822157039753e+03 2.077136606758637924e+02 2.003618361168692241e-01 -2.570841636957010845e-02
1.146488794693016644e+03 2.503057896275159351e+02 -4.890280385268960285e-03 -5.735983243896340678e-03
2.803505105072489982e+02 5.188230022144696250e+02 -2.236872295127239826e-02 4.844359669538231272e-02
6.742096543524082790e+02 4.261787159064494972e+02 -3.863960356231635473e-01 1.938941001602896286e-01
6.866939924124775416e+02 4.144729618844473293e+02 -5.251386494508085701e-01 2.424206897052863241e-01
1.071462190867418030e+03 2.241092155199245326e+02 -4.290216061804130732e-02 1.834836941476159985e-02
1.043948263313495090e+03 2.247206276002666527e+02 4.241712928116594256e-02 9.460093464093548288e-02
5.598103747229228020e+02 4.120584318247856004e+02 -3.207417177754275008e-03 -1.530776972810998088e-02
2.424132699561391746e+02 6.819609583620773492e+02 4.959606346624309200e-03 5.590311400591516273e-03
1.136409019231243064e+03 1.430143542526105307e+02 -5.798034327588286879e-02 -2.214548805966950345e-04
1.196009224411872538e+03 3.810304087721729616e+02 -9.735419574713653768e-03 1.985200556714967340e-02
2.666466000157076905e+02 6.385436137703079567e+02 -1.945104561643813679e-02 -1.803818773824147773e-03
2.199546350886561186e+02 7.008633870534534935e+02 7.222589376416498411e-03 -1.908482341100847790e-04
2.892095553751572652e+02 4.458475526950074936e+02 1.937613882414957953e-02 8.219331960446712992e-02
8.863590722933344068e+02 8.733876429124636616e+02 2.867116113253519449e-01 -1.365704165038363893e-01
7.258660587621006925e+02 3.860620264186945292e+02 -4.094656755635467382e-01 1.953016790022905347e-01
1.496855668080292219e+02 4.886567710081124005e+02 -1.753165275821678137e-01 -2.487108954880707934e-01
3.351201444914051990e+02 5.385784343272117667e+02 -3.763112427915786540e-02 -1.401180814893522586e-02
7.198176605610019578e+02 3.759889945567044833e+02 -4.576426936189566530e-01 1.782814399244639636e-01
1.110343296417852571e+03 1.690370684644639994e+02 -7.342355586095635194e-04 1.732128525022609555e-02
8.545647248429653473e+02 8.454169911065874885e+02 -1.685233366504989283e-01 -7.167002219615922765e-02
7.835299379033526748e+02 9.600704980620782862e+02 -1.969532287778810731e-03 2.758139240235872591e-03
5.110778018250121590e+02 4.396118143146275656e+02 -4.317313150358411192e-03 7.877443147532008777e-03
9.834436778108261024e+02 8.782321857080034988e+02 2.782837222374857644e-01 -6.262782984987043389e-02
2.210518385693047492e+02 5.375960088922118985e+02 -3.199623296739781964e-01 5.781674691326707527e-02
1.081549265965077666e+03 1.784529458352492099e+02 3.856705837060106501e-02 -1.169159180187584884e-01
2.515693623109285966e+02 3.407288709892953307e+02 3.259054595387079339e-02 1.559237915707369915e-01
4.790474364366115196e+02 4.710798055101952286e+02 1.462899890866042711e-02 2.459839117697657992e-02
2.851454661198175131e+02 5.677041094700433632e+02 6.300573407256729493e-03 3.407392610641649805e-02
1.166766707980465526e+03 2.150074494064902808e+02 -2.210389349717149787e-02 1.951283848554518849e-02
7.544751500675114357e+02 9.205062406059386149e+02 3.629106550748859572e-01 -1.816478407533512474e-01
7.141380924295722821e+01 3.164363768126980290e+02 -1.501866535892135710e-03 -4.649843371889981342e-03
8.096916880495177793e+02 9.374264229263845891e+02 -6.850898793364459949e-02 5.231316786960020504e-02
6.294299647013278900e+02 4.598876177489423185e+02 -3.507369712606282497e-01 3.074807793674960710e-01
1.165759825648704236e+03 3.616979846617259682e+02 -3.742647416228833939e-03 5.916977367747105337e-02
2.655936310018302606e+02 6.866445129947195483e+02 2.850762877953078901e-03 3.652456524986573416e-02
9.180487284723593575e+02 1.102665513616740782e+03 -9.541833941734739668e-04 8.005690817528807223e-04
2.555095995092739258e+02 7.337073887411089572e+02 -1.320312544642869351e-03 8.581828514520611906e-02
7.635157767154001931e+02 9.623007639405911959e+02 1.913563498921558000e-03 1.443988594984949763e-03
2.727233666726729666e+02 4.652622065019342585e+02 -1.176516308950501244e-01 -7.135530424795324955e-02
5.365830546591937491e+02 4.145990444828173622e+02 -2.815627166305963158e-03 5.494191219759384133e-03
5.211350535329661398e+02 4.412778974219441466e+02 3.617548342657134382e-03 7.122482387728723552e-03
3.257101048730538650e+02 5.348625011649592125e+02 3.677197543050952921e-02 2.725134056686329131e-02
2.598655975423310451e+02 4.604634778013518144e+02 5.056276947266044423e-03 1.757823524603973134e-02
8.163102469445133238e+02 4.088468217398423690e+02 2.092470610573580331e-03 1.060378965013004417e-02
2.432907656474888256e+02 6.108765505324704463e+02 4.065186089187220256e-03 1.675436567866582516e-02
1.087863106433132089e+03 3.635272888160783396e+02 1.571764023959769940e-01 1.705253354118031750e-01
1.164434377408075079e+03 3.502058747111831849e+02 3.109318573397239216e-02 6.102818894460975557e-02
2.457889678042495802e+02 3.444926046913089408e+02 3.679850936227392622e-02 1.564402345287679852e-01
1.054177716917990892e+03 2.068590957886021044e+02 2.926954888976925333e-03 1.016972406899096550e-02
1.207009884863546404e+03 2.041399024774832469e+02 2.113463151295486703e-02 -3.120598645638114968e-02
2.515974129106355974e+02 3.719043234965475904e+02 3.257495429528996234e-02 1.613879707575542610e-01
1.076636322078200692e+03 2.843537632558663972e+02 5.653937746958467674e-03 -7.549109070709218022e-03
1.154291687672152648e+03 1.652080766195037143e+02 3.768490375894472007e-03 -1.707968498584168382e-02
1.174457313966444872e+03 1.901030988730522608e+02 5.709619190990299076e-02 -3.556453027746559609e-02
2.518449961699890594e+02 6.420785612704484038e+02 -3.347313537292370949e-03 -4.620159592377603985e-03
1.122930642052470375e+03 2.143340314725884923e+02 2.044961861751929191e-02 -1.797086993089560755e-02
6.025919277425541623e+02 4.632733581253588113e+02 2.048766718042660251e-01 -7.395510121409530624e-02
2.545681700412399096e+02 5.119699186105211766e+02 -2.993974832771237327e-03 -7.622849328879623132e-02
2.690791287565585321e+02 3.976128081010192545e+02 5.037959407064649536e-02 1.699965432635761609e-01
1.514042950051616572e+02 4.546781274342824872e+02 -9.894358393152927113e-04 -4.949406768542591491e-03
6.087326369190424202e+02 4.619606053531861107e+02 2.157976373459443431e-01 -1.143786180953956094e-01
8.225201894387670620e+01 3.265886416184210361e+02 -1.430809849245176686e-04 9.839808900386458335e-03
2.859560687391754641e+02 5.948425914921532467e+02 1.556968715116418406e-02 -1.770866470975972912e-03
1.138486776653079687e+03 2.173897627378989341e+02 1.698006379463027574e-03 -8.282660530356186768e-03
1.026152774870395433e+03 1.897371070409585911e+02 -3.081709604765648768e-03 -8.929675388243806661e-03
2.498813349619388191e+02 6.816450133048016369e+02 7.759472548847630435e-03 -3.130312977271270530e-02
9.286949411997597963e+02 8.734350323760344281e+02 4.757854347028592223e-01 -4.497129185171440391e-02
1.432415541823884269e+02 3.929962637055038499e+02 3.782283006060397734e-04 6.265089176027046833e-03
1.246764157337919187e+03 2.889776120299745230e+02 -8.469607731323849226e-03 1.660107506578605008e-02
3.351550484898010609e+02 1.068471873409051568e+03 -2.956916056051298383e-02 -9.505679153940577164e-02
1.118969267908209531e+03 1.933542839868228782e+02 3.951184371270314438e-02 1.648495106739229776e-01
3.047213407894431612e+02 4.811250974319882516e+02 2.173416615997353710e-02 3.297880307490296675e-02
5.419837637755089190e+02 4.248744261091215435e+02 -2.247248724526150314e-03 1.499546309323232171e-02
1.128142055928818991e+03 2.219370889731122247e+02 -1.801663919544501747e-03 -5.639908208230159578e-03
1.115178287129075670e+03 3.792668044310402138e+02 2.779914022693500894e-02 1.559179519833236646e-02
2.166964282209016801e+02 6.912759489258563690e+02 3.516527243819479124e-03 -1.546628803524945778e-02
9.972263996040269376e+02 2.476929694097869969e+02 8.162654613906762538e-04 1.919216101834191534e-03
2.943832867855395534e+02 5.299639218821041595e+02 -1.548947739776972421e-01 8.312163189234997307e-02
8.506909124309502204e+02 9.315445397927752538e+02 -3.303511139795836334e-04 6.387262563188108450e-04
1.105577776473510767e+03 1.586191452579795964e+02 2.013798331525475452e-02 -1.263723178513177781e-02
1.272623558989530693e+03 2.974084507468806464e+02 9.504493963747633056e-03 6.488841097444212822e-03
1.172398493729233223e+03 3.634330671291310750e+02 -1.388059578373778856e-03 6.368792422166552614e-02
1.237953575291419838e+03 3.663249700883438891e+02 2.461388592821257045e-03 -8.237533331561110173e-03
2.446392799199115302e+02 5.846687633301561391e+02 -1.369968982161501314e-02 1.979101092327295586e-02
6.703170345989841508e+02 4.917647482361836069e+02 1.011541210356278198e-01 -2.896721550931288108e-02
1.036757202317068277e+03 1.625068901609392356e+02 1.646434211766468732e-03 1.344740520692771536e-02
2.282507753702212767e+02 7.431597576212479908e+02 1.259815662691866900e-02 1.226601258689234003e-01
2.536559694434062351e+02 3.325267282879489130e+02 4.008894374962718166e-02 1.545538652972246740e-01
1.211761833014913918e+03 3.417098387874860350e+02 -4.773792361636807098e-03 3.577758827208130663e-04
8.912030942837147904e+02 9.328725303759302960e+02 -5.241188077731506268e-04 4.746211247565231949e-04
1.107389992506403132e+03 1.537393058803704378e+02 2.931616807064069824e-02 -5.894904097589357024e-03
1.132703415274703730e+03 3.288757745298939881e+02 -2.221257280068066886e-01 2.232693948888432312e-01
1.237196006578765264e+03 3.850057178710675885e+02 3.547070201827211278e-02 -1.079599311720285948e-01
1.257804626745004953e+03 2.662791907858867830e+02 5.694568425140838358e-02 -1.366334686693387035e-01
2.729053836108769246e+02 5.436745702422059594e+02 -9.453970646988933690e-03 1.928730016642687256e-02
2.763421214558941870e+02 7.532373139184569482e+02 2.513267011745500268e-01 -5.729118545233258253e-02
2.556462062186999731e+02 4.343135726286913609e+02 -1.924472151456526614e-01 -2.314313627582009758e-01
1.242364977848944363e+03 3.953083262294346696e+02 5.848047679493074101e-03 -1.731861127391784742e-03
2.782732355886770392e+02 5.813237901733870103e+02 -1.094625314846829969e-02 -3.674915359495274213e-03
6.593752340667093677e+02 3.942982868270268568e+02 -4.385139538978076734e-01 1.722485501267922992e-01
1.200187280077546120e+03 3.043345045854566706e+02 7.407629458861950122e-02 -8.338336600095858087e-02
1.287541155734726772e+03 3.001021287131994768e+02 1.777381345848853128e-02 -4.101370178814857381e-02
2.450025628542922504e+02 6.159186294515330928e+02 -1.358023179989907049e-02 4.990840095656089680e-03
2.278959918326675336e+02 5.843932185984937178e+02 -1.390756566203478484e-01 1.404692636335035383e-01
2.580913631175948808e+02 3.675768650951869176e+02 3.592608574161706286e-02 1.349255113102223180e-01
6.221769681941082126e+02 3.794887171836540460e+02 1.678849938516442653e-02 -4.305553857908208390e-04
2.664260326462655826e+02 6.771007569789059062e+02 1.640018197415283110e-02 1.315246274988778746e-02
6.295338250335172461e+02 4.312075264383374815e+02 -4.987103079912660886e-01 2.559218070139335777e-01
2.568870834576471225e+02 4.975557745627578470e+02 1.157831859653033228e-03 -2.352802867362990217e-03
1.061895341373064639e+03 1.703510265203208007e+02 5.137374204704798358e-03 7.227696583307964030e-03
2.308305860441566892e+02 6.079187194856315273e+02 -5.459654884072417252e-02 1.604939191900300044e-01
2.947650825833488852e+02 6.122838669823794362e+02 2.969778291758708080e-03 2.238317397874504261e-03
1.060707940375588350e+03 1.585922909506876692e+02 4.612860212024081329e-03 1.760183165924506139e-03
1.011844695204536492e+03 2.487165114642857588e+02 7.408800212125684530e-04 -1.296621014947473005e-02
1.214088584343879802e+03 3.744122911177144033e+02 -4.047269248150481107e-03 6.283816258325437831e-02
5.946696787359218206e+02 4.197364655457164417e+02 -2.685206904105386788e-03 -7.003554964230693063e-03
1.203857286249461367e+03 3.632796592645390206e+02 -1.847513262242897122e-02 2.767516621268347257e-02
5.450788678854161162e+02 4.611051410465067875e+02 -7.165765414581551319e-04 1.985568918704271046e-02
8.166850069156178051e+02 3.635234602200150675e+02 4.232262679912616316e-04 -1.397114619763356949e-02
2.330456930395426980e+02 6.948202408272413777e+02 1.211909232074166254e-03 -6.869706767373476124e-03
5.500852754289384166e+02 4.237095854973062501e+02 5.352645840640425819e-03 -6.305614373628590057e-03
8.576178536264217200e+02 1.101718643173595865e+03 -1.790023910828467948e-03 1.092633129161131849e-03
9.305381943399216880e+02 8.359716536305055570e+02 -5.854016348558337439e-04 -4.185896179716236398e-03
2.535383022332877090e+02 3.507287618019690854e+02 5.281155490270308256e-02 1.376669712036016346e-01
1.035422983630187218e+03 1.984493883969637409e+02 4.150930943510637398e-03 6.442953844761727111e-03
1.152148965272649775e+03 2.339794335037373685e+02 -2.084418595706602484e-02 -3.189690760152440879e-02
2.402131028107519057e+02 3.266558354093845082e+02 3.967152130607165539e-02 1.513956225680322953e-01
6.108953007164061546e+02 4.090422534993520003e+02 -2.351990869866799339e-01 8.096647424105242463e-02
2.035643560834344044e+02 6.022483903936865772e+02 -1.452001660114132786e-01 4.137615408320315935e-01
3.393447870288055697e+02 4.827181151302179956e+02 -1.106043677394054486e-01 -1.004270535345904491e+00
1.237393041333255496e+03 4.035485276547673834e+02 7.916325820056810750e-04 2.602201134115292389e-03
2.128267858266047199e+02 7.062339456345071085e+02 7.112515776166973384e-03 1.504436562852491232e-03
2.737885525158262112e+02 3.891745875819854632e+02 5.937227294972759889e-02 1.587028217214720427e-01
1.118815156185360365e+03 2.874707743989987989e+02 4.612023833798579477e-03 1.358672428941104862e-02
1.044603782104062702e+03 2.340845432339780814e+02 2.320999196119389318e-01 2.088430152190616507e-01
1.122084113074397692e+03 1.588177122446229816e+02 -3.309133114201826681e-02 1.273018052347905105e-01
1.048085534416792370e+03 2.450556658989423511e+02 1.987910731325468472e-01 1.816868689079982335e-01
2.652407331851944150e+02 6.245876069250541605e+02 -5.538199848758429585e-03 -1.101394735112625270e-02
1.072948506238760956e+03 2.035184793863018058e+02 -6.964210793386324712e-03 2.837159434465948496e-02
2.486594454884304071e+02 3.326638105438942716e+02 3.324320536766566664e-02 1.509385843587686959e-01
1.150989321281354023e+03 1.854142722001829213e+02 7.443772124581823565e-03 -2.194622580652286908e-02
1.157223985921033091e+03 2.553417603516456893e+02 1.132975001912137243e-02 5.209122396050838884e-03
1.018607779247485155e+03 8.074757990468855269e+02 -2.767425289778315065e-03 -5.021825932342132912e-03
2.365763986405721369e+02 5.176027862174995562e+02 -3.297395199420988243e-02 -4.888356857218983942e-02
2.425434097803659768e+02 6.865678130238653694e+02 -8.821976317898979963e-04 -9.374608559363707032e-04
1.084073947028318344e+03 1.867022275747653168e+02 -1.138142826342496694e-01 -6.303726241485756165e-02
1.180196777449248202e+03 3.595643383331814107e+02 9.517585093034190008e-03 7.373300042535400889e-02
2.779138893267638082e+02 5.660731549118113435e+02 3.662239668371269213e-03 -2.465477855461322646e-03
2.514277220035228311e+02 3.219888344978102168e+02 5.021758707951084338e-02 1.677944716676991743e-01
2.394680871916979754e+02 3.672869308416034073e+02 -6.426419837318220196e-02 -2.464891853009460454e-01
2.604249578632184807e+02 6.609673722023941309e+02 -5.107675407109379083e-03 1.289308175166797334e-02
2.214986832401964705e+02 3.046024982541088661e+02 -7.520386842048849829e-02 -3.354897076464059547e-01
2.241019334915112893e+02 7.156647430348730268e+02 5.705100998668929946e-03 5.975597074750747112e-02
1.076610713877087164e+03 3.303474857686757673e+02 4.866277491321240045e-02 -3.044462883137569534e-03
3.092200633023179535e+02 5.508983821446028060e+02 -1.773352950741661138e-03 -4.128286240413695136e-03
1.223446436884469904e+03 3.450241938397163608e+02 6.278281640221610241e-03 -6.071896119308776638e-03
1.101730031039321375e+03 1.933031737895254594e+02 -1.819702068643266057e-01 -3.472160142566009522e-02
1.092214789041848235e+03 2.449267495101976237e+02 2.836767866893292167e-06 3.625409222870879314e-03
1.088687208846795556e+03 2.901232295757529869e+02 1.294417116733972972e-01 1.308632920396309296e-01
2.320865948144453341e+02 5.761748481199465459e+02 3.604831996422699220e-02 9.411561618801307649e-02
1.027795967478266448e+03 2.128803726548873101e+02 2.556399431983801263e-01 1.748378771577225599e-01
2.192725074043277971e+02 7.082033250002118621e+02 4.448394324211644990e-03 -2.053897943664430726e-03
2.346671491240421119e+02 7.558723917851460783e+02 4.027369995684337151e-02 1.511228668939070818e-01
4.675230198433650912e+02 4.569946286384276846e+02 1.685897088873333088e-02 -1.005044382106117483e-02
5.203922786057099756e+02 4.333699724258178207e+02 3.361089670600467781e-03 -5.711646354634107581e-03
2.738507194668335956e+02 3.767545535377778947e+02 3.243479582818954710e-02 1.385352773637375523e-01
2.819819706403336568e+02 4.818692851813719358e+02 -9.716911956357054958e-02 -6.826432872556309484e-02
1.069577374475084525e+03 1.872735240599020301e+02 -8.088592354872414791e-03 7.570707675511141252e-03
1.236133464476974495e+03 1.349354181933437360e+02 2.565415806150730949e-03 2.699467266110937985e-02
2.756526337914467035e+02 6.906172647188442397e+02 -2.275284397492979642e-04 -9.249206723896999036e-03
2.664179862366571001e+02 4.475808989620492753e+02 -8.484201013701994643e-02 -2.350677605703426210e-01
2.562298696488395535e+02 3.171745133738929781e+02 4.832791354216920549e-02 1.655482754270458379e-01
5.379522031747777646e+02 4.373443663340119087e+02 3.945657303706686519e-03 -1.400397326148826753e-03
5.083790146010013018e+02 5.061519298145930179e+02 4.428742862668939850e-02 1.705471864476190702e-02
2.867354236641755847e+02 5.385719694569543208e+02 2.695086347050855771e-02 5.758215716416385799e-02
2.863858629336350532e+02 6.067948970862829583e+02 -1.342002426700574793e-04 4.922323248085223521e-03
2.538752377604444632e+02 5.352850722472311418e+02 -6.019915987516895328e-02 2.248336811687750014e-01
1.077267375546508219e+03 2.773987995530562785e+02 1.641966550276463543e-01 1.616640092822160812e-01
5.645630422065196399e+02 3.952835564218310083e+02 -9.085382753981564169e-03 3.861721354825935811e-03
5.613690571271758927e+02 4.579653480684801252e+02 1.710557221555730062e-03 2.743849864735144195e-03
2.120884046879945117e+02 7.445071036440257330e+02 1.431839230711590485e-02 9.322439110162059062e-02
2.624516993177477389e+02 3.619576238701253033e+02 5.890864042593103173e-02 1.528283501344175066e-01
5.050450682761990038e+02 4.895636898921802640e+02 -4.001030066928643047e-02 4.192214817431470092e-02
2.444426210799532839e+02 3.213417544194358584e+02 3.377020125690515656e-02 1.563713426714450627e-01
2.782177667637664058e+02 4.879249491676476396e+02 -8.942481094983507905e-02 -1.108531540406503257e-01
1.101677992710702028e+03 1.480547981164190787e+02 -2.654480663090682917e-03 -3.053399269761300147e-03
2.712275152782765417e+02 3.731231621091652073e+02 3.770335109084888697e-02 1.632598240157417668e-01
2.459112464485923510e+02 4.052996013612315096e+02 -7.563056869337159149e-02 -2.069648335061888000e-01
2.602320230537624184e+02 4.431546067965039128e+02 -8.745672402755536035e-02 -2.038112233887421909e-01
2.556968036413412051e+02 7.233616666503925217e+02 -8.776330604378851374e-03 5.546687217868832148e-02
1.016605792521872218e+03 2.053376268279014027e+02 2.047141064494963358e-01 2.553989607248164373e-01
1.062009474517225954e+03 3.138651617197920700e+02 -8.577950256622754455e-02 6.190780509443879337e-02
1.175717000626024401e+03 2.262642501175818097e+02 -1.966305777882147807e-03 5.781509569601720605e-03
1.048131316945622075e+03 1.781100655730771223e+02 1.203304325766265184e-03 1.041570591582703133e-02
2.634584663938753692e+02 5.255677874729819905e+02 -7.064250719791138888e-02 1.653305424653103983e-01
1.142597920375391823e+03 3.303985173951403453e+02 5.090102986084482292e-03 5.916331361897778779e-02
7.840233425576842592e+02 4.050461076315442028e+02 5.310639739664651388e-03 3.184162209386654212e-03
1.003257262777148640e+03 1.965080271701701804e+02 -5.529436402245174048e-02 2.406767367433834959e-01
1.218776443516643894e+03 2.234301028429580640e+02 -4.126038896147562573e-04 -3.105185344800742969e-03
1.036153623307453699e+03 2.382849390211168270e+02 2.049381300533900940e-01 2.340545295155598837e-01
1.016352076024921871e+03 2.570854166486157055e+02 3.539182918676388959e-03 2.377187496238574727e-01
5.439061309591212421e+02 4.149949799709236231e+02 3.494854325523003447e-03 -6.359242940438979488e-03
1.204832596040383351e+03 3.384830941693443265e+02 -2.400784277767460326e-02 9.538517860197949505e-02
1.016617517562796252e+03 2.739729520486729371e+02 3.849331673782306965e-03 8.396488461198377273e-02
2.612246118787984983e+02 3.378492542233523181e+02 4.121964481938766162e-02 1.598352647417790040e-01
1.093146857566819108e+03 2.111731174256871952e+02 -1.546987196352707546e-02 5.284013919234407941e-02
1.094991297680765456e+03 2.798653725702434940e+02 1.272453663463247731e-01 1.261498403005821278e-01
2.702808736298821941e+02 6.708471254275486899e+02 2.933492455298673546e-03 1.456815228134878890e-02
2.019960429317805790e+02 7.078507247699652680e+02 -1.756013124465576579e-03 6.254740004089853755e-02
2.639546815351351938e+02 6.048278887634754710e+02 8.751557785502080133e-03 8.783083951336923207e-04
1.215253530480058771e+03 3.355006599494481065e+02 1.548921696714369552e-03 -1.686748591503214097e-03
2.638751230153272331e+02 4.186557859502995029e+02 5.640279129651128848e-02 1.674545925771524502e-01
5.011756395423631147e+02 4.352252439391307348e+02 -1.216009177251112933e-02 -3.023584726480859144e-02
1.146289630625552263e+03 2.302768758251085615e+02 -7.981885099065993885e-04 -6.685618467271454979e-03
1.058033108582389787e+03 2.127195525649989918e+02 -1.246435375452786647e-03 -8.219136116933063209e-04
3.110440575102824141e+02 5.293943818803269323e+02 -4.791037805092054382e-03 1.658122815871196712e-02
2.806065185644075086e+02 4.462660543996860838e+02 -7.835701353349348516e-03 1.113191128286496606e-01
1.202631773531160889e+03 2.493549046367323569e+02 1.803031815573169624e-03 4.943642899661145756e-03
1.268196419283212435e+03 2.919628578169233037e+02 -1.343800732537250853e-02 2.385328163492688065e-03
6.544765174691949596e+02 4.510812451639749838e+02 -3.730800729496341894e-01 2.549959003179533279e-01
2.409366118532062444e+02 6.954479162994272201e+02 3.534435569846864841e-03 2.942104211003407008e-02
3.073111053333578866e+02 5.551086319487710625e+02 1.036422831533897852e-02 1.916145619509167231e-02
5.473458948689748240e+02 4.105542820276642715e+02 -1.578901536509820860e-02 -3.978938539424995563e-03
1.020380926913792109e+03 8.658691716350695060e+02 2.204334876165063017e-01 -6.763783805118885051e-02
2.467941806721434546e+02 3.101671496671415298e+02 5.174356345814980912e-02 1.692963021414307656e-01
9.772338750857322793e+02 1.889418885750196466e+02 2.144628181332958183e-02 1.392001280206608266e-02
1.088998932819790980e+03 2.577804066364620326e+02 2.879578931008224263e-01 1.861932467244174494e-01
1.153508764588746999e+03 1.792096440357881306e+02 -4.504050047264829965e-02 1.952494648320295470e-02
1.187680328881168862e+03 1.998862082596226060e+02 1.029209524167076784e-01 -3.000363028062051282e-02
2.897250616114525883e+02 5.581201897583840719e+02 -2.693525134358117773e-02 5.200679741426934150e-02
2.328486973281215739e+02 3.131818189627945230e+02 4.924960964310465261e-02 1.813297741897964555e-01
2.644008495926515820e+02 3.443918527573019901e+02 3.963513180669883673e-02 1.581356756820277709e-01
1.278950728694428108e+03 3.383735834361098114e+02 2.426983966978525208e-03 -2.881236139402706519e-03
4.635466945754110384e+02 3.924891794760176822e+02 6.713668960129992114e-04 1.429951460676361910e-03
8.228360711116667972e+02 9.096587093543090532e+02 4.925395853984531058e-01 -1.822879128784180569e-01
1.080532315378760813e+03 1.684392836310134669e+02 4.514919468653427748e-02 -6.928036090941631919e-02
2.969746890408251829e+02 5.408297605483627422e+02 1.589785691671952812e-03 -1.308888883485370387e-03
3.011845829748098140e+02 4.916536639823272594e+02 -1.630710651530604682e-01 -5.614959657165037588e-02
1.277017213324730847e+03 3.047381800842952657e+02 1.412077285567197617e-02 -1.859144974906768583e-02
2.707792250736359279e+02 5.138319636866626752e+02 -9.024600282774565552e-02 1.951008494696544748e-02
1.266260248700485818e+03 3.372617148296698701e+02 -6.860125499914298229e-03 1.595774822663097517e-02
1.198737873077650192e+03 2.969397605320594948e+02 1.942975791947708086e-01 1.802444215805461825e-01
1.044605698358479685e+03 2.014786737227164508e+02 6.712381170289760668e-02 -3.548735514879081815e-02
2.862823065174637804e+02 5.247050360420935249e+02 -7.245627014343046512e-02 3.537336606732784106e-03
1.016414189938989352e+03 1.684676112379677591e+02 -8.679186442994177991e-03 5.666180076183348346e-02
1.148036692768683679e+03 1.432300449726335216e+02 2.593847459221782815e-03 3.876471545177848001e-03
2.074101416709247303e+02 5.561823370787280965e+02 -2.755293944512855475e-01 1.020675806636448524e-01
7.532302638318823256e+02 8.451875199477555043e+02 -1.556914389766461682e-04 1.948379218449622678e-04
9.768561967347512791e+02 8.446616197193852713e+02 4.362181555620624207e-02 1.241842756027525252e-02
2.990506996452372732e+02 1.023331416479525728e+03 -1.008002877002201481e-01 -4.120627472242291423e-01
2.686788009805303545e+02 3.910146158747944583e+02 5.584502360783075853e-02 1.406075071340953109e-01
9.139029323713180020e+02 8.625599402686318626e+02 3.705133684118974702e-01 -6.815965610038157707e-02
2.387442616948777641e+02 3.100027727145161975e+02 5.747263664891571339e-02 1.775661165778304462e-01
5.125255205103098888e+02 4.801508166033847260e+02 -1.099872053486924545e-01 1.832116814566486229e-01
6.583950203139211226e+02 4.514177570422143617e+02 -3.940998066071599859e-01 2.537042321819723556e-01
1.085307981351309991e+03 1.692007086377373355e+02 4.243619978719699593e-02 -2.608726892079610282e-02
1.130945271757107548e+03 1.898902795471996967e+02 9.424275216306206293e-02 2.797711114081380401e-02
7.172937093251889564e+02 4.755220648958954826e+02 1.411851075572215361e-03 5.499718559896323760e-04
1.193058746249360865e+03 2.259602142957478463e+02 2.308175696846702374e-02 -2.986001687793445741e-02
1.198385612380148814e+03 3.935480126583284459e+02 -1.173742879649409404e-02 -7.748099914097662799e-02
2.287851543793342728e+02 6.362521023434710514e+02 -2.328278707568052011e-02 7.990065121591084785e-02
8.600327945763249318e+02 8.870912781464714953e+02 5.433100471176115498e-01 -1.431239587455462592e-01
6.443330279401081953e+02 4.637859116439059903e+02 -5.376590182412575025e-01 2.917441118961843216e-01
1.052356303367033433e+03 2.978421091195960457e+02 4.833154423679861950e-02 4.589791824687584204e-02
2.800034214418749343e+02 6.436311524177417596e+02 9.250545988751051295e-04 3.158333061372843153e-03
1.109263513292075913e+03 1.837436527275277172e+02 2.404899755950300200e-01 1.446135408998194538e-01
2.760918066965056141e+02 5.733375493242139100e+02 -5.452035238738179874e-04 4.844630907950211486e-03
1.040235901663311097e+03 1.659279889055531498e+02 -2.602602982119835845e-02 3.760664972373727478e-03
1.151722534821091131e+03 1.968814682104712972e+02 5.397633849604377941e-03 -3.345978758790762748e-03
2.984233786200483678e+02 4.331328081508529522e+02 4.331634660670644933e-03 3.769404941123149100e-03
2.684722142238982201e+02 3.547808470565016137e+02 5.922972505006404015e-02 1.598492081000160991e-01
1.125431915885797480e+03 3.520881931225136441e+02 7.676624951693848675e-02 1.356487232374223029e-01
3.124416644643144991e+02 6.266229112409196205e+02 -1.106953390245261383e-02 -5.289954993186777969e-03
1.153786836774994072e+03 1.476614865018641183e+02 -9.981860493517638599e-03 1.918182311844074395e-02
1.312400451663393142e+03 3.265087565798946798e+02 4.468600475287770046e-01 2.372488890833832770e-02
2.352394158646194171e+02 3.177931861835294285e+02 3.925805265661589522e-02 1.398437131316070392e-01
1.267283221410785700e+03 3.096541604361639770e+02 -9.330411251413860130e-02 -1.480659695609711380e-03
2.972020611605649947e+02 6.563102462409117379e+02 -2.066012084433094514e-03 2.061525598243277996e-02
7.970061057089086489e+02 9.085551512681679469e+02 4.810937474963032368e-01 -1.224430564327885496e-01
1.137890575254715714e+03 3.367115499187378305e+02 -9.102988592031168889e-04 7.194288544991048195e-02
1.289691525371549233e+03 3.364037623155875849e+02 2.758506975498506431e-02 -1.115883614648827300e-02
1.763153760762668867e+02 4.928811052678954638e+02 1.594555941269593102e-01 3.121316841019253774e-01
3.209261967164458724e+02 5.287433664102759394e+02 8.216105874580029167e-02 1.837023500644363594e-02
1.116742971681645031e+03 1.763395791269324206e+02 1.595762442824134875e-02 -6.461829448189261409e-03
1.111006465482137173e+03 2.080197670387897801e+02 2.859669434829821902e-03 4.782722581925748576e-03
1.087316139333791853e+03 3.332058290685877751e+02 -9.960548439706276656e-04 2.838561361749158268e-03
1.164937606399955484e+03 3.033813449340372586e+02 2.020936245949547516e-01 2.550192256793224477e-01
3.689936893050217463e+02 5.182620193346112956e+02 9.657600394923158537e-04 1.305214390931362005e-03
2.540174911597554512e+02 3.597242455601239044e+02 3.798419249940886144e-02 1.472534322395694373e-01
2.950028575214444686e+02 5.643987539348547671e+02 1.042493648100684990e-02 2.356556802412561845e-03
7.417283868736069508e+02 9.586778884493744499e+02 -2.544210732574764180e-03 -2.040781729512683960e-03
2.824936084890721304e+02 4.712627001325212177e+02 -1.026957470887656931e-01 -5.915417676390542084e-02
1.863920935099808958e+02 6.659990333752303968e+02 -2.026750113578787704e-01 3.362062008710609007e-01
4.942136464981086874e+02 4.480073580570389709e+02 -1.401265728601360817e-02 7.279971166866859404e-03
2.645382243324752380e+02 3.777383830136649863e+02 -1.451756292918086368e-02 8.432239630353860482e-02
1.031414872573319826e+03 1.948481351438106515e+02 2.420152994410051384e-01 6.276430068091386205e-02
1.039171583184556994e+03 2.440283640947241679e+02 2.478081683170434424e-01 2.213405710040104168e-01
1.097919271003397398e+03 2.587151977551622508e+02 2.251432454100599223e-01 1.661875905086188654e-01
1.092790368720745619e+03 2.922688025564706891e+02 4.527428493250586217e-02 5.216850248725228567e-02
1.178435220716031836e+03 1.598845867678367654e+02 -7.391098086663482059e-02 1.049054481832895069e-02
3.093950407333663861e+02 4.593935421327113318e+02 1.488745816678260694e-03 9.769334931670670477e-03
2.869293462706847890e+02 4.807003357296341619e+02 -1.127817454633322641e-01 -6.679105095781778800e-02
1.167701433154915094e+03 2.242862468865516234e+02 1.019413292953237349e-01 1.649258046841937664e-01
2.967176464198504959e+02 5.954228296813072348e+02 -3.585359782963465358e-02 4.803178860722476760e-03
2.017790946522850106e+02 7.207453272266149042e+02 1.519945268070371086e-02 1.133738003532118593e-01
2.769855493489693572e+02 6.752701946372267230e+02 -3.254865935593012367e-03 -2.887605899712826930e-03
2.836114228724786699e+02 4.954720822162796594e+02 -1.662998832449752162e-01 -8.996173299300080917e-02
1.252682859395218429e+03 3.582500907027127823e+02 -3.558787136711615701e-02 -1.062094950059956459e-02
2.116448925084089012e+02 7.136188574760473102e+02 9.642288661764104180e-03 -3.965574827022142097e-03
1.089196087900663088e+03 1.608744252075012753e+02 3.885680636130928178e-03 7.128408293828367159e-03
1.117280568958570029e+03 2.106460594121370775e+02 9.406223974031794471e-03 -2.452087567229076139e-03
1.117719837091870659e+03 2.434458657842996274e+02 1.314226529066218072e-03 4.889653659735889064e-03
1.169974015279788091e+03 1.496624159797913762e+02 -1.196865321350135992e-02 -4.416329454063164760e-03
5.990158488052547909e+02 3.907631867942936879e+02 -3.471972429114663639e-01 3.740007609525879042e-03
1.123073939125845982e+03 2.963663950578651907e+02 2.889514401633548266e-02 -7.285289061202720106e-04
2.427454866384674688e+02 3.003050509378810489e+02 4.794366273582744559e-02 1.583644646718027349e-01
1.066247584038261493e+03 1.621627783878858509e+02 -2.861140632619138535e-02 1.040846129048507845e-01
1.134359235516940089e+03 2.839402485504774631e+02 1.912016670374538096e-01 3.869417992251400484e-02
1.168048606708731768e+03 2.054779864256885844e+02 6.528861622829001433e-03 8.377550561845007251e-03
1.166708470165023527e+03 2.306037271800788062e+02 3.118828854841619244e-02 5.221859199653049004e-03
2.554963110312051242e+02 3.826047264160061445e+02 2.113104520583539842e-02 1.692654706138276011e-01
3.137757751282549634e+02 4.713297966493278182e+02 -1.909128005754577931e-02 1.381437182243416828e-02
1.174506191013921352e+03 2.924291004050357401e+02 3.070551644370304034e-01 2.556650772951055139e-01
1.195946121751920600e+03 3.291926951838373157e+02 -1.121493040438611144e-01 1.506220956335777295e-01
1.158643784997146668e+03 3.726020394771267661e+02 2.679612257462318098e-02 1.405639558673207057e-01
2.379002907048365785e+02 6.396223638530216249e+02 -1.197458363055653799e-02 3.605082147709907144e-03
2.630572409878877806e+02 4.503241196516765967e+02 -1.094902277148229221e-02 -1.123190220546677887e-01
1.033082016333947195e+03 2.286099581575421382e+02 2.102948884408411545e-01 2.425460722387526857e-01
2.066317698549934221e+02 4.845054356059426937e+02 4.559283462268043201e-03 1.484178428290008726e-02
6.592676208541075766e+02 4.597517234162447153e+02 -3.758643608839620787e-01 2.699715409946112921e-01
2.895226341691475795e+02 6.286257155241288501e+02 -8.012684303057473600e-04 3.836006790715587502e-03
2.879167780835604162e+02 4.859118623930819467e+02 -1.248157456440572577e-01 -7.981009389579749036e-02
1.252739487592950809e+03 3.244600183125969579e+02 -2.585625939584691446e-01 4.076266532187783898e-01
2.237693290578249048e+02 5.513730570259507431e+02 -3.014319691568477788e-01 7.413436664035433221e-02
2.521056401710535795e+02 4.110898067728282967e+02 -3.767389610040794423e-02 -2.162404589351680784e-01
1.097814663121983358e+03 2.191606349504142770e+02 5.876340179916894613e-03 -1.352798299722968167e-02
1.177052045351569632e+03 2.327597768158030931e+02 -9.257263232148460474e-02 1.568787948197276627e-01
2.459881408657365967e+02 5.525186092305535794e+02 -6.033339108105995052e-03 1.063405886531647582e-01
7.698475988932740393e+02 9.561087715551805104e+02 5.874909345893186696e-03 1.245983682375495505e-03
1.233306245292412086e+03 3.088838654428849395e+02 2.669663481781263115e-01 1.407585698602842883e-01
1.121039445806086178e+03 3.799082218888813145e+02 1.108469786918140909e-01 3.083914542369356471e-01
8.592625637896426838e+01 3.510217079687076875e+02 -9.820299658519888140e-04 3.322260549869189301e-03
1.073422040299197079e+03 3.084627400524831273e+02 1.111549889644574025e-02 1.704389256391341395e-02
1.102420284768280254e+02 3.955043170145462454e+02 3.077822667440706650e-01 2.673787333376059783e-01
2.492393044486929057e+02 4.895515326521953057e+02 1.901194747965112737e-03 -4.663255094848237775e-02
1.057818964471404115e+03 2.359335859420660029e+02 2.079797030654934598e-01 1.975138106027425067e-01
1.086476867649844735e+03 3.387537768164076510e+02 6.730300894579814563e-02 -1.149629641967784555e-01
2.359734622444724437e+02 3.268376076676165667e+02 2.409635222032259494e-02 1.181890030644893869e-01
1.111237237275098778e+03 2.197962040931367653e+02 -7.451753594455112935e-03 1.390554554271214265e-02
7.540799792410209648e+02 9.250101280433189004e+02 2.877540772618127907e-01 -1.611649534686497021e-01
2.611825884437627110e+02 3.489679160625968848e+02 3.980246297763831431e-02 1.432906275355564363e-01
1.693951662018760373e+02 4.951128067387234069e+02 1.863240225286050267e-01 4.256420881654976451e-01
1.008790841977889727e+03 1.727180658315136839e+02 8.840119380479181596e-03 -1.310823267642255386e-03
1.042843818228963073e+03 2.548486914918913442e+02 1.817846455500430336e-01 2.188445752890040841e-01
1.138267769533953469e+03 3.404414511048998406e+02 2.377369467646562110e-02 6.552033118754541086e-02
2.514442405487126848e+02 5.439054153312022208e+02 -1.388855194275940008e-01 1.970020353723125894e-01
1.086803760596972097e+03 3.008387920502793236e+02 3.233314984588759322e-01 3.683443608190273277e-02
2.857861114878295439e+02 4.178199778631623076e+02 6.372915201122505979e-02 5.667621429060533400e-02
1.047746734847797143e+03 1.909498211531061997e+02 -5.637479731384635942e-03 1.196086490486893313e-02
1.156620596087022932e+03 4.336806709142198315e+02 3.828159415148369438e-01 6.660903569559215587e-01
2.898474291253407387e+02 6.716310981515093772e+02 1.292057758540567265e-02 5.815688271652114799e-02
1.010006394208790425e+03 2.173394642090494528e+02 1.055268254407895900e-01 1.720205723854271451e-01
1.159813507225281001e+03 1.694913396214133456e+02 6.494579700479334583e-02 -4.560766241585218622e-02
2.561609720871072682e+02 4.043273915955489883e+02 6.499145020342528278e-02 1.054653351643169007e-01
1.104067890467355937e+03 2.057759344174489797e+02 1.465110288553559195e-02 -3.489824259252861244e-02
1.208669689479077761e+03 3.203788657770128907e+02 -1.968413513315715180e-01 -2.051138250439963617e-01
2.272634066604399834e+02 7.294669856733842153e+02 3.368724981725929740e-02 7.579168431462861288e-02
7.803291645250742476e+02 9.226986195175278453e+02 3.870815146083817493e-01 -2.054202860713904011e-01
1.228795657053851983e+03 3.533179635627287212e+02 1.125408065376606037e-01 6.509404967679827125e-02
1.195568061389861896e+03 1.857154940225681514e+02 3.108791954942342547e-02 -1.375708880701555503e-01
1.161505236072999423e+03 2.272675924339458220e+02 -2.060924136642325669e-02 -5.446877996962038587e-02
2.118254943526702334e+02 7.588157350324607933e+02 6.030473578544457564e-02 1.911607910364802043e-01
3.128066620927777421e+02 1.060830536075537111e+03 -8.170077072112885697e-02 -4.091786395471864179e-01
2.768901265490365518e+02 4.155111019638682137e+02 7.164073892898387141e-02 2.000702357511590923e-01
1.111298489328886944e+03 2.314538599496830216e+02 -1.263912598938077367e-03 4.964608761798672450e-03
1.194606497309542419e+03 2.166607046859959951e+02 -1.516007156104933612e-02 6.123949485288449242e-03
2.834284707412012949e+02 5.336436204761769204e+02 -5.681696569067753826e-03 1.105228391984610509e-02
2.790193099225506330e+02 5.956133555320509458e+02 1.105533232604480748e-01 1.776942274620259277e-01
2.840915812899509092e+02 6.494297998051301875e+02 8.621498033723851845e-03 1.558341801254365701e-02
1.097011019126916835e+03 1.628238203418615342e+02 6.620682095397967259e-02 4.667244598156431584e-02
1.106133877231908855e+03 1.742661501546895693e+02 2.871566911232055833e-02 -5.852107022202327619e-02
1.188509490321043131e+03 3.820671246531082375e+02 -1.481510800745837741e-01 1.115402428177840050e-01
1.181336454005760288e+03 4.097363984397955505e+02 4.174195696498846780e-02 3.973304826756169916e-01
3.351288925672923824e+02 1.091404986374850751e+03 -9.550713521941625941e-03 -1.788948115159030294e-01
2.907249069938343382e+02 5.169784390109919059e+02 -2.624217893470175145e-02 -5.381685952699791220e-02
1.012312414730543765e+03 1.632858429484136025e+02 -1.650779424707533166e-02 1.594413536510240134e-02
1.059750338452004371e+03 3.235562754988986285e+02 3.847381908168786679e-03 2.829777161282944209e-01
3.678395328590974600e+02 9.674389587870052765e+02 5.712725974349099067e-02 -2.107359085495961459e-01
2.325306622513374464e+02 2.958373232822012824e+02 3.678202375491834014e-02 1.287940080673605492e-01
1.193528067572050304e+03 3.551051251767662507e+02 -3.682935102668362382e-02 3.051307634536625304e-02
1.161142125779812659e+03 3.844835851743830517e+02 5.454885597096701538e-03 1.971917506469095527e-01
1.196488286931878292e+03 4.163923695904146598e+02 4.757127112213765940e-02 1.598423656142269611e-01
2.674096454176489601e+02 4.087866176822724356e+02 7.410973350186825237e-02 1.694411980138928187e-01
1.073888225405566800e+03 2.153286600231924979e+02 -4.087771791539328292e-02 -3.033196337089963043e-02
1.191440143518971126e+03 2.464807899509535503e+02 1.329167498427321140e-02 6.150188163191438323e-02
1.153326273868283124e+03 3.551445228288296789e+02 3.232057019957715327e-01 -2.502693547018212672e-01
2.675863535322267239e+02 4.387245118923886480e+02 6.410660668939401063e-02 1.160792551478728868e-01
2.427376591424420553e+02 5.356240133615652894e+02 -1.093115684368616419e-01 1.564493658718091040e-01
3.120731812598900206e+02 4.908739352162416480e+02 2.453397167033182988e-02 9.626350455614064716e-02
1.121662369476567164e+03 2.149966904099394469e+02 2.009666857831730880e-02 -1.059732263559128203e-02
1.016380854037881932e+03 1.768999948543155654e+02 -1.226849924717572649e-02 1.463672394708531374e-02
1.215544428212682078e+03 2.502979028773058303e+02 3.016524788948879432e-02 -9.957612106677846131e-02
2.808514796670700662e+02 6.599911979783946663e+02 9.431885891025780164e-03 1.237545558022480445e-02
2.257502096215483505e+02 7.634517712212004881e+02 1.291736420722963685e-01 3.330040530307452062e-01
2.547061653227755755e+02 3.692292349530645765e+02 8.979191275352875132e-04 1.374469473061594726e-01
1.024647937391701362e+03 1.604653364567266181e+02 -1.488027853270068590e-02 9.390384816089045183e-03
1.128888360337951781e+03 2.743758734718044821e+02 -6.038840628700979651e-02 2.058414513335102558e-01
1.203166190417916368e+03 3.737785636161741536e+02 -8.729624601512785131e-02 9.395119025527622070e-02
1.279117744364044484e+03 3.111962083039371123e+02 9.144449870741593045e-02 -5.313130676702202543e-02
1.262572452274160014e+03 3.268256175781147022e+02 2.463070025322927348e-01 -2.861902227754629102e-01
1.221216041647717020e+03 3.591582157820811858e+02 -7.133241963229898855e-03 -6.994818445553935629e-03
2.461927313511137925e+02 7.648093250660707554e+02 1.294077503795570128e-01 2.013036897667600522e-01
1.000745777121056221e+03 8.245819539968840672e+02 -1.525779679527880864e-02 1.328387832422888099e-03
1.165820180173329163e+03 4.260024556689600672e+02 9.022922035780993333e-02 4.491139634091595445e-01
2.626486237433393853e+02 7.096474381708057990e+02 1.372556279839756178e-02 -2.710427162401174601e-03
1.179088176285146545e+02 4.336622586521747849e+02 -2.403694104407623489e-01 -4.116963592914733572e-01
1.187217026378996479e+03 3.535677118145995905e+02 5.631476978386765891e-02 -4.959383486543162550e-02
2.435067471733862021e+02 5.474893150581704049e+02 -2.496471540307793890e-01 3.002175048928643619e-01
2.923110190431790443e+02 7.059575668829008919e+02 3.005873175932440217e-04 1.368514087502239324e-03
1.192445690815705348e+03 3.065829596475678045e+02 2.647688032242764278e-01 7.053134179450412655e-02
1.141812497584067842e+03 3.751518430110370446e+02 1.203852726139781476e-01 3.035090633658706905e-01
1.299657350724452272e+03 3.461881455977452902e+02 3.404772378887568340e-01 2.623002179992203059e-02
2.533458640217091897e+02 6.725834114390777358e+02 3.828681650173998419e-02 5.222792193783813014e-02
2.953954642025693147e+02 1.003400589749729534e+03 -1.155494659894091697e-01 -7.155373581051422960e-01
1.032281173789922093e+02 3.991131617856154321e+02 2.696018576559754965e-01 3.541729571022028122e-01
1.026771441312444267e+03 1.769031256347632848e+02 -5.083028340794879668e-02 -1.240588246397956442e-03
1.104484698811607814e+03 2.559110785767231846e+02 2.912915343992694694e-01 1.517329279712169854e-01
1.048272703542707177e+03 3.025570847809649990e+02 9.842244671504714326e-02 1.903021326361325205e-01
1.178719925634101855e+03 4.214369783259634232e+02 2.299203309669214657e-01 6.225180162702378395e-01
2.433331363442945303e+02 7.159844086686051696e+02 4.369441694514940300e-03 5.329810443751088062e-02
7.931450866256240033e+02 3.940439495686486566e+02 1.227276499891319025e-02 4.282332907558207211e-03
1.046976506845953736e+03 2.847582801737074760e+02 7.565727965890624296e-02 2.863239145667380026e-01
1.181538846888831813e+03 2.146981474530510638e+02 -1.137162206572952527e-01 1.680655144623036390e-01
1.214559311945672107e+03 2.244981359614756684e+02 3.912343488157906009e-03 9.357419125781992961e-03
1.203657546417793355e+03 2.859387190468925724e+02 -2.027899100636621765e-01 2.282002944587841614e-02
3.035786641948056399e+02 5.967308370083901536e+02 -2.236276461299900598e-02 1.039717231522022112e-01
2.644939732134727706e+02 7.317428936461330977e+02 -5.843605620254758298e-02 1.355825863937209497e-01
2.780724852753007781e+02 4.280390625236494770e+02 2.389002703257412166e-02 6.298215232360462879e-02
1.075140267466750856e+03 3.250232339226741374e+02 -2.758758109360184840e-02 1.254091855000345757e-01
1.206540781217971926e+03 2.180739447329183918e+02 -6.587110072904839297e-02 -1.102803269682413323e-01
1.207780414102088343e+03 3.755773576523834549e+02 -1.572838904225071499e-01 1.392932673799659182e-01
7.064074274526672070e+02 5.827980883375003032e+02 -1.068504887871313215e-03 3.785298783554935653e-03
2.716972531898967418e+02 4.755534787013199889e+02 -3.502638174453623354e-02 -2.455276566629386037e-01
1.350999663830448299e+03 2.616564298906755539e+02 -3.166088469242822612e-03 7.068857488959297969e-03
1.274066458211662848e+03 2.863551826951589874e+02 3.294991536289912371e-02 -1.308227449023721678e-01
1.100107550509755129e+03 3.335986381717146969e+02 4.054893150259217260e-02 1.463713132295819258e-02
1.110410614036416291e+03 1.914520786301351620e+02 2.254791688028214558e-01 2.027235490118288741e-01
1.130405867235805772e+03 2.135458879054453973e+02 -3.807409375212955638e-03 1.619922895557899395e-02
2.883275586587835164e+02 4.994391561824289738e+02 -1.863589110930803372e-01 -9.637904021679588595e-02
2.240087588940764647e+02 5.263657591870231727e+02 -4.392295819653435629e-01 -1.974224659224432799e-01
7.941994020610827647e+02 3.811891384320247766e+02 9.350437296287594791e-03 -2.206220147042969870e-02
1.124997640333407844e+03 2.394063353548206408e+02 1.019141037710369346e-02 -1.905512217833429389e-01
1.198494915165106931e+03 2.460385040764589917e+02 -8.661125730064611616e-03 3.499488391363758666e-02
1.133276476135244820e+03 3.922391523768038724e+02 1.732568432484313803e-01 6.563897244450984658e-01
2.280043305979919808e+02 6.995820165557820474e+02 -4.287541897784130640e-03 5.548221825428356624e-03
1.107900214581115051e+03 2.578676925357740970e+02 -2.723818888344178846e-01 -9.892185804787803627e-02
1.222534918750896168e+03 3.076724551369876508e+02 2.864396343144371970e-01 2.384270928072026313e-03
1.171242316988223820e+03 3.494415761706146668e+02 8.560578165188123534e-02 7.022093246247286535e-02
4.806199347261486423e+02 5.666333621797764408e+02 -1.082552090328994243e+00 -8.790759435826127621e-01
3.087861453246032397e+02 1.057615425619394273e+03 -7.814694821823878201e-02 -4.656387579858194958e-01
1.094879926432946149e+03 1.791717900415008273e+02 -5.285799619396756854e-03 -4.535355735288248979e-02
1.173548210279636805e+03 4.278024631021541495e+02 4.049757509883969431e-01 1.313555952296673324e-01
5.956844537954528960e+02 4.948905974677521726e+02 -2.337714769909411960e-01 3.213887760653600517e-02
9.862900713302607301e+02 1.773928868426674228e+02 2.093504219732145455e-01 3.356078983850098729e-01
1.084901017286965725e+03 1.652447108273331082e+02 1.176411414395163620e-02 -1.344732862782141783e-02
1.160644619693005325e+03 2.070604796450526521e+02 -3.298087109795590222e-02 -1.474519432095442173e-01
1.193588761505626735e+03 2.652927562284887131e+02 -9.170039738324118478e-03 6.508316200112826411e-02
1.178054121562241789e+03 3.494817583153046030e+02 -6.326132576345701308e-02 9.488500799982294009e-02
1.136730669909993594e+03 3.619121347076754773e+02 8.368117581535118588e-02 9.505814498337324114e-02
1.233886823944620801e+03 3.775959970562281569e+02 1.479620720779653911e-02 -2.105066511622461639e-02
2.422898631754561620e+02 7.358243336057907982e+02 -6.537685393195958976e-03 -7.172909247168490765e-02
2.487542729012396592e+02 2.903253282627893554e+02 -2.422289759089869127e-02 1.367922485724319681e-01
5.929688968543356395e+02 4.938647022709906764e+02 -2.449434153864844810e-01 7.002328965110866943e-02
2.738224751132723327e+02 6.408307220626942353e+02 5.346117399300367307e-02 9.530636066021661024e-02
2.414360723102997497e+02 5.283874323795671444e+02 -2.687908844283544429e-02 -2.645814830115201383e-02
1.008297525101340852e+03 1.927281913078426783e+02 1.078823364798477819e-01 2.264000503560142652e-01
1.162238497172403186e+03 1.943360572589299125e+02 -3.028993913859232348e-02 1.749249336622234197e-01
1.314022369351723000e+03 3.308097696836493355e+02 2.716066224883031954e-01 5.828705918380942472e-03
8.153678136493193733e+02 8.975720671647466133e+02 5.476277595611017679e-01 -8.227858104586315002e-02
3.931163038982152216e+02 1.096973473893931214e+03 -1.714158548060075171e-01 -1.266485808752384756e-01
2.899600435970836543e+02 4.406919974376833125e+02 2.749862581069692155e-02 2.238893409861589245e-01
1.058718616383387598e+03 1.942249084400456809e+02 -3.624415758417853795e-02 5.950509534143748336e-02
1.109576512786993817e+03 3.239563317465406840e+02 1.491892594803357619e-01 1.086879379103424942e-01
1.183479251572525300e+03 3.744357647860686598e+02 -3.919077060299968988e-03 1.142605517113975122e-01
1.161774100444388296e+03 4.060596002311937696e+02 2.319511056749433975e-01 4.515243296623748237e-01
2.422687040142380965e+02 5.893770746341027689e+02 -1.414099659239627660e-01 1.824544354549834657e-01
2.657082537115701939e+02 3.817349181460170371e+02 1.369986634101820755e-01 1.810109558819211484e-01
1.134350423252134306e+03 2.436577963902489898e+02 9.855259325945553428e-03 -1.194214142525851230e-03
1.263297788734209462e+03 3.924212756030960918e+02 7.374586343000070219e-04 1.097618566599104818e-02
1.194719134816642509e+03 4.056720790454482994e+02 8.128005301627656831e-02 -8.058139804479698409e-02
2.617478315221030698e+02 5.938177782187964340e+02 -2.419538598710838876e-03 1.836381542112519583e-02
2.288815222996919090e+02 7.580719657482306957e+02 1.267985999250716700e-01 3.294878826644567771e-01
4.806259777797690731e+02 4.335895927132613679e+02 -4.103859609508815620e-02 -8.308816185243388108e-02
1.081442277487463571e+03 1.570386829628940575e+02 2.267890684765026532e-01 1.948895564996140917e-01
1.080461762021950790e+03 1.844983367620781394e+02 2.861390707622950003e-01 -7.053112449508650572e-01
1.000494259987735518e+03 2.470202352639330172e+02 1.770704135169185248e-02 -2.816197490696605195e-03
1.176800649057046485e+03 1.412676939296964918e+02 3.453211428786349263e-02 -1.174311195220723164e-01
1.164189053572596549e+03 3.861523167881433665e+02 3.204812854567574698e-01 -7.685660032528017493e-02
2.504870743257250183e+02 6.987242861163463203e+02 3.688497529115307774e-03 -4.107823799614854221e-02
1.007773484680537649e+03 8.348140328225996427e+02 -1.117797199434710821e-02 -1.573955496211925861e-02
3.251508470793958168e+02 4.843618166691605893e+02 -1.144430998640886682e-01 -1.695792251364645620e-01
1.084376784593955563e+03 2.141550922131772268e+02 -1.215363313792749977e-02 1.062279557959545789e-01
1.264933633734608748e+03 3.708247811428520322e+02 -1.308279426529514455e-01 2.045460357024534437e-01
2.921243127230862910e+02 5.241777627508613477e+02 -2.186548997346423329e-01 -2.600896463408317039e-01
2.856164709569975457e+02 6.541435266676265883e+02 -1.222337688191094639e-02 7.778850404732070255e-03
3.861740652957461180e+02 1.069771133999030098e+03 1.002719703676937385e-02 -3.004494384811612906e-01
1.002605227498204272e+03 1.843539911865737224e+02 -3.028401992806028023e-02 9.266087445682626156e-02
1.036311853486616883e+03 2.081924434005718467e+02 3.044928491737902698e-01 1.933762133047485787e-01
1.204080337161945408e+03 2.248622683038929608e+02 6.560093264716843064e-02 -1.038903655237160828e-01
1.212576842066245035e+03 2.411386157122395844e+02 -8.967092556800014547e-02 1.029741730716038778e-01
1.129550183739620252e+03 3.257293728565199444e+02 1.105811839321025475e-01 2.254586929192219924e-01
1.196122402815248734e+03 3.632942850249461344e+02 -5.806683785011132470e-02 3.637276254344593701e-02
2.717053774164419906e+02 5.450657729850186115e+02 6.902514737335184447e-03 1.951259431528591382e-01
2.062854909172410487e+02 7.050491129899238558e+02 -1.037429713826021477e-01 1.078816770105580219e-01
1.135146622024007684e+03 2.179874222610573895e+02 -2.924409804403467136e-02 5.388437311061835405e-02
1.083051464800397071e+03 3.090771297138036857e+02 2.223300464040676161e-01 -4.391829660708850835e-01
1.206677713420232294e+03 2.354586022234473717e+02 -4.245024511033079762e-02 1.666356877571757988e-01
1.224331072176769794e+03 2.461574694402447392e+02 -2.849696422925944786e-02 1.462101724699209696e-02
1.194939647204005269e+03 3.155520098796270076e+02 -5.858368219476232930e-02 6.868430784988391324e-02
4.132057587600657484e+02 1.091698239791574224e+03 -2.856168543770195578e-01 -4.339372308764154473e-01
2.548453325150576632e+02 4.074077581321888033e+02 1.778362467834277219e-02 2.019010522931538598e-01
2.222100717652971582e+02 5.349795286034620858e+02 -3.373419184408329441e-01 2.936710844590762620e-02
1.160797144710513749e+03 1.813272482992892947e+02 -3.642239660137803342e-02 9.248728004198662755e-02
1.144125494541532817e+03 2.143165480197928048e+02 -1.565103581482329975e-01 4.297706875347617750e-01
1.118586859287586094e+03 2.977133297383531385e+02 9.107842604077488746e-02 -1.130974596993161441e-01
1.212856928297991772e+03 3.034168621848228895e+02 2.058578965459697818e-01 5.687839938787263988e-02
3.073051007089175073e+02 6.023103429061367251e+02 -2.241424526655883334e-02 8.241085837805951775e-02
1.166507452142081775e+03 3.467624312100193151e+02 5.673560581575051026e-02 1.132251319126851286e-01
1.250411070123480840e+03 3.512782951047655615e+02 -2.012429782558532165e-01 8.561426842179445384e-02
1.596569736267113058e+02 5.516446334245993057e+02 -6.831323491952742688e-02 -7.055869586162089035e-02
2.508561633449398585e+02 5.573406506534927303e+02 -1.203098669160674976e-02 6.859397434423424034e-02
1.175952666468664574e+03 4.089264012870626743e+02 9.731596243944509728e-02 4.378837178913118633e-01
3.072058215093624085e+02 5.804491327015094839e+02 -6.790541201533695226e-02 -1.279788860318697430e-01
2.747277674855093892e+02 5.912527366346474764e+02 -7.396942684586600703e-02 1.012673654212154772e-01
2.960496442863312154e+02 5.137882748022682335e+02 -4.533730262877355699e-02 -9.137794067991222846e-02
1.061927306134877881e+03 2.591404687403634171e+02 2.122005868583443089e-01 1.606039121857421037e-01
1.122707309439379742e+03 2.466430024667969576e+02 -8.921667134833910495e-02 -4.769348036477438768e-03
1.192064210327424917e+03 4.089479289185382527e+02 7.814687676764719981e-02 3.453104338444958898e-01
2.493403578980077100e+02 4.072823829721710922e+02 -1.367184442034670155e-01 -2.614197159967867612e-01
2.889568409920083241e+02 5.253958710230361930e+02 -1.609704424903156961e-01 3.056621518750641045e-02
3.210108937608484325e+02 5.013680850397732343e+02 3.819139704683038958e-03 -4.656338833253054893e-02
1.041885324698224167e+03 2.144018233893557124e+02 2.213186680449628907e-02 -5.561464429000200632e-02
1.085141774651117657e+03 3.092944456943902196e+02 -7.532368738064482150e-02 -5.977522639675119515e-02
1.193790194304893930e+03 2.849632617615839649e+02 1.377515142314374996e-01 1.714212814384192540e-01
1.173159663141188503e+03 3.003766706786590817e+02 5.629907616288012950e-02 3.653933957914508590e-01
1.201006070213759131e+03 3.048075302919248202e+02 -4.204048236139291128e-01 1.190094403737589346e-01
1.148402156112184684e+03 3.703939213827940193e+02 3.066827703758008283e-01 2.235325151986254921e-01
2.390505427352909464e+02 5.895798719418620522e+02 -2.383889636070212759e-01 2.634393569407847968e-01
2.000127260215571994e+02 5.978833244979283563e+02 2.796226282303374867e-03 -6.100384567767681149e-02
2.321677649873402061e+02 3.479552907353906903e+02 -1.219823318194406536e-01 -3.435541436142963145e-01
5.890337646402015253e+02 4.935239196382839282e+02 -3.923311636842105043e-01 1.001861765103139318e-01
1.046323693634299843e+03 2.409708950716800757e+02 -7.353810675275392061e-02 9.946542733705550365e-02
1.168114693174975855e+03 2.517874993708675788e+02 4.029573756679383223e-02 4.852207014478437941e-02
1.189512004625551981e+03 3.289209283231182894e+02 -1.304985939207524252e-02 -2.997299178328002509e-02
2.807894590382592241e+02 6.939691398116179926e+02 -9.711909474345605670e-03 -1.369956467993103770e-02
5.388629928055371465e+02 4.406097679371331992e+02 -1.179756931604130851e-02 -9.528424712322283371e-03
1.031567508150415506e+03 2.202664810763875494e+02 3.370387879959322874e-01 1.014230396042989923e-01
1.067069569727403859e+03 2.200346599748444021e+02 5.890953474433375386e-03 -1.235454155323076619e-01
1.096251937060399769e+03 2.371109771852650283e+02 -4.468587825739142594e-02 2.195804234906535701e-02
1.142733761839421504e+03 2.630402738811299628e+02 -8.194670160509513746e-02 -1.228033094825447674e-01
1.117357552560024260e+03 1.984414858953144574e+02 1.632877183345726735e-02 4.566386612077148049e-02
1.075002531044440275e+03 3.222429933984071795e+02 9.424618673896627274e-02 -1.276133073998408918e-01
1.247418643555195786e+03 3.330686683724008503e+02 -3.345411832696261745e-01 5.559689110968548675e-01
3.626116978704203007e+02 1.065279945197339202e+03 -2.143059372891732151e-01 -3.654691638980125390e-01
2.427519551071910087e+02 2.975640141503780569e+02 3.667191794868462223e-02 5.753731574949060290e-01
1.095422973344130696e+03 2.044763513145473155e+02 -2.294680699802401427e-02 -2.039360640005776978e-02
1.134466119990985817e+03 2.670093888756310889e+02 3.158524567868839505e-01 3.867473675617196238e-01
1.094571258754695918e+03 3.435316838158685186e+02 9.691760872510712943e-02 2.613257659195834526e-01
1.158943374865224087e+03 3.962211945611506394e+02 1.177167563368419212e-01 3.201099473453465349e-01
1.208400543278301484e+03 3.957671134555482695e+02 1.766186108671428667e-01 -1.120225217490800895e-01
2.633075745963789132e+02 5.452349354802099697e+02 -3.846559315496733689e-02 1.427606846049022937e-01
2.072079330819269671e+02 5.562448063685484385e+02 6.264464036240208200e-02 2.648415789505365603e-01
1.028914510667001423e+03 1.768271388057179081e+02 2.069543507427624648e-02 -3.282837647637108780e-02
1.090834318802510097e+03 1.967089929972957805e+02 -1.662579035456928922e-01 -5.695901254539421921e-02
1.059476031561214540e+03 2.371769432266828801e+02 2.108462606153579944e-01 3.379950333437278798e-01
1.049497089709723014e+03 2.660626556520443842e+02 3.916256436150433728e-02 -1.426483547961481801e-01
8.032429411000523487e+02 9.230942218974549860e+02 5.854156694531184035e-01 -2.064241315150297795e-01
9.711612877212415924e+02 8.303734587856690723e+02 -4.235816355333099636e-03 3.972602396676165604e-02
4.008968832652652168e+02 1.097987964723487039e+03 -3.424075162844815445e-02 -2.362792274315097529e-01
9.456925021228641981e+01 3.348331542585600573e+02 3.224308386856793857e-02 7.786460921372256871e-02
2.707484899677435806e+02 6.123316547014334219e+02 1.193511003714952008e-02 -2.867404950782454637e-02
2.102175723361227995e+02 7.277542603945043993e+02 8.680113898656965921e-02 3.487465022977605522e-01
1.388811168986354403e+02 3.975533812931902276e+02 1.559673174656950323e-02 3.904874356840082328e-02
1.221020350849592120e+02 4.530620165447241448e+02 -9.060662739619118611e-02 -1.809028571861972523e-01
1.086379956814537309e+03 2.011031950970460969e+02 -9.686105450450099852e-02 2.495713186174803866e-01
1.095810796463589895e+03 2.658457915952681674e+02 5.096205619198599379e-01 -3.985682971174782097e-01
1.147905799342806176e+03 2.033263707826174880e+02 3.019095358257573025e-02 6.150835474034010986e-02
1.214362274146103573e+03 2.765316534034225811e+02 1.368011971823079875e-02 -8.362747550179960854e-03
1.259096249667972870e+03 3.142693655473664762e+02 -5.329671409873526500e-01 2.798610079461525402e-01
1.242929020429044385e+03 3.644725507497342392e+02 3.453852356884397068e-01 -6.878077428032867147e-01
2.345587863342596506e+02 6.177845758873606883e+02 -4.180980705740466874e-03 1.573340555611935088e-01
2.633368623542989440e+02 6.373561498125383196e+02 -2.572524621203342576e-02 2.286747691329082954e-02
9.568920645690010929e+01 3.893542269779343314e+02 2.204331839065036269e-01 1.496390843746634725e-01
1.416263130221784934e+02 5.151472503399012339e+02 -2.264117229637057586e-03 1.439149958291961566e-02
6.571188973518202374e+02 4.027006916843430417e+02 4.526479614293878184e-02 -7.913199810442067550e-01
5.579527627482717662e+02 4.532776919468479946e+02 -2.170983425115277296e-02 3.023976970804856737e-02
1.104740340871574745e+03 1.729680403329782621e+02 -4.158731862984105937e-02 3.952542215016348615e-01
1.076895354665657351e+03 2.248988277099760751e+02 -2.300748543804209956e-01 7.254774025747637856e-01
1.280834532450363668e+03 3.230971455974266746e+02 2.391753226652326703e-01 -2.429737374198534181e-02
1.268756568395191834e+03 3.418814964150330411e+02 4.658068827316453331e-01 -4.519423726158200982e-01
2.645579271339094021e+02 5.336050168106183946e+02 -9.201353326735020599e-02 2.807230006567351666e-02
8.036003054142001929e+02 9.186352277814111176e+02 5.447528255472369185e-01 -2.256878026240493884e-01
2.494743012968455673e+02 3.758368021281240203e+02 6.686342781624905925e-03 2.010652492123104762e-01
2.816802422094904159e+02 4.370883036687617391e+02 1.051188725190096845e-01 3.892114576736768750e-01
2.384915121725476865e+02 5.225880116762130001e+02 8.136211217788513750e-03 1.043087091352390416e-02
2.912790856920235569e+02 4.358771309357587143e+02 5.068284844480785978e-02 5.733484993659961233e-03
4.660625728906386485e+02 4.569342154263024440e+02 -1.602272212217788552e-02 9.731467182039447994e-02
1.094677211780966218e+03 2.211307886006129877e+02 -5.084443676284232660e-01 1.763654555137132152e-01
1.099763694792909519e+03 2.768772179858395930e+02 5.516595209644492570e-02 1.297385937681857226e-01
1.188192817881589235e+03 1.824863402705845772e+02 8.150003423361340538e-02 -1.092793223199303582e-01
1.155769964810779811e+03 3.435496578909102823e+02 1.735607680537517294e-01 -4.067170368170991424e-02
1.241362321715046164e+03 3.275870779808484485e+02 2.721436071094937570e-01 -9.920983537962703158e-01
1.285057049596631259e+03 3.296674467028814774e+02 3.351854446404634591e-01 -9.464881291317320602e-03
1.227730627228700087e+03 3.852877049477469313e+02 9.815355726118468738e-03 -6.333557332993677846e-04
2.573609450652188002e+02 5.876377461408513909e+02 1.214391339196178345e-02 -1.082774450429724311e-02
2.790622025372792905e+02 6.225264283063190760e+02 -1.481963179411612506e-02 -1.881018066029582769e-02
8.334105010203616359e+01 3.454356511232089701e+02 1.930589436233844797e-02 1.037232639613307611e-01
6.840349939509511614e+02 4.006209075950524152e+02 -4.829284466178705992e-01 2.737554073724822734e-01
1.117354771144941424e+03 2.597976808487963467e+02 -3.552208763260296109e-01 5.818000460263874629e-01
1.085437835097881589e+03 3.686861968321842937e+02 4.316708706164718024e-01 -2.064990916535066334e-01
2.050338641747408701e+02 6.989614711281213886e+02 -1.420583008366975153e-01 1.428812077297152427e-01
2.446187894738768307e+02 7.028893924107492239e+02 -6.973899668589637890e-02 1.392319716487236403e-01
2.185409072633161145e+02 7.746658059058524941e+02 2.143481882539333694e-01 5.202351768289645850e-01
2.826313543280950853e+02 4.441835289090410583e+02 1.239519149005303689e-01 3.278638488060039435e-01
2.732423432167548754e+02 5.179437047964967178e+02 -5.392724447816021893e-03 -9.051267945605445675e-02
3.235120414974142022e+02 4.804550869189304763e+02 5.420418306346164172e-02 -5.630496264001294549e-02
1.132441251250582809e+03 1.598070106567741675e+02 -6.903986908037040848e-02 1.657134764031482632e-01
1.015624594915625153e+03 2.543432190546955951e+02 -1.775885702222979035e-01 2.468224166969861244e-01
1.057727126929988572e+03 2.693712422123024339e+02 1.261474049350113091e-01 1.372272191210441861e-01
1.046573849069158086e+03 3.029237666922562084e+02 9.266299637027941571e-02 2.743271066634207500e-01
1.171706126797523211e+03 1.678463466377853877e+02 1.279492166992213242e-02 -1.105663806185930298e-01
1.166025266422169125e+03 2.395326146546261441e+02 2.633434008220092437e-02 -1.608146869277504720e-02
1.143579146011170224e+03 3.359275565741201603e+02 -3.971805190860777657e-02 1.325234782725885907e-01
2.661333202143599124e+02 4.020303715033267054e+02 1.505916697600279408e-01 1.893594112027017218e-01
2.733146215391259943e+02 4.442014074343650805e+02 2.558759940075105987e-02 -3.027559850867570998e-02
2.908470886657688084e+02 4.868168805999675897e+02 -5.548509082350013694e-02 -8.236005576575659848e-02
5.007051277601991615e+02 4.641542631533699819e+02 1.888082455394624048e-02 3.832568390191681829e-02
1.092647503269424760e+03 1.591565971069231296e+02 2.334625036538303389e-01 -3.374624114191817625e-01
1.046496929680360836e+03 2.691801205983670116e+02 6.251147114092721335e-02 2.563680101257356791e-01
1.172314370436785111e+03 2.454903791387727949e+02 -1.000336536359706539e-03 4.202671985708169439e-02
1.238443764788215731e+03 3.244783693598041054e+02 1.284241939970343083e-01 -1.216065037913646590e-01
1.146477984480678288e+03 3.574003386039504448e+02 -1.650123905983491568e-02 8.099740643801094098e-02
1.257017964548071404e+03 3.677082530231890587e+02 -2.474149971247546487e-01 4.268814107962271009e-02
1.196989467235957818e+03 3.835838974672408312e+02 1.904916858484284603e-02 2.402297755539469296e-02
2.078969619372189186e+02 6.505599193512467764e+02 -1.500507413104514853e-01 1.655227816673156271e-01
1.151436224557232435e+03 4.349557696792688262e+02 4.386468832945714103e-01 5.406694860222197585e-01
2.484566825798070511e+02 7.219476837018498827e+02 3.835866660171897286e-02 5.752872497858637496e-02
2.263084457441785560e+02 8.048249324612301052e+02 1.083047818943612128e-01 2.124480319812770690e-01
8.069300909757037061e+02 9.158391327188909372e+02 3.858045329809556279e-01 -9.100115572384008533e-02
3.170047177115170030e+02 1.030044648454953403e+03 1.128276463102603627e-01 -1.171629914127455124e-01
2.318946697863378290e+02 2.911343131689018264e+02 -3.165772470815397810e-02 -2.885974735618503928e-01
2.751094438581646955e+02 4.341888969415791166e+02 1.270822171919121502e-01 4.427435596818156682e-01
2.915645546318581864e+02 4.711539824745447618e+02 1.434288820911433504e-02 6.691677750458779883e-02
5.288956237144657280e+02 4.384366039609374752e+02 -5.365185531809402164e-02 -1.032319059015662788e-02
5.123373341589073107e+02 4.696750133765129931e+02 1.920298462522396221e-02 2.121344739145456515e-01
5.157198472761067478e+02 4.929063406628430357e+02 -9.724647827215449070e-02 1.642431101146257788e-03
8.223044006712739247e+02 3.957695655191886885e+02 8.194436290750672924e-03 -7.427819544594171930e-02
1.039356855521356010e+03 2.007280717390358689e+02 1.219973175328732395e-01 -1.654764140936890726e-01
1.039008105969295912e+03 2.310157780565842813e+02 4.057128205953404176e-01 4.769973805773162212e-01
1.017037066101447408e+03 2.335915980803895593e+02 1.168201442907445653e+00 -2.225283078509221468e+00
1.078491258471980927e+03 2.885541726615236371e+02 1.330534131757303840e-01 -9.672813872691676806e-02
1.174243673944047714e+03 1.531345444098745361e+02 -2.224596648568422097e-02 2.445983448688338058e-01
1.141328660041533340e+03 2.289772154454063582e+02 3.730628440064265305e-02 -7.058422443449785533e-02
1.207023739490510707e+03 2.421264365443299198e+02 -2.967254169084299065e-02 1.185795528958522027e-02
1.124922685683379541e+03 3.044634221455087300e+02 1.385849110805565942e-01 -1.970596064516598744e-01
1.198055622969382284e+03 3.127524820272524835e+02 -2.356461289082290023e-02 -4.610004543361014839e-01
1.200495771129416426e+03 3.167662714939015132e+02 -1.501615104908751164e-01 1.369873963100189940e-01
1.165029406943916229e+03 3.557262175878706785e+02 -2.295930102956162955e-01 5.745667953223119184e-01
1.296769098579508409e+03 3.440557736983558925e+02 -3.221636209453890842e-01 7.516326022544319585e-01
2.353604744907534894e+02 5.716139823468898840e+02 3.453666582889525216e-02 9.665337704075227521e-02
2.680562563624002905e+02 7.194116438232682640e+02 -3.546984906270722604e-02 5.206130668966579833e-02
8.051774242898114835e+02 9.060238773706180382e+02 1.944712084600155322e-01 -1.357887601089942109e-01
2.621476902804250813e+02 4.195020727146504669e+02 0.000000000000000000e+00 0.000000000000000000e+00
2.614736806495069459e+02 5.092290728863723643e+02 0.000000000000000000e+00 0.000000000000000000e+00
4.648185359198225797e+02 4.538642944912106145e+02 0.000000000000000000e+00 0.000000000000000000e+00
5.959176084995273186e+02 4.258362222794012837e+02 0.000000000000000000e+00 0.000000000000000000e+00
1.067241888541610933e+03 2.447830250298783028e+02 0.000000000000000000e+00 0.000000000000000000e+00
1.019987514461417845e+03 2.789957044000269661e+02 0.000000000000000000e+00 0.000000000000000000e+00
1.165545873025952915e+03 1.837243724675581404e+02 0.000000000000000000e+00 0.000000000000000000e+00
1.156573493814278663e+03 1.998294871566664312e+02 0.000000000000000000e+00 0.000000000000000000e+00
1.141661110264062700e+03 2.069666655379781162e+02 0.000000000000000000e+00 0.000000000000000000e+00
1.142979439562060634e+03 2.628684454496633975e+02 0.000000000000000000e+00 0.000000000000000000e+00
1.146275284776092803e+03 2.733270358468982408e+02 0.000000000000000000e+00 0.000000000000000000e+00
1.195101677098897198e+03 2.958557940157151620e+02 0.000000000000000000e+00 0.000000000000000000e+00
1.198927210481470638e+03 3.267401841235667916e+02 0.000000000000000000e+00 0.000000000000000000e+00
1.132811279266330757e+03 3.650648835533066290e+02 0.000000000000000000e+00 0.000000000000000000e+00
1.186358770966708335e+03 3.970428209235075769e+02 0.000000000000000000e+00 0.000000000000000000e+00
2.653880093650702747e+02 6.250997779606020686e+02 0.000000000000000000e+00 0.000000000000000000e+00
2.812532952974121372e+02 6.666978603635453737e+02 0.000000000000000000e+00 0.000000000000000000e+00
2.636327530761740263e+02 6.894928510779476483e+02 0.000000000000000000e+00 0.000000000000000000e+00
2.531196381135760021e+02 7.406906729535191971e+02 0.000000000000000000e+00 0.000000000000000000e+00
7.535239514830611824e+02 9.324471978395113183e+02 0.000000000000000000e+00 0.000000000000000000e+00
7.485323509979488108e+02 9.341521167660933997e+02 0.000000000000000000e+00 0.000000000000000000e+00
5.638765302831301369e+02 9.898282033544277283e+02 0.000000000000000000e+00 0.000000000000000000e+00
5.851917648391601006e+02 1.024959326241755434e+03 0.000000000000000000e+00 0.000000000000000000e+00
3.567087329757123371e+02 1.053134948706707064e+03 0.000000000000000000e+00 0.000000000000000000e+00
