1.339073181520365097e+02 3.831305166641137703e+02 1.936265595758760632e-03 -6.385226263060163636e-04
2.529202220259325600e+02 4.650289236536464159e+02 -5.764989033053499051e-03 2.597269536807959769e-03
3.169694132062078893e+02 4.738325938083376627e+02 1.268644597132043876e-03 7.920828124209191093e-03
5.647933105948058028e+02 3.789877470483649518e+02 -1.204866163396281281e-03 1.658303827120521890e-03
2.867547792822806514e+02 6.211256652217138026e+02 3.093096615537890490e-02 7.254428947710539477e-02
7.107742466303025139e+02 4.195339480291103769e+02 6.962291457464762044e-03 -7.366019958959724688e-03
6.343368028135014356e+02 8.220161112383708542e+02 -1.894338971151408283e-04 2.454970675862929035e-05
9.124131149249462851e+02 8.059940527016613032e+02 -2.115307430540719965e-04 1.215275305279611088e-03
4.599315156867257315e+02 9.415774439934034490e+02 8.196695930361990617e-05 -2.378597721541280861e-04
9.056039901497739493e+02 9.225413935657994671e+02 -7.676707406796532177e-05 1.831227509323035078e-04
9.004067154219770828e+02 9.260099142332721840e+02 5.807514985935815794e-04 -1.138672439494014393e-03
7.079100162225678332e+02 9.904251972119093352e+02 -2.572637181784368388e-04 -2.134842615838928107e-03
7.150779773572744489e+02 1.011427571174044942e+03 -3.137601965077595998e-05 -1.676354178761636749e-04
7.049543379793897202e+02 1.023715348400462517e+03 -1.218690733416638458e-04 4.203304890216884955e-04
4.816853025059972992e+02 1.099001850989491686e+03 3.017931915369129734e-04 -1.690185450561420123e-04
7.044282144998428521e+02 1.036508964766924464e+03 1.861407955720105630e-04 -2.564964354000453823e-04
7.518326392269101461e+02 1.067493495052656726e+03 3.425958445139186577e-04 -2.887458650809211508e-04
7.456682026595834714e+02 1.071519940406533351e+03 1.105702850516014028e-03 9.367157038914318687e-04
1.311477680199595568e+02 3.253065659540356478e+02 -7.572972906737815771e-05 -2.728511895402154527e-04
8.997941500146184808e+02 1.102119684827493302e+03 5.867033156619072543e-04 -2.451845785340128129e-04
2.863195727396522443e+02 8.309055320266390936e+02 1.569340274849195249e-01 5.320611016761574996e-01
2.597887415473144301e+02 8.392447133634419743e+02 1.966191161530845832e-01 4.950979054041992344e-01
2.454883513833160578e+02 5.038483145584592080e+02 -1.874236989264394838e-03 -5.546452022475806265e-03
2.599728519930573043e+02 7.679747248583328201e+02 9.765759840370163980e-02 4.141781039863872138e-01
2.805182810504885538e+02 8.378126007863419318e+02 1.298683540519516566e-01 5.214198537611647311e-01
1.194742669524881876e+03 2.535307917839017477e+02 -2.778347440592522991e-03 -3.632066731740894640e-03
2.542232703897459487e+02 6.362142660830360228e+02 -1.281710459958101782e-02 1.317510240720684012e-01
1.916905378322045408e+02 5.874380694948836208e+02 -1.825898581082617197e-02 5.352719604143383464e-03
1.158568729983979438e+03 2.320617418515795123e+02 -4.796095571979850855e-03 4.814862073236509353e-03
2.889709947962530805e+02 6.702788567987147417e+02 -5.558935615917870443e-02 6.177550238631886875e-02
2.985047738365783516e+02 6.457866558399100541e+02 -5.641455950780590450e-02 7.573599458629981518e-02
6.351637346044910828e+02 3.743100296470766466e+02 3.330613295531972828e-02 4.529231162003423405e-02
2.482580373137428751e+02 7.418984750064707896e+02 1.029471152586469568e-01 2.195866772362460584e-01
2.710566453210905706e+02 7.930435035375081725e+02 1.448719228736915221e-01 4.447495766219714541e-01
2.043025265606784160e+02 6.983187320776537490e+02 6.113785923390358153e-03 1.301222523580727042e-01
2.391349330168518748e+02 6.830979366093382623e+02 -3.149604532809253954e-02 1.008817271016245187e-01
1.260412515002414466e+03 1.958166356805057546e+02 3.325022525017414052e-03 -7.674534487296226590e-04
2.316940961232327822e+02 3.504178299051457657e+02 -6.248469879619536482e-02 -2.559529543130474871e-01
1.259560305711167075e+03 3.794840977540696372e+02 -2.426376166707509829e-03 4.601871344344108349e-03
2.959580557923762285e+02 6.538953582927807702e+02 -3.034969406501103126e-02 8.180258151742011985e-02
2.841383266783058730e+02 8.106363241239762374e+02 1.624663543020727352e-01 5.139549912100903617e-01
2.150410595068182147e+02 6.864398865109599228e+02 -4.626521602475431282e-03 1.868522443194442773e-01
2.128912294056675591e+02 6.656260352689098454e+02 -3.589580247973621764e-04 1.192940172286477418e-01
1.222401274526176849e+03 3.970330842279308285e+02 -3.717622795285465374e-03 3.906165251037529377e-03
2.773611443801488008e+02 8.081298070689405222e+02 1.547289506663516168e-01 5.025990771217011543e-01
1.230756443075318657e+03 2.414115225335997934e+02 2.233423888887189988e-03 -5.125977388052214978e-02
2.660228511168434125e+02 7.179012570134218549e+02 -3.326577288884051409e-02 1.887527484185511639e-01
2.640803765856243785e+02 6.744878283239089569e+02 -1.575816145847655503e-02 9.765767655302048933e-02
2.751789215102763819e+02 6.963029192708845585e+02 -6.796278840224849460e-02 1.178770534564278910e-01
2.416351710792693837e+02 6.495951469823659181e+02 -2.062079978968833424e-02 9.930872314991197325e-02
2.470429933258900803e+02 6.459102521620914104e+02 -8.665210907066851764e-03 8.661457527563749814e-02
7.157713699152698155e+02 8.818649175781386020e+02 -2.889241860970341320e-03 8.355771227033667592e-03
2.455148904312702030e+02 6.316470862872540692e+02 -4.669601796976310948e-02 1.152324275657472807e-01
2.349549889759384200e+02 6.500333235864696917e+02 3.822106693367949889e-03 1.050596194809472889e-01
2.548329049548885621e+02 6.498452869494111610e+02 -4.564229782261149809e-02 7.738059208572219128e-02
2.885178606627669069e+02 6.578316364666061418e+02 -1.760869040848232064e-02 8.952201378867181980e-02
2.302027619276624932e+02 7.188032484924366372e+02 2.012913762900883641e-02 2.023954717100049649e-01
3.067414741120946360e+02 6.304216974436872079e+02 -1.297600945086136749e-02 2.542644953158818694e-02
2.977193458514850590e+02 6.061571399776735234e+02 1.607629050476818864e-03 2.234024795313083525e-02
2.293017258595378678e+02 6.824956772847742741e+02 9.771868418145814375e-03 3.043726085538843718e-01
2.443789858077225006e+02 7.491600002590992062e+02 1.186070371296608778e-01 2.704558142234177454e-01
2.494884854990307019e+02 6.631305233942996438e+02 1.563712434333236478e-02 8.960705025033731397e-02
2.443106887016166411e+02 6.764404163693847067e+02 -1.625865269472110417e-03 1.001008892567381153e-01
2.923976958201624257e+02 5.797105000676509690e+02 6.991870032537251395e-03 -6.419909825119769937e-04
2.271201039027475304e+02 7.107590824022503284e+02 4.302955590155547322e-02 1.810173904302656012e-01
2.887002565915350942e+02 5.876648697413837681e+02 -1.431258792857952825e-03 -1.969501159154256852e-04
2.661371771516378431e+02 5.907860371240084305e+02 -1.196618406088261269e-02 5.807761348967908216e-02
2.082346444059855344e+02 7.014189257626383096e+02 -9.606669071837133436e-03 1.399732741971849159e-01
1.137103520643483535e+03 3.418950828806740105e+02 1.495404126782148568e-01 2.428198080204694576e-01
2.848894241094395170e+02 6.392679533029241838e+02 -3.639559782017653955e-02 4.570244126980446686e-02
1.480748557714859430e+02 5.287205649129114136e+02 -1.131057954606009457e-03 -1.059102570923299656e-03
2.581868715826867628e+02 4.315957421763960156e+02 -1.042743466570117961e-01 -2.309525500045586655e-01
2.421797874429232138e+02 6.962823563014117099e+02 -3.227919178098434538e-02 1.261248340420351166e-01
2.844211393707507227e+02 5.536620288871359890e+02 -3.978576808605123125e-03 1.756798615913046993e-02
1.055631648508631770e+03 2.230759279711738259e+02 -9.945299020739527610e-03 8.013139164994876121e-03
2.923947280337702068e+02 6.253643942452853253e+02 2.527641217703617202e-02 7.531649134072794516e-02
1.118572588223857110e+03 3.609168672803661480e+02 2.367690402333849364e-01 4.249153029357843891e-01
2.936036648175752362e+02 9.817973181420812807e+02 -1.612263875801077384e-01 -4.944315571700419465e-01
2.537071467441598998e+02 7.299598755524355056e+02 3.337704607421802111e-02 2.366149051812947157e-01
1.197769909833013344e+03 3.741815713519465021e+02 -1.773228722271583402e-01 2.077168581825531712e-01
2.747557996646858669e+02 6.017429362184067259e+02 9.320939858295138394e-03 3.910722030184950876e-02
2.441307677660591935e+02 4.921514616087715126e+02 -2.784070040385840800e-02 -1.304846832522231319e-02
2.635007812486334160e+02 6.939853321305153031e+02 -7.772537732278023137e-02 1.577878212231424992e-01
2.370786229266797420e+02 6.170943325754722082e+02 -3.486906917346504348e-02 1.717390412972819025e-01
2.917329749308182727e+02 6.459394157919613235e+02 -3.908731536602270268e-02 7.305510765136227769e-02
2.379260065214736812e+02 5.014957545953791396e+02 -3.450000723514429083e-04 -5.079271025718159159e-03
2.542838420837643127e+02 5.646732023217241476e+02 -3.551198574455533691e-02 8.899033272481381152e-02
2.652841059381480591e+02 4.746616827210734755e+02 -3.498877746206836836e-02 -7.979384606598033391e-02
2.831520320435034819e+02 6.544006790183386784e+02 1.497419202066096328e-03 2.377180162251858395e-02
5.374443975146433559e+02 4.877922535488640960e+02 -6.079833211551525845e-04 -3.812404512045489455e-05
2.347330036262894737e+02 7.355851430579235739e+02 6.572002273022949093e-02 2.169879847477639290e-01
2.763391616881184518e+02 7.774661760001567927e+02 5.468143065172682143e-02 3.143477326333390942e-01
1.185975924752580795e+03 1.731044089927847835e+02 -5.977905741821076292e-03 -2.392027368904590251e-02
2.745252637648839027e+02 6.651878302505147076e+02 -3.410551801388496396e-02 5.401150700795977200e-02
1.397869545974629091e+02 3.889753782243612363e+02 9.920005888760794529e-04 -7.090976063390335652e-04
1.217260699356319947e+03 2.540615845821672565e+02 6.343681889365872933e-03 4.878609684941421186e-03
2.549273292847923926e+02 8.152288077580010395e+02 1.154329978743430102e-01 4.466696348242782943e-01
2.375727073850627846e+02 7.255259210107193439e+02 5.282916178904265014e-02 1.866299070069958876e-01
2.165048098451214003e+02 6.539361655083287133e+02 -8.662343705852304857e-03 1.206440565384922364e-01
2.871722924137205268e+02 7.957637229607817062e+02 1.341098173038123564e-01 -4.882316685487662900e-02
2.305941688034108665e+02 6.430349404342736079e+02 -4.355642707125578772e-02 1.546586384164784500e-01
2.230185707332956611e+02 3.158501655489030213e+02 -6.431042242761206285e-02 -2.654449217042358922e-01
2.382092194854249669e+02 8.163561558218210621e+02 1.212120713619377482e-01 3.965505712998828036e-01
3.127487221568899258e+02 1.010549746443331287e+03 -2.573734376142326474e-01 -2.985084585157793402e-01
1.095637138737535452e+03 1.570602801484501185e+02 7.384987450297269933e-03 8.895276390886703785e-03
3.114761770523489304e+02 1.013697743586755905e+03 -2.015851768579621228e-01 -2.801537729441482827e-01
2.641765939349106134e+02 6.000984736309316077e+02 -1.616123274704133264e-02 7.894436984173749949e-02
5.743530152759660723e+02 3.803919147134219543e+02 -1.047161854700501098e-02 -1.385309521665847865e-02
9.316669234226941398e+02 8.446415865643327834e+02 -4.238370909330241190e-04 6.914833313410529087e-04
5.782537592583020114e+02 4.306632099308775423e+02 6.255228609805920000e-03 -1.427279581027487672e-04
1.006761897079752544e+03 8.124755195351639259e+02 2.270258455826136643e-03 -9.488318524500025369e-04
2.955418791355545522e+02 4.952723194332721164e+02 -8.934157478502455230e-02 -1.784765883969319624e-03
1.345490954596551774e+02 3.997237111113430501e+02 -7.844111953793142305e-04 -2.022207894967912971e-03
2.512898000143968318e+02 6.992910699725043742e+02 -7.975796054648838507e-02 9.909657950239117441e-02
5.018731217661266442e+02 4.368224920375359375e+02 -7.224339261631709981e-03 -1.808347717634140386e-02
3.057622593146017493e+02 6.169235626826298358e+02 -3.828360294641983824e-02 7.574003702672647831e-02
1.181516283545533042e+03 4.193881037766950612e+02 8.148065264484975756e-02 3.625931561497535149e-01
2.733577197244612762e+02 6.252364474467440232e+02 -1.529840193835367915e-02 2.329691757098983212e-02
1.170478660780596556e+03 2.367240723799104103e+02 6.030588165425446179e-02 -4.999624499054596688e-02
2.703728081909324601e+02 6.686223532272128978e+02 -3.127495935980210279e-02 7.158647663575581910e-02
9.818064273383153022e+02 8.278375051386815358e+02 8.971551073467807710e-03 -1.528675187740749552e-03
2.394790106448183167e+02 7.395483790953841208e+02 5.046622748352378590e-02 2.450925177258750920e-01
2.271912966265431635e+02 6.297970844290728110e+02 -6.232789850182086228e-02 1.590747977862623785e-01
5.800894703387742766e+02 4.069155834300107699e+02 1.578318634204665125e-03 4.507243800652745679e-03
3.140058450443864331e+02 6.542226978819502392e+02 -5.441842724595778030e-02 1.965509520907125496e-01
1.127497029599951475e+03 3.923152196180167266e+02 1.848645785968718036e-01 4.134316034470066348e-01
2.782538316289954423e+02 6.862278765634248430e+02 -5.598490386326753637e-02 8.025717809490999499e-02
1.010264905934554577e+03 8.164631705021151902e+02 2.986955595259690836e-03 -1.727899853453846411e-03
9.408739368975191155e+02 8.340018074435816970e+02 -4.584386707361178421e-05 -3.736993218681298849e-03
1.003923035263741554e+03 8.366838701815102013e+02 8.368568550703557249e-03 -1.896173484785304260e-05
2.460110150541030691e+02 6.010077006134725934e+02 -2.703499714847581309e-02 1.567204191525386758e-01
4.816019545411206764e+02 4.351785159677759793e+02 -9.220816212854344995e-03 6.128284147877419846e-03
1.019694748602227833e+03 8.072283473447408824e+02 4.675501239332090914e-03 8.784717922702668658e-03
1.250870162544109917e+03 3.283521248277493783e+02 2.981247785297626574e-01 1.400002879449440962e-01
9.579362716920539924e+02 8.309258092864307628e+02 -2.867198801053822549e-02 -1.705151537801990330e-02
1.189237483371776307e+03 2.456889500282298116e+02 -6.404562540961651618e-02 1.210010910128385270e-01
2.582519591537395058e+02 5.705414035119545133e+02 -4.064564598108590110e-02 6.315341571542258670e-02
5.493671966922685215e+02 4.418182273629782912e+02 -1.803437905443775694e-03 -4.445190935476909383e-03
2.130837047673370535e+02 5.174219469366300928e+02 -4.639545547126099219e-04 6.324108382923756232e-03
2.972623004502366939e+02 5.776746842906845814e+02 -8.637377915279373028e-03 2.760180873778523072e-02
5.838334366122438723e+02 4.155712021327177581e+02 -5.608930326178382733e-03 -4.321537554892754436e-03
2.637917109816226571e+02 5.649114731683790751e+02 -2.069659541529974764e-02 1.119994502382712781e-01
2.970154464092167359e+02 4.789817613824063187e+02 8.309620531432326818e-02 1.222073090669841683e-01
2.572939643996971313e+02 5.917866560466130750e+02 7.116780410002536764e-03 5.070723504753450739e-02
1.176491978182866887e+03 2.247070146358271643e+02 -8.200231360695731109e-02 -5.707096264664263813e-02
6.270136169547068903e+02 4.117214392054264067e+02 -2.328918630427896097e-01 5.587390945464620201e-02
3.044663596625542255e+02 5.839338633892539292e+02 -2.782529789613921722e-02 1.121278240674428162e-01
5.614092899856497070e+02 4.376700503654464569e+02 -3.001479607084800005e-03 9.828371747538327055e-03
2.885583903225135600e+02 4.652141345272578405e+02 1.020364431478028439e-01 9.965446951137399423e-02
1.085879202052978599e+03 1.767414726614029803e+02 2.138676037603626581e-02 -1.511532507937508596e-01
2.357251678183937145e+02 3.584159346271054005e+02 -6.478204174027353546e-02 -2.653677889722900751e-01
1.998088899081971874e+02 6.129024237746215249e+02 9.345910337853834127e-03 4.675636009446693109e-01
1.028957353007754591e+03 8.569151016688122127e+02 3.933858098359072769e-02 1.794318246195551747e-02
9.576727801671518137e+02 8.529996832745750908e+02 -5.152466123461474411e-04 1.215025600343342185e-02
2.918443665406850300e+02 5.395325114382202401e+02 3.210223296587916449e-03 2.962254574308442051e-02
2.242969625525377637e+02 7.515295688658725339e+02 5.972938660585185716e-02 2.942987344626391555e-01
9.391545884681182770e+02 8.535775456514361395e+02 1.037842318882345322e-01 1.299127082567864966e-02
2.246497843157725924e+02 6.682656984795656854e+02 7.140357170293676684e-03 1.034386952609226001e-01
5.759049054335505389e+02 4.534001498501335163e+02 6.252575254931420391e-03 3.847711985345918760e-03
2.803621540146697839e+02 6.320562903324740773e+02 -4.216735045694482154e-02 2.277237572361447832e-02
7.481943640182620356e+02 9.542740912597788565e+02 7.081964194498194948e-03 -7.778249970332319803e-03
1.075967023364021543e+03 1.849076132136164574e+02 5.267092415860503279e-03 -8.704793682942081959e-03
2.757059077478015183e+02 4.409748698515828096e+02 3.742904560929748159e-02 8.297160120031152331e-02
8.247046444429084886e+02 1.102252445906676712e+03 1.629152069302891961e-04 8.419044788842266341e-04
2.452503055578558815e+02 5.100709700819023737e+02 1.204836146686547559e-02 1.759667303755946743e-03
2.369901552518556400e+02 7.950636225752681412e+02 1.632284186306961205e-01 4.193310317151892064e-01
7.510407919481529007e+02 9.593633162795223370e+02 -2.771481932080689225e-03 4.080970341214881607e-03
5.757121465935400693e+02 4.240850199536123455e+02 -9.420155711790591246e-03 9.913540423774024751e-03
1.234612669520035524e+03 5.087405407332657887e+02 3.257934080726711534e-01 5.910315087083584107e-01
3.138721973154880516e+02 9.596381150629296144e+02 -2.881117150729651244e-01 -6.384283437825316598e-01
5.890015803664798568e+02 4.607117179625460039e+02 -8.700064424671593438e-03 -9.689607090491440117e-03
5.916391149025482719e+02 4.670653874172362521e+02 -5.050570610015792106e-02 3.528101892308795756e-02
3.227532686954376118e+02 9.624906513993923909e+02 -2.903708603146551992e-01 -6.054564453459552187e-01
1.191424515213777340e+03 2.266912986202242450e+02 -5.417992822145777793e-02 7.773447745170733447e-02
9.048816431015784474e+02 8.531430925782321992e+02 -6.757839509430028403e-03 1.080745503956974791e-04
3.102175127097974610e+02 5.859872002881910475e+02 -2.170813091744985476e-02 8.662714534475886297e-02
2.204562082505455578e+02 6.835119566359700229e+02 1.461008873087002273e-02 2.051465374037094169e-01
1.165421212026679768e+03 2.518235164602111809e+02 8.744282788335689185e-03 2.614924393182070476e-03
1.184815651357202796e+03 2.603494042664473795e+02 8.267235680146894916e-03 2.605314257650065066e-02
2.645432133122453706e+02 5.059022723002410658e+02 1.156740177572115474e-01 -1.002832148099971621e-01
2.205924823741488865e+02 5.898661979193557272e+02 -5.136701238798606350e-02 1.415552798898006837e-01
6.177308128891353363e+02 4.139216991438452737e+02 1.212592571409733949e-03 1.519206805690965709e-02
2.269296350227996300e+02 7.015190618434127146e+02 1.992475132700103138e-02 2.100860833535543870e-01
7.705026189356138957e+02 9.616782396067859509e+02 -2.287095999089714445e-03 -1.764287219680002071e-03
7.766750030624892815e+02 9.425114697619623030e+02 -8.889990304915541125e-03 3.510286144716593358e-03
7.751893170596016489e+02 9.471922194134442634e+02 2.332252281439875681e-03 -1.963134200784139374e-02
9.846559807377475408e+02 8.670469282528865733e+02 4.878485147266118510e-02 -1.594880720508491667e-02
2.640995051315798037e+02 4.118355853915619491e+02 2.011957742178364580e-02 1.065381342326763847e-01
1.980163390787718072e+02 6.993190009796346658e+02 8.147881999918234197e-03 1.032942946473750928e-01
8.008798610369241260e+02 9.516317454480574725e+02 -3.379610250260499296e-04 4.707005880667980598e-03
2.654958375770700059e+02 4.202748887823453856e+02 2.952025546791039318e-02 8.266490578477438123e-02
6.193804239478696445e+02 9.358584004265928797e+02 3.494257946115767832e-04 -3.151888124625881922e-04
2.876147301412886463e+02 5.788438623666237390e+02 -2.445339853800879842e-02 4.326518181726621975e-02
1.164239001145186876e+03 2.169315642607409700e+02 -1.188415093903775338e-01 7.542848682821289008e-02
5.873432377480239666e+02 4.836026851761643570e+02 -3.008250493205403275e-01 1.681900192267815619e-01
7.835020766225990201e+02 9.358787432801829027e+02 -2.631751047570420575e-03 -2.444553633573954068e-03
6.311232062121326862e+02 4.315632405727143350e+02 -2.915237955552142934e-01 1.392558048330438392e-01
9.702587826489891540e+02 8.836139513033443791e+02 1.491162213644566803e-01 -2.570846312535803382e-02
7.819926232816088714e+02 4.898379092600383728e+02 9.498450536921604695e-04 3.169873332991967468e-03
7.836646875402111618e+02 9.430952285235991894e+02 -1.804197937721624748e-02 4.655304800165833631e-03
7.966825584608642430e+02 3.828377988937469922e+02 -1.377170550888354942e-03 6.977586903283484500e-03
1.840674572683650467e+02 6.549701247535160746e+02 -2.306219850294586038e-01 4.491296533703466598e-01
2.779876307556123152e+02 5.552290427769936514e+02 -7.815053854550129200e-03 3.240675466022231721e-02
3.000741093960009493e+02 5.596899357983841128e+02 1.772347164437588292e-04 9.493847328848019698e-03
2.556178821002152972e+02 6.440770399000010684e+02 -1.974185151432479926e-02 1.405245133935700830e-01
8.043755204193811323e+02 4.220027913129904391e+02 4.341357684319797905e-02 3.134074398118884275e-02
2.195028689880965089e+02 7.499082744283572310e+02 9.277933947449619467e-02 2.747782036443314202e-01
1.940062236718060262e+02 3.192364734082760833e+02 -7.692106413514920860e-04 -1.725492373740246778e-03
5.919379047308248118e+02 4.033698454666994735e+02 -2.542755466455705327e-02 3.229513360423089813e-02
2.322651861124389541e+02 7.094115557184665022e+02 2.143335494828351936e-02 1.618514980160501993e-01
5.373213963393292261e+02 4.269637872842876050e+02 -4.964472115653455501e-04 -1.243211229816304367e-03
1.159660028124994142e+03 4.354918155253069472e+02 2.517621808646420822e-01 5.593906162215748212e-01
1.109246608981745339e+03 2.361594690762610753e+02 -1.500460730357649423e-04 4.145398433389618255e-03
1.033663839315347104e+03 8.344113157976200910e+02 9.091928002632839899e-04 -7.796441890366280307e-05
1.180510097179231707e+03 3.138756702426114202e+02 2.687363686877170532e-01 3.287289451716851052e-01
2.617390491570764084e+02 7.362800159633928843e+02 6.305140759737619914e-03 2.485557870112899970e-01
1.010405277137865028e+03 8.555443228275664751e+02 2.822664677823990415e-02 -7.204417003472012027e-03
9.937272030351359717e+02 8.221157903463937373e+02 -1.472797114446044650e-02 1.844858155580746638e-03
2.403819790061471338e+02 6.017785225162651841e+02 -5.791693276549240293e-02 2.339301247426127106e-01
1.281355057005176150e+03 3.703850561977683356e+02 -7.892845776676057565e-03 5.795738250373399895e-03
2.751320283012998971e+02 4.227818586835327324e+02 2.536075726339902942e-02 6.380074470410089515e-02
3.241626130029391675e+02 5.528552214254865476e+02 7.320327396881804718e-04 -6.601314962229408619e-03
3.488734014775333776e+02 1.008800562462845392e+03 -2.310604775692193524e-01 -5.134954729144305396e-01
2.466797935012961034e+02 3.934111358780606906e+02 -5.066695850638015808e-02 -2.978631586179565915e-01
7.334002670724053132e+02 9.808441153726752191e+02 -1.094485789916135356e-02 -4.843144936044739730e-03
3.183064365869815902e+02 5.499975357384990957e+02 3.477036432000789930e-03 -1.899236099506206379e-02
7.727028156473130593e+02 3.971081404970892663e+02 -1.034878389422113189e-03 9.082343413265649449e-04
3.559192379352406306e+02 1.008540747290814352e+03 -2.156882367565147729e-01 -4.865601232723828495e-01
2.544027515104624229e+02 7.582838222405734996e+02 9.964053320035928807e-02 3.227335905044252384e-01
1.221623492114242936e+03 4.688732226245195989e+02 3.401238192311643593e-01 4.387546735350786875e-01
1.082542713711762417e+03 3.498602007952941335e+02 7.642575335096871147e-02 3.211163696934141720e-01
9.887849336943667140e+02 8.325435749922999094e+02 2.938724281121532934e-04 -5.707015753889190836e-03
1.046001989935096162e+03 8.589146757175626590e+02 3.005514324195246445e-02 -3.860767841220845431e-02
5.292420176409451642e+02 4.858704744494755232e+02 -1.051834821212894316e-03 -2.075114748876249709e-05
8.274470865267464887e+02 4.012429934348114102e+02 2.615376718062864363e-03 1.925012173419102897e-03
1.017450068750681680e+03 8.309714279554250425e+02 -3.848558299744194605e-04 -3.596453628705207142e-03
2.572583008612859317e+02 3.915784709909050889e+02 5.201790283303686646e-02 1.653662505267481861e-02
1.179279758803504819e+03 2.483381196053821611e+02 4.363551860060037096e-04 -2.001219499052780699e-03
9.467646955884201816e+02 8.372603181468290359e+02 1.479931532124886394e-04 4.916533153446510547e-03
2.593884269250152670e+02 6.650529212408979447e+02 -3.442469722410963773e-02 1.082275471826404656e-01
4.656601657291727747e+02 4.540111361974386455e+02 1.231860673519151635e-02 -1.148481151257596707e-02
1.103930604451611998e+03 2.171123700682140338e+02 2.864534073043416632e-02 -6.820290880358639840e-02
2.682781511295878545e+02 3.005764062116614355e+02 2.600481708047329074e-04 -3.819252594190843640e-03
1.210230071349017408e+03 2.503892765124873279e+02 6.667037846207424451e-04 7.997987192559962571e-03
1.143977896065534196e+03 3.193825735102172985e+02 1.388961807878160426e-01 2.417013420264204349e-01
1.058676122408139236e+03 2.758290408058896901e+02 3.544967587288846284e-02 1.232547690986428579e-01
2.935281390365432799e+02 4.334490766560008979e+02 -2.437422323247358247e-02 -4.023039878421516558e-02
9.540527077352777496e+02 8.227479886026158056e+02 6.461397113869202062e-03 -4.524275887401116476e-03
8.227073092168149060e+02 9.357024825270403880e+02 -2.949285418498950179e-03 -1.115087832700548554e-03
7.273381722464712311e+02 9.697359142191106685e+02 4.816971176205472709e-03 -9.019560490935756708e-03
8.228521127542421709e+02 9.450857718415642239e+02 7.664468103656071375e-03 9.513366607254986193e-04
5.515962510762683451e+02 4.322895184915163895e+02 -8.598755579566729271e-03 1.213307421954710856e-02
9.608308708170999353e+02 8.611212590102711602e+02 1.446597567142717759e-03 -1.474954281099085697e-02
2.932962488545480255e+02 5.597389465345120243e+02 -4.512468415925461468e-02 7.306496772655869665e-02
2.677652755815301475e+02 3.887827835956616696e+02 4.373608917811308561e-02 1.340452681601369822e-01
6.502884295438569779e+02 4.292687725635847187e+02 -3.316911280772303350e-01 1.783724710452417594e-01
2.725482394813817564e+02 4.289562269636099359e+02 2.007118155638793963e-02 8.337818539314918731e-02
2.599530310970624214e+02 7.475300432351037898e+02 1.101144368379261274e-01 3.216745122499785614e-01
8.297359685501338618e+02 8.969409096775419812e+02 4.333204452971277654e-01 -1.496779631939617605e-01
5.462169905461125836e+02 4.597825713035373951e+02 -2.171076525928020834e-02 7.654976444998714928e-03
2.579880407270345017e+02 6.179476396469617612e+02 -6.678158464526776084e-02 7.714642232756342699e-02
5.282900473018834191e+02 4.409792611802793658e+02 -3.998606681993760979e-03 1.177450634738964018e-02
1.068248462279550722e+03 1.986356949684875417e+02 1.778342260332456057e-02 2.719096935696133088e-02
7.533327060808660462e+02 9.723318375638002635e+02 1.763450065656194804e-02 -3.271883608855061156e-03
7.538739279316985176e+02 4.416721346681237605e+02 2.482680103514779690e-02 9.964208588005611655e-02
2.443577484766470320e+02 5.281760009359305741e+02 -1.697950281351279511e-01 2.194018941350711627e-01
1.030617077521931151e+03 8.256511529934003875e+02 -9.795464119455987023e-03 9.094509646883628881e-03
2.861181286161624371e+02 6.531930373913555741e+02 -6.452396374804788767e-03 2.053654850866867485e-02
1.021735664270839493e+03 8.153015972663872617e+02 8.798092096587271579e-03 -1.559564230362551346e-02
1.214587038341592233e+03 3.452757820545622849e+02 -7.779345091450684535e-02 8.548636790693468768e-02
5.017120195486402849e+02 4.653746056071215662e+02 8.726537779177243048e-03 9.819170552781664521e-03
7.408525232205814746e+02 9.587355395375057014e+02 1.599838168946763825e-03 -1.211478604115861927e-03
2.416412512308301075e+02 7.579923950727813917e+02 8.052707206164734510e-02 2.701923289499295611e-01
3.141791208378775195e+02 6.371846493367324911e+02 -6.754370252690308774e-02 3.233129884387063724e-01
1.236506372283808787e+03 3.059019603658686037e+02 2.842150873575474690e-01 8.556966920226366513e-02
1.147323834356117686e+03 2.263057733720901297e+02 -3.243940280231522727e-02 9.350181951637524802e-02
2.133975143904542904e+02 6.020230800468488042e+02 -8.332937216406036129e-02 2.381687320807693853e-01
1.066659469903743457e+03 2.147401329368794052e+02 1.078752632984916228e-02 -1.219058063853843514e-02
9.187483713057137038e+02 8.913720881798811888e+02 5.207181918297111300e-01 -1.705744493347983656e-02
2.309840874485144298e+02 5.970270744247666244e+02 -1.201158179540947613e-01 2.903214134060324580e-01
8.465948565223300193e+02 8.919752169990675839e+02 4.194738162516657431e-01 -8.245756197453883718e-02
2.079433986564267229e+02 6.517737251462797303e+02 -1.969390796126296861e-02 7.970197876123746861e-02
8.179865903302423931e+02 3.800688867789010033e+02 -1.918545809187457724e-03 5.445691998856730734e-03
1.209158622873251034e+03 2.369291740694995383e+02 -7.134201297908970667e-03 8.053643846140084300e-03
9.726910078879710682e+02 8.894204037025849630e+02 1.872172492064770877e-01 -3.671926516116319483e-02
8.940058783396742683e+02 8.489863019202509804e+02 -2.840532410814240695e-04 -2.841655205900066750e-03
2.451173671672055434e+02 5.200763337843579848e+02 1.150396545339748330e-03 2.593705928365854646e-03
1.197564923718206956e+03 2.039134898860615976e+02 -8.063037413018656063e-03 1.374303686925531544e-02
1.098696996926405063e+03 3.297112358246062627e+02 1.737492327825108929e-01 1.764805715811707809e-01
1.214808453726830521e+03 4.493545377337046602e+02 2.656990020368471539e-01 4.401105096999907706e-01
6.683833183407782599e+02 3.893368225047416900e+02 -4.136377561026131633e-01 1.968868718450892674e-01
6.613371799809041249e+02 4.483756455923176532e+02 -3.601727457056146386e-01 3.622851046261018060e-01
7.986338830997700597e+02 9.300088404685417345e+02 5.594685480552993515e-03 -5.375492415790330061e-03
2.646593394137788664e+02 7.512280728734945114e+02 8.606565851322593719e-02 3.053329374169364008e-01
8.649892145921747897e+02 1.102241182105446569e+03 -3.356595442032767680e-04 -4.497200271917691514e-04
9.446471467179829915e+02 8.556006216809466878e+02 4.705779946096182859e-02 -2.007298988652145982e-02
1.953331989421336914e+02 5.926933430419236402e+02 -8.531013657778829069e-04 -1.161503438813251939e-03
1.034061074960759015e+03 1.878614579711799024e+02 -4.054591401817749657e-02 -2.034029298712683453e-02
2.625591438753263560e+02 5.486229408331976174e+02 -4.217228616548506642e-02 3.458682485955313912e-02
2.592185377616133337e+02 5.301826114278190971e+02 -9.286360380437964912e-02 2.031194071262470979e-01
2.715527685788761119e+02 5.293640980311506610e+02 -5.996440802478205517e-02 4.247806499459347990e-02
1.062719476723473690e+03 3.333930580110904884e+02 1.549795178265804263e-01 4.644110137793764914e-01
4.947706704432270612e+02 4.471908602916772679e+02 4.619605307361285447e-03 -3.983031570272422411e-02
8.353558280969574525e+02 4.115673235035956736e+02 1.011144316630679420e-03 -1.641797900336962714e-03
2.805027753333994838e+02 5.419809929368950634e+02 -2.815479292542810469e-04 3.359110375214019450e-02
1.008220584750590774e+03 9.275042961761440665e+02 -1.061605269614578897e-03 -9.250181562159616878e-05
1.099110071093584338e+03 2.941375437182051655e+02 1.279923695864373101e-01 1.703322056881998170e-01
1.905936161353842522e+02 6.931652554246347790e+02 -9.419081357201532223e-02 4.195934793722638778e-01
1.251493532885229570e+03 2.560795859404580597e+02 7.138737680710762964e-03 -1.221524694826239474e-02
1.173054745207722590e+03 3.719966370163669467e+02 6.691929817845385098e-02 3.183282361208181199e-01
1.131064080716199896e+03 3.374411344134389310e+02 1.499434905482721903e-01 2.109179849797555018e-01
1.295414469386802466e+03 3.506827175468848168e+02 2.114749677161853469e-02 -3.911322426261174684e-02
2.519333152420288400e+02 4.790473965375389298e+02 -2.197083442305459034e-03 3.221613618476643938e-03
9.395228121039032203e+02 8.858604910991732595e+02 5.581507376405958620e-01 -2.435793646468212628e-02
5.370710069956641064e+02 4.609655836128598594e+02 -4.352340166383440734e-02 6.365246639384596061e-02
2.614043422310750771e+02 4.449941238283129792e+02 -5.615603080969992777e-02 -1.777918142968122894e-01
2.277740841438623534e+02 6.482007069472899730e+02 -2.467029369486710769e-02 1.764435585788217686e-01
2.283742694407606848e+02 3.382844491773445839e+02 -8.037370716925160141e-02 -2.365926461391706093e-01
5.206293794374449817e+02 4.243415832281173721e+02 -1.484267128326827861e-02 -1.271919263535610869e-02
1.210084801173841015e+03 2.185716529540572992e+02 1.035105129125179629e-01 -4.226363331352332720e-02
8.024542375266328236e+02 8.944683457805977014e+02 -7.903456748290455317e-03 1.180635960020364381e-05
9.689957579759211512e+02 8.250227960401550718e+02 4.393237458257902468e-03 2.074941256527007907e-02
3.055586177511814867e+02 1.039175361256134920e+03 -1.949451126627402830e-01 -4.357779767382934932e-01
1.928712306616131684e+02 5.048473843004471746e+02 -8.963855493987867495e-04 -2.535513764462056247e-03
8.018967930004743039e+02 8.872785673043480301e+02 7.323256928758733542e-04 7.813304872128005313e-03
1.192013584977410574e+03 2.106926042640604635e+02 3.442482968354158845e-02 -1.602589884907112613e-02
8.103927799341422542e+02 4.035927208477023100e+02 -1.066049061766156415e-02 -2.742797561689140889e-03
1.266013450235407163e+03 2.038055515886847502e+02 -6.654811854201794481e-05 4.756913245746646757e-03
7.695811847900256453e+02 3.835313772458425206e+02 -4.013691147768908875e-03 -7.724895954677637143e-03
8.738867884871730212e+02 8.762065264781625729e+02 4.507713862396861559e-01 -2.346103572937879300e-01
1.079498682335869489e+03 3.192751028936818898e+02 1.863466291539734310e-01 2.668742081005968103e-01
1.141137139595867211e+03 3.962886930106059253e+02 1.170175202482643673e-01 4.678599777330807452e-01
1.196565262348279930e+03 1.843226729075766457e+02 6.204193399548560243e-03 -2.603203856126656834e-02
9.083121919824810675e+02 8.671071797222775785e+02 2.230190902818544596e-01 -4.290176697081350687e-02
1.182516582006958970e+03 2.137420215189181931e+02 1.941302216767434169e-02 -2.857122205294798222e-03
1.748362685978086688e+02 5.361330929376521226e+02 -3.857898925116922118e-01 -9.573246410469428425e-02
1.104733796733508825e+03 3.043098560458272459e+02 1.575575393038605443e-01 1.269853022027180034e-01
1.036487852523933725e+03 8.571554969276314750e+02 -1.947644137648113884e-04 -1.833238699445885597e-03
1.141690544378049935e+03 2.101795346847557369e+02 1.719527163538376799e-02 2.775027147741314718e-02
1.147109372716680582e+03 2.511505951244361086e+02 -3.301126052288099778e-03 1.806973613874458817e-02
2.766631260970995640e+02 5.238635091909320636e+02 -1.889126749507219136e-02 3.566943244015761960e-02
6.338239038633528253e+02 4.405796671579083750e+02 -3.259716572019402125e-01 9.946884097015391835e-02
6.399120329412126011e+02 4.597394347989553580e+02 -3.903211073565743816e-01 3.661463077713643655e-01
1.071626144878458035e+03 2.233850156518820711e+02 3.332023724358733514e-03 -1.356365876120543086e-03
1.049695680703751350e+03 2.304736786376517728e+02 4.957270429660486089e-02 6.880583880320664814e-02
5.595783173355256395e+02 4.122376621213360863e+02 6.476721747199773796e-04 2.282440717538471078e-03
2.371650276182574828e+02 6.921654895695481855e+02 -4.847531672441201395e-02 1.011530857902568081e-01
1.135674077582822520e+03 1.441877307582400363e+02 -1.945980719460974452e-03 2.414187801880506370e-03
1.203563339967815182e+03 4.162992393036474823e+02 7.193290844153386876e-02 3.204026643215359682e-01
2.642903956691326925e+02 6.460462307407559592e+02 -2.050302095730249449e-02 7.165977940949143365e-02
2.172003472261988293e+02 7.160228242876729610e+02 -2.469843024670520526e-02 1.510381093452708434e-01
9.148043660312907832e+02 8.693030819282818129e+02 2.283776192821503626e-01 -5.153631900673032173e-02
6.625822788229903608e+02 4.078939585564781396e+02 -5.335178590572988711e-01 1.607272129775371428e-01
3.319990771406747285e+02 5.376795438125260489e+02 -2.995309959032402963e-02 -1.012771557153576731e-02
6.745937318196863544e+02 4.003190847773677206e+02 -3.662270141205377638e-01 1.925902525499707529e-01
1.121804160070059424e+03 1.602277271528339497e+02 1.509953593113996240e-01 -1.608944403086491337e-01
8.529972943282823508e+02 8.466802036254747463e+02 -1.576957898581634113e-02 1.347769401873770943e-02
5.111802612411420910e+02 4.390848907527247889e+02 4.809016076907514478e-04 -2.853231515612466261e-03
9.942508785948865579e+02 8.751100604984678739e+02 5.574741881571074198e-02 -1.297384081027361767e-02
1.760080141783053591e+02 5.269947529969779225e+02 -3.740777888708998189e-01 -8.784251960178107721e-02
1.042595393642340014e+03 1.595070156199276141e+02 -3.394278266957533874e-01 -1.573907491304828710e-01
2.575652454593525817e+02 3.616565651812033479e+02 4.824983653674812939e-02 1.618479793493871610e-01
4.804439946539598054e+02 4.690041664989292940e+02 1.283908117734753294e-02 -1.263713433124196046e-02
2.814145284943834895e+02 5.756355558643721224e+02 -4.035731223355003283e-02 8.194383615257873343e-02
8.002274435354875095e+02 9.071623739203624837e+02 3.814514252512483106e-01 -1.014477277080193668e-01
7.158978302192309684e+01 3.165654803477603991e+02 2.511567186290324018e-03 4.837990416159426601e-04
8.066937519102126544e+02 9.399321143755413459e+02 -1.659981175778779683e-02 -5.511786439784724552e-03
5.920920879604886977e+02 4.887858440260575890e+02 -3.159432015489013201e-01 2.192664520846195342e-01
1.170144721487247125e+03 3.951719983393182360e+02 3.760562020688261453e-02 2.763659283433970715e-01
2.588198689110066084e+02 7.021410227985600159e+02 -5.094193607302970050e-02 1.308687888984699788e-01
2.718175024685939434e+02 7.861889331275934865e+02 1.336647812216064934e-01 4.419665136006367678e-01
7.633220466475639796e+02 9.624243292494137449e+02 -2.500987525990024194e-03 3.374424620125126163e-03
2.666968069641565080e+02 4.536153981512684936e+02 -6.446763388501298986e-02 -8.817777387024770819e-02
5.365988595600272220e+02 4.145781008310840434e+02 -7.287344637330930288e-04 -2.204683974468372130e-03
5.208775982694511413e+02 4.411412966481013882e+02 -2.660964269596049082e-03 -7.630308443578029051e-03
3.259655976199650809e+02 5.356709022714999264e+02 2.841368664207655822e-03 6.163035125291346610e-03
2.600077017968404789e+02 4.905940403644577827e+02 -1.014136063254497504e-02 2.814437388067605461e-01
2.335671711487747473e+02 6.306307790032798266e+02 -8.508688277046815018e-02 1.748626575865660782e-01
1.105659120895379374e+03 3.954165716587256156e+02 1.212551295701238263e-01 2.907841560648431467e-01
1.174449153184847773e+03 3.867279479149888175e+02 8.236064000052330247e-02 3.310371564245884746e-01
2.517519041439180967e+02 3.642048693996152906e+02 4.395550358717960349e-02 1.709062781564607836e-01
1.058443910574215579e+03 1.978092165447909565e+02 4.332109257051577206e-02 -9.122777772496548643e-02
1.204202142990539869e+03 2.032386577057876877e+02 -1.707228505526500045e-02 -3.828107648140226943e-02
1.092028095357699840e+03 2.964439374144395742e+02 1.271185800236784569e-01 1.545711870528926335e-01
1.149148218827368510e+03 1.630698473549502978e+02 -6.620587958558203645e-02 6.655225609137005449e-03
1.123567668360887865e+03 2.145627597835467384e+02 -8.811803692478321426e-04 6.898626703014988822e-03
6.409431423676413715e+02 4.429178956480370175e+02 3.238607201851191331e-01 -1.579328744267300966e-01
2.679727360432340220e+02 4.998482719989763154e+02 1.224497577448645791e-01 -7.262555321192405711e-02
2.748812667908280218e+02 4.108371535413595552e+02 3.217436758933276547e-02 1.022790544976574234e-01
1.514189004316350236e+02 4.547798329975543083e+02 -1.555500322186248083e-04 1.749024538539045021e-03
8.207303866542397941e+01 3.247028351206852221e+02 -1.394638614404144442e-03 -1.821779714217339891e-02
2.840015026023850169e+02 5.944791665695196343e+02 -2.309998706400811369e-02 4.449892470418463294e-03
1.140945653389694144e+03 2.183464248637036462e+02 2.622458851889931941e-02 9.073902057913514271e-03
1.029134271404057245e+03 1.970212807418073737e+02 3.154903319799103045e-02 4.835390461501572201e-02
2.458562565040697621e+02 6.927946556820605792e+02 -3.381403893312401321e-02 1.102310299232952956e-01
9.741696189596819977e+02 8.689524732906590998e+02 3.554453032621148756e-01 -4.146638769169939259e-02
1.442659561664116268e+02 3.936461473597889267e+02 1.128332768302899719e-02 1.044782054188740650e-02
1.246188214477146857e+03 2.881583845083321194e+02 -1.077151581220692038e-02 9.772408476045697442e-03
3.147597810313813511e+02 1.025330879802209438e+03 -1.802538018148194532e-01 -3.442778918631664853e-01
1.122067573601337017e+03 1.851755121235002264e+02 3.052279347947759597e-02 -8.762545648912939411e-02
3.107332570473287205e+02 5.067872458133888358e+02 4.002382439476281223e-02 2.452375194626416344e-01
5.412223309448102100e+02 4.235301974461372083e+02 -1.003677476113366308e-03 -1.801768382425295717e-02
1.128810751534479550e+03 2.215708737446363443e+02 1.285591186313756080e-03 -5.660004221375280684e-03
1.116689787252892302e+03 3.821580828801896814e+02 7.415493619923341391e-03 3.341531093884038406e-02
9.971320721219707366e+02 2.472693201901076918e+02 -8.624389023689128667e-04 -2.365804445177407522e-03
8.507149596601914254e+02 9.316551597230179595e+02 -1.998720804126020599e-04 1.343078837355125496e-03
1.180609516981701972e+03 4.026734001982665063e+02 6.051245773657755456e-02 3.460739286753006239e-01
6.715670976607275406e+02 4.964888077369079724e+02 1.336857446622814576e-02 4.718694878675876864e-02
2.431550279456778298e+02 7.809893610547445633e+02 1.266996415573117540e-01 3.123840520813160881e-01
1.209427741166750366e+03 3.412400706773721026e+02 -3.455864004007086487e-02 6.548173402669669324e-03
8.911652721281209324e+02 9.328478283417272223e+02 -6.882031378003519370e-04 -1.353723254349479014e-04
2.734709134500756136e+02 5.525276548112497039e+02 -1.810305611566419282e-02 7.880199342416362163e-02
2.864267575908519348e+02 7.414638483502200188e+02 5.172841446444736979e-02 -1.058244053850256328e-01
2.458707225968934438e+02 4.003270014316962602e+02 -6.812104622071581128e-02 -2.874853336910097035e-01
6.251741703750439001e+02 4.036963340199547474e+02 -2.458381997269639963e-01 7.019124184566828684e-02
1.234000418239092369e+03 3.176606922220620390e+02 3.063723908508334537e-01 1.572010361240229748e-01
1.281221755421726584e+03 3.042708130977588894e+02 -6.055627724592142769e-02 4.385580855222990376e-02
2.374859939646450471e+02 6.301949803562845318e+02 -5.895957180344830323e-02 1.312953937600752352e-01
2.135613014475992202e+02 6.280641668087984044e+02 -1.013384767739801823e-01 3.743968007592891611e-01
6.229779675968261472e+02 3.793722972333670782e+02 4.965492280359627177e-03 -7.412747082252515475e-04
2.563426734137646577e+02 6.949902172392022521e+02 -1.032537674573340558e-01 1.702445357605783249e-01
5.965056500385672962e+02 4.727534671790474476e+02 -2.428963294114127314e-01 3.470861707403214980e-01
2.570442354890022898e+02 4.980649132048777119e+02 -1.225674400374562444e-03 2.287399203102142165e-03
2.052947443190786885e+02 6.509308532830046943e+02 -2.080353131987103810e-01 3.751448663878552692e-01
1.060724012632851554e+03 1.592091173559799131e+02 7.541931844985307184e-04 9.327604072367285531e-03
1.014479465535570853e+03 2.481088849801743379e+02 2.004476962020470404e-02 -8.420768934811495923e-03
5.961104098109161669e+02 4.166923195933596276e+02 9.252038197508560477e-03 -7.894977764170328649e-03
8.154516107281957602e+02 3.615751583969059766e+02 8.674486679550195978e-03 -1.647406074149422583e-02
5.481837457121959005e+02 4.246276342935900630e+02 -2.130612485046811527e-02 1.292968644023484610e-02
8.575447770973785282e+02 1.101671033754820883e+03 -1.015477182705797196e-03 -8.675582995499215872e-04
9.305623655200065514e+02 8.359507860223671969e+02 -1.142397664019575510e-03 1.765556438196726294e-04
1.152988833068297026e+03 2.169866982784333516e+02 5.006679226831278577e-03 -1.381344291878855435e-01
2.439678578593556892e+02 3.436295771848105005e+02 1.766652818886966722e-02 1.560714952426784652e-01
6.118779819512667473e+02 4.105917595869764796e+02 -2.018458201452613156e-03 8.064145554835750254e-03
1.795416351896247136e+02 6.557549382879921041e+02 -1.845684792973081578e-01 4.560552456538424226e-01
2.943973446698617522e+02 3.329382176530008337e+02 -3.593374855057027140e-01 -1.262243431088483359e+00
2.166428443884554724e+02 7.302170739902696823e+02 3.068929455045436155e-02 2.247972154441717219e-01
2.765447563621976315e+02 4.004733842892582629e+02 2.387497721486505492e-02 8.509980733549075971e-02
1.129616329178088563e+03 3.118988731946340067e+02 1.078948348634450743e-01 2.388474111483504247e-01
1.073989501805640430e+03 2.588362428812632174e+02 2.568220367086426759e-01 1.909311610194053821e-01
2.629532037477726476e+02 6.308024967232236122e+02 -2.235287615842491971e-02 6.087317156820432756e-02
2.530268268016011461e+02 3.524519373592463012e+02 4.172775436298321178e-02 1.610385774996473673e-01
1.149386698313287980e+03 1.904684451895320478e+02 -1.215688312630044260e-02 4.111456591681051514e-02
1.158498313940485787e+03 2.555498141050495917e+02 1.690763979077514190e-02 5.468745700760069446e-03
1.019748084396988929e+03 8.064167615295795031e+02 1.089203190358625610e-02 -1.113735451944158211e-02
2.782538953030477273e+02 5.677816568425481591e+02 1.371942588695791243e-03 1.194704063239932640e-02
2.558297899897027605e+02 3.422764298503928444e+02 3.758184004240520265e-02 1.539556252020931881e-01
2.324224603437770327e+02 3.348708093451096488e+02 -6.664554642128393824e-02 -2.625221446515422219e-01
2.587197513869317049e+02 6.704495485022531511e+02 -2.483952771829609982e-02 8.286724736795818280e-02
2.295860681011103281e+02 7.402698638333293957e+02 4.914119789045860720e-02 2.190185392675387255e-01
3.090189571313761121e+02 5.508178072407409900e+02 -7.095425000853078715e-04 -2.029894112378414269e-03
2.109320398775824401e+02 6.136313134926067505e+02 -1.951447637852503358e-01 3.293536402938125329e-01
1.040282530281213667e+03 1.890391659610547208e+02 7.112276392078709097e-02 -2.352978774898375480e-01
2.212200119629106041e+02 7.288378460192247985e+02 1.771291654119161452e-02 2.060102633466784072e-01
2.530874700973049016e+02 8.014617312275779568e+02 1.479573434879916938e-01 3.859001635886668558e-01
4.667350382436993073e+02 4.587848324110417479e+02 -7.224706820521208279e-03 1.938653979271131797e-02
2.766778512103708749e+02 4.747268767267328826e+02 -4.216892414966549874e-02 -4.740009019977742960e-02
1.236049860035643633e+03 1.325553361628434175e+02 -6.522927762448895014e-04 -2.835363232530976538e-02
2.516542217895928104e+02 4.236395715834140105e+02 -9.332038584411021798e-02 -2.121831315603912027e-01
2.615866820174698546e+02 3.366123902775649412e+02 5.069455211690527402e-02 1.570075906333345817e-01
5.085048489306335568e+02 5.066264039754970554e+02 3.016752182996260655e-03 2.045444507421007550e-03
2.866886035897518923e+02 6.085914405979413004e+02 4.008954145433563099e-03 1.751705501819607325e-02
2.302075302594390109e+02 7.937029392013570259e+02 1.739515711832131939e-01 4.077432411937785828e-01
5.053419058119815190e+02 4.897652959080510300e+02 4.264103439721669657e-03 2.572096993235233487e-03
2.720020658755913701e+02 4.867191126531795362e+02 -5.341823705503830066e-02 -1.165350961689297707e-02
2.736183424940760460e+02 3.940339400789640649e+02 5.990206915791333915e-03 1.806505294048000310e-01
2.384351144056427074e+02 3.686430701996416133e+02 -7.149568657849295072e-02 -2.955457707103771314e-01
2.509178140191769160e+02 4.111662793242317662e+02 -7.827795889889387071e-02 -2.656449371385088964e-01
1.048492599032667613e+03 1.768756261840993318e+02 5.319996966305228121e-03 -8.252074132380105009e-03
2.549124874328562953e+02 5.475613296701717445e+02 -8.209364867576399161e-02 1.756208052474824699e-01
7.841080991210363891e+02 4.032358678697669347e+02 1.987341405167918854e-03 -2.026667844017486508e-02
1.018175270725831410e+03 2.255257482707453391e+02 1.079150048109633470e-01 2.535711175163334885e-01
1.217464429908206967e+03 2.236767048764442336e+02 -1.862088680602055207e-02 8.688812417694232251e-03
1.069006327974658006e+03 2.475135096872921849e+02 2.828134214356476939e-01 8.154907221507212700e-02
5.439188764776436074e+02 4.104743001850002884e+02 -2.085198008296966759e-03 -3.993757555303550227e-02
1.017331915931273102e+03 2.746596211044699203e+02 9.122949856791504053e-03 -2.496278067383173038e-04
2.663275606595690306e+02 3.574361137362268437e+02 3.412960975552071369e-02 1.678340734397836265e-01
1.093284381581680918e+03 2.091454441006737852e+02 -8.672369993962660093e-04 -1.642162267682189744e-02
2.099048485621934219e+02 7.493001498564192389e+02 6.303603713000695274e-02 3.578288289724655957e-01
2.600686038969827791e+02 6.142140549707752371e+02 -3.709526945133370668e-02 7.724414182045016841e-02
2.654300054007959488e+02 4.297715735096024900e+02 -1.734726492218563801e-02 7.802541164140183727e-02
1.145915187776280391e+03 2.318016814674370778e+02 1.153654012001641268e-03 6.487264624153979333e-04
1.196061089236676480e+03 2.599687237111522222e+02 -5.822283082805838200e-02 7.670879652959829154e-02
1.268760971379080502e+03 2.912563758656638697e+02 1.744817611804569749e-02 -1.263272204002503611e-02
6.153027315545706415e+02 4.734220370469287786e+02 -3.213245323100222262e-01 1.612916326030070235e-01
3.070201004872847079e+02 5.542101910222276047e+02 -1.304307954689472217e-03 -2.107119183130301901e-03
5.469810135361752828e+02 4.094709899063969942e+02 1.168312667228445581e-02 -1.814482499736582918e-02
1.019907583709250616e+03 8.658711447555207315e+02 5.950811666901127932e-04 1.888191981962417359e-04
2.517777424938205399e+02 3.297198915529280043e+02 4.985892156592783286e-02 1.561821115738147858e-01
1.105263105250446870e+03 3.141562932922162190e+02 1.098599478036928756e-01 5.065157513479024987e-01
2.890301627736716910e+02 5.633086530484898731e+02 -1.664496222190899738e-02 3.592854817973620968e-02
2.392677925034134887e+02 3.313678487042277538e+02 3.944581856454546648e-02 1.606156570618845758e-01
4.635490965024170578e+02 3.926018785021927329e+02 1.999834652145515462e-04 -1.053276298989658244e-03
8.832462253547755608e+02 8.886686771212565645e+02 4.953113845406109661e-01 -1.689334981111768330e-01
2.975029081230819656e+02 5.448748323047010444e+02 5.844950409362529783e-03 3.227309702689432763e-02
1.275935107495223974e+03 3.041621236239174664e+02 -1.575773898082951524e-04 1.958531556350534119e-03
2.613408675174382552e+02 5.342933937125886814e+02 -7.715395517217336907e-02 1.789804462688988074e-01
2.742764758827294713e+02 5.388541099893295723e+02 -1.202836149752637696e-01 1.244990153523288096e-01
1.016773342943704506e+03 1.638429538439386874e+02 1.368902384805245143e-03 -2.833255143682543095e-02
1.149102997945490870e+03 1.415579203409009779e+02 1.322091247928454220e-02 -1.797852854689251795e-02
2.073804996666281681e+02 6.104027125710169912e+02 5.107304663382175591e-03 4.565284822962099587e-01
7.532566514542485265e+02 8.451471300203276087e+02 3.092262487891077609e-04 5.817432232912449945e-04
9.773081346569161951e+02 8.453833707866426721e+02 -6.775396720001373128e-03 -2.248365124824156652e-03
2.714164612950390847e+02 9.465606976427358177e+02 -2.367356534241722432e-01 -6.285670094514150819e-01
9.614438975664644431e+02 8.690873848195536766e+02 3.924690448178760338e-01 5.567010451149356082e-02
2.446231885118619687e+02 3.266802392168899019e+02 4.861105907209413435e-02 1.585637882312204150e-01
6.189613938885734115e+02 4.806472132123028587e+02 -3.295078167830891580e-01 2.367385567225451515e-01
1.130386844063635635e+03 1.919314484549400674e+02 -7.436057453623386507e-03 3.071384200880335896e-02
2.285010782024502589e+02 6.552371617500058392e+02 1.055026741984716430e-02 1.616566953112774929e-01
5.770871754446345676e+02 4.971158154983342570e+02 -5.584267560920787021e-01 2.472792048658092323e-01
1.040001383239841516e+03 1.659118644241198695e+02 -4.435367354328335725e-03 -5.492493424631646019e-03
2.984995384954200404e+02 4.292527519428746814e+02 3.875156080026738534e-03 -4.143527275130955145e-02
2.719882478419853555e+02 3.724557151041134375e+02 4.087990401926797773e-02 1.542068861734214313e-01
1.143999135468328404e+03 4.057843840373062676e+02 1.410652514232537125e-01 4.914188438478295229e-01
1.155744254063658218e+03 1.459405561887048464e+02 1.439743735365013946e-02 -1.268972538955714588e-02
2.945661933274575404e+02 6.660029258104257224e+02 -1.755131223059478579e-02 8.993717002194651089e-02
8.567988243286220040e+02 8.939449553896264433e+02 4.586846093838556349e-01 -1.397240990919364212e-01
1.933514441441552378e+02 5.168403583475123924e+02 1.342231799691175342e-01 1.550568984885773161e-01
3.196532592623369169e+02 5.277241273720226218e+02 -2.151170189576458516e-02 -2.379899689908755375e-02
1.086653328172372539e+03 3.391837117032596325e+02 -6.683651153464482964e-03 6.229541656491878465e-02
1.165935775492573839e+03 3.272395021476198735e+02 5.562951410899703159e-03 1.876918315939767323e-01
2.582841039906967353e+02 3.795434416855601967e+02 3.754433393389419726e-02 1.591812555058703671e-01
2.982158981274749294e+02 5.637398953405272550e+02 2.925577209220472236e-02 -7.550310044901533194e-03
2.735947213905449757e+02 4.635847903695657806e+02 -5.678539734657925275e-02 -7.092694101031116194e-02
1.067347055755681595e+03 2.657993549206067314e+02 2.479382624479368746e-01 1.975457574106326830e-01
1.118097981120570694e+03 3.121318062053369999e+02 2.183919020402853572e-01 1.813257229356761147e-01
1.169954688432674175e+03 1.739074969341262147e+02 -6.198118683301791221e-02 1.159656029553010892e-01
3.087748508808836618e+02 4.594236399419041845e+02 -2.634906593954437510e-03 -1.606544885107993685e-04
2.800921018592428027e+02 4.714176742942472629e+02 -4.664716041178854772e-02 -7.390247160707258400e-02
2.983929485297667838e+02 5.966870131725835336e+02 1.410414998471117877e-02 5.885798595066730511e-03
2.189373985194454519e+02 7.583001063107655000e+02 1.649619863714981427e-01 3.407803287306226392e-01
2.783908420778489585e+02 4.946172630720620305e+02 -7.449906769919055656e-03 6.410670188283419495e-03
2.142539256707486857e+02 7.362399349381821594e+02 2.193408071073774113e-02 2.147235917345250433e-01
1.123396588776796762e+03 2.056489165475394714e+02 6.089515604015663386e-02 -4.516847788190654633e-02
1.117761205562931536e+03 2.400798897163871288e+02 -1.641349899312057742e-02 -2.834109064676536283e-02
1.167247518287035518e+03 1.501700735938072739e+02 1.708302320486098464e-03 -6.836880069613471278e-03
5.858649044671219599e+02 3.899426267373085579e+02 -6.636083998114147842e-02 7.892051586630300514e-03
1.138870815099058973e+03 3.227662302497106452e+02 1.652627914509837148e-01 2.309492588683367820e-01
2.473736635552868961e+02 3.194215208396219623e+02 4.693509357029303913e-02 1.729277100220616981e-01
1.159924704695482205e+03 3.057079276552103124e+02 2.141068604035281930e-01 1.793431653002688919e-01
1.167287648243609283e+03 2.095797090248154575e+02 -6.558485947062754791e-03 3.270055890445825592e-02
1.165856124351800418e+03 2.324734816728351916e+02 -1.352891552192157266e-02 1.088098487813222125e-02
2.620389508626182646e+02 3.999386858349055274e+02 5.397025145431022519e-02 1.324571924234699549e-01
3.135450857425673235e+02 4.713887254139352763e+02 -9.195882607422512303e-03 -1.093684700685800979e-03
1.196027278559635988e+03 3.377108705666866513e+02 -3.122568889196345940e-03 7.679891223229430575e-02
2.384489869068358985e+02 6.541886056559432063e+02 -2.099119191152196053e-03 1.130855039042568122e-01
2.883029166425156404e+02 6.322414013642925283e+02 -1.049702127488897144e-02 3.904209983576862469e-02
2.801966004154846246e+02 4.785479684755435983e+02 -6.315116699900304165e-02 -6.486173406222400795e-02
1.691908448567180301e+02 5.388004659552489102e+02 -4.523205390550664728e-01 -1.197796395561157023e-01
2.424862376604199881e+02 3.734638150175532587e+02 -7.949527595934625934e-02 -3.229281573117359083e-01
1.149169251878355681e+03 4.456993455514421498e+02 2.178295493314532094e-01 5.325819856192108848e-01
8.535476962150605118e+01 3.508888665388377035e+02 -6.194686882964777278e-03 -4.959360756577615992e-03
2.524284093178670503e+02 4.892140773359070636e+02 -2.386918716833613761e-03 -8.573677448699563650e-03
1.117789036048186745e+03 2.127903329951669775e+02 6.783929749749269267e-02 -7.488984326780896705e-02
8.011870773240165136e+02 9.143813773654153465e+02 4.047686323413738352e-01 -9.006127161835210393e-02
2.678267649488382744e+02 3.695639322145584060e+02 5.372610404602577716e-02 1.746628503359944351e-01
1.870389363697472334e+02 5.159128088812184387e+02 1.336540363486041216e-01 1.187155143944343960e-01
2.125693185493528006e+02 5.780011213618309966e+02 -3.261747093436552225e-01 3.246654429802935948e-01
1.120706280421963129e+03 3.270536947491763726e+02 2.620310469911975026e-01 2.275608557579582025e-01
1.183305699016381823e+03 3.327277903496312206e+02 -2.203108928991281967e-01 1.576509369650496706e-01
8.338551330420294789e+02 9.058584456658163617e+02 4.448395144365207554e-01 -1.390949836958068064e-01
2.733520433071324760e+02 5.970000678411681747e+02 -5.509377152873635303e-02 6.126425945670027975e-03
1.098765565238587214e+03 1.669227061791756626e+02 -6.185631362534490738e-03 3.422715247682256434e-02
1.106375024846532142e+03 1.770217078055437696e+02 -1.916443872941911561e-03 5.401878437576519004e-02
3.178183183489009025e+02 1.043852507809073359e+03 -1.703981081174899825e-01 -4.027706031425389299e-01
2.603169663133865583e+02 5.164115583155181639e+02 -2.972445538118453356e-01 4.283872430483140654e-03
1.087515224414585873e+03 3.658532474537974508e+02 2.310957781776616371e-01 3.802284140194454043e-01
3.713134698069834485e+02 9.759068434624957717e+02 1.452066651120613970e-02 1.019590663311810835e-01
2.350478763217461733e+02 3.106458078278681114e+02 2.356928942983481726e-02 1.356464510951364000e-01
2.144597056955723531e+02 5.666460772350962998e+02 -2.341352729818012846e-01 2.460299671365770435e-01
3.216019225276114071e+02 5.174769504201472046e+02 7.056093689301563832e-02 2.264120076865827336e-01
1.016122116599229003e+03 1.766591992968039335e+02 -5.335759941057502571e-03 -1.796354042802691031e-04
2.416367729996450180e+02 8.060760011988852511e+02 1.202843334199008296e-01 3.495408879566594407e-01
1.026842713032501479e+03 1.598528624274934771e+02 1.464707326179918653e-02 -1.014692822179250227e-02
1.162684681940775590e+03 3.009809271143906244e+02 2.799188029215282647e-01 2.416833999407832223e-01
1.307392040347387137e+03 3.277047886057081882e+02 3.625642825720886142e-01 -2.045620896700427616e-03
2.628545184809576654e+02 8.173155455077233000e+02 1.406917889237790098e-01 4.522249944480241646e-01
9.971664572436617391e+02 8.238082187471181896e+02 -2.863836193620328957e-02 -4.811384079293884973e-03
2.084549253777364584e+02 5.912737004416516129e+02 -2.634587168492225073e-01 3.871002225322905943e-01
1.166786097705644579e+03 4.328488127321136290e+02 2.178361959329097319e-01 4.648847874172981065e-01
2.497302404345525702e+02 6.832488921724432203e+02 -2.411098526764584443e-02 9.788510375384104623e-02
1.134087364313090575e+03 2.798486345174879943e+02 2.263907957876361565e-01 2.260825912947254379e-01
1.219427409441063901e+03 4.881241121061498234e+02 3.491180940389758680e-01 5.322093131736321814e-01
7.927074559811142080e+02 3.937494462792659533e+02 -1.528988438598398707e-03 -5.643943808460861848e-04
1.203181108845691142e+03 4.027824584819779830e+02 -1.833527586009355698e-02 2.320877688290550189e-01
1.124525244261062426e+03 3.810869614882273027e+02 2.170634955280768275e-01 3.984528725772739643e-01
1.130503545988864971e+03 2.130508957184757435e+02 -1.868377154046851939e-03 5.679578618766511350e-03
1.826652020423674401e+02 5.190880378708657190e+02 -3.214151135412381954e-01 -3.139399573774651064e-02
7.948475307028587622e+02 3.816536833021532402e+02 -3.361872137874667103e-03 5.033519140745216017e-03
1.124458899095284096e+03 2.365634904853276055e+02 1.140567769784235630e-02 -4.177639913591502802e-02
1.174770921543317172e+03 4.534979539103119919e+02 3.723545611841009295e-01 5.189503907394308335e-01
2.896833729913934121e+02 9.953474588837605097e+02 -1.655803575892902391e-01 -5.153489983851461398e-01
1.089923169974827033e+03 1.817771380995377513e+02 -4.599128035808219134e-02 -8.676703706385631432e-03
1.004626644789590159e+03 2.126828108527885490e+02 1.434331734646429046e-01 2.760336166905637545e-01
1.162254144225310938e+03 2.086883175461488520e+02 2.068783529483709388e-02 4.899905865494303368e-03
1.182887794383818573e+03 3.903423352298706277e+02 3.092428353240375336e-02 3.534660120283031892e-01
1.149734602936202464e+03 3.955981602897466587e+02 1.084418349913372215e-01 2.873004067409571372e-01
2.534243328630319922e+02 3.148430375813818500e+02 2.524036900278744597e-02 2.123137984565802161e-01
5.605668744023204226e+02 4.933615921293388737e+02 -2.437891330249365440e-01 -3.825467330220772531e-03
2.703666586993122678e+02 6.486143919777526889e+02 -4.300780253830207428e-02 6.973698351170003196e-02
1.026116275630546852e+03 2.252394539048180491e+02 1.469008929323430135e-01 2.812862372725299376e-01
1.169720733550542718e+03 2.029481379200587128e+02 7.253942252438520810e-02 1.063556565421267808e-01
8.577277816967484796e+02 8.758516642031419224e+02 3.413281133111225052e-01 -1.720287055121762776e-01
3.593978236778296491e+02 1.043195808153925100e+03 -3.030760106255951936e-01 -4.699789187072838104e-01
2.970493071770127358e+02 4.585789164490815324e+02 5.858420527401014821e-02 1.101387183120617064e-01
1.059937772478836223e+03 1.927606060237560541e+02 7.224246648552207738e-03 -7.961338228764167427e-03
1.127282602186373879e+03 3.580868282106663969e+02 1.514540271828239693e-01 2.896858686312677178e-01
2.710134032870744250e+02 3.966601898013756227e+02 2.058279999835459576e-02 1.077494713786480568e-01
2.464099568923226684e+02 8.047591578106278121e+02 1.523372201840676454e-01 3.848390178959427144e-01
2.501852344981944896e+02 7.212352614217865039e+02 -4.192148651140028756e-03 1.937288827053907370e-01
1.006084930622266143e+03 8.359494777922709545e+02 -1.124236953594931129e-02 6.913500261739140285e-03
3.244292726736766781e+02 4.786747213307100992e+02 2.426487389989335011e-02 -1.356936171270497170e-02
3.604051202465723804e+02 1.031761207209505301e+03 -4.706671763730780889e-01 -4.781527129284542932e-01
1.151868581477023099e+03 1.957921098697139257e+02 6.250556110682403688e-02 -1.512589443304766523e-01
2.196036739441040595e+02 6.302081632093641019e+02 -1.307008410862876835e-01 3.542683462589913401e-01
1.171520807875201172e+03 2.470398095276660797e+02 -1.905153515368997023e-04 -5.596143698863222972e-03
2.700275636486497888e+02 7.062648397053690132e+02 -1.079996120544289701e-01 1.217483204303337063e-01
1.093033445163713623e+03 2.440413444158558320e+02 -2.209317175272802400e-02 6.410585834154886031e-02
1.142312213219329124e+03 2.636126697134687902e+02 3.282342315175117067e-03 1.677786161221347244e-02
3.385421895791698148e+02 1.005190582748278985e+03 -2.138069772845224426e-01 -5.185645222866849258e-01
1.169177831951151347e+03 3.156742747645893701e+02 2.358669670670971441e-01 4.237474492314890484e-01
1.184533735787900696e+03 4.296102867723798227e+02 2.143995716836289422e-01 3.155301250360914023e-01
9.718581600593302028e+02 8.300937257079579012e+02 -1.641549723063185891e-03 -1.055457153865567736e-03
3.652725025621886630e+02 1.042242308534046742e+03 -2.996950952898718157e-01 -4.652240521618116187e-01
2.231725103971262172e+02 7.723666778445154932e+02 1.143271372335600139e-01 3.876001663007100917e-01
1.149029477450818149e+03 2.082725434159248152e+02 9.778525543897378242e-03 1.023036051545554888e-02
1.277477025565011104e+02 4.326705258040267950e+02 2.454991027426116634e-01 3.755958492168991469e-01
5.559719558872698144e+02 4.548088456200098904e+02 -9.103078172030775600e-03 4.507391705961182223e-03
2.399526841620573236e+02 5.220003387176540173e+02 8.865904648066679286e-03 -2.074342034271323045e-03
1.188141699337242699e+03 1.832603369699908171e+02 -9.744563341110724225e-03 2.048540605529008962e-02
1.325232424543622756e+03 3.294837802018349180e+02 3.042492114768787781e-01 5.646256990097875753e-03
2.797473345326882850e+02 6.243047008877521193e+02 6.029717823096099501e-03 2.023667596407305314e-02
6.454654186861100698e+02 4.257642892814922106e+02 -3.090155440141802989e-01 2.217426604765353193e-01
2.407539757434211936e+02 8.302018437337142132e+02 1.844853361728471808e-01 4.615024626008863984e-01
2.886858120892387660e+02 4.601960886272585185e+02 5.370135762926579043e-02 1.309170588357222997e-01
2.726209693555206854e+02 5.203272143193084958e+02 -1.439209457037415353e-02 3.143605149059319759e-02
1.012139473009138101e+03 2.600221951235857318e+02 -2.494351796441705155e-02 4.271645997264971600e-02
1.087018621108077241e+03 2.891362656562457119e+02 2.439573594544035828e-01 1.704959979080317434e-01
1.162984220507936243e+03 1.902263040736078494e+02 -6.072603906354157727e-02 1.680158511560812251e-01
2.726196879992945128e+02 4.221461216291884284e+02 4.655447160362628095e-02 1.661179018375074368e-01
2.831672353689579609e+02 4.646198489231655344e+02 -4.284923983213630855e-02 -1.640527464161520288e-01
1.156907522861626376e+03 3.973150667099092175e+02 1.024598414584587669e-01 3.415942999913444411e-01
2.544010760784176171e+02 8.730893994258674411e+02 2.440096090316839217e-01 5.720996984395420037e-01
2.795113847750972695e+02 4.493851748945970712e+02 3.737910995811836307e-02 7.101421718903393188e-02
4.957390896963430578e+02 4.729979079972372347e+02 -1.148422920570354028e-01 3.644501796245009501e-02
1.096985278006810859e+03 3.085931298251482531e+02 1.819173099337185462e-01 1.974533997402899976e-01
1.307768527333365455e+03 3.325002832784287534e+02 1.037304679511774769e-01 -1.203062992986260599e-01
2.210343640659424125e+02 6.109938024715100937e+02 -1.422525525023331239e-01 3.625276006806857354e-01
2.731153260632041224e+02 7.636657608934253858e+02 6.892947575085481282e-02 4.044252123166557911e-01
2.533526467593108293e+02 5.309353128842971046e+02 -5.717718550053856735e-02 1.749235267284967033e-01
1.023371412516868872e+03 2.782075803628079029e+02 2.155240706016265523e-02 7.633000996015022440e-04
2.756457278322903903e+02 6.763308230296654529e+02 -6.311122313099130909e-02 9.188689020404221253e-02
2.587004029108562690e+02 3.527015257498744631e+02 2.925715572641955642e-02 1.800403154123673133e-01
1.205649616237616328e+03 4.580881198010977187e+02 2.724503590241416640e-01 3.103116915770195994e-01
2.616841720401503153e+02 8.677412107794473286e+02 2.481050363043416640e-01 5.580876726863092108e-01
1.186798492564546876e+02 4.012790727582873842e+02 2.355206365598190299e-01 2.660321359101315286e-01
2.953542320855828507e+02 9.685455270453397816e+02 -1.859244481983204078e-01 -5.174049998815613005e-01
1.318412906214085751e+03 3.261275501952224545e+02 2.872866426692028963e-01 3.139423481353515594e-02
1.059356690519962967e+03 2.129494447162648498e+02 -2.066645296057425044e-02 1.651242315375414660e-02
3.086418087921276197e+02 6.030199387106489439e+02 -1.832971558593668102e-02 1.404843450030165419e-01
1.164183899792006514e+03 1.959694675727025412e+02 9.330326975234831677e-02 -3.085170875898923110e-02
1.147498816651104562e+03 3.824961172687936823e+02 3.805594483413521356e-02 3.432819121941005913e-01
1.189002075115050275e+03 3.869926507784979322e+02 -7.855272439419738739e-02 1.904135992419760948e-01
1.187891183832246270e+03 3.994230606869397775e+02 8.283666392740673609e-03 2.188108771513765927e-01
2.489239020773612197e+02 6.705231370227354546e+02 -1.674714382094174420e-02 9.022573891974443316e-02
2.919610917234936096e+02 4.850797749079058008e+02 -3.553588826972228776e-02 -9.028269820101787746e-02
5.120503334754769185e+02 4.642632812295072426e+02 -2.112651489311711053e-02 3.183249081263115482e-02
5.657882953777394732e+02 4.927373872298242645e+02 -1.935495855355143513e-01 4.390631371093250968e-02
1.048694522393526540e+03 2.150248654811389883e+02 -7.052478988489473480e-03 2.681544674174578952e-02
1.004068332613272332e+03 1.988595392526000296e+02 1.520137143888173337e-01 2.802206710554120406e-01
1.187746711989240112e+03 2.074395257316170671e+02 2.857935505002982129e-02 -1.704849839147569435e-02
8.660970452838278106e+02 8.923191044949682009e+02 4.714156627960912060e-01 -2.083340408982750080e-01
1.016116842695097375e+03 2.616817749902302239e+02 -1.311997324959034150e-03 -5.003188100388207722e-03
2.592927280937250885e+02 6.391359744856032421e+02 -2.103093393634762262e-02 7.612157549759572539e-02
5.488605056134524602e+02 4.108939858996551493e+02 1.017213883918848677e-02 6.533794732372978989e-03
3.639334216995817997e+02 1.004313464778100638e+03 -2.353516852962325434e-01 -5.496982272649818535e-01
2.601252033956979517e+02 4.181731561527048484e+02 4.947639891250783101e-02 1.744784168210705699e-01
5.221616814281384222e+02 4.248220375131848527e+02 9.622622568725650721e-03 -1.683931611366893191e-02
2.889525594059006153e+02 5.022589034928017213e+02 -7.231106891677568926e-02 -2.945810468967485773e-02
1.084183741086012560e+03 1.990031971448039769e+02 4.921365517025106349e-03 -4.259784213663305591e-02
1.140317044050174900e+03 2.452596189336230452e+02 1.522584073638364073e-02 -2.060702492871041916e-02
2.892826537226661117e+02 4.881188975505099847e+02 -4.848272740997628533e-02 -6.531789333894942595e-02
2.541873827249053477e+02 4.212822868577701456e+02 -1.221010516732507212e-01 -2.877312370134053610e-01
2.875108232504080661e+02 4.767750141880804335e+02 -6.619710736833557541e-02 -7.566343136230130328e-02
1.123978780914575509e+03 3.375182616875119948e+02 1.398237362034341347e-01 2.506602021983365680e-01
1.203996559459704258e+03 2.794399841345833693e+02 -1.068674017583046837e-02 3.113419358312669982e-03
2.796485794326735572e+02 4.207566950103769727e+02 1.957271982585683315e-02 5.344479383737982259e-02
1.172147529119704586e+03 2.855161943361528074e+02 -1.766641615174041058e-01 1.647542652361294949e-02
1.002954272394132431e+03 8.758934276787651925e+02 5.563793781778254149e-02 -1.025726245095281465e-02
1.216421194236920655e+03 2.486325236098952587e+02 -2.758946971680146035e-03 9.763580965045660573e-03
2.849368146657910756e+02 4.451620347234679116e+02 4.874177817160189191e-02 1.548834105972972941e-01
9.988159704584210203e+02 1.938683485962107795e+02 1.970630177920982828e-01 2.554435950182997739e-01
1.103741912370915088e+03 2.068040999193135576e+02 -5.012364542455088889e-02 1.569890406381614367e-01
1.267226804956357228e+03 3.931931012126023575e+02 9.906602008356912847e-03 -4.198295121865953418e-03
2.328172970288524652e+02 7.018218169649799165e+02 6.474641879801765892e-03 2.143647480981621944e-01
1.081098310418627307e+03 1.689623093635394184e+02 1.419040707558662934e-02 1.087105192861555041e-02
1.238246850400900485e+03 3.427535691819479098e+02 -1.266808066491263707e-01 1.313137454819729433e-01
1.307027517838621179e+03 3.560616181104694533e+02 -7.757768790352016774e-02 4.066102849903625860e-02
1.131090668887370896e+02 4.071304379865275109e+02 2.230941289738064826e-01 2.731194912245616946e-01
5.874576965771049117e+02 3.994559846762022630e+02 -5.144773075238617821e-02 -3.835889621411089131e-03
2.515808872419047759e+02 6.122705438751755764e+02 -5.366333735565801538e-02 8.435494918332035741e-02
3.099826706668800398e+02 5.373658899638290904e+02 -1.777230797702718636e-03 2.195491852880001107e-02
1.166475096491781187e+03 2.916992385695635335e+02 1.999102882633098099e-01 2.209736429442213934e-01
1.181334309107427998e+03 3.685040329125102403e+02 4.848425565421379119e-02 3.329360141372912363e-01
1.204424049308385293e+03 4.335007262961958645e+02 8.086733182494754146e-02 3.766917543810691105e-01
2.709534735743248461e+02 7.780758003069702227e+02 1.540385725660328997e-01 5.008451814799100843e-01
1.091954029567859607e+03 3.041883847213753143e+02 1.459263619623564767e-01 2.214745173624947938e-01
1.116019192772665747e+03 3.296455505179820307e+02 2.943927439142182689e-01 2.516720109294205421e-01
1.202009743696245550e+03 3.606316716722866431e+02 -2.861632285847478044e-02 1.678563967433094883e-01
6.447586858231685483e+02 4.440873900000976278e+02 3.054822596949861579e-01 -1.186456917692295387e-01
9.681848723706521014e+02 8.563625919495399330e+02 -5.744833679332512523e-03 3.266594524744606109e-03
1.125919371458941669e+03 1.454345008655235461e+02 2.272071867866870456e-03 -1.914840616140942031e-02
2.929096975351240530e+02 6.030272249384690895e+02 9.001317600358695048e-03 1.204943059383884428e-02
4.830750922009494275e+02 4.462069834162101074e+02 1.327478012494166630e-02 4.351553138423341210e-02
1.112179009852933177e+03 1.655277880228126435e+02 1.233449565149683236e-01 -7.631891011159111851e-03
2.338215892613237088e+02 8.173619168893826554e+02 1.780374084743570895e-01 4.769548365858565231e-01
2.320359397980730876e+02 7.830428565442479112e+02 1.781652942813098661e-01 4.379754224786344685e-01
1.257822508013441848e+03 3.548670956502657532e+02 -7.427734575676800399e-02 8.695711686902589388e-02
1.104115085435926176e+03 2.860577857095511831e+02 1.236321623640948414e-01 1.880563735834104022e-01
1.082534993242226392e+03 3.400650733964170627e+02 -1.018365875990573507e-03 6.194858985896830456e-03
1.212610824836097891e+03 2.294534376405713374e+02 2.253796364064339364e-02 -1.459443776196637024e-02
5.092974357707674926e+02 4.440502299574936274e+02 -6.619552277918390459e-03 -3.096437147350831250e-03
1.224268007285876365e+03 2.173715094023672236e+02 -4.880167722223920784e-03 -4.598792954027222657e-02
1.199137419996073049e+03 2.322804262695283342e+02 5.658274378326562382e-02 2.398540254475971939e-02
2.493583859844888764e+02 6.916727131482242612e+02 -3.051206279776655719e-02 1.121978659471512679e-01
1.178186977592438552e+03 1.801362196489992016e+02 3.368104927899703838e-02 -3.308992090110875889e-02
1.174122684822776137e+03 2.746945677446040008e+02 -2.878114762168361707e-01 -5.054927981444664459e-02
1.126788112937488677e+03 3.877874570970212176e+02 2.284441794083704735e-01 4.596980078250252899e-01
1.231194168272730849e+03 4.387322417851450496e+02 2.523080637037938834e-01 2.994474554343047878e-01
8.816736852379976881e+02 1.100486952571364782e+03 -1.165376566007827498e-03 6.690413330471966938e-04
2.346128011952335441e+02 2.969774661386642265e+02 9.319692436234205957e-03 9.916279902339511509e-02
2.097374945680339238e+02 7.377694286791513605e+02 9.807075456704125727e-02 3.789844251195546576e-01
2.686589319536348057e+02 4.016750225700052965e+02 5.892212211827289187e-02 9.460726093283472471e-02
2.516535152595651539e+02 4.191102789960070822e+02 -8.497717242548255556e-02 -2.713080035542427826e-01
2.843247576507432655e+02 4.772689131426515132e+02 -5.332730975580468602e-02 -8.907743863726970412e-02
1.132945156801438998e+03 3.135194377049123773e+02 1.456372895002494283e-01 2.556801767881397014e-01
1.143023416073481712e+03 1.904933847136414329e+02 3.002550639605954322e-02 -2.425973969633551247e-02
1.236973023469070768e+03 3.724061937668153064e+02 -2.124701797889248511e-01 4.143831566725580950e-02
2.682487532528717225e+02 7.171510734070795934e+02 -1.490708499967468015e-01 -1.177801496861271141e-01
1.089059590842053694e+03 2.054227503355782005e+02 6.116236231989276295e-02 2.484062047771120330e-01
2.305009148195664466e+02 6.090812623812328184e+02 -1.352901555661932542e-01 3.259352092723832306e-01
1.206627832446856019e+03 4.836461963243043556e+02 3.263970609310998250e-01 4.609337825057203131e-01
2.592129624615031958e+02 4.781925127156094391e+02 -1.890956607827233224e-02 3.244903808471437667e-01
4.959441190572749179e+02 4.536895617967015824e+02 3.327162760165878336e-02 4.205097196480709482e-02
1.173545166369156732e+03 1.414567666438607603e+02 5.944648085762525153e-02 5.400462733146395994e-02
1.194128167446289126e+03 1.930824724490983328e+02 -1.364997397510741770e-02 5.117956150894318462e-02
1.183651329098972383e+03 1.922451709748582118e+02 -6.534952452386134751e-03 -2.289853553181848619e-02
1.168362963912960822e+03 3.659194387509962780e+02 5.948841595640867036e-02 2.804941655185325677e-01
1.199308636284750492e+03 4.608870227574773253e+02 3.410236725010205583e-01 4.031644214920500624e-01
9.180384616553972137e+02 1.102621351334104929e+03 -2.802114632313532777e-03 7.067958301680240304e-04
3.032952808781794829e+02 4.906749222663499381e+02 4.030547045128185513e-02 1.656573240901518251e-01
1.099969187014432237e+03 2.078133065297897417e+02 -1.100261429248373078e-02 9.438437383973283246e-02
1.189705739401515075e+03 4.371959395422758234e+02 2.290202168029601415e-01 4.356395409698772814e-01
2.224052876336090776e+02 5.979780959463403178e+02 -9.963126119446530371e-02 2.573704470682692813e-01
1.136366065788729429e+03 1.783104151935367270e+02 -1.822736268144805327e-01 3.547088192665256295e-02
1.164646666792974884e+03 3.741307299429180375e+02 9.663589550985943188e-02 3.134641080675195091e-01
2.422644722103150912e+02 7.289402927899268434e+02 1.938674685596443459e-02 2.428295326047779923e-01
1.214330999996122671e+02 4.214202917687317722e+02 3.163805795724423664e-01 2.546152123562184788e-01
1.204524845142895629e+03 2.449097687485284780e+02 -2.096038944649275537e-02 1.859383654704669861e-02
1.188414333848031220e+03 4.698956603394099716e+02 2.835137156358346622e-01 4.719025909510337624e-01
5.312913471047693292e+02 2.518476551682532261e+02 2.260994799209659900e-01 1.335912982510845393e-01
1.002625890556584977e+03 1.844006362022616941e+02 -1.132979055082318151e-02 2.928419230093935038e-02
1.110606637717246485e+03 1.821259927840045805e+02 -6.462422643302936920e-02 3.038502840128284518e-02
1.177622984034073625e+03 3.877657185682024874e+02 4.264381558444336334e-02 3.943792548573379353e-01
2.653891655276516417e+02 5.442372236503526892e+02 -7.412403734633865593e-02 6.455370699959631087e-02
2.389073838154866962e+02 5.757618037427261015e+02 -1.501120259546118718e-01 2.961367179956369000e-01
1.172285993534452246e+03 4.151300113431117325e+02 1.278943353948361339e-01 3.772673345369474962e-01
2.471250854632781113e+02 5.703196078038720316e+02 -4.900288561386167974e-02 1.719394747368342136e-01
2.575606952699720296e+02 3.695102592911050579e+02 2.965837241988520875e-02 1.369846176962098705e-01
1.064541172039306502e+03 1.597114214221043937e+02 -2.015286437477064457e-02 -3.066865748237915246e-02
1.137544911565615394e+03 2.186343751899196945e+02 2.019319905810913404e-02 2.182896909868654173e-02
1.199380051403369407e+03 3.586591705747852075e+02 -2.466369153771183487e-02 2.337659942174432348e-01
3.055660600546037244e+02 5.650298404478960492e+02 -2.234617550361879881e-02 4.399226215945638979e-02
2.361709023372433478e+02 6.663742234484240043e+02 1.615225795862932495e-03 1.608832996848419128e-01
2.810374898153564800e+02 4.367344922661559963e+02 3.303302534780083732e-02 7.228201241421583489e-02
1.164864385476189000e+03 2.231686089532198878e+02 -3.069187081983828710e-02 -4.093828603359338930e-02
1.171032567583182754e+03 3.005387232623031082e+02 -2.874878756611862762e-01 7.025334951654239879e-02
1.158001884729166932e+03 3.824716410400836821e+02 6.531561736552421449e-02 2.269130752218311564e-01
9.877233589464998431e+02 1.946559354750645525e+02 1.595522024760370194e-01 1.152440306257772329e-01
1.146437790757302764e+03 2.469748821962664636e+02 9.365962868217491202e-03 5.438676622045220815e-03
1.181295965946050501e+03 2.265819626379652050e+02 -6.135957809352685088e-02 -2.675466700245802618e-02
2.467700934717308883e+02 6.529842328346287559e+02 -7.668145413667069865e-02 1.082286411626477846e-01
2.639775073248456465e+02 6.618077355525081202e+02 -6.229631166595817060e-02 1.014859986487166299e-01
1.153037772504650547e+03 3.346057457282128098e+02 1.703386667620482853e-01 3.613497379214313243e-01
3.104644056549325342e+02 6.388859971522198293e+02 -2.505616343628010601e-03 1.659027560596844711e-02
2.067232453830037286e+02 6.858862307693178764e+02 9.042144191095971562e-02 1.837382160985563950e-01
2.265164656663087612e+02 8.024880830900830233e+02 1.479093628985426456e-01 4.251116326366277121e-01
1.192588200828685558e+03 3.284507478987941340e+02 -5.715384230554797045e-03 1.229833822858626691e-01
2.544629770547206533e+02 7.089846231092169546e+02 -9.714408941020344357e-02 1.276041151317991451e-01
8.565649734261908179e+02 8.870556287864419573e+02 4.153784131435733218e-01 -1.388512935674839355e-01
2.558970090503228221e+02 4.048474081591406275e+02 2.626132920605276158e-02 1.510171571711426686e-01
1.002464444800063916e+03 1.638571628746465478e+02 5.488727656789445936e-02 -2.086165147904754102e-01
1.110135508840376815e+03 2.108820428846295272e+02 5.912523322253702973e-02 -1.559216326363558058e-01
2.661126773221504891e+02 6.846549008491258519e+02 -1.142285366832770238e-01 1.994196889144644325e-01
6.274177064685268306e+02 3.897468539882544860e+02 -5.229041155745273173e-01 -2.474809212541128137e-02
6.099711591311327084e+02 4.270826723363448991e+02 4.494447572086838344e-02 -3.234643805876761397e-02
1.084680209772872331e+03 1.654553370188721999e+02 -3.247960612671621592e-03 -1.284895284188962705e-01
1.200525147066037562e+03 3.830764441548988088e+02 5.168345565376016373e-03 1.614002651942056110e-01
1.190785920865595244e+03 4.747772339699871509e+02 3.426790161665849155e-01 4.322112027638468357e-01
1.186676953407244213e+02 4.563697581800387297e+02 1.535971165937308203e-01 2.967991532324213422e-01
3.280163042504788677e+02 5.202349939164714669e+02 1.432068849227566450e-02 5.291663966444191264e-02
7.968541759319426774e+02 3.823246535927834771e+02 2.099118726139042636e-03 -5.135307447072061209e-03
1.194142903129809156e+03 3.513966396681373112e+02 -1.862872434207508282e-02 2.593507184895755824e-01
1.075728754553980025e+03 2.170007779517953850e+02 1.461674044907649260e-02 -5.497010117694507876e-03
9.650001165798834109e+02 2.947612279906041408e+02 4.513734829839870510e-01 1.036111756558396602e+00
1.298365343621074999e+03 3.581434375841469659e+02 -6.451009154200636198e-02 -1.653034657733705171e-01
1.597701686528178300e+02 5.518338886710345150e+02 2.427162463143390028e-03 -1.822269060104396345e-03
1.935494133155828251e+02 6.102146903150788830e+02 3.916438030195774078e-01 -4.853247506748930573e-01
2.767630918254815242e+02 6.825046452260405658e+02 -9.930484961139621203e-02 1.394327420412103946e-01
2.483752611451436962e+02 3.393187929012180462e+02 2.750378341100328736e-02 1.631258710483540209e-01
2.718676096956062338e+02 4.478884087499894804e+02 1.673764579520200038e-02 7.628805667568464011e-02
5.436846226821265873e+02 4.157094940448597526e+02 1.518082052679294329e-03 7.271656326482711132e-03
1.177223593208252396e+03 2.087624758346371721e+02 3.745103785219655850e-03 -1.191208502551728138e-01
1.167586834339800816e+03 4.146854644997139872e+02 1.289078977019751382e-01 3.916593248190648469e-01
1.911288809915274953e+02 6.216645002647761657e+02 2.856536540152899706e-01 -4.789189442639099070e-01
1.436661262270444865e+02 5.176493503348341392e+02 1.931233124871952964e-02 3.736202127345891744e-02
2.928141608129631663e+02 4.528083367524686764e+02 6.611061681788182876e-02 1.218817144089912874e-01
3.573805584451851587e+02 1.087854291840829546e+03 -4.929700901078492431e-02 -2.402636453923070459e-01
2.790905364317017643e+02 6.003441534226037675e+02 5.837333327386545756e-02 6.344165129442444484e-02
9.620696515399889677e+02 8.484029866553856891e+02 -4.218577912897444882e-02 -2.379039364476739221e-02
3.020925560849556746e+02 1.006775763639053707e+03 -2.413029880142368577e-01 -4.550035714083183747e-01
5.027493046783673094e+02 4.385020385904652471e+02 2.156732901422486748e-03 -2.795969580142573015e-03
7.172677466858568778e+02 4.757479956231128995e+02 -2.094902179668641558e-03 1.107251158919571841e-02
1.005396252363346093e+03 2.556200665925379383e+02 -2.866384844757637398e-02 2.242176399801939016e-02
2.002376037379632123e+02 5.989262112979930635e+02 2.420220088307445394e-03 3.034052153694233311e-03
2.778609322537345747e+02 9.170569235777462609e+02 5.162093447945098612e-01 5.957642957003533857e-01
9.922465231284360243e+02 1.833672939626915195e+02 1.351151777580961444e-01 3.333271365699022604e-01
1.128214353185825303e+03 1.608377320816425708e+02 3.773865389883967331e-02 -4.742409566787660763e-02
2.440636727245287716e+02 2.994768584733609487e+02 1.957425208138559997e-02 1.588755854141998547e-01
5.327037476628394188e+02 4.154297025728043309e+02 4.430572976762841425e-02 -1.082505637973109336e-02
5.611968499661844589e+02 4.585233364023076774e+02 8.810345824362348158e-04 1.766397600279081409e-02
9.889145264931061092e+02 1.751841250804186245e+02 2.048317830406473361e-01 1.353729104567081565e-01
1.008348339225240579e+03 1.980595598964587225e+02 5.346134240186697223e-02 1.893276101956937185e-01
1.156134272490384319e+03 4.037316187006573500e+02 6.987451839762323647e-02 3.873574737984523120e-01
2.494826830253464891e+02 8.411017006608408337e+02 1.697181033268101991e-01 5.514803370660289472e-01
2.421164237098528247e+02 3.381947246777421583e+02 6.800336977917773029e-02 1.643506919066996808e-01
1.116947231377022717e+03 1.998722309230202541e+02 4.597698598756020522e-02 5.484341593777217888e-02
1.108011110125609548e+03 3.382451434482883883e+02 1.048349886776476364e-01 1.555953393366331095e-01
1.221162080329566152e+03 4.503338302204298316e+02 2.561096091891563176e-01 3.054704579000283582e-01
3.437793630116652821e+02 1.089648022229818253e+03 -9.006366526140634210e-02 -2.315000124639229606e-01
1.016135272607313141e+03 2.061385440820641861e+02 1.627758975684411302e-01 3.394415323381255178e-01
1.088518432615813708e+03 2.549997028581162510e+02 2.016475935283830734e-01 3.474889482736125829e-02
1.099305186644840887e+03 3.213693223397771703e+02 5.508624711485894665e-02 4.174822524339147356e-01
1.073862554692173262e+03 3.202661544666328837e+02 2.326493256027426793e-01 2.343644994725092509e-02
1.159262517447781420e+03 3.841396988918734223e+02 7.250071003674789238e-02 3.261949154879886237e-01
2.685987580433070434e+02 9.190172084957096104e+02 -3.205109182867522111e-01 -6.274995648798757930e-01
1.204309645151849111e+02 4.105055985731925716e+02 2.569546727647897821e-01 2.077469239074437035e-01
1.107919368466376909e+03 1.733634619914295172e+02 1.266229507266575065e-02 4.736889634610041977e-02
1.162457647169888332e+03 1.808490255192117502e+02 -6.106790674706919636e-02 7.425621902563621368e-02
1.170229814634230479e+03 2.120650516994905956e+02 -5.163473913345897415e-04 -2.068027873091983493e-02
1.217455707091729209e+03 2.388581091111763044e+02 3.159680551482588976e-03 -1.188007564710751203e-02
2.784543514425973285e+02 5.875571534190539751e+02 -7.408026337798827299e-02 4.534049922697937218e-02
1.031552376367121497e+03 8.606958927939780324e+02 -3.720631316889202230e-03 -7.039961894993528686e-04
2.207970602201162365e+02 3.057096873477934196e+02 -5.170605917779252936e-02 -3.098359386006658833e-01
1.132568572701843777e+03 1.588244785606391076e+02 1.903674187887342481e-02 -2.254528136662074800e-02
1.121762253845900204e+03 1.971979794605383063e+02 4.969954468265855296e-02 7.982411891868171350e-02
1.122110844749570106e+03 2.690344047729676049e+02 7.436973850788251850e-02 -1.803406535151506895e-01
1.195139429024702395e+03 2.935176610564951147e+02 1.035323427978645204e-02 -2.814036829396048336e-02
9.261229224736888455e+02 8.832981348326301259e+02 5.351301139281813279e-01 -5.477982784281364148e-02
1.854131221735316899e+02 5.310902764129278921e+02 -3.107389267323627524e-01 4.568055138813966604e-02
8.427545488760891885e+02 2.275390150772799416e+02 3.444273555326772605e-04 9.195785661682422119e-03
1.084414053838855125e+03 1.526120505284425235e+02 1.126876183839546491e-01 3.263407009496900602e-02
1.075879709626474551e+03 1.998717505082901198e+02 -2.070770738308100323e-02 6.176192619317251442e-02
1.041048894324853109e+03 2.001012326846619658e+02 2.647026933747904931e-02 -1.940209413825977058e-01
1.077205793609563443e+03 2.775979957876426738e+02 8.693204806366161552e-02 2.901417099713290426e-01
2.695105267951448695e+02 5.687987947548219836e+02 6.277417533288915177e-03 5.970415552620557398e-02
1.114031904582714105e+03 1.800711153835454752e+02 1.176590933704915222e-02 3.876851269143841844e-02
1.085314094523727135e+03 2.122120301740887385e+02 -1.078531876542058454e-01 2.381360308014706106e-01
1.305515466079619728e+03 3.473556146862839569e+02 1.246302916236288610e-01 1.358518771649130374e-01
1.027345342075863073e+03 8.662639427759407909e+02 4.842458886247414003e-03 -1.318344076928497019e-02
1.025049646132165435e+03 1.976693759672331510e+02 2.303995319245487894e-01 3.490619513234120008e-01
1.097298345053598950e+03 2.209007036116638858e+02 1.130137646265001565e-02 -3.152760140883751477e-02
1.185433299496696009e+03 2.143041282406046264e+02 -6.674662360264613237e-02 -1.507799206387316036e-02
1.123426119930172035e+03 3.493541113967810929e+02 1.965509227349206689e-01 1.339200245974963566e-01
1.217857385697675454e+03 3.275970929330932222e+02 -3.723175458085920542e-01 -7.530136957035729606e-02
1.218070667531853360e+03 3.755958340383127165e+02 -1.910440504717103305e-01 6.820091370265146669e-02
1.215858356246463700e+03 4.261452734132589057e+02 1.717490328406209854e-01 2.889303286190986197e-01
2.899175509538482061e+02 5.303241745343333378e+02 -8.226785210436633744e-02 1.298248449141353386e-02
1.222139930514514617e+03 3.073437948154196988e+02 3.711297079385854070e-01 7.779984444844133262e-02
1.216838739117867135e+03 3.594158768083402151e+02 -1.972659785641326380e-01 9.478096978280572960e-02
1.167855640389789187e+03 3.851044731983944303e+02 1.641248333106360563e-02 2.667148846223686975e-01
1.211937708291995250e+03 5.288869745354809311e+02 4.141676884252212254e-01 7.610513825326608028e-01
2.685013599269418023e+02 3.806280467124728943e+02 9.264104276728998832e-02 1.554037051951833726e-01
1.172259033161149091e+03 3.536480589657394944e+02 -5.314062080858732162e-02 2.719483931968004753e-01
1.832727864553163784e+02 5.912974312731095097e+02 -1.969322943148506689e-03 -1.371011999110025373e-02
3.160754857028348397e+02 5.737680778779650836e+02 -6.688740627022697616e-02 8.435411498170823641e-02
2.575207361502505137e+02 3.298781120868077323e+02 2.724202470731205972e-02 1.744396694446742613e-01
1.216401438331658483e+03 2.308704329342290009e+02 2.857657189256062637e-03 1.579857412328067312e-02
4.937996186301469947e+02 4.466865914710958236e+02 -2.614417504875226218e-03 -3.306771090962813686e-03
1.135687750921220641e+03 2.919423758817075054e+02 4.028439333611719131e-01 3.536616223562029093e-01
2.655166015607646273e+02 5.514274982178829987e+02 -5.873418649735283326e-02 1.439265663747684165e-01
1.219629330443995741e+03 4.691045179386663904e+02 3.535228394588557643e-01 4.227771771068546403e-01
9.980266003629766374e+02 1.673555156401539534e+02 1.583991106603247281e-02 3.139411545165541467e-02
1.270305280476855842e+03 2.952735777521140221e+02 1.463193494076703641e-02 -5.050942819273065293e-02
1.177689043789493553e+03 1.903819904395110711e+02 -5.301375316738896060e-02 1.057708494628648438e-01
3.181477589144112130e+02 1.086247487049620759e+03 -5.987733187349979919e-02 -4.055964292276712513e-01
4.769000872684279102e+02 4.682211321002484965e+02 -1.998823551814510324e-02 -1.583543754769323186e-03
1.105351275142287250e+03 2.581647562013504285e+02 2.630348090894116808e-01 3.253008231245928528e-01
1.086328680123880076e+03 3.673031921936242838e+02 7.496509794528094517e-02 -7.570213707360551325e-03
2.143107679014458995e+02 7.058163604527038615e+02 7.182211115919567845e-02 1.092402752032057833e-01
1.226661550083126485e+03 4.620817950648321357e+02 3.171904528997018247e-01 4.599206829176125666e-01
2.342681800563007357e+02 7.499947658983290921e+02 3.030729471786575147e-02 2.829699479577172383e-01
2.504133905894124155e+02 7.654588673681799946e+02 1.208123461330368187e-01 4.026818653655155344e-01
2.779329599965107036e+02 4.294234740974387705e+02 3.194821534042596028e-02 9.814020980817046713e-02
2.667659699310375458e+02 4.687139897680274885e+02 -1.486280774111733982e-01 -1.430509004168151743e-01
1.045096983856406951e+03 2.051611709472721827e+02 4.714183040213385661e-02 2.679432438022896421e-02
1.117641442714975028e+03 2.369895752939073361e+02 -6.470395217701802211e-03 6.496303495377868213e-03
1.063139077004873116e+03 3.254763007292825705e+02 2.593341058615747374e-01 2.493859280275299295e-01
1.227681178277720392e+03 1.485227760772806676e+02 1.562190636322626294e-02 -2.515798921032980431e-02
1.323041353537560099e+03 3.316523553574327252e+02 3.885850710644116468e-01 -1.722322194188871947e-01
2.586289537295403420e+02 4.470105519511961916e+02 -2.023749918478756626e-01 -2.897645442118270132e-01
1.036141405743532914e+03 2.008685700706288912e+02 4.376999091182369461e-02 -2.935443788906089702e-01
1.186144983823357279e+03 3.749219059558426466e+02 -1.766732801403729167e-02 2.375660551399315923e-01
1.164047185100812840e+03 3.878900588010502588e+02 1.151494114397867974e-01 1.093351205905018220e-01
2.705382965869372924e+02 5.870205525796836810e+02 -2.768114976157107915e-02 1.368354753423432213e-01
2.462137320704246690e+02 6.258421948481018262e+02 -6.883792996790513707e-02 1.877324426984500749e-01
2.778539460312588290e+02 6.502327752828983876e+02 -4.908211570370515919e-02 -2.057342343616710284e-02
1.084488746452031620e+02 4.157116387515523570e+02 2.679609196190324005e-01 2.140868953555021548e-01
6.691974501354384302e+02 4.164153649987547396e+02 -3.543209376118072185e-01 3.016861745080044455e-01
9.792521925597743575e+02 1.860108065355205724e+02 -3.425800039840475042e-02 3.519235657314597754e-01
1.187531481734773251e+03 2.303318147219326022e+02 1.394849105181963055e-02 1.419717917529157714e-02
2.422963693922551442e+02 7.061481529569462054e+02 -5.259767066493736820e-02 1.500430379718213358e-01
1.174283655092469644e+03 3.261303896762817089e+02 -1.059055901536031102e-01 3.621866045674612122e-01
1.099793764572900500e+03 3.501588814468926216e+02 1.285048091631892930e-01 4.530208441461991975e-01
2.484481472651802960e+02 5.813725745375130600e+02 -2.061264636686561125e-01 1.032714104168316466e-01
2.643507931054818414e+02 5.852289965664623423e+02 -4.558678840423015070e-03 8.826368395408021317e-02
1.208287797150382403e+03 5.303601204813427330e+02 4.033313609156802260e-01 7.399538277761195104e-01
1.041642578173734137e+03 2.170782815184147694e+02 -4.164165569321725234e-03 -2.788668975891065663e-03
1.068471076467206331e+03 2.682654986572202915e+02 -7.512003612668262387e-02 1.867815081821988799e-01
1.246161654246469652e+03 3.240131549162119882e+02 1.525198364813520613e-01 1.866503980642817140e-01
1.137180677962505342e+03 3.684334947283775819e+02 6.573578506694738310e-02 5.138326836315038060e-01
1.095022681667771394e+03 3.546760184931350750e+02 1.461536485064698354e-01 -2.267940760910602538e-01
1.275290395653540372e+03 3.356205877760273779e+02 -4.494530981490125199e-01 3.960884315096824954e-03
2.615410667358028718e+02 7.145468205253856695e+02 -4.691980028017210536e-02 1.787126972006313208e-01
2.833893435467570043e+02 4.578889808050486181e+02 3.394127153943644198e-02 1.388209598133082201e-01
2.654630494852987113e+02 4.730210055650528602e+02 -3.485521888399690377e-02 -1.343036011429997179e-01
1.005896628355102507e+03 1.643307348391526546e+02 -5.626116036291670119e-02 3.205481327207319875e-02
1.161126955798468089e+03 1.403420014390567871e+02 1.302012386983663617e-01 -3.086843225904417967e-02
1.065971470128784858e+03 3.417210383238340228e+02 2.545842191600513615e-01 5.132226395359723841e-04
1.154496557072072619e+03 3.729404849099214516e+02 7.083119825193325003e-02 1.630482061704627283e-01
1.064891212699708831e+03 1.932684329039420845e+02 -4.057652627568131970e-02 2.259424669047689280e-02
1.139313276646878194e+03 3.370556253881109683e+02 9.171477426759339080e-02 3.225004950849142960e-01
1.092170712979044083e+03 3.596550703473113799e+02 7.895233511141669380e-02 1.195280099210458552e-01
2.808655392364477734e+02 6.777686515329654640e+02 -7.099905998645908434e-02 7.890378871686153095e-02
2.794961335326864855e+02 4.665223036704781521e+02 5.896154330302039170e-02 6.993276642279037947e-02
5.342410605440113613e+02 4.272795678957350560e+02 6.331770397309810505e-04 1.618807780461868975e-02
9.950042219004478738e+02 1.970776952235701174e+02 1.470003057785902456e-01 3.444153829301228598e-01
1.038178639794472247e+03 2.211695680048063366e+02 2.325607209611272805e-02 -1.638089608877268122e-01
1.091069710708028197e+03 2.793677647534405537e+02 2.708143226962723138e-01 1.416183312864613131e-01
1.316075284840849235e+03 3.388500792278596805e+02 2.419317769876840885e-01 9.882527443134137002e-02
1.033795916598731139e+02 4.045880258082950718e+02 3.181826993296372197e-01 3.748221505420637478e-01
9.015548956193681533e+02 8.777776878161632794e+02 2.073955795349419207e-01 1.742792974067450132e-03
2.554863844004733551e+02 4.431866941177823378e+02 -7.812325714429975421e-02 -3.477279830015695961e-01
2.651845337923663237e+02 5.284078573852514182e+02 -2.663048745597274558e-01 3.973583307033963785e-01
2.752419560011268800e+02 3.874977464134082084e+02 3.453966116447046431e-02 1.521250954328262628e-01
1.151683701433827082e+03 3.601577986130126874e+02 1.767603147591526869e-01 2.139805984327732835e-01
1.277533425294778681e+03 3.435066391757328006e+02 -5.149576300892497738e-01 5.007379059251413495e-02
1.223492415490370377e+03 3.723660378145048639e+02 -1.659062000723720842e-01 6.953370026623804934e-02
1.207388067714701265e+03 3.982783682610501046e+02 -3.091700266198296743e-01 4.734110476116561994e-01
3.624990296019752805e+02 4.794835212192953691e+02 -4.221314170071894245e-01 -1.805661800585212307e+00
5.619437766185437795e+02 4.445666195759696393e+02 -2.256704049298042386e-02 2.700826528558493422e-02
1.042165507555533395e+03 2.072851901928219149e+02 2.344822255990731616e-02 3.297798441242808659e-02
1.258280260132607964e+03 2.898159686766753680e+02 -2.842012261072297818e-02 -2.447623846360275426e-02
1.215708036623347652e+03 3.060711169756169738e+02 5.633928817646738363e-01 -5.888960861756231679e-02
1.104110705884980234e+03 3.607412621631318643e+02 4.798262033901404822e-01 -5.632063355652744407e-02
2.839278451865556576e+02 6.772287949316515778e+02 -3.299414148227967913e-02 1.311423019193669048e-01
1.094686376305623980e+03 1.662288022360523883e+02 6.045701341425911007e-02 1.700233868734201681e-01
1.308078861496693207e+03 3.404232468858039624e+02 2.150918952402662288e-01 3.237114704510304225e-02
1.208906695321910092e+03 3.908715665358988076e+02 1.114092117028121776e-01 8.772057534632438092e-02
1.199329309462819083e+03 4.656517912785025715e+02 1.715598091079641452e-01 3.686361973965432415e-01
2.458215246234160531e+02 7.237709184759055461e+02 1.505856226651331939e-02 2.593007148830508979e-01
2.372933656995787146e+02 3.144232343191828818e+02 6.773308381368051134e-02 1.337636866408825342e-01
5.302435026313426079e+02 4.366416688791842944e+02 -2.099862930891193205e-02 4.098275157483493442e-02
8.244599361211500081e+02 3.963397989460518716e+02 1.529407811946576282e-02 -1.953661745480267733e-02
1.088453942924478497e+03 3.304945467199774498e+02 1.253849286533032237e-01 -2.227323376260684218e-01
1.272640814121972198e+03 3.194244291187195017e+02 3.349826722541796586e-01 1.127798450500982208e-01
2.454282832128476457e+02 5.597418116883019366e+02 -4.469808618737589750e-02 3.872520415772525704e-01
1.227933258667435297e+02 4.502321105291664480e+02 -8.621736191996770549e-02 -2.060180035372051466e-01
1.058946872706973863e+03 2.820690320810128355e+02 1.580057810115881312e-01 1.908289866328263806e-01
1.214026028411009065e+03 3.365617557180906374e+02 -3.133784851157896956e-01 -1.727208249100916151e-02
1.918106412282156157e+02 6.646101718768813953e+02 -1.392291828081211047e-01 5.087980576909671981e-01
2.329554218264248391e+02 7.018106482868865896e+02 -1.933138326510983399e-02 2.322585504530631229e-01
5.098013527867711900e+02 4.618989851768747599e+02 7.842967686930451708e-04 -5.097651691097085727e-04
5.420775004350514337e+02 4.708312515320316720e+02 3.951035542097676434e-02 8.359076092922217149e-02
5.768333649866741553e+02 4.957096586142959609e+02 -4.245293554185122220e-01 4.160066521703744552e-02
1.077043579568610312e+03 3.131033899284864788e+02 3.172623992620628997e-01 -1.779962435298731299e-02
1.163365190725450702e+03 2.766604089421996377e+02 -3.792206651476804358e-01 1.567563702159906550e-02
1.098720562204739281e+03 3.334400386583594695e+02 3.168135742656458254e-02 3.925818120560206070e-01
2.511989341258471597e+02 7.040540156683431405e+02 -1.445496053035426332e-01 1.168444548680808437e-01
1.208180196113067041e+03 4.321395091674431796e+02 6.468857070175919322e-02 1.770683641437859890e-01
1.141868415325742490e+03 4.529236418820750600e+02 1.791432916487899762e-01 4.201706437569194263e-01
8.096599519915797316e+01 3.388832797056930417e+02 -1.217856950411189132e-02 -1.813235522513778619e-02
1.146631215026936616e+03 1.802994472389212888e+02 -3.109189393508415833e-02 3.598295548475505257e-02
1.121550438480972616e+03 3.157749770490091805e+02 4.703584570805219300e-01 2.379805434843227374e-01
1.290343363932991451e+03 3.592349273002197947e+02 -3.329124578835802595e-01 1.112693401384134972e-01
1.186956467876943861e+03 3.855106856465524743e+02 -3.214835591360554190e-02 1.705717933613009052e-01
2.932272663953746132e+02 6.146255163526051319e+02 -1.859942707827855202e-02 3.141283348260515140e-02
6.185511309062258078e+02 4.923848918992918584e+02 -3.790715403957634067e-01 8.309812528981197488e-02
1.184655830380438601e+03 2.300687376982369301e+02 -3.568331343077867784e-02 2.140223463363781845e-02
1.210783045740276521e+03 3.134754859933984790e+02 3.377034508236344545e-01 2.441138359829930493e-01
2.693427701660406228e+02 4.203811670620284531e+02 8.855835396216450717e-02 8.621229579333089532e-02
5.018337942149271953e+02 4.350134789014313696e+02 3.221253188245652450e-03 1.491866473617571055e-02
1.035077346848063371e+03 1.785291997554810166e+02 -1.646682223822283977e-02 1.402647741922383520e-02
1.069018337132448323e+03 2.166390540483691041e+02 -1.305008003938935013e-01 4.261313832663984891e-01
1.095311349901231324e+03 3.226535234999608406e+02 4.882808851730097710e-01 6.112045298198966192e-02
1.112018662180930505e+03 3.605098499949604047e+02 4.455725381563167831e-02 2.285726994345955998e-01
1.229664171768058623e+03 3.820825610526963487e+02 -1.922908102471053149e-01 -5.478031262926411765e-02
2.182548326028904171e+02 6.096991573717219808e+02 -5.073760434883516773e-02 3.372532422795627149e-01
2.900716206367643508e+02 6.188441727537793895e+02 -9.866910194647613569e-03 5.187480300587919702e-02
2.609177104918372265e+02 6.881679498228697867e+02 -5.364645787173166064e-02 1.869722678975205832e-01
5.204563945714450028e+02 4.243367599022153058e+02 -8.646255726533196712e-03 -1.081323976660367170e-01
1.082710119494021001e+03 2.049725890093774581e+02 4.404106742240051359e-02 -1.173625517284554304e-01
1.068837809866101907e+03 2.588122454408911608e+02 -6.080343217506477271e-02 1.903999025028261238e-01
1.073794075839148491e+03 2.654866193122119853e+02 1.326950968143242315e-01 4.324870499470508944e-01
1.197470159428263969e+03 2.238690113436295235e+02 2.621155158995476797e-01 -8.930743095440728252e-02
2.876044121945690222e+02 4.382808095506279074e+02 3.231045767242335387e-02 2.356435145271973397e-02
1.161084951025588225e+03 3.760629971758937700e+02 4.371416919754741309e-02 4.138674949943208503e-01
2.688442461450377436e+02 5.419161022562885819e+02 -2.939908670841238636e-01 3.008516890914070818e-01
2.555699564753645632e+02 3.934254158012989251e+02 8.994880425308338090e-02 9.627400097754575115e-02
1.056659994454618300e+03 2.832103692176409027e+02 7.991604089532054755e-02 3.047405213105155997e-01
1.112597730384677561e+03 3.141828545741205403e+02 1.909638387627927147e-01 2.920185469278067103e-01
1.133363465822599892e+03 3.773492105216922141e+02 1.432066457058764064e-01 5.196284653303202550e-01
1.188716998561817263e+03 3.813390865588758629e+02 -2.511200553977191441e-01 6.549419303498315026e-01
1.217702411381178308e+03 4.170535368796815305e+02 9.210548577212566632e-03 -4.183192527193051874e-02
2.756529464797344531e+02 4.081522906351697202e+02 9.778068179110732325e-03 6.979266050139472377e-02
1.184665581465612149e+03 4.427752482135835521e+02 2.983712216361027458e-01 1.962764814743650221e-01
2.434320565617462080e+02 7.134831197958799294e+02 -6.432824762011080111e-02 1.993880205572736430e-01
6.364939379054051187e+02 3.835147272013605289e+02 -4.521283714969588814e-03 -1.208228631414524634e-01
1.140571081390560948e+03 2.280008483938336497e+02 1.042018872052115873e-02 -5.322307998475631768e-02
1.148634221655078363e+03 4.278551764422998076e+02 2.345587472112432292e-01 -1.200402545493691187e-01
2.271761036835876553e+02 6.352148199245933711e+02 -9.519764918759518468e-02 9.384526913419853622e-02
2.898606112624966613e+02 6.446881878676432507e+02 -4.496083318470153745e-02 1.561952019406286640e-01
2.252468380292077939e+02 3.170895156386474696e+02 -1.102356468035594617e-01 -2.513232914771705850e-01
2.614145248306893450e+02 3.887452950846430895e+02 -1.319898528586094244e-02 -4.100669393778844096e-03
5.417585575886749893e+02 4.652751073562417332e+02 -2.921686413490931500e-02 7.928728044995381197e-02
1.258681980980947628e+03 3.113779819606142496e+02 5.742578977020684761e-03 6.626638325317912859e-02
1.119113332711677913e+03 3.899068009608911325e+02 1.817172324403770745e-01 3.002023017949468908e-01
1.161324491846796491e+03 3.963243272561485924e+02 1.329312601729384369e-01 4.299800315004560503e-01
2.672649131487482350e+02 6.229828574364678389e+02 -1.954272589665748683e-01 6.127977296145559194e-02
2.669773191656767608e+02 6.372374023472856379e+02 -2.776922037650564334e-02 1.707643293488416703e-01
2.809617464974118661e+02 7.646510431713613798e+02 1.805137037236406172e-01 4.642514625258797878e-01
2.423411391121200325e+02 7.699018750247211074e+02 1.031824752958883096e-01 3.052404478138441846e-01
2.522906647789820340e+02 8.431034059804717344e+02 2.846239017294038831e-02 3.791861490052212957e-01
1.022174994582062027e+03 8.721770047948680258e+02 -3.465242722749906079e-02 -7.047041433310141656e-04
2.590841551562900804e+02 3.890535324262069139e+02 8.111441290106670421e-02 2.407303858493768101e-01
1.080776892578089473e+03 1.860200568279529421e+02 -3.949665837171778549e-02 -6.137442077746056712e-02
1.109455141978152596e+03 1.894052821255426693e+02 -5.034368270487123154e-02 -3.401533995907714270e-02
1.014052126463114064e+03 2.451331265437549121e+02 -9.046586910556340955e-02 -2.692674006601082914e-01
1.099151445182099224e+03 3.001271996013352918e+02 2.011230746728480401e-01 9.560088411949761722e-02
1.172204962659152216e+03 2.162615134880069832e+02 -1.074755404173239615e-01 -6.618018627367762419e-02
1.156560717930987494e+03 2.496467776985232092e+02 1.000741700789019133e-02 -8.379803431152968440e-02
1.257278657038934853e+03 2.879649754807663840e+02 -1.876087142425473739e-02 -7.619542947054469550e-03
1.201389866922432930e+03 3.993448042567301286e+02 5.289715435463092363e-02 1.355734354358284210e-01
2.439350316507566845e+02 4.975424152168094452e+02 -5.133096609034263486e-02 1.023796757707581689e-01
1.036666890578984521e+03 1.627945515528791702e+02 9.282122058417977342e-03 -6.330975481624061263e-02
1.151522310001055757e+03 1.690972167865198514e+02 -8.809261734518258891e-02 -3.984389936603349724e-02
1.121879627344886330e+03 2.167501177805212365e+02 -1.920647365064951373e-01 1.884252023367309903e-01
1.110957330822541962e+03 2.320718045902738425e+02 1.314252153625451169e-01 -3.366929866797647719e-01
1.073064496631047177e+03 2.792172427291049530e+02 9.828232620300998701e-02 3.063619319210791336e-01
1.093627478334469970e+03 3.298042150355177000e+02 2.333193034893762674e-01 3.157724679288851921e-01
1.151327153784184247e+03 2.100586917249912062e+02 -1.475830112747189560e-02 -4.344854017140183794e-02
1.178663508745827130e+03 3.515889884433438510e+02 2.731592284931139147e-03 1.468593204951105236e-01
1.090086393779368564e+03 3.687079402477046983e+02 -6.984277965034380031e-02 2.547439591232792400e-01
1.317983735151407245e+03 3.382274193031100253e+02 4.847939345491644042e-02 -3.526133569671211637e-02
1.149486480222888076e+03 4.114573065000296310e+02 7.529752643563369929e-03 6.561621875164860285e-01
1.183408496296660360e+03 4.233774301971715204e+02 1.761891105951084169e-01 2.165993592822985647e-01
2.577623320820849244e+02 5.622171375610641917e+02 4.354880185086548033e-02 1.459010825134138545e-01
2.678059273018853901e+02 5.719329606984143766e+02 -4.409720637457326120e-02 2.136412454662869609e-01
2.509420537472143735e+02 6.079710394714751374e+02 -1.478213578629805625e-01 -5.245994569879712799e-01
2.492453732438468421e+02 7.636653669835501432e+02 1.521755731986000060e-01 3.542766458757948267e-01
2.883118220078097238e+02 4.626669792705704936e+02 3.086160237625108424e-02 1.057822914201665271e-01
2.841490551191051850e+02 5.305169023074601000e+02 2.697168620443335168e-04 5.943178142733358538e-01
1.166847894814283791e+03 2.314745793539356100e+02 -5.338080769606676906e-02 1.905883436309182000e-01
1.174158317934002071e+03 2.512353994994507786e+02 3.909788882683642303e-02 -1.829755431955618350e-01
1.257658907008576762e+03 2.880612141087247551e+02 1.194017889677525118e-01 -4.751956549080205150e-02
1.095418972610343417e+03 3.363132788220514726e+02 5.143421365478388629e-02 2.988178584558227047e-01
2.565797483033041431e+02 5.350773363305663679e+02 -5.808545054769638505e-02 -1.719451341678905065e-01
7.830144167099086872e+02 9.598825417578539145e+02 -1.276222806311579951e-02 -9.476252872586883591e-02
8.357177589621170455e+02 1.091435278712924173e+03 4.954259206670031052e-04 -3.217877113775102684e-03
2.656108077741869238e+02 5.140828315167119626e+02 1.630586891153882334e-01 -4.830768585733835607e-02
2.674428030557842817e+02 5.209507354095323990e+02 -2.170048552627434901e-01 2.241644727191101083e-01
6.651856047028272769e+02 4.087635407339071207e+02 -4.062910353434290300e-01 9.511467709167220619e-02
1.085477864488512751e+03 1.835155171729588801e+02 5.158176114503021381e-02 1.399152926453055557e-01
1.102568981699792630e+03 2.308381482215695257e+02 1.437881716473725646e-01 -8.119535715528058972e-02
1.063640479353506635e+03 2.487859537349305583e+02 -4.992315672893710143e-01 -5.119189879185270797e-01
1.280353857269507444e+03 3.558082569716807484e+02 -1.089456420572787465e-01 4.952831492678910763e-02
2.412923821256698886e+02 6.188990552046096809e+02 -6.446525065016572853e-02 1.332388400998354427e-01
1.190849588722303452e+03 4.614152855049588311e+02 7.868810224681510590e-02 3.943564346214145644e-02
1.208814661273768934e+03 5.516920977102140569e+02 -2.998623183869995046e-01 -1.674613066903418712e-01
2.452866864478245077e+02 7.118299266982112385e+02 -1.907753559115121789e-02 1.288172292277920405e-01
2.707615321639705712e+02 7.923497992712717632e+02 3.460037452578035300e-02 1.167458735577326934e-01
2.822079621058218777e+02 8.031370690393709992e+02 -5.993554465990769131e-02 -1.706391309396622091e-01
2.292256569739564895e+02 2.894576876461401298e+02 -7.894497085777629763e-02 -1.265285491393228767e-01
6.747067854725046345e+02 4.057053080431355170e+02 -4.123813820376653894e-02 1.751815214803779594e-02
1.097170638874646556e+03 2.903086149050232621e+02 -1.136479209547663488e-01 2.706195679284064681e-01
1.309722154780156643e+03 3.306191399134507378e+02 1.550721323011809150e-01 -1.452955848020375529e-01
1.206233436626408320e+03 4.245065770180063396e+02 -3.048661374145922309e-02 3.194241978589692360e-02
2.665173866395329583e+02 5.333788908117809342e+02 -1.682938839627657612e-01 -2.036306080297360099e-01
1.210610467694435556e+03 4.319005440181683753e+02 2.189085552383100153e-01 4.804805940165124412e-02
2.547550350465879205e+02 7.602016678767547546e+02 1.738633434855785254e-01 8.185816058471573342e-01
2.522453067167043343e+02 8.100573575381846467e+02 7.560386467929447463e-03 1.797779328279981714e-01
1.009125404054201454e+03 8.302304742182833479e+02 -7.409077025450490350e-02 9.604630383895103318e-02
4.593048804683390927e+02 1.100466693100048815e+03 -6.478293752157545000e-03 -1.237444452287187781e-02
6.495010767671215035e+02 4.291164497606069403e+02 -3.357090728127332113e-02 1.747116680698468372e-01
1.009025659325564561e+03 1.711705109228154242e+02 1.089240356646996588e-01 -1.708174474607062621e-01
1.056058843909607504e+03 1.709161349983391176e+02 -1.721572155940975790e-01 -5.396924731084595805e-02
1.116583048160041017e+03 1.607966042676775373e+02 2.181212373494645362e-01 2.050597033203871433e-02
1.133167360554223933e+03 1.755737512502849995e+02 -3.548877892080781749e-01 4.181517494063911045e-01
1.092861762081580309e+03 2.783271677456989437e+02 1.246032343974547985e-01 3.588489362425661966e-01
1.167891520438970247e+03 1.980756201491518311e+02 -7.965167098723213712e-02 -2.810631404105379261e-02
1.160215230996720720e+03 2.312864697226137025e+02 -1.306440213658106586e-01 1.740166330491916824e-01
1.231501282752559064e+03 2.589779206033339278e+02 -1.498317249661340611e-02 -8.136940913431089939e-03
1.178760707971538295e+03 2.704409470486906457e+02 1.268315588195036980e-01 -1.264166446668752997e-01
1.117027459738216521e+03 2.930874500152867199e+02 2.142248952793579519e-02 3.231669749848720130e-02
1.185859489797980814e+03 3.554085226913825863e+02 -2.680711000775772845e-01 5.422276426685357364e-01
1.100175039258286006e+03 3.685476541609876335e+02 -7.561858805729571031e-02 2.151015011860977211e-01
1.178530515974985519e+03 4.084238443963146779e+02 1.107761676234986226e-02 1.634090641926491116e-01
2.487459249820368257e+02 5.813966241251875999e+02 -5.511624213653476545e-03 2.976408708242956891e-01
2.954572389579308265e+02 5.951578794328310096e+02 2.790634743689679453e-03 -8.606484339588860166e-02
2.602880295669083353e+02 6.453274984673695371e+02 -7.858341739677143778e-03 8.796553182719435426e-03
2.262779011806141227e+02 6.495747883478314861e+02 -7.187421790686698841e-02 -1.178932404091028729e-01
1.206668051653208749e+03 4.320864623872045627e+02 4.478036883932645651e-01 -1.326678587377330132e-01
1.144194233716010785e+03 4.520869128793123082e+02 -7.111830827443554881e-02 -4.857450133977181395e-02
1.197329504969134632e+03 4.995911871189447879e+02 -2.130139265058232922e-01 9.333504667214356232e-01
2.550314814934352796e+02 7.116195493796432174e+02 1.345658225115187179e-01 1.991076929922428462e-01
7.158450528541419544e+02 8.819264243140038388e+02 -4.111174661488803395e-02 9.655055484529384557e-03
4.323484255149265891e+02 9.959933986830441199e+02 -2.290053140470433846e-01 -3.951921766584973739e-01
7.274388130912261659e+02 9.745653822778241420e+02 -1.689155245645679315e-02 3.222033658590817140e-02
1.031360867085629479e+03 1.677233428351303530e+02 0.000000000000000000e+00 0.000000000000000000e+00
1.028595657909345846e+03 1.857362230464371180e+02 0.000000000000000000e+00 0.000000000000000000e+00
1.054502215294359985e+03 2.081247236269373388e+02 0.000000000000000000e+00 0.000000000000000000e+00
1.017092040225354140e+03 2.544614156616518130e+02 0.000000000000000000e+00 0.000000000000000000e+00
9.647197447137247082e+02 2.955698991939930238e+02 0.000000000000000000e+00 0.000000000000000000e+00
1.063504085071401732e+03 3.325271142724627680e+02 0.000000000000000000e+00 0.000000000000000000e+00
1.172057605044337834e+03 2.982631267519833500e+02 0.000000000000000000e+00 0.000000000000000000e+00
1.271921477454812475e+03 3.194046766061523499e+02 0.000000000000000000e+00 0.000000000000000000e+00
1.138764785649218538e+03 3.434663834004927025e+02 0.000000000000000000e+00 0.000000000000000000e+00
1.299969138780433241e+03 3.621520722142290651e+02 0.000000000000000000e+00 0.000000000000000000e+00
1.104343830724426425e+03 3.972998187843242590e+02 0.000000000000000000e+00 0.000000000000000000e+00
1.160561089581761962e+03 3.963658614464348489e+02 0.000000000000000000e+00 0.000000000000000000e+00
1.195124636488539181e+03 4.154605012160353112e+02 0.000000000000000000e+00 0.000000000000000000e+00
2.734611923109195004e+02 6.253030237751662526e+02 0.000000000000000000e+00 0.000000000000000000e+00
2.641254996439504339e+02 6.614690438000436643e+02 0.000000000000000000e+00 0.000000000000000000e+00
2.888359216349317080e+02 6.700420792861219752e+02 0.000000000000000000e+00 0.000000000000000000e+00
2.343323845027123582e+02 6.870378347801942027e+02 0.000000000000000000e+00 0.000000000000000000e+00
2.473702774658477210e+02 7.110925627696270794e+02 0.000000000000000000e+00 0.000000000000000000e+00
1.063894903139735561e+03 6.709052940612323255e+02 0.000000000000000000e+00 0.000000000000000000e+00
5.542119180100429503e+02 9.395162957710699629e+02 0.000000000000000000e+00 0.000000000000000000e+00
9.446240747779909270e+02 8.557019781024372378e+02 0.000000000000000000e+00 0.000000000000000000e+00
3.226684316965834682e+02 9.623832960255992930e+02 0.000000000000000000e+00 0.000000000000000000e+00
