1.337332296915642473e+02 3.832443351011802406e+02 -2.187264596388428187e-03 -4.292680174923796258e-04
2.524858308521124002e+02 4.650094651760533679e+02 -4.299903564333756693e-03 6.941021376922498981e-04
3.171270163595874578e+02 4.737565927373130421e+02 1.468379981224305708e-03 1.760359391212632896e-04
5.647336713267891355e+02 3.785966327834441358e+02 1.929934278597003063e-04 -2.758152344163496139e-03
2.888857128298772636e+02 6.361343727222373445e+02 2.265033146038896925e-02 1.583490030803425264e-01
7.048306651383503549e+02 4.186896742649274188e+02 -5.423528429517854299e-02 -1.014455891785674170e-02
6.343761376533628891e+02 8.221084268540264475e+02 4.058331936079465985e-04 6.476896696047261710e-05
9.124181700476466403e+02 8.059053513862992304e+02 1.708931138869002682e-04 -6.178205915643551630e-04
4.599459070540505650e+02 9.415531251265515493e+02 5.111306904836965259e-05 2.415054598957182546e-04
9.056605680615255096e+02 9.226612282493420025e+02 7.092625627702806804e-04 3.938384193100201696e-04
9.004305807789825167e+02 9.259538448406979114e+02 -5.503748925863450995e-05 -4.702453973050519168e-04
7.042184984191351305e+02 9.922760381138232333e+02 -3.723637764162076452e-02 1.712967394233839979e-02
7.151713727788148844e+02 1.011392497082385489e+03 1.340442054534418713e-03 5.111331307604121419e-04
7.049816375528814660e+02 1.023666418408254913e+03 4.366326892374339480e-04 -1.097025351220896287e-03
4.816743045769715081e+02 1.099039999835702247e+03 9.347681933514641176e-05 -4.450933304832516884e-04
7.044787092236634862e+02 1.036446006429138379e+03 4.619989432636556373e-04 -4.262529119900461015e-04
7.518113382524817325e+02 1.067525846540220527e+03 -1.941932337272777144e-04 -2.596513664518016948e-04
7.455444822335135768e+02 1.071445668748314347e+03 -4.679879671231343473e-04 -6.071478197996065153e-05
1.311067894462647985e+02 3.251505794721904863e+02 1.896318221412511291e-03 -8.291262994508444002e-05
8.997735096087502598e+02 1.102128415201417511e+03 2.916111168248096565e-05 -2.551507740427401565e-05
3.042964539552299925e+02 8.773808243175808457e+02 1.937562501260780556e-01 5.180342180317550893e-01
2.742392793546478629e+02 8.858274027378635083e+02 1.545204777225202275e-01 5.252745758100478835e-01
2.462024087623273374e+02 5.033187352718767897e+02 5.130347188312926396e-03 -7.246320303385917622e-03
2.728487177696575259e+02 8.065702105903137635e+02 1.427018735189083398e-01 4.254435477603969451e-01
3.001773821800477435e+02 8.849292922226711653e+02 2.065327222584802114e-01 5.125016217629092541e-01
1.194614186015529640e+03 2.533312567641793862e+02 -4.120770522734859900e-03 -1.680071855454264929e-03
2.511058563251169744e+02 6.526794344925880296e+02 -2.859033041604257946e-02 1.811600170956432221e-01
1.908803251061766844e+02 5.853987654877051909e+02 -1.547409337901805605e-02 -1.270367858645647316e-02
1.160032047237027427e+03 2.324294508035513331e+02 1.535579379042651890e-02 9.892362406220897228e-03
2.942418028736671545e+02 6.585713193500855596e+02 -4.283439781278106789e-02 1.400239951862595755e-01
6.347637281896249988e+02 3.768624887682847202e+02 -6.021595055871654771e-03 2.495380304804263941e-02
2.625175330314571056e+02 7.680531111448764250e+02 1.573187957038785501e-01 2.854718331745858539e-01
2.863377660003225742e+02 8.350996060226498230e+02 1.666146329609877186e-01 4.598296586067847080e-01
2.055612346935774895e+02 7.388256797297510730e+02 1.139186554990718504e-02 4.377992259892414251e-01
2.341315725306943705e+02 7.021528194459765473e+02 -5.424425523665939858e-02 2.044827352025277434e-01
1.260081000127994230e+03 1.963437671171434431e+02 -1.799283795153854915e-03 4.907001285367655098e-03
2.249320142016441366e+02 3.258098784845915930e+02 -6.663297960988480428e-02 -2.651183282191111878e-01
1.258845491187818880e+03 3.791856743625042441e+02 -7.930745725850488551e-03 -2.694387135068830163e-03
2.896456620803960504e+02 6.661897313424003642e+02 -7.028994094252544178e-02 1.202281223911518537e-01
3.055258227549945218e+02 8.617570069487827595e+02 2.401807839187504456e-01 5.570179659443279530e-01
2.143911066669774073e+02 7.149049477000793331e+02 4.739934378292927700e-03 3.052557866536767528e-01
2.135181141452471820e+02 6.880980972001196960e+02 1.558490974080868965e-02 2.433885443644921154e-01
1.223186549165880024e+03 3.969743890505852164e+02 3.973325982601051513e-03 -2.173855992183878604e-03
2.989261622320343008e+02 8.588428508968560209e+02 2.327245348067703556e-01 5.688750305490668513e-01
1.225391752534009356e+03 2.339277964444501663e+02 -4.835625436761901291e-02 -8.026069614717615264e-02
2.689410895522342457e+02 7.383716418002910586e+02 2.616660968859751621e-02 2.318434675164058323e-01
2.584596910884853855e+02 6.909644401195401997e+02 -6.352066167528729046e-02 1.804268565585825101e-01
2.641445958864201202e+02 7.180015335375227323e+02 -1.189448915574335686e-01 2.296863291992113365e-01
2.381633699268851103e+02 6.588279724036102607e+02 -2.849578654552271939e-02 8.620943967298107247e-02
2.439371099794669249e+02 6.560745134742093114e+02 -2.464947649070864735e-02 1.101511737058185891e-01
7.156096215575207680e+02 8.816545829855292595e+02 -2.283358229223862203e-03 -2.164137722242329750e-03
2.360084904570876745e+02 6.728915876977150674e+02 1.868045623226122914e-02 2.377080975254411144e-01
2.497743015229342802e+02 6.656481218192349161e+02 -4.798819880034636137e-02 1.723797542161845386e-01
2.806903497398890295e+02 6.703914049718135857e+02 -6.555226112776732506e-02 1.502219898889277372e-01
3.025365239877280601e+02 6.426670292124979369e+02 -4.576801413921738337e-02 1.285389096541979248e-01
2.964736399603479526e+02 6.126890767126038781e+02 -1.155576440111145096e-02 6.349515793862459123e-02
2.253092749619577546e+02 7.057530381298796556e+02 -3.174919760679181802e-02 2.725192523130914313e-01
2.619897516942024254e+02 7.847714548689671119e+02 1.869399844772780539e-01 3.905235282420675413e-01
2.426735470776343959e+02 6.805322264964848955e+02 -5.394225376488692020e-02 1.914344344187586811e-01
2.395316096550202474e+02 6.934506417499449071e+02 -4.877361942916737941e-02 1.944059338302744078e-01
2.914032009144557378e+02 5.815127369456749875e+02 -1.207975500282224522e-02 1.476436017678071574e-02
2.281340226853715762e+02 7.389751328913399675e+02 5.998160335792871584e-03 3.053524038255057138e-01
2.885862236402788312e+02 5.883484812499432337e+02 -1.153099986129403707e-03 7.093675358923479286e-03
2.638776314102477727e+02 6.071590699443016774e+02 -1.940702448246437936e-02 1.773228854742975868e-01
2.113594770902087987e+02 7.335431276398624050e+02 2.951919903641720896e-02 3.342480306094517406e-01
1.147446360294793749e+03 3.743877720019514186e+02 1.037420650608699285e-01 3.541841097430210028e-01
2.713862752444442208e+02 6.482773342516549064e+02 -1.365292923500619759e-01 9.555536565452450726e-02
1.483898287943979142e+02 5.294764743901645261e+02 1.266925620759402123e-03 7.297054429144655442e-03
2.497441938399101389e+02 4.034337410846665080e+02 -9.269780424372979499e-02 -3.114376285587017179e-01
2.380850666500895159e+02 7.156204678993767629e+02 -5.133225036034630429e-02 1.992084040832707570e-01
2.812689463890150137e+02 5.697402371396796070e+02 -2.387540422550066266e-02 1.760403910193226451e-01
2.932798449828881644e+02 6.441534837891416601e+02 -6.649191542076568788e-04 1.891798492309277047e-01
1.138363911282983281e+03 4.015054783353969583e+02 2.196958805377967616e-01 4.468750982758893375e-01
2.715509188218281906e+02 9.405262384832003590e+02 -2.404430241146305880e-01 -4.546148925860563073e-01
2.675829620883636153e+02 7.548229955131398583e+02 1.441111963661804163e-01 2.771380479804113062e-01
1.190240452152543412e+03 3.939533745982729442e+02 -9.569691293527644860e-02 2.129799839020840857e-01
2.672785932632219783e+02 6.187882419169167179e+02 -7.418643793892157334e-02 1.834232760892899328e-01
2.473207292494818148e+02 4.900276977510791880e+02 1.804945805405181944e-02 -2.404095093957849677e-02
2.546215547979317932e+02 7.180660137731284749e+02 -8.898348286555998743e-02 2.443677918658335724e-01
2.317428105769461979e+02 6.369789146006869487e+02 -5.087946073333799585e-02 2.156869880218819924e-01
2.875062990860539003e+02 6.567703535472599015e+02 -4.373390058211804737e-02 1.143365200253137898e-01
2.373864997590317785e+02 5.015676218025924413e+02 -1.180135353919527577e-02 8.599338295357033743e-04
2.429205842097425716e+02 5.839383463285817015e+02 -1.211321827799916317e-01 2.163934940052121836e-01
2.619967212402246446e+02 4.613978483683692957e+02 -2.751386135634949909e-02 -1.538449720932997533e-01
2.754093884252423550e+02 6.653142963529821827e+02 -7.406788343578429856e-02 1.238695769932629670e-01
5.376394967544649717e+02 4.881378349543969648e+02 1.323039436070163515e-03 5.330280872664780456e-03
2.495026925816275707e+02 7.698748971600261939e+02 1.510913528195133304e-01 3.670920814935558774e-01
1.185447046983282917e+03 1.741055205181254735e+02 -6.672534024206956682e-03 9.897576050745177968e-04
2.685566832376607067e+02 6.806500724493913594e+02 -7.842188818672679584e-02 1.635417734203719609e-01
1.397748576079220584e+02 3.892703525443525336e+02 7.392637554062275740e-04 6.401412307901288221e-03
2.706396045107213126e+02 8.629660218588045382e+02 1.739489444158336673e-01 5.180096031409259227e-01
2.407314755194291251e+02 7.588164440204558332e+02 5.144328850179778756e-02 3.513889966522407704e-01
2.165281199391836253e+02 6.761789815218960484e+02 6.830679701392785956e-03 2.336688933206901575e-01
2.900328315626078961e+02 7.951823187392263890e+02 3.396170539704290725e-02 -1.800811338006325785e-02
2.286561944918312861e+02 6.649691828501140662e+02 -3.517480813026578612e-02 2.244619075525165763e-01
2.544505895260454054e+02 8.549794991117465770e+02 1.675534794146147366e-01 4.254147136340767354e-01
2.828194456047378935e+02 9.824329919395333945e+02 -3.188155236629289790e-01 -3.043777975765328825e-01
1.100925033887621112e+03 1.486674878854603037e+02 4.509049734944332172e-02 -5.444169471300765867e-02
2.599497684572801859e+02 6.154479928898817889e+02 -4.311714490100230363e-02 1.598232902428205759e-01
5.745208225510139073e+02 3.790978351776188902e+02 3.659008768987531582e-04 -1.142843204333006055e-02
9.319494270529345386e+02 8.444036184747699281e+02 3.368623664677765361e-03 -2.037271762991631468e-03
5.779163696261765608e+02 4.306128066591321044e+02 -1.636324849027239337e-03 -6.023020318710871519e-03
1.006863117779309164e+03 8.124957091011903003e+02 -5.936536272562115742e-05 -1.551218168641402208e-04
2.898485294138957329e+02 4.875495862371442399e+02 -5.133341622771388918e-02 -8.480264613008037244e-02
1.348772074165105437e+02 4.002479503152300708e+02 -2.535828670835878445e-04 -1.327245885483359280e-03
5.022066503834550986e+02 4.378223127596830295e+02 3.418829346811538654e-03 1.033418853886711175e-02
3.019184288236156704e+02 6.263321961614625479e+02 -3.385067079603733958e-02 8.833646842751391448e-02
2.673538621029932756e+02 6.390793820053870604e+02 -6.769715277391753772e-02 1.434811062462739151e-01
1.168694026731412123e+03 2.365614692863518940e+02 -2.140757061855054141e-02 3.012331523714158882e-03
2.646508679343181711e+02 6.836413952335717568e+02 -6.034301794723642004e-02 1.712807951564267461e-01
9.809268263318218715e+02 8.279724871989740222e+02 -9.036448640408211580e-03 7.697244679462474570e-04
2.647738301052090151e+02 7.783766260217595345e+02 2.600861302045737178e-01 4.174285333933406839e-01
2.233304620204004891e+02 6.509787922816168475e+02 -4.260870980182165924e-02 2.335777544437556419e-01
5.803022305461712449e+02 4.069633389811800726e+02 2.569632505400936892e-04 1.267999168199970350e-03
3.141353736875656750e+02 6.540454041553657589e+02 1.280509105283321762e-03 -9.275512205422813605e-04
1.139687373962093716e+03 4.255463786637640737e+02 1.236932535565608005e-01 3.778307682572977777e-01
2.700076645412072480e+02 7.063762727740253240e+02 -9.958169379872276739e-02 2.003950065138634384e-01
1.010310447402521845e+03 8.162163016593759721e+02 3.126578040520810314e-03 -2.694447915239447152e-03
9.410406263625823158e+02 8.341569311502278197e+02 1.833476574546747968e-03 3.020269345562731980e-03
1.003777814350153449e+03 8.363027465674175573e+02 2.836658179385177433e-03 -2.111501490333574961e-03
2.434936332592320412e+02 6.159631092017142464e+02 -2.456364216789857363e-02 1.638738377713885308e-01
4.838851322892567737e+02 4.382636014389788670e+02 1.286122041590215780e-02 4.060307277049136909e-02
1.018946880833080627e+03 8.074752944111556872e+02 -4.663344801855654614e-03 1.102556292892694452e-03
9.607196609458786725e+02 8.337189416114308642e+02 2.654232245149524758e-02 2.710413636336424931e-02
1.190758398036755580e+03 2.458762910775890305e+02 8.184819532901444622e-03 8.450281093001764735e-03
5.496771811431547121e+02 4.413883982254186549e+02 1.997126588767149727e-03 -5.924690036519592723e-03
2.130496254624426626e+02 5.173310965915172801e+02 -7.692090966884279624e-04 -1.037737106981235233e-03
2.991253829163041473e+02 5.802901393183506116e+02 1.525624201895308361e-02 3.731633218249066908e-02
5.832636091124027189e+02 4.155918765962445036e+02 -5.778085541060766148e-03 4.205826231680470997e-03
2.495244273473055614e+02 6.072504819579349942e+02 -7.820662970485131593e-02 1.609256039407637728e-01
6.256529240004618941e+02 4.110449108234613504e+02 -1.202336305586620968e-02 2.103388602380515567e-03
3.037802370623755905e+02 5.895035831962131851e+02 -1.985779110355008481e-02 6.882978130336524225e-02
2.285084234488232937e+02 3.358474053080366843e+02 -7.444174585606221084e-02 -2.434301113792904647e-01
1.819167227921372216e+02 6.536072858818187115e+02 -1.903655861090619017e-01 4.385497010216140024e-01
1.028490658869463005e+03 8.574838608888594536e+02 -7.337305226327420042e-03 5.766867907622966541e-03
9.569770166971742356e+02 8.525551028749698617e+02 -7.202549765567016829e-03 -2.201041782348844497e-03
2.871031662165399894e+02 5.459915426324022292e+02 -5.386540242745799234e-02 6.462379783453239823e-02
2.352960650640554263e+02 7.801587979983112291e+02 1.155941894296307615e-01 3.244292686402496240e-01
9.390550010511814207e+02 8.526993212578926205e+02 5.174817376861469941e-03 -1.223269100166974807e-02
2.239354868176866944e+02 6.872912664413134962e+02 -1.122185527599480533e-03 2.117256426912434153e-01
5.756221873553390651e+02 4.533534406343977707e+02 -2.983208040084061718e-03 -2.821906864264657130e-03
2.789231007714300858e+02 6.405312043233415125e+02 -2.666190495174271605e-02 8.804607994502115786e-02
7.478913435675503933e+02 9.540801343757788118e+02 -1.274434675442625078e-03 -2.817522370634995498e-04
2.819551906486643702e+02 4.518174195878344221e+02 5.517852000267026852e-02 1.165921591472214858e-01
8.247797167836808967e+02 1.102243357814515321e+03 3.067091889153455595e-04 1.433102174612238414e-04
2.454530241461687297e+02 5.098788044305587164e+02 2.045942124043573403e-03 7.308413645775976896e-04
2.533310599140109218e+02 8.304492301930172289e+02 1.805050448980012878e-01 3.957906031429724858e-01
7.499526514762679881e+02 9.620036492744285397e+02 -1.184469402434644610e-02 3.179010337653763452e-02
2.922911408170336358e+02 9.032051559695592005e+02 -2.476721953676470911e-01 -6.134801961446163521e-01
5.898334147721972158e+02 4.603716601791418270e+02 9.200358619485014128e-03 -4.807273728732020836e-03
5.919313963660594027e+02 4.661014051074497502e+02 -3.234226768738900862e-03 -3.503985696309288266e-03
2.981621714705245836e+02 9.091426317058012501e+02 -2.701278344350675487e-01 -5.880481012386024053e-01
1.194040869815819860e+03 2.310305634635129195e+02 1.751982095678352239e-02 5.160078710295297466e-02
9.094544354943539020e+02 8.505817066021833170e+02 4.490335354033180709e-02 -2.609937483439037781e-02
3.080781908780825233e+02 5.966506138143699900e+02 -2.699677533186757225e-02 1.139329255369722210e-01
2.187108572337952239e+02 7.121257053252884361e+02 -1.576305885164925105e-02 3.070604991945381501e-01
1.166202700262386543e+03 2.503908933926078930e+02 6.661219443512351318e-03 -1.131693902095016330e-02
2.704610055330390423e+02 4.947968941388824078e+02 7.618398135563683726e-02 -1.171521006125915143e-01
2.125073107339217700e+02 6.215606580038274842e+02 -9.286996184344631367e-02 3.450599149659392406e-01
6.178703748148229806e+02 4.146923103079298585e+02 7.927162885704488451e-04 7.644565555244415417e-03
2.190199224878692803e+02 7.307774106935438567e+02 -7.742134861946385616e-02 3.075767254903640224e-01
7.704837555715915869e+02 9.617497066849190333e+02 4.492902190466987241e-04 2.095790636390390191e-03
7.770916857065112708e+02 9.427045403872824636e+02 3.895445311624177835e-03 1.269970457960115182e-03
7.754669468131355643e+02 9.472056758590148320e+02 2.780665919964698043e-03 6.240886530955178438e-04
9.846708014336149972e+02 8.668018603649713896e+02 -1.920089681910816103e-04 -2.886776655670230535e-03
2.687003208381823924e+02 4.212613070646635265e+02 4.439984166157161238e-02 9.166385254035118446e-02
8.006617958075838715e+02 9.518046386607220484e+02 -1.652735075411571747e-03 4.381520280417990553e-04
2.666544599483810885e+02 4.294574228230276276e+02 6.246124017859708971e-03 9.392335672414041381e-02
6.193918325910841531e+02 9.358317925490086964e+02 2.330312401889134621e-04 -1.334343196886759054e-04
2.813731018492649127e+02 5.937971345448720513e+02 -6.953877184759051089e-02 1.538806249891095934e-01
1.155748349196349636e+03 2.213973604349728248e+02 -1.406716061554282582e-01 4.030930206361732493e-02
5.812615230148661567e+02 4.844836590603983382e+02 -8.955770155386862108e-02 1.275375549616933162e-02
7.850255637694115194e+02 9.362291722714847992e+02 1.436830338144376960e-02 4.111842177906618358e-03
6.109003743540430378e+02 4.422137168274619512e+02 -2.231809337162368734e-01 1.180937543855395816e-01
9.704647353059814350e+02 8.827111212097800035e+02 9.624431659142711464e-04 -9.592269916754615419e-03
7.820609604167628959e+02 4.897314823116627736e+02 -4.878097778002105686e-05 -3.427749245075250141e-04
7.852397518748210814e+02 9.439320428781222745e+02 1.614414477979148749e-02 9.133892440351953912e-03
7.961289449284040529e+02 3.822592516574932802e+02 -4.872967913659315489e-03 -4.707418923891226216e-03
2.726189182387830101e+02 5.701223705177606007e+02 -6.119435317179639650e-02 1.558784733260644983e-01
3.002398887009052260e+02 5.599945114658769398e+02 4.480707204538816012e-03 1.053149245399479352e-03
2.529189109059241218e+02 6.611788431112914850e+02 -2.431043341943867758e-02 1.887715236955782028e-01
8.036020198793145255e+02 4.231488139702740909e+02 -4.859568733058049032e-03 4.497247219066170809e-03
2.301048214708228841e+02 7.798685287131501127e+02 1.124744180908216623e-01 3.228403075479682749e-01
1.941069399614961526e+02 3.194293366495459168e+02 -2.808666835960030826e-03 -1.372637034929800491e-03
5.925184668927465736e+02 4.036397592779057959e+02 6.365988494691676020e-03 3.513758419371292160e-05
5.371714498219323559e+02 4.261979072324604090e+02 -7.938551050346636870e-04 -5.444117925302036434e-03
1.181443079405582921e+03 4.813061127379692152e+02 2.469203306245032203e-01 5.021665015792903253e-01
1.109179736875749541e+03 2.366051414633040793e+02 -2.732637450068554907e-03 6.794165870938304562e-03
1.033302597619041308e+03 8.330349418460797324e+02 -4.070104936331382824e-03 -1.362969421102161981e-02
1.198973723027015922e+03 3.320816989886962460e+02 2.188074019602594400e-01 1.979905414101449934e-01
2.767767869462480803e+02 7.740546714463181388e+02 1.686550696706889951e-01 4.115686227003388931e-01
1.011147652447516975e+03 8.560210913916097297e+02 2.751275609957904572e-02 9.731032511251557285e-03
9.935376249222005072e+02 8.225559698550499661e+02 -2.137396143774651213e-03 4.385922332216573259e-03
2.367632611752393359e+02 6.181869959852755301e+02 -5.044115134266648204e-02 1.827431105180456206e-01
1.282225836534325026e+03 3.692601978559795839e+02 6.217079075737940580e-03 -1.566749665655696802e-02
2.756772290711950859e+02 4.359286197084289256e+02 1.055480154140565376e-02 1.418879259972724571e-01
3.261930600624735348e+02 5.528779713921626353e+02 2.345921868956538786e-02 -1.136356326943350255e-03
3.305012704661519365e+02 9.603671771388540037e+02 -2.102782284554510217e-01 -5.370110498461764248e-01
2.409476935911791315e+02 3.727162871588374173e+02 -6.218882447489877674e-02 -2.416350582226397259e-01
7.333325007816247307e+02 9.803629663764136239e+02 -6.017109391448252588e-04 -1.007316116179386928e-03
3.190381288324647358e+02 5.492152820341794950e+02 2.509541655322974820e-03 -1.748235624431867391e-02
7.727226060518174791e+02 3.971779296801279315e+02 -2.179905535175487633e-04 3.430926559311649887e-04
3.386233811796445821e+02 9.596946435181649804e+02 -2.037991872709717933e-01 -5.387952264638672384e-01
1.100540244147399108e+03 3.839090018266531956e+02 1.966996492226731896e-01 3.840972039334354937e-01
9.884548867700725623e+02 8.324086404495501483e+02 -4.296618370021140776e-03 -2.598576538966791563e-04
1.045933189986207935e+03 8.599060867787627558e+02 -1.629106465777500293e-03 4.447916277854346845e-03
5.294742561415718001e+02 4.859030834031501058e+02 3.935453212144950259e-03 5.802554922575557965e-04
8.270891649599768698e+02 4.008921009035418592e+02 -2.354481597072969473e-03 -4.028047844322413078e-03
1.017533518517848051e+03 8.313055366552111991e+02 -1.504365150017382760e-03 3.809214633134156650e-03
2.580817077058909490e+02 3.963995308802479940e+02 1.336629726682477329e-02 6.139695060111555192e-02
1.179058366259966533e+03 2.492823323583071442e+02 -2.136214006670775472e-03 7.613306603818413044e-03
9.473579773401183957e+02 8.365419784087970356e+02 1.181380472158675976e-02 -6.527752029760809649e-03
2.519306971991666160e+02 6.762852657876790090e+02 -6.710077841824561851e-02 1.228515720011741780e-01
4.646136601220737248e+02 4.536605917390847935e+02 -7.848071423354937778e-03 -6.021412739496306496e-03
1.101541300502829245e+03 2.238411346984819659e+02 -2.238348247058161503e-02 4.861085583208037825e-02
2.677522225527123396e+02 3.015283738326241405e+02 -4.027204866207906124e-03 7.764750070610617998e-03
2.849671179311470155e+02 4.097998774562375388e+02 -8.750658846295918114e-02 -2.428520288741149724e-01
9.538531178105032495e+02 8.226865901186411065e+02 -1.008272970216464838e-03 -1.744788249227147538e-03
8.222458810283468438e+02 9.361798424042531224e+02 -3.094911445251761345e-03 4.545140715153462956e-03
7.268782153043664493e+02 9.700214812493070440e+02 -4.027537058076145760e-03 2.734242442338564658e-03
8.223481335376986863e+02 9.449005798622121119e+02 -4.390939529437421808e-03 -3.081681349682851428e-03
5.499986328025319153e+02 4.310840146843059415e+02 -1.987272808036444696e-02 -7.027237595034331250e-03
9.646374098392485621e+02 8.594885331020841477e+02 3.586413030754920933e-02 -2.278958949145051815e-02
2.880212144062985544e+02 5.734706913021914261e+02 -4.917788449278032853e-02 1.467147614678906142e-01
6.315456047500524619e+02 4.508945076321336387e+02 -2.124822734181134876e-01 2.267083530468256003e-01
2.648754949179030405e+02 7.875138044927954297e+02 6.468739731817527150e-02 4.453550171499759402e-01
8.640852815787399095e+02 8.833057860030830852e+02 3.820156894719545781e-01 -1.524829470060021785e-01
5.467955964408564569e+02 4.600514082159906479e+02 7.221908901550533853e-03 4.708470081923358912e-03
2.498829340782033057e+02 6.373969370470396143e+02 -8.701882021410053958e-02 2.024863135002339942e-01
5.286354023589655071e+02 4.407093743445077507e+02 2.791820688708858151e-03 -1.986042816724875593e-03
1.067569548846787939e+03 1.987817946505725786e+02 -6.039716736186975625e-03 1.288786986363066149e-02
7.529420454448903683e+02 9.735703915341813399e+02 -7.768433339932844829e-03 1.746753648088466421e-02
7.514226379068584265e+02 4.437631837509397883e+02 -4.014426597850030524e-03 2.988986651262065183e-02
1.030748796371782646e+03 8.254700444926676255e+02 -7.107946295702888848e-05 -2.313799209113006489e-03
2.813358095867421866e+02 6.612060142643628069e+02 -4.947614723749555604e-02 8.136053657762595814e-02
1.022014358960853883e+03 8.152308149477413508e+02 -2.141572357498550301e-03 8.417462767889303046e-04
1.206475875065931632e+03 3.556395298469827253e+02 -8.734591923242231160e-02 1.084503056535498777e-01
5.011797878365483143e+02 4.651973267870108657e+02 -3.324409466933327031e-03 -2.169013641070822746e-03
7.407899181395464439e+02 9.585009601640479104e+02 -8.600404716441453551e-04 -2.563144212265995418e-03
2.519125348319368527e+02 7.898441132383777585e+02 1.223215784428826336e-01 3.365899354936874865e-01
1.254490242922358220e+03 3.226249724278539475e+02 2.103718878438169959e-01 1.546902345954304370e-01
1.144590742067324527e+03 2.326878247629299494e+02 -3.249643401309050550e-02 9.393744244124772880e-02
2.041424775616730756e+02 6.364223866626676909e+02 -1.059163028403043855e-01 3.720848756324542372e-01
1.067105334348973884e+03 2.135732125998790991e+02 7.229050706250250875e-03 -1.587885047242319075e-02
9.505437550094886774e+02 8.848961472470001581e+02 3.648246454487567569e-01 -7.506339316852077281e-02
2.156441541002874658e+02 6.313116545822936132e+02 -1.698134958928631533e-01 3.746576262255669754e-01
8.880805345480524693e+02 8.905715296195875226e+02 4.522118088226647070e-01 -2.625525337007972998e-02
8.187788430239986610e+02 3.795838887757895463e+02 8.751026932275023096e-03 -3.909756823905147574e-03
1.213238166575751393e+03 2.413040217355805055e+02 3.942889759490312424e-02 4.398645471030169368e-02
9.715814813384716899e+02 8.888688871483441289e+02 -1.026619784303001853e-02 -8.447815341240822937e-03
8.983661446934643209e+02 8.452411531859177103e+02 4.192426545377301444e-02 -3.751399675331192757e-02
2.451177792399666089e+02 5.200823923744736703e+02 3.651100890208184083e-03 1.003216200161875923e-03
1.197716180442785344e+03 2.047124355018617905e+02 1.003832904504210755e-03 6.844422908929431032e-03
1.120798416578184970e+03 3.645858266530979108e+02 2.396175148235260566e-01 3.831784169888934333e-01
1.240570455157752576e+03 4.892542221813783954e+02 2.926973063362815486e-01 4.398087719910361848e-01
6.462956170560491955e+02 4.152467717632832773e+02 -2.495671602672450973e-01 2.629536955458748326e-01
6.240815722133614827e+02 4.615710007417462748e+02 -4.100003150428849219e-01 1.709558121168809064e-01
7.968893494024433721e+02 9.334050945786735838e+02 -1.572494679600489401e-02 3.348714527498153348e-02
2.722598931867713077e+02 7.914751863504557150e+02 8.334811204762128389e-02 4.457936323109120691e-01
8.650010139983671706e+02 1.102279497461507617e+03 1.857969232546700705e-04 1.255101948671754925e-04
9.441683548439049218e+02 8.562720227304332639e+02 -6.230505282986195138e-03 3.664544052627558175e-03
1.952507310548366206e+02 5.934036965953946492e+02 -7.954233898441214661e-05 9.129910748629975481e-03
2.618546691784450218e+02 5.448932616125049435e+02 -1.138967324331525283e-01 1.557811929366907100e-01
4.948684455668459350e+02 4.475466077162427609e+02 2.488964755665584120e-03 5.427475247876089627e-03
8.352875443957062771e+02 4.114940356550990259e+02 -2.754138964870561537e-04 -9.294717072802456204e-04
2.785216072227444215e+02 5.591717122165406408e+02 -2.707495963002629763e-02 1.641213590975189873e-01
1.008368200485119928e+03 9.275492179522696006e+02 7.368501209731392150e-04 8.273455149368475576e-05
1.114163690885284495e+03 3.124332693210942011e+02 1.637393303472408912e-01 2.204400222730990011e-01
1.250492225608495573e+03 2.569386526528479067e+02 -1.079062508034385817e-02 1.123303621368433071e-02
1.142771193002152131e+03 3.652078969014431777e+02 1.310567618591872152e-01 3.036539919942208843e-01
2.584133763635621222e+02 4.833409288557958234e+02 6.533632182106290098e-02 4.275191030066509412e-02
9.620952950386628117e+02 8.772659314330506959e+02 2.773566753901230975e-01 -9.948162265706543550e-02
5.374195739489667858e+02 4.595059097017698377e+02 -1.357377884626248012e-02 9.486119194275938540e-03
2.491928692150834479e+02 4.154367448461348431e+02 -1.475379098840337022e-01 -3.026596608379441000e-01
2.242493457469291229e+02 6.700077435504779260e+02 -3.809101802038705048e-02 2.353620852586280621e-01
2.222266013590796376e+02 3.124971302097188754e+02 -7.071167567309319391e-02 -2.774608330896609631e-01
5.211339479669777575e+02 4.238075869088408467e+02 2.909434254816726118e-03 -1.266722810583254324e-02
1.213023349750717898e+03 2.152643947852099586e+02 2.652287936273814428e-02 -3.419181990251321523e-02
7.917538458189825405e+02 8.820221543284994823e+02 -1.049480104418915594e-01 -1.243959029384786724e-01
9.686682851311281865e+02 8.254481441907475983e+02 -2.516022501842850941e-04 1.223351728417538219e-03
1.929729273118902313e+02 5.047109842047396455e+02 6.551367642162354973e-04 -3.918375084755426618e-03
8.078985364545318362e+02 8.927035589170864114e+02 6.472321149582251076e-02 5.451258047738668372e-02
1.191872881748341115e+03 2.111536178785423488e+02 -2.135830014680377160e-03 7.250759593937694883e-03
8.110989529947213441e+02 4.047275839244096005e+02 8.341107007791240258e-03 1.149597611312556944e-02
7.670686722642590212e+02 3.865614477592761773e+02 -2.606405007178308128e-02 2.465282109122791596e-02
1.105226597579416193e+03 3.420411718244535564e+02 2.893885112592031184e-01 2.483247528673355187e-01
1.196547811113392299e+03 1.848339819714201155e+02 -8.010579787178537942e-03 1.276726274740649578e-02
1.184389396713318774e+03 2.109905729357073483e+02 3.431002889063093642e-02 -2.412231913141306763e-02
1.627689821711635432e+02 5.099637901405463367e+02 -1.546647500402054398e-01 -2.782763050885774248e-01
1.120235282972856794e+03 3.256490562292923983e+02 1.770730835652318536e-01 2.040766348751897608e-01
1.143915430565731185e+03 2.102020842630265633e+02 1.823793870293644037e-02 4.583014142185945147e-03
1.145273692002549069e+03 2.518121358471996416e+02 -1.733022607736034448e-02 4.485524407822547716e-03
2.687079435684493092e+02 5.324914591675581050e+02 -8.470136456529216151e-02 1.049055208242664072e-01
6.146288795974667210e+02 4.523951730209456059e+02 -2.162739454889371638e-01 1.226319010166664614e-01
6.022133437119124437e+02 4.641672050174930746e+02 -4.073303084220706305e-01 5.936098782076712488e-02
1.072574522652664427e+03 2.226821910236974986e+02 1.299862084601279520e-02 -1.532024760968533732e-02
5.594022455184723412e+02 4.135083789002042636e+02 -2.470471233128492764e-03 1.284967955242147589e-02
2.203243543729638816e+02 7.451659731114738179e+02 2.358358169994876144e-02 3.194767882936793701e-01
9.220292228784103372e+02 8.684830840346395462e+02 9.414749522128622317e-02 -1.550048927479470880e-02
6.217611994929734465e+02 3.949249533024170091e+02 -4.583637518285106349e-01 -1.372115787161360956e-01
3.322779626550616854e+02 5.372177926265763972e+02 7.908402436674976483e-04 -1.514290734872242869e-03
1.120798971707988358e+03 1.616716926145533932e+02 3.208478868981557569e-02 1.960077635707835070e-03
8.529163468369958991e+02 8.469404085266047559e+02 -1.302402510639307670e-04 5.131416838222852862e-03
5.112629826382159308e+02 4.390548651045326096e+02 1.082479429002059206e-04 -9.387394844494148950e-04
9.947803423908369496e+02 8.755828210837426013e+02 4.912881480518395926e-03 2.866161133656217920e-03
1.621420084975959526e+02 4.977825150498125026e+02 -1.736431478721840449e-01 -3.128730758072004181e-01
1.037235697160565678e+03 1.593416978737239731e+02 -8.386235838368898132e-02 -2.728233718176646672e-02
2.611467781788514344e+02 3.808563852895079549e+02 4.086637142668144568e-02 2.043579414869732824e-01
4.801440255121766540e+02 4.696537319457596595e+02 -1.713716551002094322e-03 8.736869031429476615e-03
2.730844945273749431e+02 5.905925831887524282e+02 -8.829660381055286222e-02 1.657449854476172324e-01
8.351531105832248159e+02 8.988099033830072813e+02 3.870462215797222383e-01 -8.764953106216387402e-02
7.170613629799055389e+01 3.175980439712008661e+02 2.459658887503754065e-03 1.082581964288694895e-02
8.068282230204090411e+02 9.404686949460258347e+02 1.135163861497200848e-03 5.283774155550913058e-03
2.513359415507166830e+02 7.234080925886312343e+02 -7.677926110357623235e-02 2.375175370784542994e-01
2.898180155501156605e+02 8.309072642999876734e+02 1.873185848196380898e-01 5.007022201304442977e-01
2.552382178595420612e+02 4.342096378145453173e+02 -1.125950504545813191e-01 -2.077293590844730420e-01
5.365545379569450688e+02 4.141798254714764198e+02 5.263944834307111680e-04 -2.712177408342864807e-03
5.208423030956547564e+02 4.411584149483209671e+02 -2.599404703337403547e-03 -8.365730558817193949e-03
3.266944531823126567e+02 5.353727561144255560e+02 8.582296305006042667e-03 -1.701548700603636079e-03
2.521891840857153397e+02 5.181168454700629127e+02 -7.870366013524870974e-02 2.913223929847891247e-01
2.302559493154516304e+02 6.523070061636680066e+02 -4.243201056624400919e-02 2.311522905343952050e-01
1.186654598771521933e+03 4.229498608384454883e+02 1.305852144656041158e-01 3.942896853009722480e-01
2.559781142171492831e+02 3.735247782904271503e+02 4.944508802326746250e-02 1.135744725548970685e-01
1.078471439377187153e+03 1.559173447567356163e+02 2.217219862420373722e-01 -4.732510769396531813e-01
1.204578262999625167e+03 2.022873059422589677e+02 4.447639299913513054e-03 -1.816125774740052004e-02
1.107914086908399895e+03 3.159656416740900795e+02 1.746991414022634470e-01 2.163568787865584042e-01
1.133563659000695452e+03 1.706797425573379314e+02 -1.788835375827337038e-01 1.096926427071900634e-01
1.123797730347588868e+03 2.133953789019153362e+02 2.039722148703668192e-02 -3.098549456448457945e-02
6.708349585379554583e+02 4.303742592409433314e+02 3.258619412547229532e-01 -1.396012630593320147e-01
2.689642201289716468e+02 4.861949405246118090e+02 2.250694053978322812e-02 -1.349692070414147960e-01
2.760844974444339073e+02 4.188114775345933367e+02 1.625635156324053629e-02 8.598267541748609577e-02
1.511410169345597296e+02 4.543736279301830905e+02 -5.463459048610725191e-04 1.439425256366445253e-03
8.198887701825476881e+01 3.248097270044169136e+02 -5.417796938286751143e-04 1.113329021729378638e-03
2.810544349784607334e+02 6.070832116265980858e+02 -3.393432628282799790e-02 1.248378821341718653e-01
1.140355355262834792e+03 2.191657932377796101e+02 -4.052188808190753874e-03 2.295475170328272266e-03
1.029134133456618883e+03 1.955602223410717215e+02 -4.496998212428902908e-03 -7.712750904814957321e-03
2.408438809909783913e+02 7.114206295044348280e+02 -6.281905903885097453e-02 1.954272612702015466e-01
9.733920178805889236e+02 8.711110214809293666e+02 1.102245521163281068e-02 2.610238975431583217e-02
1.426428811104354395e+02 3.918869093120886760e+02 -5.954340835545632489e-03 -8.458071485045541224e-03
1.246776016716525874e+03 2.821733077343852756e+02 8.648197513256230748e-03 -7.216546363839980438e-02
2.997898656802253754e+02 9.807554424155684956e+02 -1.500790142720121456e-01 -4.597728167693753698e-01
3.130108556093663310e+02 5.112142082313071114e+02 2.693468396525176139e-02 7.187569068721902377e-02
5.415521283576158567e+02 4.236190196345525010e+02 2.021010976663281233e-03 -1.863077619617851748e-04
1.128841317013723256e+03 2.211576897290827901e+02 9.415637756636906913e-03 -1.698778502542505620e-02
9.980689224468221710e+02 2.476116132868409636e+02 5.861651143996679872e-03 4.086255094219128602e-03
8.507398873138466797e+02 9.315740636447753786e+02 2.758837208591670507e-04 -1.114034558958616663e-03
2.598253593106393282e+02 8.198129686923783765e+02 1.833257326907139495e-01 4.203196378713300874e-01
1.200158726708451013e+03 3.470967867332179821e+02 -9.044025074763564764e-02 5.540358417737713953e-02
8.912323100004808794e+02 9.328564632230418283e+02 7.564370233480850704e-04 -7.478229508143329038e-05
2.669765549017929516e+02 5.727850900529039109e+02 -7.535862249757359355e-02 2.009372853414590487e-01
2.414694660986358770e+02 3.775073759031459986e+02 -6.105997807555602064e-02 -2.576541879242453814e-01
1.280562652922156076e+03 3.001575585523307836e+02 -1.444292973109900270e-02 -4.960408155258255042e-02
2.365442523105836869e+02 6.471283741508625553e+02 -2.642973317011386783e-02 1.753943704665320846e-01
2.076897954883363582e+02 6.622007426630088958e+02 -6.372611934613763018e-02 3.782955187251965667e-01
6.233864385005642816e+02 3.785331988987377940e+02 3.110249416775755227e-03 -8.136047436382774084e-03
2.504969941411878551e+02 7.182081093460718648e+02 -7.264313866413078802e-02 2.514027592393583976e-01
5.703129203740223829e+02 4.784787005407951028e+02 -2.839413600915198788e-01 9.269812158938950386e-02
2.548692931602720080e+02 4.991948260965364739e+02 -2.208597026848613601e-02 1.827303769816313039e-02
2.003116922443309420e+02 6.949725167474997534e+02 -7.069197184010492241e-02 4.778923772840700801e-01
1.061587233054742455e+03 1.601565482288791316e+02 7.522094220112284305e-03 1.285081838692475262e-02
1.013386759014049289e+03 2.465415870275845407e+02 -3.765434443108564566e-02 -9.313908373420470843e-02
5.954941391900648568e+02 4.157839822413355364e+02 -5.465166618139369152e-03 -1.233130913130924163e-02
8.155385403239590687e+02 3.623842840925257747e+02 1.116258644655957052e-03 6.426891553066507203e-03
5.481270739508117913e+02 4.249718080429881297e+02 4.594423981861926872e-04 1.184136685243278309e-02
8.575842275808329305e+02 1.101691636861349252e+03 -1.343339384214970638e-03 1.177635344915735523e-03
9.304110801611925581e+02 8.359142157255678285e+02 -9.213827189344078782e-04 -3.678641856059485524e-04
1.154993122243329708e+03 2.136878597581827535e+02 2.098264370069820306e-02 -4.340972639113119952e-02
2.451277310127015312e+02 3.577414570699076535e+02 1.956143805181942072e-02 1.598352104667838669e-01
6.071664257774297084e+02 4.133558211528449533e+02 -4.714101571886825104e-02 3.070956098294386205e-02
2.193268311223332603e+02 7.568085439655582149e+02 2.869735031160922101e-02 2.938492325721719367e-01
1.144197615412278765e+03 3.430309890528308188e+02 1.519342205505142818e-01 3.443045416454531549e-01
2.567249245288883230e+02 6.495661044232747372e+02 -6.938730135601869908e-02 1.985990737908934489e-01
1.148562755099869491e+03 1.874657449437147818e+02 -2.432663477853422296e-02 2.839652221200735654e-02
1.157900882721306061e+03 2.551442945758207372e+02 -1.437793377334684736e-02 -4.324679468100897997e-03
2.675984805301458209e+02 5.845852153564650280e+02 -1.115624169924034903e-01 1.724202783682110551e-01
2.598146694381599673e+02 3.577379697089006640e+02 4.682281607072262541e-02 1.713885495821057259e-01
2.255538500941352993e+02 3.096552363864878998e+02 -7.717661133646505633e-02 -2.715761618419244572e-01
2.540421177608037624e+02 6.871054507977817138e+02 -5.684795251536489680e-02 1.763052318959751619e-01
2.433135109390827893e+02 7.702366515636438180e+02 1.419048130612480529e-01 3.250761890927743591e-01
3.091096300068243750e+02 5.508574667937114100e+02 -1.085693004803474826e-04 2.511805071140536429e-06
2.018131468788035647e+02 6.569531583145870854e+02 -1.056460638976696176e-01 4.717362519461065773e-01
1.048005599104464409e+03 1.709383853942299822e+02 7.823434383255228886e-02 -2.156697269712483378e-01
2.276086793678431661e+02 7.573346678305223350e+02 6.933877239123628633e-02 3.148141339242392367e-01
4.658558446903214190e+02 4.595823717508450841e+02 -5.081070828580750917e-03 8.100549525867075870e-03
2.681785236021659671e+02 4.642234764722720115e+02 -8.511769177619775417e-02 -1.155963666690381364e-01
1.236229500318583632e+03 1.319431176470149296e+02 2.095112928427084447e-03 -5.675038328403465317e-03
2.432280261923534113e+02 3.953325803137037724e+02 -8.493734105657366196e-02 -3.137248529869501312e-01
2.662265268656860258e+02 3.518493564542406489e+02 4.514506082370581264e-02 1.716081731137566457e-01
5.081678208704735198e+02 5.065833646512356268e+02 -3.485578801261080082e-03 6.319758939173538391e-03
2.869833943108868084e+02 6.121892202015130806e+02 1.629495266580995461e-03 3.780647351203301337e-02
2.447284785913054748e+02 8.320193984732341050e+02 1.567804946329716675e-01 4.286056531105525425e-01
5.049300151538798218e+02 4.898369318064811750e+02 -3.505636999097244515e-03 3.145136551521849656e-03
2.671124706686524632e+02 4.732485602923480315e+02 -4.769734351995708749e-02 -1.260032874374307499e-01
2.752091120702590388e+02 4.076206888903985259e+02 1.119184604766306282e-02 1.607138954909844153e-01
2.319809958831140762e+02 3.484043565844385739e+02 -5.833793897069920048e-02 -2.152674037394429474e-01
2.450381637717117940e+02 3.858126270053462576e+02 -5.572369118686514716e-02 -2.785317213433677330e-01
1.050021589930713617e+03 1.699345297252414184e+02 1.659531309410745489e-02 -6.716935789447429916e-02
7.844670295550192805e+02 4.028446297736571182e+02 -9.649605467687494753e-04 -2.617821759353283154e-03
1.032689449452779400e+03 2.556941060174237350e+02 1.551715770846630871e-01 3.374555298280002558e-01
1.215948201829687605e+03 2.352994238582878666e+02 -1.844480564329279565e-02 1.174166798616757129e-01
1.081841006489245274e+03 2.822336221043897240e+02 1.541874784722139236e-01 3.689102153364572367e-01
5.443698288067428166e+02 4.109927917089368634e+02 4.557480164788391304e-03 5.490688831674889192e-03
1.016538375322126853e+03 2.751089867140926231e+02 -1.018176694233126518e-02 8.513030723847941211e-03
2.713945742059895565e+02 3.712257108754154160e+02 5.652778511769651626e-02 1.582351378077010706e-01
1.093465285706507302e+03 2.107484643675361440e+02 2.222129245628911079e-03 1.016399649685019967e-02
2.198240498721520737e+02 7.771994440927530832e+02 1.155789095617073547e-01 3.111813705729729596e-01
2.538133043169635528e+02 6.292018545535454450e+02 -5.820849635839122488e-02 1.623851481819492126e-01
2.706298208532130616e+02 4.393637551280561411e+02 4.962825679072382923e-02 1.256675535408210698e-01
1.194826909219302479e+03 2.615470847105683561e+02 -4.468658653475737069e-02 4.792857085919652316e-02
5.901868913743387566e+02 4.762218640354785748e+02 -2.773572819464496519e-01 3.998651665464329763e-02
3.071874290512931793e+02 5.542899643036605539e+02 1.251823641237339484e-03 -1.014527142758359481e-03
5.470613330233337592e+02 4.113864994335353344e+02 -5.401049440596319057e-05 1.896985918582886482e-02
1.021213921121737712e+03 8.699300053762334528e+02 1.376463973660592421e-02 3.845812153347106382e-02
1.126984191277994796e+03 3.365666870008798242e+02 2.124541070552750932e-01 2.802022457055076687e-01
2.796811140417368620e+02 5.779532222975869900e+02 -8.373001602927843123e-02 1.569976188648216364e-01
2.398940189157428335e+02 3.450143634337911180e+02 2.002107527151185049e-03 1.493846873958597776e-01
4.635130839027502816e+02 3.924937185326345457e+02 4.723488872776548703e-04 1.117166488561249131e-03
9.117828755811448218e+02 8.827614230789012026e+02 3.284275061897687920e-01 -8.332168242873644326e-02
2.947618645474231016e+02 5.546750357123933100e+02 -2.318737605914784200e-02 9.893400688741454951e-02
2.530004519764939630e+02 5.564854825303540338e+02 -9.399602916481158976e-02 2.176974184345490115e-01
1.017540066548900313e+03 1.638750979987371750e+02 3.710262091347809287e-03 7.801706365059414387e-03
1.935471326026744805e+02 6.545845672440212866e+02 -1.453614394550558908e-01 4.736336169643490801e-01
7.532082995199941706e+02 8.451486898922725004e+02 1.739236012628392217e-04 -7.775562938505654019e-04
9.775422629285393441e+02 8.456359047495519690e+02 3.423387858974099706e-03 1.379382266728354425e-03
9.700236873332644336e+02 8.677979593629247574e+02 1.152777109297727642e-01 -2.764530129429365948e-02
2.463057757794591964e+02 3.425468787789907310e+02 2.336240130233619219e-02 1.771696761224799410e-01
5.946486048578829013e+02 4.815464221199878239e+02 -2.782369518364070649e-01 2.214830727870499213e-02
1.140857029910501524e+03 2.084622033914284884e+02 9.785491101283606830e-02 1.852131458556571797e-01
2.290144224145517455e+02 6.760492309616518014e+02 2.651018039730647369e-03 2.089810507460650169e-01
5.516111181093300502e+02 5.023169838550442705e+02 -2.974046113658025403e-01 5.672873723064959794e-02
1.040200087217153623e+03 1.653257412394194716e+02 -6.937603446559559815e-04 -6.154779228725686807e-03
2.736228069620985934e+02 3.794033585147306553e+02 1.882382199194733777e-02 8.376352332155219405e-02
1.163753500520029320e+03 4.466046299475129331e+02 2.157303032902876672e-01 4.466285343119198448e-01
1.159266386253164228e+03 1.420710391652118858e+02 4.273011493749904327e-02 -5.307152168052620134e-02
9.070609145723971096e+02 8.933315277968223427e+02 5.359300837704871201e-01 1.130984373456176166e-03
2.326297982000009767e+02 5.277964619320533757e+02 4.121566059371922774e-01 1.155251091293220678e-01
3.214073494566578120e+02 5.282417300526593635e+02 1.786577127947762411e-02 5.674037507114827392e-03
1.088624319422588087e+03 3.332318069613095304e+02 2.460623924438289437e-02 -5.906766458897976663e-02
1.167877355524032964e+03 3.516648873304374661e+02 2.756723108191271379e-02 2.620966688879646234e-01
2.626099082752131721e+02 3.937332962222549213e+02 4.681535307024333598e-02 1.584491433909663294e-01
2.991857471527397934e+02 5.634426365162485126e+02 1.126388704616971062e-02 -2.207466079455278670e-03
2.651166304824045596e+02 4.483445413275695159e+02 -8.708819396329856022e-02 -1.606732300736417873e-01
1.094889655878804206e+03 2.988811449426107743e+02 2.977020366294669262e-01 3.567710347385539826e-01
1.170015131282505081e+03 1.721734726773484283e+02 -4.056895027279907966e-03 -2.282674046393670317e-02
2.740868160114956140e+02 4.625106948780903622e+02 -6.663055240270376878e-02 -9.335197942833994844e-02
2.955685465556152280e+02 6.023817268938477127e+02 -2.757969844461087908e-02 5.380096805550683980e-02
2.426777752653285063e+02 7.959753829654835044e+02 2.560033924829445695e-01 4.101152441048049879e-01
2.766488786551774979e+02 4.994018118306467500e+02 -1.805094311936103826e-02 4.638098661563175990e-02
2.181566973662549458e+02 7.656568778085612621e+02 4.190104966594525304e-02 3.249153466781704580e-01
1.119079373237946811e+03 2.358455658911009607e+02 1.394302958325431205e-02 -4.123473579172926701e-02
1.166986709639056016e+03 1.500113324782782058e+02 -4.871307543034712534e-04 -5.670707270553240059e-03
5.849213073606808848e+02 3.909569235664815210e+02 -8.615458791676263925e-03 7.239013573095604698e-03
1.155052414948709611e+03 3.528859003746613894e+02 1.914235636024233522e-01 3.114001690873998696e-01
2.489713513946133787e+02 3.353809998703899851e+02 1.061289335742466103e-02 1.724792558799445041e-01
1.181779068807158637e+03 3.248944283087814142e+02 2.367055946923247167e-01 2.073419922622000144e-01
1.171321488841148494e+03 2.174879557481639836e+02 1.946758320512812987e-02 1.186705185305480525e-01
1.167012201197431068e+03 2.299378376746629442e+02 6.264770188433637851e-03 -1.476206530715484973e-02
2.626817704791228607e+02 4.042943074310603606e+02 7.388466489981235924e-03 4.755939697293676272e-02
3.138845044279603371e+02 4.711179281383963939e+02 2.175383920208368623e-03 2.818791509708257551e-04
2.782381980594383322e+02 4.719707817686038425e+02 -2.513763051851723024e-02 -7.250778839643023943e-02
1.523133486034379303e+02 5.080985624700821290e+02 -2.125609491475437263e-01 -3.360253398201044628e-01
2.362073674663222391e+02 3.555154828661565034e+02 -6.705330025183831033e-02 -2.107970659572070971e-01
1.176146964551644260e+03 4.891700954119889388e+02 2.991609475978064259e-01 4.846993936544348180e-01
2.525881351720032058e+02 4.894644893981131304e+02 4.966357670250455200e-03 -1.628352067943370993e-03
1.117841745061474285e+03 2.101515121794421930e+02 2.553795624599743824e-02 -6.297768753798643759e-02
8.396434388799098087e+02 9.031221050804118704e+02 4.203509678572611152e-01 -1.223590311619930926e-01
2.695750071530421224e+02 3.805405449900915755e+02 2.650442923518683824e-02 1.286513611442152427e-01
2.000299933874704834e+02 6.233915454688088857e+02 -1.422106575262410688e-01 4.971790333005817741e-01
1.176022954111736908e+03 3.582159629690390830e+02 -7.993007810744817698e-02 2.952126899602404708e-01
8.691539184867714312e+02 8.918661780111706321e+02 3.919148076983295925e-01 -1.584624149263212933e-01
1.099633157599854030e+03 1.686176970521579506e+02 1.180422679051772172e-02 4.243147136218574679e-03
1.109547323140926210e+03 1.722840438032767452e+02 9.542030093947381081e-03 -2.113504606097677332e-02
2.924611988654729089e+02 1.004386011177521823e+03 -2.621954850693701822e-01 -4.450516324630974241e-01
2.248827358923387294e+02 5.476321935123872890e+02 -3.907971675151566404e-01 3.155384905358128989e-01
1.098972307367642088e+03 4.073141487569564561e+02 1.380271535144811934e-01 4.578933399977363483e-01
3.730041319163228764e+02 9.750489083699018238e+02 9.060983462394561760e-03 -8.385300374313130883e-03
2.395427531521115441e+02 3.269815177150036902e+02 4.279931214435885728e-02 1.838816723337168280e-01
2.081002138481298687e+02 5.799960043535545537e+02 -7.987072704121385425e-02 1.492289120255074208e-01
3.206096081072883521e+02 5.214508143986882942e+02 -1.298947220128031030e-02 8.010460932002325118e-02
1.021919887133000429e+03 1.866364920978208204e+02 5.663295375983251612e-02 8.389380436045627831e-02
2.570537327156505398e+02 8.470045242489049997e+02 1.747626544173479790e-01 4.531585498641358956e-01
1.025550205845898518e+03 1.607300221304288925e+02 6.829340091911998561e-03 -3.044980309733537078e-03
1.315706087955563135e+03 3.317675910356400095e+02 1.033648836884579064e-01 4.395255977641398387e-02
2.771425679632576475e+02 8.616016619224369606e+02 1.521376585654945768e-01 4.805317546048613608e-01
9.979719219378821435e+02 8.243927643527775899e+02 1.029112218890023203e-02 5.444653220943019775e-03
1.938535306817630612e+02 6.370725505099655948e+02 -1.598570075042353988e-01 4.932577638000368303e-01
1.192559436166896830e+03 4.591974548219878898e+02 2.719636100601129924e-01 3.076639777142068932e-01
2.454741062533533409e+02 6.968322298820950209e+02 -4.578043159369348664e-02 1.582041749653840534e-01
7.927093364396187098e+02 3.941123450796686711e+02 -3.740346449788349114e-04 5.050482608829376038e-03
1.220789913455434089e+03 4.325127840081848944e+02 1.977428506524849527e-01 3.095293616833516559e-01
1.140490104542726613e+03 4.170565983996269779e+02 1.708094856719413746e-01 4.072676137929449602e-01
1.643462691175902819e+02 4.903569046044497668e+02 -2.162171074985333730e-01 -2.897017714331976412e-01
1.230110574274130158e+03 4.776643364661970850e+02 5.792361489409223463e-01 2.893995169337559292e-01
2.748436691210166600e+02 9.538824896682165217e+02 -1.535940607620639442e-01 -4.592800167546824408e-01
1.094772191200008365e+03 1.931100436922814652e+02 3.578807338516805381e-02 1.343670253265461523e-01
1.020620734248434928e+03 2.396316594983432537e+02 1.798333745347021895e-01 2.773856496835426233e-01
1.165647797367061685e+03 2.076930459410934589e+02 3.357542483911064163e-02 -9.566874060738254221e-03
2.558241702579173023e+02 3.316326609236340346e+02 1.392271657053694399e-02 1.873387001744993841e-01
5.607835485990542566e+02 4.932250511739752596e+02 5.613078670372073468e-03 -4.683421647757318382e-03
1.174310214067929110e+03 2.123814817713134175e+02 3.027379710769904225e-02 1.792739774740170766e-01
8.951495354254280983e+02 8.702749192427780827e+02 4.007661971252095001e-01 -7.338229552723227189e-02
3.010396285518210107e+02 4.745937622093516097e+02 3.928488313549183264e-02 1.812701028693566307e-01
1.060488467547513210e+03 1.931054984976785818e+02 9.856257358152186940e-03 -7.416445757651825093e-05
2.637669640536288398e+02 8.424392041702541292e+02 1.813074898989940620e-01 4.184132606084750572e-01
2.593654181381487547e+02 7.496067825924817498e+02 9.451664560513244051e-02 3.128813423724507436e-01
3.235507634072116048e+02 4.797660452285036286e+02 -6.883630507276155067e-03 8.546671895361564880e-03
3.072569624021866730e+02 9.960091440638807398e+02 -5.822318346969695968e-01 -3.906983047772230044e-01
2.164081758812651799e+02 6.662925143228451361e+02 -3.685939600945452310e-02 4.059740090900810783e-01
1.171569392838987824e+03 2.469044611557294502e+02 -1.104509729074298592e-03 2.701288355925411146e-03
2.631282562271700840e+02 7.291838399513251261e+02 -7.952525856389326686e-02 2.405177326893138401e-01
1.093577400407555842e+03 2.422191201653790813e+02 6.008434734851990019e-03 -1.280510775065166716e-02
1.133382960586905938e+03 2.795886870954600454e+02 -8.722020129500315799e-02 1.586775980259018670e-01
3.211787371511086917e+02 9.599297236593066600e+02 -1.938079960232879928e-01 -4.994523283999362517e-01
1.186882944502843429e+03 3.395323761715006867e+02 2.014320505111997783e-01 2.647785926169906601e-01
9.715680325055585627e+02 8.299224885489960570e+02 -2.844255837637977170e-03 -3.251919861009801033e-03
3.426636019833040336e+02 9.876365895757834323e+02 -2.564412299084487534e-01 -5.810153256809180711e-01
2.375784317599212443e+02 8.092669861313892170e+02 1.669846764203014866e-01 4.040212459065082862e-01
1.149273305416554649e+03 2.078621252167457101e+02 5.976753726401673635e-03 4.421176512536113996e-03
2.393663894007100623e+02 5.217483688394081582e+02 -6.513268217478264573e-03 9.259481076372652901e-05
1.189135780374925162e+03 1.813137763649357339e+02 1.876169999792353521e-02 -3.441672630246095377e-02
2.723284146174014495e+02 6.375795302311310024e+02 -7.469226889251069645e-02 1.411320162055846039e-01
6.244393564740402098e+02 4.492134361396362578e+02 -2.370686824381153246e-01 2.514568523798406119e-01
2.580040713053521131e+02 8.720872895044134339e+02 1.829890519583013131e-01 4.553291975472507636e-01
2.620573600934638989e+02 5.324428543939799283e+02 -9.829559144605305721e-02 1.349715234206888548e-01
1.012174310362825963e+03 2.601564519940185960e+02 -2.760796903531978659e-03 6.555958573846064168e-03
1.118413568714956455e+03 3.074518730755096385e+02 3.394860795793300801e-01 1.936556192935671439e-01
2.895645828525654224e+02 4.742607383370130947e+02 7.013816418335501457e-02 1.200098319325966639e-01
2.823358049290081340e+02 9.279164779624434232e+02 2.958830899028694894e-01 6.038088946661266387e-01
4.966896668706064020e+02 4.731010747084636137e+02 5.699079099501166978e-03 8.783563465583775834e-03
2.809651536108817709e+02 8.022102307158285157e+02 8.800595574138971033e-02 4.282669516028791423e-01
1.022025034898832473e+03 2.797925706988103798e+02 -1.400679260684165213e-02 1.428469421673672461e-02
2.658562482870841563e+02 6.962316250730780212e+02 -1.215228261930196701e-01 2.093681230894335887e-01
2.624973073660930254e+02 3.659763332836964764e+02 4.370317316053869833e-02 1.487624823554144771e-01
2.868481358329241289e+02 9.236349503218652899e+02 2.762262807466739911e-01 6.240951900286578757e-01
2.711680144005584907e+02 9.264349986585931447e+02 -2.554953829830981515e-01 -4.734274726838476055e-01
1.059811420910582228e+03 2.126486806337206019e+02 2.755883084147973082e-03 -5.149511762981670744e-03
3.068854223144598450e+02 6.149138645404627823e+02 -1.667467594297299474e-02 1.281395721252008568e-01
2.433435192541975027e+02 6.863281348806293636e+02 -7.218287779555945805e-02 1.518686134988821435e-01
1.010483939401320299e+03 2.372897915785473231e+02 8.906673212859661515e-02 3.893921046835989719e-01
1.188162046117126465e+03 2.061062630315561535e+02 3.877356264138593581e-03 -1.993995642917885738e-02
9.025493112523827222e+02 8.833377773570737190e+02 4.029609072192175123e-01 -1.091779975305810363e-01
1.016271411909765447e+03 2.619549846536916107e+02 5.683725085628063816e-04 6.112861256023806138e-03
2.573794530203676345e+02 6.571682239617904315e+02 -1.858795005101863268e-02 2.056279570357356645e-01
3.443119334824639850e+02 9.567907560313479962e+02 -2.120238344154461163e-01 -5.412649986168749372e-01
5.220589478574710256e+02 4.246010536255631678e+02 -2.437641946684299035e-03 -3.999381146222799263e-03
2.851071933140380565e+02 4.938154863080044379e+02 -3.309971649312980907e-02 -8.748212164376167888e-02
1.082963050765493108e+03 1.993296985962604992e+02 -8.779700306960047315e-03 2.042490376417242098e-03
2.791394045290130634e+02 4.861670208923930545e+02 -9.095615054076515438e-02 -4.067095678792521235e-02
2.479440526799858446e+02 3.938823457514073425e+02 -6.846739550792195483e-02 -3.089773411635282074e-01
2.842775278233886525e+02 4.725907089029560098e+02 -3.162033289314278295e-02 -6.671677254977530225e-02
1.135498919786786928e+03 3.660655917032678985e+02 1.285462076379108864e-01 3.088343152317037377e-01
1.205172329977125855e+03 2.783058751222779961e+02 4.711477322378342276e-03 -1.447919032767066953e-02
1.156047817613486131e+03 2.816842788511881963e+02 -1.838816255800442279e-01 -2.829152102316131664e-02
1.002419595690923529e+03 8.759088931038669443e+02 -8.595291616100862730e-03 -1.813436689237260232e-04
1.268606556708945618e+03 3.930608519571793522e+02 1.302867279544371593e-02 3.217282810761943387e-03
2.249532273929525559e+02 7.286570504850267298e+02 -8.913614993855811797e-02 2.923626459301460478e-01
1.080689381627617422e+03 1.684172830904967100e+02 8.839521876194736047e-03 7.079621752893109753e-04
1.306372319321054874e+03 3.568026966965432507e+02 -4.755304189624403113e-03 2.655791736459199928e-02
5.872978745975308357e+02 3.986135076910341581e+02 -2.069149161923065829e-03 -6.998666727446278303e-03
2.469846141229219540e+02 6.285639090786046381e+02 -5.539790197737950311e-02 1.592917878023476230e-01
1.190863063835783805e+03 3.137907917672400231e+02 2.531669736222711964e-01 2.596160767155592519e-01
1.187797400668612454e+03 4.001396770217458538e+02 6.832529058045894166e-02 3.399725825497113552e-01
1.223881115144137993e+03 4.656195191667050608e+02 1.919751989376251855e-01 3.760745624179988034e-01
2.789763624854707587e+02 8.204732970299201043e+02 1.033462953970456510e-01 4.430419953998075977e-01
1.113994537991358811e+03 3.228999284869602775e+02 2.474641847653415161e-01 2.050371296129520071e-01
1.127785546015159980e+03 3.612779244816283040e+02 1.360172343387252014e-01 3.508059488579955421e-01
1.192809354020201908e+03 3.824986327573505491e+02 -8.736681396776430075e-02 2.290535806454734036e-01
6.739195382507364229e+02 4.334845114394627217e+02 3.178345144586426918e-01 -1.267879848796066855e-01
1.124543116042892279e+03 1.484771247248651775e+02 -1.398854132140279517e-02 2.873576297642415830e-02
1.115786251903618677e+03 1.662005874365123930e+02 4.405872721122475189e-02 1.252847948432903036e-02
2.467165855024390169e+02 8.598144485661003955e+02 1.453583324740174154e-01 4.519918125240272588e-01
2.442651138446088623e+02 8.205262227171216409e+02 1.403499678509472492e-01 4.165191600511098935e-01
1.234782884889887555e+03 3.711666557920231639e+02 -2.531301826526451415e-01 1.686388748950482241e-01
1.219038622934644081e+03 2.207831635710057583e+02 5.258100193726805704e-02 -6.738379050845216822e-02
5.094992077952691147e+02 4.444100732037873627e+02 -1.870948844821957065e-03 2.225869308402946087e-03
1.202881581828537264e+03 2.280039609538546870e+02 2.927994459646965364e-02 -4.420270447894807803e-02
1.177412440528702518e+03 1.797314922965190362e+02 -1.523087926475139714e-02 3.971641837601187774e-03
1.158704107033858918e+03 2.746538052153449030e+02 -1.822260194801288979e-01 2.176857829349016990e-02
8.816873149255387716e+02 1.100603082620956684e+03 -2.094619524638288146e-04 1.385371052823630928e-03
2.394807337390503221e+02 3.163725217732351211e+02 5.621504588596351604e-02 2.086197302733092118e-01
2.232551318480942371e+02 7.705097440925528645e+02 1.557531313641369597e-01 3.653220465111265969e-01
2.713375135647420393e+02 4.084850510698730659e+02 3.090864252014639477e-02 7.689236655316128433e-02
1.143213631398952657e+03 1.921507474066944496e+02 -3.014100217191442808e-03 3.293799722766491134e-02
2.176766450697110713e+02 6.407070236541691202e+02 -1.389548147192173622e-01 3.467768549899974961e-01
2.593462494727291983e+02 5.047655387514986387e+02 -7.267370756714023466e-03 2.872812919996932668e-01
1.175440851800728296e+03 1.422296773910402408e+02 8.989000441927304241e-03 4.238451158268261194e-03
1.183646174926394906e+03 1.920251962286188530e+02 -6.170992077402230602e-03 8.010351841237602771e-03
1.220064243923808590e+03 4.987071751849351813e+02 2.410414538402448625e-01 4.105712353122922265e-01
1.211214951880866238e+03 4.723486930873387450e+02 2.494934256743331635e-01 3.771802780122262555e-01
2.124914377762228526e+02 6.290482567519558188e+02 -1.159746665550235450e-01 3.417686916057207092e-01
1.136744887235229498e+03 1.772878889431699463e+02 -5.486665893624718439e-03 6.570211508101980909e-03
1.179933263501108058e+03 4.020127739184845268e+02 1.591254679442589692e-01 3.156844987606008957e-01
5.549564424809142338e+02 2.769684155744222949e+02 2.546583780093579774e-01 2.733415658861991782e-01
2.297105352411607271e+02 6.114452277711194483e+02 -1.002715635672881134e-01 3.936082498376667904e-01
2.614536230915568353e+02 3.865311627416344891e+02 3.829340687632518808e-02 1.835301466644174428e-01
1.191904217912916920e+03 3.728213752654879727e+02 -6.974802383251474391e-02 1.671602714789346966e-01
3.066781951445619825e+02 5.742014671171219788e+02 1.760963688233367630e-02 9.619563379891303556e-02
2.820982773121955347e+02 4.476503089322465030e+02 1.355561783044763671e-02 1.294107828174919372e-01
1.175668754716663216e+03 2.337550644772373403e+02 -7.908285555952103418e-02 7.201366010575904752e-02
2.576410768142034726e+02 6.784472027259527067e+02 -6.844778815973549813e-02 1.783548467294014395e-01
1.158545889443638998e+03 3.688983873093524721e+02 8.246291824518338365e-02 3.583287252658396427e-01
2.072455022891032286e+02 7.144053089728535042e+02 1.335716985781485594e-02 3.054841739646818599e-01
2.411739976693172025e+02 8.401759991236965561e+02 1.716324209797898126e-01 4.254604347412385135e-01
8.933024111573320170e+02 8.790056921883730183e+02 4.088343622428699531e-01 -9.584994019440268298e-02
2.580794034782938979e+02 4.116928196828812929e+02 1.337931127511637897e-02 8.312079997254798180e-02
2.569051195872605149e+02 7.046382366104975290e+02 -1.127190861932568094e-01 2.081645438530754788e-01
6.019773259168239292e+02 3.832971612891606128e+02 -3.041262421089832579e-01 -5.691170466160890701e-02
6.101181831421043853e+02 4.244181768331288822e+02 2.218425647969083855e-02 -1.226500362841336129e-02
1.085454121890713395e+03 1.639170767132784476e+02 7.583892174307488646e-03 -1.352382344955210813e-02
1.195542377034319770e+03 3.971848415632147749e+02 -2.518797257133396916e-02 1.377304119542733241e-01
3.272866908833325965e+02 5.200655051177483301e+02 -1.120327569570816681e-02 -8.688454848397938676e-03
1.001093598472068152e+03 3.604015782305312428e+02 4.089042589413046103e-01 7.497297274950668333e-01
1.923512091540588358e+02 5.667073118325138239e+02 3.178874017690463266e-02 -4.706691694032245632e-01
2.754477391203243428e+02 4.563790197782805649e+02 4.279499230003885185e-02 8.799646734280935911e-02
1.999066706930408088e+02 5.986460142890709903e+02 1.160103052259740808e-01 -2.810538578779642194e-01
1.450790272447747213e+02 5.193545510623107475e+02 1.544310388005714664e-02 1.878792377478345418e-02
2.982222263130735769e+02 4.649453378044578926e+02 6.584957270712266109e-02 1.422005626147116453e-01
3.406235340135949059e+02 1.061247700588355656e+03 -1.722788622705750949e-01 -2.919249303163201636e-01
2.773723548440435138e+02 6.156846120438488015e+02 -2.005076670522920948e-02 1.610651226785547452e-01
9.639327999177381798e+02 8.479511203154856958e+02 1.696531756240999764e-02 -1.537198815194552469e-04
2.909550542408948672e+02 9.631064087630028325e+02 -1.426520071562537295e-01 -4.781134504857521561e-01
3.169754918457182384e+02 9.862564366156328788e+02 4.373510025600544915e-01 7.464319233974351375e-01
1.009363306831805403e+03 2.157742153572118866e+02 1.848764799603232201e-01 3.657378359605845120e-01
2.484404148890654369e+02 3.148813242928893033e+02 5.071819078260501878e-02 1.719333041923049588e-01
5.328587645641634936e+02 4.141637607849430651e+02 2.414133049293725082e-03 -1.919564821468559834e-02
5.615642808620713140e+02 4.575551814927733290e+02 2.698265185475713819e-03 -8.994833284624170408e-03
9.969308437838395776e+02 1.997333566020380431e+02 8.950624673477727833e-02 2.497616691359158814e-01
1.126987838130424052e+03 3.822884287749280361e+02 1.983406248671662486e-01 4.705728746252565431e-01
3.300126002807720624e+02 1.064950134237376005e+03 -1.588514375045508575e-01 -2.686057607746097364e-01
1.095357530805584020e+03 3.242413295285243748e+02 2.483092123330823131e-01 3.550850016156098521e-02
1.156500313759343271e+03 2.007734422034793624e+02 -8.109513327963889517e-02 2.094849948733924772e-01
2.746772775390467700e+02 6.026996639359766732e+02 -4.815195668817408292e-02 1.578651192892255029e-01
1.703577576864052219e+02 5.124364525889740207e+02 -1.850417439006531717e-01 -1.787152269818451100e-01
1.099367217721549423e+03 1.641694926888808936e+02 1.538372273314597694e-01 1.266089208229509988e-01
2.608291825398937931e+02 5.875724756942991007e+02 -9.020380481667972239e-02 1.814516704889391208e-01
1.095305137218527534e+03 2.215649607197956641e+02 -9.210206075706965298e-03 -1.596586700146380294e-02
1.203981822009335019e+03 3.374188486545481283e+02 -1.694498091917961968e-01 7.682565627364099092e-02
1.206764404438272322e+03 3.809460665721397277e+02 -1.354152194474089466e-01 7.691421182635854725e-02
1.229880568609265083e+03 4.598287661473545427e+02 1.537255099913722167e-01 3.623214778976921457e-01
3.006276117068103986e+02 5.507862218351116326e+02 9.614882926652372486e-02 2.007516271746939973e-01
1.238779177120501345e+03 3.268178691157329467e+02 2.050471088772822248e-01 1.857011666650331683e-01
1.202742484974987974e+03 3.730997150867528944e+02 -1.565990272242270553e-01 1.293536855977124311e-01
1.826581441844007543e+02 5.906405060919279322e+02 -5.462657354886144880e-03 -8.825370345580087900e-03
2.617741225616925931e+02 3.444802955606625119e+02 4.970806094909750728e-02 1.607191657122106487e-01
4.938983237900084760e+02 4.472011951190732475e+02 1.580437200379046763e-03 6.793356406347757920e-03
1.179123445914439117e+03 1.923229390997771873e+02 7.557541963278438871e-03 1.231044128141321574e-02
3.056622559149182052e+02 1.043631103826573508e+03 -1.255389960509138148e-01 -4.690304397655080115e-01
4.763503027864807109e+02 4.660359169750411183e+02 -7.493621129136648212e-03 -2.424237713162683688e-02
2.570478993378596329e+02 8.018702302250080720e+02 8.263167953149991307e-02 4.007214175525436461e-01
1.044782956206767949e+03 2.049337815637173037e+02 8.744363020572438290e-04 -2.230139381708739349e-02
1.032281631464347356e+03 1.997524274039800218e+02 -4.509586552960694744e-02 -3.794075023525419338e-02
1.175194095941722708e+03 3.497695530384056610e+02 -5.652107858346011419e-03 2.580503072232122053e-01
1.118688311725066569e+03 3.852070004613742640e+02 1.956414541046563038e-01 4.087937648737340890e-01
2.383048517895132079e+02 6.007865429903455379e+02 -1.182812324774234619e-01 1.992463443535645584e-01
2.545086430320981208e+02 6.037948212779078858e+02 -9.394061064277720030e-02 1.942861620049064486e-01
1.151542798440828165e+03 4.015363196266339969e+02 1.615104973064753480e-01 3.722272693278267375e-01
2.599680373719783688e+02 7.391222153040240528e+02 -2.176445860862378373e-02 2.620566579628358928e-01
2.886101365737079618e+02 4.685075974179148375e+02 6.448754499448870747e-02 1.295242888537676551e-01
1.010645066053921710e+03 1.720482074920062132e+02 4.047150975249885763e-02 7.999936724987724568e-02
1.011986021543285574e+03 2.269474315951710821e+02 1.845612566170133917e-01 3.183613575808681428e-01
1.280642887804457928e+02 4.255953535324453014e+02 2.776265269453927487e-01 2.450669768449377506e-01
1.240793528616564345e+03 3.510818621759035523e+02 -4.149021452732369331e-01 8.804597988426232646e-02
1.221139697002813818e+03 3.648552726300804920e+02 -3.400375745508255748e-02 -6.471488223612179014e-02
2.745867347838608907e+02 6.926568373880534182e+02 -9.732361336973599508e-02 1.602880097814351201e-01
1.220191405765493073e+03 5.052790213301996118e+02 2.318274401381951177e-01 4.366401439766644521e-01
2.542766246692210927e+02 7.547063701647373364e+02 9.264768549871917058e-02 3.355822575328223922e-01
1.303003208362353462e+03 3.158168516782202460e+02 3.346659726931638934e-01 -3.483165696122784982e-02
2.243962765631371212e+02 5.979020545488840526e+02 -2.160851940917879743e-01 4.234268712303316251e-01
1.081767628787424655e+02 4.236319927655463289e+02 -1.524319075700824311e-01 -2.894297510293392106e-01
1.068965002282553996e+03 2.997144666000324946e+02 1.086865534594173566e-01 1.994039055046618047e-01
2.469607816844683157e+02 7.261394644645324661e+02 -5.921806070778142667e-02 2.283886570609656441e-01
1.190095628280984783e+03 2.308632710893526507e+02 5.203066460128163984e-02 8.305832420887220013e-03
2.072776571863647348e+02 6.427447705710666241e+02 -1.166940026809148018e-01 3.627417280477454042e-01
2.542915904120971788e+02 7.023725776647536350e+02 -7.384545609500853258e-02 1.595558698866812453e-01
1.101420514306969380e+03 2.937673967891048505e+02 2.876460852539889368e-01 3.307319452818062722e-01
1.198706959666967578e+03 2.222340203051700769e+02 2.565614482529268367e-02 -7.865220893191658680e-03
2.891481424416357981e+02 4.473921613728942361e+02 2.109395056748895880e-02 1.002377462953119858e-01
1.230962180597221959e+03 4.330019437023815954e+02 1.322879727761682167e-01 1.533490657891963260e-01
2.424357918200620361e+02 7.364349096824896606e+02 -1.639547217885279837e-02 2.494567009218246756e-01
5.420265768392996506e+02 4.659175842738145548e+02 3.498401790345585251e-04 1.302831797114746906e-02
2.598253907792152404e+02 6.429944897887872912e+02 -9.186673919658769338e-02 2.092027605715418015e-01
2.862246566227254334e+02 8.032599672493593062e+02 6.843897709288461473e-02 4.318666916143363843e-01
1.156651664475336020e+03 2.495245712508384770e+02 1.659777973234611691e-03 -7.307141112014845820e-03
1.090995829009954605e+03 3.086446138008540743e+02 1.929273576679738367e-01 3.256827360757874601e-01
1.151243121834792646e+03 2.191164815457636621e+02 -1.797726626629507106e-03 9.163644353900046724e-02
1.201480033333688652e+03 4.560768991567994703e+02 1.992569968812389902e-01 3.541569282846014910e-01
1.173971345786812890e+03 2.491133718471242844e+02 8.965575731580381223e-05 -3.196742492951898384e-02
7.837362619852051466e+02 9.591242148205661806e+02 6.926675105061899478e-03 -1.296989032544292736e-02
2.352193635317110818e+02 5.445966887899684252e+02 -3.520367972885550256e-01 2.610916092692815438e-01
6.284779240296691114e+02 3.970709827281526145e+02 -4.077962214311902089e-01 -1.203414818871044456e-01
1.033749966509486967e+03 2.161912470615318114e+02 -3.392280756720973400e-01 -3.685359853731154933e-01
1.255224102416369306e+03 3.607590867464913913e+02 -2.719738023549707617e-01 5.477598972891276063e-02
2.353852359333342292e+02 3.077096036817983418e+02 6.368541985811194961e-02 1.921755955724757381e-01
1.055002576839514177e+03 1.558141999538835307e+02 -1.522371197045132608e-02 -1.653247123812747743e-01
1.172598164335634692e+03 1.924454629641371355e+02 4.942761472489110020e-02 -6.180836753366090314e-02
1.109553499004310652e+03 3.969589219961136450e+02 1.002958974990223323e-01 3.134942482336761649e-01
2.449011776497352173e+02 7.341223853915440714e+02 -2.713296501222531645e-02 2.530749738672196658e-01
1.088819695678664402e+03 2.723776470112759966e+02 5.433393512536339315e-02 3.066806326220728462e-01
1.075752922942649320e+03 2.883433204704039099e+02 1.559132577197927527e-01 1.739324895243446467e-01
2.250997093498457389e+02 6.934434215777561121e+02 -5.562080513550937688e-02 2.479603518504007453e-01
1.212129400311005838e+03 3.373324949458269089e+02 -2.362944629121686291e-01 7.347619112037891143e-02
1.244454822755023088e+03 3.696569154540625846e+02 -2.747113176685305747e-01 1.672292425885447409e-01
2.738237770934373998e+02 7.523244024469320266e+02 1.785162572778301870e-01 2.802705823985085498e-01
6.513765386297803843e+02 4.292994429805456207e+02 -2.405644151220835691e-01 3.270047005212761149e-01
2.520772702553811655e+02 3.551629920838685734e+02 4.114330960207690513e-02 1.652101251530032067e-01
1.222399234093981477e+03 3.715896600928390399e+02 -1.963517480262056691e-01 1.218945143151222710e-01
1.195199812332545662e+03 4.871612303255214442e+02 -3.771388161079197165e-01 -3.897217253582198060e-01
4.958204575995861205e+02 4.530073517913764363e+02 -7.040100504919369426e-04 -3.336615115110979583e-03
1.119545923764005920e+03 1.907778180976759757e+02 7.248009947523942689e-03 -1.139114217927174495e-02
1.193077720202608589e+03 5.377520142281517792e+02 -1.763215147711645892e-01 -2.636868618312475654e-01
1.264300866773812231e+03 3.507307465968760880e+02 -3.123242968545977272e-01 8.028076440764955746e-02
1.202799103957027455e+03 2.484238581904910745e+02 4.480824790589838826e-03 -3.528871610705564509e-03
1.131037155656196092e+03 2.125098134092827706e+02 6.154449386267402816e-02 6.587248905406548061e-02
1.109974069761533656e+03 2.752291449243580814e+02 2.214562006791726823e-01 2.384696220179683135e-01
2.315631700823492167e+02 8.114886771080975905e+02 1.538613491414475565e-01 3.597684046104098754e-01
2.408871110421067385e+02 3.028761840792723206e+02 3.909666338943899866e-02 1.749925601933782215e-01
5.204822714862655175e+02 4.337222755998404864e+02 2.308689654681472716e-03 -3.048597121849638998e-03
1.099974337231116351e+03 3.622835961837458854e+02 9.375763714609490485e-02 4.023207550023101819e-01
1.128949396493247832e+03 2.448793241195530754e+02 -3.603175809918753025e-02 1.883433162329701746e-02
1.075611768345804876e+03 1.858970130225583546e+02 3.504239173647460265e-03 -4.413307449882739562e-03
2.846802266430833015e+02 5.587208759691077375e+02 -2.276364311878348312e-02 2.135804768810894150e-01
2.799270992378397978e+02 7.260594166979283273e+02 1.446373136986172118e-03 1.725289530104188920e-03
2.485143580534536341e+02 7.575230267916671210e+02 7.154953737667991975e-02 3.214996781181614915e-01
2.604746358747109980e+02 4.547498890281391937e+02 -5.503327409893005867e-02 -1.960850539603131715e-01
1.042159436621659097e+03 2.615097409952178964e+02 2.089649993774471970e-01 3.951842390238921587e-01
1.015955379095588683e+03 2.528054805526358280e+02 -1.802876942033819485e-02 -2.582424754090478433e-02
1.085133788012315563e+03 2.840269526504168311e+02 1.623833052123357656e-01 3.079401133248819700e-01
2.598877295568657360e+02 5.721325522064537381e+02 -5.898880148052583483e-02 1.853228716083791527e-01
1.127475792168338785e+03 3.156179028947940424e+02 1.729539688540859543e-01 2.164089620097513489e-01
1.198623045342528712e+03 3.664567651668441499e+02 -1.054084158527314879e-01 1.815940701891476938e-01
3.043409065946204350e+02 5.369992509930274309e+02 -4.277648299402623394e-02 -7.027600294033314876e-02
2.507974438771239818e+02 2.990278242552483334e+02 2.828152337065378830e-02 1.621666549435105686e-01
1.084279933069456774e+03 3.383627018207819219e+02 1.520047970714162033e-01 -2.890213353204619529e-02
2.319754828552369474e+02 7.996398802205277434e+02 2.144609766430910502e-01 3.665269420831661074e-01
2.406722017077732119e+02 4.943544406437337102e+02 -5.277396953440545435e-02 6.749280114915363893e-02
9.405692973469007256e+02 2.424151038904618360e+02 3.528905022585261952e-01 8.773635807713333623e-01
1.147644067016996360e+03 4.251328574419839015e+02 1.602151617976606823e-01 3.939755645400843109e-01
2.235885036493173175e+02 5.700610466443347377e+02 -2.089633109434153313e-01 4.779458831646794525e-01
2.339573445910126566e+02 7.935904816230357710e+02 2.784848774974855168e-01 3.957572181534129707e-01
1.142488969950119099e+03 2.418245608624866634e+02 3.658349103614316061e-02 -5.908852651589629329e-02
1.121122047971511392e+03 2.822372460020792460e+02 2.450733380598911770e-01 3.760781809439889267e-01
1.154337244460270767e+03 3.284889529795599969e+02 1.904102642315848859e-01 3.850115930371795225e-01
1.292239899571747401e+03 3.313746533435562469e+02 3.954799078790010580e-01 -5.903501396536160045e-02
2.818601375459725205e+02 5.501653993876259392e+02 -3.026673049611926930e-02 1.867537681253189641e-01
5.852800561680821829e+02 4.932326513124814937e+02 -3.592889255879429256e-02 1.292713970164689752e-02
1.211069244270273430e+03 2.287135758859161569e+02 -1.290661999227203129e-02 6.425077824466468579e-02
1.116524407525789456e+03 3.670244396282266734e+02 2.316230018203181695e-01 3.616129582650265406e-01
1.207671462748093290e+03 4.090846364374522182e+02 6.423039062198248467e-03 2.662364543966532215e-01
8.101709581744559046e+02 4.022618181114868321e+02 -9.606322656229192986e-03 -2.049379529112361348e-02
3.182781642509922904e+02 6.386355067135642685e+02 7.041888210344957044e-02 1.742757439763448473e-03
2.619786786190491625e+02 6.763949563604289779e+02 -5.283704047355573113e-02 1.547623804022851546e-01
1.244033050906581366e+03 4.661143295720475521e+02 2.270071531955188404e-01 2.673431393844810655e-01
4.677001661007146822e+02 4.600570017935169744e+02 1.635383653169743788e-03 1.212956501977406967e-02
2.523998230794551603e+02 4.015839707282588620e+02 -7.154587902803570543e-02 -3.110811429826723096e-01
1.057404367221179427e+03 1.939560520941283528e+02 1.077052257968675979e-02 -1.147683366795438920e-01
1.172332485405436501e+03 2.055313842878676382e+02 3.046794168414241818e-02 -2.850952700109387478e-02
2.820848419066951465e+02 7.392811280481513450e+02 -4.999283125295390234e-02 -1.915149573298054186e-02
2.681612506125933351e+02 4.395218334402742926e+02 2.634346752855542401e-02 8.849348652160994588e-02
5.606065520358247340e+02 4.257129769747942873e+02 3.004198848869195446e-03 8.971103972163002246e-03
1.091904684302401847e+03 1.781867414237131584e+02 -1.183579945954575489e-02 2.499454427674450974e-01
1.161512115786704044e+03 1.845641907815354443e+02 -7.775328561993691268e-02 8.782666958425115744e-02
1.181683554394106977e+03 2.034331664934659045e+02 5.101742571008399674e-02 -3.850570542699238014e-02
1.013956063266929391e+03 2.722455456380181431e+02 7.755571811995091124e-03 -6.547816833139782564e-03
2.778803651808483437e+02 6.822674311509515519e+02 -8.003702204590407154e-02 1.383910025687048184e-01
3.375086024277333649e+02 9.909082512269910694e+02 -2.429081518820155883e-01 -5.996845653454888625e-01
2.205932273103716739e+02 5.251727594678555988e+02 4.067917770672546673e-01 1.102159127264510374e-01
3.436195423751991029e+02 1.083396143717482801e+03 -1.742527443209818117e-01 -2.576081197434199055e-01
2.385652973933455883e+02 7.312253021799590442e+02 -3.010175483680294084e-02 2.483930152901621113e-01
1.135063582257159993e+02 4.333511913652065459e+02 -1.892499005107844967e-01 -2.201625084760727991e-01
1.120997332619719373e+03 3.045266438405424196e+02 2.717303137181943384e-01 3.084575501549968179e-01
1.204384419829950502e+03 4.392150492035441971e+02 1.947501542341679714e-01 2.478252329023530043e-01
6.111466570537860434e+02 4.516848015401888006e+02 -2.085028903477935125e-01 9.620831481650432560e-02
1.074518529528490944e+03 2.016562779771252565e+02 -1.024913403527728459e-02 3.312548809959735968e-02
1.221659672979013067e+03 4.453325598573958928e+02 1.911212311816434251e-01 3.050664481525148797e-01
2.705928955714961717e+02 3.938603262816644701e+02 2.992013917551238078e-02 5.530334483812756469e-02
6.731970032536394228e+02 4.422992772654337728e+02 3.038916450437417205e-01 -1.290353437588739327e-01
2.924925337217522952e+02 6.205165600526460139e+02 -6.822811775973983660e-03 -6.937921092249628831e-04
2.717447488783911922e+02 6.662768666990272095e+02 -6.784455617849592668e-02 1.308215292863432466e-01
2.517333655692103491e+02 7.995039360345417663e+02 8.882503402508727663e-02 2.849798742614628733e-01
5.373310691226477047e+02 4.381157108089657868e+02 2.531292319529603605e-04 -8.086765481148869977e-03
5.103764511137406998e+02 4.629580579481107065e+02 3.488534630352113121e-03 2.298969671687411606e-02
1.034347622393581560e+03 2.371566554687314294e+02 2.170367760189045314e-01 3.167685894897911414e-01
1.351016966758088302e+03 2.616128931396264079e+02 -1.173376696319252755e-03 -4.899333916861936923e-04
2.375126127748343379e+02 5.897986602944016568e+02 -1.034649109682012486e-01 2.204346034613856031e-01
2.975638008440578801e+02 6.341738373571448619e+02 -1.962857667600258205e-02 1.537871774620247767e-01
3.332552792104980313e+02 1.084103631297930860e+03 -2.090238340344428014e-01 -2.694055349119657827e-01
5.817404605949071765e+02 4.928003783982768482e+02 -2.162717340749215414e-02 -6.386815303991867643e-02
1.043334641500695170e+03 8.512872458659338690e+02 8.949101995042853253e-02 -6.657393622201417116e-02
1.096556381288788543e+03 2.054784649484926149e+02 3.694575457502013126e-03 3.518261450403521035e-02
1.111600719298622835e+03 2.200311532633618583e+02 -8.012525041601947090e-03 -4.106413681781081841e-03
1.117432289617142260e+03 2.507948680980746587e+02 2.859025992053048082e-01 -1.898975059991424574e-01
2.194554386463595961e+02 7.130012153501475041e+02 -2.005962143487008062e-02 1.794461266892057594e-01
1.160761821532332476e+02 4.244202664171685342e+02 -2.151251819289470291e-01 -2.519177743804062453e-01
1.131061468133608514e+03 1.897259431813934611e+02 3.803073736483903616e-04 -4.668126612104878809e-02
1.206118823646473402e+03 3.954745907931066995e+02 -1.299351631422130671e-01 1.106423861931509489e-01
1.164087159638015692e+03 4.320979991175191230e+02 -2.268718711666549079e-02 4.148589042131537452e-01
2.647362016655351908e+02 6.661567067927459220e+02 -6.847893653010370119e-02 1.579353377105690015e-01
1.185581551800838497e+03 2.311714725324258666e+02 8.097120847381698849e-02 1.181192103744324040e-01
1.209787998193500016e+03 2.502020237315629458e+02 -4.159699332587313801e-03 -1.784926574526418241e-03
2.541868043861663864e+02 3.454332963403628582e+02 4.817269882604414966e-02 1.779426432119824708e-01
2.387370110708577613e+02 7.368207054270251319e+02 -1.741498275932289869e-02 2.403308185118320228e-01
2.858090027422988442e+02 8.206107998139481197e+02 1.094761859018768130e-01 5.126990234239159339e-01
3.124538630933288346e+02 5.240314728943574210e+02 5.419625764181142807e-03 -2.088330227281900986e-02
1.082315320773037456e+03 1.736048435930570975e+02 2.203532839324529730e-02 3.236022531004752179e-02
1.007266313474545655e+03 2.394670046084204671e+02 2.346785266664946357e-01 3.356264566147744155e-01
1.128603171247284990e+03 2.293932433656027285e+02 -1.262247795213264634e-01 3.720181750020176148e-01
1.174181213654122757e+03 4.135155617608496073e+02 2.071157947200647775e-01 3.196510505518929679e-01
1.155227849617059292e+03 4.369179367849495748e+02 1.550067932852779995e-01 4.629875609339937914e-01
2.448323889324882430e+02 6.698387695966832780e+02 -1.469264371962172334e-02 1.878921340609897017e-01
1.080534361043138688e+03 1.849926914149974095e+02 3.604529574580248377e-03 -1.038320679474334304e-02
1.184713748492593822e+03 3.894508026443849644e+02 1.103908359085345632e-02 1.767457462899933163e-01
8.049904610770148565e+02 8.921058914189859479e+02 -2.634653868129860702e-02 8.026959737627784031e-02
1.019190631502661063e+03 2.118390783248844116e+02 2.697494499976978988e-01 2.824799750621939110e-01
1.213833858561566103e+03 2.667735456772022076e+02 2.650919515473355512e-02 1.814516377667511546e-02
1.218495426294805156e+03 3.462719450681454987e+02 -1.672335173634966199e-01 7.754458689520467296e-02
1.181780271218794724e+03 4.373696855279264923e+02 1.323607010035228737e-01 4.553442877631411201e-01
2.212458251516182770e+02 6.820264963544386774e+02 2.384486565837924676e-02 2.494923697365676041e-01
1.006475313520554437e+03 1.956295914995059775e+02 5.158605900532847732e-02 -3.885985802033473796e-02
1.208764303172390100e+03 2.201813708657267341e+02 -2.202100815822177413e-02 3.822364433952600560e-02
1.161136859052994168e+03 2.418750507597861770e+02 -6.124337655928684294e-03 3.836380822136448154e-02
2.809035563851429060e+02 6.823375028606168371e+02 -5.872799340142933339e-02 1.694208168330442188e-01
1.200085981703409743e+03 5.309261780197094822e+02 -2.654406446551547671e-01 -3.740882931974692793e-01
1.148413800162760026e+03 4.148477336028398099e+02 1.638334659215124056e-01 4.219353101706467268e-01
2.714752223488866889e+02 8.139362000652419056e+02 1.836846708581305609e-01 5.803877458643743603e-01
5.281454189921704483e+02 4.637406397258690163e+02 -5.316780029232622690e-02 1.407796157338800924e-01
2.511204684935382261e+02 5.807834891861753022e+02 -1.422455977331213151e-01 1.670985899037944478e-01
2.053558147076427929e+02 6.766431185007791100e+02 -6.097624965906215527e-02 2.711058709578892945e-01
1.120483860916427147e+03 2.153759716602140770e+02 -2.561691052277579803e-02 -4.941430805066021788e-03
9.903609422600080734e+02 1.691957170855577317e+02 2.815472364839148312e-01 1.150740071882447139e-02
2.928109354241257165e+02 5.395023004467061583e+02 1.772841696569163739e-01 1.807853021114268488e-01
1.183481250801452688e+03 4.464018449843860026e+02 1.865502391705149421e-01 3.432750917561900872e-01
1.165422328809589317e+03 1.840117664399450348e+02 -2.535829298601331369e-02 8.369165997042513072e-02
1.199749481793856376e+03 2.439912289441062114e+02 -8.255285898958895918e-02 1.112174331653723869e-01
1.148667506532631705e+03 3.165176793138523408e+02 2.025642662440279573e-01 3.683108019388189325e-01
1.207878181319899340e+03 3.751732598747285010e+02 -1.127225270033805904e-01 7.488060008268399015e-02
2.969856261623356204e+02 6.402305244043116090e+02 -4.606679606408761035e-02 1.695232796703951272e-01
1.119994116797893639e+03 2.739115144629237761e+02 1.270389283785210632e-03 -6.665727942076800881e-03
1.141183893829092995e+03 2.818469588524004621e+02 -3.416339972877411868e-01 -1.712753062204461219e-01
1.258502701632211938e+03 3.612720808186148815e+02 -3.361014626040938480e-01 6.280288516598696302e-02
1.226984361587740977e+03 4.407630309149943741e+02 2.049135407588199564e-01 2.683131358242757392e-01
9.962952488239823197e+02 1.790867262666146758e+02 2.526137684910789161e-01 2.560452191599841276e-01
1.135307736816036595e+03 1.449443815120320096e+02 3.580451731342987592e-03 2.682095356612923878e-02
1.062502773641969497e+03 1.687410059073266666e+02 8.095982234141406442e-02 -3.961127162425382986e-01
1.150951068166396453e+03 1.884187176759752163e+02 1.734082091441577688e-03 -1.988867364601713816e-02
1.266874065905238467e+03 3.617453039048923529e+02 -3.116609311659568338e-01 1.092287045878995166e-01
1.106525618605732234e+03 4.137676959884626058e+02 1.812830509841470150e-01 5.034685796925875145e-01
2.705596554836315590e+02 6.142954789190896463e+02 -3.498154786924990295e-02 1.916541810891547182e-01
1.123915299384695800e+03 2.465830662512244658e+02 -1.357404761543886673e-01 1.668097914041488661e-01
1.206939966172089953e+03 4.325542449264053175e+02 6.137122767589582237e-03 2.131173603980436315e-01
2.515868424932107814e+02 5.859625956014945132e+02 -6.898249818218141205e-02 2.308147932624007859e-01
2.435882081842112257e+02 5.949961252334724122e+02 -1.983683658608671740e-01 2.343354250084584700e-01
2.999673107198813682e+02 6.004578271582847719e+02 -5.073656007892390213e-02 6.940866909142295871e-02
1.229233632798225699e+03 5.105010906764893548e+02 2.872460930646660859e-01 5.093180003704114167e-01
1.124372382855898877e+03 2.369135470709287006e+02 2.524506297720840748e-03 -6.101814369664801917e-03
1.124422366426444569e+03 2.587871037253919440e+02 1.225053222053868775e-02 -2.119476824497208353e-02
1.154611918433809251e+03 3.074180257343865037e+02 2.095776563792408342e-01 3.192863459771019263e-01
1.172262528286159068e+03 3.239394450103926033e+02 1.080715054855905938e-01 2.408250910394008903e-01
1.313154666651274511e+03 3.416940819615322766e+02 -1.732869401539518517e-01 3.426911784330785582e-02
2.238831606665659422e+02 7.755145168285941963e+02 9.942183624141251452e-02 3.832699169305137654e-01
2.416287956873944438e+02 5.711667894256258933e+02 -1.392734209673072709e-01 3.183237317159381408e-01
1.968172254483143035e+02 5.797816812960352308e+02 -1.228604668245949910e-01 -5.124484827677605603e-01
2.110555014865582280e+02 6.517403009638226195e+02 -7.799279730627332874e-02 4.075469629797794369e-01
2.902237538761974065e+02 4.376665595143027758e+02 5.535182768660025510e-02 7.410805749987048330e-02
1.054657662567507487e+03 2.094798893580859556e+02 2.388784378701168387e-01 -1.649342659264217970e-01
1.070806741812772998e+03 2.104110540414138200e+02 -1.240219474224875038e-02 3.001803662668032016e-02
1.055438358220824512e+03 2.242384806415846867e+02 2.664538803811783985e-01 -3.210617356101827091e-03
1.095229713871337253e+03 2.602007926653069489e+02 2.113709315348772377e-01 6.217628713971944110e-02
1.261963140132971603e+03 4.423003880553248450e+02 2.577594036540339917e-02 -3.909087138167079423e-01
2.525018296667575726e+02 8.770963871137631713e+02 2.142719929743675256e-01 4.071638626191531607e-01
2.460236189766422399e+02 2.953845012077055685e+02 7.145210487574167602e-02 1.945306803548904062e-01
1.088859884912789767e+03 2.068697664085700296e+02 -5.358432410312281152e-02 1.861372948647215253e-01
1.034121899164330443e+03 2.153504339480716681e+02 -1.012860593936250747e-01 -1.558024252100873308e-01
1.154224304046574616e+03 3.948349539372063646e+02 1.207405677310206538e-01 2.853169956591264378e-01
2.367988993925382317e+02 2.966259156535497254e+02 4.534092037621917370e-02 1.849257098920994435e-01
8.534785707202792082e+01 3.511128929820912958e+02 -1.166376716803277976e-03 -3.103655193599110895e-04
5.758621379207884274e+02 4.244781585514928679e+02 1.741987161860710995e-02 -7.839306185249713885e-03
1.208670668794621633e+03 3.630571051657392445e+02 -8.891970190103239136e-02 5.076766397776528300e-02
2.458603511290632753e+02 5.508472585092094960e+02 -1.478347085164849473e-01 9.493781038403957540e-02
1.201069961506989557e+03 5.026251654472660562e+02 -3.624663933492905388e-01 -3.677200240527901398e-01
7.233887680294972142e+02 9.718874420701545205e+02 -9.464428005488828566e-03 -1.328996653714475083e-02
2.303094636893826817e+02 2.990653879396734283e+02 -1.657343103573004480e-03 1.551977790016236536e-01
1.194401989475089295e+03 1.927430789594981775e+02 1.939551764105671219e-02 -1.594361637961820219e-02
1.195066820406439547e+03 2.949111077473315845e+02 5.370694406072591860e-03 1.299580257040133802e-02
1.095350327116640301e+03 1.550045540177845282e+02 -1.688306111057370079e-02 9.247177963952220650e-03
1.276332971949019793e+03 2.921514733747876562e+02 2.480136304332388256e-02 1.073607037368560641e-01
1.178783388755812439e+03 5.215425784582507731e+02 -3.108216088286683831e-01 -3.492175130791435600e-01
1.187687438689592227e+03 4.485974371109165872e+02 1.940829745681786900e-01 3.407737561505274071e-01
2.521584658285347018e+02 7.434406746737271305e+02 6.970418057188881855e-02 3.676524325271255944e-01
2.418155828652202501e+02 8.439178603719099101e+02 2.044912056401864686e-01 3.915939413094106647e-01
4.831177717902355084e+02 4.346166504960291945e+02 3.224376593559341586e-03 2.834206572286213088e-02
1.138289971713341401e+03 3.384389213552979072e+02 1.946723214370891242e-01 2.514158568493929380e-01
1.241146153799775448e+03 3.328229653656935056e+02 3.166473863541270362e-01 1.769107190255443385e-01
1.281822871106294770e+03 3.278297597594497006e+02 4.509929791412048417e-01 -1.976419391057184782e-01
2.989574812944455857e+02 5.338072165399012192e+02 -2.725177690317615031e-02 1.440955208325434000e-02
2.724251422939411214e+02 4.230672598232946484e+02 -5.682476854723694272e-03 9.240892948151858965e-02
1.105231850390282943e+03 1.587239617403521663e+02 1.879360509324214945e-01 1.918634896311844640e-01
1.180434856217790639e+03 4.573613074630444544e+02 5.533213075749069398e-01 3.642643946149101142e-01
2.707959196882869719e+02 7.654928715723426649e+02 1.890918350573231044e-01 3.839584745136665478e-01
2.723992562430717044e+02 4.134562140737562572e+02 -3.388387225015776494e-03 1.014818997835523900e-01
1.042743545625514571e+03 1.779734178309964250e+02 4.586382962855471701e-02 -2.214299458586462266e-01
1.022181433961210928e+03 2.243003417672031787e+02 2.053436010712857696e-01 1.636160317255852814e-01
1.132305047632677542e+03 2.585919083688642672e+02 -3.106726103277878681e-01 -3.155555094253751497e-02
1.201994156874808141e+03 3.511476755181575413e+02 -3.745822086608920076e-02 6.557457040133650439e-02
1.189166851908036278e+03 4.132134901067217356e+02 4.422788867811959512e-02 -5.610428410679067779e-02
2.327512779090475874e+02 7.063962158660892783e+02 7.413103498472632669e-02 3.185040165167417059e-01
2.741304508581582695e+02 4.018530634621035915e+02 4.283788136678108593e-02 6.801486218167916709e-02
1.188035331069733047e+03 2.640368334847435676e+02 5.018212654725426325e-02 -5.979288692123747861e-02
1.266464663411690253e+03 2.591321031476743428e+02 -7.394075649216542978e-02 2.530350815225080457e-02
1.193807214343199121e+03 3.566138096783167839e+02 -1.441788329966976479e-01 1.705084397848846134e-01
9.152739308608169040e+02 8.743551364563418247e+02 4.483982926609659803e-01 2.043678749160351277e-02
5.902624662182291786e+02 4.853218075504583453e+02 -2.028074207978980692e-01 -4.734783767851321462e-02
2.362107619848765694e+02 6.786917932321822491e+02 -1.669130546937732870e-02 2.190092513797635143e-01
1.088488767999686161e+03 2.022259349445459691e+02 7.404810586607440091e-03 1.257086420268196669e-01
1.161816263623433770e+03 2.226861396476965638e+02 -1.870950187891072189e-02 9.141110605540873554e-03
1.153138903441562661e+03 3.652500430475935786e+02 1.185077900311423682e-01 3.018792160647699729e-01
9.528442656025509905e+02 8.751198074307715160e+02 7.238269598327759513e-02 -6.639346392499326233e-02
5.279743908502763361e+02 4.608155143104028753e+02 -2.373661100884524259e-03 9.870046721026753955e-02
1.008640967512088878e+03 2.490082713230794980e+02 2.503457626522556656e-01 4.180515336463606624e-01
1.134857232037091762e+03 2.390832739762684014e+02 -2.299949978640387915e-02 2.828892998512672410e-02
1.214088814132573361e+03 3.803794915635963889e+02 -2.902638309726975896e-01 2.208006247579419323e-02
2.520965117594461447e+02 2.937029361726054049e+02 4.197556786158429531e-02 2.194711146513623201e-01
2.532437574040129675e+02 4.118588541020851608e+02 -3.990998357543844299e-02 -2.571037342013732796e-01
1.140898938438647292e+03 3.949787744042739064e+02 1.866352455528249299e-01 3.443956555343402059e-01
1.130561190579579716e+03 3.987441537253030219e+02 1.541521249859943155e-01 4.178755323228779406e-01
1.198846378649852340e+03 4.804483519123498922e+02 -5.416700375992149902e-02 3.829739000526910520e-01
1.042690637074809501e+03 2.162292293181488105e+02 9.196159942102136511e-03 -6.074169724351937555e-02
1.116777662644310794e+03 2.303545522361881694e+02 -1.023043135214152244e-02 1.546559841453879793e-02
1.125844938114541947e+03 2.921252132915333846e+02 3.685446958572053400e-01 1.189341700315296180e-01
1.197872201917945858e+03 3.795198193643013269e+02 -4.972305328133567841e-03 1.626651190912250800e-01
1.051625112473197987e+03 1.595033450069005596e+02 -2.840993242755797121e-01 -2.365779536961640783e-01
1.161618403952636299e+03 1.446637666374446667e+02 4.269386863033421825e-02 -1.255253568898561656e-01
9.918855595885052026e+02 1.891906951382980253e+02 1.778538977495985607e-01 3.564628833296447641e-01
1.235856159767213285e+03 1.358170145595153429e+02 -1.723524906261129225e-02 -8.341637920510869622e-03
1.245787137267230719e+03 2.893797552433173905e+02 -1.867787878342389019e-02 3.533150373791316828e-02
1.121033689310263526e+03 3.454815361272229097e+02 2.174387299126010475e-01 2.641195678736815711e-01
2.343532879530716286e+02 7.143360141854296899e+02 -6.070800171348839092e-02 2.650410666511739399e-01
1.182157125246656051e+03 1.712952145436165097e+02 -5.083105806334680538e-02 4.158686916733762146e-02
1.142185476628613969e+03 2.633011929736791217e+02 6.028428858467742985e-02 7.301778161052849270e-02
1.156295942543640649e+03 3.906808637136718403e+02 -6.401453956945343804e-02 6.950199491891660697e-02
2.684764115211821718e+02 6.046802911505182010e+02 -3.383950109906663783e-03 1.171689731765623438e-01
2.784604345278216897e+02 4.820292832425691927e+02 -1.890944896300977285e-01 -2.200878583149038295e-02
5.090797396048398582e+02 4.532996918619937787e+02 2.217232576536313712e-02 -1.789700225168184278e-01
8.110806152986963298e+02 3.711299571259643244e+02 -2.285870989672795367e-02 1.062969960600688435e-01
7.955184987109554413e+02 3.813814473558933287e+02 5.860144903224517388e-04 -1.824509856519506562e-02
1.101334545030506888e+03 1.820659155398204518e+02 2.366830925102260050e-02 1.871885405088954957e-01
1.016671656404910436e+03 2.400354815596803633e+02 3.377319508530317593e-01 2.867153751142525464e-01
1.087661509522253027e+03 3.409519784507538134e+02 -5.389067313174001478e-03 3.708935439862043326e-02
1.211074527356216322e+03 3.901089079288445305e+02 -1.532067998450656887e-01 1.387414157108808055e-01
1.134643049888035421e+03 4.257934218620387128e+02 1.630144088774375666e-01 3.979874237186051822e-01
1.188178340659077776e+03 4.457545118262285655e+02 -3.655788932639899014e-01 4.737256841043815392e-01
2.423262619842240895e+02 7.461108082042683236e+02 9.242252438422345062e-02 3.123789438495588877e-01
1.115889283917804278e+03 3.300156422251998265e+02 1.279860908148975907e-01 2.486539047004811265e-01
2.680250694861461511e+02 6.017473495894035977e+02 -3.334878573326420514e-02 1.271305680652233261e-01
7.971464425486906293e+02 9.320857653969326293e+02 1.247314468137119582e-02 -1.490685586670110682e-02
3.185747610550420745e+02 4.738101476952343205e+02 -2.968946353130257759e-03 1.863484455665947656e-02
2.946841177058303742e+02 4.901857869812359354e+02 -3.352829297473722270e-02 2.596050101462310522e-01
1.139989087600668654e+03 1.912436391957012063e+02 3.231322755293244975e-02 -7.323421364222326702e-02
1.129879471309261589e+03 3.744839715814446777e+02 1.419449025928243846e-01 2.302407499306223515e-01
1.143247659354311736e+03 3.745857434374088939e+02 1.626176850222452175e-01 2.256133555086929920e-01
2.751658559983304144e+02 4.714491361690376152e+02 -9.723348315355906379e-02 5.602254463471783609e-03
1.031302244050246145e+03 1.688419899690250077e+02 -1.677853481136379679e-02 2.773394843298938872e-02
1.090967049655396522e+03 2.309240711620802813e+02 2.224083266829918748e-01 -3.066157428492822801e-01
1.189643729858854385e+03 3.904410629244172242e+02 -1.210386689371666276e-02 1.616197383750943573e-01
2.538769314461635247e+02 5.716106159008176064e+02 1.389846924426605193e-02 2.134774736534015838e-01
7.062103863543179614e+02 4.248355519170695516e+02 -4.809199603072128459e-02 3.887960148283047673e-02
1.001907166052802040e+03 1.840783138355114659e+02 2.153431158363031811e-03 -1.149710414997470904e-02
1.146468560653223904e+03 2.255931686040480884e+02 6.147694642829586165e-02 -2.178222676841515271e-02
1.091264845334590746e+03 3.716382680096722879e+02 3.336812422354101249e-01 3.399286401300434246e-01
1.208317148623265439e+03 4.287529080764564355e+02 -2.592650494411961604e-01 4.638708147512201063e-01
1.019967724916206294e+03 8.062127921458256878e+02 2.713886493020655627e-02 -6.020435645041288808e-03
1.694369286923096922e+02 4.685559635916899310e+02 1.976494366762189259e-01 3.901812488779512478e-01
3.990054507922234848e+02 3.400347460602855563e+02 -2.660450912983947092e-03 -2.103178598780175435e-03
2.477373256609462544e+02 5.673981491338785190e+02 -1.986384985070497322e-01 8.679049883264156051e-02
2.644777190644028906e+02 4.276132412973259989e+02 1.131846634631036436e-01 2.512756922222176281e-01
5.629770910087599987e+02 4.440136541936190042e+02 2.437599264544587554e-03 -1.169191234987465664e-03
1.143392696986991950e+03 1.407676490821295943e+02 -3.465926675865678777e-03 7.069344696541672189e-04
1.081735383314973433e+03 2.638969020136264021e+02 2.537980760334145880e-01 2.341939259069742152e-01
1.088325839514582185e+03 2.659257730883423960e+02 1.057716584003022403e-01 -5.914797766892358061e-03
1.070861546550174580e+03 2.989384440702292522e+02 9.441558967646415668e-02 2.367569388355794391e-01
1.185112191680979095e+03 3.185725746843594379e+02 2.189339455992315719e-01 9.697207331543040987e-02
1.213551321994301816e+03 3.800181410350172087e+02 -2.102367337537543734e-01 1.610093880939871269e-01
1.157135525358277164e+03 4.010632909197125286e+02 3.462895544913408008e-01 1.798957016699849476e-01
1.161659153606414293e+03 4.259146061962559315e+02 1.842344921150318726e-01 3.185255952291640713e-01
2.426235481656574677e+02 6.445449217982597929e+02 -6.588219833014363758e-02 2.164908201601595805e-01
1.219586600720393335e+03 5.132570023470129854e+02 2.852593115536820045e-01 4.307024522163108715e-01
1.022564063618500882e+03 1.999270726638335134e+02 1.519367692741054321e-01 3.247160357852822421e-01
1.021471450070092260e+03 2.060092818375535444e+02 7.659192317925089810e-02 -2.440168594562866777e-01
1.074188851831212787e+03 2.185138215041766045e+02 3.526244657077119010e-02 -6.143596934125891001e-02
1.316912580463556424e+03 3.314454395664185427e+02 2.753438821251360732e-02 1.165359083482826463e-01
1.192178826649266284e+03 4.198931619191115487e+02 3.720317229148609704e-03 4.581285294056393620e-01
2.455841459737024479e+02 7.833173447959147779e+02 1.293709209218535938e-01 3.088852022409826481e-01
1.006672984218408942e+03 8.359047221941098087e+02 6.634153240928039076e-03 2.473349892966325569e-04
2.706318786951674156e+02 3.707711456073151339e+02 -4.149901922783800871e-03 5.961027793140898784e-02
2.951888472459863806e+02 4.662188960904300075e+02 1.115669891430527000e-01 -1.428835874846142162e-01
5.026091831300359445e+02 4.386525057868403792e+02 4.993634138112121312e-02 1.707983512868491427e-01
1.016134213958731380e+03 1.771542504450982563e+02 5.780198249097933533e-02 -1.079779399154224689e-01
1.212637336767166971e+03 2.310790799429643414e+02 -6.973789534499001685e-02 1.369902143495161928e-01
1.221525817044636824e+03 2.522441398142514117e+02 1.764614987574672222e-01 -8.458075148685723077e-02
2.734916146229556375e+02 4.781350793340400855e+02 -1.925801943562011898e-01 -1.891592729569898171e-02
1.007721895809570583e+03 1.705364261605152194e+02 -1.588432543019280274e-02 -1.388071955488049125e-01
1.132596132606891615e+03 1.602219576504440965e+02 2.768845263316658742e-02 1.235482064310483991e-01
1.117131427325932464e+03 2.000887389934487715e+02 -2.336530909584174157e-02 4.044371376112820826e-02
1.094683070467348898e+03 2.754562313646290477e+02 1.573188361001408853e-01 4.171605423469391671e-01
1.151871854024469940e+03 3.135214052710986152e+02 1.977211008530730396e-01 3.063715366689241937e-01
1.272952155914744253e+03 3.087819684910519982e+02 -6.081845756815103428e-03 1.481385951994506345e-01
1.209260159678955915e+03 4.000828981876061334e+02 -6.360477899945256308e-02 3.759913144316347905e-02
1.206567602831717522e+03 4.782752893737509794e+02 2.314962401407190951e-01 2.854970119896383385e-01
2.840356447983720614e+02 4.830221974732115200e+02 1.215608217774088590e-01 1.767514600247802048e-01
2.936841877486010048e+02 4.555636692121985902e+02 1.357925197064766693e-02 9.412674453665204055e-02
1.004530030330955356e+03 2.240488846576151616e+02 2.658203874105062869e-01 2.113661406069204662e-01
1.174755214567624307e+03 3.411797318257112011e+02 3.429637995760169145e-01 -1.992083785451654876e-01
1.112243286468227552e+03 3.944734174212908329e+02 5.182364267594410890e-04 4.760093564962372681e-02
1.113090511266171006e+03 4.031863072171897215e+02 1.375515512623389225e-01 3.123278527802529903e-01
2.312838405254837824e+02 5.748262317972224764e+02 -2.006878913059195468e-01 3.553143859032223406e-01
2.354536564989688543e+02 6.279460139113608648e+02 -5.262451598752126286e-02 6.304360173709772433e-03
2.309938986182691565e+02 6.895076097918589539e+02 4.161448894760414081e-03 2.903352351900552741e-01
1.198487442731026931e+03 4.436744488823515553e+02 4.176658926317858289e-02 5.207325135122676807e-01
1.209339941452946277e+03 5.480526575354285796e+02 -2.090976548047158434e-01 -4.142091196632484706e-01
5.346411672656541896e+02 9.384702429906167254e+02 9.335219035330572304e-03 3.167071013652647538e-02
9.541065482470902737e+01 3.820384899246463419e+02 3.034779211991164294e-01 -1.293633567784695584e-02
2.941209712559193576e+02 4.323065442384882431e+02 -6.017662702236066530e-02 -1.524888661495879261e-01
9.854230235058199696e+02 1.840644836949456362e+02 2.624807008415132037e-01 2.733024443768300449e-01
1.156553522174463524e+03 3.049370504001958011e+02 2.524254808316982457e-01 1.316601352987561424e-01
1.195000515150490401e+03 4.235873021773152232e+02 1.716425017590836322e-01 1.063382010836221581e-01
2.524676735968866410e+02 5.757800451457800364e+02 -1.448706118721361236e-01 -2.064632457901325324e-01
2.262170071162895226e+02 7.107283859781117599e+02 -1.609495618444554965e-01 1.824657996045402908e-01
1.009117770430746077e+03 1.642484162822689484e+02 -5.310877995136959601e-02 -8.948436544207222232e-02
1.169845296803889141e+03 2.056993026174575334e+02 1.134581400137651408e-01 1.969930009617668343e-01
3.112977069589612711e+02 5.827799521669228398e+02 3.181455350840502183e-02 1.383400960757070475e-01
2.629114487414912560e+02 8.837495445275885686e+02 8.745129963462734690e-02 4.261783292676505353e-01
3.111773599848071399e+02 1.070970937139962871e+03 -6.093722427867002273e-02 -2.886703542595417393e-01
2.446249710660613630e+02 3.536846599194324767e+02 5.903734367293012042e-02 1.381597108625243209e-01
1.009553432035957371e+03 2.187615690386198537e+02 2.372075228803822711e-01 2.035333182966105880e-01
1.221733648750883731e+03 3.490623416780464368e+02 -1.344937543806565827e-01 1.088478431208912411e-01
1.155159393968717040e+03 4.079443798146872382e+02 1.387423817589592545e-01 2.324373894701423637e-01
1.190785503828716855e+03 4.695108550633449909e+02 1.241008951317041920e-01 5.180385485941201296e-01
2.361376069429755660e+02 7.476711689680488462e+02 -4.110899964645398086e-02 4.063168001664791973e-01
2.231787729415096067e+02 7.910903602749722268e+02 1.612127875864217685e-01 1.860736960455682265e-01
1.047363736153383570e+03 1.603986953730688185e+02 -1.562536718090866139e-01 1.194179704641474687e-01
1.069856078422447581e+03 1.885460841609117040e+02 3.525129096650354062e-03 7.573599383188626098e-03
1.082020730061270342e+03 2.370253596831908283e+02 2.808339980252055335e-01 -1.049964641955674349e-01
1.018354132713872332e+03 2.674087076494053576e+02 -4.326501651754759842e-02 4.751703636359008720e-01
1.179676803040726327e+03 1.842254065205962092e+02 -1.110349762029727572e-03 -3.103526466593677924e-01
1.187008675875565586e+03 3.442849617207714914e+02 1.168917346077640584e-01 -3.110756381019135625e-02
1.218592933279334147e+03 4.195692272752565941e+02 9.472771963052244171e-02 3.553130334531390822e-01
2.565064696722287181e+02 5.643506546530140895e+02 -9.722286477253712367e-02 9.526028390134147483e-02
1.182835603278726012e+03 5.045186373140560931e+02 2.580346281394798116e-02 -1.569933820308619943e-01
2.410648372175987788e+02 7.412232291301711484e+02 2.369411922439975879e-02 2.444832242795038357e-01
2.678780596533118796e+02 8.090239455699545488e+02 2.792645590341261697e-01 5.791511736354095774e-01
2.420122564987647138e+02 2.888139379937873059e+02 8.345695744100585511e-02 1.406272190359914021e-01
1.620327477275240540e+02 4.715948885383531888e+02 1.855703807783962989e-01 1.667436250574875697e-02
1.089817702701160670e+03 2.351041597799888336e+02 5.367326755121363396e-02 -6.056898287612094700e-01
1.074290998171611591e+03 2.578199820726342750e+02 -1.689125084957747089e-02 3.770951122063242456e-01
2.455071959041773368e+02 5.844888673843366860e+02 -6.036512057621242627e-02 1.986605928740345917e-01
2.769452152346079856e+02 4.330813366268210984e+02 9.719004179688681133e-02 -9.882261150596604454e-03
2.962066612731861142e+02 4.748137134353523834e+02 3.407383106175530113e-02 1.129576170706172861e-01
3.059034820415166678e+02 5.149791445354902635e+02 -5.262492670044594152e-03 1.906104392757015376e-01
6.794800244059124452e+02 4.777356388847291555e+02 3.836904055375953138e-01 -7.945165896428306729e-01
1.070023444026518746e+03 2.099381686163512768e+02 2.423570250271040935e-02 -1.731218090279185162e-02
1.178587899092926591e+03 2.335100034698232605e+02 4.894424002304731403e-02 -2.692312151875910220e-01
1.108928422745062107e+03 3.157663231439649394e+02 4.857856202837410597e-01 3.944550728963349684e-01
1.195963798332260467e+03 4.163383865545097251e+02 5.936318149333601191e-02 2.911788949661285875e-01
1.200454003649729202e+03 4.178031697432015790e+02 1.562777490803455294e-01 -2.828011283681917259e-02
2.441672107667456544e+02 5.472953709927639920e+02 -1.024034644640153119e-01 -1.271087304989578226e-01
6.774293539347713704e+02 4.915495403136578147e+02 1.898330914755888554e-01 -5.577969966573845806e-01
1.195186249268112306e+03 4.283064244302235011e+02 2.963865110765254718e-01 5.854455456792493490e-02
1.042558118175767049e+03 2.057131257300738412e+02 1.067058358324857181e-02 -1.367784670870122454e-01
1.103295537166292434e+03 1.947526610426554043e+02 2.907850814739276757e-02 1.181595766430376671e-02
1.107649475397499828e+03 2.030088248721527009e+02 5.951302502234057101e-02 -8.271751413668937403e-02
1.168127081935477690e+03 2.255081101217263324e+02 7.818411486607601546e-02 -1.190861116346439985e-01
1.123269782502123462e+03 2.978545010813736553e+02 3.311476188629853823e-01 1.229004952175216658e-02
1.158040359292501762e+03 3.492454247427576206e+02 1.427184803379191180e-01 2.161403243489274928e-01
1.231405698383390472e+03 3.589310907063427294e+02 -1.720684093979230056e-01 4.483075273985548392e-02
3.042371788232525205e+02 6.074724165175545068e+02 -5.992134965572404326e-02 -1.252396184087274378e-01
1.187743357550046539e+03 4.932759345765732064e+02 -2.336467412631577645e-01 -3.513398624911019397e-01
2.602201288897119866e+02 4.188397976261027793e+02 -1.311276346770379464e-01 -3.462184227128848879e-01
2.953226739171673216e+02 4.889214413554842622e+02 -1.200432018481857738e-01 7.159463696524426268e-02
1.026950389251914658e+03 1.761565773267643920e+02 2.426402072994733317e-01 -3.969862798548622895e-01
1.114576486654457767e+03 1.815784689033835662e+02 8.852971325533569302e-02 -2.364388207855180613e-01
1.123957005389600909e+03 1.934060691515512644e+02 -1.447564201578188658e-01 7.368857705607941011e-02
1.025743402882626469e+03 2.155648783409553744e+02 1.112147206185909454e-03 6.058484903387769543e-02
1.005916096600683659e+03 2.554299998010256445e+02 8.425077958456010652e-02 -9.078705308993069434e-02
1.127796110775870375e+03 2.452926213858846722e+02 3.954362071984481204e-03 -4.028983413800801827e-02
1.139809911678233220e+03 2.462070866280140535e+02 -6.207735636424634856e-02 1.156716303201126977e-01
1.307197131766818075e+03 3.105083381752903620e+02 3.260513132295272953e-02 2.844084437576081467e-02
1.114780500245256690e+03 3.681251262683260279e+02 9.105906968306953786e-02 4.997613663373385862e-01
1.164788296972328226e+03 4.115173453811599984e+02 2.536859214511271721e-01 6.955126782696652299e-02
2.478802106832466166e+02 7.200130346567857487e+02 -1.492568306432910108e-01 1.187557087443262029e-02
1.002359505472463297e+03 8.759987694537311427e+02 -3.971687538690579083e-02 2.498167556583060292e-02
4.419340056400743038e+02 1.007138505929609778e+03 5.264059533961547473e-03 6.843653526781660879e-05
6.399283999939327714e+02 3.717917782655371184e+02 -1.814914274922330151e-02 -5.459039340163940324e-02
1.015543736613333181e+03 2.085092585120701187e+02 8.581429463777112687e-02 -1.869657672637003998e-02
1.016667390521949642e+03 2.353747629369040339e+02 3.412608864598496439e-01 -1.969933868219300166e-01
1.109050261012625242e+03 2.779637260140717672e+02 1.321885196034600085e-01 -2.121257205439519566e-02
1.153193873950962825e+03 2.352048497124984863e+02 2.521151109071979590e-01 1.517200928151396511e-01
1.199293026296400740e+03 3.315904458949453897e+02 4.800815032956506911e-02 5.130939075630180923e-02
1.234539709454141530e+03 3.534011335439090544e+02 -2.397494939756370513e-01 1.812044268207841924e-01
2.888782231658656201e+02 5.431694165692967999e+02 7.559700366044808106e-03 -2.973031045228253788e-01
2.297753083108202645e+02 6.526423443347414377e+02 -1.285613428967735672e-02 3.108693623137810391e-01
5.516508776400258967e+02 5.024117654951485861e+02 -4.964417334235804447e-03 -9.100962738386897399e-03
2.329298352101736214e+02 7.367766676289621728e+02 9.412183953355679478e-02 1.245761112977561424e-01
1.019589990120576886e+03 8.062189145417449936e+02 1.377329579599972931e-02 4.513003912899193892e-02
2.625810846968651617e+02 9.136433260049691398e+02 -8.838431119835377103e-02 -8.536411211110817021e-02
8.066955011209826125e+02 8.918929009480292507e+02 5.486900831812135948e-02 4.409516462010287796e-02
5.362488513806227957e+02 1.100779612446033980e+03 -7.200843993626904194e-02 -1.688953667814985238e-02
3.063141564428279935e+02 5.158134790277322281e+02 0.000000000000000000e+00 0.000000000000000000e+00
5.815189502214886943e+02 4.850897307593220376e+02 0.000000000000000000e+00 0.000000000000000000e+00
1.141715135812322842e+03 1.705452297172700469e+02 0.000000000000000000e+00 0.000000000000000000e+00
1.134346872345299971e+03 2.138981758726744715e+02 0.000000000000000000e+00 0.000000000000000000e+00
9.978619865046885025e+02 2.655965660929057321e+02 0.000000000000000000e+00 0.000000000000000000e+00
1.103057827420652075e+03 3.885456929435108009e+02 0.000000000000000000e+00 0.000000000000000000e+00
1.138001987190288673e+03 4.015346215167149353e+02 0.000000000000000000e+00 0.000000000000000000e+00
1.138629561246016920e+03 4.316502127010095933e+02 0.000000000000000000e+00 0.000000000000000000e+00
2.275426177161343730e+02 5.517196926670511630e+02 0.000000000000000000e+00 0.000000000000000000e+00
2.310730807483596436e+02 5.769503388645416635e+02 0.000000000000000000e+00 0.000000000000000000e+00
1.083343027056947903e+03 7.095946533011212978e+02 0.000000000000000000e+00 0.000000000000000000e+00
8.840197932760800086e+02 8.971347075396663513e+02 0.000000000000000000e+00 0.000000000000000000e+00
2.919148682193208515e+02 1.003442678518659932e+03 0.000000000000000000e+00 0.000000000000000000e+00
5.048054964001408962e+02 1.066097382165802173e+03 0.000000000000000000e+00 0.000000000000000000e+00
