1.332274278090843893e+02 3.820483657364865167e+02 -1.085007789988527097e-03 4.622365586058522591e-04
2.528140400943185568e+02 4.661350993157964808e+02 -1.946593223614414420e-02 -6.210135666883684000e-03
3.175046411586556587e+02 4.733174668606902742e+02 5.591583958261757935e-03 9.057777098016596071e-03
5.645819137950644517e+02 3.789471281858105840e+02 -1.492976489091666118e-04 -1.317816859776341134e-03
2.616045491373220671e+02 7.413669727500376894e+02 1.334168013030454999e-02 3.077193841031286570e-01
7.053690703026634310e+02 4.142143002226979434e+02 3.770135902082209778e-02 -1.289550602468345943e-02
6.343556153218602276e+02 8.220082181812870203e+02 6.165667441496900075e-05 5.076196907118561252e-05
9.124162065647925601e+02 8.059932629955604853e+02 -1.304736655446513279e-04 8.555361712476969608e-04
4.599477447856037884e+02 9.416006531078752460e+02 1.556174668667829289e-04 -9.937613375575100080e-05
9.054944994694617435e+02 9.224876461270672507e+02 5.521920618726239554e-04 -2.348378439248813027e-03
9.001740775557966572e+02 9.269972878642474825e+02 5.525995299231764926e-03 3.460781311857074466e-03
7.082844412157729721e+02 9.913037173624253455e+02 2.142355968451081349e-03 5.083075790007749589e-03
7.151360984790869679e+02 1.011444097380261383e+03 4.697599779511070711e-04 1.028697456266593538e-04
7.049024984129233644e+02 1.023759394806959790e+03 -3.503460961511417593e-04 4.069325414070815335e-04
4.816830213191531129e+02 1.099101576722344817e+03 -1.968265952253358056e-04 1.073869537159937164e-04
7.044179128533746734e+02 1.036486463252848125e+03 -6.054127892063058264e-04 -1.121418906790279233e-04
7.518701482862177272e+02 1.067526442925932542e+03 3.381363072067230759e-05 2.944873871780542197e-05
7.455660665391435487e+02 1.071444064256087358e+03 -2.087155202375605195e-04 -4.591650764237189554e-04
1.311424578409152559e+02 3.251089675961238754e+02 2.951808603379977051e-04 -4.494007794226553506e-04
8.998039299118431700e+02 1.102148665655747664e+03 3.366060855159508022e-04 9.995176384955532279e-05
2.452081517720272643e+02 5.027868178040220073e+02 1.940280581535635792e-03 1.311510117330267310e-02
3.402332456411380690e+02 1.002234416158854515e+03 1.407198435939849834e-01 4.559840079687575987e-01
3.625277736599712171e+02 1.099890784044652264e+03 1.117469778756792625e-01 4.522909183167057035e-01
2.416357113265345902e+02 7.534901515385652147e+02 3.526121998206966507e-02 2.203738748747235965e-01
1.901276134382462999e+02 5.839890639957700387e+02 1.756949219413618188e-02 -4.506946410714644108e-03
1.169512135688154785e+03 2.333151308260345331e+02 2.072705798276828354e-02 -4.799146280217343047e-03
6.367563537792502757e+02 3.789368124415945545e+02 -8.940102898481929600e-03 -1.596675807550105089e-02
3.173933591069489353e+02 9.446731717240726312e+02 1.161552634857263983e-01 4.848237810195253905e-01
3.554516643653984147e+02 1.055581108608739441e+03 1.672271841451142549e-01 5.447251073165921831e-01
1.260054124253233795e+03 1.960007343521613450e+02 -2.013506940910350478e-03 1.517724414829989613e-03
1.241827019890485417e+03 3.785627623746623271e+02 -8.624921334083157642e-03 4.886317066015887466e-03
3.914524541330496845e+02 1.083371899653203400e+03 2.275869967018435691e-01 4.868048889614302044e-01
2.404088680687218869e+02 8.335357930748804165e+02 1.335663993521480075e-01 3.488880319472063007e-01
3.774297650227555323e+02 1.082148826167476273e+03 1.720679467243393101e-01 5.187923011052237854e-01
1.178025544673169406e+03 2.316493048826997665e+02 -1.614348890088966870e-01 -4.495651821008438132e-02
2.816748117324302711e+02 8.326382799300807847e+02 1.064912525184437547e-01 4.627130708064667308e-01
2.368680272462065943e+02 7.805091777723541782e+02 4.302404124505351812e-02 3.047733593897318238e-01
2.480946107292949989e+02 7.739752604677444197e+02 1.257995504034210565e-01 3.056239345807281182e-01
7.157981463210410311e+02 8.818288885583723413e+02 2.555657336655361815e-03 8.619812821437578465e-04
2.426453300715235457e+02 8.128395167577014035e+02 9.422631560377624227e-02 3.303373441138269806e-01
2.536996300549997159e+02 7.872030966036874133e+02 1.051879185002360245e-01 2.878288054702057286e-01
2.835888192672283026e+02 7.948914080713301473e+02 1.599433577323002287e-01 4.178610740887040986e-01
2.618423883049874803e+02 8.597162759314733194e+02 1.365125078813913817e-01 3.611909579189584996e-01
3.507913349247064616e+02 9.877979753746410552e+02 3.249138438040246601e-01 5.997238541433714820e-01
2.821932871349130210e+02 9.035939286344852235e+02 1.577214704733782280e-01 3.923617603980094626e-01
2.737821012645247833e+02 6.637925815237643974e+02 -5.809750559417341254e-02 1.597244325682969091e-01
2.416015286771358888e+02 6.920890843951125362e+02 -5.921212239710057362e-02 2.104255043073144649e-01
1.205160334735660399e+03 5.169904547395037753e+02 1.734322475885173853e-01 3.589137171584095287e-01
1.474800950765635150e+02 5.297703305624961558e+02 -5.898124397640514514e-03 3.986730701873093460e-03
3.188782088335022422e+02 9.305316625703406999e+02 1.849172402578882768e-01 4.918998092466079775e-01
2.479147491763030189e+02 6.962779487001638472e+02 -2.371194676490574055e-02 1.860191671961175519e-01
2.461529667782777437e+02 4.861089253716007761e+02 -1.566056533793348457e-02 -1.289725415339678868e-02
2.925008699193114694e+02 8.638129508425284939e+02 1.401319407933416805e-01 4.281488543188308737e-01
2.245488521934690311e+02 7.765527987195083597e+02 9.090907311952796388e-02 4.495463523799623218e-01
2.483306683212127552e+02 7.365843673730307728e+02 -2.164510043121481431e-02 3.241396043170893804e-01
2.039327364780637879e+02 7.095555297076809893e+02 -1.380925118009165287e-01 3.610413737690663649e-01
5.600259616188577638e+02 5.200320185950279210e+02 2.247101319183295032e-01 3.039698649490578664e-01
3.317103070682426846e+02 9.664742086171752362e+02 2.453095788644364394e-01 5.238055056626959027e-01
1.157442534615725663e+03 1.621239115126262220e+02 -2.746975433413124668e-01 -1.207351253329910223e-01
2.792268140392347391e+02 8.093010098601574782e+02 1.057630670474819928e-01 3.757784738082942666e-01
1.397059153001590630e+02 3.891310173822198522e+02 -4.913346381161966432e-03 -3.289317292952920104e-03
2.774894215789183249e+02 7.612118049122963157e+02 -1.732531398724290739e-01 -2.461335915436933808e-01
3.329587709463859255e+02 1.044604215357242538e+03 2.110174769327448352e-01 4.195384784706184811e-01
2.406405066194612630e+02 7.026302283310430994e+02 -4.771746123662894135e-02 2.053086795820970312e-01
5.709107808787356362e+02 3.780272808766476942e+02 1.270391829388074116e-03 -1.385175623135304415e-03
9.320153875863069288e+02 8.444758571787115216e+02 1.745352987162876544e-03 8.769393860028244043e-04
5.773340630951156527e+02 4.320274504709270786e+02 1.345872397808820517e-03 7.065587662153385851e-03
1.006571066992996862e+03 8.130465098744419947e+02 -3.075043989801232256e-03 6.146433410396351209e-03
2.621917220139432629e+02 4.305495150666285440e+02 -3.999770931673229946e-02 -1.509994423481573200e-01
5.027579785447755398e+02 4.391056341106805689e+02 2.419261174631993515e-04 4.886185029148340346e-03
2.405596156942644654e+02 7.166941000278354750e+02 -7.379795618868822960e-02 2.228386690124697089e-01
2.850137839107698028e+02 8.180590667883390097e+02 9.013619490039137538e-02 4.025240891546718047e-01
9.805565005725044330e+02 8.282065692269870851e+02 -5.272867592973870835e-05 4.101919619124106027e-03
5.779912587725934827e+02 4.099857417575911995e+02 -4.122514852167456258e-03 1.442041238942974243e-02
3.133588830261841167e+02 6.550948599597403472e+02 -1.391187038368818648e-03 1.294158433544304466e-04
3.085843815328348683e+02 8.582500236228934227e+02 2.359018161560224036e-01 5.773676671571867924e-01
1.011644824413112701e+03 8.185246232875786063e+02 -2.541112552800840578e-03 6.236377527698951572e-04
9.445269844449780976e+02 8.333583681978376489e+02 2.757003086917348203e-02 -1.871548040615285749e-02
1.003518545703449490e+03 8.369129447663467545e+02 8.643215493759614024e-03 -1.849878963584484452e-03
2.306239864170822500e+02 7.122652274711748532e+02 -1.405261077372718312e-02 2.693535975213364186e-01
4.828038086933317459e+02 4.381742797164863532e+02 -4.512635616557566370e-03 9.837818762618310425e-03
1.018794817101370313e+03 8.074077711755198834e+02 -8.789620705448385196e-03 -4.631802631021207179e-05
9.606429246734992375e+02 8.325146925358430963e+02 1.585763115596058176e-02 -4.292605432560281549e-03
1.197578822879859899e+03 2.521023324969033013e+02 1.966689334406708164e-02 2.426967474841429384e-02
5.486342850297161249e+02 4.422155068084554159e+02 2.450115647474880674e-03 -5.268216585946420769e-03
2.298911457766708395e+02 5.268553749738642864e+02 8.967465662349236033e-02 1.268449421498567785e-02
2.822853052899980071e+02 6.578262205049521754e+02 -5.079233120492087500e-02 1.697175941708179980e-01
5.813035423813229272e+02 4.165518482118523593e+02 2.024732363008639648e-04 -2.227776930451477386e-02
2.340249250894599413e+02 6.965545827181574623e+02 -4.008315480189787033e-02 2.205317131919668494e-01
1.032083219661684097e+03 8.577648494962569430e+02 8.109134123071614145e-03 -1.699011738785227059e-03
9.479021771954987798e+02 8.451856492450669975e+02 -1.026290713773719415e-01 -7.957997146314428616e-02
2.891390704196440424e+02 9.479348189580585995e+02 1.870540314490924116e-01 4.554045953475586717e-01
9.386024345046702138e+02 8.542276709807331372e+02 -7.441119757119156811e-03 1.056642261093233837e-03
2.486668475128344937e+02 8.294672489326400182e+02 1.331420911655848416e-01 3.341841598582183104e-01
5.664064111627676539e+02 4.561604372116185573e+02 -8.148199976001296863e-02 3.664901649812695589e-02
7.481787367664310295e+02 9.542889563494920822e+02 2.894991196575853656e-03 1.388656815136230915e-03
2.695336362787601843e+02 5.995470204627761177e+02 1.379122402674414459e-02 4.468710989909417952e-01
8.247041295092803921e+02 1.102204414742325980e+03 -4.487247369180556115e-04 -5.895735707173737792e-04
2.415500873180324959e+02 5.062922938884554469e+02 -3.697202022398570105e-03 -3.728634994735609189e-03
7.502077486861934403e+02 9.600285853992298826e+02 2.933481688364961322e-04 1.446224457988074192e-03
2.354698465883060692e+02 7.653353998844645503e+02 -1.241403013140691958e-01 -1.473687620434848966e-01
5.845536143606914266e+02 4.626292879619304017e+02 -2.334499161816208992e-02 -1.029263179178105739e-02
5.869871595005861309e+02 4.685547269872677703e+02 -3.542284788770667242e-02 1.342144456774036279e-02
2.418669529931183035e+02 7.730575214935522581e+02 -1.127914015158969635e-01 -1.747999220741801307e-01
1.204728262746763221e+03 2.316368274178987008e+02 -2.618431459441666626e-03 5.274431968693493906e-03
9.106390222624047510e+02 8.470991383911159573e+02 8.802745583890631866e-04 1.448883483977390484e-03
2.742974951819459761e+02 8.710680227179816484e+02 1.951982102893074777e-01 3.514573988711223729e-01
2.584494416916172099e+02 4.163334766992693972e+02 1.287661720496742317e-02 -2.139654577076619268e-01
6.102645045256241474e+02 4.542380252380363004e+02 1.326231164749641428e-03 4.120781690135522958e-03
7.720104058495078334e+02 9.605539972795119184e+02 -5.443699370932047858e-03 2.184531341730698833e-03
7.763696805511765433e+02 9.442190342659650923e+02 -6.175627463122590997e-03 9.037888917799424132e-03
7.743384947772060514e+02 9.489297000764480572e+02 -4.452508250952263297e-03 9.105053802419106959e-03
9.845571687257034910e+02 8.664047744949427852e+02 -3.350406814487911036e-04 -2.393584140779941773e-03
2.707093437188748339e+02 5.226331624038581367e+02 -1.025820932290913562e-01 3.874888957776400078e-01
8.001367379749085558e+02 9.521486102844663719e+02 -4.463863597331312223e-03 5.747943696046784595e-03
2.604810710061904047e+02 5.414916032193960973e+02 -1.205365862289227152e-01 4.140679972531218778e-01
6.194175844231546080e+02 9.358583207182105070e+02 3.462981818822101769e-04 1.421078790718809754e-04
5.766387424906050683e+02 4.915734104775055471e+02 -3.625402085115431161e-02 4.166831043139406637e-02
7.849094599704640132e+02 9.364370065669198766e+02 -3.027307739114236309e-04 -1.809145010858880702e-03
9.745199565976541862e+02 8.845807059277718736e+02 2.599455971825465408e-02 2.343965595606719264e-03
7.545053192071173953e+02 5.283620961706129719e+02 7.373636034166753013e-03 -1.502791249866295212e-02
7.855695459786020365e+02 9.438499200917370899e+02 -6.707919847847076088e-03 7.220901886623801343e-03
7.968382487593393080e+02 3.830508345539489596e+02 -1.846524551307210003e-04 3.901101858787114907e-03
2.422939762541271023e+02 6.675858776901172860e+02 -5.747768723454618756e-02 1.659735000032503405e-01
3.077685368189467567e+02 5.661819310728010350e+02 7.328991504394226017e-03 2.410983230928614302e-02
8.042587924298861708e+02 4.170549661692426184e+02 -2.925871655852551115e-03 -8.195162206048410948e-04
2.855577941251247012e+02 9.561274934355614050e+02 2.019513021043723155e-01 5.053777540512033317e-01
1.944228676603309793e+02 3.196811554127747854e+02 4.420342126877022625e-03 4.089768330084436049e-03
5.923562847765465449e+02 4.029756895364957359e+02 -2.755068615385430214e-02 -5.033302320571080013e-03
1.034615985414711076e+03 8.350292452160121002e+02 8.554376356979707333e-04 6.292913827218228509e-05
3.235586609700843042e+02 9.517536801976738161e+02 8.753190987677876567e-02 4.353038787262302201e-01
9.936183879364041331e+02 8.214931959862706208e+02 -3.565397175622262056e-03 -4.740092623143198937e-03
2.250831761846300481e+02 7.095720262665407745e+02 -6.135581658029558337e-04 1.975890607939883858e-01
1.279568120428212069e+03 3.708072346121003307e+02 -2.194711438159003668e-03 3.493140263505084987e-03
2.578137271934541559e+02 5.577809118090115135e+02 -1.143808257401431466e-01 4.036912658707411117e-01
2.890043224324394942e+02 7.704340445899218821e+02 -1.370980937980881553e-01 -2.949564886889236015e-01
7.333001966091106851e+02 9.811800185901892064e+02 -1.642176197125568005e-03 2.292881142007035557e-03
3.204696539661587167e+02 5.466371043886576899e+02 3.212956806574014668e-02 7.275187901924065614e-03
7.700799165311187835e+02 3.976758684963681958e+02 -2.538970058418105191e-02 9.913037285581828562e-03
2.920616594422591561e+02 7.691751982006029493e+02 -1.725813762546813956e-01 -3.039529446583234540e-01
1.207317030517105877e+03 5.397684357845790828e+02 2.233433581946941970e-01 4.280433354234240428e-01
9.885102447983579168e+02 8.325370966511233064e+02 1.873411796204531082e-03 1.308867608424344126e-03
1.049653152911918596e+03 8.568204463792603747e+02 -5.777698051029928061e-03 9.112437377595624831e-04
8.273911952822120384e+02 4.018450120275011841e+02 -2.348321596200278819e-03 1.531839241055881753e-03
1.017861354789780876e+03 8.307338656602062201e+02 1.473957287428242797e-03 -4.176086321861179063e-03
1.183901229539400447e+03 2.537454225347898955e+02 4.066676636226150728e-03 -3.748007468472998489e-03
9.475353077054661526e+02 8.371018835673303329e+02 2.641493627906318486e-03 4.246712537793644396e-03
4.659192556146013544e+02 4.530055228716425404e+02 1.076724655953656407e-02 -4.275256133794728616e-03
1.104056508826829258e+03 2.201959462968193861e+02 1.968350077793567729e-02 -3.020825706705681721e-02
2.672872223683509674e+02 3.011025558314914861e+02 -8.685299510070965123e-03 7.500944019741359430e-03
9.553295972807542284e+02 8.220997353192291257e+02 2.157300338905257173e-03 -2.556232093314578582e-03
8.208908465069046088e+02 9.360152299583360218e+02 -2.543478935011548800e-02 4.007889091032648156e-03
7.242200930111621346e+02 9.673065430705988774e+02 -1.339831366539720632e-02 -3.911746078054393477e-02
8.234639030711954319e+02 9.434708223286538669e+02 1.336131132400101423e-02 2.522608043705076852e-03
5.514690395713997759e+02 4.305116257544403879e+02 1.049463109507649955e-02 -2.433897071518733440e-02
9.569688468137280779e+02 8.597328707329558029e+02 -7.420376978698434156e-02 5.039815457740758932e-03
6.120256638489569241e+02 4.730442279702219821e+02 -1.465911708708693417e-02 -1.268638379887045533e-03
3.290753117249216757e+02 9.893289341298459476e+02 1.121318068642385701e-01 4.984441362693808331e-01
9.035829075861475985e+02 8.726905473120045826e+02 -3.213454338182069291e-03 -1.310686431478157166e-03
2.324736303926143250e+02 7.395421838234483403e+02 -1.387708777284834757e-02 3.105170065081368502e-01
5.280430174252945790e+02 4.416298982177423795e+02 -1.791079809860624851e-03 -1.914143085369093182e-03
1.068116521212362841e+03 1.984772276157220290e+02 3.886645432842643008e-03 1.367498900680850626e-03
7.530490975598975183e+02 9.733272794340491600e+02 8.949751973821747347e-04 -1.744965537524633488e-04
1.030434551581450478e+03 8.254141702117086652e+02 -2.150990161082140008e-03 -6.277989619338588973e-05
2.688025161748269056e+02 7.647096009226611386e+02 1.183286735812232315e-01 3.635375350052219012e-01
1.021306953522603521e+03 8.145053742137205290e+02 -9.703442177432956839e-03 -4.563396403241178241e-03
5.015312420010626511e+02 4.665460946267900226e+02 -2.820469183656413355e-03 7.257675289349550286e-03
3.111289475554661408e+02 9.291513722596447451e+02 1.738389981600620970e-01 3.488581497874713722e-01
1.161688725314993462e+03 2.340788341287982064e+02 2.929678379238415814e-02 1.242237247986302390e-01
1.067260917483887170e+03 2.158223204040342011e+02 5.005612322871583197e-03 -2.650737375516697136e-02
9.508804419861470478e+02 8.848115894345029346e+02 -1.719914627183288282e-03 -6.162674276786016779e-03
8.184508411008509938e+02 3.799893298572358162e+02 1.098659847530548657e-03 -7.813384334131925619e-05
9.707772723433636202e+02 8.891835332056219841e+02 -4.882072041377706270e-03 4.808323950826006343e-04
9.032224523492003527e+02 8.408510394115603503e+02 7.385042736739994397e-04 1.865732394918214170e-03
2.637767935648981847e+02 4.397833380042621343e+02 -4.086373292945422175e-02 -1.436103368334700758e-01
6.291206138938161985e+02 4.378442669847456727e+02 -4.452740526959259038e-02 -1.874193312528967675e-02
5.838851587293601142e+02 4.796104712770717811e+02 -9.318900365683542575e-02 1.824753963884100799e-02
7.980576537113012137e+02 9.287969728644567340e+02 7.268158062394228930e-04 -3.393705556667969431e-04
8.643245789796865211e+02 1.102107407042225759e+03 -6.245912168885684249e-03 -1.614846438031344129e-03
9.444383419411564091e+02 8.578500223356055585e+02 -3.367126967268992133e-03 -4.821173358327496901e-04
1.939824746327148546e+02 5.906875269439933618e+02 1.390895919426514936e-02 -2.373866241553307388e-02
2.457041337095100744e+02 6.498465027676247701e+02 -3.714671258672939957e-02 1.922772502865249811e-01
4.936552312652855221e+02 4.526859560674393492e+02 -1.067863931335536962e-02 4.783311576164637341e-02
8.356246293754429644e+02 4.118151743118992840e+02 -1.331737001210328379e-04 -1.826024436762072349e-03
1.172921262669994576e+03 4.485296965749884635e+02 1.282481927055391935e-01 4.089053961762763034e-01
9.611646813289527245e+02 8.773603611862146181e+02 -3.919091600940389879e-03 -1.373201291523225287e-02
2.190835951338061136e+02 2.974917845342637861e+02 -7.158324919079729620e-02 -2.201265171069227977e-01
2.311318368453797234e+02 8.040771182661590046e+02 6.658955912161582114e-02 3.272442465251046984e-01
5.207591414671937855e+02 4.228109811450486291e+02 -1.585504350688583808e-03 -2.957871994754448022e-02
7.902420520319363959e+02 8.816831810859270036e+02 -1.279117859377884798e-03 -3.342826826112043487e-03
9.681557115529694784e+02 8.248983779862428491e+02 -8.884123456849434431e-04 2.485210626291923987e-03
2.150681195792545850e+02 5.233020296470490393e+02 1.499961704246209893e-01 9.111508784735633526e-02
7.970712534695275053e+02 8.849232698887276456e+02 -8.292244204053847434e-02 -2.126119961087737098e-02
1.191382701364083914e+03 2.113629675223645563e+02 -2.195893283160871030e-03 4.081604622266097118e-03
8.109458967610422633e+02 4.032833463516919892e+02 2.442016134040440618e-03 6.050427107148193245e-04
7.673338393362407714e+02 3.855003855920340925e+02 -8.391209161174521380e-04 5.184637619124421405e-04
1.184017529736700681e+03 2.092768940036670813e+02 5.180049738614213133e-03 3.879403133876481967e-03
2.389850221586310681e+02 6.470008792625835667e+02 -5.374881343030183528e-02 2.441342086218605545e-01
1.075673873502167680e+03 2.160285589501334016e+02 1.790515981442334856e-02 -4.282260846296499779e-02
5.581045903165897926e+02 4.145350706085195043e+02 1.478116268272780965e-04 7.700859580798842183e-03
2.745396593943911512e+02 9.014235364685636114e+02 1.174108874655581253e-01 3.277876020779511013e-01
9.289914175068079203e+02 8.664742866577403220e+02 1.363991353207888967e-02 -1.085541450718457979e-02
5.979777189961408794e+02 3.818327087870174523e+02 1.224526184518983513e-03 4.817940828921577802e-03
3.349056597393674224e+02 5.479538597684514798e+02 -9.548327415137072838e-03 4.973289133099817461e-02
1.135471577966129416e+03 1.683475624097461605e+02 -1.486750376992823034e-04 -3.048843429406860629e-03
7.660651334615174619e+02 9.220609022485612059e+02 -4.748521379819143351e-01 2.623650938504072938e-01
5.111967478908932776e+02 4.392368686208864688e+02 -3.355022605274366691e-03 2.109609813797728994e-03
9.947075150799903440e+02 8.758677256228304486e+02 -1.645340223468779361e-04 -2.020350270162462030e-03
2.745051255605645224e+02 4.427972433131515118e+02 2.898618242968360736e-02 2.528306746973233987e-01
4.807713083185411165e+02 4.707880169524959797e+02 2.637925754628564663e-03 6.690596567402803604e-03
8.785243453080181553e+02 8.730656487107086150e+02 3.172649364147119705e-02 -4.295423518118299602e-03
8.079282129986463588e+02 9.383776029854725493e+02 6.901203246300583946e-03 -1.347870938277290209e-02
3.005547636761277204e+02 8.734708226137456677e+02 1.638909004243177814e-01 4.519347920851417566e-01
2.277383965901886995e+02 3.244631699350749727e+02 -7.009750048984787762e-02 -2.889994925834492578e-01
5.362432974136534085e+02 4.162755523411020135e+02 1.810546496838892627e-03 -6.995208289336320466e-04
5.211205030381361212e+02 4.406271869382608770e+02 2.727344947454121704e-03 -3.079079215552556464e-03
3.263833543990386943e+02 5.358186301985907676e+02 -2.310434713690078055e-03 4.660074693428177886e-03
2.349872229240642696e+02 7.895410965012018778e+02 8.744454983898317102e-02 3.440341380594486020e-01
2.719751233071787055e+02 4.271586323034498491e+02 5.398789235196450875e-02 2.015913859098291405e-01
7.446310473336693576e+02 3.969191666559729583e+02 -1.568846062898748969e-03 4.140722879300807839e-03
2.480887270935969866e+02 4.165990527478751346e+02 -4.668022889805597403e-02 -1.558464261633469294e-01
1.514360956598500252e+02 4.550124354953117631e+02 -1.750891625716961397e-03 -2.253835036178275259e-03
8.065292674655667327e+01 3.239263066142132743e+02 -1.115416246237389136e-03 -3.242257969658215826e-03
2.765963401495536687e+02 8.588927381901274885e+02 1.323707028550359655e-01 3.234855717010886034e-01
9.760357408601684028e+02 8.684507166016054498e+02 -6.453163999693888910e-03 -6.580293356953258697e-03
3.184627227407858072e+02 5.183572240503722242e+02 1.447925700329738032e-02 5.532626133646484194e-03
5.400282178892907723e+02 4.255601737526038164e+02 9.833116195004053955e-03 -1.395312602491768916e-02
1.001096716553539977e+03 2.501117463009843505e+02 2.028527403150058236e-02 1.454762274003926041e-02
8.507356576442412006e+02 9.315279433575356052e+02 -5.465456796141867106e-04 1.597214463754876364e-04
2.293485858576498231e+02 7.680054469184500476e+02 6.862449947396334626e-03 3.933713238727513661e-01
6.257818477925765137e+02 3.825891933168072683e+02 -9.672412024260080080e-03 -2.183225490645977762e-02
2.545942936254835161e+02 4.969989560589514213e+02 -5.304819272875010462e-03 -2.227940135283951878e-02
1.088011571340704450e+03 1.889633085426938521e+02 7.151693959887851781e-02 1.208004455892453533e-01
8.164627055201515304e+02 3.636580671217648728e+02 9.258507731056842688e-04 -1.580575872787115771e-04
5.454535106380762954e+02 4.252102119906706434e+02 -1.793973740911096112e-02 1.304198807828287933e-02
8.577441492720472525e+02 1.101649583415975485e+03 1.113247070162683974e-03 -1.421571303644038298e-04
9.300151146375277449e+02 8.350091801721140428e+02 -1.528896572671607746e-04 -1.462898358252882891e-03
1.145296607510427293e+03 2.314177899030631238e+02 -4.037502825759916279e-03 1.298271880579934421e-03
2.631750091121290893e+02 4.084196928260147956e+02 5.799709083789134773e-02 1.744214811238839757e-01
6.071547734020264215e+02 4.190552543412757132e+02 4.561347880328389497e-03 -8.196295596199339390e-04
1.195684786512935489e+03 4.643294922217676231e+02 1.602311948129947206e-01 2.653429198421735635e-01
2.576777673765815848e+02 7.776703126173744067e+02 1.206304633833511081e-01 3.068445299730303000e-01
2.752398775319688866e+02 8.311112763551152511e+02 1.059776177072861980e-01 4.392870647762069369e-01
3.254301995413608779e+02 9.649802863137158511e+02 2.384173861630721758e-01 4.939233126732764378e-01
2.828853552793159452e+02 9.209533650174676040e+02 1.632137495679314987e-01 3.972437748119422296e-01
2.399461847565170274e+02 3.651853780117781412e+02 -9.735112883026464381e-02 -2.851986508728455716e-01
1.236122284039772694e+03 1.320821610204819194e+02 2.203883882603435446e-03 -3.788953581377681526e-03
2.788991385328147885e+02 3.993565654662616566e+02 6.114331709297834982e-02 1.776667292151310751e-01
5.110228354873684680e+02 5.084779938007956730e+02 2.319282214096072409e-02 1.979577009035438095e-02
3.163958813351293884e+02 1.013137395105178825e+03 1.342322656047400253e-01 4.604875389177210399e-01
5.054187538679229874e+02 4.911805571618778572e+02 2.167076453355940013e-03 1.970458196780325646e-02
2.439456318970979396e+02 3.894870169954818948e+02 -1.049879514354568194e-01 -2.371259059340798114e-01
1.147003522421963453e+03 4.802332495209623175e+02 2.840406660260813010e-01 6.345453788873117729e-01
5.443182064505703011e+02 4.075393224842412678e+02 -3.581162155200271835e-04 8.484983133416340237e-03
2.868868241287734122e+02 4.271390257678902458e+02 6.882737990026771557e-02 2.073517128081036331e-01
1.096775965692998625e+03 2.149852666384320514e+02 3.228076072664497545e-03 5.992690062203503802e-03
2.364844643628316874e+02 7.300246959525246666e+02 -3.673285876984051096e-02 2.840890384063044505e-01
2.490340634307750349e+02 5.546142043807493565e+02 -1.420533717390287110e-01 3.993953577438481561e-01
1.203803153495686729e+03 2.533663688718114031e+02 1.691800811223888312e-02 8.134277113768321674e-03
5.524839725895521951e+02 4.738855441168836933e+02 3.317989655538620269e-03 -6.182716714613772230e-03
1.020593760644677218e+03 8.658299357820673094e+02 1.700259206019143340e-03 -1.346362985389145533e-02
2.604377616093743200e+02 6.695084518849395181e+02 -3.551117022723280364e-02 1.931764854842563939e-01
2.556807857134436119e+02 3.920914463423268330e+02 7.000512046504309138e-02 1.738592537822474804e-01
7.531986106162366923e+02 8.452591303921241206e+02 -4.776296803971256618e-04 1.223555170919089514e-03
9.775192244058880533e+02 8.457458351293190617e+02 -3.863748113023422401e-04 -1.261315011874157360e-04
9.709124958602130846e+02 8.677423496922672257e+02 6.818988286370020364e-03 5.405010078355657922e-03
5.547652890678933773e+02 4.788068096045676043e+02 -1.850297479928138950e-02 8.059014224697041984e-03
2.371621773643377935e+02 8.131633412158661258e+02 1.142104348690306526e-01 3.067007227738202668e-01
5.515199646058647431e+02 4.999898084567778369e+02 2.234437500391376914e-03 -7.194441277387439611e-03
1.158451371971987328e+03 1.436723526150581165e+02 -1.935274318266958296e-02 1.563816179294566511e-02
3.223316288382697508e+02 5.293778758851623252e+02 -6.011169594737476515e-03 -5.191883282505652120e-03
1.087860463688431992e+03 3.400433851983641489e+02 -3.403506578539992541e-03 2.012555820787122532e-04
2.224719706471128973e+02 3.091560134124468959e+02 -7.097978380530246822e-02 -2.669574039174815172e-01
3.185167398453280043e+02 5.669400916704830706e+02 -8.611484060684187689e-03 -3.297280041598277863e-03
2.353620555069682041e+02 3.475801366821253282e+02 -8.346439949528247637e-02 -2.710580966892374710e-01
2.676178303744957248e+02 6.734057665547487659e+02 -8.888766546351520303e-02 1.464708772757626065e-01
2.742251397739809704e+02 9.347243054422915520e+02 1.493467460604193386e-01 3.950645064625357694e-01
1.119161074210461493e+03 2.422826318434063637e+02 1.300168885313949087e-03 2.263278758262724389e-03
5.846578853289400968e+02 3.921966869839179139e+02 1.025857337481284048e-03 -3.211321683411910450e-03
2.806743030685789222e+02 4.777685575931214430e+02 1.757800256563098185e-02 2.853043584426102619e-01
3.139971928325517752e+02 4.713635988591910291e+02 -7.953220459976274729e-05 -8.420042458678296060e-04
2.478782126817816902e+02 3.949824532977809781e+02 -9.323767366227779518e-02 -2.370915355923101653e-01
1.123845556032898912e+03 2.120762698879016739e+02 -3.231776355690245059e-03 1.452216237364080745e-03
8.847281790875814522e+02 8.761358598472924086e+02 -1.249064114755029688e-02 -9.610892710410066930e-03
9.060540447190176110e+02 8.772663774250430606e+02 3.653981588848921169e-03 1.080142717841686131e-03
1.136545055006644361e+03 2.002826974478001887e+02 1.655566574706386351e-01 4.215048663567024650e-02
3.725298378894344182e+02 9.745087953422997771e+02 8.036387905047665372e-04 6.792215761566190854e-04
1.177831482570187063e+03 3.888426697897280064e+02 -2.151655504488612924e-01 1.777887131644438345e-01
7.926437824400887848e+02 3.935872009322688427e+02 -2.701730712692776600e-04 7.923414487425019335e-04
2.654815912540280465e+02 3.736800684640273857e+02 3.034853387074271797e-02 1.402851712469621870e-01
1.063031729582501612e+03 1.854911171783911357e+02 -3.199032767348975251e-03 1.475462883374543954e-03
3.444276881851070016e+02 1.041472159769121618e+03 1.954101108050680935e-01 4.543000794569088119e-01
3.234296542910827839e+02 4.792768982174751500e+02 -2.162057586170559680e-04 -6.594814761843501537e-04
3.164166775259164979e+02 8.844695549137948092e+02 1.985948545792063369e-01 4.371558387599060458e-01
2.829245758922306777e+02 7.714029528507603573e+02 -1.165143396432707229e-01 -3.096358569690552121e-01
9.719678733467366101e+02 8.311938868097871591e+02 -6.214998570815416859e-03 7.685384593290757634e-03
2.470786924894133278e+02 7.147997361642363785e+02 -4.526269664131998133e-02 2.082901112340462824e-01
2.338063153957467364e+02 6.495795458547070211e+02 -5.736409615283635799e-02 2.636856041086606539e-01
4.962093222913754289e+02 4.736532699913364581e+02 2.022015774972453668e-03 4.658297100318145763e-03
2.771223239590672733e+02 4.164360057285462631e+02 5.208212506911906459e-02 1.887203532956127916e-01
2.553475409173185255e+02 8.331301755117849552e+02 1.302907372118488893e-01 3.454394978127777183e-01
1.013155175869016830e+03 2.606394182345970307e+02 -1.065824725663103503e-02 3.660926050769103962e-02
9.303010424831029468e+02 8.968792992933042569e+02 2.271206221448124687e-02 1.024736853392792246e-02
2.968170699133870585e+02 7.826385499311479634e+02 -1.230827683821673624e-01 -3.312437953692582981e-01
2.562660063559492301e+02 4.333202966934833853e+02 -5.842836350283469454e-02 -1.523393524000462851e-01
1.083941774492795048e+03 1.991552458566455357e+02 1.295296637113997444e-02 -1.502302566210106730e-02
2.511768027013088158e+02 4.037852192936506412e+02 -1.209265226180378933e-01 -2.052005770342734403e-01
1.198785930571403014e+03 5.210150339655108382e+02 1.649741719381543903e-01 4.953035899636896722e-01
2.657100569875589144e+02 9.019148805037092416e+02 1.432353819159221386e-01 3.425515824681233945e-01
1.099907947566015537e+03 1.649323978489886997e+02 8.440590097118072510e-02 1.039037328130279492e-01
5.884782983823789664e+02 3.977987187628648371e+02 -3.118797267312978477e-04 2.964044048286327074e-03
1.183010059228985483e+03 4.798848201637523516e+02 1.725228416039589208e-01 3.805674270460903119e-01
1.121292264835113883e+03 1.599166061532961578e+02 3.588828463978301315e-06 9.104636489651214692e-03
3.336462694951203503e+02 1.051759992662340892e+03 2.562622456564946916e-01 4.390366252483604015e-01
5.076820458852781712e+02 4.428846488104694004e+02 -1.705317067945196592e-03 -1.315779875160151373e-02
1.187930381416444561e+03 1.825085517385671778e+02 1.246809538734617168e-01 -7.446004320829047174e-02
2.486484578902487499e+02 3.600299862167351534e+02 1.850382684415899023e-02 1.446774977956822306e-01
1.175903154143739357e+03 1.425153127549723422e+02 3.438625748895172279e-03 6.638011099892532699e-04
6.089783739544284344e+02 3.677494043220853541e+02 -9.767411280176253874e-03 8.377099688673995265e-03
2.217991014722108787e+02 7.865765223957802164e+02 6.902753467892831785e-02 3.923191465976861858e-01
2.882235241033251896e+02 6.485965184631910461e+02 -4.510579199361900576e-02 1.696305753460304044e-01
2.731494241521849631e+02 8.191580480740888106e+02 1.003683575110377174e-01 4.128307527947945865e-01
2.671589600811371383e+02 8.912349143630467552e+02 1.142146842728436196e-01 3.395132367675497420e-01
2.748790707268931897e+02 4.818891760173845569e+02 -1.169190655112441538e-02 2.772512901518261463e-01
2.884384264705228702e+02 8.513988679382827058e+02 1.288608593409563685e-01 4.085312183789311935e-01
6.029951903521349550e+02 3.690974501895112212e+02 -1.250575564521982756e-02 -6.616763261766407493e-03
6.119600734282166741e+02 4.280274866266587424e+02 -6.758637180730534336e-03 -6.537831831422809964e-03
3.273370620299714346e+02 5.202559298056351054e+02 -3.672038995564255032e-03 9.178013661061423106e-03
5.336552896970785014e+02 4.125574698306527921e+02 2.296421246953313580e-03 8.933754317131342802e-04
5.474029045391545196e+02 4.654951608873316786e+02 -1.312497482183786757e-01 3.509554421418388526e-02
1.036351060765711054e+03 2.986144954578115289e+02 -4.100372658399014519e-02 1.247869973200705918e-01
2.636572678782990238e+02 6.850888352229408156e+02 -6.064218529338789854e-02 1.515690303109556436e-01
2.344552384036387309e+02 6.868263637100392316e+02 -5.092851545503667560e-02 2.175268999357632405e-01
3.024458105387466276e+02 6.108513846415252146e+02 -2.358031814684589250e-02 5.917345610333037131e-02
1.192031732952341144e+03 1.855478514544801953e+02 1.127297830026749853e-01 -5.734874519026254142e-02
4.779676776531918563e+02 4.680359145352101109e+02 -3.671949907922032134e-04 -1.438002261115325616e-03
1.140822932414705065e+03 3.893577925113877995e+02 7.431689251601449053e-02 2.858574289377084979e-02
2.208062479554592414e+02 7.460409888200625801e+02 3.685972949596989789e-02 2.952928457556693309e-01
2.752436906047644811e+02 8.436492285374584981e+02 1.006139230882541064e-01 4.156600573356426520e-01
7.839482796868501282e+02 9.597385343721731488e+02 -4.188888097670846224e-04 -8.813690921077987211e-04
2.444346117456925924e+02 3.507114779679303638e+02 3.166896674576608756e-02 1.579077788762315582e-01
2.928022483077203333e+02 8.863113069638726529e+02 1.766606903615860480e-01 3.895573316864419100e-01
2.439201739080602067e+02 8.467165268773253501e+02 1.254548589352313392e-01 2.872167105841630375e-01
1.089266128000051594e+03 3.589819067915134951e+02 -2.795033034439851072e-01 -3.363369534431541186e-01
1.210553349995421740e+03 2.460035065367567029e+02 8.739099739386801957e-03 2.784372498500107748e-03
2.504148444471542518e+02 3.491375012682867123e+02 2.787344439351393047e-02 1.608595467541182045e-01
2.702546775631072364e+02 7.400111888371807254e+02 -1.410776158555948623e-01 4.150319783285241065e-02
2.345650475015730194e+02 3.584182920389600895e+02 -8.244709566653232735e-02 -2.947475730964032037e-01
2.197518656486386988e+02 6.897118982457549237e+02 -1.269263127309918915e-01 3.275286946118353137e-01
2.580805261836843556e+02 3.335063780853014350e+02 3.128776610967009403e-02 1.304820815580682303e-01
3.075812477685208250e+02 9.672685833165317035e+02 1.874700519422513034e-01 4.407347590762535905e-01
3.122678707135617628e+02 9.570658398162590856e+02 2.036081788493895595e-01 4.213384394492487028e-01
5.795764690524312073e+02 4.948584718886140763e+02 -2.956827298839925788e-02 1.488446838876800703e-02
3.145312055896204697e+02 6.363465614410498574e+02 1.632822639845361509e-02 -4.875290716481370940e-02
2.628572416218244712e+02 8.136405960129652613e+02 9.805926099747605540e-02 3.880749208984111132e-01
3.125321243727393039e+02 7.882144003149591072e+02 3.306773796153103517e-01 4.240109333142049741e-01
2.886185828819884591e+02 7.947140127675606891e+02 -1.111545134609775304e-01 -3.333274615416014774e-01
2.697310201989292864e+02 7.779698426537071327e+02 1.265590287296287086e-01 3.509095880956397684e-01
2.172646047537755578e+02 7.247078082176965381e+02 7.757514221278774547e-02 4.198852751137914230e-01
1.118338809737052316e+03 2.208448141796328628e+02 1.613739747570812864e-04 -1.421647190491541653e-03
1.139731534803400336e+03 1.921212982447034108e+02 3.850491158240095663e-03 -1.099160665905985629e-02
2.654725483287326142e+02 7.983486347919621267e+02 9.471850955238952929e-02 4.009049714463157610e-01
1.216486063519436357e+03 2.503367006967380917e+02 -1.561501622687177290e-03 4.994148840790899914e-03
3.534804654644651691e+02 1.026033292928599394e+03 1.859419432776492909e-01 4.514499623007940388e-01
2.458628108357153224e+02 7.971021161241794744e+02 8.106580734389209897e-02 3.523540987168781724e-01
1.167652705685189176e+03 3.132582933448750850e+02 9.823094319099344440e-02 1.356747761126855245e-01
5.108443477275816917e+02 4.795405698231155611e+02 -3.847275373455753822e-02 2.608850924704400609e-02
2.094830852068177762e+02 7.033406774256952758e+02 -1.386361425672770209e-01 3.477177433003317275e-01
1.178268030244014881e+03 4.026827365484571715e+02 -5.555586885453287459e-03 1.633077156289448328e-01
2.032934893849467528e+02 7.311515873170803843e+02 6.256007465618992902e-02 3.118198914483519824e-01
1.073226521471072601e+03 2.106507128746991384e+02 -2.544594306513236689e-02 1.206207330788726800e-01
3.301974767536663080e+02 1.080291911203122709e+03 3.177670589608982271e-02 4.157315046226682798e-01
1.151067873560470161e+03 3.585278731470793900e+02 1.586578309683439880e-01 2.448537159212462733e-01
5.747537405275095352e+02 4.245267134299168674e+02 3.248346017753106756e-03 4.970909727152804033e-03
2.263126570070944297e+02 6.575781569527634929e+02 -6.021325346936090561e-02 2.395326258960670252e-01
1.101828928440590289e+03 3.667042110472909826e+02 -2.609027274284759779e-01 -3.589204513104048422e-01
1.236444105116052924e+03 4.768119422898558923e+02 7.793391250320742814e-02 2.096179052647610952e-01
2.676459810974002380e+02 8.485740144156351334e+02 1.144270220599806487e-01 3.257085942005757406e-01
1.088794888617279867e+03 3.333066891387559849e+02 -4.523851396763149853e-03 7.243801892679521681e-03
2.805368307078770727e+02 6.087646089033569297e+02 -6.287015298785589290e-02 2.858913287950644588e-01
2.102372760291217446e+02 7.332649393502850899e+02 5.843740218537309128e-02 3.815592386304689776e-01
5.623485109805135380e+02 4.369719547084945930e+02 6.841911587964141783e-03 -2.488720855959255986e-03
1.232833260582890716e+03 2.556455595741347793e+02 4.636519795323269799e-02 4.063191875803710829e-02
2.529577662204886792e+02 8.460713428887240752e+02 1.327546726600597193e-01 3.110322904113765330e-01
1.135386314201535242e+03 4.123076692291725180e+02 -1.381226508932367480e-01 -2.726233615926277887e-01
2.981686633044499786e+02 6.587265050046582928e+02 -3.320913303050451737e-02 1.658446625040085609e-01
3.040863985802492380e+02 9.544915832627968939e+02 1.828478903668859512e-01 4.418848481545617490e-01
1.015992555874099594e+03 2.745350802086341560e+02 -9.943193504427924254e-03 1.088686447425604026e-02
1.163521771929620854e+03 1.945944173697536144e+02 -1.033931217340959968e-01 -2.986829403317385889e-01
1.208857002365182325e+03 4.385952040667052643e+02 -1.213368502354020134e-01 -2.207947674499332602e-01
3.106581258396268481e+02 6.195045184714263087e+02 5.530012810214657293e-02 2.490411652094041972e-02
2.876107943775795661e+02 9.009105078909178701e+02 1.667246140475785732e-01 3.850199084275687800e-01
2.134148587759692930e+02 7.562542255260650563e+02 4.418274365538323728e-02 2.550377043028535518e-01
2.044321718655266409e+02 6.513365173707076110e+02 -2.492314426444751287e-03 4.898666593542584935e-01
3.022642608696993420e+02 9.088702113174202850e+02 1.947757011139699956e-01 4.245915460018090948e-01
2.520062714960286314e+02 3.724945458831020346e+02 5.700314554790134047e-02 1.289162119409493490e-01
2.570584183950232955e+02 7.948303349498355601e+02 8.818034650865720636e-02 3.729037672630358125e-01
3.504461759452947831e+02 1.036220580027555343e+03 2.064716151325411975e-01 4.500185359872762580e-01
2.486332406852975794e+02 6.339868467895317963e+02 -2.137933965167883657e-02 2.591821397118549419e-01
1.232918209080248516e+03 3.111367258273276093e+02 -2.334855472370101215e-01 -1.016797428811646448e-01
3.164501672608421927e+02 9.994628048731680110e+02 1.292074468788143304e-01 4.446304269173852464e-01
1.250902540012531063e+03 4.596249673603782639e+02 2.221146628019546876e-01 2.172847528257424166e-01
5.474811770740247994e+02 4.085789978249629826e+02 8.650856467049901528e-04 -3.245877683068016089e-03
2.296048988371725557e+02 7.570092500921165311e+02 -4.659153292123285883e-02 3.445513566712179454e-01
2.451294757122332442e+02 3.313784397332519802e+02 5.790051154634193176e-02 1.823471857870501422e-01
6.298506156994883440e+02 4.517027483152611467e+02 -6.820927581700424180e-02 4.018671113896692126e-02
1.162965109008252966e+03 2.574149157074617165e+02 1.821047155104535409e-02 9.156355588813069185e-03
1.957026552481963790e+02 6.848898219490089332e+02 -5.755125423815310448e-02 5.496125684393808886e-01
3.235437123084097379e+02 1.082600613623803611e+03 2.844849561032133239e-02 4.120082458224993971e-01
1.219390006248239843e+03 2.552874282618529378e+02 4.881886249715606911e-03 -2.853857666402948457e-03
3.103083779456900970e+02 1.004431336863561228e+03 1.554546786354508436e-01 4.465145100950106416e-01
5.448584214122206504e+02 4.595399317785164612e+02 -1.127137114956856673e-01 4.768514748260576502e-02
2.612481865056788592e+02 7.527519209554445752e+02 1.075225041753139349e-01 3.385029917974114455e-01
2.584841344201317952e+02 4.150837693627525482e+02 -4.188937877062368087e-02 -2.125921935479549718e-01
2.762779395861572311e+02 6.842685946210328893e+02 -6.005937297399076974e-02 1.572520079704170515e-01
1.128355077763049394e+03 1.904654549479971593e+02 1.643080942564197414e-02 1.594775275703590178e-02
2.790636213713960387e+02 5.816680564260243500e+02 2.716888579132023572e-04 3.372662106763642531e-01
1.124831819184722690e+03 2.462046288205899884e+02 1.787517560015964430e-02 -1.077865591723691646e-02
1.134790169414123284e+03 4.439150407828192328e+02 2.790059359083578161e-01 5.524569998683467320e-01
1.154300416041448898e+03 1.905325660698481727e+02 2.032427946599878188e-02 7.137861810995860430e-03
1.227273971345328164e+03 1.491308712174771642e+02 -1.907604276811530322e-03 3.348592499492042407e-03
1.108929235119997884e+03 3.907223446125493638e+02 -2.244107619570392120e-01 -2.699429454800127415e-01
1.136336542899006645e+03 2.454218673210242230e+02 3.679954785304676707e-02 3.836399407099248815e-02
2.791249256734453184e+02 7.843816925852789836e+02 9.849448628534786254e-02 4.396236007540610946e-01
1.167894583274028037e+03 4.037746913299684479e+02 5.886645459989916368e-02 2.813441681865648802e-01
7.421037634921611925e+02 9.598904281742641160e+02 7.794003215228105172e-04 1.682714727854716470e-03
5.221417928152484365e+02 4.761032107509514617e+02 -2.029114557397154184e-01 8.032382173333792869e-03
1.165299703949797276e+03 4.098900704041200811e+02 1.434043008986405354e-01 3.914980997988917188e-01
2.464575484828830554e+02 5.135561846323242889e+02 -1.160124890152744274e-02 8.402404700669505525e-03
1.023265381322584972e+03 2.788982465498600050e+02 2.644165858104054363e-03 1.368658345067687342e-03
1.144296824720200448e+03 4.418689105865935858e+02 -8.445703227640605215e-02 -2.995254098572149304e-01
9.958629658953572061e+02 8.231468726895342343e+02 -5.472560226035124570e-02 -1.576635651619568215e-02
3.097765664748757217e+02 5.521668874068321884e+02 -3.302018641420545464e-03 -1.513457002256518059e-03
1.017620747370418371e+03 2.631893256853761613e+02 -2.014195285814573966e-02 2.541011660663388891e-02
2.362160756017430572e+02 6.647159763626773383e+02 -4.770303901386036688e-02 2.593104494926063430e-01
2.955045343921428298e+02 8.499258767594990331e+02 1.457427167410502433e-01 3.958018338964983118e-01
1.138212231886366681e+03 4.285963929303621853e+02 -1.059534066514921102e-01 -2.752017682901377049e-01
2.701540428911234812e+02 8.329171217457771945e+02 1.043092148694955007e-01 4.527555643148731268e-01
3.219456514848582742e+02 9.025948427732364507e+02 2.748136701320882946e-01 4.369126244308700335e-01
7.952278886063693335e+02 3.816833164257355975e+02 2.197470928906275988e-04 1.127381012304678109e-03
1.019719654375576283e+03 8.063114372858307206e+02 -5.472771260763306320e-03 9.870756599976891147e-04
1.070858576878076747e+03 2.796628048114136504e+02 2.155318916012143593e-01 2.897025562511531538e-01
2.159623432281253770e+02 5.986489172527629989e+02 8.480109037537716943e-02 3.235243335443567236e-01
1.192111273324435615e+03 4.960111147653141757e+02 1.781147350286618747e-01 4.143663645408959262e-01
1.047235974002196372e+03 1.780190894392488303e+02 -1.263709597929792497e-02 6.218640844284912053e-03
1.151589066472430432e+03 2.464618776871685668e+02 2.862901870430775361e-03 -5.311092384889627878e-03
1.052450786671413198e+03 2.489385169176548800e+02 -1.607156750560444491e-01 -3.151866085266143147e-02
1.148529655064794724e+03 4.431039478889167071e+02 -1.001002496168642009e-01 -2.996121610916465117e-01
1.113409803383124881e+03 2.212213014753723428e+02 4.110775388586928453e-02 2.353531115659859563e-01
2.536173432144634887e+02 6.940595400279884188e+02 -3.796228014477907864e-02 1.663255155221683157e-01
1.198019673080124903e+03 3.560379126048764533e+02 -4.156933401655481530e-01 -5.420548111133446229e-02
4.837724254475544399e+02 1.069948633566521266e+03 -5.218298725489968351e-04 -6.458469591633378892e-04
1.118736577957407462e+03 2.344444179977759006e+02 7.835273910420102392e-03 -1.031442244112358575e-02
1.210292349522138238e+03 5.112085649779062351e+02 1.813067498899857688e-01 3.529073657127146380e-01
1.133169654722400765e+03 2.011130607903071734e+02 -1.039321060741708602e-01 -3.977311064390915557e-02
2.928420903480691209e+02 1.004615609671163952e+03 -1.605265298893285841e-01 -3.474507602652274207e-01
6.062800854334907399e+02 4.065656742006939908e+02 -5.295767629698023421e-02 -2.316544133476261882e-02
1.057083330361785784e+03 2.714646702384918058e+02 2.553107667635667877e-01 2.710643587988191827e-01
9.284498157896550765e+02 8.827141176963301632e+02 -2.710387156428011382e-02 1.212672538735664642e-02
2.966352473364930233e+02 8.299627205322933605e+02 1.780128802984502767e-01 4.105219846266398021e-01
3.040833508451088392e+02 9.868791921821659798e+02 1.755831642874105814e-01 4.925939247771888296e-01
1.023874826505053193e+03 1.876977387159657553e+02 -5.752065315327021394e-02 3.580017532988193779e-02
2.447165783076401340e+02 7.607697091888799150e+02 3.163782342583028317e-02 2.187655184758802995e-01
1.213539518273396425e+03 2.237792284231346116e+02 -1.055127659267755293e-02 -1.009312293159930762e-02
2.614098747064779218e+02 7.264138954712848317e+02 -6.812588676001214705e-02 2.089984720536683660e-01
1.137296851556694264e+03 4.948634402330073954e+02 5.855766851520394223e-01 1.290466156315253299e+00
1.774071064567743861e+02 4.665308035341544155e+02 -3.966485094307635462e-02 -3.176333718784024596e-01
1.143467725901070480e+03 4.236597794661192893e+02 -9.955509206315357740e-02 -2.748366598926670346e-01
7.860617137850923655e+02 4.016367659281012834e+02 1.000066616444372086e-02 -2.241816136260092046e-02
2.015536423508806365e+02 6.518441141276948656e+02 -8.775570723297122788e-02 5.573361687570310696e-01
1.058052153370567112e+03 1.783746326558317890e+02 2.959814580425123784e-02 -6.133692291755093312e-02
2.068590083578556289e+02 6.354655434339485964e+02 -1.210477382826709719e-01 3.183803847264198850e-01
2.596194915164173835e+02 6.972979237545825981e+02 -5.063588930078770367e-02 1.513560540704137203e-01
1.118154432807947842e+03 3.843818551202704725e+02 2.345363241420880818e-01 5.443623187653983120e-01
2.277303342656970813e+02 5.432579215573759939e+02 3.498625964456579251e-01 5.750720285598028003e-02
3.129598336544941617e+02 6.071898507019353701e+02 1.654900135069470313e-02 -1.143142748720596402e-02
3.237463924100414374e+02 1.008038102007619159e+03 1.210143458917013332e-01 4.601219547598072168e-01
2.932950565989009419e+02 7.918304965074789834e+02 -1.207313730699680343e-01 -3.204109126042414268e-01
1.027764901659448242e+03 8.531158638022329797e+02 6.464839869250222151e-03 1.672009989905552316e-02
1.158915684105433229e+03 4.603659292152563580e+02 -1.095772634584348121e-01 -3.140323640249214621e-01
2.542076314016696301e+02 5.938213602245582479e+02 -6.564256630504233803e-02 2.672279803686564148e-01
1.126169058667559284e+03 2.181433893836410221e+02 9.921663813418147779e-03 -1.060838171968561498e-02
2.675406313501628119e+02 5.957338384482478659e+02 9.814310849566311445e-02 3.956207974074290590e-01
5.965215032039584457e+02 4.173861908666656291e+02 9.476044908852950888e-04 -5.176409577231452395e-04
1.146405873819425324e+03 2.206083736791831029e+02 -4.425903717938216991e-02 6.005936611913088863e-02
2.977459231907428148e+02 9.878324951756981136e+02 1.820291613903351480e-01 4.853005214956817026e-01
1.061112152398043008e+03 1.934461642367638774e+02 3.418990234699281500e-03 -1.936700675000252924e-03
2.846039561406080907e+02 8.853621622271645037e+02 1.467126121150408580e-01 3.763964600968960350e-01
1.059612686542665642e+03 3.045056777972064879e+02 9.092991318997933892e-02 2.963392145960541124e-01
3.394970391967605678e+02 1.042394264218529315e+03 2.102540265988367685e-01 4.411625241577252776e-01
2.848485677024448819e+02 5.652425826508447244e+02 -3.855494549086156686e-02 4.152402092218668850e-01
2.715660621641226271e+02 7.511363321440119307e+02 8.873833469561423493e-02 3.263479820889604310e-01
2.499440401548044690e+02 2.995160689054974341e+02 3.243579134395659872e-03 5.369184569924179140e-02
2.656239260756562999e+02 7.817302801150818823e+02 1.218401678030637258e-01 3.638720628506709742e-01
2.588280060240319926e+02 5.920944618481577209e+02 -7.900599337183045190e-02 2.385931257606151434e-01
2.603193056574702382e+02 4.422432520227720261e+02 -5.206878464274788260e-02 -1.684507527043080655e-01
2.857795481654704872e+02 5.808406090062106841e+02 5.099518415413581071e-03 3.476356531752069490e-01
1.040138593173124036e+03 1.890105153439741059e+02 -1.915899197544180925e-04 -5.316056028973017988e-03
1.171682882369311073e+03 2.552513817338106321e+02 3.754070741873118122e-02 3.390531468254758679e-02
2.897726407805047302e+02 9.701290770835395278e+02 1.781920099577185834e-01 4.465514089274057463e-01
1.140733659441693817e+03 3.799245719158105317e+02 8.085623179093963386e-02 1.162346824761977537e-01
1.211087121920986874e+03 2.181073184463068344e+02 1.075551401887009546e-02 -1.881268369877314717e-02
1.157459059083780630e+03 4.067809416648074716e+02 1.971858448151164733e-01 2.777658504963420039e-01
1.203965303547793837e+03 2.030039918603756064e+02 -4.455420968234098666e-03 7.837820367079261635e-03
5.100587000612367774e+02 4.588609239235153154e+02 -6.100214321311161342e-03 1.604364103732313154e-03
1.168580736346888898e+03 3.816095446053298588e+02 9.205854098974605715e-02 3.830896888241950848e-01
1.149378166327089275e+03 4.549912457337056253e+02 -1.403364658114971408e-01 -3.338751988486277078e-01
2.589968595652212002e+02 3.869557197407579565e+02 6.786291787824860755e-02 1.604807036416403265e-01
2.512378753870216883e+02 4.841017630263842761e+02 -2.903976613017202925e-03 1.000641961728334587e-03
3.566733467880635544e+02 9.907260699556655936e+02 3.395003170009139870e-01 6.604921132112622217e-01
2.796592428694406181e+02 7.255124337733933544e+02 -7.037035817195756889e-04 -4.730467989748596801e-03
1.135737276280564856e+03 2.152377679965733250e+02 -1.339885097968588137e-02 -7.757652435398119765e-03
1.161738235861047315e+03 3.889052715870640213e+02 1.088176865944543575e-01 3.916724925922393519e-01
2.514074019442344365e+02 6.809352207553989729e+02 -1.171969581642440389e-01 1.995035530446402083e-01
2.667740271105698753e+02 4.022633111496377865e+02 6.199860471126792533e-02 1.628654773418337642e-01
1.065071979551236154e+03 2.600151808783944034e+02 2.496894001982478684e-01 2.586524444747840823e-01
1.166949731110228640e+03 1.503868122769744957e+02 -2.442633809177194911e-03 3.382004884513219265e-03
2.817288777399188575e+02 4.361031446212447804e+02 4.856616848780621193e-02 8.491776560928898654e-02
1.157951535586224281e+03 4.698398553230013022e+02 -1.383681772099970564e-01 -3.218876217698691811e-01
6.080523186329832015e+02 4.422290834056838094e+02 -4.498501040854021790e-03 -4.035691016739936798e-03
2.489220252751309204e+02 6.608697388776251955e+02 -4.923618183244678898e-02 2.063844890632962892e-01
2.492104129702121327e+02 6.713657393266973941e+02 -5.203994577600114246e-02 1.970134184676367861e-01
1.044353007111947818e+03 2.477221067477748591e+02 2.232488659912581219e-01 3.009223421389093933e-01
2.522581124862634283e+02 7.636430501089537302e+02 8.437330763903269637e-02 3.079073127842464896e-01
2.277857892178082579e+02 6.898366191524410169e+02 -1.208303559184202847e-01 3.539321551813591205e-01
1.147924281138211200e+03 2.127641334871816525e+02 8.164647601708818758e-03 3.054029019720660987e-02
2.839819528100043158e+02 9.328470304711878498e+02 1.145321647067252119e-01 4.688803908675231447e-01
5.615693481277409091e+02 3.946163994460765139e+02 2.341273187440573531e-03 -4.320957242814214318e-03
2.538028267605447468e+02 3.373146220331885274e+02 3.189823113312107578e-02 1.519506369349893360e-01
2.376363657271985232e+02 8.015187094809012933e+02 9.644766668875440208e-02 3.347819558701838893e-01
2.930931712456093692e+02 8.191131800446505622e+02 1.007075220789150766e-01 3.712335848108737069e-01
1.236520060048941104e+03 3.831666686958940886e+02 1.332174315152094557e-01 -1.263037843183113240e-01
2.311605036926558796e+02 6.282616367457422939e+02 -1.137225130788357824e-01 3.153902135153531239e-01
2.410033938408288918e+02 6.809051715372751232e+02 -4.684216261004327947e-02 1.985044340829772158e-01
2.595780391511933658e+02 4.034163260203699224e+02 3.081351389315467940e-02 -5.152217692671452048e-02
1.109134649773416641e+03 1.495104645593324335e+02 8.106696024098782039e-02 4.221553085894000530e-03
1.130466290825576380e+03 3.864683298284993498e+02 3.019708590662021491e-02 3.522571589786678281e-01
1.220904962247519734e+03 5.273453657740092240e+02 2.200365376630061542e-01 3.383933983054213668e-01
2.790094410189645373e+02 5.471114548241758939e+02 -9.156469972036307414e-02 4.712764214982992916e-01
1.121589295972896252e+03 1.810500525998779153e+02 1.603469407189658108e-02 4.125270777940515804e-02
1.351222609110338226e+03 2.614346565164585741e+02 -8.581558090261949805e-04 5.405374393173794853e-03
2.748608009773851109e+02 5.680518984464822552e+02 -7.178638378826575350e-02 4.463187451689247798e-01
1.024827389195572096e+03 1.604162617399290980e+02 3.475952280451105950e-04 -2.187401406554598856e-03
1.165665722386247126e+03 4.676706894033063691e+02 -1.123336076345462092e-01 -3.511724040178721418e-01
2.705016746655291513e+02 5.126904397389631640e+02 -6.560642862870234848e-02 3.920907035100038018e-01
1.228274885113937898e+03 4.774813095551568836e+02 2.837501086141315798e-01 2.318423858086886558e-01
7.689773818050409773e+02 9.562389027256593863e+02 -7.775202243982954871e-04 -1.317226567247380912e-03
1.045153584860837782e+03 2.260721781766364700e+02 4.387774640569056667e-03 1.437360891704889815e-02
9.757291416618111271e+02 1.846888514121581863e+02 4.235457590954577571e-03 -4.680979989563192716e-03
3.140005198980832688e+02 1.031375965200849350e+03 1.479473137333509880e-01 4.636669729704885889e-01
1.034500853493889508e+03 1.704413469822740979e+02 3.651136170845230983e-02 -1.899705046564053798e-02
1.222594660826525569e+03 3.473524558282233556e+02 -3.514003134753936330e-01 -1.150216618368867655e-01
1.036563084704049288e+03 1.710179615797653128e+02 -1.885273985358748572e-02 1.349190541714895795e-02
2.283159096203122544e+02 7.892255758503782772e+02 7.360653002431510883e-02 3.451239334572828721e-01
1.097411096275398222e+03 2.389671769944445998e+02 9.312655817022531812e-02 2.406260300478121894e-02
3.086173915925713800e+02 7.887920495264975216e+02 3.318824668811071188e-01 3.323030986205106063e-01
2.418815506807076758e+02 3.055148418494881639e+02 1.126047387572468028e-02 1.039762851107105535e-01
5.601730006642152375e+02 3.906981889061607944e+02 -1.087685451555237123e-03 4.247419371853705487e-03
1.156409132716598833e+03 3.646425331799856622e+02 9.271767516262421904e-02 3.525697444467587038e-01
3.036061462936866064e+02 1.017360504506741336e+03 -1.126447414247759293e-01 -3.453114641512150529e-01
1.074309167484767613e+03 1.852309347931136472e+02 4.772192226617803269e-03 7.054551949510546628e-03
1.132121435855738582e+03 1.466508630019205839e+02 -5.424688044933537873e-02 2.720030535739329652e-02
1.207718640090725330e+03 2.105639096824455976e+02 -6.852252060485121551e-04 4.043915553940942084e-03
2.725821623743348709e+02 6.706020024874125056e+02 -9.177933752895083008e-02 1.572367580164337197e-01
2.792342048995972732e+02 7.960049493632731128e+02 1.618994457805748022e-01 3.609752271052261152e-01
1.190749565791347777e+03 3.684480357006141276e+02 -2.035109342944942667e-01 1.151291922395075995e-01
1.144831001355281387e+03 1.758604520351166229e+02 -6.143556383161165660e-03 -9.448043980142139045e-03
1.004250274405559594e+03 8.757484960440190207e+02 -1.095232434184902461e-03 -3.192286124804823936e-03
1.172384412671213340e+03 2.349281731647311631e+02 3.406777195579869296e-03 -3.820998440488609232e-02
2.712789803450941122e+02 6.904193052266570021e+02 -5.939354583314905567e-02 1.653043720626029278e-01
8.995292167705295014e+02 8.755618370022439194e+02 4.988125978284773223e-04 -1.500675934892677739e-03
1.092586586753858683e+03 4.184219214196147050e+02 7.021330397984526517e-01 1.039435023076559439e+00
1.197198199901164799e+03 2.284740820362029012e+02 2.028269853033832712e-02 2.287463013487218977e-02
1.174804287987333055e+03 3.860561225661193134e+02 -2.001866058603201659e-01 1.953913578839824861e-01
1.097182592608043478e+03 1.701605894553518397e+02 1.235196970192259242e-01 -1.603187128495738856e-01
1.091361971924744694e+03 2.572408251248269835e+02 -3.748951675823822272e-02 4.915011914424312622e-01
5.014475604164575202e+02 4.600684514134895267e+02 6.943223244431942671e-03 2.359606925187399118e-02
6.090361726372576641e+02 4.690804501438094576e+02 -7.975763174172107589e-03 -6.131187327019859724e-03
1.007265033903232961e+03 1.652114549027389785e+02 1.430066256275495107e-01 -2.542933998861068162e-02
2.657738575743724141e+02 6.933203320226878077e+02 -7.292892113762454442e-02 1.574918811271820429e-01
1.207114666587117199e+03 5.564477785310889431e+02 3.727015745412876058e-01 4.145514298992721280e-01
1.151222934318987427e+03 2.347128555556501794e+02 -4.208239087885507802e-03 -1.147771330821423545e-03
2.613848663428616419e+02 6.812036375344462158e+02 -8.311268817677650023e-02 1.685993828024153207e-01
1.121571254579634797e+03 4.006267825885358889e+02 -1.815505445237101112e-01 -2.685135020867433497e-01
2.990029164656758098e+02 8.389462099570255305e+02 2.591530863291788278e-01 4.583025632703309205e-01
1.223811138721164980e+03 4.936458832213862138e+02 2.448494537352146894e-01 2.455369165354405192e-01
1.054639108835074694e+03 2.235934405848468884e+02 5.398315432438550131e-03 -6.786699274946465105e-03
1.243933452311717019e+03 3.198643338484005199e+02 -3.082786208343633594e-01 -1.179703901804966537e-01
2.644936852754346432e+02 7.151342475690755691e+02 -7.405479412027275721e-02 2.133912960554142091e-01
2.907151402671959772e+02 4.472276427533825540e+02 3.195447271346073953e-02 2.346017341850196725e-01
2.263990856303174724e+02 6.206741885244020978e+02 -8.825432811884262319e-02 3.091949551272346053e-01
1.101103384617274742e+03 1.886761135719023343e+02 -3.995118479800715411e-02 -8.937308292090924422e-02
1.246284478387557783e+03 4.827946011117152239e+02 1.173338845990179180e-01 3.420089413574627923e-01
1.197481232220124184e+03 4.283437140723274297e+02 -1.090312614465117347e-01 -1.986411565991622608e-01
1.157719333501398296e+03 2.570644213885936438e+02 -1.290463911535574305e-02 6.546005212526982697e-02
1.211933625879376677e+03 4.237013219639316048e+02 -2.729380638989184135e-02 -2.536247954569345597e-01
2.759739506743036372e+02 5.024810461625472726e+02 -8.933053572379079377e-02 3.576214442650757497e-01
1.237708307141190517e+03 3.058752215307461029e+02 1.298346715831111449e-02 2.952613280609289043e-02
2.777038946934752062e+02 9.167179560492202199e+02 1.644785647373251114e-01 3.577542259656458778e-01
2.308387955561936451e+02 5.893879630494787989e+02 1.839628072538256331e-01 -4.213111004563868667e-01
2.595357850798407640e+02 3.756678105903512801e+02 3.188196235903421882e-02 1.316349328626951476e-01
1.235013790607353485e+03 2.992270431673470057e+02 -6.808921107460831623e-02 1.745245911531909805e-02
2.290488351752452161e+02 5.872295970497830240e+02 1.745244765402068077e-01 -4.144168097367276760e-01
3.620813550369691143e+02 1.046583473974396838e+03 1.995654709183294628e-01 5.526580884379959091e-01
2.389811419059805928e+02 3.751966378244769658e+02 -8.975427785898884570e-02 -2.728461286550074583e-01
1.267677884322413547e+03 3.939726152959754018e+02 4.758487458707575009e-03 -1.113370125052360986e-02
2.432729678341134729e+02 3.735079789742928256e+02 -8.912982471343050550e-02 -2.661230886325914868e-01
2.607551880284419212e+02 8.818054900860552152e+02 1.377314006636724264e-01 2.881432258555497450e-01
3.047465483370765469e+02 1.007185233513023604e+03 1.638262238640563473e-01 4.429958611215406572e-01
9.223283155018751813e+02 8.666557436282076878e+02 2.360096543793025609e-02 5.545388100848291143e-04
1.223290832051326561e+03 4.268869140673069751e+02 -1.675914821044101610e-01 -2.310598223986535041e-02
2.650203781699906358e+02 6.644825533141751066e+02 -5.418040366062187863e-02 1.531037160114606943e-01
9.531743408988349984e+02 8.760078614374460813e+02 7.037397982895923429e-03 3.160803521825640647e-03
2.581587149118177535e+02 3.565883521669581455e+02 3.409277305286111115e-02 1.456259459076953700e-01
1.256242951827559153e+02 4.285323872447506233e+02 1.886097170942337142e-01 3.833590597748449125e-01
2.696784803083411930e+02 6.823918459235103455e+02 -1.102593802609861395e-01 1.851564768842961506e-01
3.103289597879467578e+02 9.015208070824372726e+02 2.435787940959176778e-01 4.372234399573015073e-01
9.264893649162945621e+02 9.087979149634887790e+02 -5.328958043096328201e-02 2.244008722625652139e-02
1.238949843463742127e+03 3.128629989225195231e+02 -3.052778913906787350e-01 -1.725343328439679080e-01
5.558620997273374087e+02 4.872123724167186651e+02 -1.920781383191436792e-02 1.287382092583651966e-02
1.016732345707385434e+03 1.788026523988964129e+02 -2.350735297963552333e-03 2.584088293511878007e-03
1.162748225925453653e+03 4.277112345255119976e+02 1.624052754675653631e-01 3.600600375378422147e-01
1.223680442399241429e+03 3.743885652134005113e+02 1.042941229885976651e-01 1.851674185343087000e-03
2.560718634145735564e+02 8.600353767089460462e+02 1.792891892855916214e-01 2.966395095694260298e-01
1.831884130098643482e+02 5.295090434128696870e+02 -2.956684421857950773e-01 -1.449383887472383281e-01
1.257375290936426836e+03 2.891861662100009198e+02 -2.323731366990758416e-03 -7.251749990025968366e-03
2.979255549851339993e+02 9.105297123926908398e+02 1.903987892143311211e-01 4.108344152805251115e-01
1.186797443217425553e+03 3.875627582085462564e+02 -3.016907155926588646e-01 2.545834139484634551e-01
1.839914606602629021e+02 5.893621291969085405e+02 8.779937958256833069e-03 -1.431352028143829599e-02
1.194201495843315342e+03 4.395624206165726378e+02 6.918316465111959412e-02 3.400559118547773901e-02
5.085378594845125235e+02 4.535445243884902311e+02 -1.111010669313883953e-02 1.726975017071380111e-02
1.153431830529955960e+03 2.531025960488296391e+02 3.566907571103407337e-02 1.652605888019234234e-02
1.069105114295784006e+03 2.047798307892622631e+02 1.816353922615892569e-01 6.633273088879892976e-02
1.154036107853570002e+03 2.402846788098465254e+02 7.791068001610805538e-02 -2.469142903539806467e-03
2.441602669475047094e+02 7.459893129761156843e+02 8.684478569833935929e-03 3.309297695391059668e-01
1.219821976449572276e+03 4.522632949856804316e+02 -1.185703390493238335e-01 -2.597056081610028544e-01
2.681226105812473861e+02 7.038419764282973574e+02 -8.840357871006931934e-02 1.662246156859809310e-01
1.002997626147216693e+03 2.009517511670281635e+02 1.131346949431654043e-02 1.273018588177192711e-01
2.677414411781625745e+02 5.426504751711652261e+02 -1.143471386554363867e-01 4.082735305056457431e-01
6.097447660199203483e+02 3.864649249710442405e+02 -1.443941768619168113e-02 -1.131678450347538886e-03
1.237037216886266833e+03 2.811649973847083857e+02 8.099114042637989633e-03 -8.969364709669927493e-03
1.484311665012754418e+02 5.238939817022611578e+02 1.031823767533552108e-02 5.432151229358803818e-02
2.978519335266666985e+02 4.303593434085157128e+02 1.056779618812078497e-03 1.531535258001528316e-02
5.223014895356349143e+02 4.242599811534386163e+02 6.668089376550443911e-04 -8.557426278988295928e-03
1.157994304004174637e+03 5.274608192430899862e+02 3.110636910944209466e-01 4.765925754406519221e-01
1.025076436427266117e+03 8.705528810320853381e+02 6.420087324134121989e-03 -5.635850978288401217e-03
2.700338765765035305e+02 3.940898133326631410e+02 5.378318296582919322e-02 1.635360669007699108e-01
1.208284652286948813e+03 4.670954215316658065e+02 2.223734576072171065e-01 1.551427141112904640e-01
2.936457486271511925e+02 5.828361671156595776e+02 -2.767129371002542693e-02 3.644060366115656202e-01
2.302975900523483119e+02 5.517343992556352532e+02 3.546827657265586020e-01 4.227729427649218330e-02
1.109646348867041297e+03 2.328954438006027772e+02 3.169960655971786750e-02 -3.117987334179436396e-02
1.101906692370746441e+03 1.576759679177917803e+02 9.155122036862722856e-02 -6.513842346388198923e-02
1.157311031739761574e+03 2.952789521548163520e+02 -3.116851304972208525e-01 -1.239772304822513438e-01
1.011055410972026834e+03 2.262723623706192484e+02 1.115188654285536179e-01 2.153609789670886121e-01
1.091255444135606467e+03 2.288570448718514854e+02 2.121396621791658312e-03 -9.908340338743883494e-03
1.187306948422136429e+03 4.348920871816750946e+02 -1.206100067297371653e-01 7.734190994258179075e-02
1.008217944182125166e+03 9.275070565691581805e+02 -1.260190492550716150e-03 3.980324311912524491e-04
2.230893881087735906e+02 6.032378678956700924e+02 2.107554043901362639e-01 -4.840844133865414012e-01
1.167301874044621400e+03 5.194548133413422875e+02 3.243929283770073391e-01 4.610540039531003664e-01
1.209370309317098645e+03 4.487427769564104096e+02 -1.057699800030402204e-01 -2.204134329546791893e-01
2.785696417079350908e+02 5.308857961826822702e+02 -9.360945343585926059e-02 4.911243672733210386e-01
3.731216875625187868e+02 1.100175324661095601e+03 1.319107599195766256e-01 4.651464990953658729e-01
2.627939884224400657e+02 3.603962347708011862e+02 3.482210732151277272e-02 1.789627354924072933e-01
2.343805821927217323e+02 5.102867089922564219e+02 1.530377542412387180e-02 -6.269230569031074285e-02
1.206059265744863524e+03 2.829575595553113772e+02 1.621212482862097442e-03 2.821071123639402531e-02
1.261197953582510536e+03 2.009182457876489707e+02 -1.326042945236460434e-03 1.855297171058262065e-03
2.693436274687814489e+02 8.747774103809451844e+02 1.952634574246742694e-01 3.542030884736554475e-01
1.102196266594174176e+03 4.651308128702965519e+02 5.747686903363510291e-01 1.320564805002472086e+00
9.467572537442575822e+02 8.991866555438133446e+02 1.466223756327026707e-02 -8.613446259573720454e-03
5.017630610589029629e+02 4.359730452973686852e+02 1.753288931162936886e-04 -3.652477544401245982e-05
3.438790283074694685e+02 1.022342456442673324e+03 1.468452966835066542e-01 4.364408929508508672e-01
1.304996265441100434e+02 4.212320443892887170e+02 1.971987391458902839e-01 3.866456181514724144e-01
1.196462657969084376e+03 3.216925132639812546e+02 1.318675932451188193e-01 1.380799491729555184e-01
2.579758666893096120e+02 6.287001048471363447e+02 7.417755542659019985e-03 3.099287935020811346e-01
2.616782561290210083e+02 6.448664920005140857e+02 -4.565259889304539020e-02 1.970625549831022949e-01
1.198196982683062970e+03 4.133575184147691743e+02 -1.040062274881543847e-01 -2.008951539943168163e-01
1.170621371454741166e+03 2.760723014777098001e+02 -3.988403723045970684e-01 -2.275966691376257178e-01
1.248266527589689758e+03 2.801882656778845444e+02 -1.170649881320140646e-02 -1.054789119360174249e-02
2.849735524469613779e+02 5.300854029887063916e+02 -7.845386014241458039e-02 4.831787496397921822e-01
1.267691512980163907e+03 2.579849087535915260e+02 -2.185045827956747476e-03 1.390527238496329365e-03
1.241625858740085050e+03 2.978123359281350417e+02 -5.563737175985482980e-02 1.146314145856606875e-01
2.531116481427700933e+02 8.757230236682066788e+02 1.302284392479006736e-01 3.063170156752914597e-01
2.382670513066447597e+02 3.126526620483575130e+02 9.371785511950690706e-03 1.131666472680116914e-01
1.140961562556643230e+03 5.456176204849730311e+02 5.475682113274025209e-01 1.382759787475658975e+00
1.870363836239343982e+02 4.964934593128671168e+02 1.397330680496731425e-01 2.799424535770499989e-01
1.036701958287121442e+03 2.781475291010388560e+02 -1.156277740598834688e-02 4.563042179267432635e-02
1.202958330205095535e+03 2.257455950687919994e+02 -2.938691132543240145e-02 4.174527157830976859e-02
1.309624833468802080e+03 3.503651278935797677e+02 4.687539614570294666e-01 1.106832522391408696e-01
1.201086536905909043e+03 4.192636274393944404e+02 -1.101881892700273258e-01 -2.122002702216724268e-01
1.041000523765592561e+03 2.177436780590045089e+02 -9.767155000030704193e-03 7.044554565119301795e-03
1.126227429436494731e+03 3.024521583311099562e+02 2.021205300057065668e-01 3.487265237385345773e-01
2.717752897922810007e+02 8.624372859279488921e+02 1.297410353450086651e-01 3.323155877132101810e-01
1.226924394137235367e+03 4.374133225260267750e+02 2.286017896988569442e-01 2.094457173550437756e-01
2.879527229998264488e+02 4.740062133906710073e+02 4.409655169723185331e-02 3.011296317943055745e-01
1.200682304341832150e+03 3.979112602978171935e+02 -1.744060373503674224e-02 1.889856457098906817e-01
3.371887827036862859e+02 9.896747030322125056e+02 1.268651565381508639e-01 4.877340741146869441e-01
3.222045052259891804e+02 5.171866754717789263e+02 -2.498906886861651175e-02 2.664595707911231182e-02
1.298136709566530271e+03 3.073863898264053773e+02 -3.424315968235046304e-02 -1.501204837866124409e-01
8.206810804856824859e+01 3.396009414776573294e+02 4.167635445576178647e-03 -1.999046219014930306e-03
1.069166215050231585e+03 2.270522136703733054e+02 -3.980753910578677807e-02 2.874179355204981023e-02
1.197242483128517051e+03 2.044711648491337428e+02 -3.344316618945458210e-03 1.839202560582783386e-03
5.104150039108007491e+02 4.647729411961068990e+02 -9.547023770353170111e-03 7.483562294094842256e-03
1.218821102525455217e+03 4.754997624823084834e+02 1.918435939332971685e-01 2.522334444178535584e-01
3.540924126122807252e+02 1.013023663668019708e+03 3.809439063887749138e-02 6.133076967598416473e-01
2.616513704590636280e+02 7.655916706019145295e+02 1.073755523558674874e-01 3.538464466317615131e-01
1.046036927567827206e+03 2.021886989910405248e+02 1.717658732228652396e-02 -1.287912704193648963e-02
1.241192088184293198e+03 2.770765832178011010e+02 1.939193696863761654e-02 -2.277475236398361982e-02
1.162197767562782246e+03 3.971075714631214169e+02 4.837092765427598168e-02 3.625313100900602881e-01
2.623142025637029064e+02 9.056373777725137870e+02 1.265591289638165473e-01 3.007894169904087311e-01
1.153853743891075737e+03 2.193734515207825382e+02 -1.536030441788269717e-02 8.908143888506496466e-02
1.184850821862153225e+03 4.172161850334092605e+02 9.613418672467721748e-02 -8.216873246939010444e-02
2.841276472347839785e+02 8.905746346873369248e+02 1.448144906965455891e-01 3.705641047509498076e-01
1.130168826023475731e+03 3.954768717747593882e+02 9.734523275081004290e-02 4.089526676148187434e-01
2.581069598867427430e+02 8.431411457455587879e+02 1.587007357051351542e-01 3.721036418789395728e-01
2.672327293411831874e+02 6.490624642999201797e+02 -4.499957553525408410e-02 1.981417915506500926e-01
2.485235067522367842e+02 3.430589516384800390e+02 4.888444609511369277e-02 1.831610039811542578e-01
5.643419469926179772e+02 5.003511177262074625e+02 -4.043923136476781748e-03 2.725707597234234766e-02
2.469199217550738865e+02 3.140137860418012110e+02 4.965080029804800482e-02 9.857049484025204311e-02
2.521947291465546641e+02 3.268970593342243092e+02 5.170468107234068439e-02 1.470673878345104546e-01
1.124934833825617034e+03 3.776062484180689012e+02 2.076154385207664987e-01 5.740293001671807893e-01
1.206815292148075059e+03 3.142669883351223916e+02 -2.920003446019478477e-01 -1.119529082769083611e-01
1.012608041410041778e+03 8.518084291542013489e+02 4.931228921407745415e-03 -2.735093121767175409e-02
9.893692912768858605e+01 4.036749994697127022e+02 -2.198533436306873146e-01 -4.600352844883906500e-01
2.619664838862617557e+02 3.400812936624126905e+02 3.730830396546944150e-02 1.396424051487345219e-01
1.428106160047270521e+02 3.922854802560103735e+02 -3.724517810751386705e-03 1.323677206786805444e-03
1.184395104883113618e+03 4.112605627799770787e+02 7.467188712965572295e-02 -2.657143263136675301e-02
2.953568305410633457e+02 9.664117338232367729e+02 1.918009560032411520e-01 4.715025997166722438e-01
9.354295868809663261e+02 9.023170942730761226e+02 3.809318725559220683e-03 2.273963011092038425e-02
2.856789811820567593e+02 5.336039732103035931e+02 -7.699518818967650280e-02 4.365358315639977227e-01
1.826688758430623807e+02 5.155979519925194836e+02 -1.874448071672888128e-01 -8.480209632913149331e-02
1.180997705808760429e+03 2.055860158902401622e+02 -3.348123020343432826e-03 2.184650377330818113e-02
3.087626205389907454e+02 8.859048955613046701e+02 2.009803295179033999e-01 4.537537652738329319e-01
1.915117181190943256e+02 6.473979007990894843e+02 5.831675771349108944e-02 -3.224143843117611152e-01
2.739841216514898861e+02 4.052280399177298023e+02 4.927367159407661235e-02 1.711074114988909711e-01
4.834941299484617616e+02 4.455331890996407083e+02 8.743290601500419701e-03 -4.173435469249948265e-02
1.093250449506590030e+03 1.779165465435995372e+02 -3.818323545207383957e-02 -2.521081441248030908e-01
1.221310527511629061e+03 4.865426511812857484e+02 2.783940893900909153e-01 2.164148146983644050e-01
1.213739254992571432e+03 5.372730117556382083e+02 2.524053854878426928e-01 3.012391324876901311e-01
1.010389978073280986e+03 1.747618655421357801e+02 1.434304417122318591e-02 2.848547246276737083e-02
1.149166137491949030e+03 3.673594814169208007e+02 6.540914476358278273e-02 6.287409321693854247e-02
1.179419630774365714e+03 4.219482887215908136e+02 9.747878526254631637e-02 1.958386049536611495e-01
1.144437851418682612e+03 1.408044533738494124e+02 -4.994009203427493809e-04 3.307321676886785123e-03
2.709608503424500441e+02 4.712248740530298505e+02 -3.980997122348104572e-02 3.255048395295301322e-01
1.205417087823158681e+03 2.758721158938479903e+02 9.221729893714213436e-04 -6.620336609940428128e-03
1.299217731728690296e+03 3.147146118956508758e+02 -6.378394394388441080e-02 -9.771203043862386473e-02
2.895266955335880539e+02 9.332455685998316994e+02 1.352725646633076706e-01 5.066718989993342914e-01
1.025463963695719713e+03 2.460402395720379900e+02 2.172118930219539834e-01 2.803542943243312879e-01
1.237073895389912195e+03 1.341382312695619987e+02 1.679594685748301858e-03 -1.204541494242622468e-02
2.530404902298799357e+02 7.341429271959483458e+02 -2.492260939683127799e-02 2.997084368265090504e-01
8.327413880404002100e+01 3.460538074047874488e+02 5.749256408271588743e-03 1.260863114861729764e-02
1.287528821198760397e+03 3.282351367924043188e+02 -3.414390066191821393e-01 -7.710302676551214485e-02
2.993267382363794695e+02 9.356930370862693280e+02 1.329717807004537067e-01 4.378976013725440208e-01
1.191736977003795801e+03 2.529890933786104483e+02 1.272646151908220225e-02 4.559956935214887729e-03
2.392679865220163435e+02 3.255770007522221476e+02 4.970597189313217396e-02 1.956637765332747692e-01
7.134658786967216884e+02 4.147407481554287756e+02 1.073471187284308070e-01 -8.046945896113878727e-02
1.109032836516369571e+03 1.729369622588974948e+02 3.894111398098944465e-01 2.537095788188904397e-02
1.209941301558000305e+03 5.564294273757536757e+02 3.851699446746986166e-01 4.015779584562177984e-01
9.182748358553902790e+02 1.102670096044765387e+03 1.170528067602560809e-03 1.306081499274114408e-03
5.165312791604378617e+02 4.902763933080135530e+02 -1.589623265980334710e-02 -1.408423575029315589e-01
1.189595057877071895e+03 2.299839351872841178e+02 3.150921013135487420e-02 -7.565947077022906753e-02
2.674842075878609648e+02 9.138413319467663314e+02 1.668797071487402583e-01 3.841695509127711627e-01
2.871314999357975353e+02 5.531670460869398767e+02 -9.284903098472414851e-02 4.792035932601160786e-01
1.003511281391900638e+03 1.689008430051381708e+02 1.459136628262609203e-01 4.054140251199465222e-03
2.517368212683639968e+02 8.643421072409186081e+02 1.772071592390340455e-01 3.040610888947237744e-01
1.174133281965505603e+03 2.117460567176650272e+02 -7.415112858216338365e-02 -8.930709315359899869e-02
1.205889238310921655e+03 2.434021037958317208e+02 7.116497600044998338e-03 4.917284845140856668e-03
2.746031047771205635e+02 9.243769607471397194e+02 1.330580595746354011e-01 4.009717662653399239e-01
3.341684947486950250e+02 1.005687283569843771e+03 1.209127167446022028e-01 4.809020662110538580e-01
8.272118717753289729e+01 3.337319818472843167e+02 -3.964369124736322539e-03 -1.121409976098675619e-02
1.163046385881179276e+03 2.236408474048087669e+02 -4.920496798325378618e-02 5.520071978889594042e-03
1.176941165757368253e+03 2.494811145278596882e+02 -2.391568695887448092e-03 2.328197884673575881e-03
1.203218316954302963e+03 3.897448720127258639e+02 -4.124464571937096202e-02 1.150957834974443983e-01
3.316428282992566778e+02 1.065948213560350268e+03 9.485911560555147781e-02 4.418705513237091709e-01
3.691567715858241741e+02 5.183825002104657642e+02 2.325603747392291157e-03 3.693279843775132062e-03
2.036207013163457020e+02 6.777816335702058268e+02 -3.653579651308912213e-02 5.426652253121438951e-01
2.379715066725473207e+02 3.680544052105016704e+02 -9.294182690728401697e-02 -3.044659512318741434e-01
2.021614027328122631e+02 5.171674785479992806e+02 4.606125868460098083e-02 2.983430762291054972e-01
1.036658138023830361e+03 2.711040555820758868e+02 -3.484607647420514404e-02 7.678045956097305502e-02
1.272883008968947252e+03 3.117717156026985776e+02 -3.738258550087733556e-02 -7.918084777660143458e-03
1.134149516323169792e+03 3.775502913941862744e+02 -9.407800633963524228e-02 3.424711145014664448e-01
1.192800905620798403e+03 4.061628515019337442e+02 2.864144235177137638e-03 -1.378085997621991132e-01
2.558405437160281224e+02 6.583707094010526362e+02 -5.531961758255042605e-02 1.911429082075386532e-01
1.249603633051688576e+03 4.654488608972081352e+02 2.214135368619672972e-01 2.731016499478021164e-01
3.280049648577875132e+02 9.292223847168843349e+02 2.021226679682510130e-01 5.265742050713334566e-01
1.158949508308753593e+03 2.688839949429088279e+02 7.234853887469168410e-02 -6.095287869805963293e-02
2.079587932413018336e+02 5.969066215802741908e+02 5.306358850240850550e-02 4.265837087777165082e-01
1.067712042813658627e+03 2.215656163882549095e+02 1.524360618271722485e-02 -3.027705428036183213e-02
1.034239655244856749e+03 2.465898084558175185e+02 1.922423420937548200e-01 1.807618390300011202e-01
2.476455227137294060e+02 3.807907252411947070e+02 -6.225248414211977804e-02 -2.530879692262589797e-01
1.103042088032180573e+03 4.141326191624605713e+02 4.281270975644108252e-03 -2.644460502707081384e-02
1.220330731768108308e+03 5.061207654838677854e+02 1.917195242532697963e-01 2.063161556863664092e-01
1.082922910556701481e+03 2.161440420752411171e+02 -5.918513711118190274e-02 2.725253822003669280e-01
1.151245524369179748e+03 4.205251489535689871e+02 3.758894023675201090e-01 4.512882708212743732e-01
2.151473644398865019e+02 7.092798711990092215e+02 -2.202972299033505721e-01 3.129930562540015337e-01
9.237105034697244719e+02 9.163381754565016308e+02 -1.463769652561775457e-02 3.012627379748839679e-02
1.172158088582922346e+03 1.856014660923618180e+02 1.011739733857446311e-01 -1.412049843588105702e-01
4.947950863353581212e+02 4.480127716053618769e+02 1.031809553150727331e-02 -1.209430243946801181e-02
1.087878926043318870e+03 2.210614145630864869e+02 -7.107860639303364980e-02 1.217501178587080957e-01
1.291458755370214249e+03 3.178484081262467953e+02 -1.734480936964781506e-01 -1.322734850515380201e-01
1.207463329330086026e+03 5.451202366892825921e+02 2.371563005490902598e-01 3.201533565989562180e-01
1.100260599568736552e+03 1.751512398304344629e+02 1.645794394742022548e-01 4.520759827299258155e-02
1.023301482660427041e+03 2.455676232012990283e+02 2.022731297648947268e-01 2.729929630983961575e-01
1.076351441605945638e+03 2.226238380290253929e+02 -1.928168097212813389e-02 2.385602433067704475e-02
1.117264483713973277e+03 4.077879881729239742e+02 -1.649603028036658592e-01 -7.228336941565530541e-03
1.980475741427891023e+02 6.460399628250072510e+02 1.137255366164564435e-01 2.782426888620340155e-01
2.330302850082786676e+02 2.931774570476104032e+02 -1.891396273620573470e-02 -7.242628047139069991e-02
1.012777784315799636e+03 2.463280246588441571e+02 1.344971230370141553e-02 1.086079947525467153e-02
2.254676006077927184e+02 5.385657520300618444e+02 3.405474378376268652e-01 -4.035392372584518245e-02
2.852968983541312014e+02 8.688737329056357339e+02 1.403262499169180555e-01 4.477979047579451755e-01
1.081848881579494673e+03 1.825214080855873533e+02 2.762379340630391825e-02 -3.605467026800188157e-02
1.149046416145729836e+03 2.630910798269457587e+02 6.785229267140828469e-02 5.504001156117810205e-03
1.203399908342339813e+03 4.798212714543797688e+02 2.313179663769995009e-01 1.373443400921182667e-01
9.647379007598621001e+02 8.716859465472794000e+02 5.560155251846242430e-03 6.704791459916330590e-03
1.717123916733588658e+02 5.020741761097028757e+02 1.728564535365637034e-01 5.134411097868891716e-01
1.217796915871653255e+03 4.116777172981835520e+02 1.863099909341475457e-01 2.769139529436343006e-01
3.154811419585025760e+02 8.598438495685580847e+02 2.887652658572299469e-01 5.435364484146124608e-01
2.437998289879090521e+02 3.156417092955679777e+02 -2.684330669668066188e-02 2.680181464765391333e-02
5.180893396921954945e+02 4.654717427649201227e+02 1.287380732336445037e-03 -3.172381026048385396e-03
1.872401929343276095e+02 6.525867833134353759e+02 5.498314741557216306e-02 -3.765406058583485871e-01
1.207076695905220276e+03 3.055428815225026824e+02 -3.249664937592492420e-01 -2.978950784633422472e-02
1.183293781739806491e+03 4.421637151999359503e+02 1.615012696164662975e-01 2.277556753076623863e-01
2.766354614207863278e+02 4.693592193763221871e+02 -8.337560685238105951e-02 3.417088430767165619e-01
1.206995389914888165e+03 3.797214393923152898e+02 -1.273387097943998736e-01 1.918205789965153341e-01
3.110014115491981670e+02 9.384481140714062803e+02 1.565751818061270895e-01 4.276076173757166199e-01
1.002425065626537616e+03 1.884892564518942493e+02 1.567482013157632526e-01 4.710777295572426970e-02
1.094745350476420981e+03 1.898995789883433076e+02 1.661321673472321014e-01 1.026485992972857308e-01
1.163261807440424263e+03 1.645951830633409543e+02 -3.025767632091356241e-01 -1.826052162575280136e-01
5.003095138667782180e+02 4.569502383082882488e+02 7.643635400183614080e-04 3.043025836357359654e-03
1.064890555041922426e+03 1.961431135506224450e+02 5.878488916666857293e-03 7.024825457254532581e-04
1.179057799947906688e+03 1.886255856540558682e+02 1.053015654976234700e-01 -1.968499724786483551e-02
1.170905433009433409e+03 2.246816696002676395e+02 4.198131449485878464e-02 -1.836995803887475631e-02
1.140625163668737741e+03 4.090194455991016298e+02 3.980968554139638349e-01 4.328770510452386588e-01
4.371586734072741933e+02 1.091949271423528671e+03 7.013886372687712367e-02 -1.690004517735341771e-01
2.628837318521008797e+02 4.002576522756671693e+02 4.067538555402805400e-02 1.986260296488850940e-01
1.889812796613283581e+02 5.100061440978738005e+02 2.839338624173877723e-01 2.387111229788298206e-01
5.237084447308651534e+02 4.697021556288509601e+02 -1.350653045565456123e-01 1.160676910727609368e-01
1.033948507662208158e+03 2.181305373412724009e+02 -8.192701513149813763e-02 -1.519551536598235941e-01
1.270568814553713764e+03 3.414732684384130721e+02 3.624374700899484769e-01 6.028574262384130827e-02
2.760926151753506588e+02 6.542791954181444680e+02 -1.639447893312014418e-02 1.895701469062819056e-01
6.034974668832560383e+02 3.799302999057520651e+02 -8.299871463914023847e-03 9.562541441151223981e-03
7.433114634886353542e+02 3.938362695417837358e+02 -1.000017255076737039e-03 2.884676374810382030e-03
1.059749188236571626e+03 2.773052411625155287e+02 2.977581194800803521e-01 2.521852947168244374e-01
1.222441056487301466e+03 4.362340921863145695e+02 1.814809955712765599e-01 3.736260791550952143e-01
1.834860845541172409e+02 6.362837750387516280e+02 -8.161916085778859672e-03 -3.287130193495512720e-01
2.479263509513525605e+02 3.867272639853795795e+02 -1.007264121988843547e-01 -2.299815654517076979e-01
1.016143982277416967e+03 1.751139514881929813e+02 1.306004223345201901e-02 1.612328798072969541e-02
1.127810995259313586e+03 4.541231250552677352e+02 2.616686622486926184e-01 4.664966494324134794e-01
3.181566582443339257e+02 9.140100743197504016e+02 2.906010136099439478e-01 4.452040191488942367e-01
1.054544140653890281e+03 1.902355768911745031e+02 -1.712357347748766634e-01 5.273915447310525417e-01
1.179070221578937890e+03 2.245609970555005361e+02 6.100341506446836648e-02 -6.657646797729842303e-02
1.214133647490054273e+03 2.288500493857203821e+02 1.609189914361628532e-02 -1.330992720583134593e-02
1.263506047932352658e+03 2.989530854469256838e+02 7.889456571994980794e-02 -1.705995960855037075e-01
1.241632385606697426e+03 3.327891477889926932e+02 -6.333263820375209519e-02 -2.199140467015779365e-01
2.739981564227250601e+02 3.940172227708710579e+02 2.494927872271269012e-02 2.075042831456479775e-01
1.098474885819958445e+03 1.501727362687677783e+02 5.716936592816415641e-02 3.156352761158270903e-02
2.531154539075117498e+02 8.879241194753572017e+02 1.153211743072951878e-01 3.325242393405865027e-01
9.593529319732105023e+02 8.511290376523306804e+02 -1.492312338391041104e-01 -2.591982864074763096e-02
3.411713204584612527e+02 1.067740477799065502e+03 6.152045307469811847e-02 4.352896104066930061e-01
1.098523654946386159e+03 1.989153833470332415e+02 -1.901228238121518699e-01 1.371712426992367229e-01
1.140232421225414328e+03 2.434638910754036374e+02 7.230846347526380391e-02 5.951959458986451346e-02
5.157255390794038021e+02 4.795256707624862997e+02 -7.019436791706422374e-02 -2.485413906763602951e-02
1.041545865690574601e+03 2.865581498532106934e+02 -6.846577201037153115e-02 1.337693538794884618e-01
3.139211080712192370e+02 5.550314666611001257e+02 -2.699898600617445590e-02 -4.375201516181558004e-02
2.720616235795293392e+02 7.721402769632810532e+02 8.271144300141194949e-02 4.553281953718507635e-01
9.444326320942947177e+02 8.925662306838122504e+02 1.827746699747806805e-02 -3.600605928965286417e-02
2.637315036531034593e+02 5.280020385828771623e+02 -7.310384357390076193e-02 3.951610048042563106e-01
1.144605334696733507e+03 2.494332302551030978e+02 -1.138836176498120717e-01 1.605621934809427775e-01
1.139376857983738319e+03 2.824144846929978030e+02 3.187858533143406170e-01 3.403212472363673080e-01
1.218081364265053708e+03 3.547221498753682454e+02 -4.159119069179628148e-01 -5.244448718580865809e-02
1.140932595017291305e+03 1.784148991112329554e+02 -7.781872316688866545e-03 -1.030630065859032204e-02
3.267643548020170101e+02 5.530955068286355072e+02 1.115215083732559904e-02 3.051754376206559233e-02
1.213738700206395606e+03 4.922889013560546232e+02 1.404096430094525783e-01 3.288634850266712317e-01
3.209452798712821391e+02 9.790009896830797516e+02 1.002458347613134487e-01 4.333359350641785568e-01
2.964726341856066369e+02 1.020574509784737643e+03 -1.452141258207560182e-01 -2.628625002456232984e-01
1.162383633114386157e+03 3.652679715921453294e+02 1.431195557807680152e-01 1.980749907159330692e-01
2.787913920366967773e+02 6.724444363786881240e+02 -8.456715945602076567e-02 8.991337108140366741e-02
2.111592438714327500e+02 6.953744008385242523e+02 -1.056105238203362690e-01 1.977846152256132750e-01
1.162679445901511826e+03 2.000001590670097755e+02 -2.625309973300123390e-01 -1.914937391068390060e-01
1.242499525711363276e+03 2.867640012008991448e+02 -4.901604546301184528e-02 3.352208825461795022e-02
1.173175926433113545e+03 4.306789104090152591e+02 4.332745580277982261e-02 3.501905696844249127e-01
2.911128975738922691e+02 4.332130971249825961e+02 4.535705928434949352e-02 1.084618883196493064e-02
1.079505843963954476e+03 1.642843824120679130e+02 4.074021173294180009e-01 2.013569488468538449e-01
2.206315137818338314e+02 6.502408656813646530e+02 -1.619863590188619085e-01 5.120256391165967091e-01
1.807984799346072293e+02 6.538057328053470201e+02 -2.368590953369090549e-02 -3.189463911653446782e-01
1.187770500105897554e+03 4.816938579309056081e+02 1.745786119462376107e-01 3.991803695600257273e-01
3.261049756944827323e+02 9.566025359705470237e+02 7.435803151360807772e-02 4.520055671272904529e-01
3.168212940903180765e+02 9.637096406323388464e+02 1.868124370868128326e-01 3.788785989972358603e-01
9.967169399613904943e+02 1.657185056120939066e+02 1.154911534746912438e-01 -1.533873673048886388e-01
9.897660811407645269e+02 1.885276241280215856e+02 1.621851954761544257e-01 1.776239295562359877e-01
1.142787909536594270e+03 2.012418405551545391e+02 -2.331509824479340021e-01 3.235117177393267984e-01
2.213479469746105508e+02 7.142541261617120654e+02 -6.265702195299448218e-02 3.506515707972608364e-01
6.042505604926979004e+02 4.450659737490574344e+02 -4.158630621056147447e-03 -3.148727119484107106e-04
9.994336903454533285e+02 1.851543238086646568e+02 1.072961152674238861e-01 5.013603333923688510e-01
1.222727151228000366e+03 3.958278708174571534e+02 8.319670900647224698e-05 -2.155586256192520977e-02
1.164564127851841931e+03 4.457587611677261634e+02 1.276874563686973829e-01 4.478247950567126878e-01
2.550368349519810636e+02 7.224080268505545064e+02 -9.621610500742150407e-02 2.265788595320756826e-01
2.706217118953881027e+02 8.417934809414027768e+02 1.023891402835417352e-01 3.442423437012926968e-01
5.605548971354832020e+02 4.480858912167298058e+02 1.609230999424800202e-03 -6.705717263702860864e-02
1.028517730816102357e+03 1.965446488784451162e+02 4.880632651307062475e-02 -5.108780645295221169e-03
1.171971573122762038e+03 2.419393008025549250e+02 -6.071404328132566641e-02 1.289452198008780859e-01
1.176336363249548185e+03 2.548287857714767881e+02 1.689728557884365850e-02 -3.834612903692082020e-02
2.519498322216171289e+02 2.866766201053828809e+02 3.648997223548348934e-02 -8.359608442920792417e-04
1.199079945688990165e+03 3.810300367237753107e+02 -2.238236544671508566e-01 2.473389237028565391e-01
1.236047216724857208e+03 3.692442814154885582e+02 7.408416688441926690e-02 -3.983208721030374877e-02
1.095702203447862530e+03 2.258957106101583179e+02 -3.174839161311897046e-03 2.310447908606177159e-01
1.232609196360658871e+03 3.449160328367868829e+02 -3.067034995984801449e-01 -9.014575784611084108e-02
1.183785322518136354e+03 3.956114589177490757e+02 -1.022389663060039311e-01 1.424743078590491319e-01
2.282358493873250040e+02 6.546172749760102079e+02 -1.742983846192252273e-01 4.755877104818652668e-01
2.112539421253528928e+02 7.108707612270981144e+02 -1.573313471307015154e-01 3.701868169005333997e-01
2.882631658451755925e+02 8.724322530201066002e+02 1.270852740463412622e-01 4.539721816387797815e-01
9.757458117748468567e+02 1.827192523605340568e+02 -2.474035841575528138e-02 4.571789886900238242e-01
1.265886261160970889e+03 2.038602130343715828e+02 -1.784723561529842368e-03 2.623527479888667063e-03
1.177415301819919023e+03 2.439550285855725917e+02 -1.606803941456291795e-02 1.498853377278663856e-02
1.152841163031495853e+03 3.005348907266357514e+02 2.112435190288855236e-01 4.085864613523629840e-01
1.042904000160624946e+03 8.524907380970382746e+02 1.831868437044801776e-02 8.365720693831235621e-03
1.085610000882353461e+03 2.086108999835440159e+02 2.644427956485944503e-02 2.063938326757821518e-01
1.176274859054837179e+03 4.224239251882017925e+02 3.033379482399646554e-02 1.680717551453893843e-01
1.954097311602429556e+02 6.357733984019608897e+02 1.470866460696042821e-01 3.033208533141718011e-01
3.400047130800090258e+02 1.098678141809095905e+03 -2.505363490855980202e-01 -5.032968800438303303e-02
5.174060419637625046e+02 5.013657944350181310e+02 1.443592535841494578e-02 9.150935387979713693e-04
1.009885551027186580e+03 1.725401406499535710e+02 -3.573844262514897646e-02 7.117033367836383961e-02
1.103176263362597410e+03 1.709228007949690493e+02 1.587927715425726527e-01 3.637202653099572830e-02
1.111498286981232923e+03 1.903485830413238489e+02 -2.205307263846652266e-02 2.861627161755305737e-01
1.128559134980619547e+03 2.077490658140889366e+02 -7.746994458178645127e-02 3.606189090714873591e-01
1.118424465767645188e+03 3.053406257843120670e+02 1.809146726516770998e-01 3.026648927913347942e-01
2.605589350217679794e+02 8.741498687997124080e+02 8.133732201962882991e-02 2.413320267079414605e-01
2.812880950195886953e+02 9.780269267707004701e+02 -1.335417379412193184e-01 -4.153852619496485876e-01
1.267325770870837914e+03 3.473426040301011426e+02 3.886674888864672384e-01 7.741731312392402531e-02
2.281967518525829064e+02 7.300385990406807650e+02 6.298955431939588789e-02 4.270319436431418425e-01
3.298328195883565854e+02 9.115242591464065072e+02 3.169056524847224110e-01 6.218895611227026610e-01
2.407208525903042471e+02 3.383190102295408792e+02 5.996670362306133484e-02 1.616218102670951284e-01
1.112537828218506093e+03 1.811491086166046216e+02 -1.085557349621998034e-02 -4.840979612556139955e-03
1.143527113057696852e+03 2.535998497143526436e+02 -4.111986699525497363e-02 3.536434407855656298e-02
5.292588986814578220e+02 4.809187414390403887e+02 2.699114777778563630e-03 -9.273825053219792586e-03
1.134451445473146123e+03 2.480056979515357227e+02 5.020033399891279252e-02 5.738425161289267828e-02
1.187143723885654936e+03 2.555899223216287623e+02 -2.867046686194795260e-03 9.324088612117728547e-02
2.483058237300576536e+02 6.948021074901221255e+02 -3.649866671752454578e-02 2.505328318899076034e-01
4.317585529964647435e+02 1.096933399300747169e+03 2.121350197395313331e-01 -1.502507082626063639e-01
2.531723632731725218e+02 4.198231256097419077e+02 -9.589048153838385102e-02 -2.374879451254695573e-01
5.605532721259719438e+02 4.829277924537027502e+02 -2.164162784690430164e-01 1.325829128298504633e-01
1.140730892538155331e+03 1.644412397856864345e+02 -3.176614774164673860e-02 1.912892057752383357e-01
1.136652562331076069e+03 2.185356484084090312e+02 4.483416377396762242e-02 -1.571034401566322458e-01
1.186452186367912873e+03 3.069084779604791606e+02 2.209208709002930260e-01 1.361908119919028326e-01
2.401721189953036628e+02 6.353982931830156531e+02 -1.003610640539601556e-01 2.333453526112986287e-01
1.201841593567282189e+03 4.353849355440938211e+02 2.041794181840205502e-01 -3.587663276521468880e-01
5.654689232808594852e+02 4.941110321836146113e+02 -1.608189094386034551e-02 9.174581465366031530e-02
1.170293934467168128e+03 1.715775872979380097e+02 1.351733584681369393e-02 -3.886689158579344217e-02
1.158235829461002368e+03 4.326898722964449462e+02 3.431613109730051181e-01 2.873998077722518252e-01
2.402735509379610903e+02 4.942765940717952162e+02 -1.954256680392976175e-01 1.181779121022738105e-01
1.125828628877919982e+03 1.445393168854851922e+02 2.582523770445875957e-02 -5.908906507383149959e-02
1.103524716763436800e+03 2.061877283936900653e+02 -2.110264341849271696e-01 1.889645880037981451e-01
1.158148659659213081e+03 2.131202167151622859e+02 -2.512570307910305112e-01 -6.184751881066050810e-02
1.083357621581882540e+03 3.674283702295520015e+02 -2.904031785094143836e-01 -5.057246825015256908e-01
2.562952726951897375e+02 7.282723856867768291e+02 -9.003469048799149499e-02 2.263021941855461183e-01
2.959537545684983684e+02 8.793965101940154909e+02 1.318839887186413762e-01 2.098498862399860998e-01
1.723502525320791960e+02 4.876458355472126982e+02 2.306933796511082546e-01 3.515238086173155807e-01
1.090388127543383689e+03 2.087960255800325911e+02 -2.013292005756410485e-01 6.713154948635570440e-02
1.103095138731612678e+03 2.772648931697345347e+02 3.322888629461431265e-01 3.627752227537636709e-01
1.303224169126250445e+03 3.464048701010822242e+02 3.851658241251875170e-01 1.381203212047460438e-01
1.191802942234410239e+03 3.732468366126109345e+02 -4.472078373801953721e-01 1.469912575239125906e-02
1.205258844070711120e+03 4.184599316268648295e+02 -1.081642454980358964e-01 2.935346947369750215e-01
3.126561957328903532e+02 6.413111755013245556e+02 -6.832256264420759340e-02 1.246909195282026039e-01
1.228737893090445141e+03 4.482945570586697954e+02 1.888153971527294361e-01 2.198380660849908186e-01
2.165881298062257940e+02 2.981294224092215472e+02 -1.234272857621058761e-01 -2.737889743564043132e-01
2.724927733720459173e+02 4.144906729108293462e+02 7.738865681961429321e-02 2.106259466412539194e-01
2.785229965375137908e+02 4.267109066620127464e+02 7.377791585955986720e-02 2.482328328646872251e-01
6.082683338475820847e+02 4.348583494761898578e+02 1.318355499355514972e-02 -2.325579021897831652e-02
1.149478920625981573e+03 1.760484527543897286e+02 4.460203831732702934e-02 1.399135391133453921e-01
1.105131497055506088e+03 1.916968676155545381e+02 3.897967410124264509e-02 4.370825722775982351e-03
1.106393711225259267e+03 1.998721110992262879e+02 2.714012976660823764e-02 1.306798581287095529e-01
1.182632226309701991e+03 1.920630396739915966e+02 8.391473282995320915e-02 -1.029817935754639285e-01
1.170325158912421784e+03 2.042374830278555180e+02 -1.758568129740150088e-01 2.285684370827157919e-01
1.117818313336064421e+03 2.948287857402543750e+02 1.885158121876750470e-01 -2.354706313845072660e-02
1.154342726973545950e+03 1.386672236598593315e+02 -1.139908155111868382e-02 -1.391883157151951877e-02
9.860620476191120360e+02 1.867589074340476145e+02 2.126962843875261910e-01 3.061543133706514652e-01
1.109222415128372631e+03 1.789083633030853377e+02 4.896302696153043144e-03 2.189622579662398039e-02
1.127986718187462657e+03 1.890946292470091521e+02 -9.350276664548573535e-03 -7.499304753916469224e-02
1.052908734038117018e+03 2.384989030521180666e+02 -1.848127170015203546e-01 9.486985027450067776e-02
1.154907135998801323e+03 1.684950059570648193e+02 -2.135143690416043682e-01 -2.250681966249317156e-01
2.041686074465044953e+02 6.350848853433716386e+02 8.901882981000142081e-03 2.465186203833056311e-01
1.201031472349350906e+03 4.279028163582945012e+02 -1.851071305933373878e-01 -1.395564592910467638e-01
1.230202114591055988e+03 4.858360877272286302e+02 1.677169600286276818e-01 2.821377427254034842e-01
2.674360839833842078e+02 4.648191914452268634e+02 -2.758316104862312129e-02 2.369683564885917693e-01
1.001030593013717635e+03 2.030247296334212024e+02 1.610545934238113430e-01 4.126881891323061491e-01
1.040403337166375195e+03 2.247844817059328761e+02 8.110978581392676648e-03 -2.254063812677600115e-02
1.128262859191909911e+03 2.384381055251751889e+02 7.895134785192871318e-02 8.724745105952630420e-02
1.200163446853441201e+03 4.494176784164469041e+02 1.731524216528062821e-01 1.863377899288025108e-01
2.281636082291559831e+02 8.027191596191604503e+02 1.131734228019354305e-01 3.433687828021447785e-01
5.295603339946344477e+02 4.667442249659414415e+02 -8.933210027067518821e-02 5.293927392414080751e-02
1.226305790849380628e+03 3.162264531210912537e+02 -1.694103444087399490e-01 -9.855004026506110348e-02
1.112041763776503331e+03 3.901103584496207759e+02 -3.122800782575235745e-01 -2.595705245127736260e-01
1.081328153324713412e+03 4.367494191611856991e+02 5.025279480376606545e-01 -4.884943135394743258e-02
1.204568475492027346e+03 4.766149349142147003e+02 1.662163188137485981e-01 3.982135338717885942e-01
2.247777929112835125e+02 7.413505109535626616e+02 -1.034503320350259846e-02 1.727289749262175544e-01
2.589602984396290140e+02 4.277336418696120290e+02 -1.275717316672870909e-02 -3.287916431098840131e-01
7.171628656890194407e+02 4.753997876944263794e+02 -4.868178025731140224e-03 3.547508055117549845e-03
1.168763633927740102e+03 1.945079352030185476e+02 2.095509673951640242e-02 5.092368159177978332e-02
1.219894768490874867e+03 2.635650851802564603e+02 1.440199383107308370e-02 7.837741031120405710e-02
1.248973645193091897e+03 3.790502863354435590e+02 4.474007994338255467e-01 -2.010006078909546412e-01
1.149422183257920778e+03 4.124759300901585561e+02 -1.658160966902204880e-01 5.836746284401084228e-01
1.173009766184719865e+03 4.073810554465190990e+02 1.790740769210270311e-01 1.610968580420979734e-01
2.824716836906629851e+02 6.807322327737874730e+02 -5.694216602048877279e-02 9.219099612592938919e-02
1.170216001144693564e+03 4.616459941469050250e+02 1.223460123514471948e-01 3.364061821777463157e-01
2.490268244674002176e+02 2.914124701600398453e+02 9.678830330831544870e-02 1.410375528067220330e-03
4.677341012252028918e+02 4.568351030950603899e+02 -2.687261264805821618e-03 -9.654103043857276134e-03
1.135643327415816429e+03 1.587031938263176869e+02 3.605965363306040672e-02 -7.711658070566566880e-02
1.032950505809392325e+03 2.025674308941371180e+02 4.988347694846121533e-02 -1.666058343142751141e-01
1.044040372490645041e+03 2.061147483778929370e+02 -3.499606948594191635e-02 6.992084396205437702e-02
1.063899511059852102e+03 2.136062697052060173e+02 1.627408877074382476e-01 8.286226567474368199e-02
1.031537341205204939e+03 2.516236321829736937e+02 9.316705253892602900e-02 2.624392549758596260e-01
2.557683238996264947e+02 6.075319800397336394e+02 -1.535856984095171074e-01 2.396667208050663189e-01
3.301843208406305621e+02 1.015519029564160974e+03 1.363216120984323820e-01 4.848703528172677579e-01
2.373384616466363752e+02 3.071712604417490979e+02 6.163611163122533973e-03 2.524610684778487713e-01
2.633750807717862017e+02 4.264637736914535253e+02 -1.721745167756952646e-02 -3.116234038104256365e-01
1.128562506116185659e+03 2.168386340054205164e+02 4.254306777848300414e-02 -1.586048150300882753e-01
1.155051359653249165e+03 2.068626883833760530e+02 -2.106706613546355591e-02 -4.887439298312715175e-01
1.226932410558931679e+03 4.221257838526142905e+02 -1.978834175600613088e-01 -2.528771980292752186e-01
1.189662238570582758e+03 5.295008469144440824e+02 2.160977072271634825e-01 5.202105349263568268e-01
1.213300487957905716e+03 5.495350876908998998e+02 9.838722753906123386e-02 3.855191417575476454e-01
3.142984747234137330e+02 9.174718088817186299e+02 2.198325306817216773e-01 4.375611606490834027e-01
2.396728115477031622e+02 3.566561668370903249e+02 2.735049627945613723e-02 -2.287616874937668798e-01
4.666845703602871822e+02 4.556915859629187935e+02 -2.420018485986474930e-03 2.722148929184413715e-02
1.076571921180229765e+03 1.957583383314354535e+02 3.844108840564786078e-02 -2.009164256054447040e-01
1.153455513460100974e+03 4.088534978410960434e+02 3.248946784554164191e-01 -2.905482248896419373e-01
2.605247999429288370e+02 7.333831354957985695e+02 -1.677235879473983060e-01 -1.392295159771492728e-02
9.774507428522100554e+02 8.528640881726637417e+02 6.143132891156710858e-03 -1.691564774927201142e-02
1.030005354061423759e+03 1.950444406710814462e+02 4.625618881575772195e-02 -9.188790581792558032e-02
1.088838633180437228e+03 2.064926397964306375e+02 3.556430399137550796e-02 4.988492352105014516e-02
1.201707716312068442e+03 2.980978530872517354e+02 3.730552651826555266e-01 2.542091908711022752e-01
1.106651486049100185e+03 4.081533848955317012e+02 -9.187436670918537607e-02 -1.715689578466658149e-01
1.168465425344392315e+03 4.493528604854394075e+02 8.452102151245021247e-03 4.751933474842455207e-01
1.195288427834379490e+03 4.516992204794747181e+02 1.140631933684643495e-01 2.123072938029824663e-01
1.213145310766302373e+03 4.738696152635384919e+02 -8.147059536491320364e-02 1.348085744609698322e-01
1.221015089505950073e+03 4.812151404062487927e+02 2.684744562915916122e-01 1.118096808238407125e-01
2.273322828302386540e+02 7.287395124972233589e+02 3.984902944991909612e-02 2.654707445404053678e-01
1.092671431199530161e+03 2.451166525802768206e+02 -9.180403910590939631e-03 3.057772114416579257e-02
9.804410592873900896e+02 3.703807787589691998e+02 7.824377115621103940e-01 1.892705482942830031e+00
2.327810598717560993e+02 8.228959550580225368e+02 1.810365695745161929e-01 2.960806690710029443e-01
2.834854550089057739e+02 8.401381799861861737e+02 1.624604246463974278e-01 5.899476382981703182e-01
1.273931887701435670e+02 4.381581842267324873e+02 1.422574823693188162e-01 3.670964071126182615e-01
2.934195298962548577e+02 4.803248496442282658e+02 7.665695501581078208e-02 1.844820832938743049e-01
6.298953379503658425e+02 4.596597273920330622e+02 -1.757115834640704255e-01 7.700300396390145907e-02
1.032173707852587313e+03 1.732665059415826363e+02 -9.117647916192643878e-03 -3.140283767122907521e-02
1.104412181895364256e+03 1.820505392472796871e+02 2.095260470460159063e-01 -8.001390441851542745e-02
1.015957313208761548e+03 2.552489988194221837e+02 -1.367084870391213972e-02 -3.296648190646221666e-02
1.146553130345085492e+03 3.097656419169769038e+02 2.815378420570726070e-01 6.501147839861687316e-02
1.227490815337736421e+03 3.106346691450340245e+02 -2.278689834015170113e-01 -1.528468192623222421e-01
2.386408084882018841e+02 2.924183069943147757e+02 -1.497084576110789154e-03 4.003019261316845961e-02
2.723690466453913359e+02 4.265342299142615161e+02 8.643184347903343223e-02 7.545718991301934853e-02
2.834390213458909216e+02 4.432129239969314085e+02 -3.414275199039214920e-02 -6.223907106935181593e-02
2.021489887868494293e+02 5.358189013442845408e+02 4.161350441618102275e-02 6.923001676814995176e-02
2.929845813031578245e+02 4.473943561151657491e+02 8.751572957977298006e-02 3.114235976297834441e-01
1.084119872259055228e+03 1.549833852787685657e+02 2.281293435374512624e-01 5.621859248594063274e-01
1.038513184543479156e+03 2.191037747320925462e+02 -6.167850864270955219e-02 1.262915174671282725e-01
1.014753673195294823e+03 2.234672966557837412e+02 2.611725742296281891e-02 -6.555749766813316441e-03
1.044561974051891639e+03 2.531891392085749715e+02 2.066184232287847922e-01 4.429673069993971812e-01
1.192697882811903355e+03 3.874688976945919308e+02 9.312582740828172223e-02 1.331600625301708474e-01
1.207574136810593700e+03 4.104021686476236255e+02 2.321571142979337310e-01 8.776975786274003599e-02
1.175950043245938105e+03 4.608724907284761798e+02 2.011043331802208345e-01 5.837379396142713256e-02
1.213146772218280375e+03 4.599479232440504575e+02 -2.028464418475550701e-01 2.842357452460741452e-01
1.212162404293056397e+03 4.656051346072193269e+02 1.047146866839436009e-02 -1.489803933021107696e-01
4.821154402766575799e+02 4.544784916847414706e+02 -2.554804679069775514e-02 -7.283434958640100550e-03
1.035969317269335534e+03 2.028048666963715334e+02 -4.531786696766175460e-02 1.866066643577028172e-01
1.130163975901929462e+03 1.966450010944069220e+02 3.232403802062435577e-02 -2.039261621570460647e-01
1.127454342811921606e+03 3.859875222136792559e+02 -1.008254696057974825e-01 3.613769402328330105e-01
1.220391198755357209e+03 4.174289354291030918e+02 -1.530829864744646385e-01 -1.266418439384665307e-01
2.810827674317206402e+02 6.676641374621154910e+02 3.844384551525763249e-02 1.597651983547166421e-01
1.221586230469490147e+03 4.545727183134304141e+02 4.443327795665936997e-02 -1.273441402441108095e-01
2.370378570750962695e+02 7.734501836366729322e+02 -8.015293607681997501e-02 -1.111926481766886410e-01
2.324951250738902502e+02 2.901983623298237376e+02 2.056449108964457650e-01 1.062097268402339978e-03
2.495274476511794433e+02 2.864918135249359352e+02 3.411805383031207839e-03 -2.450048246790856865e-01
2.462925151251567968e+02 3.281363074462389591e+02 1.962906661459840052e-02 1.369218156532667763e-01
1.084063635666763730e+03 1.859968784174368466e+02 -3.127040469200892403e-02 -9.230608829005859661e-02
1.131211605166727395e+03 2.696922559470004330e+02 2.244436511362550846e-01 1.280095983461819742e-01
1.207274841386793241e+03 4.314381360032001567e+02 -6.280738446815803400e-02 -3.619891394700545106e-01
2.852092080985007101e+02 8.660922741632407451e+02 1.785470564623210521e-01 2.609474695798610355e-01
3.451461682797760204e+02 1.020111443528835252e+03 -6.664151366116755071e-02 4.037353479429555136e-01
1.011259501852359449e+03 1.644514570943992169e+02 -9.576745693376172153e-02 2.789873631292323353e-01
1.043468089652827530e+03 1.765037586353711561e+02 7.310137944197474258e-02 -1.232846785958183061e-01
1.091592399590808327e+03 2.045032159135316761e+02 8.638117894103440608e-02 2.117249957320647621e-02
1.033739550536602565e+03 2.216529847728489813e+02 3.616839527239790186e-03 -1.561443547025286593e-01
1.117166558675244232e+03 2.117938681305538751e+02 -2.940587423145946677e-01 8.645946980916126290e-02
1.107970871362013213e+03 2.670040538957486547e+02 3.037667552446994823e-01 -2.231956396580395911e-03
1.151676705655931528e+03 2.125616683756772431e+02 -1.579185121148233006e-01 -1.172358326954186653e-01
1.144408023308001930e+03 4.290763283326944588e+02 1.092035348961720304e-01 4.140394041979978401e-01
1.149758740580199401e+03 4.306998857664927414e+02 2.687108981043214231e-02 6.832529170463885748e-02
2.939328639600635711e+02 6.083824806860573062e+02 8.636121071481284162e-02 1.457424116163489602e-01
2.411514377216514333e+02 6.359990552236210988e+02 -1.469113484191571783e-01 -3.757943343748593179e-02
2.696584104472006516e+02 6.703617818510249435e+02 5.271350716371140527e-02 6.863662708913882866e-03
1.178926050877206535e+03 4.347536754429893904e+02 -5.902971178684310871e-01 4.175719817000071998e-01
1.190496508402952941e+03 4.366312766892778541e+02 2.211957655198754369e-01 -1.055677376988342075e-01
2.621638392913189932e+02 8.737911773532700863e+02 3.706152234538725304e-02 1.677546885102098317e-01
3.428375697033337701e+02 1.099846215192961381e+03 -2.375169200169580108e-01 1.109946283755410407e-01
9.446696919922759150e+01 3.352318415057104062e+02 -8.807798842868663769e-02 -1.523719000399808010e-01
5.591485059801868829e+02 4.278715210212896523e+02 -3.839178507837459620e-02 -1.856597654733604941e-01
4.836831024434721940e+02 4.503992885376193840e+02 -9.031119281246446917e-03 7.483301797890362650e-03
1.036798571621322026e+03 2.420479618064939586e+02 1.374679197790555918e-01 8.420590098855029737e-02
1.203748614168418953e+03 2.128533671212173317e+02 8.108656826800597628e-02 -2.705834144552170528e-01
1.321473123455992436e+03 3.377882754874700595e+02 7.164684326414771931e-02 -2.656735568428132410e-01
1.211189478033051500e+03 3.606138320148748448e+02 -4.797306307739290787e-02 -3.547354831034965628e-01
1.160134022700644664e+03 4.199207334542689978e+02 -7.613158801802910602e-02 3.343612188371025695e-01
4.375766684572927261e+02 6.088366718965148721e+02 -4.068006693951815578e-01 -1.571649004931202853e+00
1.157161905599586134e+03 4.390482624443541795e+02 1.465435993026176220e-01 -1.002913183187956747e-01
1.240393140872793310e+03 4.317137692689412347e+02 1.295906944666285199e-01 -1.801315664374101289e-01
2.300501718530748576e+02 8.121398997081038260e+02 4.611460925859489635e-02 2.561477407451207000e-01
2.577622195769025097e+02 3.242321682649330228e+02 0.000000000000000000e+00 0.000000000000000000e+00
2.798162298110317465e+02 4.187254179081874099e+02 0.000000000000000000e+00 0.000000000000000000e+00
3.589449529771114271e+02 3.804430044418727448e+02 0.000000000000000000e+00 0.000000000000000000e+00
8.246758833295747309e+02 3.960517908033009462e+02 0.000000000000000000e+00 0.000000000000000000e+00
1.072390691166422812e+03 2.050841542263841006e+02 0.000000000000000000e+00 0.000000000000000000e+00
1.071129897602249457e+03 2.791034110753669211e+02 0.000000000000000000e+00 0.000000000000000000e+00
1.199741677434479243e+03 1.843234508980777946e+02 0.000000000000000000e+00 0.000000000000000000e+00
1.169913989028896140e+03 2.168797057512101674e+02 0.000000000000000000e+00 0.000000000000000000e+00
1.262821166107321915e+03 2.681598188482986416e+02 0.000000000000000000e+00 0.000000000000000000e+00
1.203921107260428244e+03 2.898223438942913504e+02 0.000000000000000000e+00 0.000000000000000000e+00
1.193403380007645410e+03 3.799471671520495875e+02 0.000000000000000000e+00 0.000000000000000000e+00
1.123290305188015282e+03 4.053663999815723287e+02 0.000000000000000000e+00 0.000000000000000000e+00
1.957064823604652020e+02 6.848480202663475893e+02 0.000000000000000000e+00 0.000000000000000000e+00
3.142922317595545110e+02 5.553726119741438652e+02 0.000000000000000000e+00 0.000000000000000000e+00
4.370162240853405820e+02 6.091056102179134086e+02 0.000000000000000000e+00 0.000000000000000000e+00
1.216590394760407889e+03 4.378584264487868154e+02 0.000000000000000000e+00 0.000000000000000000e+00
1.195732714733577950e+03 4.690096149930944875e+02 0.000000000000000000e+00 0.000000000000000000e+00
2.151009369448812549e+02 7.152597588860144242e+02 0.000000000000000000e+00 0.000000000000000000e+00
2.351982099886247397e+02 7.895405495919786745e+02 0.000000000000000000e+00 0.000000000000000000e+00
4.699048074157856263e+02 7.300687011496228251e+02 0.000000000000000000e+00 0.000000000000000000e+00
1.087905848212253886e+03 7.374859302342821366e+02 0.000000000000000000e+00 0.000000000000000000e+00
2.844527068003604313e+02 8.690432899823570096e+02 0.000000000000000000e+00 0.000000000000000000e+00
2.923289766675353576e+02 8.816190733761482079e+02 0.000000000000000000e+00 0.000000000000000000e+00
3.218121799703731654e+02 9.026106315170826520e+02 0.000000000000000000e+00 0.000000000000000000e+00
3.254613068508529636e+02 9.648700848098521874e+02 0.000000000000000000e+00 0.000000000000000000e+00
3.139872731944156499e+02 1.032661583082692232e+03 0.000000000000000000e+00 0.000000000000000000e+00
