1.330453233470284999e+02 3.821633434500524800e+02 -2.455378519040368225e-03 -2.747688223909637226e-03
2.531345344012806322e+02 4.663020923948409404e+02 3.402952015632801797e-03 5.291402570587886572e-03
3.101828998496216627e+02 4.751319787744046153e+02 8.095162657641008855e-03 -1.055348384845064894e-02
5.646244418063962485e+02 3.787282963774974291e+02 -1.028806677845525399e-04 -5.377462658624145193e-03
3.136993060526129966e+02 8.698072784034152392e+02 2.576266100558390337e-01 4.454871075601933850e-01
7.054953313370857586e+02 4.184506351700923688e+02 3.242095020796384106e-03 -2.153326789220730113e-04
6.343467131573180495e+02 8.219328095048396108e+02 -5.717745801161576305e-04 -8.460178478839728991e-04
9.124416907412046385e+02 8.059288216286959141e+02 1.221561042370922223e-03 -6.918275872422863758e-04
4.599526486610358234e+02 9.415604983274220103e+02 1.172285476581471270e-04 -6.041864018556279215e-04
9.050839379977419412e+02 9.225186729399474643e+02 4.248934818622386405e-05 -5.246962660008324232e-04
9.002045218469578458e+02 9.263864798005723742e+02 8.817781910660514241e-03 1.158616428537612522e-04
7.086835224350642193e+02 9.910759413668158686e+02 5.846442830808414558e-03 1.260629098109717272e-03
7.151779544756344649e+02 1.011345938611096130e+03 9.619297893437977207e-04 -5.649158431593280906e-04
7.049281936771769779e+02 1.023726686946672316e+03 -3.396263398968531666e-04 8.548738708551616367e-05
4.816283309909229615e+02 1.099115419197735491e+03 -2.328618751621974368e-04 3.048645585587821398e-04
7.044632390431620479e+02 1.036481954730888219e+03 2.700641494521453562e-04 -1.162089926072097743e-04
7.518639907396527633e+02 1.067536766365155700e+03 -2.128323840134717219e-05 2.269649076960476017e-04
7.455791251340842791e+02 1.071502837094641791e+03 -1.033130754388249646e-04 5.995567234756638214e-04
1.309682671928912612e+02 3.250236411482904373e+02 -2.464300629629962314e-03 -3.599175422859596327e-03
8.997669776186464787e+02 1.102172910408507960e+03 1.379660747146556322e-04 1.270221506625729033e-04
2.444571918725045805e+02 4.991164945573465843e+02 -4.302623497215962191e-03 -2.282894595354284517e-02
2.415760194732786204e+02 7.553478819798427821e+02 -2.789615887972349793e-03 -4.498600189546129828e-03
1.902112353496159187e+02 5.851137483360462284e+02 1.559035368572578295e-02 -3.551962383404644319e-02
1.174123252725809607e+03 2.403575217715294343e+02 9.739105437829223902e-03 6.847172014056918110e-02
6.375741473117954001e+02 3.754945614573486523e+02 -1.176286035422548400e-02 -1.607319645344351374e-03
3.519360131401132321e+02 1.070291601526645309e+03 8.479172356841488400e-02 4.542023123216009095e-01
1.260195051063312349e+03 1.960066126172473560e+02 -2.040332876049433253e-03 2.340249756188221390e-03
1.239847056032984483e+03 3.798825985259336449e+02 -4.464424860845322800e-03 2.415097955376680275e-03
2.816190905707487673e+02 9.484985444975167184e+02 1.369292801342320565e-01 4.392598069478386713e-01
1.178234705188622002e+03 2.324358473177695146e+02 -5.064894423966425675e-03 3.611838444784595467e-03
2.882302121821182936e+02 8.932628084487416800e+02 1.329238742482776459e-01 3.808004330928961290e-01
2.963287417601379730e+02 8.955166592193173756e+02 1.411948019920939712e-01 4.388743507455006299e-01
7.155710106040705796e+02 8.821625990790103060e+02 -3.022209550911809754e-03 4.497333130137184942e-03
2.916725414637114113e+02 9.310968896821858607e+02 1.116948112832748669e-01 4.468702223555125475e-01
2.933779628531036110e+02 9.073971646380148286e+02 1.038300048041406604e-01 4.000331826354068254e-01
3.546672542984493361e+02 9.579029349630769730e+02 1.910194057727573336e-01 5.462874348247814815e-01
3.183973718338967842e+02 1.046557403798282621e+03 7.809865917672798030e-02 4.728229226452493883e-01
2.655623690234872925e+02 6.871064700725078183e+02 2.631824943197182305e-03 4.695430828665750171e-03
2.373451095820579155e+02 7.195567254201802143e+02 2.049905006239754676e-02 1.204504974733742670e-02
1.477164744021970648e+02 5.293307256033028807e+02 -2.829347228471576037e-04 -4.450602235662321805e-03
3.701599855068165539e+02 1.055127153573910391e+03 1.836041108437654612e-01 4.496353904858930162e-01
2.487624237175494386e+02 7.168636944654246008e+02 -2.934416154556516911e-03 -5.045574332076050404e-03
2.406860360541818693e+02 4.858128682733483288e+02 -3.943275947011445903e-02 3.435024818394716295e-02
2.604226525869237889e+02 8.776641992093061617e+02 8.750009252895636636e-02 3.418232711090810061e-01
2.515311902406124034e+02 7.474949272046468423e+02 -1.658420156327383189e-03 1.389376817178344936e-02
7.068913591103475937e+02 3.872529703792383771e+02 4.896110677044780979e-01 -4.640939144093726987e-01
1.428911334835652553e+02 3.923781612236332421e+02 -4.291034536755311307e-04 -4.235530526799347029e-04
2.479142403107686903e+02 7.317043466638216387e+02 1.699415999663957859e-03 1.353881020650258594e-02
5.721821994846342250e+02 3.798855328225299672e+02 -4.626889665096674265e-03 -2.709825114528926181e-03
9.322399646462725968e+02 8.427406297617417295e+02 4.561638642469618976e-03 -1.740240866833780986e-02
5.757721760968688614e+02 4.325490663094882962e+02 -4.410612891945783244e-03 2.122948795376919644e-03
1.006514393232930388e+03 8.124188532720634157e+02 -5.648675089109883671e-04 -8.440712702338822038e-03
5.018721470612484836e+02 4.385064739565228820e+02 -9.496246647514264717e-04 4.024214394726389511e-03
2.442674489562767519e+02 7.442658106466656136e+02 5.143070291969796667e-04 1.043455219586360153e-03
3.510609297483579212e+02 9.725449613024738937e+02 2.097802957894387976e-01 5.201979215028582626e-01
9.804296360379973976e+02 8.278012385686079142e+02 3.412243438389742610e-03 5.479692554758056966e-04
5.751840690721213605e+02 4.130180121890778082e+02 -3.475024069379093611e-02 4.884473863521938269e-02
3.057468276803795675e+02 6.593714725282993641e+02 -7.149300602639646618e-02 4.201073685998502061e-02
3.591363932530513239e+02 1.011561722246834165e+03 1.072089319807635471e-01 4.539086098240190936e-01
1.010755327074293746e+03 8.160693189971394759e+02 -1.794889409346425019e-02 -2.588020115266736337e-02
9.411730864935572072e+02 8.357833804903381179e+02 -5.020970910857496666e-03 2.433710808592724414e-03
1.004029962151554969e+03 8.359384378130451978e+02 -2.176464204738425348e-02 8.776700740068323374e-04
2.323995785502234526e+02 7.239471553992648296e+02 2.593152016102506091e-03 2.656424291956790452e-03
4.823102688867624011e+02 4.377861972068246814e+02 -6.736379291091547372e-03 4.291490997266099797e-03
1.019372996390173967e+03 8.076078009235225181e+02 9.818057811712336061e-03 9.952887068207605468e-04
9.582299157280441477e+02 8.312488828803765273e+02 -2.622027645715531039e-04 1.646637701744093881e-03
1.197521234160050199e+03 2.517820934645904742e+02 3.566188219063424168e-03 6.222889322525205873e-03
5.487252919602851762e+02 4.429065053896655968e+02 2.714213153227671045e-03 1.450267495999473790e-03
2.285855839518714561e+02 5.204178179626831025e+02 4.430402104389265933e-02 -4.670735017995443494e-02
2.749093293248071177e+02 6.813932082443611762e+02 2.256182659777442555e-03 5.761362784371590155e-03
5.818016167770447282e+02 4.179872922807922464e+02 -1.488464788714268482e-03 1.086106059333045298e-02
1.032854008664260391e+03 8.595759264229266137e+02 -3.272008240502497119e-03 9.638685891680928014e-03
8.230116752833994269e+02 8.821618585202080567e+02 -3.383756474621240073e-01 2.324401082366414351e-01
3.274111848847567217e+02 1.075948337308034979e+03 9.546256564844682324e-02 3.531921243526391363e-01
9.579792660774334081e+02 8.462380831107867607e+02 3.546377520133251610e-02 -1.241533072545780193e-02
7.482955882648756187e+02 9.536363149725227686e+02 -1.774539936890829565e-03 -3.945901416789701632e-03
2.667316291551542236e+02 6.640780902202457128e+02 -2.070655032798640605e-02 4.363331963222685794e-02
8.246893102091578385e+02 1.102251851180290942e+03 -5.128920780060809053e-04 9.952848983522187662e-05
2.424445140861512300e+02 5.056938615543311926e+02 -1.004971865136702371e-02 -1.252336689425520913e-02
7.480622096739941753e+02 9.598023647084982031e+02 -1.344312048930456326e-02 4.917999628008659987e-03
5.663344805636353385e+02 4.707382571950053034e+02 -1.041220212566330893e-03 8.853490536495482038e-03
5.673099026745638866e+02 4.742387931330749211e+02 1.326404500073609957e-04 -5.282259765020189644e-03
1.205122315586299919e+03 2.308543666500823122e+02 8.794560336233495784e-03 -5.879891631948485665e-03
9.138644791799991935e+02 8.476618063336311479e+02 3.486658051694985910e-02 7.334016497746251827e-03
2.265222917039882589e+02 3.284440537037165200e+02 -7.090572390683855253e-02 -2.842419362192897814e-01
7.713700285587284498e+02 9.598410170978305587e+02 -1.447930880587618716e-03 2.648843427922125369e-04
7.754768953224480583e+02 9.419823754983092385e+02 1.263797850887529804e-03 -4.435869492639729628e-03
7.728414027588886483e+02 9.488503948795072347e+02 -1.020461725124507599e-02 3.343205555342867313e-03
9.846254130180769835e+02 8.664729827705692742e+02 2.217466089163200229e-03 -3.598791761744608419e-03
8.007121330414964859e+02 9.517453439645653361e+02 -5.172869120020315813e-03 1.960985648912526736e-03
2.286865704418959808e+02 6.295466357652311444e+02 -8.392870087641200738e-02 1.901900280677824018e-01
6.193795447983818576e+02 9.358966504742807047e+02 -1.889446998620319333e-04 -3.429133512597245148e-05
5.721906257616225275e+02 4.906339339831599204e+02 -3.540346830488875357e-02 5.907964257462458395e-03
7.832417519546464746e+02 9.352859658419084781e+02 -1.894273287113791560e-02 -1.399702107061001274e-02
9.746959501368037309e+02 8.852774252010564169e+02 3.264938347762503038e-03 3.530197152980069260e-03
7.541120433444292530e+02 5.308587869660378828e+02 -4.056802977842299297e-03 2.240930772049663268e-03
7.843596242476352245e+02 9.419208832894325951e+02 -6.062203738190757168e-03 -1.887945221988565625e-02
7.966681938871494140e+02 3.830029345365252311e+02 -3.883599922044883969e-04 -2.483046094892973833e-04
2.341611008510136855e+02 6.983682615216771410e+02 -1.563557959413864121e-02 4.781621835050346020e-02
3.067422025558472569e+02 5.651643798505735958e+02 -9.954209309988542101e-03 -1.947666094810918472e-02
8.040005057102492856e+02 4.173149849544512335e+02 -1.252578531138493715e-03 6.621242868731098399e-04
3.215485209741339645e+02 1.078117955189264421e+03 6.744829211857671092e-02 3.545125336282594630e-01
1.939600351442880708e+02 3.191481110686590341e+02 -2.382459135598274328e-03 -3.036990364492312897e-03
5.924170444925076708e+02 4.035245417028379507e+02 2.481100891081455557e-03 -6.258710454458781382e-04
1.034218316860328741e+03 8.355320901094625015e+02 -2.210882106476557394e-04 2.450370492603256255e-03
9.936862496533944977e+02 8.220923687916464360e+02 -1.560217729418284915e-03 4.801029919292995086e-03
2.278302660105242978e+02 7.268336925962098576e+02 8.034548250915101927e-03 2.639633411889116300e-03
1.278264181751894284e+03 3.717073064844578312e+02 -5.963726264738370905e-03 -8.497117657116019795e-03
2.364064870501675841e+02 6.427020737732777889e+02 -2.366652854773421827e-02 1.778539176991671411e-01
2.246124142898324294e+02 7.640548236865107583e+02 -2.021526182770294333e-01 -3.126737902597133412e-02
7.332905577586253685e+02 9.804575428516660622e+02 -8.212838138161255360e-05 -1.573480567027208971e-03
3.207858366735571281e+02 5.468698241962118800e+02 1.349500753734234754e-02 1.876151933497972532e-02
7.701015329870934920e+02 3.974556200729667808e+02 4.961793426306516930e-03 -6.138336415451231022e-03
9.871853837226946098e+02 8.308851839847484371e+02 -1.614380312373601273e-02 -1.575505310688415581e-02
1.049793302137152068e+03 8.563767675606777630e+02 -1.547711801448362111e-03 -1.093535344732189706e-03
8.272172634969319915e+02 4.017475769164353210e+02 -1.070678856570672285e-03 7.454679803130251836e-04
1.018513322399316962e+03 8.307046125529863048e+02 3.535847823675992811e-03 -4.611024595260910033e-03
1.185637368352427302e+03 2.494896941039616820e+02 2.803503059076679904e-03 4.006537671685772551e-04
9.472786129213421873e+02 8.370882947618883918e+02 -1.849383846273901667e-03 -6.064462676688593679e-03
4.654392380893738732e+02 4.536983888321788640e+02 -2.626716722533170741e-03 -3.774081094302526168e-03
1.107471967866585601e+03 2.264953754837070790e+02 1.484112281378197583e-02 4.296853532170727408e-02
2.681767331363019480e+02 3.005266904832474211e+02 -1.151877907641572080e-03 -1.853506940071635760e-03
9.553766374782959474e+02 8.218008336742434494e+02 4.898363101738771250e-03 -5.162326141894392137e-03
8.220879991955064270e+02 9.354092663224106445e+02 1.441039775792689499e-03 5.826313453947630852e-03
8.222673414098906051e+02 9.444072380410939331e+02 -1.844290773795697821e-03 3.804895370823789189e-03
5.482403648627573602e+02 4.305629673737951748e+02 7.658296500472031205e-04 -2.205184843048338741e-02
8.244309009125205421e+02 8.968446756634031090e+02 -4.392320502087148082e-01 8.993102513864523195e-02
9.075204447699558159e+02 8.675734675633578945e+02 3.655786522499240854e-02 -5.080679198281944781e-02
2.806326484189974053e+02 8.603322461836899038e+02 2.018021654983645774e-01 3.697840468106584622e-01
1.067784803800893542e+03 1.978811970753296805e+02 -1.965330496450225922e-03 3.066035221527362367e-03
7.546526839810157981e+02 9.707826725618267574e+02 1.554112962714322699e-02 -2.898970196965122009e-02
1.030312980142957031e+03 8.253065328266350207e+02 -1.054981575090087071e-03 -3.331804971011398300e-03
3.246596476279797230e+02 9.039651170753402312e+02 1.653031333172909345e-01 5.134652282332198281e-01
1.021746792803578046e+03 8.144348607766876285e+02 4.404994052877798244e-03 -5.242166347137177870e-03
3.607518686849195433e+02 1.053544143311785547e+03 2.670295725996724712e-01 3.807927812026797865e-01
1.055924124633199199e+03 2.223323154570370548e+02 -1.069055427270419745e-01 5.342142601781860872e-02
9.549385546342953148e+02 8.788218172804822643e+02 -2.790123308893208143e-02 -1.588091000950732704e-02
8.184801398891818280e+02 3.798040508499278758e+02 -8.400374057834984580e-04 -6.172597354555697021e-04
9.721381760344662553e+02 8.890784077664451388e+02 1.059626322599945859e-02 -9.774641529245422372e-03
9.055708454973570269e+02 8.425272179952312399e+02 1.882560105941750647e-02 1.395501428773045574e-02
2.447587214575523831e+02 3.743155560071205059e+02 -5.865366436012687396e-02 -2.513046629360439210e-01
5.807410709988257622e+02 4.673947197515799985e+02 -5.096747897610357653e-02 4.404412417540184629e-03
8.026940608539069899e+02 9.260672388667354653e+02 3.078911452850306013e-02 -1.336649823332492631e-02
9.625540722592653538e+02 8.481786697389874234e+02 -2.808083406264786849e-03 -9.161807944481931143e-03
1.935375494168002604e+02 5.912380407246074583e+02 -4.648627576742255310e-03 4.263278197928986255e-03
2.320235378029691446e+02 6.892865311211685366e+02 -2.082982964112789492e-02 6.318439181689085304e-02
4.928373122975077649e+02 4.483880862276458288e+02 -4.004548775975029160e-03 -4.683666300132082599e-02
8.350624374249058519e+02 4.120102880723666772e+02 -4.558688072722929217e-03 1.966473587733144320e-04
9.694888813548358257e+02 8.750564669473391177e+02 -1.077086880223368341e-02 -9.189045544285543571e-03
2.710582644603614995e+02 9.032136129071992627e+02 1.050879812177213102e-01 3.749291862176593604e-01
7.904342988328113506e+02 8.858433550449096856e+02 -5.771725112292259811e-04 3.575685807632988933e-02
9.683463601398111678e+02 8.245679079453220766e+02 2.227640283351347184e-04 -1.248739264144772907e-03
2.060043151758710565e+02 5.133014860721037849e+02 -4.345825316554335904e-02 -7.501570215813309350e-02
7.936212094586443300e+02 8.811829877482192614e+02 -8.096672166366283840e-02 -3.324191043001595985e-02
1.192304901147999090e+03 2.096959249912736993e+02 9.957289407224163488e-03 4.304531926867648391e-05
8.111195458810299215e+02 4.068388911122034983e+02 5.786711123522367837e-04 -2.092809569896781838e-03
7.676365463882890481e+02 3.853038705249850295e+02 4.283599427334691852e-03 -3.100165239322567618e-03
2.252798848570267864e+02 6.864948374053093403e+02 -1.151735026185223866e-02 2.369440486900585563e-02
1.080080873357863766e+03 2.178360541031301807e+02 -2.677268301520841637e-02 1.724567830150436354e-01
5.577951707099709893e+02 4.129579187122628241e+02 -1.262424054304984132e-02 -1.268034193718969339e-02
3.080905420318323422e+02 1.035408254528522548e+03 7.879266748739267856e-02 4.842309047971202762e-01
9.464828708624814908e+02 8.575834806533870278e+02 1.745932438357383487e-01 -8.147135917384405734e-02
6.039972052541711491e+02 3.856749347510759094e+02 1.318096473985721356e-02 -1.280851946912639656e-02
3.367503412095942394e+02 5.465222258623387006e+02 -4.400727711387083380e-02 -6.163209366747925827e-02
1.125381787140948290e+03 1.706157976052287495e+02 -5.898953312044561553e-02 -6.099982257096835114e-02
7.268414513618868114e+02 9.467021374920743710e+02 2.295850619558754448e-03 -1.069384707863160712e-03
5.112756274875800386e+02 4.391854292825327661e+02 -4.632433498948170685e-04 -2.294467914610565790e-03
9.959513501524523917e+02 8.741019459665038767e+02 1.708012233624424782e-03 9.009763457665130246e-03
2.589552684838519099e+02 5.632485850556216747e+02 -8.730024150594936638e-02 3.842094887511854906e-01
4.802050203211966846e+02 4.694461263217696114e+02 -8.883325588495869733e-04 -8.825046124400721947e-03
8.784116503857878797e+02 8.723512984516078177e+02 -4.861548209037502150e-02 2.653222829291627255e-02
8.067860577662509058e+02 9.377854698448737736e+02 -1.036147940238710263e-02 -3.175536853398238431e-03
5.343126087219875444e+02 4.173305802474575898e+02 -1.619949702228270713e-02 9.044045021549226501e-03
5.211151257835255137e+02 4.429663434243421420e+02 -1.187182933375258327e-03 8.691710791265900085e-03
3.265076773329258799e+02 5.357163827102426694e+02 -3.373592893557552080e-03 2.075470381868453357e-03
2.799166548028495072e+02 8.895152001178947785e+02 1.257562690182827125e-01 3.493410235346492421e-01
2.728527237718586207e+02 5.267068675503330724e+02 -2.437891507906503330e-02 3.441389518158323169e-01
7.465613366004292857e+02 3.965727189558452324e+02 1.163297867913453331e-03 -3.157660161918718952e-03
2.312843055997883255e+02 3.505339096952245654e+02 -9.072462809714189336e-02 -2.934285595716795703e-01
8.085173911378524281e+01 3.228753827788409581e+02 -2.018129774299663465e-03 -1.788730050324631796e-02
3.186499631702149600e+02 9.888602231163825991e+02 1.122502004602817655e-01 4.574352600206852415e-01
9.737215824780956837e+02 8.633974387677731102e+02 -2.194911181755395541e-02 -8.946733484686764798e-03
3.185634840569611015e+02 5.190187582793968204e+02 1.458985173147507586e-02 4.209290531976236580e-03
5.339827232744022467e+02 4.280681940806282455e+02 -2.641553602627077016e-02 1.485343339442237072e-02
9.984591016673151671e+02 2.480879208159060454e+02 4.714611956147915679e-03 3.164946876578645513e-02
8.508028809234441496e+02 9.314751881309747432e+02 2.132321036604948683e-04 -3.157544164747774209e-04
2.868582894995966512e+02 8.746025983729961126e+02 1.972370932358012141e-01 3.833619275071691868e-01
6.283653402689516270e+02 3.841237333042443538e+02 -8.404193915366434033e-04 5.071063620654499803e-03
8.164132793307957172e+02 3.634522208649414665e+02 1.287466868305246195e-03 -1.756378340087281966e-03
5.459670042357365674e+02 4.253382158826958630e+02 -4.895754866054469016e-03 2.094809377999043518e-03
8.577192871091649522e+02 1.101641412621629570e+03 6.461319462597193281e-04 -7.338122109734349302e-04
9.303208910774393416e+02 8.353418763175957338e+02 3.597842249076724057e-03 -7.573823476701759807e-04
1.155926020517636971e+03 2.378937026053825718e+02 2.004702293431751686e-02 4.819080353603941852e-02
6.056345278205159275e+02 4.198216861681173100e+02 -2.232411328046365797e-03 5.505002745521080793e-03
3.115324127131395926e+02 9.142316371012171885e+02 1.809515163956628425e-01 4.767942209937212072e-01
3.504424426354274260e+02 9.882656889333289882e+02 2.069780571402329017e-01 5.119955168247081190e-01
3.152217560487721926e+02 1.062668355654307106e+03 1.245121623892395946e-01 4.529701487400227267e-01
2.286701877094947690e+02 2.989962822925444357e+02 -7.426257229870672320e-03 -1.505644003321846558e-01
5.091319351881982698e+02 5.065313694839393861e+02 1.722690841651600222e-03 3.361980998127562896e-03
5.456128201136693860e+02 4.055677446898725975e+02 1.165500312187741846e-02 -1.289189529090676786e-02
1.095915732815622960e+03 2.155974333359249613e+02 -3.311130903660674737e-03 1.417157026113365255e-02
2.388492828516185114e+02 7.387373523037678069e+02 1.363303447033244707e-02 1.292800905335496180e-02
2.293405079842430041e+02 6.388433661925912475e+02 -1.630745573298961887e-02 1.493583749102736224e-01
1.203485807417031310e+03 2.539947552166812557e+02 -5.377232746900742662e-03 2.154605059666723013e-02
5.476471245213156180e+02 4.744745987374980700e+02 9.522605822036830925e-03 -1.281659146150892700e-02
2.478145774108161561e+02 6.890434622214962701e+02 -2.076049334230859258e-02 -2.849779180260246861e-02
2.767034782703141786e+02 4.809871744580003678e+02 6.599404683426525475e-02 3.857500165640165291e-01
7.532553410760831412e+02 8.452225632429143616e+02 5.178163245847538674e-04 3.786608456097707463e-04
9.770442130399070493e+02 8.454803445896599214e+02 -4.291457218995323002e-03 -2.509430754217997946e-03
5.542599538463308591e+02 4.784359606958529980e+02 1.115459217517172398e-02 5.994566957942406606e-03
5.460636133241503103e+02 4.975808582663606785e+02 -3.553739234704796773e-02 -5.102784189389105059e-03
1.164795173142097838e+03 1.410012834344927342e+02 5.575368063282575004e-02 -3.572459711940474680e-02
3.210269110556490091e+02 5.303856985324163134e+02 -2.874414971971207128e-03 4.681116655921985920e-03
2.584054630766829064e+02 6.947101646726507624e+02 -9.704455407611228476e-03 -8.810519632182076816e-03
1.121536757597892802e+03 2.408589003954718919e+02 -3.287121659451204547e-02 -1.875899261351448178e-03
3.147082744539746955e+02 4.714564670711976078e+02 -5.469968471474954963e-03 9.197023591374127102e-03
2.217847618737796154e+02 3.108016475321153393e+02 -9.450330074898739829e-02 -2.812372104220535740e-01
8.881847272100748114e+02 8.752439901161766329e+02 7.152639693704079121e-03 2.601161006227902320e-02
9.113031673401222861e+02 8.757661644191047117e+02 4.201258841006656058e-02 -1.566215017905870852e-02
1.146607395520176397e+03 2.098115521974960416e+02 4.069465622574350988e-02 2.120671731534633231e-02
3.717767254079142845e+02 9.645321150813372242e+02 1.081311112827925552e-02 -1.761269292412499798e-02
1.223369233637364687e+03 4.907000482593277297e+02 2.402084047951908718e-01 4.076868071612817501e-01
7.925972516307335809e+02 3.937571454091004171e+02 7.412242345555280663e-04 -1.006342470099982509e-03
2.891868459466592753e+02 4.620776703181505809e+02 4.066953411615648745e-02 3.785236034140210815e-01
1.057510846146635004e+03 1.764522161670906826e+02 -5.265385016958917808e-03 -2.502543060445802311e-03
3.215470564127160742e+02 4.798485004186695164e+02 -5.545186673572120167e-02 -2.302492783670990334e-02
3.728425866366897594e+02 1.024705299176281642e+03 2.121197933793132762e-01 4.417138392027594729e-01
9.721899994091763801e+02 8.305849442432636351e+02 1.594612580674947822e-03 -3.121087541481612406e-03
2.483729077450561533e+02 7.407809309316387498e+02 1.235188044921389089e-02 2.467355872732417219e-03
2.199857558234723740e+02 6.859116815623364118e+02 -2.429224872234064716e-03 7.799792322565294624e-03
3.049718315810970353e+02 9.686797419398909597e+02 1.719792217546952939e-01 4.728788160072605606e-01
2.159952402083311256e+02 7.467927709773912284e+02 -3.449938263121336557e-01 -5.644226855638925788e-02
2.370918312573073479e+02 3.616641559698911692e+02 -7.133227033354175295e-02 -3.039173897499493071e-01
2.281790177662523149e+02 3.187835573084001908e+02 -7.605919735382038471e-02 -2.950184889036509550e-01
5.875986357298615985e+02 3.993312999494793303e+02 3.766666951606782634e-03 -6.474864596518525644e-04
1.128239800382512385e+03 1.442118834118243456e+02 6.670142404027951111e-02 -1.496369617779212402e-01
5.077697500659882053e+02 4.454917673766958046e+02 8.022245426442429442e-04 2.343477901589641112e-03
2.677998259607549016e+02 4.420340322380386056e+02 7.830149737959955780e-02 4.208065319251603209e-01
6.085525198840367693e+02 3.658984902962628780e+02 -1.026813169118334992e-02 -2.110002915919373043e-02
2.752319059137182649e+02 6.695614592929371156e+02 -1.786133453958375916e-02 -7.511039634045397735e-04
3.401972900949339760e+02 9.670669861182208251e+02 1.965804028178868568e-01 5.300630812360098698e-01
3.371679583810112035e+02 9.951851619863599581e+02 1.267827399848419079e-01 4.794131136806815130e-01
6.021767350763617515e+02 3.681439790756078878e+02 -1.867026403117799270e-03 -1.380199663081796597e-02
6.092978592297481555e+02 4.269407930540917846e+02 -3.211006350924287128e-02 1.618288140632569150e-02
3.274774869981150687e+02 5.188608492587272849e+02 2.014952176772688910e-03 -1.497647377914966028e-02
5.335459902269749364e+02 4.125791854717684259e+02 2.380944986743817912e-04 -3.938176352717884243e-03
5.380388602993905351e+02 4.670847356994308939e+02 -1.695355901644896024e-02 -2.524550324170435692e-03
1.036490661928940199e+03 2.985634012336834076e+02 -1.688007271297357241e-03 2.015472246052630104e-02
2.992669247422539343e+02 6.138227363608826863e+02 -4.004133601728874364e-02 1.988326873190612160e-02
1.192888714349549900e+03 1.869826780695325681e+02 4.639821201239425867e-03 -1.391296810676733581e-02
4.780819580611153583e+02 4.672090616576812181e+02 1.604788565708815376e-06 -6.000911929872657438e-03
2.218287654970527285e+02 7.531079498900413682e+02 1.201372801581936448e-02 -4.918578154732779380e-03
3.258646970248862544e+02 9.668212349586816572e+02 1.367981253201714931e-01 4.372131722842945156e-01
7.852196276773979662e+02 9.591015418277892195e+02 1.370517276109690062e-02 -9.234176197328271968e-03
2.623817612030186410e+02 4.267115297658307327e+02 7.050648313747279183e-02 3.868812827787924125e-01
3.365372732502647750e+02 1.022676767184352002e+03 1.273256031067082350e-01 4.098021377628405792e-01
1.037129278730282977e+03 2.526794268616847887e+02 -1.686618754801909037e-01 -1.797721857880361929e-01
1.210458302488521213e+03 2.459896824886892546e+02 -1.288559326304935214e-03 2.261722292474522330e-03
2.169258992607361165e+02 7.228637081894306675e+02 -1.828931134370311972e-03 3.169290302080546295e-02
2.737261871034688170e+02 4.035655074349886036e+02 9.199780687379582877e-02 2.945286739720740510e-01
4.050864402504073496e+02 1.098399278443199591e+03 2.718816470976829214e-01 4.532191184577060161e-01
3.242482540109444926e+02 9.449042173346010713e+02 1.815004335184715323e-01 5.020674761646034545e-01
3.894039096979383316e+02 1.006284326760059457e+03 3.257677287166466651e-01 6.101962133074635419e-01
3.239309138629199651e+02 9.175709660720074226e+02 1.428365404282000983e-01 4.781013251481949222e-01
1.141610062548300903e+03 1.916408330069281760e+02 2.615429942159490720e-02 -2.082148052290696064e-02
3.086821753134451569e+02 9.256227147614656587e+02 1.427383058554557160e-01 4.685919641672340319e-01
1.216200227897165405e+03 2.507518669266270308e+02 -3.723868863870496916e-04 -2.608072427597614342e-03
5.125493127673903473e+02 4.800932034869588279e+02 -1.839042438078730940e-04 1.383301158555939187e-03
1.240275054741754275e+03 4.606514528597652429e+02 2.756156667298459984e-01 4.381085405500240171e-01
5.730315953366147141e+02 4.246794629214007841e+02 -2.519393343332598009e-03 -2.196132019145856720e-02
2.204082277531424552e+02 6.974014761350231311e+02 8.992906626058536773e-03 -5.204318529655382365e-03
1.040848315220497170e+03 2.582450894172060316e+02 -1.844706060047712481e-01 -2.586787389982840857e-01
3.256925079981799627e+02 9.809487597000597816e+02 2.147216887026985044e-01 5.139033930042077314e-01
1.233932971205236072e+03 2.553356828969664605e+02 1.027769018253478581e-04 -9.319236577605543095e-03
2.804932960394905308e+02 9.715739106977040365e+02 9.172015349303486165e-02 5.266849166682180394e-01
1.119383107953585295e+03 3.666541702840962103e+02 -1.673734846735131510e-01 -3.828541415213972954e-01
3.989056957739592804e+02 1.081196565061081174e+03 3.603737141305577985e-01 3.564106808447390917e-01
1.016376698295190408e+03 2.747859102139610741e+02 -2.559840680383236589e-03 -1.269499555781627748e-04
1.190654523315915867e+03 3.593045268689185718e+02 6.862291352648537679e-02 -2.110568659807080527e-01
2.749772991021275175e+02 4.476827384787662822e+02 1.020904788816992675e-01 3.336196030235648036e-01
3.002709393438852317e+02 9.245842035239771803e+02 1.374084307843145836e-01 4.673740595621972416e-01
2.154431250565526170e+02 6.835195744711198813e+02 -1.641437175774833335e-01 1.416328622968730244e-01
5.475679343671828292e+02 4.096547321253810310e+02 -1.632955132051149699e-03 8.127110429897319022e-03
2.903593195301441483e+02 8.712639770312600831e+02 1.996943131670533000e-01 3.918199201993901037e-01
2.573911839869974187e+02 3.930695251937971761e+02 5.549770518612126557e-02 2.784349386836569851e-01
1.221376430377169299e+03 2.548650323971291698e+02 1.146058013411882515e-02 5.539058811300290102e-04
3.101515574981935401e+02 8.822189258325205401e+02 2.145413061067658611e-01 4.317726248774094722e-01
1.127437057317232984e+03 2.467298654116280545e+02 -2.498550885843092012e-02 3.580331352219051633e-02
1.227179098127195402e+03 1.493541011374518064e+02 -1.040147709718979930e-03 4.217383126323363124e-04
1.057622929146156366e+03 2.849860460645724629e+02 -7.447121173850018705e-02 -3.040687730612108286e-01
2.474743801674429733e+02 5.128705330640211741e+02 5.793936167276175948e-03 -7.248553829446908753e-04
1.023234219989890448e+03 2.795359969163464484e+02 -2.967797833308746976e-03 -2.183438804585272758e-03
1.125536035302190157e+03 3.647475253048642116e+02 1.384776174930014113e-02 -2.324638712948917108e-01
9.966642627768661669e+02 8.239558401025657304e+02 -3.916678541910605799e-02 -4.679907092068868991e-04
3.132244423570869571e+02 5.550158102224554568e+02 2.866043507371967766e-02 3.910112838213472553e-02
2.291332446473101072e+02 7.021382253724170823e+02 -2.038623891604798496e-03 3.087881481625086300e-02
1.102340710214135697e+03 3.463491477884152232e+02 -4.975789208548248022e-02 -1.284313606203434377e-01
3.261493026136392928e+02 9.539954883361342581e+02 1.699248450661022813e-01 4.495261067097386931e-01
1.123893202010977575e+03 3.388942662843858784e+02 8.162773698532954647e-02 1.322347895529555895e-01
2.356897068517437503e+02 6.019618322157217563e+02 1.386309173893302826e-01 -3.423381260591906727e-01
1.048216354381739620e+03 1.794024428660155479e+02 1.004670125863719142e-02 -2.205083478924221504e-03
1.045608758899445547e+03 2.495365545398336167e+02 -1.070453871058573564e-02 3.527008949190795634e-02
1.124698794780756089e+03 3.317794845940816799e+02 -1.618720170254074331e-01 -1.427215440604731045e-01
6.057537110090572696e+02 4.084487178551185025e+02 1.658907478774227992e-03 -1.825801969624819181e-04
1.163085301081540592e+03 3.282310630350108340e+02 3.436920174814517837e-01 1.655251559136429740e-01
9.326220610188983073e+02 8.884114592782734690e+02 -4.289944714965186756e-02 2.744635362748930330e-02
3.528797377081216382e+02 1.002680577691138751e+03 8.679567850110585236e-02 5.356241007721503911e-01
1.022507527873317599e+03 1.855544716965645193e+02 -1.395822184209500466e-02 -2.334679198692933902e-02
1.213327079223920464e+03 2.292835374189941149e+02 -7.335297009950580462e-03 3.009639022467534147e-02
2.672621974048549305e+02 7.375943027888579309e+02 6.698632468932922757e-05 -1.953322885004234871e-02
7.862938536625719053e+02 3.996548305267435239e+02 2.163800177136113861e-02 -3.555084698450796526e-02
2.544584244821315053e+02 7.086719751741707114e+02 -6.215312940598058389e-03 1.624766830172354615e-03
1.108754584302100739e+03 3.322395717933980563e+02 4.189604680258490060e-02 5.963974896607766168e-02
2.661071427744402058e+02 4.705773336199624737e+02 2.864657771192018892e-02 -3.126853082174010923e-01
3.119168843154548085e+02 6.099738679321875452e+02 -1.810471592146557090e-02 -1.686522998382130809e-02
1.028257461176880952e+03 8.537654440955326436e+02 1.913407574951778243e-03 4.466122972176116325e-05
1.111294594399258585e+03 3.526111262179289270e+02 -3.569557613055433093e-02 -3.767963773620740531e-01
1.141004578149113513e+03 2.183376182200881033e+02 6.892268543159763006e-02 -2.331817560383905169e-02
5.968090582583573678e+02 4.181775174824215355e+02 2.756485201139680357e-04 1.503612569294347952e-02
1.155874477311296232e+03 2.234092620715139788e+02 4.520436224936136976e-02 -2.670426368959145230e-02
3.248882349747269132e+02 1.023420109768322163e+03 7.799027688408706471e-02 4.262482454193935455e-01
3.219129381628171700e+02 8.726471261603297762e+02 2.353198721719771680e-01 4.871164348749996154e-01
3.194749349399038465e+02 9.215767751050518655e+02 1.341840530337191362e-01 4.849596430276303383e-01
2.549507764766543403e+02 6.396916162912816617e+02 3.977148111830490843e-03 1.475545004841928853e-01
2.378695054392245538e+02 3.739463454686816135e+02 -8.515071755939578046e-02 -2.725959211916391123e-01
2.748470754513605812e+02 6.487518479362573771e+02 -5.040484055053461032e-02 1.455581828036706105e-01
1.037765022261362446e+03 1.884240920862074233e+02 3.455813560749717780e-03 1.139079565205555235e-02
1.240777426417634160e+03 3.142386203541726672e+02 4.116963925951153125e-01 2.452211151630881436e-01
3.189666844812347790e+02 1.095196164508470474e+03 7.655816156808824269e-02 3.676683355196505021e-01
1.210286276193737194e+03 2.175613544722845347e+02 -1.828164399415586070e-03 -3.434735914996983521e-03
1.201101533415066115e+03 2.025642737511406324e+02 1.077573511512434044e-02 3.361671449876311221e-03
2.488986130897615681e+02 4.808629972980558591e+02 -1.505891366662126529e-04 -2.549563140063367071e-03
2.386338784750467141e+02 7.103038111487869628e+02 -1.791441795983032478e-02 6.459586812892180452e-03
2.774395195251457835e+02 4.986442066461603417e+02 4.251843181929988030e-02 3.448602846075689010e-01
5.911194572823051203e+02 4.488321476079262311e+02 -4.999234828840549982e-02 2.123168708930063542e-02
2.368845314824711465e+02 6.884944877869919537e+02 -5.615952548935194619e-03 2.465086036515868120e-02
3.414654817267332874e+02 1.065705229440744233e+03 2.437059727708863199e-01 3.885928048235893772e-01
2.776580461183136208e+02 9.024532599647696998e+02 1.193817946184953932e-01 3.806765575538322288e-01
3.594811554113334751e+02 9.741442464325922401e+02 2.116175944545926890e-01 5.448050787370061210e-01
1.119158591287385434e+03 1.653028453425877160e+02 1.737406549122313959e-02 1.919545193713715833e-02
2.687684888648103083e+02 6.250241304237424629e+02 -2.028801406316859540e-02 2.001631053113626935e-01
2.659974082834256137e+02 6.381578657315501459e+02 -2.830019660027540199e-02 1.327445347107206741e-01
7.688694329399320395e+02 9.563345290425711482e+02 -3.436675576829269826e-03 2.039973828451672327e-03
9.745702597128041589e+02 1.746997133762135377e+02 -1.600895186418549096e-02 -4.113258938654177493e-02
2.734256727391402819e+02 8.892602188420178209e+02 1.317163221954684160e-01 3.616754659428199070e-01
3.824626549497998553e+02 1.007626208469077255e+03 3.111153373358183649e-01 6.249346244206552825e-01
2.565384955865341681e+02 3.626826624554756791e+02 5.534412415137144464e-02 2.087890270778512136e-01
1.076298176405128743e+03 1.849205881647217780e+02 8.323007035340484333e-03 -1.063010887740843680e-02
1.208201105307349962e+03 2.114983558373084236e+02 9.770486473697848409e-03 5.845187185528711270e-03
3.494426239541356836e+02 9.614681928090018346e+02 2.052441212177218144e-01 5.502919532464147778e-01
1.002398599315618753e+03 8.756902487054669564e+02 -8.508394175501818660e-04 -3.756960614643755757e-03
2.650389960211321068e+02 7.145058440421228170e+02 -1.613266912072402678e-02 -1.126875117449011379e-02
1.198076128783183322e+03 2.304687917065751890e+02 -7.706789860306047235e-04 1.291165474868133205e-02
1.219876733071622084e+03 3.357512877995137615e+02 4.765156166107803459e-01 1.127474382383691770e-01
5.009151888795651075e+02 4.594621820049954977e+02 -2.426017793634018080e-04 -4.703052110477245508e-03
5.922206072199232949e+02 4.767178938763467499e+02 1.492766480283526202e-02 -1.002848048273727484e-02
1.142572045626998715e+03 2.785143741895852258e+02 6.659539137768651917e-01 2.563186273906463697e-01
1.160781563531516895e+03 2.639633990358940991e+02 -3.393091583409026391e-01 -1.629524382141373240e-01
2.638068460362795804e+02 7.257834409514834988e+02 -1.994551033163534859e-05 -2.405255148092052750e-03
2.665524298094387063e+02 4.882381839916901072e+02 9.158118181594623874e-02 -2.373364300916659120e-01
2.838612639143472052e+02 4.657928749529064021e+02 7.755978748140184009e-02 3.727451382706911120e-01
2.172367881549571393e+02 2.919483764334772786e+02 -7.170141589874010069e-02 -2.673624652523460821e-01
1.267521102796823470e+03 3.929381221255721925e+02 -1.662204862490812519e-03 -1.504819084977716652e-02
9.431375121706997788e+02 8.571714937300165502e+02 1.553924033821399708e-01 -6.597720500415804601e-02
2.536665880992520101e+02 6.868197469965623441e+02 1.067894033185596767e-02 -2.013976755025882748e-03
2.629146931609020612e+02 7.077034973737488599e+02 1.980071791543236686e-03 8.737464756489603940e-03
3.943852414263573678e+02 1.061649514158223610e+03 1.559410203554291718e-01 4.076518278212969970e-01
9.324795455591471409e+02 9.080084625619368808e+02 2.095388077510272184e-03 1.681204964961242540e-02
1.018586269079869226e+03 1.646176482939962682e+02 1.373970330317291974e-02 -9.111058025151361206e-02
2.971789404853676615e+02 9.716088268632688596e+02 1.234842814549435841e-01 4.137537356906804131e-01
3.644869653681210480e+02 1.041782609735129427e+03 2.540930723771300803e-01 4.056048726747790156e-01
1.145281606859481371e+03 3.315000667242027816e+02 -1.066555246149308439e-01 -1.852701609666225213e-01
1.835579429915273124e+02 5.895036602614743515e+02 -4.766605089699142359e-03 -1.664975274523628618e-03
1.189630170472483087e+03 3.800853700090801226e+02 -5.535135924113020189e-02 -2.966368263224339885e-01
3.011708318918256282e+02 8.624660427942772003e+02 1.649092180652080020e-01 9.725669213881872333e-01
2.359985689276660423e+02 6.339879728050206040e+02 -1.059102388555980823e-01 1.972817909698318939e-01
1.240806554062057785e+03 2.762829105939064220e+02 6.075961149116493841e-03 -2.898614612975885206e-03
1.481881870747048993e+02 5.178855556612905957e+02 -5.100758721063343958e-03 9.347185982879537350e-03
2.810877451257575785e+02 6.416056126668623847e+02 -1.263960012659696430e-01 7.370578527624081777e-02
1.026418861883729051e+03 2.417548602476123847e+02 -3.885858194039563777e-03 -6.303919564676154635e-03
1.008285622096060365e+03 9.275252260956574446e+02 -9.534946861711630093e-05 -6.795919527310544279e-05
1.171200779949532944e+03 3.578860452941595440e+02 -9.843922711371026757e-02 -3.372294863893780525e-01
2.655383408243917529e+02 6.132858183267450158e+02 -3.675945027148575656e-02 1.779108310513324298e-01
3.064954990834751243e+02 1.009223739149615085e+03 7.113259559534328147e-02 4.214423639288403245e-01
9.514779457935732125e+02 8.969096583385215808e+02 2.781287388629404694e-02 -2.160064060052660148e-02
2.368032273763241164e+02 6.731709710613363313e+02 -1.235394964256547740e-01 7.754328341107537270e-02
2.514683656014623523e+02 6.705556437705961343e+02 3.505087932336887428e-03 9.478861874086840986e-03
1.209831284577417819e+03 3.387225755008196870e+02 2.332008090274894641e-01 -2.020801026113612509e-01
2.747127299885201523e+02 6.137385194038427016e+02 5.269787062316184933e-03 1.878054232263962897e-01
2.913671400356013805e+02 1.005389736897345301e+03 8.805090942338596183e-02 4.919807735457850661e-01
1.206756695347631648e+03 3.532388194935880392e+02 1.838448685670039384e-01 -1.692397056577649439e-01
1.041286541820743423e+03 2.172664791686054855e+02 2.029589071856991323e-03 -6.333814845547040481e-03
3.135457910332108895e+02 9.913186566068822003e+02 1.047618129694563999e-01 4.392643172392072803e-01
3.219103153789885710e+02 5.166194810294339277e+02 -6.454896969578745314e-03 -6.712273159557821320e-03
1.298970318554172763e+03 3.032830431221161689e+02 -8.293493867786130153e-03 4.788136457082123147e-03
1.071922028385301019e+03 2.231657687409320374e+02 2.450416215972359493e-02 -2.948051089340103514e-02
3.166771068256554145e+02 9.041236924223683218e+02 1.721437909514858255e-01 4.751031661341600931e-01
1.046492084437200219e+03 2.018633693725936951e+02 2.524689611049559315e-02 -4.655770348521082874e-02
2.569520967810910292e+02 6.729119309596263747e+02 -8.123280554666125614e-03 -8.156757567821661808e-03
2.677859846875771268e+02 3.794209172099582474e+02 7.908856741993033901e-02 2.223649179555191036e-01
1.014920228234081378e+03 8.535009705969899869e+02 3.115074380502846907e-03 1.872466131011029972e-04
1.403897349165108608e+02 3.920431416917073761e+02 1.414374235544793926e-02 -5.508939198337808006e-03
9.388311979229492863e+02 9.016591693186738894e+02 3.163325863252650083e-02 1.382658097564798188e-03
1.175077017763200502e+03 2.115142047838967301e+02 2.499030269829817519e-02 -4.780744014277503451e-02
1.580715670315715329e+02 4.966217055186803009e+02 -2.252399309799378302e-01 -4.961614296053546425e-01
1.045340997556626917e+03 1.611089130125299391e+02 -3.824233243453773433e-03 -3.595892581227705560e-03
2.454860472910864360e+02 6.032359941148567941e+02 -8.782240387687897942e-02 3.413100845424198448e-01
1.299308855628947413e+03 3.144498767175702483e+02 -4.971741702020873732e-03 7.637418259648846679e-03
2.575487929486407666e+02 3.827553948061606661e+02 6.603819315518698330e-02 2.497085172637547312e-01
7.078350869614703242e+02 4.259193529247463061e+02 -7.356800537923385841e-02 3.185658787796825236e-02
9.182264547836496149e+02 1.102606810037064861e+03 -3.083672591104247773e-04 -6.794473416124278140e-04
1.190225573896968626e+03 2.288971755049493311e+02 1.990111794598441002e-03 6.666276233208029769e-03
1.245621278351587080e+03 3.570388381957077968e+02 3.358912169606261267e-01 -1.648563517226987185e-01
1.146535894178909984e+03 3.391080035914412178e+02 -1.689594009186014822e-01 -1.406045767313051642e-01
3.770143981086768008e+02 1.051089373469336124e+03 1.466822533741074797e-01 3.995337223820856209e-01
2.280722416999215341e+02 5.979350988813625918e+02 1.294931430134202699e-01 -3.861222353080241976e-01
1.174683465907124855e+03 1.908549852592080640e+02 -7.829328651255445387e-03 2.488951679082374024e-02
1.287846736494349898e+03 2.964579830253124442e+02 -2.081525628332516614e-02 -3.410902143323626956e-02
1.028377930434569407e+03 2.458464224230154969e+02 -2.303312888412025611e-02 -7.931129245400599451e-03
1.062879647755753240e+03 3.010005466887160424e+02 -9.648540511304895539e-02 -3.041324350434104207e-01
2.600539873726429505e+02 4.766683696044551652e+02 1.070338919511738297e-02 -2.485834657243197188e-01
3.661559579809969591e+02 1.014317902180026977e+03 8.123980646954769014e-02 4.347322798369449015e-01
5.177878080845106297e+02 4.656806257260872712e+02 -2.425942253366748964e-03 4.860813061235725110e-03
2.629547566744334404e+02 5.282929721962453868e+02 2.542046105124189936e-01 -3.841149621768730760e-01
2.511721368282992159e+02 6.029663495287221622e+02 -1.002191339328029340e-01 3.289283195624085332e-01
1.147833423162231156e+03 2.195206807051825137e+02 -7.050474990392734120e-02 7.040623387741046235e-02
1.208699308865552666e+03 5.583008440595823458e+02 2.500053176577352043e-01 4.699995428250121621e-01
4.405332587264273911e+02 1.089968867218020932e+03 1.517756324444284903e-03 -5.320584992653107012e-03
2.644094539501564896e+02 5.109362636894663297e+02 1.775103964604841933e-01 -1.937599268315443879e-01
5.251134891570507079e+02 4.679788353211951630e+02 3.995474435488392817e-02 -5.689244949436025878e-03
2.678861707876149580e+02 6.795810991380207042e+02 -7.325538316086357971e-03 8.273626691472807035e-03
7.443522307744614182e+02 3.944586328780829945e+02 5.149802744232048583e-03 3.729624007073000132e-03
1.169922569804821933e+03 3.423594884394676683e+02 3.969421207052709066e-01 2.026909344998585605e-01
1.451160166518964729e+02 4.969211259951259763e+02 -2.785679392419949107e-01 -4.499783635162465933e-01
3.924721282044774853e+02 1.042309269901009657e+03 2.567054838375193992e-01 4.092675322992728182e-01
1.114589953806495032e+03 1.697757928417614153e+02 4.315917568934390935e-02 5.068997730189991890e-02
8.251865185725763467e+02 8.893660070762247187e+02 -4.538067864890265590e-01 2.153136097884379430e-01
5.149124955517855824e+02 4.817223848549834315e+02 -1.314100923900471049e-02 1.362196677943322554e-02
3.290159121271366303e+02 9.318326484058192136e+02 1.309535121105767919e-01 5.372263491529569723e-01
2.386813014321334663e+02 6.235322722759663066e+02 -8.951739174621801964e-02 2.327295517868684938e-01
3.267541911663268479e+02 5.521215016188473328e+02 -2.675396361655770026e-03 -1.578944181142443240e-02
3.375931623716880381e+02 1.098581704148575909e+03 4.503315545041527285e-02 3.766349802984601536e-01
2.695995986859697382e+02 6.911421111114475480e+02 -1.515996499917642536e-02 2.668751672272850258e-03
2.139226071251904955e+02 7.118496127079280313e+02 -8.228316449933539486e-03 -8.916545795327152719e-05
2.609124601165047466e+02 5.390658617898753846e+02 3.184634869819935599e-01 -3.401937875767100383e-01
2.259083854250299623e+02 7.430195149704957203e+02 -2.440627122484896692e-03 -1.394761221736009332e-03
1.223308348961724505e+03 3.972864786248696873e+02 -5.366719165337626883e-04 -1.337099964201674028e-03
2.623532284757908428e+02 3.416631957889201772e+02 3.558509106085577106e-02 1.749607282890398852e-01
1.129371534777027819e+03 3.028283522153158174e+02 3.010191785126315467e-01 2.323199454324051949e-01
5.161758058375528435e+02 5.011928638569036139e+02 -1.304524338010678262e-02 -4.605635980740294165e-04
2.318293578605440359e+02 7.370332865890831044e+02 1.696801822125740961e-02 1.005876474596672197e-02
4.023125348850735463e+02 1.063948205762306543e+03 1.630618911722915010e-01 3.642746510960464534e-01
2.395158513001752283e+02 3.547202589868493874e+02 -5.975581595822885422e-02 -2.867678690089957572e-01
3.427430222213593538e+02 1.037552431665049198e+03 1.250223462176645872e-01 5.385072433435768025e-01
3.082079352762427789e+02 6.454586991794942605e+02 -3.875753222191273550e-02 2.775086765812505643e-02
1.014443703796530940e+03 2.372960723798362039e+02 8.118328069089653445e-03 3.049479801140561608e-02
1.206202446706113960e+03 3.829905311223640751e+02 5.514699424055483079e-02 1.478292277178599456e-01
2.256025763197461345e+02 7.495355392537049966e+02 6.713691526716830671e-03 -9.033094721386608628e-03
4.678584186507319487e+02 4.565642554226479319e+02 2.349472770892571151e-03 5.588209244740145049e-03
3.866154967277005312e+02 1.044381772476855303e+03 2.503656171110066886e-01 3.979034850484932662e-01
1.077092801359015539e+03 2.005601072139120618e+02 6.662657185685956843e-03 3.466422763404742452e-02
2.706302611939332792e+02 9.305098329702160527e+02 1.205928005886405946e-01 4.116827449899455038e-01
1.034643116953371191e+03 1.696130173608471523e+02 5.102940303567094459e-03 -4.918532493915215437e-02
1.263604864928624465e+03 3.395807427815224173e+02 4.992077447020754621e-01 5.502990066386617696e-02
1.195186870025730514e+03 3.831545175818296229e+02 2.562317790422396352e-02 1.946759990879655400e-01
2.557141544160776334e+02 3.508029206557691282e+02 5.812810883897565062e-02 1.624072596133308566e-01
2.819119602840378889e+02 9.169689167768041216e+02 1.686760742981393835e-01 4.027272169899486776e-01
4.635025868841706824e+02 3.925824377378880854e+02 1.710214743337307283e-04 9.261753010301474257e-04
1.772190302587473241e+02 5.325297960121771439e+02 -2.786237564555623658e-01 -4.410404194935383382e-01
1.093240330970483001e+03 2.618013654149599461e+02 1.345721491819394933e-01 3.903810819050342329e-01
3.090662381108519412e+02 1.018828070648066387e+03 -4.288970853834296604e-02 4.808585805596267693e-01
1.004694557147750061e+03 2.093275967720809376e+02 -2.475867180925487784e-02 -4.075645047585382819e-02
9.202691789031157441e+02 8.904406436068592257e+02 -1.536205439565784849e-02 4.746248065853566310e-03
1.074986529622833132e+03 3.510501228021992688e+02 -1.570130689562916904e-01 -2.621889269572563741e-01
2.569276963525699671e+02 5.349775444520890915e+02 2.841072799185910269e-01 -3.003885536853411198e-01
2.460416729077160198e+02 6.230573510682929737e+02 -8.447189236405740209e-02 2.615887714941587672e-01
3.392439739405965611e+02 9.528994540579603836e+02 1.993441730885231467e-01 5.268435777335737091e-01
3.137917941552655066e+02 9.657197014080427380e+02 1.895513183953824454e-01 4.921798676443329690e-01
9.591752333853943924e+01 3.641220698980785642e+02 -2.792209986424435981e-03 8.766673397929025668e-03
2.209550639638806615e+02 5.384829250286942397e+02 2.216791855303230641e-01 1.322126943366065954e-01
2.210404806528911195e+02 5.431892187309533711e+02 2.784403777038496619e-01 1.125147651924615078e-01
3.571257045336674878e+02 9.903590615365701524e+02 2.091312556909032949e-01 4.966853409648277484e-01
3.380687883187785019e+02 9.838597560316599129e+02 1.878989628736879303e-01 4.183507001723469343e-01
2.802344180736592989e+02 5.873780411556335821e+02 3.523747643622032744e-02 4.450817562865875820e-01
2.204850826647154634e+02 7.136966644669628295e+02 -6.278043123603088346e-03 -3.774570683425159875e-03
1.047063999572550074e+03 2.399739103864385186e+02 2.538520376874758844e-01 2.235673790912904024e-01
1.046173534055953724e+03 1.938997468060059646e+02 -1.728879725815339607e-02 2.707942674888380585e-01
1.114447870707535003e+03 2.398147484095115090e+02 1.322803117688798290e-02 2.406271975634649909e-02
3.117013665437665395e+02 1.005362221856090741e+03 7.139260597121432905e-02 4.233392384765686800e-01
2.729771729651468490e+02 4.547247466942232563e+02 9.903662114759986812e-02 3.211387736612773547e-01
2.612907387728614026e+02 6.632188017744745139e+02 -3.022686782450046891e-02 3.616277291372387015e-02
1.697016247833126954e+02 5.400729563965106763e+02 -2.807043313136514118e-01 -3.810141556199718171e-01
2.626744736017170680e+02 6.917165251395168752e+02 -1.240753937019525681e-02 6.656005137069814261e-03
2.687003369013234533e+02 8.757101751525012787e+02 1.187060702435654147e-01 3.372789260600759231e-01
2.555691675386800625e+02 4.957626288849791081e+02 1.026080719339456668e-03 -6.921849520592381587e-03
5.486422581909014298e+02 4.830834320668634518e+02 1.057028179941583556e-03 -2.251628715787837298e-03
4.338980148779119759e+02 1.091863659662871214e+03 -6.151269656970275931e-03 -1.439216224255660849e-02
1.515658159943976671e+02 4.548820588435661421e+02 2.029899952814298320e-03 3.424600289141979757e-03
2.385210069475653540e+02 5.601533001316851141e+02 2.411000929178027385e-01 -4.346846679931093416e-01
2.752549997072089809e+02 4.245928876486105423e+02 5.783711810798280312e-02 2.994317464588057698e-01
2.606365050567337676e+02 7.351110622584790235e+02 3.896223979507898384e-04 -2.762784364203035251e-03
2.916805280036020918e+02 5.401804340598456520e+02 1.250693147227591520e-02 4.279984507652195846e-01
1.277242261749326417e+03 2.692803197648197511e+02 -1.126951769654597479e-01 1.729013515260266753e-01
2.680627857619758174e+02 5.641125484607837279e+02 -7.069066234227348866e-02 4.303038481015749595e-01
8.098224286342904179e+02 4.024102652814528938e+02 7.571933410731887179e-03 -8.295341057162496437e-03
2.912227466005576844e+02 9.469218254826450902e+02 1.288452273984778962e-01 4.561926577794133686e-01
2.403526171592047262e+02 7.233442734987442009e+02 4.490013802189529377e-03 1.004371963626953836e-02
2.743596937780122289e+02 9.148769203262203291e+02 1.792176405843226294e-01 4.457281657728570101e-01
1.136512979191697013e+03 2.440128409434027219e+02 -8.174669036467850300e-03 2.935335232823907056e-02
2.493355735677470477e+02 3.360524015781053890e+02 4.305990365419364724e-02 1.972793980428209082e-01
1.115233624534126648e+03 3.369492432689611974e+02 1.763597828217861735e-02 -1.695843019789176898e-01
1.000837697346086770e+03 2.215064332991017864e+02 -9.957398093051059162e-03 1.435588489369059861e-01
1.247241631747011752e+03 2.867481104587234313e+02 -2.077145175744950570e-02 7.958036581104038776e-02
3.462386208017270519e+02 1.062763300751543284e+03 2.312695530442323011e-01 3.537879660208599897e-01
2.326566711225943322e+02 5.573696341095528624e+02 2.480927099715234674e-01 -4.368921325103318765e-01
1.017325635402077978e+03 2.629775514067572999e+02 -1.412768777152333599e-03 -1.554788314020396148e-03
1.227654731437005012e+03 2.511413941945033912e+02 -2.546775856029907456e-02 3.007800769173998856e-02
3.049894398488673346e+02 9.927692637407537859e+02 1.095026638900037097e-01 4.669697002772564276e-01
5.514238449501693822e+02 5.003843329512932314e+02 1.805996365667194474e-03 -2.452828705673205847e-03
2.970951361118439422e+02 1.003602905152931726e+03 7.954830695794865014e-02 4.797466778829136969e-01
2.423593920142092202e+02 6.812363797929634757e+02 -2.747673145211109932e-02 2.620889147977205694e-02
2.415565448577874861e+02 6.992200453401833329e+02 -9.661221329107863576e-03 5.390828491219692986e-02
2.793597301496843102e+02 5.210469524695913606e+02 1.323348909181281709e-02 3.850162130424900075e-01
1.038057520880284983e+03 1.995481286760449109e+02 -2.876554351101136796e-03 1.179410504686172895e-02
2.836062560225448692e+02 5.214755265238724178e+02 -7.859910301852656919e-03 3.817445358204888395e-01
1.218873503911419903e+03 5.046555136480191663e+02 2.309673339654101099e-01 3.841410142724320798e-01
2.748383918942613491e+02 6.952395449136639627e+02 -6.908475121196990670e-03 -1.828896581848834298e-03
1.171476969414431096e+03 1.841124406802155704e+02 1.443398319139701548e-02 -3.706354656902214467e-02
1.077028149064879017e+03 2.084671928753612633e+02 2.355922097685249003e-02 -8.768321627677337637e-02
1.113345978512653346e+03 3.699191733585226984e+02 -1.530638795370915795e-01 -3.611734318163392632e-01
2.509272437824783992e+02 5.850918795135127084e+02 -1.727755118147775992e-01 2.911471339949628923e-01
1.151207418393549005e+03 3.625487168363282535e+02 3.224980980426513100e-02 -5.298143648143378154e-02
2.855375154172842258e+02 9.322034285985429278e+02 1.372402255768888357e-01 4.467745863185479394e-01
2.405062723061498957e+02 5.134635131019840628e+02 3.937591923938123933e-02 -4.039578730352993974e-02
2.355463833625640007e+02 5.742074828440527199e+02 3.453583523160503876e-01 -4.471434708159438554e-01
2.313872390934780867e+02 3.290794301381468472e+02 -8.664782603800108562e-02 -2.897986672161346200e-01
2.849273274045422113e+02 5.111341753169625690e+02 -4.322584287430601864e-03 4.025753216946577617e-01
1.228292586985602384e+03 5.092782038427347970e+02 2.484301760921560909e-01 4.000600304617242808e-01
2.341853663342042751e+02 6.566497543881498586e+02 2.045247848128689538e-01 -2.848410036044191074e-01
3.405157231504816195e+02 8.692490238093480457e+02 -4.379960334532023714e-01 -1.165611532015198959e+00
1.080316874695681690e+03 1.565161398514121061e+02 -1.532986104782571753e-02 4.680155689053908628e-03
1.205694850952914067e+03 2.030001947530105326e+02 4.563052623777844215e-03 -2.909904998695015624e-03
2.663951328343795240e+02 4.217476004454811687e+02 5.565741365521795908e-02 3.723139943458208534e-01
1.214853502340041132e+03 2.766863088878250210e+02 6.997303530016945770e-04 -5.369421640956702733e-03
1.116650505795159006e+03 1.977522903851667593e+02 1.571030582525792807e-01 -1.228927299165549630e-01
1.156177459086989529e+03 1.920128746270661111e+02 1.286494413559444334e-02 -1.854604962947170241e-02
1.227315979745007326e+03 3.495257055297861370e+02 4.522839877838262801e-01 1.399129396941821146e-01
9.931333764685782626e+02 2.245138903231415668e+02 -3.233091112393608052e-02 2.696308337968282287e-01
1.119135335105181639e+03 1.742247272094073196e+02 9.700258524248109998e-03 -1.137269389709367334e-02
2.740649865913561030e+02 4.940214480972227875e+02 5.414424424393158436e-02 3.598176122905134555e-01
1.027172489162509237e+03 2.686611840927930075e+02 7.314280386913421701e-03 4.386600224023314010e-02
1.178981582889868378e+03 2.242173142858493122e+02 2.338760462551966318e-02 4.535262745420512442e-02
2.468812954193975600e+02 5.273048820801334386e+02 2.424168769893315645e-01 -1.285803708135821732e-01
2.495858971609181935e+02 6.429345321264393078e+02 6.685419820682357746e-03 1.343156398517494632e-01
2.389705543870894928e+02 3.252752755012974717e+02 5.869143518323018810e-02 1.693551524327813751e-01
1.167305321751213114e+03 3.537949923934404524e+02 -8.628550663758849382e-02 -3.203212759384074237e-01
1.963494237154834252e+02 5.350430952749662765e+02 1.520228010089031412e-01 3.677870497291969021e-01
1.164642178602762215e+03 1.880510140920710853e+02 7.179297235455637041e-03 5.984800084521262574e-03
1.263131887322787634e+03 3.919119294219466383e+02 3.199413453497225793e-04 -5.564791131471811224e-03
1.027529710173246258e+03 1.725307926447156035e+02 -1.336694669317910374e-02 1.743942144646288411e-02
1.222612372511038757e+03 2.611376607978190236e+02 -6.445948136140689823e-03 2.112022214776185236e-02
2.271754504914515849e+02 6.566135022329552839e+02 1.767604825876510910e-01 -3.486552644413026814e-01
8.817309138127307051e+02 1.100478741183783541e+03 9.274134519293763873e-04 -6.742724558940194329e-04
6.042494940345568466e+02 3.987979200634538302e+02 2.130105402310583044e-03 1.038008127647126362e-02
1.206963987158237387e+03 4.879722587172839212e+02 1.791523934295069509e-01 4.352514297856874270e-01
2.474439858500787750e+02 3.484209592787155430e+02 1.740875758886547761e-02 1.446721513885128041e-01
2.287202977073096690e+02 3.126601228148058453e+02 -4.984543406493289336e-02 -2.211094514878110817e-01
2.437948322206773923e+02 7.177308678052278310e+02 -2.099457840198409484e-04 -1.214068794390393835e-02
3.379417610393438167e+02 9.348559421959782867e+02 1.315886795120851382e-01 5.374353751456281136e-01
2.818459204198178440e+02 4.764797509100636717e+02 7.269122457356300138e-02 3.941158433168578390e-01
1.254161196722365503e+03 4.700436735998954418e+02 2.180163399990927287e-01 3.877597523176080641e-01
8.650898352188446552e+02 1.102252099740212543e+03 1.055528124661487752e-03 -3.142395538780325343e-04
1.116847195496239692e+03 1.920599683639687498e+02 2.551297574822284919e-01 -7.669617472314028961e-02
1.031850867023247929e+03 2.492479378596910351e+02 -1.060972342758921688e-01 -2.928964498781711501e-01
4.833381634133014018e+02 4.495736230486465956e+02 -1.823432627206796053e-02 2.612898609496788066e-02
1.236333489554035168e+03 1.314441855669545873e+02 -2.252346020542414680e-03 -3.389446453044150237e-02
1.162286907324126787e+03 3.722895794831997023e+02 -1.586734425893047279e-02 9.175450072577837762e-03
2.434257962917920111e+02 5.378207979331972410e+02 3.218821461213254298e-01 -4.330419521243535075e-02
1.086349398845418364e+03 2.652121485071712641e+02 3.896726471199788433e-01 3.320163475430117361e-01
1.149371655572829468e+03 2.077851081281403935e+02 3.199793395459765710e-02 2.106305062350027901e-02
1.266087130664955794e+03 2.037240931695422717e+02 -6.111384774126550927e-04 1.936989425037818598e-03
3.840203230003637600e+02 1.066922258544851275e+03 1.214905287139660256e-01 4.171858187480891322e-01
3.095641800353392341e+02 6.182081492515593482e+02 -5.614963759257696370e-03 1.393326065562006848e-03
1.185470783311963260e+03 5.402729146177238135e+02 2.351779743112184518e-01 5.062548149424593857e-01
2.877364623247738677e+02 5.507337674410854333e+02 -4.332646280970786461e-03 4.378046010911251784e-01
2.123754333465182356e+02 7.550182791034969796e+02 5.169333510946666835e-03 5.121116195150894612e-02
1.093877186747671658e+03 1.839342716485898279e+02 1.181276060508367892e-01 -1.431639963272594678e-02
7.237246120420160196e+02 9.690178898258146774e+02 -1.176006150569606969e-03 8.223800299818700976e-03
2.535986077419381388e+02 3.964493343399177547e+02 5.442365722625296109e-02 2.678892034454892768e-01
2.638068707975289726e+02 8.927324582634355465e+02 1.328917710947441211e-01 3.598869652863100899e-01
2.613222366669838266e+02 3.561053135105981937e+02 4.444572548902951670e-02 2.124002585490698536e-01
2.471686456593646426e+02 3.215363854990457071e+02 7.656063141958452389e-02 1.851901677288320669e-01
2.468799949815657442e+02 3.522607628426312658e+02 5.418548137560329908e-02 2.210414780399213575e-01
1.993043675544215887e+02 5.463271057131208863e+02 2.252225302729269352e-01 3.636181302294650974e-01
2.546443712796861973e+02 8.872170670678674469e+02 1.092760799877535438e-01 3.512206598715483796e-01
2.514258031869540844e+02 3.190345551418346304e+02 6.034048936402708341e-02 1.972061176656005610e-01
5.149736653262330037e+02 4.908311832800423531e+02 -2.027840276484609364e-02 4.038724164978261893e-04
9.450471360681320903e+02 8.942660789020829952e+02 -1.204434900839849824e-02 2.549810520689347812e-02
1.644645354472715439e+02 5.243394531107126113e+02 -2.456745037104084428e-01 -3.021485933135474311e-01
2.123163076680200732e+02 6.126734774567008799e+02 2.373005474932998460e-01 -5.183588255354456553e-01
1.080081662671372442e+03 5.963351702351410495e+02 1.239282677174842418e+00 2.910508517630109093e+00
1.019835484498034248e+03 2.130825356633521324e+02 2.144248781047891350e-01 3.105022363713462186e-01
2.090364595171640758e+02 5.918221103121703663e+02 1.396377842957242099e-01 -4.901901581288392040e-01
1.014459049861600420e+03 2.530190535302998569e+02 5.797766038541556435e-03 -1.692824166067035535e-02
1.254756601295671771e+03 2.907294207403868995e+02 9.991781221391972390e-02 -3.120454153494311642e-02
2.377068459444941766e+02 3.133957965046441245e+02 5.264223960241513900e-02 1.360591316991276722e-01
1.077498406955111250e+03 5.893638375801473330e+02 1.225578627498738360e+00 2.910738087472334534e+00
2.448433668491692572e+02 7.617226440612014358e+02 3.318787459667281795e-03 -3.926448691212463052e-03
1.009532694832720153e+03 2.309222498124946696e+02 3.794267786136038250e-03 1.411347342565036078e-01
2.596966338657543929e+02 4.127429629545779335e+02 7.736790637753807043e-02 3.305948335610043309e-01
1.252139854392674124e+03 3.208030488557621993e+02 -3.675025028800212729e-02 2.392867419784398264e-01
4.237140599944224277e+02 1.088497286861116663e+03 3.155528128245913555e-01 3.758239505286185000e-01
1.120790943244592654e+03 1.857345871172718716e+02 2.103626071890076638e-02 -1.427093386635393832e-04
1.203723903277602858e+03 2.161991646741786042e+02 -9.434144651793145708e-03 2.099926741704248589e-02
2.561194849390016657e+02 3.076677239236873902e+02 6.818183234847421947e-02 1.395836049733000239e-01
1.143403208751979264e+03 3.644655593831247984e+02 9.895067220742643360e-04 -2.995324105775621065e-03
5.609282147949743376e+02 4.936818467304558453e+02 -1.825458087165262103e-02 -3.480559154218774293e-02
1.170447625582839692e+03 1.739390892155692541e+02 6.679153633490611704e-03 4.358609676433609047e-03
1.161270211530840697e+03 2.086279050618012718e+02 -4.992915066260354695e-02 1.139827901930745430e-01
1.179714620800696594e+03 5.109858893806638207e+02 1.959539022599132707e-01 4.822523599073166300e-01
1.080071753652232019e+03 2.813056108453590696e+02 1.555964408775374619e-01 1.400898795812749731e-01
1.098045955976336472e+03 3.290396789139986140e+02 -1.648692447525686722e-01 -9.820145800066225339e-02
1.213477235126374353e+03 5.322795313377979483e+02 2.487766285486270601e-01 4.507874113354225498e-01
2.623290945414335624e+02 5.023985130071632170e+02 1.051126929849047348e-01 -2.089430332072473306e-01
1.171943480432407114e+03 2.536070677717169985e+02 1.657565317235830545e-05 1.182734828513688774e-02
1.024841836423454879e+03 1.613099287363735357e+02 -5.388453214177703864e-03 1.244972353400343457e-02
1.271090378737306537e+03 2.895470919321042516e+02 -3.601897779409263950e-02 3.866741736347572254e-03
2.625845585533274402e+02 6.491833162043520815e+02 -8.301062703636469253e-02 1.552273137366478040e-01
3.071621262714351133e+02 4.894373378251337385e+02 1.537370778218418721e-01 3.612304835766959599e-01
1.144455045403960412e+03 1.820880779417611279e+02 -1.186262849764356357e-02 1.767922774096115923e-02
3.459036164603123780e+02 1.040423220524304497e+03 1.146781015870421416e-01 5.391249990403685910e-01
1.244630368490335286e+03 4.776689508315628245e+02 2.187117408602874402e-01 4.058766244837496151e-01
8.631965464863887405e+01 3.132467154040128321e+02 -9.736127096279388778e-04 -2.961884881445635796e-03
5.299799766057532224e+02 4.281168775594942417e+02 -2.177727766068434170e-02 4.341892416004391499e-03
1.158344436285811071e+03 3.682086071686390483e+02 -1.503675012540412262e-02 2.387989006566309212e-03
4.098228243589410340e+02 1.078632993229835847e+03 3.799827793649194763e-01 3.823812594073095483e-01
1.147834823853236088e+02 3.991370261123886962e+02 2.086827787103401055e-01 2.352148577154001829e-01
2.043060937367002907e+02 6.024656294833588390e+02 1.919826674448354420e-01 -4.661735253396745993e-01
2.684081673413605245e+02 3.938779440755611745e+02 7.626751369425147087e-02 2.742932633847243173e-01
1.025320022283061007e+03 2.150874454744328546e+02 2.381515260364175102e-01 3.252852909261101932e-01
1.025444757419621965e+03 2.603658228633598242e+02 2.498022358573093443e-03 -9.155240619405742228e-03
3.460661666780156338e+02 1.011676454157653779e+03 9.192363255276643497e-02 5.607238374139743575e-01
1.126148155705247973e+03 1.932895195622297138e+02 -1.144008494228467357e-02 1.396904560754233179e-02
1.192283617995275335e+03 5.326135223301258748e+02 2.500500732293322592e-01 4.964558147249288900e-01
1.265126248569980589e+03 2.609078067520489412e+02 -1.882281527025610190e-02 3.362245529399275536e-04
6.553277901612456162e+02 1.084864652550037590e+03 1.496533487068738878e-02 -2.146698112605828143e-02
1.220513872552426619e+03 4.919638097049690941e+02 2.521154589501473087e-01 3.829136839721480889e-01
2.976082543310277515e+02 4.285196556899294933e+02 -3.039651357330332734e-04 4.236951920667238712e-03
5.615748284986368617e+02 3.943620146742160841e+02 1.156787168287841741e-02 3.478994355328939025e-02
1.011235171940629698e+03 1.740618576112945846e+02 3.711256738890734291e-02 -2.731016704275716564e-02
1.148695149930746538e+03 2.713906308594822576e+02 -3.215825031351086105e-01 -6.262658985014801782e-02
2.502981610613015278e+02 7.144693887350805426e+02 -1.088044986280752371e-02 7.020978213627176480e-03
2.094909787586748280e+02 7.259849786886944685e+02 -2.169675843477404057e-03 9.505637458174209450e-03
1.261252411076156250e+03 2.008206010146530218e+02 -2.118863203939795083e-03 1.449461627654534011e-03
1.278338844413698098e+03 3.470451603334597621e+02 6.385976439026460616e-01 3.751251598309818941e-02
2.938631420111913712e+02 9.783830021130145269e+02 1.234550067752857860e-01 4.346829561820519383e-01
1.235784484388614374e+03 4.812916138294703501e+02 1.924430230651613671e-01 5.073853704216252369e-01
1.220735578496785365e+03 5.296367766107781563e+02 2.357814198862775157e-01 4.418941234631383330e-01
2.507337851537384950e+02 3.659823139118173003e+02 5.409933668605977630e-02 2.108140796045908649e-01
1.131265847952014838e+03 2.098234559053171608e+02 -7.170940575495496350e-02 3.073607017951825865e-02
1.088020641876877562e+03 3.325585176890578509e+02 -3.108645602973374947e-03 -6.794452057166867898e-03
2.169039442807470266e+02 7.675216056754866258e+02 -6.700949088336092228e-03 -6.170795840672092109e-02
1.031593129478712626e+03 2.053464158272559246e+02 -7.263889722073126921e-03 5.998735793789792409e-02
1.172934681387615456e+03 2.282067366937952784e+02 -4.162393137160659909e-03 2.226076175116620953e-02
1.202761867344820530e+03 3.031018665720679337e+02 -3.029734607749416386e-01 -2.575834605195054805e-01
5.450714668408728585e+02 4.893470391866532623e+02 -3.276857290738759143e-02 -2.246558413418930575e-02
1.139143123207565850e+03 2.018950298237595575e+02 -6.974649196491095049e-02 3.680401118411722600e-02
1.141752792148238086e+03 2.425455326829689966e+02 3.220177972090850632e-02 -3.154940148690395241e-02
1.193617875703371510e+03 1.849538649902645204e+02 -3.206449008559664800e-03 -4.478977000245842714e-03
2.373497299229517523e+02 7.624796790899323469e+02 1.074698946101193542e-02 8.551442196033636617e-03
1.187819721771408240e+03 2.559886515651412822e+02 -2.261743676775598844e-02 1.694543597533294463e-02
1.110401183065471059e+03 1.625664321512745403e+02 2.410869014055840379e-02 1.485597387013693205e-01
1.204392580843588576e+03 4.876851577125835888e+02 1.711532467334245800e-01 4.263357334792692854e-01
1.109115157785483007e+03 2.338879705952309678e+02 -1.638725789887004666e-02 -5.144193772257828201e-02
1.182112353087459041e+03 2.103877044361036042e+02 -1.116622361996865050e-02 -9.343567979655341763e-03
1.171574030293255419e+03 3.016433216078725081e+02 4.196875535825947967e-01 2.596528267820982783e-01
3.551544232285108933e+02 1.063025053109326109e+03 2.020487491138567293e-01 3.645838785658279679e-01
1.197513645810880234e+03 5.658696884572112822e+02 2.407255139547890554e-01 4.180435300881477634e-01
2.871464936577036724e+02 8.461339629171047818e+02 5.612013218084045407e-01 1.886814797641603314e-01
9.293450812336701574e+02 8.982653887207229673e+02 -1.669288897341247163e-02 -1.227265717261616373e-03
2.434161942925172468e+02 3.071808342848066786e+02 7.982234218731985853e-02 1.897784745726083799e-01
1.073492648320496301e+03 1.775664047120390023e+02 1.440675348786460246e-02 2.605221892948590690e-02
1.173193232947257002e+03 2.160545403061827869e+02 2.713205399643502103e-02 2.816423343971445961e-02
4.206245932994688701e+02 1.098362564372882161e+03 6.909801378199478816e-03 -2.052902572499597234e-02
2.352207844745705358e+02 3.153012684142421449e+02 5.121801216917770683e-02 2.381609139873519521e-01
2.741323764067044522e+02 5.015749913489631808e+02 6.091130537144806567e-02 3.832514593985081319e-01
5.068014692700756427e+02 4.533284380346464673e+02 2.261724776561975427e-03 -9.677755330329773642e-03
1.183770561400476936e+03 3.481743589525192419e+02 7.790110072316096257e-02 -2.678857925949993390e-01
2.805753184118108834e+02 6.596505750823831704e+02 5.128335499054483861e-03 4.889568482406297933e-02
1.052223574701553844e+03 2.503329413483324402e+02 9.870135385770278935e-03 -9.463449838148740162e-03
1.150450870734171986e+03 3.042896237012113829e+02 3.327456003360869663e-01 2.228568943517940659e-01
2.558120852236755809e+02 3.143746585413313142e+02 4.948644232403210524e-02 2.573487930124810918e-01
1.105897103658842298e+02 4.135691562395593337e+02 1.887028480259246299e-01 2.779412677676081356e-01
1.085285621106631424e+03 1.600192758294898852e+02 2.974248045465670287e-02 -3.547461137907765194e-04
1.257910686156632892e+03 2.999863887871238148e+02 2.048159317984693181e-03 3.565927713262921628e-02
1.224349369913049486e+03 5.182893648595052127e+02 2.063499584325773628e-01 4.455518933054866682e-01
9.051360935581412832e+02 8.405967951095638000e+02 3.644637083982357577e-03 -4.069229858954899991e-03
1.110263025280830334e+03 3.091644348780023961e+02 -3.556458447642398824e-01 1.018690785773044595e-02
1.076380240945417654e+03 2.627097470815977545e+02 2.823747377223573829e-01 3.024711788785144351e-01
1.125576182571520121e+03 2.949502485801333478e+02 2.959739009608451932e-01 3.308460871757779587e-01
1.174262698746089882e+03 2.337782837542033576e+02 3.569268991784452227e-02 9.335125364900982367e-03
1.004098065865312492e+03 1.913970064235876123e+02 6.834104685613190400e-02 2.908440001338807868e-01
1.115943669961013029e+03 2.113130538015260242e+02 -9.837072978261323167e-03 -3.959986176164420266e-03
1.116471809285685822e+03 2.299434326704625846e+02 4.035625078946555866e-02 5.810341436958444544e-02
1.127704353594256645e+03 3.225399921373260099e+02 2.018828168318551053e-01 1.884420630779526096e-01
1.179257552046295132e+03 3.240913018901608780e+02 4.127413126875634219e-01 1.517644001704057111e-01
3.138646481074914050e+02 9.449532813102561022e+02 1.510068917086708484e-01 4.995897460513213373e-01
2.966896728798992058e+02 1.023261253063101208e+03 8.996518177682379103e-02 5.270141694859509229e-01
8.216345747781574005e+01 3.438317765910331332e+02 -3.775462707961012299e-02 -8.920011415782184983e-02
4.846093330872002980e+02 4.451300958695040322e+02 -5.483763151527146738e-03 -1.504977316277098659e-02
1.094416690795149407e+03 1.717564261439861752e+02 3.292011620637173147e-02 2.569651066199048484e-01
7.862881832123317736e+02 9.559077609601646373e+02 -2.866137607032030743e-02 -2.118698546956785528e-02
1.150586982976614763e+03 1.417039585511613211e+02 8.108325110040560946e-02 -9.450124594023856517e-02
1.147926239280958271e+03 2.639517553596892299e+02 3.964772282919709449e-03 5.156864827597473777e-03
7.183906371075429433e+02 4.299686095338414020e+02 3.405688443289885126e-02 6.426257446884511837e-02
2.472346807196432792e+02 3.064230844326397687e+02 4.184966010175609347e-02 1.866123960494244227e-01
2.793810231386087253e+02 4.068959501785191151e+02 9.815666081496031425e-02 3.991261421068194037e-01
2.470866721737049261e+02 6.152973195918756346e+02 -1.142391107534610206e-01 3.180578380561902563e-01
2.062435385855739014e+02 7.222194926720408148e+02 -1.146352299127608755e-02 -1.316931825260921236e-02
1.162359996284610361e+03 2.302676467211492763e+02 -3.845522085381958277e-02 -4.531979127801122548e-04
1.020192511877749098e+03 8.062304880788570927e+02 8.987586338892582932e-03 3.572025773252107900e-04
6.524315228322486746e+02 1.080483364157756796e+03 -5.141344107556733434e-03 1.285828525952297310e-02
6.164841665360070238e+02 4.180602900657339660e+02 4.973572537891172290e-02 -3.057236480960283664e-01
1.045575791392358724e+03 2.260313242929201749e+02 -1.233579210858620117e-03 2.760404770842301604e-03
1.146241280075844088e+03 3.503905777870930933e+02 -1.628665773455337251e-01 -9.701952322682799723e-02
1.863532261333681106e+02 6.323001450238338066e+02 9.346588859491643253e-02 -2.746715423476072671e-01
1.062956017567489198e+03 1.843304234827897972e+02 -5.734331423038927303e-03 4.968969595235084476e-03
1.173833782676254941e+03 2.937893309347786044e+02 5.288860081598159013e-01 3.082757657544787921e-01
1.044023425959015185e+03 8.514052754475292204e+02 -5.550749190699900970e-03 -1.479142707385138096e-02
3.670423264500198570e+02 1.038219832553054403e+03 2.463178093953299896e-01 4.073260127677736930e-01
4.934134738680324404e+02 4.541938401656395285e+02 -3.814636689025974452e-04 -2.961547427920928864e-03
4.631972497881021127e+02 1.100304033595728242e+03 -3.309761495403715052e-03 3.703950936305773056e-03
1.163359956772203077e+03 2.570119540385283585e+02 3.669871523174139671e-02 8.067625973240724266e-03
1.076821996130514890e+03 2.793242723237355563e+02 -3.586799145225946089e-02 9.503645179827406586e-02
7.226766412463997824e+01 3.162818622498936065e+02 4.765649422641299836e-03 4.286874560048343401e-04
5.806644193839222226e+02 3.918899192385780452e+02 -6.054113801426763003e-02 -1.137226133368639952e-02
2.525662308677447356e+02 2.970841981758054544e+02 6.540579257267446767e-02 1.200364160972940547e-01
1.022018427247088653e+03 1.796008023406310485e+02 7.848936498349011470e-02 3.131515352017930076e-02
1.137217370575384621e+03 2.450407904708481226e+02 -2.634894633045275700e-02 -2.656006843526564909e-02
5.211301243765600475e+02 4.267910966211914570e+02 1.004193418345982261e-02 5.079905695528118270e-02
2.052967112240928600e+02 6.445847474411598341e+02 2.771045385605274136e-01 -5.139583700173522285e-01
3.668168719626581264e+02 1.025056471814436463e+03 2.076155381896293561e-01 4.192391457816815326e-01
3.081600013937993481e+02 4.600583928130697586e+02 4.359374445238611666e-03 9.691675983031390954e-03
5.950185339021359141e+02 4.829378571301910483e+02 2.492400081876697780e-03 1.055220098307689883e-02
2.838921509082003354e+02 6.816289551463419230e+02 2.839404440846122341e-02 6.671752480807340013e-02
3.188165618947783173e+02 5.674790179987277270e+02 2.492163009582720398e-03 2.456492063768936536e-03
1.027495862472876524e+03 8.625858415672780666e+02 8.655005692548222232e-03 2.107923277624953236e-03
2.533203238386093403e+02 5.173879131026311597e+02 1.650021939652700775e-01 -1.677696372883771825e-01
2.103052771786152562e+02 7.323502466673968456e+02 4.019674417022761626e-02 1.036119505549077703e-02
2.649992741672882062e+02 4.135233281286364218e+02 7.855018245638412111e-02 3.777115429763480137e-01
4.646540384048271335e+02 4.547991353298773447e+02 1.446544819405026772e-02 -2.910648392819403796e-02
5.057663860551662651e+02 4.927450881419905500e+02 -8.855864525298962064e-03 1.150817126725733885e-02
9.306414272750591863e+02 1.891339760405438994e+02 1.425541994570256321e-01 1.964073308245595229e-01
1.131837958300509626e+03 3.202236907383688731e+02 2.029599800959793754e-01 1.564825938664213822e-01
2.452381791039019845e+02 7.100420923840019896e+02 -8.066112871021768882e-03 7.110692325600354025e-04
1.122934039039198979e+03 2.294593877456614734e+02 -3.604834862053827443e-02 8.817580164952958099e-02
1.148013567354746328e+03 2.446962922547642734e+02 2.561404976469049480e-02 -4.155722488775787787e-02
4.921875137552057708e+02 4.485030383399588345e+02 -1.042492433902273211e-02 1.465208091525666131e-03
1.170840602043362196e+03 2.047739868849186280e+02 1.632084208502845163e-02 -2.340037900486111738e-02
1.191040787365308461e+03 3.895476963340594239e+02 -7.649412661471761965e-02 -2.361604659630263670e-01
2.253231852295081694e+02 2.905974883651566643e+02 -1.599981508058299570e-02 -2.248713003305699287e-01
5.240050610860603229e+02 4.837012027384184876e+02 -1.441183479650895612e-02 1.276668686677816938e-02
1.065166371451973191e+03 2.095020647356644474e+02 6.334192178683523133e-02 -8.539171520531223247e-02
1.179640329260812905e+03 2.598869865021570718e+02 -1.613327454986604459e-02 1.071085594635294048e-02
1.133208023486628463e+03 1.744680208895618421e+02 -1.128790395737799684e-01 6.288279412562616799e-02
1.103728541174055863e+03 2.800546135687686160e+02 1.522017312061658967e-01 3.321185474049798136e-01
7.953320613408914141e+02 3.821764742320459050e+02 5.496411984022964332e-03 -5.484121292306357726e-03
1.230326634398622900e+03 3.164356164258758213e+02 2.759365728654874506e-01 1.112142963684173841e-01
2.692603987648938642e+02 6.397988422419522294e+02 -5.959885133541355240e-02 1.406217298365410595e-01
1.071479993677075299e+03 2.894170583384982365e+02 2.139572492875040088e-01 2.350522797900022332e-01
1.187553128682869783e+03 1.781320909316513053e+02 -2.525973462852243120e-04 -5.782325177571529147e-03
2.591320306076094653e+02 3.640756634919248995e+02 6.383264620343050144e-02 2.206512327222449332e-01
1.064868223236062022e+03 1.970256306922738929e+02 6.161602637579984866e-03 -2.073725430626589122e-02
1.004457640358052117e+03 2.448639882792315063e+02 6.321781073584783941e-04 4.297507956568732274e-02
1.153500027061890250e+03 2.300765435008465261e+02 -2.896850651013746156e-02 6.188897586796977129e-02
1.976197489267913170e+02 7.112977990414053693e+02 1.153720592201829855e-02 1.301423583485521694e-02
1.062672632917554694e+02 3.957816893142612003e+02 1.744973184537404465e-01 2.572519454737403066e-01
1.069484564698918348e+03 2.823488293455806684e+02 1.146083530029879255e-01 5.105144612581724584e-01
1.201618406585976800e+03 3.595600714379446003e+02 2.869026293508509240e-01 -1.675129550305924919e-01
2.777883962625290337e+02 6.278816766727943559e+02 -1.497912450299862877e-02 1.747955011848266182e-01
1.080376728367283704e+03 3.054865483773856454e+02 -2.496460910807391520e-01 -1.354558593096168717e-01
1.160875573677480588e+03 2.100304090343532835e+02 1.403338989413192850e-02 -7.763492660177569171e-03
2.906387854335824841e+02 5.088800936834885533e+02 -2.975469908156797363e-02 4.485316106393027469e-01
1.009957803985161036e+03 2.453207785828517444e+02 -9.764920813860228366e-02 9.431296361698571218e-02
1.155362658217566832e+03 2.849501870079300261e+02 6.435147822394355899e-01 1.173947105890960074e-01
1.143224579716428934e+03 3.572066873474137196e+02 -8.493831440687944767e-02 -4.094743160865295384e-02
3.486532786141284532e+02 1.085170940677229282e+03 7.997088197358746819e-02 4.211803087832164949e-01
1.122618678672398801e+03 1.667777179685645592e+02 -1.512612524095625390e-02 1.118742802565315768e-02
2.482409059767079498e+02 2.948427353009441276e+02 6.904787407683386780e-02 1.275765636561413952e-01
2.314238748339006690e+02 5.277746569473429190e+02 -1.025152201697790144e-01 6.255901787402989855e-02
1.007473505552671099e+03 2.240184846096587989e+02 -2.268242216349790341e-02 1.034111409560682648e-01
1.128497914060061248e+03 2.265971517059984706e+02 8.070062889719337509e-03 2.211968119052818427e-01
1.048358608592111977e+03 2.279257682638499602e+02 -5.835317720646117090e-01 -3.303921740486168712e-01
1.038373202199184789e+03 2.806854338672737299e+02 7.982509069433945184e-03 2.261245264747913097e-03
1.272837379919235673e+03 2.978101617355106328e+02 9.917949189270984858e-03 -1.413628421206794897e-02
2.797104870029948529e+02 5.538954402029686435e+02 1.460328471058801314e-02 4.397766951676067015e-01
1.011980710420467403e+03 1.649237336109393084e+02 5.198198490953306189e-02 -2.266103534723544477e-02
1.244827903542567356e+03 3.658365779050135416e+02 3.415163843461478943e-01 -1.687852665864084667e-01
2.744481132470125431e+02 9.560346923983929628e+02 1.450649286613281963e-01 4.456306126856532934e-01
3.568674759074047529e+02 1.071281692207625383e+03 7.914911073309519041e-02 4.096544384666295779e-01
1.093109695847937928e+03 2.089836104613127645e+02 5.540201830768864966e-03 -7.045655904292225102e-02
1.049942472605474677e+03 2.735705606327632609e+02 -2.967257128476792974e-02 2.221059291548440340e-01
6.474864757072605244e+02 1.085617986005466946e+03 -1.654286524680988581e-03 -1.868332132962298995e-04
2.064068788492324984e+02 6.939954688967709444e+02 -1.811593320575087540e-01 2.699993863191283983e-01
2.198333251848410157e+02 7.424441442260899748e+02 -5.904762944115486342e-03 -8.466149816735815334e-03
2.926984870323710197e+02 8.625799744660139368e+02 2.375809285180236208e-01 4.199294378944725681e-01
1.098135520675484941e+03 1.598998797642629199e+02 8.550531983502443478e-02 2.104638483334827226e-01
1.028835962187934683e+03 1.965590318602548621e+02 -1.642092180640761625e-03 1.171549665713200739e-03
1.272273527446160188e+03 3.098011022161837218e+02 4.227680263049340276e-02 -1.534651937618901688e-02
2.637442538094329052e+02 4.860064002476109977e+02 8.090666818734210120e-02 -3.180361743106939754e-01
1.119852088342668594e+03 3.037093190375350105e+02 3.271662209047260794e-01 2.777228132149730522e-01
1.069084790709900972e+03 2.951093240042014827e+02 -5.346288141525561144e-02 3.176018413856912526e-01
1.139043581619155702e+03 3.292368227766959308e+02 -2.184032837015789374e-01 -1.835329159574686578e-02
2.077829317428043510e+02 6.938832317598967165e+02 -1.610405389273530108e-01 3.042703938449294321e-01
1.101568801401994506e+03 2.400069315288487246e+02 4.651656271514798165e-03 -2.449149492303001607e-02
1.060510674746406039e+03 2.966009096507808636e+02 9.870299615916992841e-02 -3.114771626924028314e-01
1.013666367212759496e+03 2.612879503012653686e+02 -4.387362515282282674e-03 2.278263273427141855e-02
1.168058979962519743e+03 2.254649061299589050e+02 -1.941165912665794580e-02 1.657858988477138584e-01
1.147268378110425829e+03 2.274713940497405531e+02 -3.366720205986525882e-02 7.653532796517617531e-02
1.270215500100520330e+03 3.208876256039261534e+02 1.878089154856968923e-01 -1.472682111644885439e-01
2.478108060978509855e+02 7.246119744437985446e+02 6.836666218451423107e-04 9.581302702878517416e-03
7.842119262417697882e+02 8.957761216303179026e+02 3.055117858875313307e-04 3.702951796492200132e-02
1.119489218323817568e+03 2.459481081103861015e+02 -3.745044393527433707e-02 2.529564897834069015e-01
1.222936553974765957e+03 4.627336306374509718e+02 2.163109695258820520e-01 7.492759756527054282e-01
2.530138431846073104e+02 3.632874254817513702e+02 4.118091228321887204e-02 1.653031733067877040e-01
7.857872257859992260e+02 4.088606147052322513e+02 -1.537561079109366416e-02 3.064197486366992853e-04
1.151813126200359420e+03 1.455424878614010993e+02 -1.193876247414038944e-01 1.326875664392233034e-01
1.099610269506151781e+03 2.189470892208754833e+02 8.095257144368588065e-02 -1.413590030112722162e-01
2.423208139995662407e+02 6.869822302310820987e+02 -1.382175928335413993e-02 1.821008858302093289e-02
1.082819917289124305e+03 2.283906798574379593e+02 3.544058230323944569e-02 -6.729695443226473006e-02
1.092378574889926313e+03 3.372445004471712764e+02 -1.716814269554607988e-02 1.974870700027231973e-01
1.268693968990855183e+03 2.969644152910699404e+02 1.256191572013402695e-02 -4.746891951059349635e-02
5.094880688805496334e+02 4.512277428145922613e+02 -6.932279136187365597e-03 -3.067154901354815499e-02
5.077051633788772165e+02 4.546101858912058447e+02 -1.431639079576023897e-02 -7.410540736272626383e-02
1.213571391812394495e+03 2.253602247937847380e+02 1.487626320241827726e-01 -1.146568521698605736e-01
1.152410219375227143e+03 2.523498812737138621e+02 1.656747591645948980e-02 -3.817350977674113799e-02
7.436066570112917589e+02 9.631797564589954845e+02 3.502807471414526915e-03 -2.036589509573990403e-02
4.998801438272469682e+02 5.023352293192290858e+02 -3.163430202129028420e-03 4.099002650448440254e-04
1.781628152135864411e+02 6.328613133718943118e+02 1.093289814623495948e-01 -2.038903249160463060e-01
3.716480654503479855e+02 1.051802867740775582e+03 1.656649083380643539e-01 3.980875542523286681e-01
2.615394962842858604e+02 5.152644178823035190e+02 1.603969295868365799e-02 1.280661974630229738e-01
9.804285356418247943e+01 3.936658122760025549e+02 1.488080632629788513e-01 2.336712716688436609e-01
1.946516560480635292e+02 6.588179939371621003e+02 2.635973966995688311e-01 -4.994238467216486344e-01
1.005681395388707983e+03 8.333300916510044090e+02 -1.497355189421471430e-02 -6.546074989914489606e-02
3.235834902634305195e+02 1.090813476342185822e+03 9.657825971091336947e-02 3.751033364450579999e-01
1.125699231403734302e+03 2.083176302658092709e+02 1.734003144064685809e-02 -3.534200195178815312e-02
2.310907033142497937e+02 7.754974257785764848e+02 6.244495536975926131e-02 -9.000699376196052981e-02
3.102869451252880708e+02 1.052604541376540510e+03 5.636811955444480382e-02 4.431088439095192677e-01
2.370982863536234788e+02 2.920706667958722278e+02 -8.880791337523161189e-02 -4.610203865026926001e-02
2.571033604475684342e+02 3.457177811392535887e+02 1.132036624197711901e-02 2.514963798343226031e-01
1.170152463501529610e+03 1.485111182280645039e+02 -5.695452424071956177e-02 6.637612905676305852e-02
1.102988408487251036e+03 3.352432586739141129e+02 -1.058981215210706289e-01 -2.857952982780171958e-01
5.282902211981659093e+02 4.584656625037743538e+02 2.817431479376253378e-02 5.441438146924326702e-02
1.087321196596007894e+03 2.017581865314627692e+02 -3.249847779086678656e-02 2.460012732338752173e-01
1.014996542819200386e+03 2.734857183178332320e+02 9.966377598384923431e-03 -1.506965338703025736e-02
1.094265145270127050e+03 3.493874680802258013e+02 -6.705124957532149210e-02 -7.861622065636453272e-03
1.997977362892104338e+02 5.188316892364495061e+02 -1.723821717068345083e-01 3.360939529964510758e-02
2.092139358481085765e+02 5.227673466688007693e+02 -1.268553431707863206e-03 -8.097821527084922422e-02
1.153850209694576961e+03 2.211155481922501735e+02 3.175653514697460850e-02 -5.399331293057230141e-02
2.226920677515198861e+02 7.217559515392264302e+02 1.495766898939666911e-02 -3.910555867920969923e-03
3.425940708272582356e+02 1.054874960939987659e+03 2.878087595069825366e-01 3.163034131245122671e-01
2.428971484865261345e+02 2.913608332986977416e+02 5.653567079474536988e-02 1.042341385393569936e-01
1.383608678501707914e+02 3.910644795279960135e+02 -5.580323077833782008e-02 -1.415968582805741472e-03
1.074632955573974641e+03 1.635843696141803321e+02 2.547600557720064440e-01 3.338086797448264753e-01
2.341023062642521211e+02 3.284934699485962710e+02 -9.373429333416538611e-02 -2.709367624276465270e-01
1.140701361852400396e+03 2.226609878037010617e+02 2.093495171762415133e-02 1.672584391099399964e-02
2.016112734205121058e+02 7.179609867671299526e+02 -1.772806665784714547e-02 7.322907578793939019e-03
1.130791223411819828e+03 3.240491462103360050e+02 8.930809069982258153e-02 8.378886994903618490e-02
1.147770671873895708e+03 3.678923083638505318e+02 -1.670755878535601369e-02 4.481136511758977703e-02
1.058051486361863226e+03 1.664923505986794225e+02 2.394867627406424837e-01 3.148483004474961211e-01
1.009417496189132862e+03 1.888215034952797282e+02 7.213646030897878647e-02 3.145810388201484842e-01
1.029529369087320674e+03 1.867030988142863634e+02 2.224252247404163302e-02 -1.234391308572639900e-01
3.268830579979340314e+02 1.044699324705004301e+03 7.041843744671420768e-02 4.560238973860864520e-01
5.737151016971139370e+02 4.956223976545240930e+02 -2.914929610464539120e-02 2.014364777272922152e-02
1.170327131159086093e+03 2.279548553847556889e+02 -2.137573774007250904e-02 1.046369935062067824e-01
1.304519611156608335e+03 3.646464402149601369e+02 -1.642416035337576630e-01 7.255989049227852539e-02
1.861949801910340625e+02 6.525338686597732476e+02 2.483580018205858442e-01 -2.401061611222810588e-01
1.101014850964961170e+03 2.083016649048834381e+02 -2.494702764864996369e-02 1.151661430770104660e-02
1.105434173003782917e+03 3.594620518832234666e+02 1.010969239551741394e-01 -1.389056031672953329e-01
1.020301855904691820e+03 8.667309340298498910e+02 -1.866181402979236875e-02 -1.512716738717699572e-02
1.083703858896172733e+03 2.550928934424854617e+02 8.389581605011168022e-03 4.670216860734655029e-02
2.627256655349803509e+02 9.183541138726598092e+02 1.092806633374223679e-01 4.288064682452651932e-01
1.048628868614288763e+02 4.162561009398357328e+02 1.005333754365304449e-01 1.689237085851316156e-01
5.829844683170124426e+02 3.990496048264993192e+02 5.160854958939145587e-02 -3.099811010550321960e-02
1.083309849769133734e+03 1.825738823648234472e+02 1.489024552225877776e-02 -1.205617932260377896e-02
9.953743897709488238e+02 1.727268377280300342e+02 1.656375703876681871e-01 3.389027021106210680e-01
1.090901895734553364e+03 1.998435531238555427e+02 1.005396316685908675e-01 -1.639231501826672599e-02
1.013012497525613298e+03 2.472047203920708114e+02 -7.414867895395425845e-02 2.809016401509051297e-01
2.592731175653120204e+02 5.917330095625615058e+02 -1.450534705648387768e-01 2.267170759284960480e-01
3.287932529500936880e+02 9.659096820178717735e+02 1.373573461376751681e-01 3.795270248240905642e-01
1.964155673815468788e+02 5.383105673079342068e+02 1.707345432738439361e-01 1.010567899994774532e-01
1.106976025703725782e+03 2.340570069835330571e+02 2.003196226919932293e-02 -1.842409392834080603e-02
1.033869850246057013e+03 2.845737607333358596e+02 4.291838587959145856e-02 -1.514062296227534632e-01
1.134951506133328394e+03 3.321746597628814470e+02 -8.158144092790496626e-02 5.415401397158889352e-02
2.872352411553825391e+02 9.094321196035637058e+02 1.433957847889657800e-01 4.669717782910267623e-01
2.262433802518378059e+02 2.992859018473851620e+02 1.722035094341492767e-01 2.089390620361456230e-01
4.912502125750349933e+02 4.732752470529899256e+02 6.943697263557169555e-03 4.134763984358187650e-02
9.925979230474436008e+02 1.715459948776112356e+02 2.348407165713410905e-01 2.522358461224286086e-01
3.006083929903617786e+02 6.540654390513818726e+02 -6.561625348497557297e-02 5.317962359353032437e-02
1.231028915101953544e+03 5.066313342417267904e+02 1.893644989714743931e-01 3.357599714003441926e-01
2.498091596645669767e+02 2.883119562354694381e+02 1.785476971461494658e-02 8.781245460965549088e-02
3.690157430011818747e+02 5.183802290466715021e+02 6.097016887092888970e-03 1.000211675299947540e-02
1.079520617882264332e+03 2.926335178579190597e+02 6.290143884472711167e-02 1.510893527645293943e-01
1.175657591355106661e+03 1.951703732378046254e+02 -7.334083517758029080e-03 1.112140446373569153e-01
1.185811335785306710e+03 5.115621820091517407e+02 2.051447068923895056e-01 4.918482585763519488e-01
2.320501477933771639e+02 7.130114634946376100e+02 3.145775787652532740e-02 2.584186495822618154e-02
3.694591011572143771e+02 1.021775477322726147e+03 -5.725276975871756990e-02 4.326938560712541570e-01
1.728546717993149286e+02 5.260137441922533981e+02 -2.040605861290142875e-01 -3.589491769068015592e-01
1.022242777830611317e+03 1.705754767477300220e+02 -2.918974508222365628e-03 1.722655290511612355e-02
1.167830987093977910e+03 1.934217097501681337e+02 -1.733040451970029733e-02 6.372350503117887865e-02
1.205222378635395671e+03 2.421099296972314789e+02 1.932111156217312551e-03 -2.147621443270016431e-02
3.467963628992937970e+02 1.040966159700002436e+03 1.159461835381673800e-01 5.056270100065552997e-01
1.081397001803621151e+03 2.944459339642733084e+02 1.237096098064365129e-01 -1.134998473782335288e-01
1.192121761529748028e+03 2.531180717029292850e+02 -1.514074289033327282e-02 -2.808829493490600914e-03
3.553938548358102594e+02 9.933352182146521727e+02 2.820792336228471198e-02 -4.191735233193332605e-02
5.282276086196677625e+02 4.519262418858046999e+02 -1.404787343893332263e-02 3.362507943063874905e-02
1.008565870086391556e+03 1.691781601455211899e+02 7.229134564465056201e-02 8.898529738982574600e-02
1.065149366316734358e+03 2.158552297860496481e+02 -1.247798539040445576e-03 -2.593068549608368301e-02
1.182201638736234145e+03 1.878384306790904645e+02 -2.767712353048068508e-03 3.182207710692885883e-02
1.185381000660293694e+03 3.075848922460158406e+02 -3.315991273765916958e-01 -2.587505634572551116e-01
2.399420515437758752e+02 6.944887620224803868e+02 4.673907693598167157e-02 -5.406577231248377302e-02
2.670794314894444028e+02 6.967972723334310103e+02 5.006464891021522590e-03 1.590778049092023139e-03
7.872420993231758075e+02 8.964502900980643290e+02 -2.439853609923403610e-02 3.003387768676901715e-02
1.044413966012876244e+03 1.754385096441004919e+02 2.733182369577965079e-02 2.585317176217358931e-02
8.201192757597261789e+02 1.102208504779086752e+03 -4.339983659490372070e-02 2.514249984888010728e-02
1.028506689174475014e+03 1.825063151886713229e+02 -1.035623717123306531e-01 5.568300280900676663e-02
1.078228269519826426e+03 2.277493507732311855e+02 -4.181483070893981385e-02 3.784683735757324308e-01
1.051853590337384276e+03 2.991420964434096845e+02 -1.101515953152037118e-02 -1.018427775768973934e-02
1.193730149978022610e+03 5.366927323294190728e+02 3.902449373558413703e-01 3.845153842866417260e-01
1.312580741292949256e+02 3.876131780932556126e+02 1.155053734702103305e-02 1.893705820220667815e-02
2.424807624744519785e+02 5.297132654865696395e+02 -3.927903011716055853e-02 1.806937831244025822e-02
2.746111896704607602e+02 5.305480274343285600e+02 6.837721673609673846e-03 4.461992095828533622e-01
3.022149102079158638e+02 5.167355129954011090e+02 1.453594750596668983e-01 2.727822347708034889e-01
5.404296491020519397e+02 4.236457742675507347e+02 -2.100280308284429576e-01 3.840182568231179702e-03
1.098017315423718401e+03 2.267786769055563241e+02 1.912349767326304573e-02 2.326310322334673164e-01
1.051013079279817248e+03 2.606006534871257827e+02 6.152289432176216016e-02 2.131261319487669781e-01
1.045669429189938683e+03 2.673626493369906711e+02 5.116738535733789811e-02 1.430432550510283007e-01
1.123117772681402130e+03 3.033334247410462012e+02 9.819997598321186794e-02 1.204597716301936267e-01
1.139382726646568472e+03 3.519898677826276412e+02 -2.085973141902286443e-02 -2.878372037554343676e-01
1.199849615916791436e+03 5.286927593393436382e+02 3.114063893247370762e-01 4.014593174059917779e-01
3.017174312738692379e+02 8.873588093901554430e+02 3.347651803394368492e-02 3.586496371901305991e-01
2.379180448249136930e+02 3.156455826764070025e+02 -1.104308279261161374e-01 -1.191409136658686842e-02
2.426331568294027363e+02 3.594093845138024790e+02 -2.526896556296520657e-02 -2.409061798073584837e-01
2.716961959490517415e+02 4.938870487808808321e+02 -9.588853868649493961e-04 -2.837752275433160776e-01
5.935325657004823370e+02 4.586397621062824328e+02 -7.406557775548587401e-03 -3.804135035581642649e-02
1.121613865940016012e+03 1.465532888869148849e+02 1.644501350360011716e-01 -7.179258931063021987e-02
1.060554318528619206e+03 1.934683194243814910e+02 -1.618649437014217651e-01 1.489690778599121225e-02
1.001254355332010505e+03 2.390366495358625514e+02 -4.640380156673510476e-02 1.527518237429129934e-02
2.705321946817848584e+02 4.807497167828000215e+02 7.874261879005023390e-02 -2.962886784019309050e-01
1.107013985976337835e+03 1.493762803279338414e+02 -1.890733698779844055e-02 2.486562291923219703e-01
1.069182488484670102e+03 2.212776759867228975e+02 1.679926214617146474e-01 -4.332466586739449656e-03
1.137832765424255285e+03 2.086646791675167378e+02 6.322815677038885751e-02 1.126567761236752993e-02
1.253364467683394878e+03 2.782608021576957071e+02 5.809902756478053931e-02 6.271299742146331513e-02
2.322048834197480858e+02 2.921395272722227787e+02 -8.880748274893050798e-02 2.448369335637949062e-01
1.069912556259394023e+03 1.878240725427295388e+02 2.928262187613199855e-02 -5.183425471728071721e-02
1.095129391524002358e+03 1.998971351119828910e+02 5.463384577751639881e-02 3.410913936848857242e-01
1.261279111560424781e+03 2.797975072687721081e+02 2.944736005520098843e-02 -5.575060093048591486e-02
1.193445749092567667e+03 3.747072560135982826e+02 2.937654113437474512e-01 -8.030047855777411314e-02
1.220410728275694737e+03 4.991711139759511866e+02 1.659425091821731257e-01 1.906934834993705974e-01
2.996583057298320227e+02 9.549562687507574310e+02 5.717916939357223921e-02 5.050261590956210966e-01
5.488379836953623681e+02 4.116256203245903862e+02 4.044251187196500064e-02 4.728902880368776596e-02
1.072756053619961904e+03 2.114079854425108067e+02 2.012822838155727823e-01 -5.664631378463624856e-02
1.150429675246872648e+03 2.991813940470852913e+02 2.973529503937299978e-01 2.106615081236924425e-01
1.132335061209272226e+03 3.317344310270717074e+02 6.252408751640246010e-01 -8.642507104083847480e-01
1.787279534537794348e+02 6.501947432300368064e+02 6.939547293112013904e-02 -3.877098702457004720e-01
3.490721130921119197e+02 1.036282330238829218e+03 9.433390351773596194e-02 5.091458834404249956e-01
5.579672376865139540e+02 4.181933623362579056e+02 -2.109753646163881058e-02 3.995776546318958317e-02
1.039476642872597040e+03 1.682488150676449834e+02 2.052710095530788439e-02 -3.158052442348215361e-01
1.058407376471646558e+03 2.102755991710770047e+02 3.346104571247516257e-01 -4.790559051608462293e-01
1.050983183615242297e+03 2.192456578222103474e+02 -4.869972433263163869e-01 -7.423117295222628198e-02
1.080452233578540927e+03 1.901356260835825083e+02 4.506226783390351182e-02 -1.004342359330128859e-01
1.153243390654670520e+03 1.984722551389290857e+02 4.528909893614733312e-02 -4.687268510962875473e-02
2.495328792144200918e+02 6.917514307664143871e+02 -7.636374268065064530e-02 -6.627570310005619081e-02
2.265876854057701166e+02 3.045981332423628487e+02 -7.391395114370880211e-03 -6.095300474382838590e-02
2.592613476668739168e+02 3.814029819650594959e+02 1.199682652542605893e-01 2.997907490741908917e-02
1.086875266766983714e+03 2.160597326332732280e+02 2.389964409617277921e-02 4.297351778630854602e-01
1.819493023918053609e+02 6.648151697208481892e+02 -1.445981378230726533e-01 -4.634689509411600850e-01
2.747603710481630515e+02 6.949469787056991663e+02 -5.501108197710209702e-02 -1.358923214545939007e-01
3.122118840662518551e+02 5.509609662939669761e+02 6.399269107691907439e-03 -9.017175490951104266e-02
4.934055858155012970e+02 4.542319341219237003e+02 -1.514401249731633925e-02 -1.237753021975578349e-01
5.172019455992679013e+02 4.912534195768650989e+02 -9.742593274410182858e-03 -1.434501595705341970e-01
1.112509151684576636e+03 2.049181508548787463e+02 1.991638107953690451e-01 -8.467430062551528636e-02
1.118593318441782230e+03 2.336628366226368883e+02 8.963567768324764984e-02 -1.345233001602963441e-01
1.075430384245263895e+03 2.880653891856002247e+02 1.403900511647862004e-01 -1.639776085896187396e-01
1.083394584983230061e+03 3.623690196422372196e+02 5.369438073773835640e-02 -6.457563366014085204e-02
1.105147726878852609e+03 3.276503178447277946e+02 -1.793151098746648131e-02 -4.764842259958044224e-01
1.173803336959764010e+03 3.327828643633524166e+02 2.881732186344265756e-01 -1.571384312988755028e-01
1.138905793064538329e+03 3.650006102650980324e+02 -1.011255330649873940e-01 -7.330215530457451223e-02
2.676142100540739648e+02 9.319286928717453975e+02 -4.075136165754145168e-02 4.723401775099489441e-01
6.455740608390509578e+02 1.088324114316293162e+03 -2.675721838477329584e-02 4.564578373287986324e-02
5.500215404079059454e+02 4.624720372847742169e+02 1.189567476728825568e-02 -7.114500266046283041e-04
1.064122787769721981e+03 1.929016578118139478e+02 8.298647333231201628e-02 -1.210724275403739086e-01
1.022329415041363632e+03 2.133355843078804526e+02 2.426934384808040190e-01 -4.593083755376407146e-02
1.081747575996349497e+03 2.612751234177208062e+02 8.517804028767083091e-01 -1.698749949886575905e+00
1.071090500397724782e+03 2.728737755928418096e+02 1.548222667273269904e-01 6.770238950370337239e-02
1.127077560511298998e+03 3.413008560526272390e+02 -8.260555462826839335e-02 4.633974874410758393e-01
2.352557917294407446e+02 3.476141887412920255e+02 3.635328268920119399e-01 9.315328377207094945e-01
2.504769190862141386e+02 3.533474464809015672e+02 -7.105004738046716284e-02 -1.173083017005751572e-01
1.131635806721464235e+02 3.980301134284441673e+02 6.445009741472773612e-02 8.537068544180215213e-02
3.022068938787513730e+02 4.995408683985221501e+02 1.397147735476380603e-01 2.690935016593414275e-01
5.167728401171448240e+02 4.315739863687190336e+02 -1.427179487243392941e-01 1.363559530928142749e+00
5.126108958475011832e+02 4.880633723262316721e+02 1.839276165702585786e-02 -5.613659542271420833e-02
1.139008140729348725e+03 1.512123047211570395e+02 -1.977466515194237218e-01 1.336906780806685902e-01
1.145643217205958990e+03 1.748991112228427482e+02 -3.091607921726335917e-02 1.014687970064898082e-01
1.097253992668933734e+03 2.486521786370809366e+02 4.935742654856767331e-02 -1.436561157361211372e-01
1.249583473009171712e+03 3.007820452760134913e+02 -9.783754337490790931e-03 6.015021177856283430e-02
1.110578396960468808e+03 4.523290923327105588e+02 6.801452758877530869e-01 -6.668590532515850100e-02
2.572117091911708258e+02 7.436709805754828722e+02 -6.780396158814028240e-02 -1.394250263318213001e-01
3.118004150462775783e+02 9.778057732985631674e+02 -3.045483868825726859e-02 1.784378321524968669e-01
7.863125214997137391e+02 9.484327940299963302e+02 8.597178453618425920e-02 -2.252322730032574327e-01
3.667950880328812673e+02 1.038123837659781202e+03 2.294413541226845155e-01 1.588332218673258467e-01
2.541330022627208223e+02 3.704786200236969194e+02 0.000000000000000000e+00 0.000000000000000000e+00
5.070623553469605440e+02 4.453281182048623918e+02 0.000000000000000000e+00 0.000000000000000000e+00
1.040339590806780507e+03 1.691856078030662900e+02 0.000000000000000000e+00 0.000000000000000000e+00
1.076697616269252876e+03 1.659297921452545665e+02 0.000000000000000000e+00 0.000000000000000000e+00
1.122243428848450321e+03 1.811643705539025575e+02 0.000000000000000000e+00 0.000000000000000000e+00
1.085583351024082276e+03 2.990537866812010748e+02 0.000000000000000000e+00 0.000000000000000000e+00
1.153727783862093247e+03 2.081205664388596404e+02 0.000000000000000000e+00 0.000000000000000000e+00
1.178041742327771090e+03 2.071739778974135220e+02 0.000000000000000000e+00 0.000000000000000000e+00
1.158728870537944204e+03 2.466317225466928278e+02 0.000000000000000000e+00 0.000000000000000000e+00
1.126374022314186050e+03 3.037854543837873393e+02 0.000000000000000000e+00 0.000000000000000000e+00
1.119712428788645866e+03 3.423257886970352502e+02 0.000000000000000000e+00 0.000000000000000000e+00
2.405173950040484101e+02 7.233322652885404977e+02 0.000000000000000000e+00 0.000000000000000000e+00
2.225998741439091475e+02 7.934352427916404622e+02 0.000000000000000000e+00 0.000000000000000000e+00
1.129862856555557073e+03 7.128844616253356890e+02 0.000000000000000000e+00 0.000000000000000000e+00
6.524158223570588007e+02 1.080410750409178490e+03 0.000000000000000000e+00 0.000000000000000000e+00
