1.337816356676732710e+02 3.825524254754207618e+02 -8.131222667008677907e-03 -1.839258106516784147e-02
2.529438017478225049e+02 4.647977910977281795e+02 -1.391806951188404072e-03 -1.279967620526389948e-03
3.189771909028716550e+02 4.730981571372344092e+02 -1.969605228659569718e-03 3.374531757604828106e-04
5.636838527628372049e+02 3.784712160787028665e+02 7.911700200095468649e-04 -6.109754992320010460e-04
7.033118739441350726e+02 4.151402457465933367e+02 -6.150293008628599824e-03 1.018715428279331862e-02
6.342901334792876469e+02 8.219555509909209832e+02 -5.784056519495165511e-04 2.678617593445697964e-04
9.123854254420575671e+02 8.060351625948158016e+02 -4.712788737955327795e-04 3.724473849806960108e-04
4.599268982311581908e+02 9.415489015076603891e+02 -2.398606309895404815e-04 -5.345069267506086220e-05
9.056836945326367641e+02 9.224660503901650372e+02 4.109245277270542548e-03 -5.863955159890729468e-04
8.992445253829295098e+02 9.265737459789595505e+02 -3.868475031290112554e-03 1.626489807000496652e-03
7.071923914900579575e+02 9.930846308695674907e+02 -4.285554557038204204e-03 1.301339964544861831e-03
7.151027831101932861e+02 1.011407428123465138e+03 4.862872943999043177e-04 5.473329788558900988e-04
7.048861271916065334e+02 1.023625837172982756e+03 -9.111868776197315804e-04 2.696932342981352496e-04
4.816763297604881586e+02 1.098946661093784087e+03 5.374610276825172311e-04 -1.395030067068645570e-03
7.044138087158889903e+02 1.036559621955471584e+03 -4.533461709671779752e-05 7.997057488464094166e-04
7.518435096410817096e+02 1.067380686603220511e+03 1.302328456192596289e-04 -6.403297524081275841e-04
7.455979365561357781e+02 1.071318936229882866e+03 4.728493634734105074e-04 -8.020803625838945948e-04
1.311535774010538660e+02 3.251909766157492641e+02 -6.188656193464028496e-04 5.128160390123268422e-03
8.997479927638776189e+02 1.102142352028830146e+03 -2.047144822890823877e-04 -4.432459275354667157e-04
2.420228853395992132e+02 7.546478066192722736e+02 2.519030822992813449e-03 4.172635110441912619e-03
1.241974535644530306e+03 3.707793423254551612e+02 3.636465083781160578e-03 -3.544952235901886219e-03
1.183258173859440831e+03 2.456520749700147803e+02 -2.811437402157376808e-02 1.321499707752011032e-01
7.153868829513530727e+02 8.820853796092403627e+02 -5.631526233816369457e-03 3.397193314288073172e-03
2.363131082604873257e+02 7.212266908255780891e+02 1.179562411785114139e-03 -4.939645409432286138e-03
2.497243751106966556e+02 7.149122351618341327e+02 6.984115280731218595e-03 -2.218613689866166458e-02
2.507853641573613572e+02 7.466760834209906079e+02 5.017816309354335147e-03 -2.767480179109538512e-03
7.366073213835727529e+02 3.565593730067222964e+02 -2.973017896416728645e-01 1.800459577446255621e-01
5.707183675764641748e+02 3.793197001961053161e+02 4.032521171201425281e-03 2.075612146977236054e-03
9.313674145545306828e+02 8.445105350226583596e+02 -6.014339381157705715e-03 -3.948747753136306530e-04
5.656694350743201767e+02 4.390903964089043825e+02 -3.712941887517381967e-02 2.404968045727787912e-02
1.008599782206122654e+03 8.157005451738815509e+02 1.335514079699458940e-03 9.560323526577374498e-03
2.446040841222218205e+02 7.442144268222924666e+02 2.470003277084184719e-03 1.319568697215457807e-03
9.832275663950495073e+02 8.277289069433268196e+02 1.817751627939260530e-03 -3.686854775934881277e-03
3.077454574440405963e+02 6.621716207522910054e+02 1.182141260059806640e-03 1.320661169168236377e-03
1.015251686149350121e+03 8.147666671240206142e+02 4.943798127553714235e-03 -3.680716410311259471e-04
9.428748872305136501e+02 8.335760711899766875e+02 4.135102411914256051e-03 6.504459285621925178e-03
1.003804684726765799e+03 8.361155891764076387e+02 -3.312975503306033256e-03 2.435992634793752391e-03
2.321740574123151077e+02 7.240017448437957910e+02 -7.303737739135277539e-03 -2.154965025540312492e-03
4.796020810791055169e+02 4.376883974927931149e+02 -7.917853058524479404e-03 2.379429084509307457e-02
1.025843171727366780e+03 8.046591817424683768e+02 5.462106902093569541e-03 -4.795367845980592035e-03
2.233548825358674037e+02 5.194173575725475303e+02 -8.815980438266752053e-03 2.319597080579209256e-02
5.760603056559721153e+02 4.195170669915999042e+02 -2.514578987069227955e-03 -1.772404883412815550e-03
7.313244999271691995e+02 9.236769042591339485e+02 -2.120715359625488690e-03 -3.055066135552446382e-03
9.571169339375135223e+02 8.470132653301646997e+02 -7.220611598484646433e-03 4.260016940295349545e-03
7.483911851528880561e+02 9.538417692668554082e+02 7.199732218173221596e-04 -2.648513992696307010e-03
2.625074733537861675e+02 6.687109870883002714e+02 1.833187828982083944e-03 -4.016804386065084970e-03
8.246735540322144971e+02 1.102164694763394891e+03 -9.347008607133235362e-04 -6.116522333651109450e-04
7.514239902561619147e+02 9.595704377944679209e+02 5.178648532468160814e-03 7.586551000341918739e-03
5.622221176748115568e+02 4.712795218030914270e+02 -3.306595232727589108e-04 2.148389324518818670e-04
5.658920912238129404e+02 4.741945106340295411e+02 3.468941943783467735e-03 -2.390231524289994358e-02
9.126398888376465948e+02 8.456027657149852530e+02 -1.947569677405015104e-02 -9.699730708133406020e-04
7.720426346229243109e+02 9.600180683906639842e+02 5.584201325796759804e-03 -4.880599719997169746e-03
7.710385688462409917e+02 9.427306296096322740e+02 5.714052288585483048e-04 2.026786426470850860e-03
7.707476925057605968e+02 9.498141748758841914e+02 4.781358750367665014e-03 -3.739791541263885397e-03
9.845637696078150611e+02 8.668004667804898418e+02 2.125131519896472383e-03 -1.121621104332034278e-03
8.009648673903543568e+02 9.514811237693846806e+02 -5.538062614741558068e-04 7.564101678470629662e-04
2.098576629194511725e+02 6.741035163128057093e+02 -9.753059979023629214e-03 -1.134474326312835679e-02
5.685697665295325578e+02 4.912958706984715604e+02 4.424245780497396141e-03 -7.510213688800773321e-03
9.743867394147473533e+02 8.843400378744225918e+02 4.396176312067188400e-04 5.762596110956353301e-04
7.578097512692471582e+02 5.331213602298131491e+02 6.438435636922498762e-02 -1.947206203265361077e-02
7.849949617281785095e+02 9.429214415031244698e+02 -3.528522426884340025e-03 -2.054685987831821818e-04
8.075623921918186170e+02 3.678766026967498419e+02 1.097136726880172837e-02 -3.070559126328954377e-02
2.349058583200712746e+02 7.007070864647829467e+02 7.830657027819307170e-03 6.832541098870339134e-03
3.085728080735294157e+02 5.643030164478573170e+02 -2.289016713299845025e-03 1.133595490881307913e-02
8.154757539439368657e+02 4.159217902371433411e+02 7.530882500247688960e-02 1.153850093990711582e-03
5.886547170734991141e+02 4.035725222549681348e+02 2.693902211003975332e-03 2.101350543471041266e-03
1.034234829163351606e+03 8.351929940833016417e+02 1.989960253377821690e-04 -8.436881431394021441e-03
9.954117741275786102e+02 8.204581849324146106e+02 6.093260038757744058e-03 -4.526741499087773637e-03
2.258285242858262052e+02 7.152371161827832111e+02 -4.715681736778007198e-04 -3.576494609049378146e-03
2.279888085429748230e+02 7.690549368503542382e+02 2.125785274673947997e-02 3.554164350636692705e-03
7.336132200029943533e+02 9.801133903907904141e+02 5.232502199773854211e-05 6.707888625856363437e-04
9.898596836069150413e+02 8.316643641783292651e+02 -9.136908345539321991e-03 -4.550025280880140403e-03
1.055938664186621509e+03 8.531285725850395920e+02 3.941914776963598849e-02 5.161643792700829937e-03
8.274030754596516317e+02 4.030816237392857602e+02 2.896220830206906825e-03 2.044811171584954776e-02
1.016005581474865494e+03 8.312572298576685625e+02 -7.916806037101060262e-03 -1.092387224384360270e-02
9.474664106928562433e+02 8.369422983821141315e+02 1.000945164843649281e-02 3.916600758650542677e-03
4.648308452379698679e+02 4.547201675559279579e+02 -8.297464630887513293e-03 -6.022972074355051981e-04
2.684539691615599395e+02 3.000915073378617990e+02 -8.810008691385870028e-04 9.411072292658729426e-04
9.597028432565525691e+02 8.228118056652787118e+02 -2.053209611273301358e-03 2.843045728337925335e-03
8.177475073143285726e+02 9.341672378954571059e+02 -4.028430495592678386e-03 -3.321350286126847733e-03
8.168391453076008020e+02 9.443536995243011916e+02 -5.550543947587321340e-04 2.537680537022541944e-03
5.493931481628134179e+02 4.327698895585205037e+02 3.384016968467032805e-04 3.549664160388628711e-03
7.286477343270164511e+02 9.394047826437681579e+02 -1.338330274457388879e-03 -2.979852659107132219e-04
9.303483513100597975e+02 8.600215571479456003e+02 -4.427854598684641957e-03 -1.594085669316117255e-04
7.508163327555450905e+02 9.666867503386968110e+02 6.014360466894128239e-03 -4.126012377609825435e-03
1.032071562813767514e+03 8.264009765017157179e+02 9.740816848660519695e-03 8.737200143484935609e-04
1.023146842300293429e+03 8.151301941623805760e+02 -8.582927119165322319e-03 -1.835781949972501229e-02
1.005102946748057548e+03 1.644962727448729254e+02 8.000382048305597262e-04 -3.497036130403273924e-03
9.558526613850818876e+02 8.782587692790347091e+02 -3.271492126266299042e-03 9.696213654843622437e-03
8.184950686045377779e+02 3.796787087590642500e+02 6.626200438020505776e-03 -4.335422056893809911e-06
9.724358030281166521e+02 8.890575108929309636e+02 1.607454567031727259e-03 1.881361192097234184e-03
9.087290683706373784e+02 8.416612788675250840e+02 1.029301910030917117e-02 1.566758752573272143e-02
5.803933473445591744e+02 4.696247254692846127e+02 8.913364296077896584e-03 2.722515759436779439e-02
7.892476485008738791e+02 9.201234528442552119e+02 1.494743872536664648e-03 1.182371062408591519e-03
9.650886270917360434e+02 8.509888218842360175e+02 2.520220074097441129e-02 2.228576155513596613e-02
1.899573078965633783e+02 5.855501212064550600e+02 1.415895903489730644e-03 1.010818177339370101e-03
2.310606601688779165e+02 6.902397962814641232e+02 -1.065655997679710275e-02 -2.590973164494766220e-03
4.928420873798158937e+02 4.486574092867064678e+02 -6.369356103203533239e-04 3.352439337970623736e-03
8.336100963843841782e+02 4.122991774908397247e+02 7.083449734157304736e-03 -5.101753761234456216e-03
9.655756091353961210e+02 8.765929628271950378e+02 -4.163751521703304426e-02 -2.552574171780782469e-03
8.265481389055644286e+02 8.707438985644657805e+02 -1.369944994794963311e-03 5.592513918081254594e-03
1.193226168951725185e+03 2.092936933554128984e+02 -4.101683539696714467e-03 -1.610551035729947469e-02
8.136763183716896037e+02 4.037975083404698466e+02 1.426914986600737872e-02 6.924675622245910107e-03
7.675553171490566911e+02 3.850674654282981351e+02 -9.977194612922697832e-04 3.279685050261328260e-04
5.590121848140529437e+02 4.185685900642160959e+02 -1.135267387575264464e-02 -3.306129985712303980e-03
9.494727933780657168e+02 8.572340422211597115e+02 -5.323077776113065152e-03 2.883022589880155414e-03
3.359313871464323142e+02 5.581031780854847284e+02 -3.900448248563382486e-02 2.117747616253017398e-02
7.156526708926040783e+02 9.537694505725696672e+02 -4.387894821399307768e-03 3.806381426329608075e-03
9.965484145693844766e+02 8.726777454443974875e+02 5.417174956598032852e-03 -1.065643837114519131e-05
8.017244274809784201e+02 9.384204427612874042e+02 -2.099686016179313553e-04 1.112763656944687355e-03
5.347128498081328871e+02 4.146221955145831544e+02 7.736371489166834342e-04 -2.600079814780008151e-03
3.271735208031864772e+02 5.369936240674917372e+02 1.432902828316112535e-03 1.737518801956137310e-03
7.466596446292280689e+02 3.966154322588232617e+02 7.375933848676807097e-03 4.892001581220366963e-03
8.506683877730713448e+02 9.314971695497198425e+02 -7.303940077271912695e-04 1.943556217798182305e-04
6.307935740549324919e+02 3.834734607456553022e+02 2.262433341057334176e-03 -4.124116486592594930e-03
8.193509412065488959e+02 3.601620479882094514e+02 2.812914318423785729e-03 -1.836133391343042166e-03
9.294654394333039136e+02 8.358371277513303994e+02 2.256938940091134712e-03 1.202722000571291965e-03
6.121150252431032186e+02 4.208740257626154744e+02 3.556874977695909795e-02 -7.018827772454959424e-02
5.444205079136855829e+02 4.087030331589089656e+02 3.877878869316911826e-04 -2.409659284527345020e-03
2.383333193540048853e+02 7.410930310720983698e+02 -1.249617481744477732e-02 -4.149179681532343816e-03
9.774083254535519245e+02 8.453379791101958745e+02 -3.592893299071983106e-03 -1.096891366983928067e-03
5.454320512895585580e+02 4.830409072375812229e+02 4.494192382736347108e-03 -3.434388369052414521e-03
3.182275963083912416e+02 5.294219343327514480e+02 -9.871289891317237136e-03 -9.100740813678249953e-04
3.154807444109251264e+02 4.701055957349406071e+02 8.028770021894615638e-03 4.761031470025608482e-03
9.328733505197899376e+02 8.666841874105307397e+02 -1.081311114567615542e-02 -9.388735018154029111e-03
3.208807427455285506e+02 4.802990535088727597e+02 -7.661647124730887673e-03 -1.084450231253852176e-02
9.729534457768498896e+02 8.301027345389651373e+02 3.785252180889956894e-03 -4.518398645470847637e-03
2.200637026637886606e+02 6.875511162739303472e+02 -8.813395242818201220e-03 2.859889740424329668e-02
5.049449962442845390e+02 4.465862728996620490e+02 2.322336279208889534e-02 -5.566281116380264113e-03
6.525676357072617293e+02 4.994961817195168692e+02 -2.070861299192542845e-02 1.859260850552618347e-02
5.819884460806711104e+02 3.851966035355473537e+02 -1.884690281476966017e-02 1.556470187039178492e-02
6.201398748674729404e+02 4.241989791272868615e+02 -7.721257355939033923e-03 2.837382654098631607e-02
3.036736642095063416e+02 6.124625863475380356e+02 -2.108919330391409441e-03 -6.730307910501242587e-03
4.760867027689548081e+02 4.662191151423426732e+02 -2.846933077293134409e-03 4.663054705808422802e-03
1.224178860219895569e+03 2.162750909939392159e+02 -5.292513700493542070e-03 4.925512708625616465e-03
1.016303649618577083e+03 2.737565868825975599e+02 -3.686380768743733119e-03 -6.777933846866055455e-03
2.064186510963388912e+02 6.967734196536564468e+02 -3.329081789681451100e-03 -4.707474274901320144e-03
5.480231475332998343e+02 4.095576911579353236e+02 -3.627298902139757257e-04 -1.838403957542100687e-03
2.431483725607367035e+02 4.934876085883515202e+02 -4.975934146694998596e-03 2.200723612069641413e-02
2.269117364267378036e+02 7.028237678593885676e+02 -5.536092182138240524e-03 -8.895827449413725233e-03
3.007674560932101144e+02 5.899441033532467600e+02 1.832059594448764983e-03 2.991084539833465013e-03
2.642612230133913727e+02 7.369936544177243150e+02 1.059708566613873793e-03 -2.797696132023306257e-04
2.548874473864550225e+02 6.440823531137637019e+02 -3.495568997812984694e-03 -8.541740745572902818e-03
5.863543595758023912e+02 4.551823513715378908e+02 -2.063194236380033741e-02 4.352758960403932398e-02
2.388741668831471259e+02 6.945148819801039508e+02 1.154163911395432104e-02 1.282888654799251710e-02
2.652044843565823840e+02 6.359348774351659586e+02 6.233637784219192395e-03 7.312491270575868091e-03
1.002416349601989509e+03 8.760706845848262674e+02 8.006896201822660472e-04 6.030494223061917854e-04
2.624250324319435776e+02 7.276330225300763459e+02 1.862610075198688859e-03 4.451655859908653506e-03
2.663404627950873760e+02 6.177275515412752611e+02 7.676414261130268778e-03 -5.347731140005581229e-04
1.268077544030260015e+03 3.935420441647445386e+02 1.909055254156897998e-03 -1.095605007038210439e-03
2.541451633548047084e+02 6.852223700418498993e+02 -4.575859243122369288e-04 -2.328487624833884464e-03
9.327267451479880265e+02 9.066501126382059965e+02 9.555340570473433090e-03 1.560281932520050756e-02
9.517142313423209998e+02 8.958778065023702766e+02 -1.015796022561471994e-04 1.721879458680650480e-04
2.499952514441110623e+02 6.703655654919917879e+02 -1.067045294906470571e-02 -1.460844053881058674e-02
1.071906531455455251e+03 1.842242686059639709e+02 5.845488964406277306e-03 -1.148661017975404278e-02
1.013782215355252674e+03 8.525929242462568709e+02 -1.481250628476928847e-03 -9.026380163922256492e-03
2.319891835692092457e+02 6.678217906898017873e+02 -1.085819254991283751e-03 -1.238744891978031107e-03
2.956571269285789185e+02 5.893169600439476881e+02 5.468115853209337771e-04 -5.546391586690198501e-03
2.526220595097667285e+02 6.329240471151933889e+02 1.567415040342709379e-03 -4.445678812919257733e-03
4.382753153255604843e+02 1.084708029834051786e+03 -1.522273501552436417e-02 -1.463823505889537240e-02
2.694037578542336178e+02 6.812471464856446346e+02 -2.455716172066065971e-03 -2.607925591521484659e-03
7.327238795842602030e+02 9.314728678160545314e+02 -1.623978881584076887e-03 -1.839040006705608193e-03
2.323238546991682938e+02 7.375808671376533994e+02 8.193606451073091185e-03 8.202930668125470517e-03
3.110361180508822940e+02 6.456141699129350400e+02 1.055221746271669918e-02 2.344269958855128063e-03
1.188915751124699227e+03 3.900699522549856511e+02 -7.938680226345132263e-02 3.213835592034886696e-02
2.280953905143330758e+02 7.498706317947254547e+02 3.138846830017263945e-03 -4.732681292266264009e-03
1.046001513473317573e+03 1.691792802027802338e+02 -1.051370553575385006e-03 3.623972873647222318e-03
2.409552298575701457e+02 6.389488797089901482e+02 -3.732828477960101719e-03 -8.489787822200150352e-03
2.996607088140143560e+02 5.426812089559202832e+02 2.999450805001144162e-03 2.739333263965962415e-03
2.404023514802881323e+02 7.260423774571071363e+02 3.113332937756906754e-03 -6.626545621697508973e-04
2.619099369988047670e+02 5.759280237708061350e+02 -6.279749519754402980e-03 6.447002934705643685e-04
1.000803636048393969e+03 2.239910301166517002e+02 5.515827898258778179e-03 1.239866601730229721e-03
1.016236619599692517e+03 2.640785918352210615e+02 -1.798149969483171795e-02 -1.300227295968508189e-02
2.437897529026971029e+02 6.858512944827469937e+02 -7.916312691149036442e-04 4.615898008323441118e-03
2.422098053886361413e+02 7.006312668337088780e+02 -2.325374841963240671e-04 2.737895816825459006e-03
2.759299817670680568e+02 6.996988267395502135e+02 5.140712791129285753e-03 3.681949727813681877e-02
1.152808676408551037e+03 3.630590230775510463e+02 5.213208101622512913e-03 -2.127524924096723183e-03
2.303487472113936860e+02 6.170301763388845302e+02 6.662401344790047295e-03 -3.740656031234468760e-03
6.039600846828309386e+02 3.984741419430454812e+02 -2.801071632193675911e-03 -1.650930203907429892e-03
7.246141908229968749e+02 9.682145603177652902e+02 1.877892886836484169e-03 -2.256016703886371509e-03
2.270487928074483932e+02 6.082163314673413197e+02 -2.505965477789906179e-02 -8.852453885219576171e-03
2.448373981153651755e+02 7.614840802631966881e+02 3.153633057930036506e-03 5.254718522907058167e-03
2.612521354298382903e+02 6.549889529716543848e+02 -2.023714251344929313e-02 -2.810411531832995510e-02
3.248831453639826918e+02 4.972769637234235915e+02 6.655619979654818844e-03 1.250744985721928201e-02
6.593074460816386591e+02 9.465685369387026640e+02 -6.720705788517994383e-02 -1.920267703127995496e-01
2.010851449482480859e+02 5.592709294065606400e+02 -3.930675912833388463e-01 -1.573020436048954210e-02
3.127446716664742326e+02 5.888180355361976126e+02 1.383289836000319972e-03 3.431466986404473497e-03
1.178447416294623281e+03 2.181796872929221820e+02 -5.975621589691129665e-02 5.450576990599113186e-02
2.067428004588213923e+02 7.250621402165413656e+02 4.901694319713804752e-03 -2.543908547040970788e-03
4.935148485804770644e+02 4.549008783657708364e+02 -1.122821559785941318e-03 1.563826751509064762e-03
7.201750901935625393e+01 3.167411285153504537e+02 -1.710059957563564567e-03 -1.604579048397803201e-03
5.205022965822950027e+02 4.333392252309683386e+02 7.384331263015966700e-03 -1.088344811617756452e-02
3.134855455824487080e+02 5.677908136058254058e+02 3.833982273896830231e-03 -6.375681522720445284e-03
2.952195199567854047e+02 5.975947104468230009e+02 4.550288591438870524e-03 -1.776957373598778232e-03
1.136318059684007949e+03 2.407994040035905812e+02 2.151745182759621372e-02 -1.990960954399433394e-02
1.012581371286973081e+03 2.594291612399467795e+02 -2.023827395909942595e-03 -3.827786167026053701e-03
5.056473177252502182e+02 4.527827179558287298e+02 -4.479931006444800787e-03 3.787281441053901281e-03
2.330852428277231070e+02 7.742434648731685911e+02 9.894083202559972832e-04 -3.419594481156894902e-03
1.090551247469851205e+03 2.015897712747623984e+02 -5.814986414682355581e-02 -3.161168749206898568e-03
2.001799295282789046e+02 5.021369288125791854e+02 3.726855119081187457e-03 -3.883667975914010997e-03
1.022724733646496475e+03 8.642471020156319810e+02 4.600085406316271170e-04 3.080249405464804274e-03
4.891600854266270630e+02 4.762849225106135123e+02 9.648704450804564819e-04 4.774224455169281262e-03
5.364146917559277199e+02 4.292221262890596449e+02 7.146479570950093479e-03 1.155378322407400390e-02
2.666040920665151930e+02 6.256591157209448966e+02 8.126709594403289799e-03 -7.424479932357673159e-03
5.223193168439714782e+02 4.610259142536182253e+02 3.451596846260973541e-03 -1.556003133755596689e-03
1.060255065581202643e+03 3.040230166127915936e+02 3.430487514885435796e-03 -2.698310188087938224e-03
2.851002285801750418e+02 5.495117709583655596e+02 -3.168251413007897813e-03 -8.188872834501459072e-03
2.327215456309463093e+02 6.288495695428206318e+02 -1.859032526682247556e-03 4.166556384923229112e-04
7.109433160311066331e+02 4.245036878783286056e+02 4.303938157542490373e-02 2.617955929582761743e-02
1.004549519428435474e+03 2.285484331098816142e+02 -8.009255569772498126e-03 1.553643309776616376e-02
1.032054508699496637e+03 1.607998995032120888e+02 -1.608914571868421545e-02 -1.613530811254977864e-03
5.537688164959398591e+02 4.831454687176722018e+02 6.147685434999033277e-03 -5.850841553851323165e-03
2.574345102481175331e+02 7.004117527099066365e+02 4.275577147686614697e-03 3.345551279353728077e-03
1.166356123586132298e+03 1.816094349967520714e+02 -1.762243483081933348e-01 1.127989674997130071e-01
5.031763155188529595e+02 4.691711251243614811e+02 -3.551475622704838549e-04 9.581943318946763849e-03
3.192813775916662280e+02 5.197396287522665261e+02 2.415142606520417554e-03 5.817858093658035724e-03
2.396116331078237351e+02 7.105716163376433769e+02 2.688508184381772047e-03 3.675485999798354820e-03
2.201847055844640124e+02 7.189238652091131598e+02 1.127338640680725090e-02 1.153802383231719055e-02
2.110345097771108556e+02 6.302099384300184965e+02 -3.984097091998954621e-02 3.603223762442581829e-02
1.121540988609898932e+03 2.404016884280986801e+02 -3.400938441689162293e-03 1.382288844427653198e-03
2.590164217973639893e+02 6.950133308850562344e+02 4.317238326823056617e-03 -2.406111106507064726e-03
2.956299120780317367e+02 6.075835878442910598e+02 -3.979054193556206404e-02 -2.104216031871900816e-01
2.179397501937632171e+02 7.239724236924873821e+02 3.739570986948198734e-03 3.607832366385244679e-03
1.139548917032972668e+03 2.463614878773044836e+02 -9.933893700758068823e-03 4.309450582452079015e-02
4.974987874310523921e+02 4.673331769166201752e+02 4.677057869769507374e-03 5.683625836855519219e-04
5.717238019642981044e+02 4.126800865976638306e+02 9.899227563621908286e-04 7.862403681893300952e-03
2.864595996975918979e+02 5.749408729480403508e+02 -1.964119338318463456e-02 4.167042304610132919e-02
1.206092627387943821e+03 2.799306369194008539e+02 5.040260234742469786e-03 2.277022385106818730e-02
7.612484941021147051e+02 4.540989603474737351e+02 8.464363071808104089e-04 2.824425434504077882e-03
2.381745917526143046e+02 6.835935767156694283e+02 -7.460126122412988900e-04 -2.557024773525404292e-04
4.980487651426396383e+02 4.584039650269476169e+02 9.172942114124488840e-04 -7.915618752356790716e-03
2.176822864821240273e+02 6.981996874878515200e+02 -5.301378621448739510e-03 -7.087138980437831387e-03
2.729041429265342913e+02 6.247265431519888352e+02 -1.600377129079900984e-02 5.594818722092985766e-03
1.039718986751455759e+03 1.931480741945585180e+02 -6.001325205551717419e-04 8.957789712306041480e-04
2.996787191259043652e+02 4.082936435017692816e+02 5.481744621106102080e-04 1.221675178181041077e-03
1.940751561677345762e+02 3.190490011924497367e+02 -6.682110281189472100e-04 -2.388658632284124030e-03
7.836467367889822526e+02 9.371400117229239868e+02 2.145640563099678250e-04 -5.558189515461367872e-03
2.542031631858073695e+02 5.552800655367381069e+02 -5.647618135253960892e-02 3.189817060003050653e-01
2.477849907352029390e+02 7.302583610195563324e+02 -9.506366869240338597e-04 -3.593413810430284242e-03
1.013589208896037803e+03 1.771325779845001307e+02 8.625707952633362638e-03 -1.521163021122547490e-02
1.980685222866437414e+02 5.812394151268641735e+02 3.228498747265823223e-03 -1.529921003357050807e-03
6.055864061588625873e+02 4.073052488351810325e+02 1.358586548891739358e-04 3.841457262240055570e-03
2.255519619346941340e+02 7.429437883352678682e+02 -3.857398343866001809e-03 -5.035353133774439667e-03
9.752725747612286114e+02 8.636423305240502941e+02 2.600332085074853316e-03 1.354337390569184014e-02
2.368076277538779664e+02 5.428696294107834319e+02 1.564940480507318876e-01 -4.366588658165323697e-03
2.502190749055568517e+02 3.786185356131768458e+02 -6.681965559576749647e-02 -3.795310578466584150e-01
1.153923692412348601e+03 2.193493806751009174e+02 4.078660175228283891e-02 -2.620062492083981461e-03
2.448425649808024787e+02 6.179387420171464100e+02 -3.011708156144899187e-03 -3.730477817426428467e-03
1.163900435651470843e+03 1.903018101897452823e+02 -2.794309598312333734e-04 4.102225540912745466e-02
8.092294709723096275e+02 4.024841257973951656e+02 5.582898666412658764e-03 5.009463897979435408e-04
5.422276940763166522e+02 4.258302052126418289e+02 -1.983896738325409762e-02 -1.280669731172712038e-02
2.976371571610205251e+02 5.003559230899479644e+02 6.064605798391456068e-03 -1.614562976872341293e-02
1.172700913073339962e+03 2.097038076071829664e+02 4.913995769665333198e-03 -2.690284955042387006e-03
2.710641130613982455e+02 5.643513498902690344e+02 9.609033570895781501e-03 9.741950221755044104e-03
2.318967483836098324e+02 3.347337227877213763e+02 -1.491490552395230984e-01 -3.322723655463485359e-01
3.055040999924772223e+02 4.577270307767924464e+02 3.465458359965121332e-03 2.935720784443904101e-03
2.448016630651850676e+02 6.325145967014216239e+02 -7.460612582584565805e-03 -9.940705564101543889e-04
2.736754100849901761e+02 5.178566564429572736e+02 -5.885782472079942318e-02 9.391001446191928059e-02
9.426768673165339578e+02 8.994024696226312017e+02 -5.530238667285566900e-03 -1.732992474266625794e-03
5.121025836722175200e+02 5.026469341188304156e+02 -1.835927801852053074e-03 1.831088154222691288e-03
3.257045035290244641e+02 5.043709147805129192e+02 -2.581429712713183061e-04 -5.001240138523876076e-03
2.653520122482488546e+02 5.147842852981345914e+02 -6.708202609937721772e-02 1.350382517608209876e-01
1.158935048166975093e+03 3.750682016633805915e+02 4.265253583199491404e-03 2.925196116910291910e-03
2.669571499526952039e+02 5.895969875795591406e+02 3.143944172002688647e-03 -2.972524414992609113e-03
2.080074415326349992e+02 5.945213432912121334e+02 1.009033849628886668e-02 1.485098314256195172e-02
1.212029753683235413e+03 2.363993657841025993e+02 -1.237109942972343564e-02 -6.097937607113391306e-02
6.415867823512567156e+02 9.556487025521892065e+02 -1.701035831253416286e-01 -7.591986063415077091e-01
1.087479137656433068e+03 2.211438860244417981e+02 3.567958377671668485e-02 -7.911082616175348081e-02
1.128325446839513233e+03 3.423551813951449958e+02 1.986856502096295916e-03 3.061433070096391488e-03
1.100073273582927186e+03 2.176841657710271534e+02 -5.952677479984744844e-04 -2.184282763687997106e-02
2.674907639218483268e+02 4.657449753413579288e+02 6.153201321833117604e-02 -2.540945767121545740e-01
2.807565455112995210e+02 5.965767677461868743e+02 -1.060525360994553530e-02 1.357358219034848551e-03
9.721587215950222571e+02 8.630051600284575670e+02 -3.052529945906295138e-03 -4.575311231113992488e-02
2.613399590261187200e+02 6.475757939465897834e+02 1.337178957434578472e-02 -1.154141594419892496e-02
1.250929114389685083e+03 3.035696974255890837e+02 6.382014560243771386e-04 2.378513205406077198e-03
7.696891625385910629e+02 3.977532067606309738e+02 1.244843404009824978e-03 3.557598154418541245e-03
9.973688471219783196e+02 1.955866343870458479e+02 -1.763954593291326006e-02 -1.219549246517621401e-02
5.268916882494758056e+02 4.937071708862968080e+02 -1.563931278495840497e-03 -7.693473338275286406e-03
1.164154258187089908e+03 2.301613740431849919e+02 4.086602082355795390e-02 -5.073965383867643647e-02
2.759859199069277906e+02 6.821900990038983537e+02 -7.634205301392645515e-05 -4.708452825464672434e-04
2.607746481588032452e+02 4.678091644018477950e+02 7.256229076299174074e-02 -2.406975434417629456e-01
2.709592103461787360e+02 4.836133050256610773e+02 9.067586526623809540e-02 -2.222134961585260915e-01
4.917805649011129390e+02 4.810535657193649968e+02 -2.306561197437896268e-03 -5.212460652965001870e-03
1.201309457055363737e+03 2.471404604239440062e+02 -5.106232678957498342e-03 -1.895658431693888904e-03
2.873447703508979885e+02 4.694116619424876831e+02 7.583785479331852861e-03 5.981440614109014703e-02
2.642786208306919775e+02 6.863195960573605134e+02 -1.494487302667525663e-03 -1.568970203604771758e-03
7.614795991666952659e+02 9.083061342684122792e+02 3.756328783430206309e-03 1.105103604250682117e-02
2.563859990934498114e+02 4.185576519125589812e+02 -1.055315508056116486e-01 -3.467538362296984089e-01
2.342010910646777404e+02 5.087550379446091711e+02 -6.426628971406434659e-04 -9.379031680730417694e-03
5.428023393817162514e+02 5.121913236874171389e+02 3.282314758532473096e-03 2.035132984045134527e-02
1.179415045105336731e+03 3.921562903330955123e+02 -1.981442313855932488e-02 1.349632255720406224e-02
3.002783969366462884e+02 5.120387850237950715e+02 1.660848639861535860e-03 -3.911756484993443583e-02
2.639097191801153599e+02 4.829133694986238083e+02 7.436697711501935593e-02 -2.433208871678273488e-01
3.116109939958424775e+02 5.506012844896189335e+02 -4.430472049055217756e-03 -8.578210171395263609e-03
1.130475661364397411e+03 2.275361170531692210e+02 -1.926220016901082719e-03 5.860791083328327489e-03
5.912507015543825446e+02 4.856360008385136666e+02 -2.804924367343335223e-02 1.379520893453787915e-02
1.076259789773702778e+03 3.110392070091949108e+02 -5.724441728060999240e-02 2.468394515530841077e-02
2.597070643087326971e+02 4.250531364402596637e+02 -1.110533249142185291e-01 -3.851024473497698941e-01
3.922797627423361178e+02 1.088546297705363941e+03 -2.291601575310078451e-02 2.050383220583819679e-02
1.225362385695107605e+03 3.612083643641774415e+02 2.435385257351101347e-03 -1.045787047171202119e-02
3.947962928656566532e+02 1.095231955648939675e+03 -5.255133847057469353e-05 4.998645604842696238e-03
1.025428605618502388e+03 2.613230646702718332e+02 -6.481093546079875166e-03 -2.825869290084276342e-02
2.577426850079190217e+02 5.147148525114890845e+02 5.946669744621357889e-02 -1.317173467828914313e-01
2.507526018557270504e+02 7.122149846957556747e+02 6.949339183557079816e-03 -1.309724290993895257e-02
1.112167462716181035e+03 2.201970933815105980e+02 6.444235839916301854e-03 -2.355812510393516523e-02
8.860875174798579792e+02 9.297228939175740834e+02 8.475637545582838731e-04 2.950194594758262447e-04
2.768073559497717611e+02 5.320341553332491458e+02 1.689731953973986971e-04 9.697897166320487358e-03
1.299630749455810701e+03 3.141891398962586095e+02 4.708504677504570315e-03 -3.222696652059793901e-03
2.523958294751690516e+02 5.076241659689216021e+02 5.249124733250799119e-02 -1.702066080649999036e-01
2.758372454456543323e+02 6.027400428722730794e+02 1.858600531609046896e-03 -3.252560417161358668e-04
1.540912431486790126e+02 4.933376471449691962e+02 -2.210092446696468316e-01 -2.714278272341196785e-01
2.356970109575415222e+02 6.513820364972899597e+02 -5.684080092204947879e-03 5.686724064217417614e-03
1.110320701821168683e+02 3.839861731115489647e+02 1.966588253325699670e-02 -3.755533891607980724e-03
2.403398097009372805e+02 5.350902168822345857e+02 1.899767264787143028e-02 -1.536128958936655575e-01
5.027966905152944150e+02 4.815333881216300256e+02 1.061237751805988019e-04 6.348370589608244704e-04
1.526280857927191619e+02 5.008073254660629345e+02 -1.757060034046957209e-01 -2.812179832565669946e-01
2.736074449725936688e+02 4.428897899668038463e+02 3.408891221848570768e-02 6.787270827089572633e-02
2.537141626617676593e+02 6.222668611482815777e+02 1.763267040054683531e-03 -4.267485723160165112e-03
1.026634497461884166e+03 2.422716206752512278e+02 -2.698980336453412027e-04 -8.210976587064362439e-03
7.426891547663140045e+02 9.603826903311595515e+02 3.606630122539451993e-04 1.999781881249198135e-03
2.263573323623331817e+02 7.593748578543645635e+02 1.892640810244936717e-02 3.949026750841101024e-02
2.088818682903293507e+02 6.469082828420954456e+02 -5.282556692284659169e-03 1.416542125258333194e-02
2.220980901332509063e+02 5.436137208556169753e+02 6.245044528073981187e-03 -1.205377154896716679e-01
1.178453760329250599e+03 2.256059182520602349e+02 2.387343427668239815e-02 1.160734176132515762e-02
2.908018565920648939e+02 5.372875115242910624e+02 2.206860429769638351e-02 1.405574968095678889e-01
2.437361963437353722e+02 3.764403323227982128e+02 -7.546698326431838799e-02 -4.132432922632950367e-01
1.066616408101578600e+03 2.297511630897988084e+02 3.775161801759663316e-02 -1.052387118365638065e-02
2.751245682850218373e+02 6.718162347580354208e+02 2.439820386799434158e-03 -1.211862079285783503e-02
1.616509525031431167e+02 5.270913130179566224e+02 -2.198077558723961766e-01 -3.442238028720523979e-01
9.595871021627995106e+02 8.309499851438604310e+02 -1.628911434016743626e-02 -1.111961138435775195e-02
2.217078937583472396e+02 3.064542791831458430e+02 -1.502257473166390966e-01 -3.399495144958986081e-01
2.581913130122321149e+02 4.916277802946711972e+02 1.431334274974651877e-01 -1.198386254048071781e-01
2.397009293270888008e+02 5.269755521769120605e+02 3.548492987019977174e-02 -1.016939217471395096e-01
1.968678774784975190e+02 6.911969136836723919e+02 -1.023454769539127330e-03 -5.258047980012832672e-04
2.923389481541399277e+02 5.491229107657212580e+02 2.256254213390061769e-02 -1.223330423350052834e-02
1.041554381695152188e+03 2.040524838031846571e+02 -1.400830463274693391e-02 8.896287928695977010e-03
2.298418818264157721e+02 5.369082351931966741e+02 6.966683932031716119e-03 -8.993582053291884759e-02
1.149960717426810788e+03 1.886957859815017855e+02 -9.341921600048182575e-03 3.230952807693865392e-02
1.008597998100456039e+03 2.394658366638208520e+02 6.501573697140892831e-03 -8.278886904049884143e-02
6.173841385667627719e+02 4.333637995220767607e+02 2.708178052869648564e-02 5.971061493955790583e-02
9.401240416963019015e+02 8.865446940758695291e+02 3.910921437823568214e-02 5.405978753055978338e-03
5.463470541645896219e+02 4.416999827036993906e+02 -1.952240604938683399e-03 -7.220727828644945764e-03
2.471423924558322653e+02 5.054643088858400688e+02 6.937836871639242731e-02 -1.169967601543435570e-01
2.839141714918781076e+02 6.201739043469284525e+02 -1.406850714782212656e-03 7.162533681211433190e-03
1.033390939736616247e+03 2.563005988324504756e+02 -3.375499767994684895e-03 -2.202975671161878923e-02
2.329614876005802273e+02 5.300992851143721509e+02 4.332770762105037782e-02 -6.858692950129127719e-02
1.033213783788712590e+03 2.835905681212452123e+02 -9.118036171147120283e-03 -2.473563473883568994e-02
2.462057513403440510e+02 5.573966495412794302e+02 5.949284986052173763e-02 -1.359415001562266911e-01
2.506028948138061310e+02 3.941208963157304197e+02 -5.378585150304620449e-02 -3.905940922542810445e-01
2.362385725556073055e+02 3.478576728255966373e+02 -1.146040793046014666e-01 -3.590117861444721004e-01
1.025930527921688054e+03 1.813819087554824705e+02 6.027845402446239086e-03 -3.997502677687278690e-03
2.393556879301500260e+02 5.158855453952830885e+02 3.698477410739317572e-02 -5.531696151038967280e-02
2.810953616986776638e+02 5.763428597122697283e+02 1.380886902966559950e-02 -1.046095402125276795e-03
9.831457756136699118e+02 1.910549822069708625e+02 5.725301283395185055e-04 -8.056834627410580651e-03
2.664000528120218974e+02 4.242387443561443661e+02 4.361147983185036797e-02 1.131910227322625306e-01
3.084232817451405708e+02 4.956034984489604653e+02 -1.891426761206034882e-02 -2.583947118183563263e-02
2.969823762663570506e+02 5.234220718383946860e+02 5.622772576356789564e-02 -7.718342720153428815e-02
2.453570453773901647e+02 7.211879456163245550e+02 2.052909050383892268e-03 9.552381146074303891e-04
4.457218702221311446e+02 1.084700837972805630e+03 4.995190553228381338e-04 -1.075390415407902374e-02
3.100285525602923826e+02 6.127120194628059835e+02 -2.357545064598124893e-02 5.826026039234294407e-03
1.042587085503622575e+03 2.765179262317462872e+02 -4.917730795949243512e-03 6.529594983325439847e-03
5.739600981865723952e+02 3.947452942495994535e+02 3.705031675885588072e-03 -8.520264928859428225e-03
3.859667632806298911e+02 1.063977195353399566e+03 3.139906830182495265e-03 7.082792430593945997e-03
1.153392617304849182e+03 1.420459392704371453e+02 -4.199495687890874608e-03 -1.494067976168334281e-03
2.152962053797306794e+02 6.430749252233239304e+02 1.601030444155718963e-02 4.629962987825486653e-02
1.181690297431249974e+03 3.255025389751384068e+02 -3.315259842739209234e-02 2.863884258303725505e-02
2.121755293972150298e+02 6.636020017060305918e+02 -3.710886234858439599e-03 -6.903478344888258796e-03
1.070683056470003521e+03 2.192916314427303632e+02 2.411365325417929098e-02 3.211129755304637477e-03
1.219334605151129608e+03 3.474441765496750918e+02 6.182277377137784455e-03 -4.426556862695336936e-03
2.309340752606470062e+02 5.686410071469376817e+02 4.953171381658696276e-02 -8.573990190747493578e-02
2.357230410102150131e+02 5.791758538749015770e+02 8.346440966196150280e-02 -8.213880169410679721e-02
1.245363421348041129e+03 3.341366116928900283e+02 3.882675420977670933e-01 5.774487825881340075e-02
9.437603065375619735e+02 8.558265816604858855e+02 -2.486376842121485169e-03 3.746189942057528803e-03
5.165782687458560076e+02 4.234729479475628295e+02 -6.547408747297091399e-04 1.020183281442237598e-04
8.650511740421309241e+02 1.102217034716620901e+03 1.817627088800267802e-04 -3.378420213982398241e-04
2.696193572091563624e+02 6.976069008477708167e+02 -1.099247128578473114e-02 5.751883300029426993e-02
7.860730957594660140e+02 4.008645213536893266e+02 -5.176675145280974256e-03 2.411074634181605263e-03
1.163558501428939735e+03 2.542066434117229505e+02 -8.927301814659279605e-03 1.459680120044828944e-01
1.037604671608320587e+03 8.617639437268331903e+02 -6.407808767733621548e-03 -1.442166361192056927e-02
2.710002067019528909e+02 5.258658617593931695e+02 -1.232921282668865762e-02 2.866215759091024842e-02
4.799791879797759293e+02 4.707347153341202102e+02 2.573066071137179636e-03 2.446237392213376424e-02
1.051298477888408343e+03 8.471366823424061749e+02 4.771030184895265480e-02 -3.490487449751116661e-02
7.915740605042259403e+02 4.069627795685040041e+02 2.725737598464970934e-03 3.209666583109871060e-03
3.170502234043400449e+02 1.080462426667483669e+03 -3.114406884651656302e-03 -1.391103295001884608e-04
1.140936435875383268e+03 2.232930364160620513e+02 5.889448284596264342e-03 7.923342666010109144e-04
3.309712151199271943e+02 5.243444995757047309e+02 -7.502755201533609303e-04 -2.538497739246759963e-03
1.034841934427093292e+03 8.565180724367364746e+02 6.837721790735386837e-04 -4.616365241958245852e-03
2.815783714481254378e+02 4.540466110314991965e+02 1.372697260558085157e-02 1.300030758616827278e-02
2.206261554746335491e+02 5.280262629523556370e+02 -2.176205522275857557e-04 -3.646044242801994959e-04
1.052055746176666162e+03 2.995263576609579559e+02 -3.222788561727314271e-03 8.627006863835589429e-03
2.166839792174395143e+02 5.291270120174535805e+02 1.783821364809296331e-02 5.187104733793846539e-03
9.807800175668367046e+02 8.529014969526576806e+02 1.554935073717262023e-03 4.118005339349938877e-03
2.250970725401275843e+02 5.781366501310793637e+02 4.611172371301897055e-02 -1.322263691721761170e-01
2.715914924655513687e+02 6.585749048512935815e+02 -1.185051223277885576e-02 2.390312917252528438e-02
2.506892273623470260e+02 4.252900597209919056e+02 7.395093507356974294e-02 2.693134431054813316e-01
2.671593794275119080e+02 3.983931819934783789e+02 9.428899383248569299e-02 1.631482535928625022e-01
1.217111465539110895e+03 3.165690807138782361e+02 3.864833199413466591e-01 7.142418118325288834e-02
1.197566230209208015e+03 1.796135916111248036e+02 1.566221272415838778e-02 -1.630742458308170884e-02
5.605583731397656493e+02 3.962836831739290346e+02 -4.536932775745344294e-03 1.232002097264125323e-02
9.242021475109041830e+02 8.916878362326044680e+02 -6.318407112458582654e-04 5.384875661399413874e-04
2.823649713734764077e+02 5.617369698733368750e+02 -1.065319029655733933e-02 8.124086345957841349e-03
2.919231675662959447e+02 5.642525330848460499e+02 -5.724175068699891879e-03 -7.595373223926970598e-03
1.514485069040518397e+02 4.542500017637293013e+02 -3.279017126002113647e-03 -5.593643032017719778e-03
1.138981184908955129e+03 1.881771365088793289e+02 4.730019165462820738e-05 8.607684133266395310e-03
2.455488263167364096e+02 5.827553309969537167e+02 2.154742910691669899e-01 -1.604737102151418127e-01
4.918715255963554114e+02 4.485340739636620810e+02 -1.300473484451289971e-03 2.359604224276010045e-03
1.199418383700083041e+03 3.491844008543646964e+02 -8.384676275166537754e-03 4.235058183495550230e-03
2.834061366787109932e+02 4.123896908123401772e+02 9.359632747858857849e-02 2.256997636799100704e-01
2.690778552265052213e+02 4.078552066035720713e+02 9.066492123046562823e-02 1.623088421965595551e-01
1.115277254566183046e+03 1.801095647934890565e+02 1.823117263499697549e-02 3.643341559307520378e-02
5.018123089378054260e+02 4.341092285187460789e+02 -1.662738955523723706e-03 -2.723797765603500759e-03
5.664017274951212357e+02 4.285240123948211703e+02 -6.463692634334205871e-03 -2.038003213909511321e-02
2.237844778071669793e+02 7.238601459089608170e+02 3.087173403885668747e-03 -2.545937522280936668e-03
2.495022232803642339e+02 4.935073998333684813e+02 1.229966321276767215e-02 1.307847028960841367e-02
5.077195443656190150e+02 5.126435005939996472e+02 -2.092681052494634736e-02 5.338920387786309785e-02
2.269991659384018874e+02 6.439220622410711030e+02 -3.628087895158545184e-02 1.956375453040146151e-01
9.600355354572632223e+02 8.939204409664687319e+02 1.835663472447979921e-02 -1.910315022099092624e-02
6.389219755474997555e+02 3.745455265376418765e+02 -1.097359058129462406e-03 -3.314952057384725793e-03
2.725112205409706689e+02 3.902971300874401095e+02 6.934934689053982859e-02 1.811815700102113180e-01
2.140317152311463644e+02 5.812606945686553672e+02 -1.837413267811981122e-03 3.396248434027310803e-01
9.894611614571091422e+02 1.912745856145825769e+02 -1.711485713305686482e-02 8.305045401237188055e-03
2.057567024111479270e+02 5.139770106943478822e+02 1.911294666648540638e-03 8.653068448737004023e-03
2.408911030563758970e+02 3.543196937730968443e+02 -8.425208486966957733e-02 -3.615971851569873552e-01
1.053642284934914869e+03 1.830400001526122367e+02 2.891141906270649521e-03 -6.218340643965127902e-04
1.275428828931811495e+03 2.844688153881412518e+02 8.078202012283966851e-03 -1.401276162840308682e-02
1.081662848328950531e+03 2.335668587703746653e+02 2.095251620702998085e-02 -1.051884398903496776e-01
2.220178932386271811e+02 5.904705118592064537e+02 1.273312252229853170e-01 -1.740706404196953883e-01
1.236215095195593904e+03 3.288051637200452433e+02 4.336169770247372268e-01 -5.294892032057953342e-03
1.077841374214017378e+03 2.028074123670746474e+02 2.422943490061769956e-02 -3.794745011668655688e-02
2.927915164182780927e+02 5.828431661921277964e+02 -1.008232356446340074e-03 4.432268440051428948e-03
2.412067058815536029e+02 5.644050463899225178e+02 4.639540268810225798e-02 -7.078000998919292686e-02
2.576270605343256648e+02 6.030348317694098341e+02 -6.668735116055259657e-04 1.822861806929965828e-03
2.806063891458405806e+02 6.769096300196557650e+02 1.320849489994737128e-02 1.279649750093463621e-02
2.880198596376247906e+02 6.249176466942556090e+02 4.031070627301196977e-05 -5.341218720051830668e-03
2.243226106356572984e+02 3.186848689117647950e+02 -1.795741813816127130e-01 -3.310063528168227798e-01
1.202994005615853439e+03 2.079602178777810764e+02 3.233487907927705407e-03 2.334233502699533270e-03
3.063852874535266437e+02 6.312588673880877650e+02 -1.005887422208710628e-02 8.131822050244981448e-02
2.658239429642362666e+02 3.811214240020438524e+02 5.016581199294473797e-02 2.093629292914020723e-01
1.029181066803404974e+03 2.483135460868245161e+02 -2.919182948264981061e-03 -1.641395999138014648e-03
2.018907725963569249e+02 5.488191621180709490e+02 9.116221394348308915e-02 7.208788705007251885e-02
2.126556808590659102e+02 6.562334739646486241e+02 -1.895848104204076456e-01 8.390742930721038773e-02
2.315585910891021229e+02 5.966116933346132782e+02 1.343744061265276235e-01 -1.596534643257416508e-01
1.958121796098779157e+02 5.339312486285476780e+02 5.538979592893127774e-02 1.144229172410578532e-01
1.890000484615383698e+02 5.381768099891315842e+02 5.551704147226128178e-02 1.354130672620347531e-01
1.233535281320161175e+03 2.532059624976087093e+02 6.812087579928089581e-03 -2.116480986113781007e-02
2.736591026311343171e+02 4.694238194667245807e+02 6.152553753469360703e-02 -2.673474844949471629e-01
1.210378152216922217e+03 3.409506751470050290e+02 -1.585414050866194510e-02 1.034166082483537093e-02
2.526521969053277417e+02 5.225170466492789956e+02 6.570011851957387183e-02 -1.438780260086044149e-01
1.217952395409140763e+03 2.518585329013536409e+02 6.516294821467724652e-02 1.859805525529054648e-01
1.165669634706444867e+03 2.059332683849868886e+02 4.152235456840031730e-03 1.086492932020070162e-02
2.580917752587936889e+02 6.221410332685724143e+02 -7.335221555208455658e-04 2.908280377847395366e-03
2.424416142768207862e+02 3.872298838201678564e+02 7.601164931604822983e-02 2.491741089734998693e-01
2.029034088973930636e+02 6.032617832826431368e+02 9.559252351777619561e-02 -9.177395671906876662e-02
5.112177107344555225e+02 4.391933782203490182e+02 -3.461038664948607292e-04 9.466458845716008369e-04
2.118575314721692280e+02 7.367730188169678058e+02 3.190317401865819941e-03 -2.625542676102245176e-03
2.594796439487722637e+02 3.794100403262939381e+02 5.765493278023445939e-02 1.990537496688083996e-01
2.175736647272698008e+02 7.658598601446127532e+02 2.708134332442231357e-03 8.909097322535978331e-03
1.182319912018511786e+03 3.409289729104066851e+02 1.999800214648890864e-02 1.669488294384964891e-02
2.771422009775905053e+02 5.843735420064268737e+02 -1.081911557017657330e-02 -4.127765159254712102e-03
1.113377613895670493e+03 2.320784144944553020e+02 -8.772361712020271957e-03 1.737469343779262168e-02
2.585452315783836639e+02 4.426149146416130407e+02 -4.573189298918010903e-02 -3.014015894760336267e-01
1.050273213851669880e+03 2.035141120977130811e+02 -3.335858223121168642e-02 3.826514545774597001e-03
1.070429328837160256e+03 3.013428127910108287e+02 -4.310685433716742593e-02 4.264040317585311539e-03
3.090801831123002898e+02 1.063012891693763777e+03 -1.406615372036525320e-02 9.611385388010117159e-03
1.042546102070172083e+03 2.470933397713635600e+02 5.713697204366398157e-03 -6.237295627594975460e-03
1.939537049118803793e+02 6.963790668718877441e+02 1.948281253263665740e-03 -3.948759132686738803e-03
1.122084233098867571e+03 1.905865170690656214e+02 2.502666833558155057e-02 9.739955940002606796e-03
2.552947462323006107e+02 7.469398766628723934e+02 -6.683562330437942296e-03 -9.087466703420539905e-04
1.247859580661830023e+03 2.994325709379412501e+02 2.864211025463182531e-03 -1.600231206059516374e-03
1.016441437927818924e+03 2.297348735984738255e+02 -3.372725244244380825e-03 -9.276066203043309942e-04
5.291550042074304656e+02 4.385929258975228322e+02 -5.180307431180270622e-03 -1.353243975093207201e-02
1.954388338548188244e+02 5.975159093216652764e+02 9.083062155242757618e-02 -5.366382412188892836e-02
1.429021479886170596e+02 3.922567108621331613e+02 -6.542190480346188851e-03 -4.696270361093168172e-03
1.049931592258637011e+03 2.290134636497225529e+02 1.467361806902826599e-03 4.137917108689386989e-03
2.957714379738548018e+02 4.910963950484718907e+02 -1.376014424687411379e-03 -3.976347285678871919e-03
1.226440363136806582e+03 3.193036781809149716e+02 3.570628028863769843e-01 5.318140013966934226e-02
3.728888040152604617e+02 1.050274827041065237e+03 7.078510966408938648e-03 -1.778926640498065131e-04
1.030437939793828946e+03 1.886755818950448145e+02 -7.879154578325475375e-03 1.497947272171548314e-02
2.831980520830756518e+02 4.920101318890877451e+02 -1.131556622294738190e-02 1.082324666178019340e-01
1.051771179230112239e+03 2.839256031298849052e+02 2.361223948771949861e-03 -1.404068185197310942e-02
1.092849970330901897e+03 2.205973058526525676e+02 4.828269579391390037e-02 -9.758425498695051659e-02
1.063292147287890430e+03 2.059712450592079165e+02 1.149538305460259986e-02 -2.018206217847523173e-02
2.267626966210258104e+02 7.276264856605599789e+02 -2.387556739226639416e-03 4.154356084087556036e-03
1.111084474227712690e+03 3.148478519729245022e+02 -3.434967412022611050e-02 -7.471768716421685330e-02
4.659729115832632260e+02 1.098676639421604250e+03 -2.218876088253375959e-04 -8.776611318270094442e-03
2.683404517459376279e+02 3.649142909060260536e+02 8.097369732865111747e-02 2.674207827074762678e-01
2.848849433946859335e+02 5.825770637571314410e+02 1.781555986051747836e-02 1.335950337781270821e-02
1.987289566002619665e+02 6.095208574827945540e+02 6.454592091386705810e-02 -1.259269635663296805e-01
2.567166591597907654e+02 4.798335574505664454e+02 6.150868716942719389e-02 -2.229025137839610871e-01
1.218193074760222544e+03 2.204693439810027087e+02 1.178972466178754147e-01 -2.769105559861818541e-02
7.696329712017404745e+02 9.562144758483549367e+02 -2.929111574566926890e-03 1.060245839921257786e-03
1.182830432101647602e+03 1.838417526675119689e+02 3.677627212336218639e-03 -2.485097264150283158e-03
1.152408779090181497e+03 2.293079503321440029e+02 3.711260586589677085e-02 1.040482092717767183e-02
1.035698845272398330e+03 2.989585342740600709e+02 -1.528027822308167033e-03 -5.363500757022784948e-03
1.175016918627505902e+03 2.120928321411541901e+02 1.348759891818577389e-02 -3.361861876038630802e-03
2.221918368060048863e+02 5.835739991038532253e+02 7.526053906337049071e-02 -1.348503891247916919e-01
1.021835750601679706e+03 2.352146611402915255e+02 1.167166298628644940e-02 3.054994031797400329e-03
2.630955717994444854e+02 4.608378391499397821e+02 6.001637243771132391e-02 -2.721618945884969332e-01
2.799367731801511354e+02 5.076057451869195347e+02 -5.811747442304984052e-02 9.943585482508331130e-02
2.550699478587055751e+02 3.632019881070196448e+02 6.155744184697324595e-02 2.733263669292226861e-01
2.175323114979759396e+02 7.604072203329617423e+02 -2.093003806560217017e-03 -2.783375725624243242e-03
1.177258363879044282e+03 1.418332583839109589e+02 4.003593614355858976e-02 -2.581458653864359895e-02
5.902833299712771122e+02 4.782778298733843485e+02 -4.682534528056424457e-03 3.919175073603204697e-03
1.171105591062976600e+03 1.597727835661517588e+02 4.960617700088516824e-02 -1.350641118880329394e-01
1.944870374935434540e+02 6.124999293565248308e+02 7.452851423514653129e-02 -1.347152006581883998e-01
2.657515793852191450e+02 7.112078123434431518e+02 6.609174321956270449e-03 7.463987758747447736e-03
1.099508174615816642e+03 1.605272963547892573e+02 -8.157273417129257825e-03 -1.413204839687634898e-02
2.789524612736887548e+02 6.055184508916814821e+02 -2.401567997377368133e-02 -1.997749394597306619e-02
1.263268912631199782e+03 3.940700018534139986e+02 1.413600167728026663e-03 -4.262784224613594582e-03
1.128610673725668221e+03 2.181607093790242402e+02 6.106959466309814892e-03 1.114129437450323695e-02
1.104343181191919939e+03 3.175488139794840095e+02 -3.875490737030953120e-02 1.633920693074639996e-01
1.298124249725020718e+03 3.310441559148758870e+02 7.492090846984739150e-03 -5.254532638842885836e-03
1.021527489866295241e+03 2.026324199217166324e+02 -7.841580632560693780e-05 -4.855787975091545305e-02
1.179472013697092734e+03 2.343545781932256205e+02 2.456787976828282011e-02 1.043359952642318456e-02
1.173848576309688497e+03 1.900694150387740251e+02 5.318587892801057010e-02 -1.091827586258694617e-02
2.515782085479812906e+02 3.593296230224307806e+02 7.831137124457575316e-02 2.667682226014973512e-01
9.805738192094876240e+02 1.775851874567894981e+02 -2.534839351016338407e-02 2.429574531076034161e-02
1.117560309690116583e+03 2.100963659611190621e+02 1.056673416616070726e-01 5.260880350815872603e-02
1.166125148468625184e+03 2.617353221287594920e+02 -1.956524525104745560e-01 1.637826818115686867e-01
2.012075303934944372e+02 7.023759959968775775e+02 -1.014713565748232016e-02 1.577230645435263520e-02
1.123782061144353747e+03 3.399146631065430597e+02 1.341833153079764751e-01 1.699317664985096343e-01
1.098706543863569777e+03 1.841841206387670695e+02 1.588878609127750419e-01 2.315875086834174104e-02
2.751540945972894860e+02 5.249140296999629527e+02 -1.642155366532013425e-02 3.530882761450550994e-02
1.162855305489998273e+03 2.920772563358750062e+02 4.421972051884157651e-01 1.159002113956554975e-01
2.633955986932310225e+02 6.910483797831641368e+02 2.568684347577368261e-03 -2.460811442383241399e-03
1.394261632556674328e+02 3.868518141768329883e+02 -4.113324927647393596e-03 4.219197623968955549e-03
1.054325922007941472e+03 2.851310557656015021e+02 9.145267676637225743e-03 -7.122541242140549393e-03
1.026893892930676657e+03 1.977195531736414011e+02 -3.736989202165168916e-02 4.259622634245149864e-02
1.237696637926987250e+03 4.172354354956193561e+02 1.399845260691856162e-03 -3.210546023053261009e-03
8.278746945479609849e+02 8.751597962630030452e+02 7.704333446483387429e-03 6.670261890980607247e-03
1.105611086983138193e+03 2.318742151031738672e+02 -1.677147917338389855e-03 2.063275327097555036e-03
2.306055678363642869e+02 5.573986277719088775e+02 -2.603008838549154547e-01 1.262566762459582104e-01
2.652840532483879770e+02 4.445827721584992673e+02 -4.096800169800290936e-02 -3.573191179249627369e-01
2.111767768924652842e+02 5.473100663384353766e+02 1.019834830102449436e-01 4.517766695836585716e-02
1.157090463752332198e+03 2.325275589256768569e+02 -6.031019541807053352e-02 1.393247873421234739e-01
2.387074534626618458e+02 6.182017951355398964e+02 3.839360938158198257e-03 -1.511448909417874211e-03
2.452034625385804247e+02 7.100265886471129306e+02 5.196597063985564091e-03 -3.281977423744093032e-04
2.381481527055725564e+02 7.648056271283271599e+02 1.176515056960395324e-03 4.127402937931289804e-05
1.022127118540935044e+03 2.792425100799989650e+02 -2.737824893120653202e-03 -2.526561656770471859e-03
1.163562393907414616e+03 2.178363017864500364e+02 -6.501188316615028051e-02 1.189238966267767844e-01
1.152030828796674314e+03 1.971409330112339546e+02 1.921536472537575466e-02 -4.852357003947436326e-02
2.132907099929517756e+02 7.571647306323081921e+02 -2.322189987250346688e-03 2.123291299396063737e-03
2.392390000077340630e+02 6.007646342922432723e+02 5.194815017997632227e-03 4.271389658033783454e-02
1.203330963437615537e+03 2.283762044329104981e+02 8.311811222822845791e-02 1.834893883831751130e-02
2.912356758384972863e+02 4.522659529289089164e+02 -1.574378340370066742e-02 4.306257143179600955e-03
2.691653233634702929e+02 5.781266165744470982e+02 -3.662721416550413379e-03 -3.527880008403930061e-03
2.493428244940851073e+02 6.816114465967641536e+02 -5.078570075430898639e-04 -3.882193884051768785e-03
6.494065016004315112e+02 5.066234298745487195e+02 -9.348091686342515153e-03 8.049010304971218610e-02
1.038081167974974278e+03 3.001415922489883883e+02 -6.137499178928937675e-04 6.888795968421564803e-03
1.161885652695417093e+03 2.254088310632058949e+02 5.380274599132921914e-02 1.323568242866126829e-02
1.019933450530581922e+03 2.175865683499652334e+02 -1.817461191024557316e-03 -4.361783915335240916e-03
2.912590956817850270e+02 6.331317504084969414e+02 -2.032215608241725625e-03 -3.451938362093300103e-04
1.197966771634895167e+03 3.162924151186686572e+02 1.782057463909779427e-01 2.267098537692847915e-01
2.355610913106123405e+02 5.235745155844174406e+02 2.769184387719601792e-02 -6.169726059302135801e-02
2.570440196605230199e+02 7.184892071433140472e+02 1.727870902209135582e-03 5.420312370551082920e-04
4.814049239609518054e+02 4.456688172368975529e+02 -3.277327743869771354e-03 -1.344972612300841461e-02
2.180915561121870212e+02 6.358140230733110911e+02 -3.112466848115038459e-02 5.324207999773206135e-02
2.622738171005509002e+02 3.442672185996966050e+02 7.473878508086798100e-02 2.739949764772612872e-01
1.294000650811343007e+02 3.900839890873045874e+02 -2.674067638872797831e-02 -2.770358190057176442e-02
5.709040882616480985e+02 4.039971909599892683e+02 3.873431500445498045e-05 -5.310328103139274475e-03
1.049249363739174669e+03 1.783969266236636884e+02 -7.637877354249897159e-03 1.170767790909316847e-02
1.162866484324781140e+03 2.977412226518970897e+02 7.446125267840063289e-02 3.824686255209560487e-02
1.147162400482007570e+03 3.739490381640701457e+02 -1.352944500305768190e-03 3.160210102746554856e-03
3.208466360634450325e+02 5.451094061037080110e+02 -1.052843095518179138e-02 2.658491984553926907e-03
1.028685645481545635e+03 2.650868732657367559e+02 -8.589300958075261287e-04 -1.218103563299490280e-03
7.636246869802033643e+02 9.182296506414016903e+02 -1.210298323737203120e-02 7.753302994468966487e-03
1.217833374857490753e+03 4.170052030311316571e+02 3.885798392473426900e-04 -3.143367474769372030e-03
1.098418825956163346e+03 2.072289268634617372e+02 5.218614680726511162e-02 -3.690446307532910947e-02
1.277711520019509408e+03 3.722532689230953906e+02 3.593041863800097799e-03 -2.935219022338015314e-03
2.577088594705518290e+02 3.477303791883502981e+02 7.369682225307128132e-02 2.826650904976946155e-01
2.616909570794960587e+02 5.030809283303041184e+02 1.035972704273002976e-01 -1.409715927754105758e-01
5.107290855996803316e+02 4.921634264125237337e+02 -1.513201108149258905e-03 -1.079209561371183968e-04
2.351723848717920760e+02 6.407730598776686293e+02 -6.698293424289156889e-03 -4.218648661713534850e-03
2.560083038994142157e+02 4.967484554159707955e+02 8.416856862588122101e-02 -1.417420651032106071e-01
1.176494527408326348e+03 3.408797856937033544e+02 1.510135543941879162e-02 2.373921545705908256e-02
2.512946921610174797e+02 5.362077388738025547e+02 2.349084848266205783e-02 -1.067360545111596115e-01
2.798133106828463497e+02 4.484682754430420459e+02 1.128688825767902408e-02 4.386205788409149736e-02
4.645968406148264194e+02 1.099823214072831888e+03 6.725111323317373505e-04 -1.602936288544796247e-03
1.144596077732688627e+03 3.635236224631777873e+02 -8.398244983801745819e-03 -3.095412740774486100e-03
1.057508202528473021e+03 2.132850996772029646e+02 3.933414833432150211e-03 -2.681097729499911340e-03
2.401490345305603284e+02 6.601612977097738622e+02 5.735513577787620942e-02 2.493072108338180090e-02
2.553006581975310496e+02 7.350960855927994544e+02 -2.615812847735280323e-03 1.205440803017712769e-03
3.721623575350526494e+02 1.068978819523283619e+03 -4.154641615105065799e-01 -1.240093587440683348e-01
2.191387466636828378e+02 5.493935334966949995e+02 1.344239831091164072e-01 3.662765462420811829e-02
2.610664488387524784e+02 3.341632493348347452e+02 7.954065486183307943e-02 2.961023786080950737e-01
5.157375185862571243e+02 4.728528590967329706e+02 -8.879556860482817199e-04 -8.650909347070950134e-03
1.175289675163879110e+03 3.071424999902711193e+02 9.427226158941896458e-03 3.289598075826060675e-01
1.882467025560189882e+02 6.087747031120928796e+02 9.490295280695427993e-02 -2.154893453159774652e-01
2.414036468416838943e+02 3.379183020475791750e+02 6.972904771718972661e-02 3.018372937030009973e-01
1.209161531634590119e+03 3.973817705670526834e+02 8.551129095462108032e-03 5.512118932069419441e-02
2.216488734234560241e+02 6.032524120499957689e+02 1.229515061110581786e-01 -1.968824869819346124e-01
1.131988871426649439e+03 1.830456560998889017e+02 1.518120213481869429e-01 1.775784269473766330e-01
2.775605364346099009e+02 6.365984990317828078e+02 9.506655543971911926e-03 6.390162301458265914e-03
5.065198347931561216e+02 4.855070156849344016e+02 -4.282517960024110129e-03 6.556182624701187289e-03
1.188965920777159226e+03 2.509796292356620029e+02 1.235001393061199021e-02 -4.145503737563761143e-02
1.175541077942266384e+03 3.603318559581892373e+02 1.506608231137410202e-03 5.729493862829015266e-03
2.167582805090758598e+02 6.088383884646376600e+02 2.157773650479757888e-01 -2.566134685627746159e-01
5.371342535470839721e+02 4.700903680110067171e+02 1.577807770286649433e-03 -1.803701756676844665e-03
1.122031899696241453e+03 2.367309005365445387e+02 4.045731737620813367e-02 2.781694707360867769e-01
2.467730873103692772e+02 7.408876193493545088e+02 -1.456292285877394113e-03 3.161399063697440618e-03
2.776998756518922846e+02 4.563643441864315946e+02 4.457477522566482761e-03 -2.644367535048059228e-02
4.786556239151504997e+02 4.429436993953526667e+02 -1.667758000179885708e-02 5.818048531173842901e-03
2.464531614034030156e+02 3.449086171726640941e+02 1.072815460378124808e-01 2.809060217658995717e-01
1.008386573978762954e+03 9.275405517502071007e+02 8.064333480595649566e-04 2.684411487604334559e-04
5.020641966353879866e+02 4.978071666698114655e+02 1.781562784512430919e-03 2.077709112814313946e-02
1.163818075297438781e+03 3.250109170447707925e+02 4.718866139721357260e-03 2.229229191989547110e-01
2.257862548096458966e+02 6.164276258092819489e+02 4.392298597194905715e-03 2.999286918491134504e-02
2.921742015747141181e+02 5.777480824503006716e+02 4.352598469415849998e-03 9.322250400040196089e-03
2.396071450036225485e+02 3.289817714204174877e+02 9.045354375085971899e-02 2.915821535690186761e-01
2.464995989325485368e+02 3.321684109956048587e+02 8.379824174799006820e-02 2.855113297946834106e-01
1.193169481235075637e+03 1.720009483362495928e+02 -8.317059737498428557e-03 -9.067505649793496797e-03
1.928997528401539228e+02 5.890134642408876289e+02 1.518217893419012733e-02 -3.757207234123075782e-03
1.146372923528290357e+03 2.591871204516163516e+02 -4.985068711299742161e-02 7.194794089061680442e-02
1.263761720012126489e+03 2.933814322376788937e+02 4.118838463140005179e-03 -4.525497435575307446e-03
1.121118301261521992e+03 2.218841414579920581e+02 -1.356663866368888749e-01 1.587388059995374634e-01
1.110110847410868246e+03 2.450396884264046378e+02 1.803371762135422707e-03 -4.374357988812355505e-03
2.468261429195239032e+02 4.026705250864067693e+02 6.541397071175106270e-02 2.524951444816863622e-01
9.701346059856664397e+02 8.257786850319021141e+02 1.740718023499836665e-03 -1.073750302730737058e-02
1.008183284376896722e+03 2.112674883065674578e+02 -2.209254373064825465e-03 1.272963012715028382e-02
2.518861850257500237e+02 3.220515343135771786e+02 7.635807152380544305e-02 3.072721914068074489e-01
1.038031117744463018e+03 1.770690769602168473e+02 9.486676180622093113e-03 -9.570229217643493047e-03
1.763213095777140609e+02 4.983126219478880898e+02 8.101275071769376002e-02 2.705735274376192545e-01
1.709547893487115857e+02 5.298376903224135503e+02 -2.925689561108095194e-01 -3.190068248846313903e-01
8.816506300813589405e+02 1.100569345865762443e+03 -1.003351546245593798e-04 4.645846616826344476e-04
1.729642915502958260e+02 5.038614080959351327e+02 1.157972244760615138e-01 2.702718099857884249e-01
1.181794632181108682e+03 3.572358929419318088e+02 4.515318793034728967e-02 -6.254798772952896435e-02
2.864210490244726088e+02 6.411803605242888580e+02 1.843882573101350564e-02 -1.608799599735488695e-02
1.947997667433003244e+02 7.015300451537966637e+02 1.027459504189603794e-03 -4.595630737352991019e-03
1.108657250401452984e+03 2.625048650921683588e+02 4.497806023886197907e-02 -3.753533536367174017e-01
1.986472016718225291e+02 7.149643201676193485e+02 -1.568973096598430539e-02 -1.537950125570394441e-02
3.798238909070270779e+02 1.085336504208446740e+03 1.113259225960428964e-02 -7.918962382701906499e-02
2.055948629508924625e+02 5.891016958643788257e+02 3.144516318771659741e-02 2.289602667528159441e-02
9.911778454415509714e+02 2.294269246825105881e+02 -2.281574528508529664e-03 1.240111517366340428e-03
9.922205891198643712e+02 2.606273239555803798e+02 -8.673254915177917856e-03 5.471585820695219760e-02
1.199014929770684375e+03 2.555818017196714607e+02 1.490215171070258769e-02 -2.224098667576811933e-02
2.170918036627721222e+02 6.608953487995702289e+02 1.554515224611496523e-03 -5.364870223628362238e-03
7.173771017010018340e+02 4.752612140578153799e+02 9.793393000444496500e-04 -1.456557020963436316e-03
9.948888994360844436e+02 1.674244802302700066e+02 -1.281052542237504088e-01 -9.125694126292235864e-02
1.016689429529937797e+03 2.012365547723713917e+02 9.176347866983489143e-02 1.090845327986277452e-01
9.986958166381825777e+02 2.428415161373549438e+02 -2.607535717623088098e-02 3.603092427360281291e-02
2.552672592396985465e+02 3.153074333271483169e+02 5.478304875853808042e-02 2.643176342137883994e-01
9.869469478524902115e+02 1.760343265958952657e+02 -1.280198510583292482e-01 -2.899064920306797591e-02
1.086340210025977285e+03 1.732273255311826858e+02 6.162374334114994329e-02 1.855262227556259969e-01
1.074202801741464555e+03 2.190104424573447091e+02 3.567461572908478540e-03 7.124680682988362469e-03
1.202237418065312568e+03 3.866791803001892731e+02 -9.622906301015379804e-03 -8.840815327490904318e-03
3.593284757796549229e+02 1.074726289354073060e+03 -4.610230785941722975e-01 -1.330074078783708147e-01
1.136535044802842094e+03 3.884362085081432951e+02 -2.870193616227105504e-02 -4.169882765978908529e-03
1.271864956599104772e+02 4.320036236380939840e+02 2.883014090457246548e-01 3.786150124570686892e-01
2.606051936549348511e+02 4.054154774453595564e+02 6.595277831659127066e-02 1.608052449668543882e-01
2.570269263460694447e+02 4.275784223335642196e+02 -1.080938494289753055e-01 -3.534544201085859649e-01
1.142411939365215858e+03 2.116761541686485089e+02 4.987284566116857026e-02 -1.925082854202179311e-02
1.163724183935307110e+03 1.520028687323871281e+02 -1.014223510800602024e-01 -1.741116701707664388e-02
2.758233070722467914e+02 5.686636668402638861e+02 5.393599843434440134e-03 7.410493117615513103e-02
1.188910981116861876e+03 2.599185965008689436e+02 1.560233302343904394e-01 -2.249791829642291408e-01
7.845906873994151738e+02 9.591036018239913119e+02 3.783719895727924616e-03 -3.702524260985894794e-03
2.799644885758028181e+02 4.687344281346315711e+02 1.356118519546307272e-02 -9.077327940112449312e-03
1.139702428609072285e+03 1.730639148344854448e+02 9.288138376621303191e-03 1.642817745272451974e-02
1.993117296380322045e+02 6.922940125420785762e+02 7.928705900351675244e-04 -1.374158371771333606e-04
1.181981434581784015e+03 1.964435173683861251e+02 -1.535944330373807849e-02 2.910708942514778769e-02
1.188517203484399488e+03 1.853614201392121288e+02 1.789117367071853607e-02 3.955686228130696896e-02
1.123069455469622199e+03 3.264770397069283376e+02 2.108073598425999270e-02 1.074619242213177839e-01
3.959418818878335742e+02 1.082073524225884057e+03 -3.382881180046061753e-01 -1.790672172853016442e-01
1.081220069844167256e+03 2.143661257316513513e+02 2.638994550751931623e-02 -5.595311822772032484e-02
1.033914269282660598e+03 2.598437455550388790e+02 1.582783143726374051e-03 -1.818002246080254684e-03
1.976022395070926905e+02 6.064603711552874756e+02 9.022942561398221428e-02 -4.296429139537037700e-02
5.924435978754596590e+02 4.594637155747216752e+02 2.935233880044066032e-03 -1.064948209443979631e-02
2.129858266721903135e+02 7.138223853940980916e+02 -7.061145814462474468e-03 -2.385612608059466122e-03
9.928675300972407740e+02 2.144301824532859655e+02 -3.973585722048274434e-03 2.097787865664131959e-02
1.158695951588648541e+03 1.856921005484288116e+02 -2.706898518398759279e-02 -2.025971522694103300e-02
1.212019275446903293e+03 2.167513277795092677e+02 5.343505917094404367e-02 -2.114456333498715424e-03
2.558256981514130075e+02 3.343217304169009481e+02 9.777609640252679646e-02 3.182035735264112097e-01
1.109961593261742792e+03 3.691917258086349420e+02 -2.321270256441087827e-03 6.751079824458160183e-02
1.208491129322420420e+03 3.746728641913211391e+02 -5.965646397506114626e-03 -5.453481705985795472e-03
2.661744948742971246e+02 4.550747285828650774e+02 4.368099733081055869e-02 -3.054018444114826591e-01
2.405425021661838514e+02 3.172282865087314008e+02 6.836372179859040443e-02 2.889065697230145946e-01
2.451712272510451385e+02 5.081558644761099686e+02 5.953374112368848420e-02 -1.285098769541513919e-01
1.202908739395176099e+03 2.554397482576796676e+02 -2.302470113174118985e-03 -1.175665427212145911e-02
2.674124735300370048e+02 6.484366162418492650e+02 -2.395551688814078969e-02 -1.364834644406755504e-01
2.794900310600350508e+02 5.256778177050491649e+02 1.570834188066335887e-02 -2.547934165153839872e-02
3.778595133631530985e+02 1.060206357385763340e+03 3.508429099819016309e-03 -4.845289914328532177e-03
2.326976549257497027e+02 3.154600855595224402e+02 5.535675426980672664e-02 2.785715593022484171e-01
7.532764403873612764e+02 8.451381195918368121e+02 7.205876808395532103e-04 -9.093317179075052379e-04
1.127412277446175267e+03 3.611459208496453357e+02 1.030263958891499271e-01 1.522702074663888350e-01
9.698556316074844119e+01 3.787094199304070798e+02 1.515274197383575938e-01 3.513914163244200584e-01
2.743496338189769972e+02 4.268592889784695785e+02 3.670863396430644465e-02 1.060291231263831568e-01
1.066251689174359853e+03 2.173140852472059805e+02 5.243290565284255446e-03 -1.156569582985398671e-02
1.108773460574314868e+03 3.327362454262287770e+02 4.334756833536042020e-01 1.566869817013218091e-01
2.371361447642324833e+02 3.112081956345759863e+02 6.176896812347771465e-02 2.491418982971518037e-01
2.704557630840960769e+02 6.022537421607835313e+02 3.646828429289969420e-02 8.247086681057864965e-02
2.047841031778944796e+02 5.367868108161470673e+02 1.153899325387147123e-01 3.241471615891546032e-02
1.008303494128624379e+03 1.815881262688609183e+02 -7.673857384965373889e-03 2.291536409118364800e-02
1.183163374910650418e+03 3.704750519590299405e+02 2.341253281149666653e-03 5.466002757682061376e-03
1.920800066716214189e+02 6.433143368447184685e+02 1.328151002905254285e-01 -2.361475207537518106e-01
2.524912941733057892e+02 3.055590995477880369e+02 4.833299395086013833e-02 2.213088301541664971e-01
1.164777825354071410e+03 3.798151891197055079e+02 1.110855834299788285e-02 -5.244749669680142876e-03
2.175825209186850202e+02 5.634262544375553716e+02 -3.659125006815406866e-01 6.833094998708413859e-02
2.462157918730068502e+02 3.228173841980269003e+02 1.140938556318431552e-01 2.946428864044996487e-01
2.613122476003528050e+02 4.149215304256841819e+02 4.222550518174301992e-02 1.372550567044733272e-01
2.548819737418697855e+02 6.681561011098219751e+02 -8.393887484779228095e-03 3.441168574283892667e-03
2.878401303312015784e+02 4.360195373122316482e+02 6.854329664423126911e-03 3.467478222009426347e-02
2.496883555961878187e+02 4.067896475826152596e+02 9.400576393849455203e-02 2.602271113971600935e-01
1.035873063235497511e+03 1.991110316499442661e+02 5.709242313584512313e-03 -7.776150682248729636e-03
1.039084587819895887e+03 2.711712988682897389e+02 -3.688388544162092553e-02 6.652693692162475747e-02
1.115728940340569579e+03 3.495139525996028169e+02 2.116177464912528672e-01 3.186660851353319557e-01
5.177687710706705957e+02 4.585075098573622085e+02 -1.974231884045557744e-04 8.397329982023237285e-03
7.435083975029406247e+02 3.941326277496233956e+02 -4.602570251573991078e-03 -3.117894229765289654e-03
1.260378960263330328e+03 1.959058452328843885e+02 4.340217786729059016e-03 1.059638731275102085e-04
1.242559980096954860e+03 2.862570112654836407e+02 5.261374243472298484e-02 4.723748401875576403e-02
2.830574978441372878e+02 6.095443882680129946e+02 2.548188547263551158e-03 -4.926126871209278620e-03
3.265318661276749026e+02 5.522545724796447075e+02 2.941669243391605536e-03 -2.277917497203337492e-03
1.085764562434452955e+03 1.515683031916967138e+02 -1.539598030326184627e-02 1.215890533767113348e-02
1.013815074739614033e+03 1.954403099522248795e+02 7.867137518450059708e-02 -4.050729131987168552e-02
2.115015935624523991e+02 5.909103778945511749e+02 6.348659415091674474e-02 1.829574201341908346e-01
1.018956591508254746e+03 1.764122067506142741e+02 1.303128520606679696e-03 -2.499727161934540282e-02
1.067701246353231681e+03 1.957615237860471211e+02 -2.894807080682201914e-03 5.207055865857403501e-03
1.015376230481522953e+03 2.734643254207974792e+02 -7.248237204967031451e-03 -1.824889064317166895e-02
2.617549279619248637e+02 5.909549018874678268e+02 -1.536065438130580080e-02 -9.378903777427989238e-03
1.102397915080313396e+03 1.868596138067342451e+02 1.081917134972409517e-01 1.110181157698404975e-01
1.926245255387729571e+02 6.519604381340864165e+02 1.298040684698156255e-01 -2.444389861162821198e-01
5.698683770547609129e+02 4.976496480319022453e+02 -1.372876929355872294e-03 -1.325891762376127771e-03
1.106134012147992280e+03 2.015849064677724130e+02 -8.012902285972561085e-04 4.363018073500254945e-02
1.054695996665980601e+03 1.856569575697286609e+02 1.307012240005016313e-02 -9.331910494903792111e-03
1.157855963905559520e+03 3.142574467442024684e+02 2.812278051262962625e-02 -3.689215219402106755e-02
3.114434461189025001e+02 5.031293635305887619e+02 1.930876654763567899e-04 -2.863092476381991214e-02
5.026180839294447082e+02 4.387624126957284147e+02 4.190396485282492887e-03 2.948578465548777790e-03
1.017356450286824270e+03 1.662743141519455889e+02 4.577049820171490147e-02 3.313097002974697142e-02
2.375275108487569469e+02 3.578950328112898660e+02 -1.448396834815652290e-01 -3.541914643688825470e-01
2.739289122603920532e+02 5.052687122188950184e+02 -8.081166124565133946e-02 9.564158126557285866e-02
1.059706681923827318e+03 2.646864113308438959e+02 3.546466488305397013e-02 -7.554900517363248580e-02
1.184738180837228583e+03 2.072344770514276888e+02 -4.278366038988679065e-03 -9.590985360383445790e-02
1.076728444219571884e+03 1.925488899031439587e+02 9.105980652061658465e-02 1.964721948557508410e-02
2.877089338990420515e+02 4.200924779992043909e+02 6.996658704131802908e-02 1.164788560082893887e-01
5.153520520885400629e+02 4.814503330151218847e+02 -5.181994419200026568e-04 -8.207846087917512745e-02
2.641466285113273784e+02 5.295730816354509898e+02 1.821021886338397913e-02 -5.237736510897635783e-02
5.700157168698705163e+02 4.961311835658189580e+02 -4.877480267477807274e-04 9.413945385619015838e-04
2.133287920167582286e+02 7.211394736514148462e+02 -4.657832591505428610e-03 -2.190842235211221123e-02
2.208614614675352925e+02 7.677411938074457112e+02 9.866784018597520196e-04 -1.260022893254266613e-02
2.442996645751847495e+02 3.134389796138763700e+02 2.767340017694248228e-02 4.476817380733673878e-03
1.006858008306107195e+03 1.903496791167944764e+02 -2.421509068987263286e-02 -2.826630484028165233e-02
1.192241819285364727e+03 2.024390221649036334e+02 -1.953573877956900698e-02 -1.694953542453863510e-02
2.807824533194178684e+02 4.326397546292059246e+02 -4.634162094249426669e-03 -2.540441446700749534e-02
1.028132185952455075e+03 2.229015188137173027e+02 -4.002276351170099868e-03 2.442523097014410310e-02
1.013005742207812546e+03 2.442815215623944880e+02 7.195250522775749162e-03 -1.270932599958938744e-02
1.178274819765797247e+03 1.963285100293389860e+02 3.412662624747531820e-02 1.428664846003872002e-01
1.127658273336958473e+03 3.192018435494431969e+02 1.219301224655580801e-01 1.118197384705013064e-01
1.840678650466019519e+02 5.569359998828281277e+02 -4.030387343725164162e-01 -1.692855160835871620e-01
9.151585145765739071e+02 8.351916762960340748e+02 4.583388339557266378e-02 -7.252437159966904079e-02
9.166902441361734191e+02 9.302956332233227386e+02 -5.171365812359119025e-03 -9.918327096396543311e-04
9.950269965663867424e+02 2.433640252100361465e+02 1.147519272190417397e-02 1.672208124476526423e-03
2.780663293408273944e+02 4.194120350206962371e+02 8.916562460987571825e-02 3.859324217690635744e-02
3.003145498481909499e+02 5.576775018383160614e+02 9.322088251240537998e-03 2.467288502603585802e-04
3.417065109365991020e+02 4.508907654270777812e+02 -6.791878448346264641e-01 -2.732086816225136161e+00
1.160767282488502133e+03 2.740484279309973772e+02 -7.355230383425272363e-03 -2.132478419624419530e-01
1.156374176398102918e+03 3.407669670209118067e+02 5.776066610249880329e-02 1.681934572835810382e-01
1.191471181225069586e+03 4.057765275732824648e+02 -2.603595690927783257e-02 1.407277909219793559e-02
2.971370189470584933e+02 5.395165012638425424e+02 -2.744427477619504514e-03 -1.520384249402562463e-02
2.106198769250750615e+02 6.116197611251481021e+02 -3.008955191474367921e-02 2.346939406135655493e-01
2.650610900620243910e+02 3.430502735794947853e+02 9.085771774986521609e-02 2.769432995946632392e-01
1.074481098646529290e+03 1.611317722015024572e+02 1.901506958965950567e-01 1.164168460846017328e-01
2.775964272536165822e+02 4.916029628923673727e+02 -3.835480133097795424e-02 1.494854587463184392e-01
1.059899221333442256e+03 2.329210301497399769e+02 -4.086649354775277465e-01 -3.078493513998488140e-01
2.779499645343070711e+02 6.482195941450980854e+02 -5.340511571833620429e-03 9.552069196883751544e-04
2.562229292409651293e+02 6.717715630631757904e+02 -1.763313770243562367e-02 -3.413186129956662790e-02
1.232315205114732407e+03 2.548949554858130853e+02 7.946779648027249565e-02 -1.754214632807391816e-01
2.691775765953946120e+02 6.094930144892828139e+02 2.565540151393903325e-03 -3.936129748566414600e-03
9.100504792994038326e+02 8.390509837957088166e+02 2.637970322384759411e-02 -1.975235885181013396e-02
5.892905100590471648e+02 3.918674768295027206e+02 1.469612239522258279e-02 -6.137622985337837060e-03
1.105380827232458387e+03 2.170058870000582374e+02 -4.865476521730807691e-02 3.131482332488783049e-01
3.018947130123327725e+02 5.512366689124497725e+02 2.643886556365126952e-03 2.753318979688723286e-02
2.572953686978851806e+02 7.545764161774669674e+02 -1.092359512778596055e-03 2.846486116615075303e-03
1.702470421502752629e+02 4.873611407386570704e+02 1.621240647944803270e-01 2.918134326214210650e-01
5.344993767473048365e+02 4.258865884768899264e+02 -1.580914361389099739e-03 -2.740335788577943563e-02
5.823652449191049527e+02 4.631806541881535395e+02 5.694380708521206737e-03 -1.025878456772816652e-02
1.171216214054212060e+03 3.223573315546481695e+02 -7.659908333235640465e-02 1.489194999873575398e-01
1.322673754068367771e+02 3.937828408238444808e+02 4.663461194841080591e-03 9.747153320367541243e-03
2.676225752412709653e+02 5.275144633253139546e+02 -2.994546919578000219e-02 1.093689619531411188e-02
2.893594848790357332e+02 4.422275333035142353e+02 -1.238082230972560246e-02 1.422688501036425135e-01
1.268578953014531180e+03 2.583162724276522795e+02 -1.214884076310173561e-02 -1.514594026051599082e-02
2.051791886805495437e+02 7.101024646214461882e+02 -7.732988697736742183e-03 -2.435035377398069771e-04
2.879451188130722699e+02 4.758475100561623208e+02 -2.528859028563601799e-02 7.950346459432466872e-02
1.096336699645900126e+03 1.583939626942170946e+02 4.082223077210983542e-02 -9.577600742989261784e-02
1.093257146186693944e+03 1.736116666863776743e+02 -2.111252567921874986e-03 -2.376905585918553596e-02
1.122562691515749293e+03 2.076959073949365688e+02 -5.210377434645477313e-02 1.029986923889533029e-01
1.135928110528499701e+03 3.714228239311708535e+02 2.363652095008342835e-01 3.922045368104516982e-01
3.837160266750663027e+02 1.073900963753710357e+03 -4.374422613173531982e-01 -9.517073765158208520e-02
2.606704335807558550e+02 5.248522652649816109e+02 -3.209348722348318722e-02 2.964578212655588629e-01
1.090572147376630937e+03 1.918262912563311886e+02 1.817435007159436513e-03 -1.835197277731144940e-03
1.070652244712480069e+03 3.414316471131776325e+02 -1.060705667219015826e-03 1.939325796305032103e-03
1.208441079468936096e+03 2.567178968116067495e+02 2.954065136291224650e-02 -1.200473857824562174e-01
2.526103709312516514e+02 5.154957420185668298e+02 3.687323954900868783e-02 -2.171011711529899912e-01
3.857471970384698352e+02 1.087371219731267274e+03 -4.430541145633556943e-03 -1.635106039250960224e-03
2.495626792142269892e+02 3.304998379839034897e+02 1.064211070350918054e-01 2.690784025563274229e-01
2.358709833740993815e+02 5.329151891260867160e+02 -3.189706266037655499e-03 -1.171941750139081709e-02
5.113401271280599190e+02 4.470244013103671250e+02 9.091869366510190939e-04 -1.237084499299820166e-02
5.407584268548994260e+02 4.800260898640062237e+02 7.187499327049250500e-03 1.561782112677588888e-03
2.335657617524131524e+02 6.767390263478775978e+02 -7.693073833614814255e-03 -2.282641211751445555e-03
5.522471097012960399e+02 4.952305023893224529e+02 2.850610117793116183e-02 -3.095803471976523585e-02
1.147945094132055601e+03 2.429573586069912210e+02 3.877367076969759352e-02 7.929000880867546897e-02
1.138678093255962040e+03 3.329288154459557063e+02 8.261980249901315632e-02 2.716571194226883312e-01
1.114403220676335650e+03 3.615727617976207284e+02 4.070416905438956762e-03 2.025601467005344603e-02
2.502485649810589621e+02 7.040836555626383415e+02 -1.493059428041089085e-02 -2.564507467817830552e-02
1.208877173924605586e+03 3.582616491586667280e+02 -3.145857652397839911e-03 -4.397677825062770718e-03
2.044116646283209491e+02 6.117222592745450811e+02 -2.923343133744273764e-02 2.224416169323175374e-01
6.608777531987039993e+02 9.537111945549896745e+02 4.265280266191587202e-04 5.286206463332228378e-02
8.573735988037739162e+02 1.101682657560477764e+03 -4.693457347259006110e-03 1.255390418046497484e-03
9.309515471725223961e+02 1.864144224336805280e+02 -1.865732764824878237e-02 -1.366595775063027818e-01
1.122224272949190663e+03 2.283272998962251279e+02 2.368800808033462157e-01 8.596550470842533043e-02
1.130058467358901225e+03 2.635253758810272871e+02 4.988184537922907280e-02 4.614228480200576188e-01
1.096491373402306863e+03 1.536137430834199051e+02 1.928098500229680212e-02 3.165287863657517686e-02
9.844095745755815869e+02 1.859892909462234911e+02 1.703092127325905869e-02 4.017741045410894163e-02
7.856653788523677804e+02 9.541567950690740645e+02 2.529009358903383520e-02 -6.521616624797565986e-02
2.462815085326408848e+02 3.008705319989997520e+02 6.512039499221344840e-02 2.029054623442249350e-01
1.266308074360515775e+03 2.033786175509120540e+02 9.633386796434707106e-03 -9.403410088365404471e-03
5.464170264123854395e+02 4.598273811671238605e+02 7.253623007022141390e-03 2.917681316980546419e-02
1.161707655341232339e+03 1.793924837848602181e+02 4.694572130770561375e-02 -2.048729544671200331e-02
1.170321711571695914e+03 2.705168717974596575e+02 -5.229506904984909145e-03 7.235917231747335428e-03
2.582475230214844828e+02 5.577939458335864629e+02 -7.058807431962732526e-02 4.027370370314668491e-01
2.996227862271330764e+02 5.076856431164285368e+02 1.527917956261840276e-03 9.938823263958916632e-03
1.026722400570110722e+03 1.653159689043909566e+02 8.428036671612756936e-02 2.269583990205208818e-02
1.190156583575368586e+03 2.236158919339495981e+02 -2.421141383381255827e-02 1.326026072834436131e-01
1.273929193864420313e+03 2.682127013064339849e+02 9.479444256502726762e-02 -4.679124038845196010e-01
1.204163994880065502e+03 3.608408500620324162e+02 1.505840497995020871e-02 -3.087468634843383575e-02
1.215562456189853947e+03 3.654483489613590450e+02 -7.859132191969011444e-03 3.079879271738958715e-02
2.213732893295823771e+02 5.349537977723390441e+02 2.341632698504879113e-03 -8.734685674776950307e-03
1.218138361669346295e+03 2.670479225950572868e+02 1.290814677446308345e-01 1.606359580948346077e-01
2.506834936306405552e+02 3.416136807396102881e+02 7.843073764212082910e-02 2.507756506502620830e-01
1.178126883108489892e+03 2.312989655529303832e+02 -2.909348581873500220e-02 1.022052220038795062e-01
1.108923567206887583e+03 2.014351034030082701e+02 3.932488332259598263e-02 -4.621650576876759620e-02
1.117843300713366489e+03 2.228689246936395705e+02 -6.325236395637699738e-02 2.242390589805395573e-01
1.020492736645747300e+03 2.342674602635666190e+02 1.786161118480556614e-02 -1.382299430502881114e-02
9.982154652560867589e+02 2.511078884110707463e+02 2.201223166011776356e-03 1.296726404212112174e-02
1.164258145880744678e+03 1.786279786814832562e+02 -7.440133769366431837e-02 1.775415785352601472e-01
2.430552021609772453e+02 3.026135193427030572e+02 6.458522622312301564e-02 2.693015998982630776e-01
1.089390108330220073e+03 3.304535655241054428e+02 5.884139351917383465e-02 -3.764467625643419524e-02
9.311068474549991834e+02 8.935090179885423822e+02 1.547999399947714017e-01 -1.679764034869395406e-01
2.726220585946367692e+02 3.729914740108159208e+02 7.536143659493556302e-02 2.866961150787536439e-01
1.094502071152997360e+03 1.933922862723751450e+02 6.227966567190985209e-02 -3.087111802863186372e-02
1.238809750102350108e+03 1.264547610798763060e+02 -3.596251845171991729e-02 2.914605307382439961e-02
1.160741892848245243e+03 3.066957727927957649e+02 4.797088979840585243e-01 1.256623399001095265e-01
2.659619053055433824e+02 4.860912191390722228e+02 1.149337086217691456e-01 -2.584364730142479361e-01
2.264192174902599959e+02 5.330048421768683511e+02 9.713779560456126116e-02 -5.867945325461858264e-02
1.037118206355967004e+03 1.589526026735079540e+02 3.470335072803867882e-02 -1.532179261328561228e-02
1.166749315230395950e+03 2.366859816838634458e+02 -3.679814592675844515e-02 2.585458905678817976e-01
1.265751668283905246e+03 2.671207575864943919e+02 4.989343202985231651e-02 -1.115682247677796113e-02
1.025853995312580764e+03 8.707437194722933782e+02 1.523693075990132512e-02 -1.231223639880572006e-02
2.492987271277348782e+02 2.916852585457687042e+02 1.644159189471443988e-02 1.659046293599552857e-01
2.353595183967114224e+02 5.135693622658023969e+02 -2.021801655122398324e-03 1.637791154742477065e-02
1.010666324944933876e+03 2.041497605558467399e+02 1.010415293725941410e-02 -2.064690119207008429e-02
1.170187221144657315e+03 2.381004463930178190e+02 3.206726208627840025e-02 -3.790545366811569339e-02
2.289739636646961856e+02 6.469909978431039690e+02 -5.265319199990058097e-02 -4.849668353542061633e-02
1.099012003917250240e+03 6.605834610882784546e+02 2.755180119200823668e-04 -7.459211559462021295e-03
1.624761978219677871e+02 4.786761588272249242e+02 1.513317117680788582e-01 2.495426847025223049e-01
1.149027823947181787e+03 3.561671370736526114e+02 9.878773640069218875e-02 6.481601639167895723e-02
5.600205999082133985e+02 4.144105624446870593e+02 9.904756158688927253e-03 -2.629436390289513828e-02
1.124394028265289762e+03 1.565828144211219524e+02 2.918092369307557221e-01 3.920078009725938006e-01
1.086434967657867446e+03 1.966261363085986034e+02 -3.040853023856016080e-02 -3.922808087634166441e-02
1.076171529971438304e+03 2.236077737778260541e+02 -3.662130794346186990e-02 -2.026869369869097395e-02
1.188860874483388898e+03 2.345648960082321253e+02 5.415926246146577500e-02 -6.410770381416980301e-02
1.113704327765755124e+03 1.482334109294515656e+02 4.504989822761217289e-01 5.426630423000915540e-03
1.190929441565701609e+03 2.374957893125178998e+02 1.345497191039157769e-01 -1.639261065084542668e-01
2.400615097373454603e+02 6.286532193753893125e+02 -5.012607865619429087e-03 -3.974864839265137249e-03
1.650083319254357832e+02 4.943989241104630992e+02 1.157954678711601987e-01 1.873694272506251368e-01
3.145541067491620879e+02 5.820396995434740575e+02 -7.768014830709546459e-03 -3.547165780778035321e-02
1.090434656131510991e+02 4.299933549711954015e+02 1.482352554507404274e-01 2.254202382203837618e-01
2.793336800551629722e+02 4.277479330464514646e+02 3.230343178730614440e-02 1.529254655010326425e-01
1.145725426160594679e+03 1.602668436346145882e+02 2.127936482790336592e-02 -6.995225381492006789e-02
1.037462243636024141e+03 2.072359112952826194e+02 2.442802832808371391e-02 9.318870081525772175e-02
1.221715655372648371e+03 3.101712807113032113e+02 -3.269416476798695393e-03 1.499706433356629530e-02
2.489977263596213959e+02 6.492829635199586846e+02 8.116833364214393401e-03 -2.059551122977154591e-02
5.468537038868756781e+02 4.914025073970022959e+02 9.217829715427424200e-03 7.997574031975318576e-03
1.162724574920764780e+03 1.601193798089178699e+02 1.075252794684253971e-01 -2.277655331729381283e-01
1.162892243968335151e+03 1.409351153839568553e+02 -1.844914649726498573e-02 3.834390532864788426e-02
1.261568336642120357e+03 2.006488268999799516e+02 5.206278089536638468e-03 -3.893032377992052852e-03
1.112254634234369860e+03 3.473400061553916203e+02 1.229193085415058034e-01 -2.640996199680595846e-01
1.227409014999966075e+03 3.668072176461953404e+02 1.666806745961258440e-01 -2.138768554967918067e-01
2.747460042841810264e+02 5.626563930089943142e+02 1.414393141729135620e-02 4.839567888548117203e-02
5.337211896279550274e+02 4.130755014764812927e+02 1.286390722126079175e-02 -2.171973289545360911e-02
5.908390092591444045e+02 4.165244978360144046e+02 2.665687720245482617e-02 -6.878443504500578176e-02
1.114803054636343177e+03 1.925080067228913379e+02 3.293003464518493711e-02 -2.399503105505417649e-02
1.104886376459522126e+03 2.178447079038163565e+02 -3.042975302050284631e-02 2.772677376933822824e-02
2.331773243468059320e+02 5.823663678516290929e+02 3.275635028203426335e-01 -1.458878477125632733e-01
2.177899016021741545e+02 6.762874446273557396e+02 5.322440849704435095e-02 5.064919714322968503e-02
4.635469313403031606e+02 3.924743362200838988e+02 2.522446396255872969e-03 1.663966815932364438e-02
5.207550008342412866e+02 4.431038120566680618e+02 4.513283366545945384e-03 2.098550469795807533e-02
1.133197631624828773e+03 1.917250896100040904e+02 3.523714865989151929e-02 1.971787628126485670e-01
1.176624168141260725e+03 3.665816087449294400e+02 7.468181726519813012e-03 -3.420344255185151644e-02
2.215524828958284047e+02 6.674493314365264496e+02 5.628137704776905309e-03 1.510112708151230797e-02
5.481717417029597073e+02 4.973189896225271127e+02 2.771695638972794529e-02 2.210322574185016181e-03
1.007775796738305871e+03 2.481347366678556909e+02 1.429652807562701265e-02 -1.818426482714130543e-02
3.692295222675199398e+02 1.098317298341416063e+03 9.869859339678509202e-02 -1.035001617535994400e-01
4.160348872914156573e+02 1.099149916239739923e+03 7.858047352977551650e-03 -5.273679272588250450e-02
2.679189247797785356e+02 4.193529547779875202e+02 1.510864308200368100e-01 7.480300869652367624e-02
8.065818651751028483e+02 3.696211782744492780e+02 -4.804142590036519778e-02 -1.843178842511505877e-02
1.010335607679157079e+03 2.215332417417130273e+02 3.150782878172719847e-02 3.919210705499942549e-02
1.214141118989389952e+03 2.615466056639181147e+02 1.598544714782974552e-01 -9.501318645392231588e-02
1.160825897777026285e+03 3.199339783399946100e+02 1.490235976177842758e-01 4.216263944700671118e-02
2.404919686730262640e+02 5.544685585886954868e+02 -3.098055228263074667e-01 8.431825437508422283e-02
1.196293609686499622e+02 4.515690562572744966e+02 -2.442846237739833837e-01 -1.668776546704066333e-01
4.815922918197022113e+02 4.472253482120011654e+02 -7.068283562822822927e-03 -4.247327916269417331e-02
4.890605551307542100e+02 4.760076798818504358e+02 -4.216021205675133526e-02 2.959913891941141559e-02
1.166596130499684705e+03 2.313978426802567867e+02 -1.156638672436808152e-01 1.321746579331394000e-01
1.157182871662722164e+03 3.028657358871527663e+02 3.984351362548750330e-01 1.836098869998371297e-01
2.197171207223566967e+02 5.563527971461469406e+02 2.692708811605181579e-02 -3.973100832813543370e-02
1.127703505423760362e+03 2.466119614077200310e+02 -7.470381440571470522e-02 4.393441878722451621e-01
2.947906249499592946e+02 6.366116911210624494e+02 -2.318458495446813067e-02 -1.304378126226473332e-02
6.362499008177970836e+02 9.662616270790853150e+02 -5.549359371531181750e-02 -3.839243735170124738e-01
2.444116432273891064e+02 4.984348656216603217e+02 5.658147025607937084e-04 4.115544213574104382e-02
1.007966704694110831e+03 1.966737404175730717e+02 2.211937286909478051e-02 -6.217016986600644446e-02
1.079550064621879756e+03 2.238273962604978067e+02 4.109252486735105736e-02 -7.375719910926975542e-02
1.236149199118129445e+03 1.316900531993231596e+02 -1.118095468377060427e-02 1.196259107772317150e-02
2.596294395661816452e+02 6.116602597331213929e+02 5.478924674185656554e-03 -3.500955029667588564e-02
2.918838865331107399e+02 4.344754143563466755e+02 6.983550677409766649e-02 -5.574065136310461625e-03
1.081003263962679512e+03 1.899123749584929328e+02 2.401449346416484332e-02 -7.857542294998627608e-02
1.209170191740706969e+03 2.180516038499233673e+02 -1.585251271490051295e-02 7.257553409017702961e-02
9.605322244657617148e+02 1.024595260046119392e+03 -3.327979460901057344e-03 3.083736874979573720e-03
2.849207979545616354e+02 4.491821711080164050e+02 -1.524170310386290840e-02 3.298815283652216379e-02
1.011325795631155074e+03 2.540445735261908453e+02 -2.088079943716407427e-02 -1.674918497385895211e-01
1.280157360026761125e+03 1.768067462481448331e+02 2.962907406043252187e-02 -3.360390829722736256e-02
1.150177297362481113e+03 2.025717186010988939e+02 6.074792772758221861e-03 8.971804175460947051e-02
1.248587889314191898e+03 3.379082824605094402e+02 2.352819786857997530e-01 -6.923560699433747856e-02
1.212258614141881935e+03 3.561197240710983465e+02 7.651291665760337479e-02 -2.829818495598601658e-02
8.261083202673667074e+02 8.703946502040694213e+02 2.713618287032204535e-02 -1.890261343437900365e-02
1.088024032107640778e+03 1.761520311101545815e+02 1.529913683958056825e-01 6.741398939203122054e-02
1.086045495416855829e+03 1.856450359276374513e+02 3.507607621862234848e-01 -6.794232181872075227e-01
1.165135725313780313e+03 1.688244503338339371e+02 9.367725849538147131e-02 1.263024990491032895e-01
1.137979658397311596e+03 2.173168541403889833e+02 4.503924712573734862e-02 -8.219409091946090762e-02
1.155670439058012789e+03 2.470582225553511933e+02 8.289733665367293725e-02 -9.980093341794997464e-02
1.175869737792479327e+03 2.802599262340268069e+02 6.115326644859123695e-01 -2.886247489287597778e-01
5.028789916975862297e+02 4.671806624930009093e+02 -9.068414023292663924e-04 -2.026926606990602647e-02
5.231288313258518201e+02 4.993722568773206376e+02 3.624606611115015892e-02 -8.059819545674271057e-02
1.026168096623109932e+03 1.940657479786922579e+02 1.194764882307531955e-04 -1.054759768670565923e-01
1.133991636861464485e+03 2.431556702546959912e+02 1.172582990890684053e-02 -1.372545450198635504e-02
2.716337100383618122e+02 5.333576251446596643e+02 4.915030416807692620e-02 1.630133894077769319e-01
2.601008478246615141e+02 3.250547487407943663e+02 5.760866649775664428e-02 4.146521281531008185e-01
2.856917658161839881e+02 4.594684564728078158e+02 -1.584114329413210953e-01 9.581381403718580714e-02
2.828976685036112144e+02 4.823319601719156253e+02 -2.964513639818733282e-02 4.995536893689234148e-02
1.148695537365604878e+03 1.416140478048576767e+02 -1.313824807434116337e-02 -7.859225071754849523e-03
1.062523603335656617e+03 1.866887770267026951e+02 -2.644660420073421392e-01 2.243113270491043920e-01
1.095670515107135998e+03 1.999146349294104539e+02 1.303713713245713279e-01 -2.022167858633636683e-01
9.913703077394525280e+02 2.301280900498785513e+02 -1.581848876611502419e-03 -6.619077290535457792e-02
1.170998995015126411e+03 1.696795865678155337e+02 -4.920573211254009038e-02 2.449580454475608349e-01
1.167954069320192048e+03 2.501260664206604929e+02 9.212264644801848590e-02 -2.852851847796955553e-02
1.214893964125388720e+03 2.458890550241103483e+02 -2.410862856481514882e-01 3.152937907246347038e-01
1.079739767079158810e+03 1.650742025466047380e+02 -6.071761468008064766e-02 4.657599316028040448e-01
1.141897614581108655e+03 1.818084841947261054e+02 1.936867405298211761e-02 -4.689418828235553810e-02
1.259436438329277053e+03 2.712752956863740224e+02 -3.521290298431267729e-02 -1.264494062644335448e-01
1.160224632683743039e+03 2.962929100266783280e+02 2.141478438560235620e-01 -2.927768372598344437e-01
2.518751354110839031e+02 5.317544355498642972e+02 5.174389632938414252e-02 -3.114362690794386102e-01
1.097027481518113774e+02 3.836537179863544793e+02 9.305550024184346125e-02 2.466918099249445009e-02
1.019651075732677214e+03 1.631076698028480507e+02 4.087872633291075170e-02 2.280201950170142877e-01
1.090528783426350856e+03 1.644946094610796479e+02 -4.227700814559890580e-02 1.752886239936373158e-01
1.018840624881892040e+03 1.785946683877929502e+02 -1.974978336261301592e-02 1.413602334493759827e-01
1.002083567144418453e+03 1.984309624261710781e+02 -2.668313483421040286e-02 -7.770678446528241079e-02
1.032641086503916540e+03 2.948601805284255306e+02 -1.909269868008323101e-02 -8.476059346046819001e-03
1.205757252932360643e+03 2.460191218297823070e+02 1.237970126387229614e-01 -1.969641551684304659e-01
1.215172663696275322e+03 2.744722154008354664e+02 1.256436894910469525e-02 -2.016261777482289685e-01
1.173013423955994085e+03 2.848575799285198400e+02 -2.267290338111251913e-01 -2.174877941028607042e-01
1.225962896716802106e+03 3.335923165839298576e+02 3.652373485797018593e-01 3.320166592102775094e-01
2.680149389606657451e+02 5.336503235115358166e+02 -5.142614286037883176e-02 -2.047741081886821635e-01
2.388953786027758213e+02 5.887652879351778665e+02 7.901401309249914476e-03 -7.608155469847588392e-02
5.071081306236505952e+02 5.066096924946282911e+02 -2.897181650154341884e-02 1.607018357098108086e-01
1.020866332095550433e+03 8.066161213489242527e+02 2.268099237937803991e-03 1.390388859897484508e-02
8.201159336235372166e+02 1.102134090941697423e+03 -2.290264041713877766e-03 -7.317352318978009862e-03
9.719413639578466757e+01 3.400877115332389735e+02 8.764026478210382165e-02 1.109034552015486924e-01
9.033791656232810396e+01 3.774325937398128872e+02 9.410357877472393107e-02 1.454105163533540579e-01
2.493636563727894782e+02 5.316719781241229157e+02 1.005449859243299181e-02 -8.462869001773469513e-02
1.031032962912060611e+03 2.867028461607107488e+02 5.491089793258652554e-03 -3.528949064013886527e-02
1.087888582043674660e+03 3.389267527660731503e+02 5.708717041734416575e-02 9.338906107545881519e-02
1.153274028364844526e+03 2.498667392877798363e+02 -1.760437143398121407e-01 -6.218049662897670027e-01
2.009426085321622963e+02 7.022104500230011581e+02 7.049310501835179266e-02 2.462479772842016135e-01
1.429912127788693965e+02 4.072743042664308177e+02 1.640120517393484079e-02 7.185945591345443972e-02
2.640043463005465583e+02 4.135608918976267887e+02 1.795209121652874273e-03 2.264684040435298584e-01
4.631925767131864404e+02 4.569230024990646939e+02 3.240176960544260965e-02 4.508970162115133462e-02
9.915836994330464904e+02 1.662878859774480134e+02 5.974655039840683912e-01 -1.740218349579976120e-01
1.080263009733252829e+03 1.522629259436546079e+02 5.668645161512131381e-02 -1.791841769304625132e-02
1.157777662405489536e+03 3.905462186761973840e+02 3.479234531305337441e-01 9.855583782041321683e-03
2.129288613545363091e+02 6.710463488054959953e+02 -2.321707162474950792e-02 -9.421307431571790403e-02
2.427939992306663726e+02 2.916084716235848191e+02 6.369481883912916356e-04 5.717635956536545189e-02
8.090587915497980021e+02 4.023077045414872259e+02 -2.390398273113684621e-02 2.846590344235740491e-02
1.088498674703402457e+03 1.507044836853501977e+02 3.780582342534823392e-01 -8.228365539412152430e-02
1.065330179009002677e+03 1.840021762436837491e+02 2.710481727664652563e-01 -7.286095760906713403e-01
1.043985546349343167e+03 1.978232394394586322e+02 -6.307890636935553630e-02 2.157773499654354055e-01
1.069654273605794060e+03 1.985269499698381708e+02 -2.948229523569049701e-02 -2.318832226019272580e-01
1.146650051575976249e+03 1.868017264781177005e+02 -3.816775641507774708e-02 -4.256322146885243574e-01
1.111519466996070150e+03 2.492736732219550788e+02 1.112997233400771363e-01 -4.811324962454932574e-02
1.192332016625090773e+03 1.968628247983482993e+02 3.836562970147952001e-01 -3.410055646127716500e-01
1.143196169654185724e+03 2.215684533471057307e+02 2.568154060372762615e-02 -1.010706659329893425e-01
1.131728616814645648e+03 3.354213960048631975e+02 1.075134865170639387e-01 1.356792590797037124e-01
2.812628144899929339e+02 5.818227494376749291e+02 1.769865970591884621e-02 1.451869589448051556e-02
5.486128994787784450e+02 4.180290429680401303e+02 3.966718296686622125e-02 -1.157089229679684195e-01
9.951733493911135611e+02 2.033979073904884274e+02 -4.798558688867160527e-02 -2.742591216427001655e-01
1.094884165634191731e+03 2.004595220740817751e+02 9.459371753996492771e-02 -6.350990530988127603e-01
1.022623443937708203e+03 2.353715020369203046e+02 -2.375870323275535156e-01 5.419961411620022318e-02
1.227358442338658051e+03 1.488167919224050308e+02 -1.221272049440358387e-02 2.759530813496269275e-02
1.129176571162764958e+03 3.830057959743276683e+02 1.409046125419308737e-01 9.368158037710827557e-02
1.207520532277554594e+03 3.929548408584859658e+02 4.149200997221669240e-02 -2.979347332437498608e-01
2.856390036419575722e+02 5.336676142610181159e+02 -1.433090572790263195e-01 -1.735998233984332728e-01
5.184803914125608344e+02 4.711825837926767235e+02 0.000000000000000000e+00 0.000000000000000000e+00
1.112238530605485494e+03 1.525684210261269982e+02 0.000000000000000000e+00 0.000000000000000000e+00
1.071230509689475412e+03 1.692129140624858223e+02 0.000000000000000000e+00 0.000000000000000000e+00
1.048627550059428813e+03 2.081634199880720644e+02 0.000000000000000000e+00 0.000000000000000000e+00
1.082415791080159124e+03 2.103777677469706191e+02 0.000000000000000000e+00 0.000000000000000000e+00
1.042234439576542627e+03 2.471834882065569730e+02 0.000000000000000000e+00 0.000000000000000000e+00
1.088847415152754820e+03 2.400336348256430483e+02 0.000000000000000000e+00 0.000000000000000000e+00
1.111028804445393916e+03 3.225454317804531570e+02 0.000000000000000000e+00 0.000000000000000000e+00
1.985561500335994367e+02 5.581260953787008248e+02 0.000000000000000000e+00 0.000000000000000000e+00
2.273125615482350383e+02 5.744183153332759275e+02 0.000000000000000000e+00 0.000000000000000000e+00
2.941488654135213210e+02 5.973626541581572837e+02 0.000000000000000000e+00 0.000000000000000000e+00
2.513213225374946092e+02 6.497443152640831840e+02 0.000000000000000000e+00 0.000000000000000000e+00
2.724132414170107950e+02 6.632842637482099235e+02 0.000000000000000000e+00 0.000000000000000000e+00
2.018675273876012000e+02 7.113644370663992049e+02 0.000000000000000000e+00 0.000000000000000000e+00
3.919383865284567037e+02 6.990674774194163774e+02 0.000000000000000000e+00 0.000000000000000000e+00
8.237689781446400730e+02 8.745625769569155636e+02 0.000000000000000000e+00 0.000000000000000000e+00
3.720103779111247491e+02 1.069023210641579681e+03 0.000000000000000000e+00 0.000000000000000000e+00
