1.345267704327592355e+02 3.845699720124704299e+02 2.381914696849264223e-03 4.890414229291224074e-03
2.532813414461560626e+02 4.645480119330787829e+02 3.183725494715539464e-03 -7.753021029939776050e-03
3.203565260420894560e+02 4.731927330203434963e+02 1.358070433132250489e-02 -1.226148163843079984e-03
5.636004020924590350e+02 3.788928496669839205e+02 -6.540404794795994089e-04 1.552636558038570681e-03
7.019391083270355693e+02 4.165457557504641386e+02 -3.192407378249902811e-02 1.565362139952115525e-02
6.343560260488982294e+02 8.219692450730831297e+02 -2.039770263849331538e-04 -3.055078712109342114e-03
9.124561733562006793e+02 8.058973334618698345e+02 8.185193242315838297e-04 -1.496805018172209971e-03
4.599643413413560893e+02 9.415567729422795082e+02 4.214456047045790003e-04 -2.423338329886109348e-04
9.054347501172288730e+02 9.222226090486240082e+02 -3.631954345346367560e-03 -4.088419740715871272e-04
8.994822188262219242e+02 9.261896836063815499e+02 4.057273832384876433e-03 -5.321641960210967380e-03
7.075961511914202902e+02 9.926198375530800604e+02 2.325949182202766662e-03 -5.411160253479825599e-03
7.151805001804464155e+02 1.011360530758337404e+03 4.927074244728873922e-04 -8.073570362422278351e-04
7.049188454561742674e+02 1.023732291353102369e+03 -4.407519157533861757e-04 8.462255072430761383e-04
4.816945758617654292e+02 1.099039114247889074e+03 2.160749179821134115e-04 -3.274362756773110169e-04
7.044042626058032965e+02 1.036491472880132051e+03 -5.917818389815071968e-04 1.817760290298855942e-04
7.518602007073461664e+02 1.067565064008218769e+03 5.095655789260166270e-04 9.298145340214279542e-06
7.455577527607754291e+02 1.071493460710528780e+03 -3.944015959765274134e-04 6.631534845180092489e-04
1.311894187187039620e+02 3.247808907265202265e+02 -1.139902204172223328e-03 -7.500238070015752094e-03
8.996700534244648679e+02 1.102302347350429955e+03 -6.288926028495966675e-04 8.470860655659923468e-04
2.422639993270588548e+02 7.547718646683766792e+02 2.959991323091805838e-03 8.012955397780748218e-04
1.241511852007146672e+03 3.717232500001503013e+02 -6.561313327712905465e-03 1.233073403528918595e-02
1.185315463843225189e+03 2.400162321635363867e+02 1.518561196493609100e-02 -4.620027875634013376e-02
7.156643264020603965e+02 8.821050907845934717e+02 3.928841085735707353e-04 -7.491849680133269010e-04
2.364683557553515243e+02 7.205301887069164195e+02 -5.557906028209547373e-04 -8.098122758716578412e-03
2.498239990627723159e+02 7.128700110491910209e+02 2.488316665978901766e-03 -2.388672257478055561e-02
2.508204839889764912e+02 7.469110197715543791e+02 -5.731187944910302130e-04 -2.445538566203455679e-04
7.181239955299680560e+02 3.567629972177999775e+02 -1.290926013814711892e-01 -1.747789993321993696e-02
5.699979902152026625e+02 3.795720151750386435e+02 -1.040182865070542716e-02 -5.086999832347729837e-03
9.322915770768923949e+02 8.445544595788561537e+02 6.311963526373162367e-03 -2.481754213605280677e-03
5.679049872537754027e+02 4.379885915719666514e+02 2.184812582173561654e-02 -1.261956316837804098e-02
1.008368720323846901e+03 8.121180668048270945e+02 -2.989182503088699447e-04 -3.408292374219381443e-02
2.447653003894157564e+02 7.442931537538108842e+02 3.835008969011339939e-05 -2.519384022576505715e-03
9.831844089606397574e+02 8.284905300195239306e+02 -3.113416346124749448e-03 2.201554120999011689e-03
3.080218675015862573e+02 6.627347792654325076e+02 -7.603877800609480826e-04 5.039817613225192235e-03
1.014988453214592369e+03 8.149259735819834987e+02 -2.497710295549292821e-04 1.130515792236128384e-03
9.424409630156383173e+02 8.319299667329974000e+02 -2.207298356083946082e-03 -1.544518435385986918e-02
1.004094422429571182e+03 8.360816645097182800e+02 1.162878518948335695e-02 -8.906668404908333822e-03
2.321860581835852031e+02 7.236920772666703670e+02 -1.223841133465985694e-03 -4.885832658756764091e-03
4.790981876048561503e+02 4.361919726427247497e+02 -1.140421110912286269e-03 -1.492167492582754246e-02
1.024968892595963098e+03 8.051631986815999653e+02 -9.002788849966686727e-03 1.165301849786518160e-03
2.179462029607354623e+02 5.208328076231890691e+02 -2.237166663546826667e-02 -3.575624628054059184e-03
5.760556338369352716e+02 4.190794131189233553e+02 -2.662750300161032067e-03 -9.334210560757245229e-03
7.307618970727143051e+02 9.237786556913308686e+02 -4.838584639704023201e-03 -3.760088994533028819e-03
9.574348142972593223e+02 8.470596865865672953e+02 2.941836357539352916e-03 2.263282327804869219e-04
7.484560631640655401e+02 9.535500418138474288e+02 3.351806976224501553e-03 -5.940325070987950533e-03
2.625633125328772621e+02 6.683232507546547367e+02 1.724527628147649785e-03 -5.694682228003744746e-03
8.246302995964241518e+02 1.102167983230564914e+03 -3.103969673682261603e-04 -1.202494574958973793e-03
7.512877988548441408e+02 9.588589375184726578e+02 2.566708542181094085e-04 -1.097465553018852485e-02
5.622062017940741043e+02 4.712534891149496161e+02 4.708354279057290395e-04 -4.117842989285686386e-03
5.661319606880741730e+02 4.745678098945535908e+02 9.015102781798458101e-04 -2.619882972410188422e-03
9.144221758511223470e+02 8.446337861759310499e+02 1.870919285984132957e-02 -5.167349792076952539e-03
7.718712568777202705e+02 9.598167607858919155e+02 3.955548006075278655e-04 1.130014956450593570e-03
7.711178085385301983e+02 9.427895263075548655e+02 1.637654854089485440e-03 1.770406040584408206e-03
7.697818621863272028e+02 9.504172450772614411e+02 -5.935295317036740764e-03 4.611723703130274354e-03
9.844610334507768812e+02 8.667358023621555958e+02 -2.064739431763864793e-04 -2.228455917276895236e-04
8.009882342977034568e+02 9.515874726356230440e+02 -8.864666905006599387e-04 1.223267397754531022e-04
2.099460832669535648e+02 6.752550031465395932e+02 -1.147651906045225358e-03 1.167783267788822209e-02
5.670908863942589733e+02 4.935449812512376297e+02 -1.089443664968577259e-02 2.188784206476434083e-02
9.739123746873526670e+02 8.842909308515885414e+02 -1.982934257470522332e-03 9.694247191693630391e-04
7.573042342925174353e+02 5.293674377882547333e+02 -1.248184643181372323e-02 -8.029466116017649341e-03
7.859705677790442451e+02 9.428428469832576866e+02 7.820333890957062092e-03 -5.953401549245742296e-03
8.075990435257045874e+02 3.679413616076167273e+02 7.535709591727278965e-03 7.460880743447023157e-03
2.345680438164497446e+02 6.999287545185627550e+02 -4.932596546379132939e-03 -4.931807824095362988e-03
3.080155940127798431e+02 5.643355518331143230e+02 -7.276416973811569537e-03 8.046290337411433208e-03
8.143382564695888277e+02 4.184246088179577328e+02 -4.672998390346812421e-03 2.319637263510550274e-02
5.881706665358886994e+02 4.024949652927430179e+02 -5.799489843558050355e-03 -1.164928564161874652e-02
1.035432689065123213e+03 8.336695413245000736e+02 6.937914249732838462e-03 -1.492481386053171218e-02
9.965394919706182009e+02 8.201765006559321591e+02 1.195320245444398246e-03 -2.311491138604903749e-03
2.264696490531494533e+02 7.148390727702316099e+02 6.933060665349978675e-03 -2.441089189971427063e-03
2.279198215380273780e+02 7.693839779513466510e+02 4.528534707741762623e-03 5.839464009448033441e-03
7.335629544546080751e+02 9.796538185422840570e+02 -5.751058269150252948e-04 -1.986777719505178428e-03
9.904753103478269622e+02 8.319679915063185263e+02 7.847267272600310165e-03 4.689405336282809547e-03
1.057152722735497946e+03 8.503337930259385757e+02 1.513280567663212797e-02 -2.188270252704547017e-02
8.272780399303109107e+02 4.015467195953023065e+02 3.801777970862206925e-04 3.506236192749546173e-03
1.017690677055828019e+03 8.311346731010930853e+02 1.686302579631244677e-02 -7.075654286195052914e-04
9.474251732602295988e+02 8.369506801311566733e+02 3.575373882868142054e-03 7.076256171756378820e-04
4.655795243477710983e+02 4.553867728495869756e+02 6.628542185161101150e-03 2.859717409842007889e-03
2.684364398538481851e+02 3.001357665003426405e+02 1.218155062575884749e-04 -4.698988595912464636e-03
9.601309413208782644e+02 8.227931101478706069e+02 5.990054534839209244e-03 -2.213572093978655175e-04
8.177179796587799956e+02 9.342045507470617167e+02 1.048726093502787803e-04 1.344820953527862994e-04
8.169022171918024924e+02 9.442402806294569473e+02 -7.048359075405200935e-05 -2.515616114855634151e-03
5.491138276043320730e+02 4.330741707535167393e+02 -4.605085468969858688e-03 -3.728259717722676690e-03
7.297188228151470639e+02 9.379422252245752816e+02 1.038523718669032148e-02 -1.686209137418889434e-02
9.304424746634809935e+02 8.599418891049344893e+02 1.217789370296504551e-03 -1.279960053618269076e-04
7.487937158039284213e+02 9.638616141326434672e+02 -1.754862461174894542e-02 -3.058418955962418154e-02
1.031093156435322044e+03 8.265098439439583444e+02 -6.919831910791610086e-03 -4.927578569806590099e-03
1.022108311730725291e+03 8.153160966101930853e+02 -3.336488104459571502e-03 2.999278161104764156e-04
1.011584605637264644e+03 1.717253055269768254e+02 6.447393209541610326e-02 6.996071301998958714e-02
9.568235479242594010e+02 8.788037115177148735e+02 8.301738845418212345e-03 8.434432355391499603e-03
8.184925247781801545e+02 3.801515165051925464e+02 4.948616131082192275e-04 1.067222968748018702e-03
9.718582970213183216e+02 8.887493289089992459e+02 -3.110702016810776641e-03 -8.685746659705161424e-03
9.088196926546540908e+02 8.412602702434884350e+02 2.320876273764645864e-03 -5.899037174635220551e-03
5.783476829837461537e+02 4.682249473015949093e+02 1.678145283614804412e-03 -2.736898350408668856e-02
7.891736868963464531e+02 9.202094739507381291e+02 -7.502273652499473781e-04 -1.304029562167517350e-03
9.654762767936924774e+02 8.507312259940913464e+02 4.301078213482487610e-03 -2.774687470675173823e-03
1.911183828725001206e+02 5.890654925132574817e+02 1.113634443526232733e-02 3.330750373061614616e-02
2.319224665784037711e+02 6.907616277252222972e+02 3.727118759765388808e-03 -1.352852790320173437e-04
4.926937257645116688e+02 4.486915282464028110e+02 -8.701892103193915136e-04 3.348939676553495948e-03
8.328557282948668217e+02 4.121483081481107433e+02 -3.702098288632477748e-03 -1.033696017891869677e-02
9.676646127507308393e+02 8.744718832975236182e+02 -1.537390004895121051e-02 -1.734266613362877435e-02
8.256222021736336956e+02 8.708748246664296175e+02 -5.943082301862635287e-03 -5.399734745034749390e-04
1.193836311450712628e+03 2.033496897297611952e+02 3.667565752518592379e-03 -6.061599340486172743e-02
8.136535823170740969e+02 4.014039107930679506e+02 5.185000687133381816e-03 -2.685060729404179988e-02
7.674357425423418135e+02 3.853988253734930822e+02 1.297682703822000986e-03 -5.364806944923842039e-03
5.595243482699584092e+02 4.179333295733745786e+02 4.472020441158242911e-03 -1.982179120702001751e-02
9.487181025629316764e+02 8.553870621984391391e+02 -5.953597516236636480e-03 -1.475917587649543984e-02
3.347952478880373519e+02 5.567085747135104157e+02 -3.283586169137302918e-02 -3.171444915951138893e-02
7.146003678169453224e+02 9.542183503480823674e+02 -2.292915957499113387e-03 -2.453505909816968648e-03
9.965088074352992180e+02 8.725726249173076212e+02 3.602221058264320304e-04 -2.004634910351774362e-03
8.012277646363951362e+02 9.382559511387419207e+02 -4.172101613955356281e-03 -2.582052729447394460e-03
5.338015420466589376e+02 4.132182011554896803e+02 -1.007358258527013897e-02 -2.101745871605337213e-02
3.272105794616693402e+02 5.369001814733395577e+02 -2.880610178436600810e-04 -3.973371377273591555e-03
7.475485674674769143e+02 3.981590543159321669e+02 8.626319636714650102e-03 1.128786723379697314e-02
8.508241012419681510e+02 9.314592474852034911e+02 7.432219088667186115e-04 -1.346105189047040393e-03
6.306954189051350568e+02 3.836386266598610746e+02 -2.802658676619058063e-03 -1.074502101894414356e-02
8.194382330264166967e+02 3.601644067917791858e+02 2.920290624480444651e-03 -3.007075613980548373e-03
9.295406665853432742e+02 8.358820517527348102e+02 1.333541525421441968e-03 -9.350889526292959116e-04
6.112843445938831337e+02 4.197258339361221715e+02 -7.422507863502192556e-03 -1.099355204437100358e-02
5.446435950094838745e+02 4.079707139451935518e+02 8.987530944491796707e-04 -1.434892635489071547e-02
2.382723065858207576e+02 7.408000737249800522e+02 -2.834927649609320435e-03 -5.652322622138557240e-03
9.770422280023182111e+02 8.458445440044550878e+02 -2.627404790616472748e-03 3.452610525687980613e-03
5.450308281797449581e+02 4.824069898797727092e+02 -6.084647895748519081e-03 -1.045486138041562020e-02
3.130071387347877589e+02 5.182519433235693214e+02 -3.738937829047073863e-02 -1.076971925833776766e-01
3.147700689406999572e+02 4.712212686608865511e+02 -8.062121867170606374e-03 1.055388127669105655e-02
9.340323354221735599e+02 8.665168385697606936e+02 1.091715176136007735e-02 8.569481356602463374e-04
3.232462587119982800e+02 4.798104733478371031e+02 6.843886586558696992e-03 7.430926294490507525e-03
9.728557186449179426e+02 8.302216262733779786e+02 -8.263854379758485240e-04 1.219963055365663566e-03
2.204702721324771915e+02 6.849169629785445750e+02 9.899239088870184430e-03 -3.574707818366093526e-02
5.058357769149701539e+02 4.467190410122951221e+02 7.978129995143433406e-03 -6.756571145794988340e-03
6.586140527665345417e+02 5.247203383519549789e+02 6.935184349548884075e-02 1.935771328149911985e-01
5.815595481547474037e+02 3.846669122320173528e+02 -4.980005474045797430e-03 -9.079400723948364421e-03
6.198741752689122677e+02 4.251750036159912725e+02 -8.252568817408588626e-05 9.557955011723381737e-04
4.765199121760808794e+02 4.660323661254334411e+02 3.395813759379286579e-03 -3.435830311473475011e-03
1.016586444038475179e+03 2.744283855296326919e+02 6.325635569565423062e-03 2.115283022152256512e-03
2.070718279758001472e+02 6.980094837960790528e+02 5.712061630519109194e-03 1.146058235743490326e-02
5.472193619060802803e+02 4.094782049486348683e+02 -1.227960986904515217e-02 -6.617225551045827908e-03
2.470957124405634318e+02 4.942477634636392736e+02 2.490697908629810331e-02 2.904717429779206037e-02
2.269588664590982603e+02 7.022197181915029205e+02 2.548690044661027637e-03 -7.007977649780036504e-03
3.020746788408337693e+02 5.965223806158920752e+02 1.423999509888846174e-02 6.086400927209650868e-02
2.669173474796630785e+02 7.372098977202206243e+02 2.614892931725622954e-02 1.253399916280803061e-03
2.538286764359384335e+02 6.454239060845654876e+02 -5.701131160513246698e-03 6.485468976080429465e-03
5.881948097135568787e+02 4.513157498818266049e+02 1.799407870249628005e-02 -3.708171637016156180e-02
2.385309578224152460e+02 6.942653434020530767e+02 -1.222206792834417679e-03 3.190201567905556822e-04
2.642953554926395441e+02 6.353538232495828879e+02 -1.080294668874314662e-02 -7.215274168972859829e-03
1.002398818555317689e+03 8.761785819499970103e+02 1.357249154140016982e-03 -1.038507387801977959e-03
2.623518103716130554e+02 7.268785227187164537e+02 1.965577855719627572e-03 -6.414651430096491788e-03
2.656205749135684755e+02 6.190329302007720571e+02 -1.331330638381114304e-02 6.583392903352622283e-03
1.268364198893106959e+03 3.929608462906127215e+02 3.549900875896128127e-03 -7.958472753440479566e-03
2.541380309437461449e+02 6.851908241914582050e+02 -1.229085505396241337e-03 -3.029917363073539142e-03
9.315328802675229554e+02 9.061898821204947581e+02 -1.587380474041643827e-02 1.837582832951450650e-05
9.521139954685347675e+02 8.958829778218697584e+02 3.709067797310783721e-03 -7.221682606237520355e-03
2.500914711987569490e+02 6.695093599005599572e+02 4.929679731488796797e-03 -9.522350439496141475e-03
1.013795196455448036e+03 8.526899757285824535e+02 2.589802051099270204e-03 -7.118134849631610429e-04
2.316571818078184890e+02 6.674234646572150496e+02 -4.463995686290506311e-03 -1.051352202761232646e-02
2.962865247101273098e+02 5.906412014018821992e+02 5.957246645160052360e-03 8.215971413147995714e-03
2.523836902587347879e+02 6.332030122079682997e+02 -1.751050374545486295e-03 -1.002108617035671724e-03
4.382800818622231418e+02 1.085619096898020643e+03 -2.817913222078896086e-03 2.003814793629272138e-03
2.682863887559755653e+02 6.815381687490418017e+02 -5.725837945562650862e-03 1.962928907646933809e-03
7.328364031149945959e+02 9.321089932121116135e+02 5.275594886496596169e-04 4.514908271186085509e-03
2.307920292793313877e+02 7.369191755669885424e+02 -1.800742358737961180e-02 -9.857204333742953031e-03
3.106978504887139820e+02 6.491288404038987210e+02 -8.287630138193880641e-03 4.862063074163434223e-02
1.187971415099930709e+03 3.903177542243172411e+02 -6.952114827538367382e-03 -1.428291815325382665e-03
2.287910776761350462e+02 7.503779613170898983e+02 1.486352942544945117e-03 3.821468021674218583e-03
1.046357278744460245e+03 1.686731260181460925e+02 5.694007719919700304e-03 -7.182757310748920203e-03
3.010061946995247695e+02 5.421040682429261324e+02 8.884737419029222968e-03 -1.586113449211507334e-02
2.408714282118693859e+02 7.261085666617495917e+02 2.574378113493340156e-03 9.300528370598084085e-04
2.617742827229728846e+02 5.759283162308702231e+02 -1.537440500591387947e-03 -1.951099877127453978e-03
1.001230867661841444e+03 2.237705478021303804e+02 6.751136536492351875e-03 -5.155033240137275354e-03
1.017866075217687580e+03 2.637592461681246050e+02 1.796040762824327106e-02 -9.873015117044936853e-03
2.432344301691414614e+02 6.861204038350823566e+02 -8.978392330640539223e-03 1.761655115288785238e-03
2.756099849961488530e+02 6.993556740275945458e+02 -1.330258306055690475e-02 -1.202337225401836282e-02
1.152692498331151228e+03 3.627571418189862698e+02 -4.580870163235346154e-03 -2.376701569774283633e-04
2.269796141222898598e+02 6.135925006864102897e+02 -3.199810875819360939e-02 -3.597731573376952013e-02
6.040134550777432878e+02 3.982480606194636721e+02 2.614729113418542560e-04 -5.483627142173010810e-03
7.244453538221687268e+02 9.686967734875984206e+02 -9.366573742546720942e-04 2.838640755655459993e-03
2.274256143272272084e+02 5.997762864858668763e+02 7.621752421611086188e-03 -7.252654131961847050e-02
2.446235053954858643e+02 7.611450434152344542e+02 -2.339481780125262592e-03 -3.142068331300996217e-03
2.629010539597607590e+02 6.556940862832063885e+02 1.155060920203057617e-02 6.835577778481297453e-03
3.265657805794602950e+02 4.964646581844755815e+02 6.009024980765407219e-03 -6.057059154324570538e-03
1.661777574823763928e+02 5.251885108116841820e+02 -2.518539293513801791e-01 -3.018427539955121364e-01
3.125210546150472624e+02 5.869399153558819080e+02 -9.864447507213596736e-05 -8.716068814382790797e-03
2.065930184016423254e+02 7.249671533643097519e+02 -4.363253138923638315e-03 -4.468605124239586127e-03
4.935598486191413485e+02 4.543501790002563894e+02 -3.631573880736618755e-04 -8.531348966267043171e-03
7.194022113857079148e+01 3.169154658392432680e+02 7.589125415757725507e-04 9.164860025774456288e-04
5.194978676301101359e+02 4.334329534113573459e+02 -8.894196265518669597e-03 -7.341445010568030220e-03
3.147838656767850694e+02 5.687895765763412328e+02 9.993799688598724307e-03 4.674275118977765445e-03
1.012646720626440697e+03 2.611983390393951936e+02 -2.648422732265614133e-03 1.408541033742161455e-02
2.333107326372171428e+02 7.747950745447138843e+02 1.974721707881036369e-03 5.534516404191881962e-03
1.073375675462699064e+03 1.749450387243406340e+02 -1.272708535148688036e-01 -2.595752722291920223e-01
1.994983484278125445e+02 5.032296788331163953e+02 -1.000866763495770334e-02 3.684398304234928236e-03
1.022684258710869472e+03 8.645969068832207540e+02 -5.258689921668131990e-04 1.560759823868159779e-03
4.888238929475735972e+02 4.759104301052330470e+02 1.169456006858572445e-03 -5.278171161220674736e-03
5.362669452240286319e+02 4.282170115865804405e+02 -8.003845593052710122e-03 -5.473667240475678201e-03
2.664074605483893947e+02 6.263296889784835457e+02 -7.845679872980101770e-04 5.299162624662202663e-03
5.220971630937059444e+02 4.612690112707886669e+02 -2.768840290652613365e-03 -7.136896096981352848e-03
1.059415669520742313e+03 3.032954315232727822e+02 -3.295602635503065876e-03 -9.560799145701551552e-03
2.849268458408134848e+02 5.487404006800404659e+02 -1.811828494163085588e-03 -1.551340763309763324e-02
2.331126552357681874e+02 6.298470528018635832e+02 3.185180669685685074e-03 1.563754217923221017e-03
7.111536254230642271e+02 4.232553757175296596e+02 -1.275295308038615696e-02 -1.043421644462368646e-02
1.004945756271346227e+03 2.282028272533846120e+02 5.801999167350922575e-03 -5.960188676712590422e-03
5.534073225417057529e+02 4.831994023410758814e+02 -1.603189221618146667e-03 -3.260900477454411681e-03
2.562497914816796083e+02 6.995672157287704067e+02 -1.199359405076604740e-02 -1.163596425559793902e-02
1.164915144066993435e+03 1.919704391429214070e+02 5.888689884613995673e-03 3.622669664375926472e-03
5.030180413551765355e+02 4.673978301940437063e+02 -1.782301290643205274e-03 -1.422418792646954616e-02
3.220642786772125419e+02 5.207807646477419894e+02 2.881182360047408048e-02 9.878866012161436824e-03
2.396522919239424141e+02 7.105316440929544797e+02 5.669969434114200063e-04 -1.212338641239782281e-03
2.191937548119168753e+02 7.192158068921801259e+02 -1.154014809133942915e-02 3.431919993693887988e-04
2.114399306160858316e+02 6.316952151281057013e+02 -7.106778169246423527e-03 7.844261659218967550e-03
1.120920408731879206e+03 2.414743447084854608e+02 7.509765168732532130e-03 -3.126511541874397136e-03
2.588214786924167470e+02 6.949633416000604029e+02 -3.938588796952196755e-03 -6.773307078838745540e-03
3.049245018092120745e+02 5.840511404802142579e+02 6.053098838403551951e-02 -1.889364035954294863e-01
2.171876347663099409e+02 7.228730492416553943e+02 -5.408353821975300617e-03 -2.941779215664402838e-03
1.144223327634167845e+03 2.571308925936511969e+02 4.313668145325866982e-02 1.105879139486698054e-01
4.971363429876996065e+02 4.678146492053458019e+02 -4.213109332533579270e-03 2.615600740113006948e-03
5.716001088621210329e+02 4.118305434265740814e+02 -2.600263775500952527e-04 -1.060050556954969005e-02
2.856790802216484622e+02 5.754669254621932168e+02 -7.688180380027082907e-03 3.763462870072337065e-03
1.205630157930663017e+03 2.790935375091740980e+02 -2.103243736306773665e-03 -1.134025511813244527e-02
7.614272443982107461e+02 4.540466201036576877e+02 2.410999719128346756e-03 -3.379039138495851420e-03
2.374433478260021104e+02 6.847750755335079020e+02 -1.247721837666146416e-02 7.493690033726071315e-03
4.977219376560527735e+02 4.595097951071865623e+02 -2.846116668557456021e-03 5.345298917448660508e-03
2.163413067125509315e+02 6.988590157392106903e+02 -1.981512138772414597e-02 5.027827809725533489e-03
2.730034299706778711e+02 6.248714809503544529e+02 -1.359916708656445450e-03 -3.059150493785105750e-03
1.039640729280307369e+03 1.927739765952352968e+02 1.563679286434334912e-03 -1.020092489680552231e-02
3.010758056317483238e+02 4.095544370241858587e+02 5.382054484388422433e-03 9.611142164374086860e-03
1.938778365035936986e+02 3.189885112890014511e+02 -3.142886512767635327e-03 -5.278642167066925454e-03
7.851168515488509456e+02 9.358846298231421770e+02 1.739628932039247872e-02 -1.439266665728596364e-02
2.476882798966606174e+02 7.307949134924893997e+02 -1.563172096265113978e-03 -8.346591029731096050e-05
6.057079645102388668e+02 4.065423890700008656e+02 1.134226669651610753e-03 -1.272523669414137894e-02
2.262470930567547214e+02 7.433694060905255583e+02 5.917666573948157475e-03 -2.525855840695560611e-04
9.775640763230053381e+02 8.650972205005053866e+02 2.923638681392893082e-02 1.380730642061410961e-02
2.447823554334094354e+02 5.323987245113833069e+02 7.138807778581013341e-02 -9.176639953754336942e-02
2.333790795442845081e+02 3.345281546586864465e+02 -1.256444891763603411e-01 -3.643036249416026218e-01
1.154525020272756592e+03 2.208494660120376238e+02 5.908980556787445451e-03 -2.415491271284874591e-02
2.452440232450115332e+02 6.189586783039907232e+02 5.779384305609786866e-03 7.391640891211350914e-03
8.100965636461063468e+02 4.023348023358704495e+02 5.327291134051955791e-03 5.062458532019362958e-04
5.447060267457728742e+02 4.275466721090840565e+02 3.730565574869615375e-03 4.873090413668412953e-03
1.174635535357389927e+03 2.122806937368614228e+02 1.562414060963599784e-02 2.088072883934036228e-02
2.701884093530990754e+02 5.631269226461328117e+02 -1.073026229880386963e-02 -1.560472513991872749e-02
2.223778641802845755e+02 2.996343179241751500e+02 -7.687043207069714501e-02 -2.931062902801162551e-01
3.049337485227633238e+02 4.588720997018166941e+02 4.924399253726201818e-03 2.228864406044459012e-03
2.733025234160958803e+02 5.285866201810084704e+02 -2.005718527776099644e-02 8.884834007876341033e-02
9.413469447245901165e+02 8.987358452603893966e+02 -1.069333285303769934e-02 -3.488409451760801985e-03
3.255510989253511980e+02 5.042577100259748022e+02 -2.909686395217042556e-03 -2.377222909067111100e-03
2.622656898266344001e+02 5.254267443673358002e+02 -2.836430573131396363e-02 7.167922386511776933e-02
1.158543082964653195e+03 3.747994412014347745e+02 -4.353360825484517107e-05 -7.945598729290872381e-03
2.479869672262746292e+02 5.981665130966122206e+02 -1.616121259994770798e-01 6.440107297617662929e-02
2.198158451549557810e+02 5.795169335007374229e+02 1.252525193910432044e-01 -1.422563908753070594e-01
1.100173029113580469e+03 2.065941639421632772e+02 1.040487720922195908e-01 -1.325674530223834857e-01
1.128313960096096253e+03 3.413917801605901445e+02 1.110481611451880068e-02 -2.168549752022977048e-02
2.644753854187303546e+02 4.383637187941136517e+02 -1.201519714828016248e-02 -2.333301327875591247e-01
2.802910029087336738e+02 5.980020776970808356e+02 8.635575849414428703e-04 1.205499352795639037e-02
9.723650270177497532e+02 8.638559130985946695e+02 4.361945657391029518e-03 6.287924010948835012e-03
2.621393193376685531e+02 6.477822362119861737e+02 8.988941244984352541e-03 1.637262595633080461e-04
1.250355222552884015e+03 3.035767035506800653e+02 -2.279205379573516575e-03 -6.079770481581854222e-03
7.705944665323869458e+02 3.973917552058573506e+02 1.126610478018680479e-02 -8.841945093168121148e-03
9.950411120451897204e+02 1.929077981322267874e+02 -1.357707099306917561e-02 -3.095510222315107918e-02
5.262133285841478028e+02 4.940726611237004136e+02 -7.849999288022544916e-03 -2.990194548800954605e-03
1.166477793811621723e+03 2.304526519915772269e+02 1.994776757033823664e-02 -3.378700422287731365e-03
2.765555366429432524e+02 6.829139233165590213e+02 5.682780273775283816e-03 7.471031653949467000e-05
2.603660567338604324e+02 4.372177708157476559e+02 -1.206274869687520845e-02 -2.539529814853323519e-01
2.695687421654067180e+02 4.526653774385550264e+02 -3.602093006827769561e-02 -2.612392425788288564e-01
4.920011105164568335e+02 4.819441779752910975e+02 1.258521344158619430e-03 3.539213091971872647e-03
1.200858117790678989e+03 2.470615202949175284e+02 1.266446956939791188e-02 -1.342494145628064448e-02
2.837201854282540125e+02 4.830700524295449441e+02 -1.446932779338292764e-02 9.040980429143689878e-02
2.644896567305279405e+02 6.851077513457015584e+02 3.896936358403714409e-03 -1.761243377664994600e-02
7.613085602971584649e+02 9.085581697723198431e+02 -1.610217641776819997e-03 6.072215363807424021e-03
2.428950214503855705e+02 3.760540884989130177e+02 -1.317028353331641533e-01 -3.695582255393658477e-01
2.349515706179855670e+02 5.109518118593472877e+02 7.022538899366112877e-03 1.030711871004654119e-02
5.438839439989612856e+02 5.125976988475487133e+02 4.332004295965906707e-03 -1.037953639720039060e-02
1.179478348307660553e+03 3.920763121664203368e+02 2.885838501204417324e-03 -2.802374729634550098e-03
3.004894237520811657e+02 5.122347613847733783e+02 1.948558249544944145e-03 6.197791374447795924e-03
3.123560893716734199e+02 5.511601194019031027e+02 8.707134727282466943e-03 6.532549300798132187e-04
1.137434092198693406e+03 2.275799890926220712e+02 7.113873403928025474e-02 -9.897164745963085101e-04
5.927030056384597856e+02 4.845944451010687430e+02 1.608105356741015152e-02 -1.379154968355808183e-02
1.075937457378379804e+03 3.103604819851372554e+02 1.351481408747612660e-03 -3.341810249178994892e-03
2.486758835091150672e+02 3.891890577078446540e+02 -8.916695255771237005e-02 -3.272357987675779123e-01
3.932316961963267659e+02 1.088549759484527385e+03 6.689845201571309810e-03 -2.078972721142460962e-03
1.225784662054700675e+03 3.614398914863920709e+02 1.037023318711380662e-02 1.074626906077778832e-02
3.961473513387838352e+02 1.097230534299389092e+03 1.176299112655208347e-02 1.670807776956127408e-02
1.025462448890880069e+03 2.615286664755673769e+02 1.522031502607133725e-03 -4.286230322753062372e-03
2.702708350634727026e+02 4.903142584904367709e+02 1.084238376441288287e-01 -1.989596684434854212e-01
1.112625520614176594e+03 2.190835379348691561e+02 -3.267276447061677122e-03 8.272177808348175204e-03
8.860008337433866927e+02 9.296745194125619491e+02 6.582905158449990548e-04 -2.373736429628686782e-03
2.721355242389618070e+02 5.410828965480968691e+02 -4.251056813434883619e-02 6.511905668248058054e-02
1.299554207634255590e+03 3.148722262281214626e+02 8.194120256404750346e-04 -3.448156326854667861e-03
2.649178362310837542e+02 4.828012894586628363e+02 1.095366082316873851e-01 -2.048228849147993857e-01
2.750706695613739043e+02 6.026693607588698569e+02 -5.471904808850562574e-03 -6.193533992984049351e-03
2.355021194267450539e+02 6.517032207229316327e+02 -5.516673957694622106e-03 1.220187896481070549e-03
1.255981812564064626e+02 4.065948442260264528e+02 1.305196693534973196e-01 2.106499834812072258e-01
5.029395382878739156e+02 4.818558932904892913e+02 -9.284007869998258918e-04 -1.198692232854133228e-03
2.753617623315404899e+02 4.500958549476200119e+02 1.364599153259240909e-02 6.392303579011099357e-02
2.534055866403038522e+02 6.222245011223756137e+02 -1.567228728219171750e-03 4.426571403716326666e-04
1.025984269154318099e+03 2.427598407618109206e+02 8.991624257093760433e-06 1.285373334561575953e-03
7.401210260195040291e+02 9.589802969680135902e+02 -2.180505046384955542e-02 -1.452854867148960401e-02
2.234500243237927180e+02 7.559683052469412132e+02 -3.163440806439478392e-02 -2.550855471150331732e-02
2.090711404568550051e+02 6.481281497147559776e+02 4.592870984721052728e-03 1.062864220465157758e-02
2.242876919309637742e+02 5.377036005338424047e+02 1.398172002901173355e-02 -4.745959031167402975e-02
1.185890496531675126e+03 2.245585170458129483e+02 7.362189411541483763e-02 -2.026846286529850744e-02
2.905153321643136906e+02 5.368269970018009190e+02 -7.214303182943713165e-03 -1.054624347831901489e-02
2.274131834005204098e+02 3.331463543769930880e+02 -1.219732590025607299e-01 -3.635688474380655566e-01
1.066146334103447089e+03 2.305659256576339828e+02 -6.176078763690042404e-03 -7.371487502520365949e-03
2.760204533609704640e+02 6.727464677439802472e+02 1.318673171373021570e-02 9.764011383911358824e-03
9.587597399508066474e+02 8.300805757864809493e+02 2.474947933129748728e-03 -5.292711447231620084e-03
2.689660679157582308e+02 4.639167884328164178e+02 8.913777705085165759e-02 -2.291718702290302945e-01
2.481605654635071971e+02 5.147312044669855595e+02 6.409341212051991588e-02 -1.162409392848211126e-01
1.992232249298454576e+02 6.920103216351189985e+02 2.127570257864579151e-02 4.979198603841228539e-03
2.922991955539358742e+02 5.490159478096906014e+02 2.326342699833199544e-03 1.270893231728025159e-03
2.305952801061500566e+02 5.328969162411198113e+02 -6.071104055712001762e-03 -4.299450384228023503e-02
1.152444035529960729e+03 1.804651703120421473e+02 2.439912856652881601e-02 -9.558064147170379499e-02
6.150202587076233840e+02 4.280790001916908523e+02 -1.913713061288706274e-02 -4.814984316882576360e-02
9.400170660974551993e+02 8.860721236640314373e+02 1.800711335702787769e-02 -5.356715127478796357e-03
5.464802072926319170e+02 4.418742228439771225e+02 1.292100526715069312e-04 -5.949459088818605940e-03
2.611838259479204680e+02 4.782422330459278328e+02 1.170076911734582586e-01 -2.426274405778930388e-01
2.859015578027460833e+02 6.244919531055078323e+02 1.553697917821839601e-02 3.718365080994366634e-02
1.032915096718476434e+03 2.628151760695527059e+02 -1.100599232442240651e-02 5.838065524880117763e-02
1.032215617857585130e+03 2.832445218690030515e+02 -5.291601445137665387e-03 -5.425852184439936519e-03
2.551741387772075598e+02 5.310065394313700153e+02 9.638568579813470982e-02 -2.334589391947069492e-01
2.329451577323878269e+02 3.522578523777776809e+02 -1.530627284450529757e-01 -3.338278178532602114e-01
2.231181073742470460e+02 3.102087558849136144e+02 -8.543865891930814416e-02 -3.180897549769963195e-01
1.026009375090307458e+03 1.825730080562873354e+02 2.978132559798660206e-03 -3.823973574649154475e-04
2.475491202933216073e+02 5.024132822774001852e+02 7.027356705959215966e-02 -1.122609940763751035e-01
2.801543840470612849e+02 5.769773004176773838e+02 -7.132784714977644450e-03 1.334371801947169690e-03
9.827976424123912693e+02 1.909084318927002926e+02 -6.510833421756533936e-03 2.368088125657949808e-02
2.676136771988904002e+02 4.207448918204115671e+02 1.147069476411782633e-02 -4.339995289582855575e-02
3.086385495363990117e+02 4.948711685477654214e+02 -1.349595015112484272e-03 -1.164220774610711349e-02
2.967673489965436602e+02 5.245510193823810141e+02 3.562706246435203093e-03 5.023363378976646379e-03
2.451426890626902093e+02 7.217520000008024681e+02 -1.275398712568959420e-03 1.225791310115944156e-03
4.454522075805585928e+02 1.086039973945167048e+03 -7.681093826804071337e-03 7.014531120891507807e-03
1.042579539416518401e+03 2.761948189728417447e+02 4.569793629755595707e-03 -3.267025609632398173e-03
5.741733585921392660e+02 3.968863915308048149e+02 7.505485836637796476e-03 -5.161314798708262035e-03
3.917155298953987881e+02 1.063821015495613210e+03 6.235014584328466003e-02 -3.636153920443476687e-03
1.153723471410113689e+03 1.417489212044425244e+02 6.132494183459742676e-03 -5.960238210392525098e-03
2.150006831966342418e+02 6.451427804764063012e+02 -9.788859332769731490e-04 1.897218595979215799e-02
1.182168219361498132e+03 3.312020545672452272e+02 9.873257329551358291e-03 4.932265011400758375e-02
2.123381075914500684e+02 6.641739535421928622e+02 4.145970090707009302e-03 9.386827216193263310e-03
1.071085651311085485e+03 2.184012406371367376e+02 2.135010062522161439e-02 -1.420471094676703516e-02
1.218729475074718266e+03 3.473376073797310255e+02 2.375597303619155659e-04 -6.177312689961055210e-03
2.375280370037332034e+02 5.497583992446236607e+02 5.913247313374186964e-02 -1.659495224934962598e-01
2.542051347841285462e+02 5.441665626091507875e+02 1.368358211888816844e-01 -3.341900304786646902e-01
9.441025473311478891e+02 8.549412275323561516e+02 2.538534706444591036e-03 -5.997789093964798514e-03
5.113088401058982981e+02 4.223042676232290660e+02 -4.822204367802118002e-02 -1.496478184980004275e-02
2.694816393220671102e+02 6.973732235776743664e+02 -7.274857075561941278e-03 6.126901015745311006e-03
7.893809669845318240e+02 3.993408699753902624e+02 1.471436494243632057e-02 -1.126074059544916392e-02
1.039102836300003673e+03 8.606997854805787256e+02 1.257404047135306756e-02 -2.405296897539094172e-03
4.801854561338228109e+02 4.699885680526242027e+02 3.956192299043404491e-03 -9.891802658955277383e-03
1.051167181678231827e+03 8.453008371984171845e+02 1.896573399646135118e-04 -4.706514773310532546e-04
7.914887433836646551e+02 4.066533834199853459e+02 -3.108448008835675881e-03 -1.855494165051305372e-03
3.174820666758892003e+02 1.080805199679302177e+03 7.350914311268527505e-04 1.771083168718952557e-03
1.138382422887479152e+03 2.137095118732613059e+02 -3.800389843454152899e-02 -9.645192100787941536e-02
3.312472931594207921e+02 5.247140773093698272e+02 3.690674304811754087e-03 -2.481433204980696924e-04
1.034996467977930024e+03 8.570684541487462411e+02 3.850979864880470661e-03 3.672870644481467713e-03
2.811151305313175612e+02 4.761495920035753784e+02 7.857870979279087597e-04 1.885925166868685221e-01
2.212337919313180805e+02 5.286811894074021438e+02 6.649526351745772487e-03 -1.319714023085484522e-03
1.051797656314306778e+03 2.998170902896441703e+02 1.414047633997512132e-03 -3.396027052545351130e-03
2.183380754488594278e+02 5.322710649838860490e+02 1.890520238130885544e-02 3.070419540644576603e-02
9.812237615469176717e+02 8.534182612434601651e+02 5.447285257715331341e-03 2.528109636131429822e-03
1.940515041766790318e+02 5.629686691912221477e+02 -2.810265817959480827e-01 -1.156622004598229225e-01
2.721745572412175420e+02 6.589197479262626302e+02 -2.126109005089212196e-03 -7.581849236572398487e-04
2.594911227846366728e+02 4.564615828678942080e+02 5.823425818883800481e-02 2.343059062800663117e-01
1.248991230841613969e+03 3.258206036919090138e+02 2.390599593031450532e-01 8.198637440583378400e-02
1.186734697367890476e+03 1.963556333751202487e+02 -1.086860990032353508e-01 1.517640327636460007e-01
5.606012736903835503e+02 3.952201193652533675e+02 -1.936751208841267641e-03 2.151382472266838083e-02
9.246871142843599500e+02 8.916967447965398605e+02 -1.530432961988138860e-03 -2.514668000022574675e-03
2.834270279132600194e+02 5.632054237372575471e+02 4.144432309688832715e-03 1.391107983367378780e-02
2.912796278785635877e+02 5.645998599175060235e+02 -4.128794151214232842e-03 -1.395625991961532082e-06
1.140701817450320959e+03 1.907647984270369648e+02 1.313246714048230818e-02 3.221448260401449382e-02
2.546414645998631556e+02 5.593359377780030854e+02 7.527684552952187969e-02 -2.421028978099711571e-01
1.199235953699689617e+03 3.495070098661177553e+02 6.055653728947050975e-04 -5.184229582460145487e-03
2.839145061642323640e+02 4.123079383422331716e+02 -5.692650388771716696e-03 -1.005019196367242136e-02
2.680029231919167501e+02 4.074046831723724722e+02 -2.218182787709729875e-03 -4.627757976071181049e-03
1.116414478645783447e+03 1.843887689121092990e+02 6.569222101177837371e-03 3.418323521867620840e-02
5.018266100442924085e+02 4.346872800821969349e+02 -9.028067671016458515e-05 1.106089698020925769e-03
5.647986134507834777e+02 4.301379593748351340e+02 -1.173761260589335602e-02 1.011467392752669371e-02
2.236741588006677262e+02 7.235320609534429650e+02 1.034576318616164644e-03 -2.902128817658473827e-03
2.550599791826305420e+02 4.992428957623902761e+02 5.184085943516164585e-02 5.478225419122817463e-02
5.070270263732953708e+02 5.124062353533840906e+02 1.884486081151448555e-02 -1.617191847482093991e-02
1.890964469352220760e+02 6.868324413611630916e+02 -3.043729415231848368e-01 3.560482240364247764e-01
9.592791847599468156e+02 8.947890156404897652e+02 -3.588372648546328016e-03 2.347770354076331514e-03
6.388042632567846795e+02 3.743972177536441563e+02 -2.446358689628978962e-03 -1.289622530008343107e-02
2.146726241935865858e+02 6.096584998315940993e+02 -4.081009348367399189e-03 2.164026177896538339e-01
9.882333460160223240e+02 1.931445079688471083e+02 -8.977969944080857467e-03 1.657318991614445750e-02
2.056474332368503894e+02 5.131487381060818507e+02 8.803310408963944912e-04 -6.135249459642335215e-03
2.278216967180027837e+02 3.126973088824393585e+02 -1.081649150577387170e-01 -3.332772940078762569e-01
1.053315101235387601e+03 1.843210601452368564e+02 1.936552516333382105e-03 -1.573204370575044531e-03
1.274391532377353542e+03 2.854940110213262869e+02 6.258718034618735966e-04 -3.485046339135081453e-03
1.082103500943532936e+03 2.250791719124621011e+02 -7.417134479242527313e-03 -9.969261969267632917e-02
2.387496398775431885e+02 5.670894597717436909e+02 1.260891481002302805e-01 -1.956865940416307181e-01
1.076141533483732474e+03 2.054726587788213408e+02 -8.339876126557451558e-03 6.024967690951082804e-03
2.510023722675980480e+02 5.392100749922236673e+02 8.718328988636686594e-02 -2.091919582379862530e-01
2.579496541506753147e+02 6.035599021368681179e+02 1.351286734277572059e-03 2.036204326848089618e-03
2.842132586978861468e+02 6.792257751001625365e+02 9.307768648576969159e-03 8.647674658578076781e-03
1.203855655459291029e+03 2.074566127639564570e+02 1.157497491372977199e-03 -1.993958368959704471e-03
2.945965238106500124e+02 6.647529960328008656e+02 -1.144106056033443036e-01 3.020261399270771085e-01
2.663771422134718705e+02 3.890814566714170724e+02 5.237553486211925582e-03 4.945471874821978642e-02
1.028519654731533592e+03 2.489024585977535367e+02 -3.698720399309575815e-03 8.607263106648363298e-04
2.119879873957149243e+02 5.538484238835129645e+02 5.978661373003438945e-02 2.297959999045680324e-02
2.457859339307847506e+02 5.760649272828466110e+02 1.017458654225202458e-01 -1.798722438565308335e-01
2.050097685317247169e+02 5.441866211118772299e+02 8.991737862829542183e-02 8.724886709132020912e-02
1.982331424188811866e+02 5.469387597246236510e+02 8.339725531355626775e-02 8.914124116569549505e-02
1.233465750231599714e+03 2.535113640393100525e+02 1.704602386755843654e-03 6.685698766721043761e-03
1.211637418730826312e+03 3.390661761486621231e+02 1.170590456004082583e-02 -2.848842366864182130e-02
2.738645116207758292e+02 4.965505037620388862e+02 1.956769900574069354e-01 -2.182241140802823332e-01
1.217472514601938201e+03 2.529750643005856432e+02 5.928304826153576448e-04 5.764452869893301259e-03
1.165862895599929288e+03 2.062561837477189499e+02 3.469674221155356030e-03 -7.917371605408547383e-03
2.583733434317230149e+02 6.218823079757802361e+02 2.545681949061530478e-03 -3.265915354419202197e-03
2.486572333671387014e+02 4.153613905505764023e+02 4.422700769096211265e-02 2.350440885049965289e-01
5.111716299685174931e+02 4.392797792859722108e+02 -9.490820932873391888e-04 -1.525608953663844854e-03
2.118749535908010841e+02 7.367918539240432665e+02 -2.624263124200222966e-03 -4.922947769955499098e-03
2.613837600822110403e+02 3.869504267872716241e+02 1.961264140540701015e-02 4.149068033010980955e-02
2.174921220994099258e+02 7.648782899472530517e+02 1.444719323666614685e-03 -4.430873144848768500e-03
1.181810314170689253e+03 3.419438195664626505e+02 -1.149924367161862197e-03 7.637057101529233852e-03
2.778625051285383165e+02 5.842440564417116775e+02 4.380872803228995534e-03 -5.275730585482267879e-03
1.112761621389517131e+03 2.330438288685708415e+02 -7.807894084214356961e-03 7.825714821083778333e-03
2.538070042624934501e+02 4.118520004184164804e+02 -2.950877701512087323e-02 -2.504802541837010121e-01
1.050458895867729098e+03 2.041276588896868418e+02 9.715846219629240346e-03 -8.353604081708394108e-03
1.069535640694504082e+03 3.035409356153691078e+02 -1.667175666725507696e-02 -1.517652532367555311e-02
3.090700545584716110e+02 1.059049987571796009e+03 1.013424977357020151e-03 -3.657227304766046128e-02
1.043341316316339999e+03 2.489403483950415819e+02 1.364901667204438708e-02 2.535998606111551385e-03
1.942694520178241930e+02 6.972967596718199275e+02 1.035672318001651989e-03 3.959953958527794894e-03
1.122468134788712405e+03 1.955423013781048382e+02 7.398145466960150303e-03 4.607440938703923766e-02
2.558895570093934282e+02 7.476920243748828625e+02 1.130446180189273236e-03 -1.435655796069455672e-03
1.247011454016807875e+03 2.978240908478761071e+02 5.548538652885668700e-03 -1.608025931223252755e-02
5.294728665491257971e+02 4.394656692148814159e+02 9.235039006641569681e-04 2.169381869082777272e-03
2.063089976149143752e+02 5.890071433545291484e+02 9.367567745283904290e-02 -8.459015259304668299e-02
1.429398881610132150e+02 3.921321622582511282e+02 -1.896743860652800326e-03 -6.637457766774980568e-03
3.734835176930556599e+02 1.052380333679951036e+03 5.927302238885681814e-03 2.106754035236854672e-02
1.031323008347411587e+03 1.859647849626494747e+02 3.990865896835517866e-03 -1.590038097116247171e-04
2.818107453616274256e+02 5.036883480528791779e+02 -7.277281157951615356e-03 8.896030880305148825e-02
1.091242166105214892e+03 2.280920034297528218e+02 -1.577938528707998472e-02 7.177382134012608161e-02
2.270894566001703936e+02 7.273297108074481230e+02 2.098308487741504854e-03 -2.819817886151807819e-03
1.112512313851893850e+03 3.155024194613089321e+02 2.577163098798075994e-02 1.027970312166603777e-02
4.660816185228161430e+02 1.099432279000146309e+03 1.017346267497370012e-04 5.544204351873295751e-03
2.690261400727265482e+02 3.739454588704930984e+02 1.017463786946440352e-02 3.120388105332161724e-02
2.840166459894340960e+02 5.824559097111268784e+02 -9.266003630041876396e-03 -9.080131602295656024e-03
2.070062814539727185e+02 5.998677469918283123e+02 6.383932768498500054e-02 -8.424621108972610295e-02
2.637486372079746957e+02 4.526199973351062340e+02 5.210601919164484924e-02 -2.253570209298733917e-01
1.216025045089840887e+03 2.196648715241493619e+02 -1.664201083005113768e-02 -4.874969267820400236e-03
7.701064310170437466e+02 9.563465991596873437e+02 4.025285574714258796e-03 -2.109657333087600495e-03
1.197215721720256852e+03 1.874928539663558524e+02 1.449383549033702312e-01 3.387606726508492899e-02
1.035959314869857280e+03 2.991342246008932761e+02 2.767715699276480489e-03 -2.708447830641354422e-03
1.939245597262798810e+02 5.711117111226889165e+02 -2.641805907351963967e-01 -9.838020116143240956e-02
1.021564748990725093e+03 2.355901301066437270e+02 2.201461623071331117e-03 -9.970156215704511094e-04
2.588788737586768889e+02 4.317804565799852412e+02 -4.820794794861256449e-02 -2.412974574568367836e-01
2.769671757227293938e+02 5.174478674114615160e+02 -1.833529793191077464e-02 7.174884377437054650e-02
2.174588815243947124e+02 7.605433071990001963e+02 -3.310111680143912674e-03 -3.996350522381569501e-03
1.170896131622957910e+03 1.392078693901777910e+02 -4.572515055382618543e-02 -4.063048574134837249e-02
5.909244649246696781e+02 4.787274236366741320e+02 5.875356115337684697e-03 1.059762458532761574e-03
1.168604905439995946e+03 1.675989558894576987e+02 -1.535967379979888241e-02 7.455428119639594120e-02
2.694587006532892701e+02 7.105969377441048209e+02 3.754932710115151118e-02 -1.483989341185145252e-03
1.099436988156058533e+03 1.591970049974408425e+02 2.239209605105847191e-03 -2.309461873007065955e-04
2.794036990951705661e+02 6.054065993907260008e+02 1.814562048443038676e-03 -6.408187212486208617e-04
1.263329016373683771e+03 3.932515940436999813e+02 -1.458329109660139221e-03 -1.012407343499053050e-02
1.104420155129332443e+03 3.168617747895216894e+02 9.250609595636265919e-03 -6.461647560968231119e-03
1.026031205772428166e+03 1.941112072710407404e+02 4.709229905166232438e-02 -5.634627115027329713e-02
1.185599436799943760e+03 2.337208173457571547e+02 6.328297173008469445e-02 -9.899435849227771270e-03
1.175043380286443380e+03 1.835346447147419440e+02 1.675841877268155131e-02 -8.880836371422345943e-02
1.174944704838773077e+03 2.774899537968622099e+02 9.051322508448135518e-02 8.521704778197466967e-02
1.123163687241629987e+03 3.398850815051021641e+02 -8.676804767689942632e-03 7.850971683076228384e-04
1.108453803772678611e+03 1.969959876562916747e+02 8.081464395772765263e-02 9.336310820337884175e-02
1.213919676942539354e+03 3.207726847498259417e+02 4.051040276005150598e-01 2.520338642318012412e-01
2.633556190900922047e+02 6.917363117633719867e+02 2.212812300527248685e-03 7.018631649197060694e-03
1.396022874313602813e+02 3.882648734782744100e+02 2.388728332921728661e-04 5.738625745841477790e-03
1.029619443696898543e+03 1.936179990273806482e+02 -1.316253417283828886e-03 -4.391508251530066437e-03
1.237688314461468508e+03 4.172875146827921640e+02 3.980131233366493264e-03 -5.982312480512064212e-03
8.272517722504230733e+02 8.747727214510656495e+02 -5.077085841878783111e-03 -2.786402195763210219e-03
1.105517493403977824e+03 2.322100263739092725e+02 4.288890584798582019e-03 -6.500069347637663477e-04
1.833477859600258455e+02 5.524700523332534203e+02 -3.867957354299976225e-01 -7.194365702808244722e-02
2.601123172939663277e+02 4.180236368997837531e+02 -3.739980102710998427e-02 -2.112150190526758953e-01
2.184219225490310521e+02 5.518450022385985676e+02 4.327694599661802838e-02 1.853475271862786017e-02
2.392720226596490818e+02 6.185126294440811989e+02 3.815638660558245791e-03 2.400556328413162854e-03
2.384311505958486919e+02 7.651313070152416458e+02 2.262246104273158125e-03 1.436977891677259462e-03
1.153469086154865636e+03 1.960407314288440830e+02 1.180300685138204776e-02 -1.037196863265562327e-03
2.131921290208421169e+02 7.568119993775585499e+02 -2.989812742149603603e-03 -4.087338327230379334e-03
2.382900294958373593e+02 6.019036977432780304e+02 -1.035128140794277455e-03 1.341364706111152806e-02
1.203524031870605540e+03 2.274493997286045328e+02 -3.053733768199278376e-03 -1.810233756793089635e-03
2.937426618526764628e+02 4.658786684366596660e+02 2.948448578417630500e-02 1.083041815422375043e-01
2.705044785559747424e+02 5.791765438647607880e+02 1.307761446495328377e-02 7.653616086700047554e-03
2.492663849169262562e+02 6.818003765440046209e+02 2.389963518792532528e-03 -2.063951111372351946e-03
1.037592758534610311e+03 3.003387884722129115e+02 -3.548269163079252088e-03 -2.215822152672246477e-03
1.164849508108956115e+03 2.263949762862095270e+02 2.546219704216506202e-02 1.010716760636975499e-02
1.019592822958804732e+03 2.175545569964676531e+02 1.798698913917448497e-03 -2.046812748046496558e-02
2.908254192610106657e+02 6.320943412103439414e+02 2.085815609590180395e-03 -9.319639416323280759e-03
1.228268791379523918e+03 3.366047757186315152e+02 2.338411696213649471e-01 1.628765093165831235e-01
2.582047109904628428e+02 7.191010333142110085e+02 1.089360501488204763e-02 3.239936404941203083e-03
4.820682319945257746e+02 4.481949044287194965e+02 4.761980205799854447e-03 7.879901788926687786e-03
2.184726524449709473e+02 6.349221163099759906e+02 -4.021699132254475707e-03 -6.532580883439513889e-03
2.672786867130603241e+02 3.632288280651152377e+02 4.983556195022550289e-02 1.211337286588270168e-01
1.035914406062675198e+03 2.133202103544912518e+02 -1.265324523355709774e-01 3.397567570072693721e-01
1.165867938847578898e+03 3.030002404575675996e+02 1.282226656960371892e-02 4.242300723547820507e-02
1.147087756397149178e+03 3.738083051757587896e+02 1.854301328423821598e-03 -4.983281924761975325e-03
3.229813019061184036e+02 5.476512817090185763e+02 1.790352927183574624e-02 1.613194644377165948e-02
7.653459942217033358e+02 9.179693377259492308e+02 1.538758010896443783e-02 1.425410558153593766e-04
1.217801567770312431e+03 4.170881745868978214e+02 3.046731619937562228e-03 -6.269848397586415788e-03
1.083059551150796324e+03 1.888625655342802645e+02 -1.701343408708543281e-01 -1.529487681415551692e-01
1.277267768514028830e+03 3.726257773281640766e+02 -2.265957538352582866e-03 2.707856659545014762e-03
2.738450644638328413e+02 4.802253935249240158e+02 1.076254141158701078e-01 -1.763962039534545112e-01
5.085299816064136280e+02 4.960097070377536852e+02 -1.595827390997666198e-02 3.520466200460768691e-02
2.350613460671691257e+02 6.409769646390250273e+02 -3.287937461889799736e-03 -1.119477217715408000e-04
2.687013790135222848e+02 4.730322593219725604e+02 9.092832579256589220e-02 -1.941374662175718024e-01
1.174334445978601480e+03 3.429075829932630199e+02 -1.762087314733606219e-02 2.368430907976591324e-02
2.647730292206385343e+02 5.120557701690825070e+02 1.125918993014926178e-01 -2.092248733226892143e-01
4.646066742255908935e+02 1.099953839020363603e+03 -3.490070819838824931e-04 -5.017903031127596150e-04
1.144395705426955146e+03 3.635607386484591643e+02 3.027126938253660738e-03 -3.125314825616320666e-03
1.056232087161034315e+03 2.155056537272040771e+02 -8.911680267799803115e-03 1.427507930001347194e-02
2.403762017029345088e+02 6.588665435120476559e+02 -2.022243565821747920e-03 -1.617364094701009142e-02
2.552847846758299113e+02 7.363493982977521455e+02 -8.898273917081400350e-03 6.927638924419778424e-04
3.378613312986417441e+02 1.055583229119053385e+03 -2.491777310798290734e-01 -1.136879997697795436e-01
2.239797228583633739e+02 5.528705625025247627e+02 4.087645682162864558e-02 4.756186731809309426e-02
1.166766365573962503e+03 3.218469655137373593e+02 -7.379057662629379122e-02 1.106231658593441886e-01
1.939513301962119556e+02 6.047915946868197352e+02 3.471662851363687546e-02 -2.182181710826972681e-02
2.464947561903375970e+02 3.590653007824506062e+02 3.117468356840241012e-02 1.729940284470340983e-01
2.131329035031234866e+02 5.678488102983393446e+02 -1.253200583112374922e-01 -3.160194271582454362e-01
5.081899260535836902e+02 4.842913199219947273e+02 1.446063700190885169e-02 -8.567680304355293833e-03
1.175445074760401894e+03 3.604912771250714627e+02 2.323141801467175967e-03 -2.045799461602610357e-03
2.291233831402592500e+02 5.703253504826778908e+02 1.260842561905978487e-01 -3.357058211240194212e-01
5.374590803624334967e+02 4.709369259313785392e+02 2.446466217427111910e-03 4.367801256788393541e-04
2.832732693848616918e+02 4.766436031219407141e+02 5.084747809649969169e-02 1.334078276159965659e-01
4.798807178379474294e+02 4.434815653268797746e+02 1.152626224071447332e-02 -1.843120629646341751e-03
1.160763698963192383e+03 3.296295535740871969e+02 -3.498875305587653695e-02 1.457183028383897752e-02
2.248058276707895118e+02 6.074923139981476652e+02 -7.893292425334569318e-03 -1.066836424409230710e-01
2.926228885762728282e+02 5.752760820217557693e+02 8.934648809441109521e-03 3.880527610722130788e-03
2.453860751040721482e+02 3.546139588240426406e+02 3.564815756198014968e-02 1.855940652456474216e-01
2.513246064123823942e+02 3.548959374073430126e+02 3.648746521227001771e-02 1.658993330986279491e-01
1.192302370951357034e+03 1.731845056226928250e+02 -9.004391165260607760e-03 3.966007954003620585e-03
1.264852950608814126e+03 2.921307300302364069e+02 8.211097627256797385e-03 -2.430383878291168462e-03
2.547717734737845490e+02 4.334568921480383779e+02 5.916465973876516848e-02 2.474000701025918514e-01
9.704583167037951625e+02 8.253004384665151747e+02 9.491398033324093333e-03 -7.603230752974383250e-03
1.007911611060774476e+03 2.111774194368602764e+02 -1.100604476284775760e-03 -1.507452026393229019e-03
1.037667882816388556e+03 1.783252347146380998e+02 3.019976319849027643e-03 -1.089064758224930068e-02
1.869227956836596718e+02 5.288156537400276420e+02 9.084386350535018917e-02 2.482240563500799913e-01
1.486110251791751296e+02 4.872596256488429844e+02 -1.720185041680652172e-01 -3.564374136278403160e-01
8.816192657676624549e+02 1.100564563583578320e+03 3.229663708103850127e-05 -6.842403092810170513e-04
1.847594754081157191e+02 5.341888964251253356e+02 9.154397577203093883e-02 2.417086889894431156e-01
1.181730973287972347e+03 3.568431932414972039e+02 1.827557979739518300e-04 -4.983796517847460632e-03
2.875223405620276367e+02 6.462250812532736290e+02 2.160385313613509897e-02 2.828410523437865573e-02
3.872002713982999467e+02 1.078754552666199288e+03 7.151032742367173511e-02 -7.103217044128892765e-02
2.160738212051392111e+02 5.736292596172467029e+02 1.043092709850070854e-01 -1.165588529163741338e-01
9.912366530196850363e+02 2.283696210080609319e+02 3.076305617030199602e-03 -1.923554017207775848e-03
1.198172222108384403e+03 2.561484200993859872e+02 -9.130797549205723826e-03 1.115939188927728100e-03
1.004412099437438769e+03 1.763834013349513157e+02 1.002120500838388911e-01 5.059915660841214635e-02
2.643493256146909403e+02 3.460763201052831164e+02 6.402373957025071782e-02 2.395947837968161465e-01
1.202192528098191815e+03 3.849385773327579159e+02 -1.257218885745831983e-03 -1.624892143065146885e-02
3.302478357061775682e+02 1.055885420432945466e+03 -2.004825776327018305e-01 -1.494688631578558469e-01
1.135357532573909566e+03 3.869776030280227701e+02 -5.123695238679748000e-03 -2.531524864758863055e-02
1.126117077245564815e+03 2.079750736247493137e+02 -1.530558851167109213e-01 -4.379223788692986064e-02
1.149111379743771295e+03 1.412974100002945193e+02 -8.789014379265897015e-02 -9.405820620616543726e-02
7.843751553090984316e+02 9.596532196295248696e+02 -8.177383977697287587e-04 2.801365720354777669e-03
1.144645048693118952e+03 1.769278378827436313e+02 4.145922761675156082e-02 5.536862639370619676e-02
3.552782837457198184e+02 1.059932229345335372e+03 -3.329598234196834428e-01 -1.817634851085365433e-01
5.921949713922023193e+02 4.590933428463598602e+02 2.585593929124755178e-03 -4.991329381865208803e-03
2.123111696158946415e+02 7.141094592656623945e+02 -1.050144113990135811e-02 -2.150196500179386242e-03
9.929327033801110929e+02 2.113500756306720518e+02 -8.562320344710747143e-04 -2.452565708607759923e-02
1.210172959670996761e+03 2.163988057483739169e+02 -5.016460901438988054e-03 -2.314669350080732907e-02
2.604714568889210113e+02 3.556822100488554383e+02 3.505039735298993292e-02 1.525755932790693048e-01
1.205761244504677734e+03 3.786471870831414890e+02 -2.712614443607710285e-02 3.939345013965226544e-02
2.579364274998367819e+02 4.246422750695023183e+02 -6.993997837866296197e-02 -2.368561490574582484e-01
2.553063706389555136e+02 4.817916204311883916e+02 9.271491681631703619e-02 -2.367587868157500497e-01
2.680709986069359729e+02 6.477494608416186566e+02 3.175432306891095170e-03 1.323722915002024242e-02
3.871033611506809393e+02 1.061328521511134568e+03 8.903262277427959059e-02 2.693800246662600602e-03
7.532310752628302453e+02 8.452099598114041328e+02 3.390719812249708295e-04 -1.278275299970875120e-03
1.151014465360470695e+03 3.887945427459604844e+02 2.025156916229882420e-01 2.235097459103727591e-01
1.130982662055503170e+03 3.693445500329815445e+02 1.866905738278645810e-01 2.579911972133820397e-01
2.466796699787467446e+02 3.394084243379385839e+02 6.781918567573382017e-02 2.223074716811141160e-01
2.699063554158755096e+02 6.025862607221282587e+02 -9.916095506363183792e-03 -1.061611714088273734e-02
2.154363311782851156e+02 5.441131556369276723e+02 8.427750670120889853e-02 4.632596978162477341e-02
1.181519365129399375e+03 3.713469441635183443e+02 -1.121927861901787088e-02 7.902994406960472257e-03
2.014022555526405824e+02 6.134885160875430756e+02 7.256187067146399605e-02 -2.385039132608111068e-01
1.782113379964494015e+02 5.567032490910941078e+02 -3.214103346243163961e-01 -8.684731897543171431e-02
2.641512331061113628e+02 4.168544294190440382e+02 1.282911425314838677e-02 1.867421610812991170e-02
1.036106627390208132e+03 1.991965430529407968e+02 4.441181303016240346e-03 -4.962082519454616945e-03
1.041516794070890001e+03 2.666843252828062418e+02 2.481843941973013376e-02 -1.421969293167507295e-02
1.132464405448038406e+03 3.804601986250553978e+02 1.188775674015597333e-01 2.348724130978539770e-01
7.438204327562006029e+02 3.948956119664637754e+02 2.387563869355839585e-03 4.469701168154574869e-03
1.260435977966121300e+03 1.959704188757789893e+02 1.873720016554684432e-03 -5.641770487311149711e-04
2.839306041549115207e+02 6.085218653043320955e+02 1.078260033284662942e-03 -1.786109673923311908e-02
1.086162369235073129e+03 1.512841374702596511e+02 -9.287096860058083672e-04 -1.833777336485420016e-03
1.018707505945077173e+03 1.766171075319127510e+02 1.913978686537453871e-05 -1.180675485682284101e-02
1.067231682413216504e+03 1.954784747900874322e+02 -6.194895293634040435e-03 -4.110941506151319542e-03
2.000262296331075049e+02 6.217064946207231060e+02 5.766811202913247475e-02 -2.489177195158647216e-01
5.700463564269147128e+02 4.974720475065010987e+02 5.093062459678495552e-03 -6.586480961595727983e-03
1.159056560868578117e+03 3.118938080908749839e+02 1.465218052067705258e-02 -1.823939339542471078e-03
5.024451114512856975e+02 4.384783232373982855e+02 -1.185235653163135318e-03 -9.542334346713570586e-03
1.024731497684673059e+03 1.615804318010872009e+02 1.101060683536071380e-02 -6.441996015849885604e-04
2.235301723749828682e+02 3.184848498074073291e+02 -9.973684016264855456e-02 -3.313368608856719910e-01
1.059204003397386032e+03 2.745760691306589365e+02 -1.580720481646863754e-02 1.203433549533561714e-01
2.134726653835925561e+02 7.224002355142937404e+02 -4.329061890802681986e-04 6.431589770779219672e-03
1.005732740929275906e+03 1.970766599558632208e+02 3.893487718163678429e-03 3.896816990162601385e-02
1.007278640883309663e+03 2.598740170563564789e+02 -5.290767181546214559e-02 1.457236678702156507e-01
1.176826359756414377e+03 1.947552653141449639e+02 -3.106392004597317673e-03 -2.395597295653186312e-02
1.601658633263491538e+02 5.320314019459335668e+02 -1.715360770799957968e-01 -2.036982045248877660e-01
9.089749725463871073e+02 8.372638021114478306e+02 -5.808316360419144703e-02 1.818833676257682747e-02
9.956672083230412227e+02 2.472207711838506157e+02 5.845268362370258618e-03 3.350708902389151755e-02
2.826279088444197782e+02 4.204861718169624396e+02 2.788421427606190342e-02 2.696287448307065418e-03
3.022381161223779031e+02 5.560298609588936642e+02 2.389702385221876418e-02 -1.640647055507592558e-02
1.173112217835260935e+03 2.922216243783836944e+02 1.132858510330440188e-01 1.863445148926372585e-01
1.157254472135132119e+03 3.417542048550505456e+02 9.524089140628834438e-03 6.740173381882810441e-03
2.969544869834400060e+02 5.401526944163114194e+02 -3.446045218048887984e-03 1.189163612235857306e-03
1.089373890355872391e+03 1.732466506726029820e+02 1.085981001973989474e-01 1.205833788273559248e-01
2.748286312222100491e+02 6.480083003560057477e+02 -1.922059161121791870e-02 2.378960237408163716e-03
2.571398928790531500e+02 6.727729092501638206e+02 6.963447288448002676e-03 -7.168595113868004264e-03
2.691972806667123450e+02 6.094783386869048627e+02 -8.482839009615201478e-04 4.051615775288515409e-03
5.887666733113336477e+02 3.921977920198042398e+02 -6.987660184861825205e-03 1.141631369984053750e-03
3.035009572715779314e+02 5.504278489077870518e+02 8.328816846062186627e-03 -1.549559899088686320e-02
1.885849034811966760e+02 5.156539733490606068e+02 1.478375096909174125e-01 2.247416557710874563e-01
5.344091941946802535e+02 4.255887013670172792e+02 -2.735117697784066656e-03 -9.065521095914221006e-03
1.167584864074803363e+03 3.308918937278876342e+02 -2.793816307216909905e-02 4.704237162931324684e-02
1.319987144586812633e+02 3.935730313578692403e+02 -2.786156419283329112e-03 -4.442506589094875023e-03
2.920293393928132559e+02 4.584700468021552524e+02 3.292295632317154136e-02 1.649253555403677185e-01
2.840599779940675376e+02 4.895712583163885938e+02 -4.345784762156852665e-02 9.625443155365451253e-02
1.124013140932767101e+03 2.421665919627810410e+02 8.697365245307262654e-03 3.195479075297998350e-01
3.449026896055486873e+02 1.053262648975655111e+03 -2.877888870172963243e-01 -1.873067080517143435e-01
1.071940851877495788e+03 3.431749672060219609e+02 2.083307603745404579e-02 1.405333965414339546e-02
1.211314953538023474e+03 2.509089919461726197e+02 2.521696125285695367e-02 -4.969100032157947044e-02
2.454142978648872884e+02 5.218032373824875094e+02 9.567924882842582246e-02 -9.582378202510133391e-02
5.413668832805029751e+02 4.794752123055268385e+02 5.950037597119830178e-03 -5.009149615973163168e-03
2.332678940257681575e+02 6.767508063221998782e+02 -5.552407903827194166e-03 -2.091681697550592557e-03
1.150829631960433062e+03 2.515096347883201133e+02 2.580373668574973550e-02 1.138359700379883432e-01
1.139733522582480646e+03 3.362693393026552826e+02 1.522150274128068878e-03 -1.494176403562253548e-03
1.208939644901021893e+03 3.583066219209509313e+02 2.066573997988616594e-03 1.130445711435929153e-03
1.978447692118114105e+02 6.342876306965536060e+02 -8.581744183377700008e-02 1.722460522047120635e-01
8.576373284809923234e+02 1.101627300889073922e+03 7.934494861224761480e-04 -5.661401673595458425e-04
9.322703034058866933e+02 1.933085518949335153e+02 1.888881896861721241e-02 4.613792538875213095e-02
7.856755869764845102e+02 9.548856310201342694e+02 3.101922296401867472e-03 5.988442290760470459e-03
1.266194713072421109e+03 2.036313768418052916e+02 1.471487315702778645e-03 -1.847642746965486461e-03
5.467670517702448478e+02 4.608035445958057039e+02 1.817769062985336243e-03 -4.213632624525038325e-05
1.026735559834955893e+03 1.661344968584892854e+02 2.763174678643781114e-03 5.542738234139235956e-03
1.195241440286282568e+03 2.214705716799520587e+02 4.125977770101400821e-02 -3.739390149189687762e-02
1.203563191885486731e+03 3.623552519859089216e+02 -6.728357357279393484e-03 1.305921491767900178e-02
9.974224093317185407e+02 2.528653717204087741e+02 -1.060231468330575903e-02 2.349834915663694471e-02
2.525410094865013662e+02 3.338499492665075650e+02 7.872304827518007697e-02 2.481431074088943922e-01
1.088811862003381066e+03 3.310088389912239109e+02 -8.228004096213901997e-03 -2.805910872672763481e-03
2.670913821626654681e+02 4.586195565509106018e+02 -4.229620910153487207e-03 -2.327613607092498815e-01
2.325185216801720287e+02 5.285699608705798482e+02 4.877609881896740468e-02 -5.127908126165620084e-02
1.035274260714283400e+03 1.593515160276974996e+02 -1.108954365397246677e-02 -4.658997133432340489e-03
1.167362580022265547e+03 2.375631692108405275e+02 2.350426950066897627e-03 7.505225269568146368e-03
1.025453541811982404e+03 8.713666489996440987e+02 -2.897418514980882286e-03 7.935603126279512295e-03
2.563540135870769632e+02 3.269622593675342159e+02 4.464317399553061061e-02 2.968904909822561722e-01
2.314064254971910088e+02 6.515230792585783774e+02 2.078642792018837657e-02 3.597806241903679647e-02
1.795873110675967155e+02 5.052662647389612971e+02 1.322597926079850661e-01 2.126473861338240567e-01
1.148738054804381818e+03 3.557587368869636748e+02 2.231135110202495163e-04 -8.540524756776813817e-03
5.593604533759557853e+02 4.146319610355984082e+02 -3.853021769329400409e-03 4.322841056307987796e-03
1.192747868176821839e+03 2.350855922477080640e+02 2.778149201791697137e-02 -2.605748405271708732e-03
1.130303212461118164e+03 1.684782009820541191e+02 1.193236177175549528e-01 1.225349272199304090e-01
2.504995283149709451e+02 6.495169340929080590e+02 1.347078500509020678e-02 1.587232161550853476e-03
5.458759821735551441e+02 4.900013190944938515e+02 -1.042712635785054444e-02 -1.664219409434508634e-02
1.135175341271344450e+03 1.768855122202164978e+02 -2.638976193678864157e-01 2.052076551365543955e-01
5.905845295746167949e+02 4.163703891734716080e+02 -5.384415284906665568e-04 -5.072488626099962671e-03
2.164810615663681972e+02 6.748409987835510719e+02 -1.625451181117942498e-02 -2.083583167332941216e-02
4.635640486242787119e+02 3.927812447956425785e+02 1.509539369673874860e-05 1.194744670415545478e-04
1.176530731165855514e+03 3.673318227073844469e+02 -1.914533490916894972e-03 8.139243496683289277e-05
5.504402190827975119e+02 5.002081183563823288e+02 4.320202389473508657e-04 -1.210380727001289514e-02
1.008234241537337539e+03 2.452328812876149016e+02 5.476922156965361235e-03 -2.543542005471245357e-02
3.703286468706754704e+02 1.096051871371945708e+03 -9.717252521641463322e-04 -1.391867381508601897e-02
4.165147632773245050e+02 1.099937599571237342e+03 -6.279410201504970722e-03 -1.893438645844647619e-03
1.231489512412425938e+03 2.936031602852072524e+02 1.128120914283143872e-01 3.240720138105688819e-01
1.952540217302446024e+02 5.564949569134671492e+02 -3.838091074872137520e-01 4.991978626139375805e-04
2.284404762961131610e+02 5.583675319090028779e+02 7.416191375686496945e-02 2.690245677198469659e-02
2.422492032731383631e+02 4.978562831197030505e+02 -1.635724538692896746e-02 5.164073861969950205e-03
1.009720636186222919e+03 1.997985032173887703e+02 1.714997899265843437e-02 2.148366381823756111e-02
1.207081409842494850e+03 2.143078183511011332e+02 -4.797221119340723018e-03 -4.841896968990778288e-02
2.875090276217865721e+02 4.633074359530094171e+02 2.523300843477844710e-02 1.281288425040379986e-01
1.151609807867285781e+03 2.061733205358686121e+02 2.199919942097832218e-02 2.461256880853441784e-02
1.291105463554311655e+03 3.464151462643424111e+02 3.680799807128204426e-01 9.514412322354842688e-02
1.160092390108159634e+03 2.516944536330066171e+02 4.642103906005131536e-02 3.962462833539596996e-02
2.896410357063750212e+02 4.733658812819659261e+02 2.411648895151407776e-02 1.068919051024914274e-01
1.097159426317441785e+03 2.006849445206898679e+02 2.532990468884155008e-02 -1.382940325158070992e-02
1.165472165728166374e+03 2.599092491892296835e+02 -7.312496582705921636e-03 3.269865101842776151e-02
1.259738158845366343e+03 2.662812502634213843e+02 3.459638134632534844e-03 -1.707472922802118209e-02
2.641860594567473868e+02 5.059349430905237455e+02 1.143968592047360233e-01 -2.315013387951654900e-01
1.208036259541042909e+02 4.159852877314771717e+02 2.630373769432370890e-01 3.032022993091739727e-01
1.087271084365712795e+03 3.394413645719389478e+02 5.826228129765218292e-05 -1.063290461898378989e-02
1.158225346513765771e+03 3.920599007906156430e+02 2.175459996423080924e-02 -1.100297580034358992e-02
2.135293920446507059e+02 6.709946151970933670e+02 3.731297861997185175e-03 2.803457670410406961e-03
1.070612294888783708e+03 1.856390758967417014e+02 2.117785270054963268e-02 -2.015958751148771294e-02
1.209076068563988883e+03 3.962838947033642398e+02 2.231616473597730979e-02 9.145542432897495189e-03
2.844243145784267313e+02 5.400299562134149483e+02 5.976354980412065462e-03 3.330639200215491924e-02
1.089449553645038350e+03 2.413030681312408205e+02 6.986152804905365263e-03 8.056904152226988108e-03
2.933519950847421001e+02 5.986039777546228606e+02 8.918087606770817724e-04 1.377071088194551859e-02
1.205262525914347975e+02 4.334207479576872970e+02 1.630301666265114580e-01 2.163697354958902808e-01
1.041195701179291291e+03 1.716795599610694580e+02 -7.464156505049308367e-03 -2.861196570044417797e-03
2.643390679448876881e+02 4.737379511839536690e+02 9.329769857982476988e-02 -2.062839029471611463e-01
1.145029165709544031e+03 2.700163271707762647e+02 2.011149838530026657e-01 1.670949811534064300e-02
1.298619833923506576e+03 3.432716347957033918e+02 3.123236736559696913e-01 1.586349973257196733e-01
2.425409258427791883e+02 3.158477594752390587e+02 7.190946881775878152e-02 2.317385645090259405e-01
2.856432180661546454e+02 4.518742767606321991e+02 2.394898903406051868e-02 1.082438161364163987e-01
1.064780064664431393e+03 1.824844357638780252e+02 1.780719753372581602e-03 2.633199165537892118e-03
1.216419506464925462e+03 3.668351814621499898e+02 1.695778459168533273e-02 2.705948565438341235e-03
2.429885021903461961e+02 5.611077853573439143e+02 7.004586322125558318e-02 -1.439169741586778795e-01
9.945010659672075235e+02 2.206398129624489570e+02 9.694984630461458671e-05 -4.078060982761139500e-04
1.117709611023225762e+03 2.079326207820110994e+02 4.629704853332126252e-02 3.077589077627895450e-02
1.108968338931656263e+03 3.532021917531969848e+02 -1.479026641740266261e-02 -7.488089365469617316e-04
1.131811000795463769e+03 1.846690302131060548e+02 3.093139132460178686e-01 2.345672275276947660e-01
1.175440296179958523e+03 2.219922246011425102e+02 -9.007857033610673636e-02 9.714889203236186377e-02
2.603564890292484506e+02 3.363845300662405862e+02 6.383182800914170840e-02 2.639389440060719294e-01
1.120582406768769943e+03 2.272315590425242249e+02 -1.265444541646560950e-01 2.321668316325390669e-01
1.111027815488627994e+03 2.448390147466773783e+02 1.090995906856553031e-02 -8.132947636009829617e-03
1.205218933591592531e+03 2.628812333825096630e+02 1.367902140780661050e-03 1.201139753043838109e-04
2.551106870542239449e+02 7.104000418710810436e+02 -5.861932121335500928e-03 -1.994071125694171255e-03
3.258036529736478997e+02 1.069192260664381593e+03 -1.088663764032253567e-01 -2.771499669448499459e-01
9.182235290402999226e+02 1.102599018795685879e+03 -7.275831936918746761e-04 -4.943445917275978785e-04
1.185742637073306469e+03 1.670040358618853418e+02 1.305156088940631343e-01 -1.760872356320609122e-01
2.763977354647332731e+02 4.251066665099698412e+02 1.861036105046563055e-02 1.109415838709537638e-02
1.047917467568317761e+03 2.090114206432569119e+02 -6.061481157897528893e-03 5.593694863388563301e-04
6.194154537251108650e+02 9.358354403656860541e+02 -8.534188939640696746e-05 -1.694156349624944061e-03
1.001893792031996441e+03 8.490056252375816257e+02 1.166049015344667867e-04 4.357445851417984448e-03
1.219229057929200053e+03 3.803479383371541189e+02 -3.239959231445981892e-03 6.731549174870983011e-03
3.245652804793580231e+02 5.238050897491807518e+02 -4.086433189146058964e-02 1.176456434041591587e-02
9.890943706811186757e+02 1.782906173719972287e+02 8.690453019601654611e-04 2.445674884765480783e-02
1.002454872268282884e+03 2.438451982300184397e+02 -4.218509417408331484e-03 -8.600057526790027759e-03
1.175722387168782006e+03 3.284516355022338985e+02 -2.854891628619881001e-03 -4.324927996294988461e-03
1.281619928955602063e+03 3.253488791048152962e+02 -1.554575571223996977e-01 -6.010831498428732128e-02
1.287600109735703427e+03 3.248131704683657404e+02 -3.444216571103136948e-01 -1.195498117801906679e-01
2.462339174148381460e+02 6.327867756089955265e+02 4.731352508994211663e-03 5.686317385790052984e-05
1.165416784666857893e+03 1.845925683915083084e+02 -4.957011769781526772e-02 5.098996582803651256e-02
1.128585919410145380e+03 3.502922315660906634e+02 -1.353054818564217296e-03 9.810226315686699020e-03
3.332745474236144787e+02 1.071822235803065951e+03 -1.133943469181457053e-01 -2.795761602344442598e-01
5.037038008133828839e+02 4.703106093510930918e+02 1.818644183917399442e-03 -1.513181779412207028e-03
2.767281987464703548e+02 4.338130061478865400e+02 2.499297963803807313e-03 1.667713896682985683e-02
1.190822062158069684e+03 2.620138902212958101e+02 5.915115392013427231e-02 -8.045799098274379613e-02
1.212665574329997071e+03 3.478490201758337435e+02 4.658858554961111016e-03 -3.381139492877780709e-03
2.124168505994139764e+02 5.973075329756375140e+02 8.956601672010418291e-02 -1.107051264987728989e-01
1.155191420022164493e+03 2.283798564819584556e+02 2.654783485991411493e-02 -1.698112027807230362e-02
2.599939611808408131e+02 3.505654852593461328e+02 6.042653781337680580e-02 2.104588899753755404e-01
1.022019428499854371e+03 2.796482789870455008e+02 3.175915025273771865e-03 -5.310787958728361430e-03
1.176773671560068351e+03 2.597677142495037401e+02 -4.188554278092327526e-02 8.651298882027384785e-02
2.495036936417130846e+02 5.235779694960353936e+02 6.646196350499293526e-02 -9.538323685413084563e-02
1.300971858572490873e+03 3.291060367237743094e+02 -2.420250240484594639e-01 -8.324174143889674637e-02
2.573478515867018928e+02 3.788408540050086231e+02 3.923370526742251535e-02 9.295025542889581716e-02
1.196259245362987713e+03 2.115148029908930312e+02 -3.163924158269346230e-03 -3.397478891997388062e-03
1.105297133672783275e+03 1.735867697548310389e+02 5.233057373083676439e-02 -7.919259378665282180e-04
1.037261986408616849e+03 2.453769898591546905e+02 -3.543783943844700662e-02 3.076218648124635479e-03
3.267706842683928130e+02 5.528092685800170329e+02 1.007542539713980612e-01 9.163732341155907124e-02
1.173809216255158844e+03 2.657944350679870240e+02 -6.408992818744670139e-02 -1.309196137579700658e-01
1.350958707974515391e+03 2.617730567194105902e+02 -3.216460267733910975e-03 4.881344033669713853e-03
1.206928404064343113e+03 3.944334681885335954e+02 5.138925274869667742e-03 -2.428680992501380115e-02
2.263426893069392918e+02 6.847857226410520752e+02 -1.436154168460662336e-03 -3.372081230907711218e-03
1.163592740493753439e+02 4.249607720650414535e+02 2.025180851974575091e-01 2.830616194483536185e-01
1.060959050090698611e+03 1.897706564696645728e+02 -1.197957971819397192e-02 9.032529216476348211e-03
2.706988984968493241e+02 3.653692093090212438e+02 2.786021371382877559e-02 1.315250943068651812e-01
1.169023360073757203e+03 3.399834057063595765e+02 2.536859850900926791e-03 9.892201396921542281e-03
2.473568257407121678e+02 3.066242816919624943e+02 5.885769051794487172e-02 2.289673834998288693e-01
2.177912388410049687e+02 6.072078921487407115e+02 -4.121434050113922769e-03 2.302656051749594202e-01
1.163257046253404951e+03 1.460098055401108468e+02 -2.996745523779654943e-03 6.637418093671844377e-02
1.094096917324670130e+03 1.721475601368633477e+02 1.787707270565219025e-02 -3.042877977960300323e-02
1.014439844842842149e+03 1.953282188151836749e+02 2.267803070525622675e-02 7.713441435654635331e-03
2.055896545484863225e+02 7.185829435165182986e+02 -2.343147272884931083e-03 -1.386071514999451769e-02
2.512411787326576871e+02 3.657560301226812385e+02 -3.283259825766007833e-03 1.279443856736293128e-01
1.883391394629187801e+02 6.171642576828643314e+02 1.424507877724949245e-01 -4.351996558825305117e-01
5.177781284498427112e+02 4.589896668306126344e+02 -5.887688670058148369e-04 7.616506611848188751e-03
5.179869048765061734e+02 4.706658155928735141e+02 -5.482191387372979674e-02 -5.605059826215166158e-02
8.158305112480998105e+02 3.712669190875384402e+02 -7.637000782725216798e-04 -5.398526796427991110e-03
1.048955596163719974e+03 2.325278511066871374e+02 -1.456532137029853402e-02 4.318942169915635648e-02
1.131874966019489648e+03 3.579710059848592891e+02 -7.184055312924449155e-02 -1.095513186775807189e-02
5.207054816304366796e+02 4.421160705431757947e+02 1.662582425619802979e-03 -1.777320042853943946e-02
1.057200258284506845e+03 1.844906696493940217e+02 2.266607193284373226e-02 3.767851771553828444e-01
9.797969713719159017e+02 1.781634359871530080e+02 -5.558123776406957706e-02 2.691430076565804602e-02
1.285430398510624173e+03 3.410679562705175840e+02 4.074111797622976816e-01 8.149708340319750111e-02
1.188564360887747625e+03 2.526416914210960840e+02 6.064709310682776973e-03 -6.070083512040882340e-03
2.574152489378413406e+02 7.546959976969145600e+02 3.968522936573669682e-03 7.014712807282484988e-03
1.519367813150068400e+02 4.549547714852736817e+02 1.038078220485146204e-02 7.718797201290803801e-03
2.716217575820427328e+02 5.126369755991861439e+02 -2.870030827378920735e-02 4.192054177056267483e-02
1.170466406382298146e+03 1.714856145761547737e+02 5.323692641615682120e-03 -1.307957601960251653e-02
1.189605239067547700e+03 2.215971462315478959e+02 -6.377564410148435677e-03 -1.295569271127986442e-02
2.418172143631580582e+02 3.049373338776908327e+02 6.031065159457126706e-02 2.333503759762646512e-01
8.939278925193359271e+01 3.420351526795770951e+02 -4.381399222656963410e-02 -8.222760809519019665e-02
1.039770281534948026e+03 2.855334566136175454e+02 -1.900520794961793949e-02 -9.649769897966170920e-03
2.376809286914142092e+02 6.623999862266924765e+02 2.154941610886767882e-03 -3.226329408574081254e-03
1.115368787605026455e+03 2.018450587086811652e+02 1.127786771303057461e-01 6.371575759400552319e-02
1.201914024799531262e+03 2.561668913173485862e+02 -7.739378553105101533e-03 -5.586712440085749715e-03
1.020189744662013482e+03 8.066485466786838288e+02 -1.789485487891519580e-02 8.576076670748595740e-04
1.152109931606396458e+03 1.858025832695389568e+02 3.330672510240660633e-02 -1.037790022544095025e-01
1.217734725899135810e+03 2.418404185279102308e+02 4.108544800530208874e-02 -7.932460430124790851e-02
2.370468292906322745e+02 5.330355747915414213e+02 6.084557603549561183e-02 -8.948665068561467706e-02
1.122050941786199928e+03 2.384329049041351709e+02 5.877972916731638575e-02 1.357840119173317761e-01
1.207566047284275783e+03 3.312107651942365010e+02 3.794834115626669613e-01 2.310122077374042182e-01
1.127671504251625493e+03 2.406826025381208467e+02 -5.875395591653115659e-03 7.613845418756907957e-02
1.276763902260408940e+03 3.509189583738307761e+02 4.321744460246244035e-01 7.086746959067208307e-02
2.756971826181962228e+02 4.438837090270096724e+02 1.568876171270645881e-02 3.502358011098376678e-03
1.713283282442751272e+02 4.871790162214659290e+02 1.556760819442273569e-01 3.752959295316842248e-01
1.133842444452094696e+03 1.436384020545172007e+02 -9.598132948824550370e-02 -1.243124660110416502e-01
1.146595524974211003e+03 2.998031329894099031e+02 1.488503748116391801e-01 3.720488098281694578e-01
2.444885037571015118e+02 3.884387165016792665e+02 -1.850660329577144547e-01 -3.593165564303804071e-01
1.002025565219618784e+03 1.986368295405402193e+02 2.386694257183913023e-02 -2.625870344951938481e-02
1.147335601664700107e+03 2.247521438443714032e+02 7.155417167889211935e-03 2.726427278286765177e-02
2.824735523057000250e+02 4.392711081401375282e+02 8.381997529572662864e-02 3.702145752918466204e-02
5.439561050249133132e+02 4.133985177221271670e+02 4.224089784117793581e-03 -4.215526787078163057e-02
1.261510603681070961e+03 2.008038276029393785e+02 1.695208041564126578e-02 -1.395100447085047962e-02
1.016309952195831670e+03 2.304802566175782772e+02 1.942843153367727546e-02 -8.555331058396445365e-02
1.113747415728479382e+03 3.616240833272495934e+02 -1.951503886442751282e-03 -8.101198959161792085e-03
1.110201458554784267e+03 2.035974227994673242e+02 1.371976262431522653e-01 -6.370263591631035449e-02
1.144673373537583757e+03 2.467047686531038266e+02 1.449150910890994459e-01 5.138736171555738884e-03
5.050441665654159351e+02 4.539232418841048684e+02 -1.589464073086074500e-02 -3.609209915647294473e-03
1.650836495142469573e+02 4.933596565127774625e+02 2.155002883130993085e-01 3.604735351563171930e-01
2.775228692220539983e+02 4.593185165253811988e+02 2.482254605787659330e-02 1.313808366657379101e-01
1.034669901694779128e+03 2.547919115947952946e+02 1.592370536558554081e-02 -2.636619181492960706e-02
1.173246948421270645e+03 2.115206226173570201e+02 -1.441516677932980217e-01 1.835497545264472008e-01
9.978221811682625457e+02 1.732987765354475016e+02 -6.651344899260038836e-03 1.058651580299243694e-01
2.175867540226879839e+02 7.704806332025019628e+02 1.706127159547179278e-02 3.666966502409649969e-02
2.680353082027253322e+02 3.521648933054150916e+02 5.098711881790052303e-02 -9.892603590156312521e-03
2.739200404050097859e+02 3.830471808997012886e+02 -1.285087970567625750e-04 -1.488117483855807242e-02
2.673800641459474150e+02 4.054075451498325151e+02 -2.838425444085327862e-03 1.519757526857985937e-02
2.692127344436273688e+02 5.085334412300299505e+02 5.049733402490027417e-02 -2.348732029813098143e-01
1.065211215106151258e+03 1.672312548866736677e+02 -1.014485642392676940e-01 2.531538850178445266e-01
1.181751792042823354e+03 1.956315672272066593e+02 -4.928349224253887606e-02 -4.770476890979399170e-02
1.164062355685376133e+03 2.179203674106816493e+02 1.667329660340619024e-02 -3.169848302182591560e-02
2.552241457141004162e+02 3.754884750585918027e+02 2.673383416270604107e-02 5.455711020264036176e-02
2.905070511926579684e+02 4.431791286548816515e+02 3.783930864517767723e-02 1.617180392175024961e-01
2.557690512580724373e+02 4.390615059347882152e+02 6.383105841241003275e-02 1.983797103699861952e-01
2.407553681871405900e+02 5.179825970654293315e+02 1.743081705556257660e-02 -8.906408120930367489e-02
5.397226938102576241e+02 4.856542550531804636e+02 5.729756606011836978e-03 3.186420140437720705e-02
2.546736269985212857e+02 5.923848657044394486e+02 -5.885936732159858381e-02 2.106141412114290873e-02
2.417293648727084872e+02 7.004270145787706952e+02 -3.091557458616798603e-03 -9.502772021053569954e-03
1.024386157092565554e+03 2.424720846470193010e+02 2.708752264362998194e-02 -5.981758758283049066e-02
1.143550070231399559e+03 2.165056429332723269e+02 1.800315807694523665e-02 -3.309119035487268629e-02
1.094621627007111101e+03 1.545023975380084664e+02 -3.278638250225997253e-02 -7.582249503818567701e-03
1.013610165298625475e+03 1.889781492372577816e+02 -5.750591170499860967e-03 -5.530555970299896786e-04
1.189333311121458564e+03 2.029494250539917743e+02 6.491960372719469963e-02 -1.122891783248562789e-03
2.094995158868595411e+02 5.983950934475453778e+02 1.520232396164334920e-01 -1.225005670091399018e-01
2.486361537407396156e+02 3.254930576377676061e+02 8.592156719957317820e-03 2.372947155585911905e-01
1.104963717156702160e+03 2.170784921168531412e+02 2.364643540193178423e-03 -1.466120858043287907e-02
1.147878321560554696e+03 1.910758661285022981e+02 2.716504795942056155e-02 -1.457743141821557682e-02
1.144099863924944430e+03 2.427905049356695031e+02 1.795500689274604211e-01 3.076777033081512513e-02
2.686628285746057827e+02 5.319625986216418596e+02 -1.569895798536727338e-02 8.056912928261156237e-02
1.148096676002558297e+03 1.994732204196656369e+02 2.140762582870569808e-01 3.858832099537433391e-02
1.177851775780471826e+03 2.286243005529216816e+02 7.390605715045239776e-03 1.308661265687082742e-01
1.300337366115515351e+03 3.511058489324483389e+02 3.691231828743475885e-01 1.611681685835340827e-01
1.002767591785265154e+03 8.205986011149929027e+02 -2.455627525746597109e-02 4.544863466336816066e-02
2.439048139565996394e+02 5.112068491436268118e+02 4.159584018560582436e-02 -1.412961597440093586e-01
1.091723136267105701e+03 2.512084728490643215e+02 -4.998168969477712609e-01 -1.622993619167017176e-01
1.247541742694692175e+03 2.806107984798363191e+02 -2.651546263957021976e-02 -1.254571012489000097e-02
1.832044098218354122e+02 6.341100312589860550e+02 1.679355543530720307e-01 -4.406909934878365798e-01
6.503787573042391159e+02 8.934257578167720339e+02 2.489099193873231808e-01 -1.175885124460884112e+00
1.101749364166325222e+03 1.785263454015160391e+02 1.123655665588785268e-02 -5.605259733974952974e-02
1.110783753714569229e+03 2.122793493566870779e+02 4.881269541890434494e-02 -6.166598132897939399e-02
8.204492671640105073e+01 3.235909807123717314e+02 -3.324099871656593930e-02 -4.158771506958406500e-02
5.123983101936835283e+02 4.238592741102148125e+02 -1.205664355048611525e-01 -7.095082095984903137e-02
1.120542120240614167e+03 2.150026370164131890e+02 9.270180496003896375e-02 -1.496612458327847839e-02
1.028359818690004658e+03 2.657339577188575959e+02 6.333354991914217670e-03 -5.694291068415720941e-02
1.183791622447255804e+03 2.052241610997336352e+02 9.986665826852783590e-02 -8.916642880943592697e-02
2.873573570818553549e+02 4.378808905299950993e+02 -5.545642004718796120e-02 6.009137931551703643e-02
5.487580941121533442e+02 4.105173367701125926e+02 -2.044905268214466595e-02 -9.832368749653476458e-02
1.037781829044992492e+03 2.843790090845033660e+02 1.918047664566850316e-02 -2.583171296328815036e-02
1.169310499628727712e+03 2.222660848594311744e+02 -1.657372553567965368e-01 2.776767304200781217e-01
9.295087963467324244e+02 8.978487146011847244e+02 6.330028661793943995e-03 -2.180104102005235925e-02
1.091535805114998766e+03 1.902178366216676295e+02 -6.399157488907335212e-02 -3.532487115745988615e-01
1.311846381799945902e+03 3.367903528399261290e+02 -3.426123111759986628e-01 1.877476583365994892e-02
2.683164778515960052e+02 7.162214178397842943e+02 3.957287345184223870e-02 4.376229006217699502e-02
3.012078507858303169e+02 4.905220860472827553e+02 2.013986444742776882e-02 -1.319377763038254159e-02
5.131895351878938527e+02 4.884399528410206699e+02 -6.234734948524334186e-03 1.154988294252845549e-02
1.071515849359291451e+03 2.337489790868111754e+02 -4.091359565670629195e-01 -3.051629666213431236e-01
1.109488144605803200e+03 3.652280965228627565e+02 5.127498650558948157e-03 -1.213252929366248623e-02
1.054792139809589571e+03 2.748891708302109009e+02 -4.389264862871025685e-02 2.038322245189669313e-02
1.142323725702060528e+03 3.632469505859558012e+02 1.972266191245903438e-02 -5.540043641068340824e-02
1.048805066199639214e+03 1.820911483140120311e+02 1.226001006526303144e-01 1.286799214095263322e-01
1.087048912739374600e+03 2.015770179649294391e+02 3.828589288360338683e-02 -1.050162452800028207e-01
1.896250014157466524e+02 5.857291350173958335e+02 -1.203503426316861712e-02 -1.492419965025722738e-02
2.976172105423388530e+02 6.584757704158856768e+02 3.261122398010153633e-02 2.751226806630863164e-01
2.315749318918620645e+02 2.928353038720279642e+02 3.038700059282766625e-02 1.151160878978804009e-01
1.043194144627369951e+03 1.821142796644010957e+02 1.037965399418031356e-02 -1.283412268477235330e-02
1.096874757950922003e+03 2.141587075290126734e+02 1.164208893939157191e-01 -1.113416940320917092e-01
1.142790469125496656e+03 2.637816390233128345e+02 2.185603668177366621e-01 3.877718843429391882e-01
1.225170137006513187e+03 3.073035176957811245e+02 4.978700642640286889e-01 -1.846700140679250271e-02
1.214483509222190605e+03 3.759272489453755384e+02 6.788667812080413297e-03 -4.862528573383428920e-03
9.897895406792616768e+02 2.013088520036892817e+02 -1.062469353326765502e-02 1.395316572711951392e-02
1.947085410181837517e+02 7.020939091246725638e+02 4.241883399758863277e-03 -1.423500253318050329e-02
2.786889377514870034e+02 4.434231059328379843e+02 -2.828278093492013479e-02 -5.523501506773807745e-02
1.586206456019197901e+02 4.820581548987464657e+02 -2.142220717111889203e-02 2.027745736376774383e-02
5.181262662421654568e+02 4.824325203002113085e+02 2.921661561310009850e-04 -2.991227225872159293e-02
1.010369883818744597e+03 2.041581060350291068e+02 6.245859574287001073e-03 -3.265953269441450313e-02
1.094548883313092347e+03 2.031512305422592419e+02 1.454262040979651532e-02 -5.984652252633155395e-02
2.616129424623571254e+02 3.412683203314565503e+02 4.004761084822121286e-02 1.877447430956135643e-01
2.614901577889508530e+02 3.659557761948836401e+02 9.344406516902380809e-06 1.200348355449091242e-01
9.987302774506338210e+02 1.999013203016118894e+02 7.272649678516245053e-02 -2.776521351884093658e-01
1.011465834326532786e+03 2.483438164384888864e+02 6.933777753165486918e-03 -4.488770842564236002e-02
1.032610783998242596e+03 2.731368813259109061e+02 4.543483790539540150e-03 -3.725785088745624252e-02
1.185089408926328133e+03 1.824385750462857629e+02 1.633333626938110808e-02 -3.357996600927435488e-02
1.133483801987576271e+03 2.792465715888220075e+02 2.494923866980934823e-01 2.795930489035891031e-01
1.064728890363832306e+03 1.558949060335414174e+02 4.353553835558443552e-01 -1.841882751241759666e-02
1.062338661933361891e+03 1.781430206306231980e+02 -1.637683221324171823e-01 1.402700669296829405e-01
1.088241674539161295e+03 1.912456692071506268e+02 -3.204217858653635176e-01 1.403452992491421580e-01
1.040937964189551167e+03 2.590983557219166755e+02 8.839215490335542227e-03 -3.594237028967720710e-02
1.252660028793143283e+03 3.286178120464074368e+02 2.939026157140934292e-01 5.713553557455478688e-02
1.976559389445322097e+02 5.812150693763780964e+02 -7.296502826807937936e-03 -2.875810549474995884e-02
1.662840317458651214e+02 4.771227121961340458e+02 1.988711001585791727e-01 3.419390792434653381e-01
2.245750797281777693e+02 5.344427269138029715e+02 -4.852977333705587454e-02 -1.190035446258177615e-01
2.813833556151927269e+02 4.591805972386386543e+02 -9.499380717360591045e-03 1.023324248220738170e-01
1.042623292587295964e+03 2.340806121550827186e+02 2.911974193992198923e-01 2.449789098022666645e-01
1.099346922272964321e+03 2.430329276426639353e+02 8.033496269366547510e-03 -4.173402616150925781e-02
1.150988597855660828e+03 2.461619700051580537e+02 3.937588616794197166e-02 4.702466690976982860e-02
2.663254235676328676e+02 3.560526211168792088e+02 1.300103828344222612e-01 1.871105940408191171e-01
1.106049412106905407e+02 4.286109469782277870e+02 2.195280198834992647e-01 2.342723115628825292e-01
2.745579644274573070e+02 5.029238824616187458e+02 -3.825529535658590830e-02 4.312343603108848705e-02
1.140953165744643002e+03 1.673761493750862996e+02 4.687413390423075810e-02 -9.902334129707567045e-02
2.856052535041114879e+02 6.190694804090832122e+02 2.564549834839421547e-02 -8.562951573226958157e-02
1.177754232493600284e+03 2.925199297233338029e+02 2.914513028643568870e-01 1.948351459711773204e-01
2.449107535131979034e+02 6.637758835279014420e+02 -1.817589338241987250e-03 -9.800207620964443422e-02
1.211645202264355476e+03 2.162084278777650468e+02 3.095282455634380814e-02 -9.734796255351714500e-02
2.393750351332735988e+02 3.445059009221268980e+02 -1.688092374373360849e-02 1.063541128007538389e-01
1.029831610945175271e+03 1.671265763997083411e+02 6.769733754329839044e-03 -2.999874181746046628e-02
9.920502721783188917e+02 2.595501559248893386e+02 -1.807480556226121471e-01 5.292435921946100352e-01
1.075626765372351201e+03 2.463456832713611959e+02 -1.748509248984520259e-01 2.070094413830677049e-01
1.105849300241751507e+03 2.511604378796493791e+02 2.229139746565225386e-02 -3.045165240120992559e-02
1.188576905384425572e+03 2.444676305174262438e+02 -4.255796089738497767e-02 -7.698823919290652407e-02
2.393249932994256994e+02 5.361528341846186549e+02 -4.850999850713656747e-02 3.428243357326563046e-02
2.201673602981689442e+02 5.598626153015165983e+02 7.396173277220914610e-02 1.002450246134508755e-01
2.133931769655033577e+02 5.933221249381937241e+02 1.944031233410754567e-01 -1.471554629818569992e-01
2.990486155677078841e+02 6.464406381540494522e+02 -1.024387666691761040e-01 3.018091868584822923e-01
1.053318700515704222e+03 2.038263323681778729e+02 1.348003819993316699e-02 -6.549256567175334998e-02
3.146029268529840124e+02 5.817774587338038828e+02 -3.281553773904774540e-02 -3.742628885048387977e-02
8.649667702189400416e+02 1.102185749113230258e+03 4.036172626416266451e-02 -3.993273567710489496e-04
2.863522441246737458e+02 4.601215001004009082e+02 7.730014296616971592e-02 9.363985489693504860e-02
4.934830803907569248e+02 4.542096172330199124e+02 9.266395605372679256e-03 -2.709678827508810173e-02
1.078946052967358355e+03 1.530276567121563573e+02 2.773362863452604188e-01 -1.339152792110045453e-01
1.241971602783503613e+03 2.867075291917504387e+02 1.047697500490585298e-02 -3.386745523775402944e-02
2.822585784850258506e+02 5.841872918532237691e+02 -4.530673540568130875e-03 -2.154634297738766691e-03
4.648132642795448533e+02 4.551867821446145967e+02 1.329161432385035299e-02 2.075945252208081723e-03
4.918033407134935260e+02 4.485718170050987510e+02 1.134970713692761562e-02 3.591827388296830320e-02
4.893702780223661648e+02 4.756771883938365022e+02 1.685363117667672272e-02 -1.158663562042268726e-03
1.183077057059288109e+03 2.123247417058598216e+02 -3.069266474982820445e-02 2.551507875639666967e-01
2.096798368574043536e+02 6.184014359076361416e+02 -3.919519324740956129e-02 1.501566241395797252e-01
2.118458563520891289e+02 7.064979549986342136e+02 -6.393083014207452848e-03 -3.613570463540630162e-02
2.293401261079359870e+02 2.932996750649993487e+02 3.250862152172422775e-02 2.195843379369404880e-01
2.715307302601870560e+02 4.663603969572309893e+02 -1.914986261631465222e-02 -2.709170904077617403e-01
5.501717597761490879e+02 4.985267566369766996e+02 6.831084640907647554e-03 3.591625968764690369e-02
1.071958400699540562e+03 1.535852378537542791e+02 1.038374408396801063e-01 -1.499549078644406563e-01
1.182931991826407739e+03 2.468372764100825236e+02 4.407357334346565514e-01 -7.579560744177320508e-01
1.143658495309090995e+03 2.678005139632189753e+02 3.744619230768736484e-01 3.082382804075660399e-02
3.136423470193761318e+02 1.059699906446256591e+03 -1.021068521625177472e-01 -2.527115835767710164e-02
1.142528891896352889e+03 1.424155156093905816e+02 -1.779361051582857914e-02 2.620520879266289779e-02
1.045293418564649073e+03 1.911114538625592729e+02 -1.036123473679140261e-01 -1.050006469815419584e-02
1.056287678204983649e+03 2.622699199646989427e+02 -6.349542351442021004e-02 -1.321843330521090820e-01
1.052160425640321364e+03 2.841660194211188468e+02 -9.052629495177674443e-03 6.210354771338207763e-02
1.159287632491695376e+03 2.773171742907227895e+02 3.726421115629818814e-02 4.802324530809680241e-03
1.159634804143501015e+03 3.944184392468292799e+02 -1.123256267462882790e-01 8.645674599928081239e-02
2.741183137593396282e+02 5.334523413418739892e+02 -6.129430617257014546e-02 -6.897399667259189460e-02
3.212329087348045960e+02 1.081888066639537783e+03 -5.590924264382124420e-03 -1.740190160050284970e-02
2.960263311233476315e+02 4.917784119258242299e+02 -7.942652923312917834e-02 1.467888842435885639e-02
9.892158802609638997e+02 1.725336316595802373e+02 -1.004668093168509767e-02 4.276652944799830963e-02
1.126249562409883765e+03 1.958643338207071452e+02 -8.502147331937108532e-02 4.455729415335864529e-01
1.082335595858787656e+03 2.113674284669373833e+02 2.152355522226075211e-03 2.547512892200323037e-02
1.163531687095535744e+03 1.925871954105673183e+02 -1.740426368337466556e-02 -6.123582172947873020e-02
1.175316483580175600e+03 1.914622984094970093e+02 2.320778819851263691e-02 3.463713988139716093e-02
1.033226037210628192e+03 8.408036604300983754e+02 7.526507261162475315e-02 -2.477141045975176162e-02
1.186455579184893168e+03 1.716664069434787052e+02 -1.118709089082585775e-02 -7.729739041755579257e-03
1.130103821001664301e+03 2.521146488725148060e+02 1.015216854109439737e-01 5.194445184068200438e-01
9.928628772059081484e+02 2.453426567559828015e+02 -1.541191107744705607e-02 -3.111550683492067884e-02
1.123937613710925916e+03 2.288739134212534907e+02 1.244897243882911037e-01 1.405983617103995914e-02
1.153668243718948133e+03 2.729227045286094722e+02 -2.786130475791044961e-02 -1.531538780893192293e-02
1.238566833769686127e+03 2.809829115725958673e+02 -1.322291330676408569e-02 3.282648196630412463e-02
2.071477162663346689e+02 6.338468091947310086e+02 -2.363570892680526281e-01 2.633880194977109568e-01
2.499946910700622027e+02 3.366660038025053154e+02 -5.075662197357999617e-02 2.587251467503719482e-01
1.012434826216270267e+03 1.784993633054702968e+02 5.655422852036906534e-02 6.209513498913210583e-02
1.139420166679060230e+03 1.856750448420336284e+02 -1.485124790096392644e-02 -3.662987527489995898e-01
1.041822936054522870e+03 2.482452592840850798e+02 9.457081626212016090e-02 1.176008667242516736e+00
1.096165102191686856e+03 2.281153133051017505e+02 3.112923466090933289e-02 -3.238058473575478047e-02
1.224762320591967864e+03 2.154677471972189267e+02 2.773326643219320431e-02 -5.551309795665204661e-02
2.704534025554651748e+02 5.635191579461661604e+02 -1.253541903295740667e-03 2.082023438305213858e-03
3.082968418287929353e+02 6.631304713417803214e+02 3.034164351316803732e-02 5.380291294568451121e-02
2.203558423560032509e+02 6.849784838970139162e+02 1.522865717970134369e-02 7.800625889800016921e-02
2.350752964793696549e+02 2.892158626168289288e+02 4.998936765684496714e-02 4.881991312079695527e-02
2.631667261817121926e+02 4.703675618829790892e+02 -1.368175087154830660e-01 -2.346836740175685387e-01
2.529066574903293940e+02 5.252175167121268942e+02 1.165633288755429930e-02 -1.903069729738717797e-01
1.001236844945118492e+03 1.714292517993815181e+02 8.868259975911639559e-02 6.971611179205135234e-02
1.072342953166947837e+03 2.006385366579237655e+02 -4.574208733911940689e-02 1.352867205156737251e-01
1.161195820168523824e+03 2.583504240712982778e+02 1.062663992842902000e-01 -5.265645151038630400e-01
1.168124093303376412e+03 2.684839232390834241e+02 -1.106854715923028809e-01 -3.900281280690072738e-01
2.412948722488474118e+02 5.902490254789347546e+02 -9.107566156470170426e-02 1.228162495766745022e-01
2.508596581020410667e+02 3.469824200343646226e+02 -1.188051629026887213e-01 1.150187032096710027e-01
2.377267452419397671e+02 3.719669236716327418e+02 -6.430078669599008367e-02 -2.718646131614643191e-01
1.098211289486907390e+03 1.677059561410731305e+02 7.505404884849060931e-02 -2.133738955850740526e-01
1.226459995424549106e+03 3.030698843065866868e+02 1.456180192075559321e-01 2.312896429745781857e-01
1.324390921690627465e+03 3.243874433951644392e+02 -5.386465650501577329e-01 2.693781471983716647e-01
2.756277925633859809e+02 5.332484291727943173e+02 -2.041229306420765111e-01 1.340151461777926156e-01
2.661477713287874849e+02 5.379363780866673324e+02 -4.997758606836555373e-02 1.548798725477809057e-01
2.675190999962793512e+02 4.679603123491747283e+02 4.073795583758510128e-03 -1.405151409894528913e-01
8.481109278496697925e+02 2.464403890707836808e+02 3.288950442640725669e-01 1.069962089822774853e+00
1.093137676016767045e+03 1.641789585194450467e+02 1.800398687623783189e-02 -2.643393751422990975e-02
1.077086273527431104e+03 1.935607632522411450e+02 3.239905151099264913e-02 -6.091915002124892453e-02
2.224580124536097401e+02 6.766578916061299651e+02 2.146971356715994192e-02 1.040081828687789284e-01
1.049571935343558380e+03 1.779935634797936359e+02 4.941056583697900351e-01 -8.727193456315518461e-02
1.100550461382096273e+03 2.239502145411705953e+02 -6.302681834864642951e-02 2.294218390718967271e-01
1.129341708226281526e+03 3.647644570355042219e+02 1.849463364135317534e-02 8.630499955648929244e-02
2.173118276490548624e+02 6.754693213420841857e+02 -2.270868689405602936e-02 4.563499053031705444e-02
2.493185638230304733e+02 7.151409811557622334e+02 1.043615082973303743e-02 1.467717829936532326e-02
2.470603197974512284e+02 3.851380046296808928e+02 -1.106650350709514896e-01 -5.006587617613149632e-01
2.683434414685620482e+02 4.253813436460562798e+02 -1.478093166578749694e-02 -1.525679035372794201e-01
1.487107454942004381e+02 5.364894248341088314e+02 4.566785066335418003e-02 5.591626402038703952e-02
1.023628155448952612e+03 1.654306277218913692e+02 1.279491608999781815e-01 -8.408569597156656528e-02
1.001615461182765216e+03 1.850460069033661341e+02 -1.795862228248855386e-01 1.112068009718332889e-01
1.150850337970562805e+03 1.638654357564424799e+02 -2.078019832083555229e-02 1.674078723137787106e-01
1.124616548040046609e+03 1.782880377108931214e+02 -4.996323904523099907e-02 1.374388403969627748e-01
1.081556816505545385e+03 2.247851698722530784e+02 -1.472812842133256195e-01 2.069148537485811234e-01
1.099030390617142530e+03 2.197423318950781379e+02 -8.650989904526795726e-02 1.290350246258829825e-01
1.255863796561759500e+03 2.924158568733169545e+02 1.341159631700369025e-02 -2.391367769954892090e-03
1.294948494780353485e+03 3.583581745728451438e+02 2.768279504340019348e-01 3.631298840648847920e-02
2.474754808264643486e+02 5.810249006013173130e+02 1.073834386272665142e-01 2.161438466649391044e-01
2.656037093480632052e+02 6.959029643643699501e+02 2.585734544842732130e-01 5.501283673136943969e-02
9.072304260558436226e+02 8.434779760700935185e+02 4.633192333123285073e-02 -1.691668808947118310e-02
2.551662783786002535e+02 3.625124355441406010e+02 4.852843754258628906e-02 1.683324551376301770e-01
1.106019661071424451e+02 4.286098804489183749e+02 5.037412686456832489e-02 7.940588712310159281e-02
2.561777148479590664e+02 4.408764922399906254e+02 2.673617352002111147e-03 -9.102740114815333072e-02
1.105687574502704820e+03 1.522765762693783529e+02 9.113609557175550435e-03 2.473936617764138646e-02
1.152095710845346957e+03 2.600828965035996134e+02 -1.012905533696084603e-02 2.174264328558024317e-01
1.233755581873650272e+03 2.530694463878255362e+02 6.707943023889129108e-02 -1.359696247427137905e-01
1.252521617810024054e+03 2.564626092298195204e+02 -2.922385188271618972e-01 2.242009176444526020e-01
1.259069593243575810e+03 2.881581205131454908e+02 1.794787965668547258e-01 -2.217999986586107752e-01
1.122378327379364919e+03 4.339194720479635521e+02 -5.718364323695368512e-02 1.065741569297244951e-01
2.844197185863918662e+02 5.399126250185538538e+02 1.936414467806457651e-02 -1.794683545213615616e-01
2.494845372406982165e+02 5.731183158323170801e+02 -3.685026223081422359e-04 7.323640812126086530e-02
2.138810820428655006e+02 6.478298327925002695e+02 2.606018649665031717e-02 -1.293834305066070556e-01
1.974525947255648077e+02 6.912967840098260695e+02 -1.367869659430311913e-01 -8.398576438253257948e-02
2.066504697134143100e+02 7.249895528349076130e+02 -1.085662285785389258e-01 -5.787750937167857046e-02
9.039313225071985016e+02 8.423029953815479303e+02 -3.136494558151525780e-02 -6.732980776695285385e-02
9.601626114776396435e+02 8.229869823477420141e+02 -3.855335158755224256e-02 -3.997442857445321351e-02
3.084002456356537891e+02 1.060008934176705225e+03 1.098431020121211077e-01 3.084842374391882913e-03
3.808035143505589986e+02 1.100180605759748460e+03 2.512206086433366181e-02 -4.863732449359758903e-02
2.814470569672993747e+02 4.490045601154552060e+02 0.000000000000000000e+00 0.000000000000000000e+00
1.644619602436117987e+02 4.920616720733189595e+02 0.000000000000000000e+00 0.000000000000000000e+00
3.264799297248424068e+02 4.964315038801038327e+02 0.000000000000000000e+00 0.000000000000000000e+00
1.027669112855545791e+03 2.221229695728102058e+02 0.000000000000000000e+00 0.000000000000000000e+00
9.913369819948902659e+02 2.311706618446161769e+02 0.000000000000000000e+00 0.000000000000000000e+00
1.176215386613233704e+03 1.435722432465291263e+02 0.000000000000000000e+00 0.000000000000000000e+00
1.201968386298585756e+03 2.042845497794868379e+02 0.000000000000000000e+00 0.000000000000000000e+00
1.181978422116675802e+03 2.746265525858430578e+02 0.000000000000000000e+00 0.000000000000000000e+00
1.130714289084117581e+03 3.390577151086487220e+02 0.000000000000000000e+00 0.000000000000000000e+00
1.304229736402054868e+03 3.378363798476304964e+02 0.000000000000000000e+00 0.000000000000000000e+00
1.165690169120619203e+03 3.783702224406703181e+02 0.000000000000000000e+00 0.000000000000000000e+00
2.429894945205679733e+02 5.340514018942022858e+02 0.000000000000000000e+00 0.000000000000000000e+00
2.619764331855791397e+02 6.013683974913087695e+02 0.000000000000000000e+00 0.000000000000000000e+00
2.757793109455673175e+02 6.031179100695477473e+02 0.000000000000000000e+00 0.000000000000000000e+00
2.541800474740425670e+02 7.088410486435478788e+02 0.000000000000000000e+00 0.000000000000000000e+00
3.271641840674276978e+02 5.369140421309845124e+02 0.000000000000000000e+00 0.000000000000000000e+00
3.106479630810998174e+02 5.718997627018071626e+02 0.000000000000000000e+00 0.000000000000000000e+00
7.575880818602630598e+02 5.290819841040255369e+02 0.000000000000000000e+00 0.000000000000000000e+00
7.074172056144456064e+02 7.947384859716015626e+02 0.000000000000000000e+00 0.000000000000000000e+00
6.947164889297297350e+02 8.216360610748604358e+02 0.000000000000000000e+00 0.000000000000000000e+00
4.700804083395447037e+02 9.415085388089144089e+02 0.000000000000000000e+00 0.000000000000000000e+00
