1.331005386747999921e+02 3.819708011891570436e+02 -8.969044724372932098e-03 -1.752065204401346762e-02
2.524536004317119762e+02 4.634247147080085938e+02 -1.420628541417627219e-02 -2.609643789213071663e-02
3.144111849188744827e+02 4.751436968686917339e+02 -4.657518797572966079e-02 9.137052446734773847e-03
5.637039234833981709e+02 3.786252008704476566e+02 4.142063004940943136e-03 -1.010441643672992974e-02
7.059927381506180382e+02 4.139695530172228928e+02 1.761055885160455609e-02 -2.189724116977283253e-02
6.343625182309986030e+02 8.219683267203472496e+02 -3.084917149045836499e-04 -4.863148870777868511e-03
9.124917914224656670e+02 8.059460645808883328e+02 2.738982739071958630e-03 -5.037923301506677838e-03
4.599681612935739849e+02 9.415427817384803575e+02 5.402925584076451529e-04 -2.309372352803872996e-03
9.051661738121825920e+02 9.220624212018803973e+02 -3.387186880922629477e-03 -5.537792062501232203e-03
8.999883749456350870e+02 9.261824493272655445e+02 5.888953009839542098e-03 -4.359300635374523808e-03
7.075587996927308723e+02 9.925118418839099377e+02 -4.261491875096530026e-04 -2.294522663419229502e-03
7.150749854024002161e+02 1.011358155636072638e+03 -3.433390598495474782e-04 -2.882673173055739103e-03
7.049007972285781989e+02 1.023784721557408147e+03 -3.607206791752339318e-04 -1.467152252501202235e-03
4.817011222846573446e+02 1.099102637815599337e+03 1.930495230086794027e-05 -1.703051728725875997e-03
7.045165740809279669e+02 1.036510272742781581e+03 2.023014157591187558e-03 -4.065715361944642788e-03
7.518184898984234223e+02 1.067582901899893159e+03 4.174185811180985950e-05 -7.623644655543085043e-04
7.455838413770757143e+02 1.071475910775671991e+03 -4.654576691667772323e-04 -1.696430361544296744e-03
1.310324635535769175e+02 3.248522774507634949e+02 -5.168885097526529186e-03 -1.629982876837157355e-02
8.998292660009770998e+02 1.102145572217724748e+03 2.666639302243302163e-03 -4.476694486948863856e-03
2.421375701589997220e+02 7.544847174440708386e+02 -5.414449195415450312e-03 -1.091404202626977508e-02
1.246086304457282722e+03 3.726629130859868724e+02 5.273405209124512605e-02 -3.273551975663656181e-03
1.185467509018276814e+03 2.336115401192344336e+02 -2.006181425311900218e-02 -1.013042308614081621e-01
7.156338856090874287e+02 8.822060841091226848e+02 -3.933269648163475671e-03 1.159854528422968453e-03
2.366039323310771181e+02 7.197040065592995006e+02 1.503410003081599266e-04 -1.660523504427367444e-02
2.500526207293345635e+02 7.132614910670699828e+02 5.208529119257583780e-03 -2.352368150920060297e-02
2.480795487701928153e+02 7.489871726174939113e+02 -2.731965960813852873e-02 1.624536558981527420e-02
7.192473046257700844e+02 3.573772806830737636e+02 1.534751726003468332e-04 -1.194748804081065437e-02
5.700639928226316897e+02 3.798738445142926707e+02 -7.975082265987355062e-03 -1.142451725502944583e-02
9.315893394983277176e+02 8.446459354116360601e+02 -1.347892748003237098e-03 3.217317958329334645e-03
1.010722562980857788e+03 8.119055332612956590e+02 1.607668560645811665e-02 -4.440658021009636497e-02
2.446624550090670027e+02 7.445119192324717687e+02 -9.251430422486717209e-03 -2.140083295924427240e-02
9.834021341392368640e+02 8.279903994015621720e+02 1.990477526268622042e-03 -1.734907028363784007e-02
3.079331980129105091e+02 6.623470177107410564e+02 -1.653196431020953093e-03 -9.931542843618768393e-03
1.015425454220260576e+03 8.148680762726419289e+02 8.991045432310891539e-03 -2.197243089515515859e-03
9.409779387709628509e+02 8.324077104280560206e+02 -1.576958065101446982e-02 -1.084831605250187805e-02
1.003660735703675414e+03 8.360266591179419038e+02 -1.619140197867141595e-04 -1.023981723670829708e-02
2.322939166884393387e+02 7.232904465236466649e+02 -1.102312053611943050e-03 -1.773292950896111428e-02
4.792574167276671915e+02 4.364913290887427024e+02 3.409079638825883440e-03 -8.303670404901292157e-03
1.025212916778893941e+03 8.051697167884626651e+02 4.113134661212267291e-03 -7.233365594612619839e-03
2.174617556468076316e+02 5.206660314134120426e+02 -2.397022439242114857e-03 -9.455996056346683762e-03
5.762539058094015445e+02 4.193179432306004628e+02 3.555190390241901033e-03 -1.319333000145886739e-02
7.306998949679375528e+02 9.241858406314050853e+02 -5.971662037255906670e-03 1.614805941192634436e-03
9.573974558521510971e+02 8.471420976652198078e+02 1.327940034174713516e-03 -4.731748466439858990e-03
7.484974110863781789e+02 9.533844394518487206e+02 -2.895712364484593054e-04 -4.965331044274426918e-03
2.635087107685661181e+02 6.668250816824975118e+02 7.520858124081260948e-03 -1.849671009243381709e-02
8.247088437757831798e+02 1.102199615577497980e+03 1.359814699396950499e-03 -1.151671310897582580e-03
7.511895784629074342e+02 9.604637651137363719e+02 -3.216079436650052213e-03 1.646594970512942763e-02
5.620788722222717979e+02 4.712844527400656602e+02 -4.373601785687242227e-03 -7.008869697207082902e-03
5.660112462926194894e+02 4.742685346168558453e+02 5.442990675531984282e-04 -1.331554674685841468e-02
9.154907939832314696e+02 8.453626145535580463e+02 2.661680967034638773e-02 1.273442473527013237e-03
7.714895176284516083e+02 9.598504783257424151e+02 1.352544305648122492e-03 -3.737599888431264190e-03
7.707373584086103619e+02 9.429851658318995078e+02 3.776486639065585078e-03 8.677540410424104504e-04
7.717798962472372750e+02 9.500680847721464488e+02 -2.541350663251466715e-03 1.228108228947281250e-02
9.844653107984852340e+02 8.658753143310353835e+02 2.788169169411057729e-03 -1.569453606716346081e-02
8.008307802915281854e+02 9.514006260664865522e+02 1.996290337447675554e-04 -5.911365131192715568e-03
2.100703292625256324e+02 6.743654856012821028e+02 -3.697602858829670928e-03 -1.409205176432040685e-02
5.673715548622831193e+02 4.932939226835983959e+02 2.216052364218794053e-03 -9.639096879451213018e-03
9.743521660483221467e+02 8.844922937241872205e+02 5.737347509025177324e-03 -2.450304304504540443e-03
7.579594942085853972e+02 5.293478532257596498e+02 1.091240515681379634e-02 -7.688980321107253407e-03
7.860720651192963260e+02 9.428101605045745828e+02 -4.783798989016155588e-05 -2.962926664417639237e-03
8.071484265803255767e+02 3.662616182447742972e+02 6.499655390173009152e-04 -3.245490889315422872e-02
2.347244919100950540e+02 7.000396044302103746e+02 -5.763920538491125673e-04 -5.938420310508038362e-03
3.071085492072557486e+02 5.638163092566413752e+02 -2.041538839842468173e-02 -1.545910887678964701e-02
8.140210703782371411e+02 4.178251514955856010e+02 -1.808298295212704132e-02 2.258269361122207733e-02
5.882676296691257676e+02 4.030733889927865334e+02 1.825235150471427774e-03 -1.483824007623196425e-02
1.034748563563812468e+03 8.333648680587234594e+02 -1.998345087988109316e-03 -1.292896678848529275e-02
9.984079800105020013e+02 8.195992678311482678e+02 1.792963678451092030e-02 -1.148413620199060549e-02
2.264501762694734737e+02 7.157024684691688208e+02 7.637607875629796135e-04 -1.039763182273931684e-02
2.257802483245651786e+02 7.681196523195297914e+02 -1.945548199428078981e-02 -1.069871823551806107e-02
7.336200635050257688e+02 9.796123343474690728e+02 1.526892919894923435e-03 -5.951335620019256728e-03
9.907863493014228879e+02 8.328791902699005050e+02 4.761661075015058767e-03 6.472014838539165947e-03
1.056867368038482027e+03 8.538783609775440482e+02 9.438346940703130211e-03 2.391978615492570265e-02
8.273736499384747276e+02 4.015626725909351649e+02 3.152883998638734194e-03 -1.183633563807283753e-02
1.016964218951597900e+03 8.294543118948636220e+02 -2.311294650484801202e-03 -2.266041627758388216e-02
9.479946541219143228e+02 8.372450530240727176e+02 -5.873428499117465873e-04 -1.247639793808111080e-03
4.654749264626927925e+02 4.550810544335021177e+02 -9.251366857235084800e-04 -8.343045009934426867e-03
2.682903544672253702e+02 3.006993021014049532e+02 -2.495805667956911816e-03 -1.129843371922554553e-02
9.597192929120850522e+02 8.229760071096884531e+02 -3.461882262090197095e-03 -5.888716641028496346e-03
8.176829057145522484e+02 9.351851793102531474e+02 1.760160413938354059e-03 5.023531493443082752e-03
8.169178661718658532e+02 9.443382269985534094e+02 2.530925775384293940e-03 -6.342981159840440503e-03
5.493420918623747866e+02 4.325493662628534821e+02 4.166431473978750299e-03 -1.462034231076809153e-02
7.296212686567238279e+02 9.387379496508624470e+02 1.148539080114766540e-02 -2.026072718499923042e-03
9.302415990008904600e+02 8.599247877382559864e+02 1.912185752870538972e-03 -7.484325519555460292e-03
7.420558321548875256e+02 9.518650303851875378e+02 -5.796427916361000798e-02 -1.799784768083075304e-01
1.031207354972469375e+03 8.271203630585648625e+02 -1.000955587285869489e-02 6.348423634900689054e-03
1.022285411171765531e+03 8.152280229437404842e+02 2.950941061436145128e-03 -6.946573105649507529e-03
1.011672882747444760e+03 1.710199748576671652e+02 1.858860381004982451e-02 -1.291089359195758852e-02
9.562929107819476258e+02 8.771845346099515837e+02 -9.575540473494160553e-04 -1.428711934196675616e-02
8.186254763930420495e+02 3.798836976798733645e+02 2.902256100987239597e-03 -1.250136012125924699e-02
9.732367692581713072e+02 8.897928872542196359e+02 9.599219851319467159e-03 7.969142145161595223e-04
9.088005177479710710e+02 8.411082854686841301e+02 3.987178646523284638e-03 -9.266603307824510666e-03
5.780354535143967496e+02 4.702691540953197773e+02 -4.850502018690790694e-03 1.042689682703883298e-02
7.882534905476354652e+02 9.205004656143627244e+02 -5.824611264624943857e-03 -5.244605560304503589e-03
9.651593890151677897e+02 8.507283376528358758e+02 6.298269821728704832e-04 -6.209711935651843033e-03
1.909555168151869395e+02 5.872332077367402690e+02 -8.830448437038285192e-04 -8.940433867752912295e-03
2.326526945265849804e+02 6.922223729326485682e+02 4.215830132136938815e-03 7.096752351700242288e-03
4.928420627156771161e+02 4.484156846478587113e+02 4.600597996672474259e-03 -1.412541541134597865e-02
8.327196903383384097e+02 4.116887353806108649e+02 -1.806832364225934538e-03 -2.227327005410397950e-02
9.678958960139441388e+02 8.749604783206543743e+02 -4.424603794505081560e-03 -1.346088640730158659e-05
8.292115679243977411e+02 8.684337609937031175e+02 3.765970508669230776e-02 -2.879095927224256321e-02
1.193030379271728179e+03 2.041274922858482910e+02 2.619155977228981164e-02 -3.766236681304540451e-02
8.132565885657126046e+02 4.049559659403307705e+02 -1.816327688902224374e-02 1.566828786593307474e-02
7.672249477052662314e+02 3.857616054688493819e+02 -1.654901587110291878e-03 -6.496597349846434596e-03
5.604789313501647712e+02 4.177241582449964881e+02 1.369008334620390281e-02 -3.214451388281599348e-02
9.491136666341471937e+02 8.562975095978290483e+02 4.101798019730880374e-03 -3.479486868097482304e-03
3.330839272864316740e+02 5.579368587523956649e+02 -3.534580137048715792e-02 -2.240338898104372520e-02
7.155521373792419126e+02 9.533167522457790710e+02 1.141188145206819930e-02 -1.085393263894284151e-02
9.964859364234990835e+02 8.737712315046331923e+02 2.496272272954157441e-03 9.195941192043652693e-03
8.018795208383908175e+02 9.380816203538038280e+02 7.924617060366066432e-03 -1.382650473677509394e-02
5.335161546402052863e+02 4.127389752428973111e+02 -2.810004155624411422e-03 -2.304379442495413377e-02
3.270794591629979209e+02 5.371302894093277018e+02 -3.270265422517835453e-03 -4.167083735691818475e-03
7.476057555669592602e+02 3.980778868395788095e+02 2.885406019895706692e-03 -9.839006403838918002e-03
8.508630137345962794e+02 9.314134568393037625e+02 -2.894261310877869423e-03 -4.562806477386600608e-04
6.310153232954611440e+02 3.847142684434627427e+02 9.419973252448417744e-04 -1.522101644130455927e-02
8.194769407144733577e+02 3.600428190739586967e+02 4.516402644224687575e-03 -1.572681670433885223e-02
9.294876442984837013e+02 8.358831881694060257e+02 2.416499364514520035e-03 -4.939025212826153068e-03
6.119299684628662135e+02 4.193038734548146635e+02 5.701937841291906603e-03 -1.843217917542343612e-02
5.442988819558244131e+02 4.080196930896726712e+02 -1.113745536292416261e-03 -2.077857155128559272e-02
2.376316830816626009e+02 7.416382219341148812e+02 -8.497375350796716048e-03 -2.114277980397916840e-03
9.769912079275824226e+02 8.457382931177589853e+02 1.525766495919609429e-03 -8.270102407126084243e-03
5.446183079360980628e+02 4.828486370671255941e+02 -4.884588246737296864e-03 -5.999366730328788665e-03
3.137354532185303810e+02 4.709918999779264368e+02 -1.698361383577578002e-02 -8.570789979867501907e-03
9.325664115751851568e+02 8.659874960660969236e+02 -1.244236114592528648e-02 -7.084384756813005921e-04
3.218467272052094472e+02 4.796497838276225707e+02 8.200260343765438872e-03 -8.048712769020553714e-02
9.731481789356043919e+02 8.305273713617516478e+02 2.523746988654553512e-03 3.121690946043167731e-03
2.204256861884441889e+02 6.861270434974562704e+02 2.535880667747701656e-03 -1.360343281228977401e-02
5.056420706160633358e+02 4.462532355947940346e+02 4.542834356586786075e-03 -1.826974855119976524e-02
6.593488990651866288e+02 5.246080683749744367e+02 3.197091057927536895e-02 4.008288218996186592e-02
6.201852165683909561e+02 4.247877137140769150e+02 -4.842184597194291659e-03 -4.308975061063631193e-03
4.759994876611846166e+02 4.662969228288357044e+02 -4.683578750821129968e-03 -8.000655619337247032e-03
1.016572389149365904e+03 2.738551949623345649e+02 5.842839979656070520e-03 -1.890750468440010462e-02
2.071320736356157113e+02 6.976422107229874428e+02 -9.674214502433417886e-05 -9.183084512775203587e-03
2.465995046970616897e+02 4.941413855465895608e+02 -7.682492852926779518e-03 -2.655159334221822345e-03
2.268169226077955614e+02 7.019163551415498432e+02 4.829348557131882096e-03 -6.928730156432990825e-03
3.058955540789719407e+02 6.145112747730723868e+02 4.529835708476380451e-02 2.187739450473127623e-01
2.668502070626658451e+02 7.372486346927100840e+02 6.185164793790401405e-03 -5.346095930471984545e-03
2.543230902180366115e+02 6.453126439296598846e+02 -6.028596826569533086e-03 -9.130539437879264114e-03
5.874510231466930463e+02 4.516291974617172968e+02 6.933644330662882584e-03 -9.980383106311153246e-03
2.386962211945762249e+02 6.943154302617278972e+02 -1.539663791517553032e-03 -6.816666111169321883e-03
2.646871935251399464e+02 6.357542676869203433e+02 -2.826683483367515258e-03 -8.041805855057619287e-03
1.001309945261687062e+03 8.753563123574715519e+02 -6.797628354422726414e-03 -1.445451220823961574e-02
2.623637577579908680e+02 7.276232288978327460e+02 -1.365388705298440459e-03 -1.692001745415818966e-03
2.658285107894477619e+02 6.187743194551246688e+02 7.479578684455650758e-03 -1.586148842981590854e-02
1.266113673590347389e+03 3.948235070148191426e+02 -1.011730623694536910e-02 -3.663441015970253685e-03
2.550451010273953898e+02 6.852414013040124701e+02 9.344804951040551824e-03 -2.308179331451599287e-03
9.310526268602270648e+02 9.051704389671903073e+02 -1.375113299835191254e-03 -1.879114759537069482e-02
9.518789476122531141e+02 8.968922304608923923e+02 2.840031562410479798e-02 -1.755195197055701636e-02
2.500557327305871809e+02 6.695053495202049589e+02 -4.965889634580617461e-03 -1.594303615303542185e-02
1.013188714580208398e+03 8.520183564371419607e+02 -1.678698472129452673e-03 -8.024237100582944787e-03
2.321678123121023134e+02 6.674364773671009061e+02 2.182319955943849959e-03 -8.782939502401013177e-03
3.036868698511100888e+02 6.044011899762657549e+02 7.663069822371140760e-02 1.370276183463070840e-01
2.522407821166235919e+02 6.332501980668320130e+02 -4.549952833292761518e-03 -1.129140492592247032e-02
4.381168774594794968e+02 1.084000109075097498e+03 -2.107059068786348247e-03 -1.526153867964447075e-02
2.680510654777570494e+02 6.822301720308100812e+02 -2.665439532114476529e-03 7.357725575173948256e-03
7.327292748934469273e+02 9.320219190538438170e+02 -1.702291103045732411e-04 -4.221983607385707167e-03
2.313030876441473254e+02 7.372536839487287352e+02 5.524738332833339406e-03 -8.853948736632130667e-03
3.108852775173584746e+02 6.489777165332794766e+02 1.290247815754720292e-03 -2.941385458289815739e-03
1.187452801000841646e+03 3.896348824958026853e+02 3.788213033527823223e-03 -2.077549553297725060e-02
2.281404537354611648e+02 7.503452817007218982e+02 -1.528301959394264345e-02 -8.593046017453351282e-03
1.046554869551164302e+03 1.679889089131222022e+02 1.782003393485649548e-03 -1.219533233551861433e-02
3.010584701674039252e+02 5.413310271053583165e+02 -1.044065183352791120e-03 -1.261470706569214895e-02
2.403724964490389198e+02 7.262027954471386693e+02 -5.817266428988038425e-03 -5.076328500169015323e-03
2.616082049187739926e+02 5.764280572686548112e+02 4.605344103973349826e-03 2.841593358636087738e-03
1.001491348758513141e+03 2.223063164875984512e+02 5.632579139534871909e-03 -2.478690012799824802e-02
1.017935559952380345e+03 2.630928585580963386e+02 4.894327994381032776e-03 -1.534071414136345228e-02
2.437696764808819978e+02 6.861598495813605041e+02 1.841882346305042349e-03 2.491397461802413379e-03
2.756375859341554815e+02 7.019595497534754713e+02 -1.624561152451149335e-02 1.525364820838041174e-02
1.153177180569930897e+03 3.632733239374012442e+02 7.095955914267749326e-03 -1.354370216293629414e-02
2.217766574178684493e+02 6.099218923341466052e+02 -8.592954434512825590e-02 -6.882437298883932464e-02
6.043260723983945581e+02 4.002814859672318448e+02 2.675281119380061232e-03 3.809121359896573862e-03
7.243387209488314511e+02 9.683509184738112481e+02 -1.845717349883355932e-04 -7.361274174459680325e-03
2.271552403784994567e+02 5.971167652579183596e+02 2.517513250357652447e-03 -7.809695851224295049e-02
2.445314880956707384e+02 7.612973654787352871e+02 -2.515636780404378620e-03 -4.506438486032493529e-03
2.638455848533186554e+02 6.554733712108660484e+02 -5.286875977130628054e-03 -2.249659738828707622e-02
3.260561611431593292e+02 4.959674562438081011e+02 -7.711607187837954923e-03 -1.449232508390299601e-02
1.552820837696917806e+02 4.996064791002949050e+02 -1.719556806481312428e-01 -3.648968398234875288e-01
3.124332070274081161e+02 5.866449699388959971e+02 -2.710128425002886199e-03 -9.827620246756617328e-03
2.065462470898980314e+02 7.247897740969357301e+02 -4.113934390931722404e-03 -1.314221826477689897e-02
4.936242057043863838e+02 4.545864376596368857e+02 1.385764872191875847e-03 -1.116165742209796960e-02
7.252435639792173561e+01 3.175058190821703192e+02 -2.284534183562634668e-03 -1.587242503622670470e-02
3.147051435010773730e+02 5.683965920492213399e+02 3.967367903707290713e-03 -9.663892905578985379e-03
1.011983637305400521e+03 2.628276950630431088e+02 -6.750267062181259173e-03 5.691611647470232876e-03
2.329036978832727129e+02 7.740962425981009574e+02 -1.769567464313384717e-03 -8.666303901454829386e-03
1.070176167486819850e+03 1.776557165979243109e+02 -4.475627652208243046e-02 -4.710088322890487213e-03
1.985136225475430365e+02 5.036426912500618300e+02 -1.359535876105746714e-02 -8.541313310917469535e-04
1.022302924487838368e+03 8.643214906130227746e+02 -2.525079058946265789e-03 -5.244331084022273159e-03
4.893996699782254609e+02 4.759690652035699259e+02 4.749545138219610219e-03 -6.971934520039428998e-03
5.366270765418679503e+02 4.282884099087762024e+02 5.558211930295976939e-03 -6.687128958684424029e-03
2.663122576574575646e+02 6.261180551500024194e+02 -1.334425766196212465e-04 -1.084929638455486151e-02
5.221257089459501231e+02 4.610909006523933726e+02 1.074945855026892931e-03 -1.144686680010066800e-02
1.058487567479244717e+03 3.027084084096999845e+02 -6.327435807845789573e-03 -2.730175691415455061e-02
2.864219746029174871e+02 5.491186153192286383e+02 1.457792428665344656e-02 -8.465523248911394072e-03
2.327745489731785824e+02 6.296241341220423919e+02 -4.116121500802288023e-03 -8.427774236549952225e-03
7.109672608364724056e+02 4.229246171086506365e+02 3.214806518291997168e-03 -7.960097944795385336e-03
1.005462542753049433e+03 2.293198270042994977e+02 9.630018189695738889e-03 -4.927955458669538470e-03
5.534389719440272302e+02 4.833156539597547408e+02 -1.731655437976256019e-05 -8.103436966405185363e-03
2.550567334339250181e+02 6.997857007283955681e+02 -3.635208285672179504e-03 -1.023019080553195141e-05
1.169034795381923004e+03 1.858783813036011168e+02 4.299652164993606612e-02 -5.541170827900646773e-02
5.031421924021259429e+02 4.693323745010204675e+02 3.589374068498034278e-03 2.192390243307540398e-02
2.394994741199158170e+02 7.106220902616890953e+02 -8.024953791706062288e-04 -1.283306649852285382e-03
2.192365145332571217e+02 7.189660620023462343e+02 -5.230085088464087387e-03 -6.356373690527115754e-03
2.121201947627191657e+02 6.314879387977018723e+02 -7.020178119053453909e-03 1.025747239691441985e-02
1.121925040125641772e+03 2.426046799638923517e+02 1.742178870166177437e-02 -4.442152797944255585e-04
2.589941489163304027e+02 6.950626586257031931e+02 -1.898766518977053905e-03 -9.002526357070708349e-03
3.030861143522873249e+02 5.708784248516169555e+02 -2.243091661101923734e-02 -1.989888717818874830e-01
2.171747043229292444e+02 7.229036619821724798e+02 3.057469606843180466e-03 -1.980486083302911496e-03
4.969836568437293636e+02 4.673936611602874791e+02 -2.821234752728417946e-03 -9.312039426538602435e-03
5.713739048623029930e+02 4.126862916661132772e+02 -3.349944335631749055e-03 -6.598050505119479499e-03
1.205988951810689969e+03 2.800399949237639134e+02 1.039557984654718506e-02 -1.346176836397890500e-02
7.607789753370261678e+02 4.538773140974209355e+02 -5.252579667566721145e-04 -1.515972883252928068e-02
2.379613465651553952e+02 6.838309856212321165e+02 -3.081192023095206262e-03 -1.534149950842531029e-02
4.979430897917658854e+02 4.588577352233978672e+02 2.840867744654619609e-03 -1.858077648795482956e-02
2.171547226792735046e+02 6.981673353661798274e+02 5.558835548982296072e-03 -1.662463035666851205e-02
2.727267228292149071e+02 6.249742903373273748e+02 -3.799214063758314577e-03 -5.761306974039656983e-03
1.041229865408439991e+03 1.922466105079625436e+02 2.043605051021991567e-02 -2.839022993952743448e-02
3.009716690458303106e+02 4.091112351494161885e+02 1.619118425357537723e-04 -1.163334451369467913e-02
1.939672606679336582e+02 3.191370116806936608e+02 -1.639630700989897416e-03 -1.061651713188392111e-02
7.847425864007894916e+02 9.361115805264309984e+02 -1.334723147269554469e-04 -5.779542405747687545e-03
2.478183651425663925e+02 7.311700770602035391e+02 -4.189337172372144128e-04 -4.215782638861092016e-03
6.059303260413001908e+02 4.065562390131946700e+02 3.798809252811728796e-03 -9.393300074187250354e-03
2.264937001842067161e+02 7.437829225290320210e+02 5.160863812661075712e-04 -2.101835411455641942e-04
9.776079104281043328e+02 8.659677864848925992e+02 1.827532429090319641e-02 1.628791317311609546e-02
2.514769960294004818e+02 5.166947561509839488e+02 8.742860615710061623e-02 -1.868980635481904962e-01
2.284371225921909456e+02 3.171304269010706776e+02 -7.304724013414949646e-02 -2.897434340254738672e-01
1.158369223042269368e+03 2.237866495747819044e+02 4.617344541686566745e-02 1.966647755452721833e-03
2.452410489867560557e+02 6.179371871242782390e+02 5.622160786961193221e-04 -1.010467294825408320e-02
8.081206909773275129e+02 4.005439010851494004e+02 -1.417458689642295787e-02 -2.239326926913220300e-02
5.447059421978991622e+02 4.275340578146559665e+02 4.214805482057848679e-04 -9.436499998360383182e-03
1.173953870522390616e+03 2.137486806710132612e+02 3.348002995908876123e-02 -1.850670173244133021e-02
2.710429950063276578e+02 5.629876490307468657e+02 8.020095861364678891e-03 -1.996259833131239572e-02
3.043918887908184843e+02 4.573639407078483146e+02 -3.387036804721816046e-03 -3.234316637098073183e-02
2.689939185550176717e+02 5.341488845444001754e+02 -4.469883724719481838e-02 7.942681554488718876e-02
9.433955512060292676e+02 8.995700017124921715e+02 -8.061456080507031427e-03 -5.103785763483278774e-03
3.257994302968276656e+02 5.043387737586458002e+02 2.020420762065522433e-03 -5.627822813982791966e-03
1.161318887357057974e+03 3.741082662200234381e+02 3.147583234417337256e-02 -2.005023660192218130e-02
2.469931685638845522e+02 6.108455875809615918e+02 -5.061570110093206037e-02 1.423863012956466667e-01
2.312160989466908347e+02 5.700747093020308967e+02 1.432140595598550836e-01 -1.390615474503415494e-01
1.090890884139159425e+03 1.961620413274081614e+02 -8.699618654036790633e-02 -1.728527172105926990e-01
2.584019850834989143e+02 4.239632168354643227e+02 -3.511021233860746327e-02 -2.089663878163082189e-01
2.806697632805972376e+02 5.990850980433300492e+02 -1.233204646149938487e-02 7.459349609016409019e-03
9.723831155599299336e+02 8.638023182126436268e+02 7.641523094918900539e-04 -4.653689017969230186e-03
2.614821775197322609e+02 6.473773836194239948e+02 -3.267890639177147699e-02 -2.707798402773300625e-02
1.249348596811163361e+03 3.048437210361678922e+02 -5.173990624062654690e-03 -1.898069026611161033e-03
7.697105779456314849e+02 3.975928248853336413e+02 -4.163896987914104085e-03 -1.008258884139526246e-02
5.272788336963648135e+02 4.942218193641794528e+02 1.620002737813547658e-02 -4.878383442592684749e-03
1.170099776273392990e+03 2.320829849171702506e+02 4.574846840819191129e-02 1.302422104138253184e-02
2.753396782045157920e+02 6.842819501763232211e+02 -1.080017881644501979e-02 6.320330598192854497e-03
2.532473704840419373e+02 4.190108426696169204e+02 -6.568365555495568608e-02 -2.511297539437420401e-01
2.678101969241425309e+02 4.441742808496720727e+02 -4.091026650185636965e-02 -1.714682847274383581e-01
4.919935608913369833e+02 4.809970934045149988e+02 9.892449031915272282e-04 -1.092627746131970279e-02
1.201599471685107574e+03 2.469800805100400964e+02 1.238884811855674346e-02 -7.991718159577868366e-03
2.847257900440043272e+02 4.915029261596509969e+02 -1.094055080700839094e-02 9.107306018138713877e-02
2.643458451407641974e+02 6.860711571759356957e+02 -1.140053354953971193e-03 -6.418168144203282265e-03
7.591392234568058939e+02 9.112335126062483823e+02 -2.086407937190190229e-02 2.753510867306332294e-02
2.342207266369756553e+02 3.505640480403021115e+02 -1.299372556040080118e-01 -3.777243693128495283e-01
2.354890287183030750e+02 5.119207708205004224e+02 8.855848312290987706e-03 4.251932937809035223e-03
5.437738763307212366e+02 5.122418692625561789e+02 -8.821175905867144861e-04 -1.841354902211772560e-02
1.179692875735723192e+03 3.924164373832532533e+02 5.589316245964210360e-03 -6.645742346798255533e-03
3.000794064327735668e+02 5.106033758044152364e+02 9.137885004828702755e-05 -2.794756394087354393e-02
3.113855130757858660e+02 5.502404994459536738e+02 -6.531797724478272289e-03 -1.381403796457480841e-02
1.136738335173052519e+03 2.281813041117198395e+02 1.922354823536446752e-02 -1.063329421409583454e-02
5.925803758309120894e+02 4.845485303066856773e+02 3.458923912851130222e-03 -2.249246330878950859e-02
1.075351187622664156e+03 3.106556758806211178e+02 8.688974663338812181e-04 -1.189280106449089498e-02
2.380646866646181934e+02 3.622479418657671886e+02 -1.612350345198073631e-01 -3.958698484695654662e-01
3.929432736356753253e+02 1.088392481424354855e+03 -2.362799961708720534e-03 -4.244937017585812856e-03
1.225844064759120556e+03 3.616708558390951680e+02 4.824122623246451108e-03 -1.580285352401622836e-02
3.943964506818055611e+02 1.095662973050549226e+03 -2.151446377151369424e-02 -1.555397435896284722e-02
1.025136279464991730e+03 2.611493048418407739e+02 7.263391291871812427e-04 -9.458862286015182197e-03
2.739868293704238340e+02 4.784746506327576299e+02 6.255467980383405679e-02 -1.709673176064307465e-01
1.117509001761149420e+03 2.042258946882503210e+02 6.102285527222283540e-02 -1.586634532759658711e-01
8.861631471859822113e+02 9.295148931064381941e+02 3.549419041535044773e-03 -2.442091463194628886e-03
2.735724673322542344e+02 5.448594254635428342e+02 1.487904544718548529e-02 3.863808605601121854e-02
1.299679753053311288e+03 3.137621836129299027e+02 8.785909471734977202e-03 -2.094471213212101973e-02
2.656672296803275231e+02 4.745191038367687497e+02 3.865878194410515140e-02 -1.494705583039423746e-01
2.758300089053055331e+02 6.030489051143875940e+02 1.773390175433425938e-03 -7.853759010608522828e-03
2.359464253345908560e+02 6.519191423299729422e+02 -7.164003274663916345e-04 -1.793670576704595133e-03
5.027100650107516344e+02 4.809542487201557606e+02 -3.762706706619146652e-03 -1.929943048227108354e-02
2.780145573708872462e+02 4.601528739855975800e+02 3.979149799976433588e-02 1.365114753256604363e-01
1.026632682610831580e+03 2.421105311431066127e+02 1.005861916136121040e-02 -1.697609045181076859e-02
2.232713299532110796e+02 7.559657022987029222e+02 -8.834882136378520087e-03 -7.187490557435642288e-03
2.075210557350679892e+02 6.488749967698749970e+02 -2.055190283735047752e-02 4.360858196815966745e-03
2.314236113492823392e+02 5.256441353019519056e+02 8.501321012712598213e-02 -1.292704445702800575e-01
1.185323929451336198e+03 2.255291992859829691e+02 -1.205116309235320591e-04 -1.254907898767456710e-02
2.904172358011422830e+02 5.377646446304706842e+02 -3.108481663533362548e-03 5.946126956772976313e-03
2.229845995933843028e+02 3.157636925926702247e+02 -6.980622099680296178e-02 -2.954170588136734721e-01
1.066454083615652053e+03 2.313213559556921268e+02 8.421615224609796391e-03 -1.220512971773185344e-02
2.759112683396446073e+02 6.719362234696283167e+02 4.346675803400792439e-03 -2.869081103104163810e-02
9.583540278941802626e+02 8.301784978449303480e+02 8.981966966203880874e-04 -5.745768950685775818e-03
2.717857912232041713e+02 4.534003474480927594e+02 4.605228643846363129e-02 -2.061792091468560850e-01
2.537429316952298564e+02 5.022707979952631945e+02 7.420708272791762261e-02 -1.783068893427346979e-01
1.966899239984701069e+02 6.894834841441074786e+02 -7.224713044493146809e-03 -2.312973832398810409e-02
2.924950632076320289e+02 5.509229279096770142e+02 4.829418842777190302e-03 8.349801883626484927e-03
2.338734740822832521e+02 5.307263753423186472e+02 2.137701606889241476e-02 -5.460490479664924929e-02
1.153458000984050614e+03 1.806054062331214993e+02 1.533942062202627368e-02 -2.018545431295165962e-02
6.141040944793779772e+02 4.250215854332388403e+02 -3.049442966932749272e-02 -7.030477876891649824e-02
9.367308855116324366e+02 8.880849331114761753e+02 -2.628480202886721712e-02 9.995354046489157707e-03
5.494114848773008362e+02 4.430182628837819152e+02 2.949445189748156962e-02 3.651401933068720244e-03
2.607560527711665372e+02 4.593854581622889555e+02 1.580090334946778960e-02 -2.617413271799213237e-01
2.830141179300206886e+02 6.240157737931770043e+02 -1.469593797997058478e-02 2.365246107956746682e-02
1.033273465104575052e+03 2.622665390545308242e+02 -6.984307478707687785e-04 2.683176392720427583e-03
1.032353699882808087e+03 2.831212360403122830e+02 7.274209424268871134e-03 -1.742998605744551163e-02
2.614029494580144615e+02 5.167985598847895972e+02 1.004730402228072861e-01 -2.457919788124807436e-01
2.264625564968516471e+02 3.283702873645449927e+02 -8.849939799833717036e-02 -3.479043611525591273e-01
2.210255748880277622e+02 3.068893575890415946e+02 -5.299270758149870336e-02 -1.157620029350450996e-01
1.025302361771319283e+03 1.816806719261821002e+02 -2.943940161151991958e-04 -8.982814541207119474e-03
2.563021371570669089e+02 4.862648352170887733e+02 1.157473122487510109e-01 -2.061994670923929796e-01
2.797185702486539185e+02 5.789211554910364157e+02 -6.019458897327748664e-03 6.977433927501563299e-03
9.823385776081587437e+02 1.920438704901179676e+02 -9.955502602667932674e-03 3.175130799285969668e-02
2.721316200619356778e+02 4.302304039409272605e+02 5.076815644428907259e-02 4.470548065906861102e-02
3.091879334921690656e+02 4.950149500862484615e+02 3.477732088247149043e-03 -6.319548857311136497e-03
2.962257633030988586e+02 5.230073437446997104e+02 -5.816123054997471287e-03 -2.338394180870492778e-02
2.451055637142219439e+02 7.216787673158839880e+02 1.190734597176654848e-03 -5.784761485461551410e-03
4.460404260990455896e+02 1.085027625914398641e+03 3.768334956514153393e-05 -1.143686546583696714e-02
1.041687973521587082e+03 2.796572768658930954e+02 1.961493882426661173e-03 2.207497910196741173e-02
5.740748632170590326e+02 3.956735964138665622e+02 -6.632493834933601146e-03 -4.514665161542552596e-02
3.917886375625599271e+02 1.065010726871132420e+03 9.770953400524520424e-03 8.207757473471273893e-03
1.155755396436364663e+03 1.432814974331629685e+02 2.666547227635428577e-02 -3.480475758642783378e-03
2.139672600562413152e+02 6.470381089295377706e+02 -1.708201060769468441e-02 2.773586899818068080e-02
1.182047561412454343e+03 3.269719528506665824e+02 6.586094249224507154e-03 -4.899926919197827163e-02
2.125176138486824300e+02 6.638693835251270912e+02 -4.111370982349678532e-04 -3.105623822908356538e-03
1.069992176005153851e+03 2.206575918748370100e+02 -3.792439178853035994e-03 6.779503987035981685e-03
1.218556635392860244e+03 3.484439742192217295e+02 5.408437570442383747e-03 -3.741475049502926246e-03
2.475145674345232010e+02 5.401570838850982454e+02 9.989313858642642763e-02 -1.455843479021475817e-01
2.538271014990232572e+02 5.247779199218953181e+02 3.372215311972018986e-02 -3.215453635751760464e-01
9.440256249541613442e+02 8.554319059159056451e+02 -3.847825874637948902e-03 -3.798950764772004128e-03
5.152250665904980451e+02 4.226237168696221147e+02 1.647686501275241744e-02 -8.125644803889223861e-03
2.702755825582148077e+02 6.988139151989117863e+02 3.463779242808148317e-03 1.326648744069269976e-02
7.893146161583385947e+02 4.002737981954750808e+02 1.230021085352701014e-03 -3.382491043070520297e-04
1.039569155640346253e+03 8.617217710596349889e+02 6.972525843863904352e-03 -9.583913924455660788e-03
4.801983363830902363e+02 4.701041676772256324e+02 3.475960382025048041e-03 -1.361062130120957968e-02
1.052137797405301853e+03 8.451448753273599550e+02 4.974898343872686569e-03 -7.182882694189967471e-03
7.917409780020393555e+02 4.061337252860819831e+02 4.808876418140622076e-03 -1.448825983170525140e-02
3.172169707014029427e+02 1.080701370379148102e+03 -1.533801707697614704e-03 -2.456399964188730762e-03
1.135003609396249431e+03 1.953130753786780929e+02 -3.622846933560572302e-02 -2.898560906700280992e-01
3.320345648749334941e+02 5.243432445172468306e+02 3.149366515993161624e-03 -1.885657219116471106e-02
1.035970414260606503e+03 8.561332910333244399e+02 1.075330615142072732e-02 -1.184821208782595170e-02
2.231549775846497425e+02 5.272790510826386026e+02 2.398805812010147698e-02 -1.786442270629367765e-02
1.051876730893088506e+03 2.990760488480391928e+02 5.636050151929114342e-03 -2.355185102509897710e-02
2.215510318753389356e+02 5.317381135320400745e+02 4.822567561689421883e-02 1.510727750333034670e-02
9.808571258360191223e+02 8.533838497994125873e+02 1.454231289199465213e-03 -5.373751288930584714e-03
1.799746026291643943e+02 5.517771447237457778e+02 -2.209659150178995835e-01 -1.479637052334791814e-01
1.269835147152560921e+03 3.376533261004306041e+02 2.808677052467864477e-01 1.674867720192535214e-01
1.179404579816841988e+03 1.996691740941735418e+02 -9.469773019414148840e-02 5.535952465409211404e-02
5.604203950584568474e+02 3.924832658450097256e+02 4.832602173279957301e-03 -6.917493007426406271e-02
9.249224336446638972e+02 8.928703055321640250e+02 2.421286713201024638e-03 -2.364634761795176860e-03
2.835421655102316549e+02 5.629380205955632164e+02 4.891821903412966587e-04 -1.384330516386493397e-02
2.913196644052021611e+02 5.640139836676657978e+02 -2.475349773482600404e-03 -1.350578248373535302e-02
1.141756394148310392e+03 1.883413160338546675e+02 1.313525504709708337e-02 -3.444648775595569173e-02
2.558578761356646964e+02 5.375741991296414426e+02 8.426364174953768216e-02 -3.492961480928177265e-01
1.199299754260934378e+03 3.501838276095711535e+02 4.015320993207436608e-03 -1.109118570285556708e-02
2.823357320212315926e+02 4.197442340735996140e+02 -1.653284647489042594e-02 7.118211031081837781e-02
2.690803652237013353e+02 4.070984641484914164e+02 6.032963810803334756e-03 -1.649009163967456171e-02
1.118959590762731295e+03 1.907536624808666943e+02 3.283897809091294862e-02 7.523100022187789726e-02
5.026504878904677298e+02 4.390343761283749586e+02 7.334181011765732866e-03 3.262729423671532902e-02
5.645677773469822114e+02 4.305072958760956112e+02 -6.089614895197901188e-03 -5.661119185092637661e-04
2.235693575772951363e+02 7.232966496325758499e+02 6.714165311736321076e-05 -7.969059278786183934e-03
2.679803575614004671e+02 5.022091796986216536e+02 1.807479098373559190e-01 3.272781867363927510e-02
5.058616295530875391e+02 5.157313585300033765e+02 -1.039278981461494791e-02 2.565929405857062320e-02
9.585415948534335939e+02 8.954695098646330962e+02 1.034697450445537021e-04 3.484379711637464790e-03
6.397488974017107921e+02 3.755281329582997500e+02 1.179378562953235440e-02 -1.748575405885431644e-02
2.069962919902784790e+02 6.301134933628043200e+02 -7.999561600600188505e-02 2.567966803305942736e-01
9.865492288152489664e+02 1.935168093911098026e+02 -2.412429499859307380e-02 1.810111030584554692e-02
2.033684686162044670e+02 5.105163388800646089e+02 -2.517111321470190746e-02 -3.942397194755740963e-02
2.246961538303855832e+02 2.990194454722245609e+02 -7.146781121367148937e-02 -2.460212526066980487e-01
1.053975829150625032e+03 1.830007810974619531e+02 1.800708210853237123e-02 -4.532359426493211968e-02
1.272830472536214074e+03 2.865223006812225321e+02 -1.715156833321575258e-02 2.137102810839714481e-03
1.079915937213827874e+03 2.246199983619794978e+02 -2.032595369472360233e-02 -1.833487003114803171e-02
1.076565436120007007e+03 2.038215836905241929e+02 1.914568168743217271e-03 -1.842859952417831917e-02
2.584028305070094120e+02 6.036168457331358468e+02 3.553112184852913122e-03 -1.074522489015144328e-02
2.843959374329920138e+02 6.796720417723935270e+02 1.442419077390880286e-03 -1.862214871087615291e-03
2.948449419878598974e+02 6.554737401004363164e+02 -5.059226507808203127e-02 -8.424059020929951236e-02
2.676577913819311902e+02 3.905824812711913978e+02 4.217926748192484844e-03 2.127985494733102695e-02
1.029089734872601866e+03 2.479632210766124558e+02 1.068228160511127886e-02 -5.165559344739799330e-02
2.178903920391415738e+02 5.550401560762715008e+02 7.167804014897716236e-02 1.507893681857897482e-02
2.323712923009632334e+02 5.806498675839541193e+02 -1.050876634744933730e-01 -3.454274145748949948e-02
2.088043127668947534e+02 5.524408185485008289e+02 6.965172026112760595e-02 9.903474092899983150e-02
2.025054191912665829e+02 5.565022026166177511e+02 6.069483811266946499e-02 1.163795162899498720e-01
1.233517499947579381e+03 2.532318978817127118e+02 4.672104558920020349e-03 -1.416933468672090628e-02
1.213137546424629363e+03 3.390017791046508364e+02 2.028438613099679821e-02 -1.585498429535495135e-02
2.750107861107799181e+02 4.852809356043951539e+02 6.450335731057742217e-02 -1.924780811971034677e-01
1.217601289135825255e+03 2.524918117044377368e+02 9.245316174426556483e-03 -1.646051293054812473e-02
1.166621547361632793e+03 2.063838014979442335e+02 2.583955296516269109e-02 -2.600356051233871160e-02
2.581892615292643995e+02 6.217667468038282550e+02 -9.483739711317687188e-04 -6.777411874523831502e-03
2.532987826857082609e+02 4.314882542386970385e+02 5.073172752610736330e-02 2.148909742092389996e-01
2.128810994251377622e+02 7.378300598096592466e+02 7.603992724357745182e-03 -2.087378605423428814e-03
2.618218044506623983e+02 3.877509569641533744e+02 1.489617726323027268e-03 -4.997005359639546118e-03
2.175187149062217884e+02 7.648172378546158825e+02 -2.632443783996038164e-03 -4.027824096425266370e-03
1.181292075703980117e+03 3.422171336320408273e+02 3.798006712574110541e-04 -3.309708416308879586e-04
2.792030728253188840e+02 5.852318281237282918e+02 1.701434599526140470e-02 -2.015842413314176615e-03
1.113743854262321520e+03 2.306125093793086762e+02 1.050694599975355616e-02 -3.068816597325597223e-02
2.405314327716462515e+02 3.840233037073202240e+02 -1.421545909683203102e-01 -3.670575084380595099e-01
1.049749686553383299e+03 2.056686873980108601e+02 -2.014516854705116194e-03 4.806716971942948807e-03
1.069759480166483854e+03 3.035615045786158248e+02 1.293890872105717127e-02 -1.826335230832975762e-02
3.095048096579699290e+02 1.058318367195146038e+03 -5.394709952586502003e-03 -1.341211723717948383e-02
1.041719792956277161e+03 2.484120878811760349e+02 1.080670973184925731e-04 -7.921801381274186718e-03
1.936639864622213167e+02 6.966866281734357926e+02 -6.768669090285814142e-03 -1.137084613317301297e-02
1.118914694901280200e+03 2.098009265667406851e+02 -4.666092346273181118e-02 1.822573377475837086e-01
2.557565104379151819e+02 7.475798609227834959e+02 -3.064962080968609923e-03 -6.208086022162647398e-03
5.295164485644710339e+02 4.397273586014005105e+02 4.181978230696973393e-04 -9.387146229862041585e-03
2.120341133962115521e+02 5.768458085142752907e+02 9.515092836904887053e-02 -1.716616217506916897e-01
1.427729086517142321e+02 3.924138876879752047e+02 -3.520188306269027116e-03 -7.178316211717300499e-03
3.740772797949715027e+02 1.052382914276124438e+03 -3.555948863096307280e-03 9.968784068493309614e-03
1.031476422088682739e+03 1.854732471810753509e+02 9.181472575468576855e-03 -3.972894427551123403e-02
2.801554657441238874e+02 5.105218283084497557e+02 -7.027735106645996953e-03 8.040291336121438426e-02
1.099989225908045228e+03 2.604616665908259847e+02 7.708967662543808608e-02 3.566697866823598240e-01
2.267219004603676353e+02 7.265014939815770276e+02 -4.880807659155339713e-03 -1.092652361766754780e-02
4.658093815913176172e+02 1.099496259057931866e+03 -3.823204886008634267e-03 -1.243816434790721512e-04
2.683727646741472768e+02 3.744391688073441173e+02 -6.588697455418304760e-03 -5.445412567939461254e-03
2.833165799000747711e+02 5.835243908013412693e+02 -6.060018090719571961e-03 2.570451105921480427e-03
2.196328945989379235e+02 5.896626412029909261e+02 1.696735886920195946e-01 -1.452173129115070516e-01
2.642488832657404032e+02 4.402228845704329387e+02 2.459166935811103044e-02 -1.973207617207102527e-01
1.216775237189283644e+03 2.195330424806132896e+02 1.370700341205727257e-02 -2.340770973718984266e-02
7.699538391921674929e+02 9.567564822225173202e+02 6.237114204321475737e-03 -3.580998822195118145e-03
1.196130809582688471e+03 1.850275028983137986e+02 7.457604913385451617e-02 -1.334464942564328287e-02
1.035764367873184938e+03 2.991761571099461321e+02 -1.002375102909426651e-03 -7.019718723635342064e-03
1.792018953276934496e+02 5.605220709524623999e+02 -2.253150262389887193e-01 -1.459334585855931177e-01
1.023120710281780134e+03 2.347696178145370425e+02 1.128721386819821898e-02 -4.135263319370739710e-02
2.513697519633925310e+02 4.120744140436827934e+02 -9.369672866947999224e-02 -2.677608682613999425e-01
2.755100348748132433e+02 5.199924597616230812e+02 -1.907194257055402648e-03 5.757572108293606411e-02
2.175451694456947109e+02 7.607223994968024954e+02 -5.638854320748708411e-03 -9.406902118057317366e-03
5.904614519973453071e+02 4.789449794119885837e+02 -6.661306657310708118e-03 -1.981103891270185116e-02
1.168148558225004081e+03 1.690697687902193707e+02 -2.952172290392944369e-03 2.136002381504261555e-02
1.094665199384555081e+03 1.583514763421347595e+02 -5.211373370359366486e-02 -2.669894970470034108e-03
2.785797517341669618e+02 6.044896555220096843e+02 -9.195972750213662200e-03 -1.791886539382572460e-02
1.103589757625124776e+03 3.184764853536208875e+02 -1.253007275280570683e-03 2.234230842643142572e-03
1.023711197889432242e+03 1.983445447564333506e+02 1.687599982862665604e-02 -6.777434167816235450e-03
1.123567050535400540e+03 3.398561212873930231e+02 3.790631912028006104e-03 -1.091569978987790533e-02
1.100526140109749576e+03 1.951717320781904164e+02 -4.841061322936679456e-02 -1.972341288319540489e-02
1.243299853415214784e+03 3.262287367462381553e+02 3.981421159626707396e-01 1.135207226613049319e-01
2.631546647597363631e+02 6.916285130736654310e+02 -2.312991875970006519e-03 -3.270314110851710375e-04
1.394302506572301752e+02 3.876615139959624230e+02 -3.948371454892238459e-03 -7.587530216948614771e-03
1.029982944135624393e+03 1.934845788321325983e+02 2.146084749058153104e-03 -1.636638792097929243e-02
1.238238150592834018e+03 4.167543338407614328e+02 9.043533139875123070e-03 -1.246337397522085180e-02
8.278373330286602823e+02 8.749905258182679972e+02 4.954198707934557265e-03 -7.337171167467988015e-04
1.105929101457964634e+03 2.300742058413908637e+02 1.173670677423327251e-02 -4.328386816785671776e-02
1.749872739590017545e+02 5.366485860348872166e+02 -1.675302615514531468e-01 -2.051070005409313945e-01
2.489992550344520055e+02 3.870588349520965608e+02 -1.159439292506578012e-01 -3.771746158566968710e-01
2.394148064866609786e+02 6.175184477896590352e+02 4.553813893451915187e-03 -8.147906896201359550e-03
2.379611708647840658e+02 7.648484429918937622e+02 -6.395953598042064883e-03 -8.930910651121965610e-03
1.157066024830242441e+03 1.948208181381961310e+02 5.417428286088831618e-02 -2.801010341321156713e-02
2.131797994250016473e+02 7.574264216296190853e+02 -2.620964185286532144e-03 7.282755384483265669e-03
2.381282958348296006e+02 6.006979571317074260e+02 -6.923602523382367882e-03 -1.984699518423007833e-02
1.204479824695291427e+03 2.263613472134767335e+02 1.630389451378784493e-02 -2.176063535934430124e-02
2.689555733718277111e+02 5.793185252835795609e+02 -1.642870189316352966e-02 -1.180648532182870108e-02
2.499482828540837147e+02 6.822625148113606883e+02 1.810250949685919541e-03 -9.423632738542724735e-03
1.166650150237711841e+03 2.256533740970688768e+02 4.237619227843415770e-02 -1.211043835740024596e-02
1.019182062462951194e+03 2.166476279192716277e+02 -5.216460918113130681e-03 -2.416908886662177264e-02
2.908352609510140496e+02 6.316576578521829788e+02 -5.635449518937849997e-03 -1.070966475887223310e-02
1.250679459831492068e+03 3.481532662970637944e+02 2.962665506285167005e-01 1.554573893804687135e-01
2.590119163889340825e+02 7.185611325648851562e+02 1.060054030783602261e-02 -1.467047270577409926e-02
4.817004187950528262e+02 4.473843108469000640e+02 -2.785817903384663844e-03 -5.143152552225522048e-03
2.168819385908253707e+02 6.357082725539105468e+02 -2.363216243716270357e-02 -1.422200220334652460e-02
2.681616621546594956e+02 3.661543191189230129e+02 1.982128781957843630e-02 4.167248229581187180e-02
1.035559759191454532e+03 2.130728920543308220e+02 -6.779204264310888239e-02 9.659748907398130191e-02
1.167640166412726785e+03 3.012007138078701018e+02 1.953503223057400512e-02 -2.501564280085950831e-02
1.146883167157176331e+03 3.738016629958716521e+02 3.167718489422521964e-03 -1.519381895928747714e-02
3.220468566790050886e+02 5.462090758170529625e+02 -2.915509532852406886e-03 -1.429837128226284833e-03
7.647948943542339748e+02 9.183996220849072643e+02 -2.465454448325220867e-03 2.206060516038299904e-03
1.072900068485149632e+03 1.801804455000672931e+02 -2.209766709320387379e-01 -1.198333473937501087e-01
2.737171061356451105e+02 4.687594028890680988e+02 1.771423138602878575e-02 -1.675483934068228986e-01
5.082654695261745132e+02 4.956367703383507433e+02 -4.620955206531665409e-03 7.187676070200291157e-04
2.356042477810921412e+02 6.411464993800465209e+02 2.873741747220206685e-03 -1.465290140074084965e-02
2.698220982225640228e+02 4.631871861077615904e+02 2.257671537038468540e-02 -1.697354241063320224e-01
1.175704209500682282e+03 3.417383761224998580e+02 1.684573252661342863e-02 -2.239821618410934440e-02
2.721573853304790305e+02 4.951024122246892034e+02 1.191026680028098028e-01 -2.463200880221891875e-01
4.644837614201570659e+02 1.099977736030243932e+03 -2.281708287358528162e-04 -1.491056423230817298e-03
2.417081861850016082e+02 6.594799294963411285e+02 5.756145082033704320e-03 -1.797855918495414734e-02
2.562034583289583338e+02 7.389577987512390109e+02 3.664263482890099503e-03 2.319268598447783020e-02
3.372595408526606775e+02 1.056059829841827877e+03 -2.325885319199509291e-02 -4.750944741581046571e-03
1.167901680875484544e+03 3.200027471815515696e+02 1.252379590697850001e-02 -1.005096520819195871e-02
1.923295171772492154e+02 5.894143744274313121e+02 1.359386761534533625e-02 -1.701913688056601037e-01
2.454112136382131837e+02 3.592336228200167625e+02 -2.730546762047697008e-03 2.846335225661385943e-02
1.882642843924168403e+02 5.594029635276283443e+02 -3.235302547662396999e-01 -1.749841885580911416e-01
5.058705827255348595e+02 4.846348770972322768e+02 -1.393410764612522390e-02 -2.162175753857420099e-02
1.175371200051080223e+03 3.601483116422724038e+02 4.916226691342095653e-03 -1.924457057526751669e-02
2.365915145363935324e+02 5.484986448244311532e+02 9.940484075825269106e-02 -3.461437658305680509e-01
5.376919246885530583e+02 4.703924936238856276e+02 4.216117251181764752e-03 -1.090941483795460770e-02
2.823986889527045605e+02 4.797561825934445778e+02 2.211177700138759403e-02 1.889615491027165847e-02
4.802534270446860205e+02 4.439265761950746310e+02 2.269588083970350105e-03 -1.075651756108941641e-02
1.161485321164084098e+03 3.298499547784584820e+02 1.595748136234832748e-02 -1.951889678586007579e-02
2.246239590750483046e+02 6.053560456148835556e+02 3.355142605876930417e-03 -8.019438455291474921e-02
2.944470396708669000e+02 5.747991721483859919e+02 2.542651931512263444e-02 -1.214941990793132719e-02
2.513695540945992661e+02 3.579314648678560502e+02 -2.302438878592401057e-03 7.032334494760453247e-02
1.196763740125708182e+03 1.744901464611954793e+02 4.061879658699878159e-02 2.068947501195700367e-02
1.264715976526682653e+03 2.919692479514689012e+02 8.873135708987626297e-03 -1.488669733718232628e-02
2.590830970059219567e+02 4.475863388341797418e+02 6.693050455767561580e-02 1.953329672379724991e-01
9.701714279831726344e+02 8.258883609627330316e+02 -4.151837270891483092e-03 2.267564292336004747e-02
1.007043503499985263e+03 2.122700310573195566e+02 -7.237632673900182105e-03 2.303887118782227666e-03
1.036917068629992627e+03 1.785942233210374184e+02 -8.312761882833829587e-04 -1.363304535909651977e-02
1.963845604570829551e+02 5.346842563400123254e+02 1.086529696129025779e-01 1.195449692355758514e-01
1.933633166432084920e+02 5.436615749226001526e+02 1.065957603010919130e-01 1.544740272716540463e-01
1.182000927522921756e+03 3.568920543434350634e+02 8.170577186371638656e-03 -1.743332322733200448e-02
2.834901599072414911e+02 6.470212485025029991e+02 -1.893576626347080738e-02 1.931562514324347210e-02
3.875143785897796533e+02 1.077833288634817791e+03 4.552979057771468913e-02 -3.290511564175698650e-02
2.278410515583453275e+02 5.627224653176823495e+02 1.478095349120165380e-01 -1.389270069276882513e-01
9.912110854592622218e+02 2.286880576767683806e+02 3.110294068142363706e-04 -7.551619671384532904e-03
1.198991513880679349e+03 2.567036606052758430e+02 1.697857764228240599e-02 -4.147373643134118215e-03
9.999430771199287165e+02 1.994375928667157893e+02 -7.172137410711145952e-04 2.347382665911978972e-01
2.630765997400138758e+02 3.466203694039554648e+02 1.712485536589804626e-03 3.885286411134181161e-02
3.300176058299371675e+02 1.055122068847618721e+03 3.015388330448777205e-03 -1.263001385952277483e-02
1.133903600777976635e+03 3.885194703317204699e+02 -2.172962533743452371e-02 2.459415912847807712e-03
1.149871822094257141e+03 1.435206684013822951e+02 1.576866550669031933e-02 3.235631203815703561e-03
7.842466914010059327e+02 9.594818449628227199e+02 5.180357450644626233e-04 -4.405684584342695748e-03
3.528512110888435700e+02 1.053822409593314205e+03 -7.493276731822495762e-02 -1.070382167689840069e-01
5.924721761665416579e+02 4.588383527925998351e+02 1.013170173779495654e-03 -6.261852395960877844e-03
2.125963172873914573e+02 7.140116996904648659e+02 -6.956047625107144574e-04 -7.631442029041818863e-03
9.926692643256229758e+02 2.114824013232666005e+02 7.144262130920408594e-04 -2.241620361206432543e-02
1.212183636551809286e+03 2.167846754053898906e+02 2.947059191191247693e-02 -2.876788180521368254e-02
2.614182354714582743e+02 3.596788047493029126e+02 6.876754890171950588e-03 6.381710159852353736e-02
2.516233900453798640e+02 4.019914748274176191e+02 -8.496002766950191964e-02 -2.896155768973258104e-01
2.634026052598607635e+02 4.686509737537183469e+02 9.680548560516366585e-02 -2.122662241738700883e-01
2.668553129873170633e+02 6.485432774722771683e+02 -9.088639332142831387e-03 1.527693129762520627e-02
3.825581317220706410e+02 1.060612009866745893e+03 -1.031999567185784387e-02 -4.120616686415616743e-03
7.532810713749745446e+02 8.451727040507747688e+02 2.688846082594521878e-03 -4.070231172345482179e-03
2.480289669840019258e+02 3.483297985732238544e+02 3.220501210215233334e-02 1.163588767929176759e-01
2.686618536842231606e+02 6.031030429543724267e+02 -1.743535571307800250e-02 2.693947896900546158e-04
2.214383482288942844e+02 5.472106631742674381e+02 6.564451830214837469e-02 4.590744610496666489e-02
1.181814771348683053e+03 3.709636132123264360e+02 3.905815200425314347e-03 -1.377313536631440474e-02
2.109838019946106158e+02 5.974669709639124449e+02 1.226406190100338134e-01 -2.226067777476956611e-01
1.663296665406643058e+02 5.392989383271275301e+02 -1.746732562329588179e-01 -2.268564334396968307e-01
1.035840038809257749e+03 1.997472691591497096e+02 9.259863008226980850e-04 -1.323876710675437121e-02
1.040521372606140631e+03 2.699572307149794028e+02 8.261373901582869800e-03 1.884523584021791792e-02
1.131503757346765497e+03 3.816348891658259390e+02 8.790819155279624292e-03 6.081562618700251527e-02
7.440579374805319048e+02 3.947152736468800640e+02 6.055464586495981107e-03 -3.420934730643081668e-03
1.260600310154238286e+03 1.958134704649829700e+02 1.238229854700173549e-02 -1.751363654134697675e-02
2.846197124570713868e+02 6.094412852317462921e+02 1.071798791645613841e-02 -1.271940839513821574e-03
1.086125853529214510e+03 1.517321024674501189e+02 7.267319386447426525e-03 -2.166401224381406601e-02
1.019264865424140794e+03 1.745678751035407288e+02 3.518167049245640114e-03 -1.225579447999327297e-02
1.064870612691965789e+03 1.967243313580418658e+02 -2.257732968895976786e-02 -5.973143169941272194e-03
2.104567978024210220e+02 6.073132136147978599e+02 1.055618805771619262e-01 -2.278120313457167312e-01
5.703798962776053258e+02 4.970252072105984098e+02 7.311461824300668523e-03 -1.479786938967710651e-02
1.158974716997166297e+03 3.112068362864035862e+02 -3.813247215070491875e-03 -1.317959102796055666e-02
1.025262334673658643e+03 1.645016284510958258e+02 1.316862880478108545e-02 2.928868120329837163e-02
1.058554778202954367e+03 2.719226130641277450e+02 -2.149337692193656422e-03 -3.002173899286482428e-02
2.128636690375262503e+02 7.226710512804743303e+02 -6.329170711539253147e-03 5.373857465289379187e-03
1.005382910145407436e+03 1.971721077773880211e+02 -3.967063811627316409e-03 7.098617777799209362e-03
1.163361533281714856e+03 1.977837251592531231e+02 -1.204041001421640861e-01 -1.584748283880461428e-03
1.478672905908596533e+02 5.088912186625015579e+02 -1.641520733667730381e-01 -3.395789383689121754e-01
9.093535129427401671e+02 8.370512346527062846e+02 -5.233378039776815510e-02 1.214310250476262516e-02
9.955086631775668593e+02 2.412441531742882148e+02 2.647686730960690377e-02 -4.954766097215396181e-02
3.032798242435025600e+02 5.517783898376065963e+02 1.914782610528093995e-02 -5.995595799801645837e-02
1.187270883860756612e+03 3.109946094899073614e+02 2.266031739587822114e-01 2.218483684459301164e-01
2.966030268157163050e+02 5.401674758030789008e+02 -1.840676756040186910e-03 -8.441612941565512437e-03
1.094748815666338487e+03 1.800622548851858653e+02 7.033836654748276684e-02 8.766432941824110758e-02
2.769171070918278019e+02 6.505191243241034726e+02 1.971350665691135387e-02 6.718916514358008567e-03
2.571492666682361232e+02 6.730095134649253623e+02 -3.951833359172895500e-03 -1.114909087672940301e-02
2.690489506879080182e+02 6.096812734163547702e+02 -1.129262244694135631e-03 -3.178574591720687188e-03
5.891498596562571493e+02 3.925522281923824721e+02 6.489044098424357442e-03 -3.818823575231660317e-03
2.038769295871163081e+02 5.284489264660351182e+02 1.965211508824704911e-01 1.804341134436560634e-01
5.346989061812816999e+02 4.266409165605905969e+02 1.915743510018260397e-03 -3.760021045336273474e-03
1.167479500572693496e+03 3.305714378287767090e+02 3.979094312538532241e-03 -1.588644670520147559e-02
1.319703940732316028e+02 3.938101438554795095e+02 -7.305127821448895685e-03 -1.661166484279536990e-02
2.945762390260412644e+02 4.672147254043070461e+02 3.731668313974809831e-02 1.536376619316025538e-01
3.430711558517253366e+02 1.050824630843073919e+03 -4.765582663421663590e-02 -7.886899489716651945e-02
1.071880474754091210e+03 3.438486376276538294e+02 4.673305096620163253e-03 -5.793707845370617629e-03
1.211142350868739186e+03 2.509217638356755060e+02 5.976492913687972419e-03 -1.526764336749563550e-02
2.464275807414169606e+02 5.042593938730192917e+02 6.511475145091093208e-02 -2.176780363651460992e-01
5.410145478183554815e+02 4.792433268610107575e+02 -1.025421782619875127e-02 -7.475623629436495797e-03
2.333140469468031597e+02 6.761005673004711980e+02 2.508100793293259511e-04 -1.895046987342403899e-02
1.152436297177728193e+03 2.535868630143838800e+02 3.831044778827829428e-02 8.014036023345541548e-02
1.139970506488725732e+03 3.355821155644565010e+02 1.370335946810630721e-02 -1.928371110233791791e-02
1.210601099233165542e+03 3.588501335460576342e+02 2.443946776609006583e-02 -4.045596927664860988e-03
1.931986636194035611e+02 6.616789929254522349e+02 -1.041854726558592570e-01 3.208690859238514936e-01
7.856513677552452464e+02 9.551963675132275284e+02 4.376172782208908978e-03 1.581946684696319697e-03
1.266273629214024822e+03 2.034269538647087074e+02 1.080619731178017809e-02 -2.056970399885476447e-02
5.469156181430470269e+02 4.619706186461210109e+02 6.927148114289251833e-03 1.528022831026007314e-03
1.024838997442482651e+03 1.730041589162441085e+02 -1.390045841104339298e-02 5.556409086179652651e-02
1.193043989843088866e+03 2.247156277898464509e+02 -1.519027744959680452e-02 1.795818364862137922e-04
1.208017776483283797e+03 3.556927159268869332e+02 4.603262269679902347e-02 -7.086405421457279974e-02
9.982344261436448960e+02 2.501119605373218349e+02 -6.904355558299132660e-03 -1.221303072063895621e-02
1.087702530428021191e+03 3.329915319616821989e+02 -9.928756646770738048e-03 7.444749735521210415e-03
2.661423478352085681e+02 4.519120163915394528e+02 -2.406742050212664838e-02 -1.423010093349109106e-01
2.396336378949171433e+02 5.182708412241967153e+02 9.633357552823497427e-02 -1.213037914947997509e-01
1.037295939391560978e+03 1.587375501980775141e+02 6.641274772333093275e-03 -1.383392350099106084e-02
1.159251788952194602e+03 2.311739605632456289e+02 -7.391964809828617533e-02 -6.342271645402915159e-02
1.024937227174133795e+03 8.713614304488122571e+02 -3.693532599702911701e-03 -1.062010817039132048e-03
2.597941201618418177e+02 3.337271199058572506e+02 4.051710575741721693e-02 1.284933939019264615e-01
2.291445155296547682e+02 6.474999959581142548e+02 -1.655540074183943500e-02 -3.160002578207997403e-02
1.920013433953247670e+02 5.179772415104973788e+02 1.791690952724507291e-01 1.628282685121058004e-01
1.148478150406844861e+03 3.561106131153706542e+02 4.759555089961368599e-03 -1.723019045198439722e-02
5.589807838265718374e+02 4.145588549909587641e+02 -1.052112478196655029e-02 -1.414588794685047628e-03
1.194294432322814828e+03 2.351011837537810436e+02 3.646751257877278024e-02 -3.747330539837327029e-02
1.131668759229180296e+03 1.686290742095430346e+02 1.786646306451156532e-02 -2.202792796536263281e-02
2.495950867065996306e+02 6.486527388507668093e+02 -6.100955102773682713e-03 -1.181471606917800128e-02
1.132351534102089772e+03 1.861518807150581836e+02 -7.889666852674558084e-02 1.756114225651407290e-01
5.902833903591879334e+02 4.167068082994823044e+02 -4.048235193620415562e-03 -9.080585968738230651e-03
2.181225050433353090e+02 6.752362808808945829e+02 1.454590911557665338e-02 -1.594232535166098183e-02
4.635549332812971102e+02 3.922713234647182503e+02 1.011102278527691847e-03 -7.756328338065360262e-03
5.501741904791842899e+02 5.002258475739536721e+02 1.964487152789762183e-03 -2.454584337703190604e-03
1.008514302725610378e+03 2.481915319962137687e+02 1.127525042412762940e-02 -1.478364400883389008e-03
3.715836182099745884e+02 1.090914550003467184e+03 1.056186179512269042e-02 -6.834229669589103606e-02
4.166258720500705408e+02 1.100094421618165597e+03 1.798468486215077213e-03 7.920402784423972173e-04
1.235480518381429192e+03 3.001327741708896610e+02 8.592005507039129908e-02 1.186885579712117084e-01
1.797262209485883773e+02 5.386397121802957599e+02 -2.581066111922888373e-01 -2.267620498028639353e-01
2.411981808828584235e+02 4.983466056807414475e+02 -2.686951742746113234e-03 -1.089697252390947960e-02
2.870645166802488575e+02 4.703118125288369811e+02 6.261348344556644848e-05 1.049472252317226045e-01
1.147219683872043106e+03 2.081210427630532251e+02 -2.791125289191354053e-02 4.906573785606387766e-02
1.313760015136153925e+03 3.423011133617373503e+02 3.272623710482269743e-01 -4.205857547529574803e-02
1.161656233003507850e+03 2.510986272193893853e+02 1.641364531381684505e-03 -6.779835329877691684e-03
2.868890866528982997e+02 4.819424342521368203e+02 -4.130184943568506600e-02 1.165373072325483761e-01
1.260299546736538559e+03 2.671632440810616345e+02 1.351279005997738612e-02 -1.742091875482541102e-02
2.837961082888401734e+02 5.394453265181515462e+02 -6.100916951099141783e-03 -1.702505080452013445e-02
2.935715440510628582e+02 5.993322816863368416e+02 -2.993073095430334816e-03 -7.735605480171792517e-03
2.876317457069260399e+02 4.584787183543515425e+02 2.976861238387232961e-02 9.756378637988596947e-02
1.064499017663977156e+03 1.810948969537525670e+02 5.448608348351986763e-03 -2.403404114962351748e-02
1.216634146942286407e+03 3.672259412541416168e+02 2.820467590053079079e-02 -2.440927309186686350e-02
9.935476183937478254e+02 2.220135244957365046e+02 7.569941420129989128e-03 -2.478521678469517223e-02
1.112356989165858749e+03 3.511098216339910323e+02 3.582180877311648415e-02 -3.171312649334311756e-02
1.172776732741678870e+03 2.367814851276697539e+02 -9.550302693383801167e-02 1.847017459032815612e-01
1.204896665119139470e+03 2.629291692736675259e+02 -5.694117598405943996e-03 -1.810771977421937956e-03
2.550338533646112751e+02 7.086960313069133690e+02 -9.460266094936118156e-03 -1.491344013060942088e-02
3.241239255061269091e+02 1.069275639796345558e+03 -1.274629028897787154e-02 -5.735840198702243237e-02
9.182785741624384173e+02 1.102603022963923650e+03 1.921977369779417216e-03 -1.602279916132919382e-03
1.185085675980458291e+03 1.659582034560447710e+02 -9.919366066762252618e-03 -2.913236636049424538e-02
6.194133409191562123e+02 9.358645510666535756e+02 5.695694858635904842e-04 -3.660076936177961929e-03
1.218970370296371129e+03 3.799048154642820236e+02 3.785198058111935004e-03 -1.733006644480040992e-02
1.176337631271227110e+03 3.283156438851078747e+02 9.070747634066017237e-03 -1.344111121282159926e-02
1.256281701149623132e+03 3.199671712215136381e+02 -3.733957742033116034e-01 -1.052496663187541676e-01
2.456253374681218133e+02 6.322686808399669189e+02 -5.882001214602739642e-03 -1.632538656282113074e-02
1.163882583390048239e+03 1.806755149125422122e+02 -1.295737407750574728e-02 -5.121755986812920325e-02
1.128621540658032700e+03 3.497159029792488809e+02 1.014248027932709330e-02 -2.661141748157181547e-02
3.328495829531578352e+02 1.070844193569638492e+03 -2.658964891138071440e-02 -6.338653569832110313e-02
2.816628103410243966e+02 4.461499840440832827e+02 5.465830192786885755e-02 1.096864541051113390e-01
1.188864907776767041e+03 2.608744290866789015e+02 -4.000908547652107759e-03 -1.231184917254821674e-02
2.202619350198254153e+02 5.834147702771114155e+02 1.176468551135564367e-01 -1.838977433351272894e-01
1.022638684072089063e+03 2.791286934308890864e+02 1.054783552614152117e-02 -1.577472949225236856e-02
2.541343334494775945e+02 5.144441746494546805e+02 7.052592817363843858e-02 -1.376175384492952514e-01
1.276394936734146313e+03 3.199363847402413512e+02 -2.297276550843732057e-01 -1.288056121443118818e-01
2.537239863618274569e+02 3.760732503792119132e+02 -3.043086755569320359e-02 -3.230851872653393159e-02
1.114289114246162171e+03 1.692850624744949357e+02 1.026319809440031650e-01 -6.748404909018825004e-02
1.178443513461482098e+03 2.570700428475845456e+02 4.224860283136534778e-02 -1.987064850654269577e-01
1.351226694427509756e+03 2.614459356690943537e+02 6.680491190401412725e-03 -1.331715629781809671e-02
2.262088320096521556e+02 6.848442227145786774e+02 -3.335124843294415276e-03 -7.200472146811116511e-03
1.307219480984104507e+02 4.397643372289189188e+02 2.111740731786511949e-01 2.240968740215390775e-01
1.060174644549456616e+03 1.902079303090628741e+02 -5.535714650421249584e-03 3.450235323503202372e-03
2.724040308573610787e+02 3.699581154059449091e+02 1.650177632386106222e-02 4.470241816605239477e-02
1.168813840872487617e+03 3.392297612444175456e+02 7.531087517596497024e-04 -1.213062074796626179e-02
2.506093283621989372e+02 3.237626504292906020e+02 5.020086940912463214e-02 2.338521434518731901e-01
2.152955091905632514e+02 6.242887986509070970e+02 -2.670601207131962154e-02 2.373571124371012253e-01
1.102072524257792566e+03 1.740733896645144227e+02 6.403246017682456825e-02 3.557111844592544814e-02
1.975882645218724463e+02 6.023877106807237851e+02 1.207661614054717225e-01 -2.676480404914609590e-01
5.184834930286307326e+02 4.694185946940748408e+02 -3.140206439205498780e-03 -1.876346830476510741e-02
8.159358828445965628e+02 3.708359277423205071e+02 5.835025571926026264e-03 -1.194347159544899110e-02
1.050688872078494569e+03 2.297278707064395462e+02 1.718955135270514717e-02 -9.300970543609812097e-03
1.061897572394510689e+03 2.022292868023027381e+02 3.716101730501937539e-02 2.633374461293787050e-01
9.795756998879019193e+02 1.767382384497930730e+02 7.986577834604659601e-03 -2.107841627614162258e-02
1.304749248223920631e+03 3.429522276717764271e+02 3.141645031806785671e-01 3.149396108222892593e-02
2.690558463578216788e+02 5.188656741693998811e+02 -2.873406161954744978e-02 5.899569193771900949e-02
1.169513033219674298e+03 1.721749216375786204e+02 -1.013563234194335416e-02 4.016008499520737005e-03
1.190841855832951296e+03 2.187844108265919658e+02 1.141002590845283278e-02 -3.134320495718551092e-02
2.459258583387506576e+02 3.232111871993554360e+02 6.019004408784019849e-02 2.530538309097694061e-01
1.040671173137833875e+03 2.850936928992500725e+02 -9.679401097319797207e-04 -2.265948807276160423e-02
1.020131476871707036e+03 8.066513391519422385e+02 -3.760145093778111038e-03 1.802042700846148270e-04
1.217657843950210690e+03 2.421521003988751772e+02 1.132463389677189347e-02 -1.385701217454182038e-02
2.388154581594385490e+02 5.351734298200225339e+02 3.316892574510782454e-02 -2.391938220499369855e-02
1.138164793330554630e+03 2.687356956357627382e+02 1.282642431453658305e-01 2.782418873351917288e-01
1.841508565023759729e+02 5.126732794872793875e+02 1.826226406897292487e-01 3.639430420135927324e-01
1.115958690443111436e+03 1.499964813568707314e+02 -2.522700526389017872e-01 4.173773515987867083e-02
1.162881559063146597e+03 2.953580298943855951e+02 1.930068596515825963e-01 1.953066884842633369e-02
2.357147225891300764e+02 3.594294130582464959e+02 -1.516449861794477438e-01 -4.123171996183354060e-01
1.147100187081781769e+03 2.247850882462406048e+02 7.453661858501771723e-03 -3.492674825603126962e-03
2.816382621391410908e+02 4.441539427399155215e+02 1.163214592471975648e-03 3.723031999881117049e-02
5.442115453166959469e+02 4.136920873965666487e+02 7.294373106297276583e-04 -1.863523264134273744e-02
1.015699164510947980e+03 2.367817750195586370e+02 5.600383899178214969e-03 4.205425678476770041e-03
1.114594495739232116e+03 3.604358929262219249e+02 1.284378577228795053e-02 -1.842407259627211469e-02
1.136761180318665765e+03 2.477222193052863020e+02 -2.952930693814634355e-02 1.462115027489949322e-02
5.056794372300622626e+02 4.530063519501825908e+02 2.261249399853653883e-04 -1.037625326894090622e-02
1.771406135051420563e+02 5.205005684083214419e+02 1.765277326649832557e-01 3.753338953846536152e-01
2.795649463723119084e+02 4.669751981101523484e+02 3.699453412145817938e-02 1.149346669691193867e-01
1.034132693191614180e+03 2.568995843710150666e+02 7.086294465519284505e-03 -2.650550661077305959e-03
2.177567356278289594e+02 7.707720648464179476e+02 -1.155000617037929642e-03 -2.291516766080808117e-03
2.702417922615483690e+02 3.619037394464968997e+02 2.975450789925236303e-02 1.103005189100085270e-01
1.059646215698444848e+03 1.865798194672205170e+02 -1.193868413783529953e-01 2.617585212512068549e-01
1.165265104110780385e+03 2.167930026037620337e+02 1.408283687258535602e-02 -2.705168761363496016e-02
2.930211983371128781e+02 4.551491400352737742e+02 4.518327655327115944e-02 1.562721651744478912e-01
2.496395437635827079e+02 6.052111131912125757e+02 -7.586886922256337595e-02 1.214673145245425551e-01
1.024353391004530067e+03 2.426885076627980879e+02 1.016780128966702536e-02 -2.431285969160400240e-02
1.142352292773854970e+03 2.183353965488547601e+02 -1.155027055104859181e-02 1.499968248561509183e-02
1.098080340139438704e+03 1.587942677099689490e+02 2.894629781500799789e-02 3.261256382994740660e-02
1.190295676159689037e+03 1.984389012702191906e+02 4.633937311503287526e-02 -6.023678656380961755e-02
2.515264437470208350e+02 3.351116148706466333e+02 3.241680994568358481e-02 1.625296353073345523e-01
1.105656875921868959e+03 2.156155603598616892e+02 1.316882264137294103e-02 -2.761649074940187784e-02
1.153719232979758772e+03 2.040338174016586663e+02 1.243352467023228075e-01 4.801413673364475498e-02
1.004718713388265769e+03 8.207973338803685692e+02 1.032098583608209372e-02 1.666679530041444146e-02
2.525265534139502392e+02 4.921214939280222893e+02 1.018674307613667146e-01 -2.272038347208102660e-01
1.952084975815494943e+02 6.143591365122379102e+02 1.633815336482608571e-01 -3.385376762184629240e-01
1.109477870594250589e+03 1.796565597606427787e+02 6.670541332340068630e-02 1.726417935406129173e-02
1.026020777953410516e+03 2.643802665474966602e+02 -2.207063083114737395e-02 -2.981625123134288430e-02
1.181954591747659151e+03 1.925463949501980494e+02 8.253470461865374669e-03 -1.376288629189913182e-01
5.481688778811663951e+02 4.108199847588753073e+02 -1.235905100426889190e-02 -3.130823803430510255e-02
1.169940984066676265e+03 2.209598535668050658e+02 -4.344324648008125039e-02 6.975002487558361330e-02
9.317538833617986711e+02 8.967342444880548555e+02 2.406724601219071419e-02 -1.710782495095458308e-02
1.282525655166733259e+03 3.300025027174712591e+02 -4.014683664594855261e-01 -5.671023579837891626e-02
2.647336038713838207e+02 7.143872940774812150e+02 -2.435097295839588893e-02 -9.009973886058519205e-03
2.989319009519356882e+02 4.821791081961491159e+02 -1.433454871588728946e-02 -8.423062265977040997e-02
5.118113447666902971e+02 4.890665687576671985e+02 -1.508330923309075117e-02 3.837981167998580183e-03
1.060916278972797727e+03 2.668739157955305359e+02 4.716304015562512719e-02 -7.310272414526304552e-02
1.093314949007256473e+03 1.885823623807567060e+02 7.414613054389974922e-02 -1.614514294257281823e-01
2.383773929072932845e+02 3.081069185863907478e+02 7.809486767377953054e-02 1.887231140357493453e-01
1.097249625588540766e+03 2.044460973816266574e+02 3.708829123110615744e-02 -1.309201793906590305e-01
1.162330282675534590e+03 2.851480789666799751e+02 2.618316716421894008e-01 3.288168643364228205e-01
2.855583469672249066e+02 4.527793527230255677e+02 6.389642616072895021e-02 8.250142081694160356e-02
1.734938913336504243e+02 5.091285695798956681e+02 1.491277952633494053e-01 2.874752976313246222e-01
5.180187574041540302e+02 4.826300906143002294e+02 -1.040755395333547995e-03 -6.043216298310838397e-03
2.627728704837092550e+02 3.668791224702969771e+02 1.350469794654025890e-02 4.130754909511647616e-02
1.009399602829496075e+03 2.534876423621213064e+02 -1.992512687586919448e-02 4.233298118938274429e-02
1.082999691343093446e+03 1.709925035994388907e+02 3.055247891978872810e-01 1.559100606978665038e-01
1.053381383776842995e+03 2.005690748172455073e+02 -1.371033817840096591e-01 2.743886786482415130e-01
1.086454388542341803e+03 1.651150725586045667e+02 -1.008234984849810251e-01 -2.421522283677303156e-01
1.272607630714704783e+03 3.445707351485668823e+02 2.872474967946780922e-01 1.842997442122208673e-01
1.800020767953461132e+02 5.037540948378883741e+02 1.966890360551431516e-01 3.709245318747745324e-01
2.848585087945794498e+02 4.669650878712199074e+02 3.550181308266076030e-02 1.090848258550747435e-01
1.062516158064376896e+03 2.553567137947234471e+02 2.858609641724322858e-01 2.898438875575064522e-01
1.147845875619851540e+03 2.518203016545767525e+02 -2.474405152298439492e-02 7.274863392862647438e-02
1.139572946930283933e+03 1.764672353806099920e+02 -4.350131894178268024e-03 7.705050371741871407e-02
1.193089176212745770e+03 3.128843204788140611e+02 2.351552197381402420e-01 2.695677074989311639e-01
2.471819079113009821e+02 6.657768759456173484e+02 2.483114012598043249e-02 4.550099280335315665e-04
2.409068380294646943e+02 3.508487266877139064e+02 1.395393487277148299e-02 9.383181586364292004e-02
1.029661960277568369e+03 1.655465683609600092e+02 -5.431302276018744801e-04 -2.409074308480250309e-02
9.920766672465384772e+02 2.603408607310016691e+02 -3.667124923849356122e-02 1.172396530183558022e-01
1.188686555811972539e+03 2.425977696893799305e+02 -7.459009870522301765e-03 -3.699601288089353346e-02
2.948021973883155056e+02 6.492370163847289177e+02 -6.920813612997213371e-02 9.351072266059258509e-02
8.650328304948440064e+02 1.102235624179021443e+03 8.646087613732530291e-03 4.952471347824865871e-04
1.090952252498583675e+03 1.702192524210917668e+02 1.912044199156917035e-01 1.749878051344108953e-01
1.241439310809053950e+03 2.867434696177705291e+02 -4.240236911292666853e-03 -5.883009974232256308e-03
4.918086723801947073e+02 4.482381189755351443e+02 2.065614985354065607e-03 2.412659749187268370e-03
1.183168030493580545e+03 2.125853026418498359e+02 -4.346076905352781392e-03 4.809203234646488440e-02
2.120637669114998687e+02 7.066442467253986024e+02 1.435462519972094007e-03 -4.655809914902419785e-03
2.339210501152793995e+02 3.105154697351173354e+02 5.995291319818513848e-02 2.415473262051804071e-01
1.081598187957864639e+03 1.607504060042527385e+02 1.324057107137339429e-01 6.284041383446663243e-02
1.052311179812654245e+03 2.847151877023649149e+02 5.136904681798691369e-04 1.578549821715430346e-02
1.075377837718124965e+03 2.163376033749587179e+02 -8.560595345578028703e-02 6.481976945880703334e-02
1.186376741485192952e+03 1.716431861640456020e+02 -2.383857607605932658e-03 -1.256477123133237315e-03
1.130445260581347839e+03 2.867670562757861035e+02 1.695820542241222029e-02 4.980856573417437039e-01
9.925451672035185311e+02 2.455014292090785943e+02 -5.777432937805580468e-03 -1.535026688841687349e-03
1.238248520270201652e+03 2.843150164381186755e+02 -5.535692648675338313e-03 4.591826839518411973e-02
2.006984436607472162e+02 6.649050170218789617e+02 -1.085631191012648850e-01 4.231481012990804258e-01
1.012605793559506992e+03 1.786971331520010438e+02 7.992322710252280221e-03 8.904242646715432655e-03
1.096474553954232988e+03 2.274985672546164892e+02 7.160072305556497603e-03 -1.122808626117050707e-02
1.008667064710962450e+03 1.806899528489686020e+02 1.045584151189321159e-01 1.266066731445641969e-01
1.145132583003741047e+03 2.655284564490947901e+02 -3.086533584517076045e-01 -7.383978813599591240e-02
2.298412935778255530e+02 5.933700547727106596e+02 -1.570273805451268823e-01 5.169796156899515022e-02
2.320946538862460500e+02 3.441560766625547672e+02 -7.918284310354813116e-02 -3.873951932637731410e-01
1.240092678336109202e+03 3.057980322707718415e+02 1.908735661421767371e-01 5.415639239516609887e-02
1.296569893170092200e+03 3.191299410679038147e+02 -4.085908935636343720e-01 -4.791096636934729508e-02
2.655594456064251290e+02 5.427687848865940623e+02 -1.168672682595459610e-02 7.581165835807125719e-02
1.076970477155371100e+03 1.930136490521171595e+02 6.159851399327938596e-04 -1.135613266973640144e-02
2.228506401502429526e+02 6.760617627224820581e+02 6.666350192920163058e-03 -1.014506257386831988e-03
2.492898267373168721e+02 7.151453204246971609e+02 1.757772649369058365e-04 8.519997585457949555e-04
1.150389778050974883e+03 1.631806244089524682e+02 -7.163020747266148243e-03 -2.501201788338022237e-03
1.116165508117386707e+03 2.005146602760200381e+02 -1.178209539698026748e-01 3.101224532372302001e-01
9.072708759463861270e+02 8.436371435975257782e+02 2.458159733372642687e-03 1.485170728271864972e-03
9.041277979075161966e+02 8.418037197024542593e+02 1.857576516037005984e-03 -8.804656869827454102e-03
3.839209124743989605e+02 1.093786523628447185e+03 4.399503118845318750e-02 -9.015773305956208128e-02
1.027806549217971906e+03 2.218099680849195181e+02 1.935723414452324110e-03 -4.408471660432221675e-03
1.202101592554064837e+03 2.046971214324437085e+02 1.876144443367337147e-03 5.810868351505219312e-03
2.610853580568178813e+02 6.074193988126572776e+02 -1.255035392621490706e-02 8.522537072321842433e-02
1.123494199282956970e+03 1.532324375057630732e+02 -1.755457208699421623e-01 3.333372042249485578e-02
2.584052652779406003e+02 5.530241406013628875e+02 1.437806985096169721e-01 -3.207607363036570902e-01
1.008338464542988959e+03 9.274988133164331430e+02 1.731493344807503261e-04 -3.460350538845254390e-04
1.213986238276314452e+03 2.695505361839426541e+02 2.707522330122479667e-03 -6.556951974011974472e-03
1.042623255826337527e+03 1.985722225219605264e+02 1.970330009572590635e-02 -8.545135518657055382e-03
1.176093277662408809e+03 2.401208304380145648e+02 3.378282084947910324e-02 -1.402542624096313152e-03
2.774749529617555481e+02 6.357118448364574306e+02 -1.293031455042661579e-02 8.480467276955771030e-03
1.064337731119029968e+03 1.871609982681213182e+02 2.159197360671127192e-02 -1.012773123057968475e-02
1.187166008918812850e+03 2.681762314248176153e+02 1.117459473698895200e-02 -2.873927388765895596e-02
2.389304458320615083e+02 3.202494022883294633e+02 7.238630517730770819e-02 2.415193469411622829e-01
2.749659670845784376e+02 3.984321804457077860e+02 4.231087534567024022e-03 -8.328577346283339011e-03
1.039246521456166420e+03 1.658738583963441044e+02 4.674463933859485110e-02 -1.023386679832061219e-01
1.043056707715453058e+03 2.023844893591642062e+02 4.368579606815359284e-03 -6.086027591934772829e-03
1.020414432284565123e+03 2.342581109636174972e+02 2.375786050408119909e-03 1.393392444171626804e-02
1.085473152900077821e+03 2.275061590877514845e+02 2.728459897642616233e-02 5.173465562038355448e-02
8.201021422572790698e+02 1.102226809814686476e+03 4.708971519282804637e-04 7.290212370604883712e-04
2.634877141963368103e+02 4.101443418951738522e+02 1.368671793491763218e-02 -1.655507471309097117e-02
2.622495539083449785e+02 4.246708034530325335e+02 -5.261586018905402978e-02 -2.517146513606082214e-01
2.864559818320171303e+02 6.262995481189531120e+02 -5.142589217345003988e-02 4.533305757516871773e-03
1.235894805238866411e+03 1.323805962137126073e+02 -2.504515949304301527e-03 -4.659763364579224483e-04
5.827996578048498577e+02 3.883829186210017497e+02 4.410393042304251721e-02 1.520095839696316252e-02
1.132450769478182792e+03 2.075597237967760975e+02 -1.565076322290386707e-02 -2.963555910114347158e-01
1.086684206490150473e+03 2.008161833345509137e+02 -1.590229416904178359e-03 -2.719747006431534608e-02
1.274456862797092754e+03 3.110103037089260170e+02 4.334582677563082048e-03 -1.452777370042528798e-02
5.458320119056546673e+02 4.981497884764733044e+02 3.471098960221323179e-03 -8.369759710647803677e-03
1.304222854629974336e+03 3.318096403427821883e+02 -4.495730059538414203e-01 1.240685746001508050e-01
2.906233952637839479e+02 4.383229503221485857e+02 3.297877905992094988e-02 1.002430330698996369e-01
1.154680014276623297e+03 2.933097147918667247e+02 9.124387338608487552e-02 -3.020992544836598528e-02
1.164230986190465501e+03 3.770382596635197956e+02 5.810511859224751913e-02 -1.145870873636918308e-01
3.148475492158660813e+02 5.771104969549356838e+02 4.346393988224899092e-03 3.062313858773607969e-02
2.774419235061323548e+02 5.012458311014812011e+02 -3.944882547496675329e-02 1.063535083489052652e-01
9.943249185408564017e+02 1.921398973596680548e+02 -1.123060770759091477e-02 -1.884492993129249783e-02
2.408404103088560362e+02 6.739051609400019061e+02 -2.134811153986504451e-05 2.514501662770859177e-03
2.460313381884591593e+02 5.232213655432474297e+02 9.913606237489058781e-02 -1.760716002833707106e-01
1.067603945107303161e+03 2.524612936533079051e+02 -4.608216198694256582e-01 5.762620769333515192e-01
2.388720938525259783e+02 3.111341116755997973e+02 5.802364070884234032e-02 2.594669868460197093e-01
1.077276983455496520e+03 1.571804767054803165e+02 -2.333372697428583512e-02 8.660830596249284585e-02
2.524184111364082526e+02 3.602367398414643276e+02 -6.578590843990445025e-02 2.488774203696922718e-02
1.849693494444345845e+02 5.253220525460194494e+02 2.020114395153113918e-01 1.312148151447471156e-01
1.067155907976617527e+03 2.125491469599212451e+02 4.990794356568399592e-02 -2.774265280306832948e-01
1.092771758049378832e+03 1.545832482802452148e+02 8.628763174649362044e-02 6.888769982643669354e-02
1.089495997672331214e+03 2.403569418703175415e+02 -5.113241912425131250e-03 -4.867105343469860235e-03
1.168718544399526991e+03 1.492555269469887662e+02 6.820211153622256217e-02 3.975691463848953638e-02
1.128511739059306592e+03 3.407191159580862632e+02 2.390776017005334306e-02 -3.609364285982982062e-02
1.231492290946037429e+03 3.461685466988873827e+02 3.122083743664158528e-01 2.176782673080649155e-01
2.873346922450169245e+02 5.786020919297475302e+02 2.301731548200115079e-03 1.149573890638423863e-02
9.214108660893795104e+02 9.182944251656283541e+02 -1.026105021480816504e-03 -5.483986182271326226e-03
2.478870811668192573e+02 2.957167464707461022e+02 4.980150456909228363e-02 2.021810711630220858e-01
1.228538455941071106e+03 2.534736769241707748e+02 -2.251808996335257287e-02 8.498387001135065608e-03
1.268648160570032815e+03 2.597131540477363956e+02 -9.073675798091001068e-03 1.696542190002746017e-02
2.069870415712908880e+02 5.201358365385564184e+02 -5.178370350526725202e-02 -5.722796658126765718e-02
1.044098766188402578e+03 2.516591996742225490e+02 2.808276928881707837e-03 4.877928485270625891e-02
1.111895426821395858e+03 3.167035205953402510e+02 -2.659253896440415613e-02 3.301147105242289992e-02
2.695748433693996731e+02 5.516506983889546518e+02 1.782807280381914009e-02 3.070904959019735148e-02
2.512346530821330362e+02 5.073970684404544045e+02 1.018847597321394655e-01 -2.905101959199154690e-02
5.168753549468431174e+02 4.257727666749839273e+02 8.525556738998386896e-02 4.544816394402878545e-02
1.169115397756155062e+03 1.925130666866116940e+02 -1.215175145821017627e-01 2.329223580782037450e-01
1.178012295514810376e+03 1.945361353660796908e+02 1.869244235158954576e-02 -5.124020176962953803e-03
1.245392587293882571e+03 3.235129117845898463e+02 2.542629311933344849e-01 2.660659605112234982e-01
1.227358105496604594e+03 1.491079732540113696e+02 3.562433358939489075e-03 -3.879413535993246707e-03
2.258534804289329543e+02 5.840217910189664963e+02 1.967395710882358095e-01 -2.130524758070234115e-01
2.507030733805907516e+02 6.182561327149924182e+02 -1.680211373705923356e-02 1.866217287755028431e-01
2.728366083102333732e+02 4.233144823068314508e+02 1.038511108006869299e-01 2.229616431454278236e-01
1.276921503206003990e+03 3.147348207460194089e+02 -3.307452709470403152e-01 -9.629208623261496791e-02
1.152794382060669136e+02 3.841278765663507784e+02 -7.698384317845758350e-03 -2.033161516493951770e-02
1.130130531384723554e+03 2.325503992554633896e+02 2.360961250921458643e-01 1.327429180454747226e-01
1.193290757764643558e+03 1.759250336186313746e+02 3.738193110934714403e-01 -4.411697953389875915e-01
2.882078554434257285e+02 4.667841419803615395e+02 5.318291190101998717e-02 7.820329364349062895e-02
1.070209428014575451e+03 1.979927102304564528e+02 2.564240176270820570e-01 -3.151705120066176646e-01
1.095940585242627321e+03 2.022490344684360082e+02 3.563020217471629669e-02 -2.057604303710417262e-02
1.148480951084503658e+03 2.318552607829923033e+02 -1.127563835571917805e-01 -1.308785704208474954e-01
1.171049071593774443e+03 2.580639366905551810e+02 7.126613550647509232e-02 8.427711783205726892e-02
5.703677561665530220e+02 4.959173077054870191e+02 2.539676959732747527e-02 -5.893582623662877579e-02
5.504839117822679100e+02 4.982703700203423978e+02 2.046007801423553249e-03 -1.214014341455236720e-02
1.135760594098092270e+03 2.442203739594171168e+02 2.042512097585089947e-01 3.117608118454658350e-01
1.110766657728497194e+03 3.221929569232588619e+02 -3.114015126637781350e-02 5.053686547964097997e-02
1.149320158714224817e+03 3.647852470687925006e+02 -5.951756080754933009e-03 -1.358019140165644956e-02
2.914807744961159983e+02 5.822172774209042245e+02 -2.688537509611776954e-02 -1.052206322014725970e-02
9.425691269326503630e+01 3.349801448623182978e+02 -3.109304264941120059e-03 -3.550720330048490539e-03
1.169752425012678941e+03 2.517899108116045284e+02 -5.087370287686011211e-02 1.264468849429106478e-01
2.546898768691455075e+02 6.679022126800201704e+02 -1.189158697525822313e-03 -7.607119198624904578e-03
1.180905206522437396e+02 4.500601106649170333e+02 -1.515410472175773293e-01 -1.978971915463356990e-01
1.785796679318558233e+02 5.171960185691247034e+02 2.121411965762414753e-01 3.800671100055277862e-01
1.111259820083844488e+03 2.214818120083851056e+02 -1.892617093159666697e-02 4.664703747686663182e-02
1.052810980989821473e+03 2.733010254681949505e+02 1.987093467158350391e-02 -2.383580049792423383e-02
1.211544689263169175e+03 3.456287696804515122e+02 -2.041313754151967072e-02 -1.166401548101703156e-01
2.517307958880721515e+02 5.498034125700116874e+02 9.028013271793138006e-02 -2.407542318251974789e-01
9.683043344493866016e+02 8.531442639955413370e+02 5.443832463356557128e-04 2.142727971189136143e-03
1.148340471825089253e+03 3.035268954464339686e+02 7.827301630161322132e-02 1.401221405008504055e-02
2.632463821055043809e+02 3.437344921056640032e+02 -3.224083047017854437e-03 6.316023888544057552e-02
2.601334363769940410e+02 3.551461611296670640e+02 -3.895170463222541457e-02 4.066668848973011008e-02
2.603821414415859294e+02 4.573738266910535231e+02 5.497638718487759396e-02 2.588460484053740629e-01
1.050538935830727041e+03 1.780035967969886315e+02 8.285111207516950016e-02 -1.077176598552022913e-01
1.182733286386619056e+03 2.034937878219687661e+02 1.064986562920466895e-02 1.082904340203733919e-02
1.279039771440508275e+03 3.724291223874108141e+02 -4.558951905339979523e-03 9.977371861148347579e-03
2.472949763150744786e+02 5.604054490709479524e+02 3.068881912122987596e-02 -2.629068183774084799e-01
2.660793108524736681e+02 4.657150870249786863e+02 5.536172259279804886e-02 -1.466791159915222520e-01
1.144506438410551254e+03 1.542155941624508841e+02 5.630720115471343074e-03 1.245457683660186332e-01
1.081235199822103596e+03 1.885597508445374615e+02 -1.434247543070173159e-02 -1.471898492564007593e-02
1.140784615914512187e+03 2.491860212177562062e+02 7.056563147308157757e-02 -2.054374485675762307e-01
2.385562658722011804e+02 2.941745052435909997e+02 7.601327955930624325e-02 2.037660186328393019e-01
2.653225473627030055e+02 3.676306366939165855e+02 7.085705828357137200e-05 1.448328936226936543e-02
1.142041521122633412e+03 1.661670914131846359e+02 4.713317428870421322e-02 -5.100156828218215671e-02
1.057474396483204373e+03 2.150247903964846614e+02 1.735108509172697674e-03 -6.635098212139976803e-02
1.015420779307631051e+03 2.198939742034440314e+02 2.845305950801756412e-01 -5.864900657676551665e-01
1.156727224873743353e+03 3.409531717598919727e+02 -1.875992681087924191e-02 -2.217964815678696161e-02
2.513456950061144255e+02 7.074328805611672806e+02 -1.981374358136415298e-02 -5.699349778794490090e-02
1.156841078689705682e+03 2.081147966277965793e+02 8.545699654746385932e-02 1.225574846728363781e-01
1.168165987777595774e+03 2.896993992312294495e+02 3.167612689267116366e-01 2.764046446353745634e-01
1.990835209570923325e+02 7.148936037534645038e+02 1.296126390414542584e-02 -1.131801542932862545e-02
2.069188999803154729e+02 7.159572746273038319e+02 -2.225775757160590798e-02 -1.251037360903137496e-01
8.815801330446063275e+02 1.100530685155312767e+03 -2.343330359235551268e-03 -5.367580954134610130e-04
1.515942346830197494e+02 4.541661872988681807e+02 2.687108809898636989e-03 4.157371583761707359e-03
5.112960178977041323e+02 4.390266518751947729e+02 1.083875818754558712e-02 1.125383126431801425e-02
1.112166986930877556e+03 1.497099695293655941e+02 1.889677334791327670e-02 -7.609854940989921324e-02
1.038877380779575560e+03 1.996223103141487059e+02 2.285140176175683158e-02 -4.681488942945516082e-03
1.047612033316981751e+03 2.092695820636887447e+02 -1.835462234566875850e-03 5.393027639993009650e-04
1.027987887614400279e+03 2.674006332015945873e+02 1.100926493425346056e-03 -2.639779648698885924e-03
1.205436167124121994e+03 3.442825113823430456e+02 -1.385311145502229370e-02 1.340882390324978947e-02
1.035015340283934847e+03 8.649541154747352039e+02 -4.375826564603851714e-03 -1.697682519560480066e-02
1.130581396995763043e+03 1.831160714033590295e+02 -1.676176110105519548e-02 1.527292339965979073e-01
1.127319677865370522e+03 2.402445686021395375e+02 6.671434093743755511e-02 -1.132873675071266462e-02
1.146052260238535382e+03 2.252977793716914050e+02 -2.379994709339143810e-01 -5.667764693170211643e-02
2.336261864827850729e+02 3.020623744618070532e+02 1.031841069632156082e-04 1.925968136464434877e-01
5.013942732927264387e+02 4.361219715537963566e+02 -2.619447187298430332e-02 -9.000090938524777512e-03
1.141596626656142917e+03 1.821418845556646886e+02 -6.083070311487539204e-03 1.868696585394028983e-02
2.414244701765140917e+02 6.407455550467105923e+02 1.001095070588760294e-02 1.544291180158822996e-02
3.015020184003631698e+02 6.517174525732521033e+02 1.518503480305639641e-01 -1.492205836768356608e-01
2.290457299758819829e+02 2.939783230494514896e+02 -4.968399159972562706e-02 1.734133509034279652e-01
2.839040094514085695e+02 4.594504746072695411e+02 -1.999539323919350547e-02 1.286979596869969045e-01
3.065650405454985616e+02 5.192405885041769125e+02 -4.530046221154293909e-03 1.631321511924682111e-01
1.159443004952001274e+03 3.977895999238369882e+02 -1.792949982830123121e-02 -1.627553343676595501e-02
2.954316264602388173e+02 4.872088401007697485e+02 -7.501782196629248715e-03 -1.027025219414428453e-01
1.080608220995896772e+03 2.240655734830043286e+02 -4.740321087228949182e-02 5.758223240560542827e-02
1.118281688933942178e+03 2.289810154461332843e+02 -5.248170225796026239e-02 5.090166527633955829e-01
1.116900317840548951e+03 2.256585329722246911e+02 -1.237080637662242438e-01 3.903631373677584476e-02
1.073366193351498623e+03 2.477750715234745371e+02 1.295781879207424936e-01 -3.741071119171617831e-01
2.007010559862488606e+02 6.356142339591330028e+02 -1.823666922757773146e-01 2.268046113336092684e-01
2.313002582104225269e+02 3.011496320251378052e+02 7.156768260522976266e-02 1.762804240149288548e-01
2.616444706814041865e+02 3.429256825920373899e+02 1.957561191201130646e-02 8.003784651097904657e-03
1.046612218006253897e+03 1.788519217629061870e+02 1.589672959167071770e-02 2.254436026255430270e-01
1.317611785611311916e+03 3.271207687367870562e+02 -3.214945413962166376e-01 -5.456619023016805181e-02
2.840200742993252447e+02 4.989880462327903388e+02 3.803637404888604578e-02 1.328407751483750288e-01
5.396842731212774424e+02 4.830694702221439911e+02 4.475720529459228068e-03 -5.125922438688402388e-02
5.149524790116008717e+02 4.897945932119746999e+02 -4.748381948161295441e-03 -1.101738853989285040e-02
5.462158472165639296e+02 4.895760059768593919e+02 -2.132311323996017530e-03 9.969644489100412676e-03
1.140248598816976937e+03 1.512043318115032378e+02 1.520139799799835600e-02 1.138821049156370224e-02
1.149753313557100455e+03 2.001774040910182464e+02 3.748033596859439709e-01 -1.203289726858643299e-01
1.822715799944587900e+02 6.568176371101654922e+02 1.865901642037549879e-02 -4.345008640168677716e-01
1.398410540568558247e+02 3.958949360433919651e+02 -2.642329509985508196e-02 9.075477382825525297e-02
9.892741553968722883e+02 2.016199477070220496e+02 7.483937615461400128e-02 -7.093583344149756442e-02
1.035427554026156486e+03 2.921191077229180451e+02 1.829496210985297466e-01 -2.629016477151751019e-01
1.174485044107317435e+03 2.718259423766511418e+02 -2.621516833866621710e-02 2.378441978414258529e-02
2.583513240241537687e+02 5.246151101841082891e+02 6.974789232399795924e-02 -1.408016986001333348e-01
2.924151340925056388e+02 4.721435705615288612e+02 -6.288626378708765674e-02 1.072405773974234450e-01
1.088190897634534622e+03 1.902886366633863702e+02 -1.298992326246964923e-01 -2.006824881851912434e-01
1.296743925001458820e+03 3.312684521764886654e+02 -8.098918415292549744e-02 -1.559548052382069838e-01
2.327457081502950018e+02 5.776113985476229118e+02 -8.491154969882851178e-02 -2.774168934332313721e-02
3.145053854737528241e+02 5.484862025664970133e+02 -4.710347839414907867e-02 1.525983381778663328e-01
2.471593216000194673e+02 7.412563317960668883e+02 1.387585823032016705e-02 2.955488154369352929e-02
1.204067259400934745e+03 2.069887605192327840e+02 4.645951563618057334e-02 -1.247002029844931567e-02
2.096822358292041315e+02 6.383461661991813116e+02 3.360500066361891969e-02 5.274553801663322411e-02
9.284864570738780003e+02 9.048002909207788207e+02 -2.701496262387438965e-02 -1.550749422920359461e-03
2.601144080432310943e+02 4.775681276801988133e+02 -1.552848302643278222e-01 1.456354436826009513e-01
1.086559386161448174e+03 1.755168193284323195e+02 7.701656583194213535e-02 3.707547906151376083e-02
1.045733844514621296e+03 2.199307547102203273e+02 1.333029617189123057e-02 -8.451709716209165890e-02
2.790316865589936697e+02 5.434661065742808432e+02 -5.478047341983501017e-02 1.135674336590524955e-02
2.792862654111596612e+02 5.276688743701643034e+02 1.244740986826305545e-01 1.302808495468070760e-01
2.637915668381136243e+02 5.303959005104877633e+02 7.094522189461827111e-02 5.405048237589463872e-02
1.072537779482829819e+03 1.713310161555525895e+02 -4.146783830022021111e-01 9.548354876443691797e-02
1.094306908727525524e+03 2.575645155483161375e+02 -6.976417717491283088e-02 1.657630757291717882e-01
1.296802025879089115e+03 3.536248035215406844e+02 3.356373807907857554e-01 -3.283487723389555413e-02
2.819994818952184232e+02 4.854261251312049126e+02 -1.168005222320557951e-01 -2.486654961304359673e-02
3.243451455645410419e+02 5.230051828130896183e+02 6.137997338709055839e-02 5.817725889068531969e-02
5.777749202084630724e+02 4.666301600573737005e+02 4.476724071506313525e-03 8.119901187290617939e-02
1.020718251807963725e+03 1.962523610627092694e+02 6.743669142946889794e-02 3.566718679922189494e-01
1.010070525845749671e+03 2.040934107637184525e+02 -4.592332159262985797e-02 5.483500164972228419e-02
1.103515322725899523e+03 2.035217082729833180e+02 1.260539109247970913e-01 -2.339972375492167800e-01
1.177487613796743290e+03 2.772829240349313409e+02 -8.415059432534442718e-02 1.139077541974674312e-01
1.177799751579496387e+03 3.732049645700697624e+02 -1.862698452129568985e-02 6.292203005471140587e-02
1.203666052353632494e+03 3.833324252173983382e+02 1.187007113788819332e-02 3.272596417834641030e-02
5.592428192415608237e+02 4.289383960252694692e+02 -1.266905617670772630e-02 -1.199614602764029342e-01
2.425600695079309901e+02 8.248846954489054042e+02 3.426012770451904860e-02 1.530809587982616959e-01
2.451015582371359471e+02 2.887252246931676609e+02 -1.513093304355253230e-02 -6.553700044619542586e-02
1.010202872218014363e+03 1.985397715925286661e+02 2.467087093695378638e-02 2.721895057376539501e-02
1.010342164043464777e+03 2.338635676418926721e+02 -6.790854196032746273e-03 5.143092159890885751e-02
2.437933368167274182e+02 8.237412205898908724e+02 4.265830698361759710e-02 1.212222977370629451e-01
5.028852432922731737e+02 4.677366122011514449e+02 -4.892408528426983594e-03 1.384128014215022517e-01
1.019046861019787798e+03 1.789811500712178827e+02 5.226596783316495021e-02 1.466551344305955240e-02
1.090463671641014116e+03 1.675823985018002986e+02 1.862347647278852492e-01 1.196311325063703634e-03
1.065770359614391282e+03 1.771392245717787830e+02 1.730907322878749710e-01 2.121783550098719218e-01
2.445230440161205649e+02 3.317132924472219884e+02 6.577902026173124139e-02 -1.214398050674552476e-01
1.155756270538658583e+02 4.569605363979099479e+02 -8.728807727131839000e-02 -1.538458926010548566e-01
1.039814137119803036e+03 1.724551256599773410e+02 5.380334092455996142e-01 -3.710521591162603272e-01
1.148936214382878234e+03 2.474787609470175767e+02 -1.750014082290363149e-02 -3.066799957228535304e-04
2.216240835340010165e+02 2.974462608051480288e+02 3.740862285108429580e-02 -3.127848560575519632e-01
2.537258736135860318e+02 3.385419139567861180e+02 4.971263663820479906e-02 -1.214093359302523822e-01
1.058119145852690735e+03 2.465681615220767355e+02 -4.174643584242782590e-01 2.242309575272543043e-01
1.055100623013144286e+03 2.669958605680076857e+02 -1.114620576818955017e-01 3.132643738692877378e-01
1.143281720436260002e+03 2.433203570505346249e+02 -2.562397865059058977e-01 9.923906972043520028e-03
1.160301201318288122e+03 3.259751403606523468e+02 3.073401833391168833e-02 -4.484828205935779272e-02
1.740742801651468881e+02 5.523337543636606597e+02 -1.414089439219642086e-01 -3.906440275252786587e-01
2.429683555723306654e+02 6.064899663829404517e+02 -7.853419973772209073e-02 8.933560606592057252e-02
2.154011253756803228e+02 7.401628094014789667e+02 -1.251232495691093939e-02 -6.436389138427027479e-02
2.268935908641969093e+02 3.268388908554564409e+02 -8.178060480571502922e-02 -3.790950994103127192e-01
1.382048282803354482e+02 3.903625187762018527e+02 2.831614217939772832e-02 1.432140252327371820e-02
1.144054883331114979e+03 2.384991763472336004e+02 -1.532339569489067910e-01 -2.915027536261050045e-03
7.430355658294081422e+02 9.519560176417311368e+02 5.794795533167871465e-02 -1.804999747819237971e-02
3.233311020431387988e+02 5.230274360138687371e+02 1.442709936882522470e-01 7.467879897245666143e-02
5.172522300559361383e+02 4.494850453509767476e+02 2.334092067209780907e-02 -6.614331595517342066e-02
8.053284640230613149e+02 3.687144218791015078e+02 3.049948392174428591e-02 -9.405574686063289391e-02
1.016731034252255313e+03 1.993874358868813204e+02 -1.001193629269891971e-02 9.321596063325188197e-02
1.126111456780091203e+03 1.949032316950502093e+02 3.968085600922677258e-02 -1.689519164709452070e-02
1.106865721394085995e+03 2.502315265039500503e+02 4.812299009603293598e-02 5.978830366991161327e-02
1.037517793772803770e+03 3.007936289566316646e+02 1.954025565163419742e-02 -2.584637126687994169e-04
7.557934876708650336e+02 9.144878327600099510e+02 -2.894805716070436574e-02 7.507428417028449985e-02
2.781069708976722268e+02 4.601507217584244245e+02 2.126357588262332496e-02 -1.056487558669800819e-01
2.321217807505674955e+02 5.333578054156170083e+02 8.044796023910787131e-02 7.087166750727647013e-02
3.689742764067985377e+02 5.181918604478071302e+02 4.143625430072006566e-02 8.677001192635695748e-02
5.200871496925092288e+02 4.378179772318468395e+02 -2.284385006040186902e-03 2.039840417065571787e-01
9.308566287493080154e+02 1.898839448290198391e+02 4.774789716524689004e-02 2.704100410834560722e-02
1.037407092656113036e+03 1.711930407042022750e+02 9.633093614274912397e-02 -1.616058979930225237e-01
1.071903093815172497e+03 2.014102333343956559e+02 -1.250418359222749132e-02 8.627874065896889988e-02
1.011905539855776624e+03 2.565602616465648680e+02 -4.434436622015406997e-03 -1.729550562045763587e-02
1.158704961117910898e+03 2.503735089214222569e+02 6.134854659103439189e-02 -7.412105939676887079e-02
1.203562199306022194e+03 3.627115684971226983e+02 -1.179013086293707602e-01 2.503886136932275686e-01
2.025550426903029688e+02 7.103526426518263861e+02 -3.317242101916425406e-02 -1.693938639200875118e-01
2.389375668224330980e+02 3.586889633941099760e+02 -8.146342499736647369e-02 -3.123503904656956820e-01
2.571885247674533730e+02 3.789589687161428628e+02 5.234050256436262316e-02 2.036354818862093907e-01
1.079253158219945590e+03 1.779506010961638367e+02 2.134865838688710937e-01 -1.637330916749135667e-02
1.108556530536729724e+03 1.776069659661063724e+02 6.309779003379389906e-02 -7.375006906300995979e-03
1.111134967939990247e+03 2.443899411883187156e+02 2.711694521963181614e-02 -5.412138828941692736e-02
1.056036016110009086e+03 2.716869518286645189e+02 -3.358789968694964045e-01 1.393915875116249481e-01
8.736297376573604652e+02 3.687952708841085609e+02 -1.559068523328619449e-01 1.043753083271184323e+00
2.196812735006415380e+02 5.545103837259600823e+02 -3.744108851880412203e-02 -3.135371316147370635e-01
2.525152801475182116e+02 8.163956727448776292e+02 3.634589853618308553e-04 7.134472798463775689e-02
2.396386920776203340e+02 8.272183421106678907e+02 5.106240310973646501e-01 -3.978507516021636548e-01
2.510774364868024122e+02 4.184582351253067145e+02 0.000000000000000000e+00 0.000000000000000000e+00
5.346601430748804660e+02 4.149087423539751285e+02 0.000000000000000000e+00 0.000000000000000000e+00
1.093924164482474680e+03 1.907790101890565495e+02 0.000000000000000000e+00 0.000000000000000000e+00
1.094517336791109756e+03 2.292262729058178650e+02 0.000000000000000000e+00 0.000000000000000000e+00
1.180070621388368409e+03 2.183917277735878884e+02 0.000000000000000000e+00 0.000000000000000000e+00
1.224906974970354440e+03 2.155854614019519602e+02 0.000000000000000000e+00 0.000000000000000000e+00
1.217126927995033839e+03 2.195101830749469229e+02 0.000000000000000000e+00 0.000000000000000000e+00
2.467225512789725599e+02 6.107186098358783966e+02 0.000000000000000000e+00 0.000000000000000000e+00
3.217394084314605038e+02 5.464831480942942790e+02 0.000000000000000000e+00 0.000000000000000000e+00
3.152509243077428778e+02 5.687413570561208189e+02 0.000000000000000000e+00 0.000000000000000000e+00
2.405990253921639805e+02 8.087595680121100941e+02 0.000000000000000000e+00 0.000000000000000000e+00
2.538725300761221320e+02 8.151165776074234373e+02 0.000000000000000000e+00 0.000000000000000000e+00
7.612323883730927037e+02 7.607559331034038905e+02 0.000000000000000000e+00 0.000000000000000000e+00
9.334557220224882030e+02 7.225434621099697097e+02 0.000000000000000000e+00 0.000000000000000000e+00
9.677354495474509122e+02 8.748165601861319374e+02 0.000000000000000000e+00 0.000000000000000000e+00
