1.333745478847063168e+02 3.823722808010926997e+02 -8.685701584830318386e-03 -1.409516376492936894e-02
2.523812812108252217e+02 4.640292793051569902e+02 -2.700582071607339832e-03 4.548931100569884867e-03
3.144567413651980701e+02 4.756724189251967232e+02 -2.840323150757463264e-02 1.864801357967258225e-02
5.634608783395727869e+02 3.787717578034618100e+02 -4.343245886259567714e-04 1.712201624755353138e-03
7.034080953128157034e+02 4.172395146808101458e+02 -1.801591824445188811e-02 3.783339286726943029e-02
6.343971896178524048e+02 8.219047604839647647e+02 1.316421076968019813e-04 -5.653393531807830025e-04
9.124577919749598323e+02 8.058791965400731669e+02 1.254281305985540176e-04 -1.007913146242283946e-03
4.599395911327091540e+02 9.416341275002048405e+02 5.350615712323266370e-05 3.145383693956120834e-04
9.053647610680225171e+02 9.221847142063993488e+02 1.464012458590746536e-03 -3.189986674940000389e-04
9.003154279407425520e+02 9.265653659759009315e+02 6.464264469174156938e-03 3.480146728805374491e-03
7.075384850368740217e+02 9.927996024340885697e+02 1.626411736991724291e-03 2.267272502800407510e-03
7.150270503874140786e+02 1.011472307677299227e+03 -1.053578825218606232e-03 1.731919838513733441e-03
7.049093297697286289e+02 1.023754968604719579e+03 4.745572466910545910e-04 -8.496628498913214337e-04
4.816913325158976704e+02 1.099090099638816355e+03 1.851689937334323065e-04 -1.808028056111292265e-05
7.044190345607012205e+02 1.036515658740441950e+03 -4.895514741893649277e-04 2.247423885301662349e-04
7.518276876855989030e+02 1.067521007966081925e+03 -6.024051022434535885e-04 2.165293949564338501e-04
7.455849789128317298e+02 1.071453796258815828e+03 -1.574013374769636848e-04 2.263203649691955597e-04
1.312286553206732833e+02 3.252482637035069502e+02 5.781179541795923886e-04 3.389265621014020836e-03
8.997586192570063304e+02 1.102147153113266086e+03 1.623390191946665593e-04 -7.730221867621024732e-04
2.420725169458407038e+02 7.549766603915933274e+02 9.539012347659081570e-05 2.732610848712770102e-03
1.246676237821505310e+03 3.724228210628650686e+02 5.013420570390050846e-02 1.421814034708487884e-02
1.184769412198655345e+03 2.336365168063370277e+02 -1.520757965251937245e-02 -3.680115404559708512e-03
7.159862426458864775e+02 8.818896931289679060e+02 2.222519598940425091e-03 -2.475221601701891108e-03
2.362419935897283949e+02 7.209552519149781347e+02 -8.437257686350136537e-03 7.998510281554850740e-04
2.493072767239307552e+02 7.150400355580932228e+02 -9.401817794820497426e-03 2.072113406888484444e-02
2.500649747635164886e+02 7.470559548136454850e+02 -2.038032496701285454e-05 1.843503909186654374e-03
7.192665219897443194e+02 3.574336894716681741e+02 -1.676649330830055082e-03 -9.796420614453147074e-05
5.702381364382620177e+02 3.797368297177676482e+02 2.068475917229592800e-03 -1.198557619474767974e-03
9.317319631743048376e+02 8.444493923658041012e+02 -1.300528770602480495e-03 3.779897200874669273e-03
1.009881619622919970e+03 8.116907207763222232e+02 2.797751982661163175e-03 4.941898511918738426e-03
2.407719186786476371e+02 7.452987623106149613e+02 -3.805455675956547629e-02 1.015258580202435708e-02
9.833926937164358151e+02 8.276906204491631343e+02 -2.487279665295786570e-03 1.126369492228582441e-03
3.076223197123301816e+02 6.630795738989999109e+02 -4.748654439204569137e-03 -1.380203745074735184e-03
1.014405084666343441e+03 8.138058309775422003e+02 -1.173950720864792331e-02 -7.527715310808873357e-03
9.440021720885246168e+02 8.326234758594896448e+02 1.659601403450058563e-02 6.924976045586908602e-03
1.003649624718248560e+03 8.364322530920079544e+02 1.315169386457185194e-03 1.851194713138977358e-03
2.322042718938917858e+02 7.236715094273488376e+02 -1.291211867122019378e-03 4.460440324978077629e-04
4.789087983069041456e+02 4.369862548392828785e+02 -4.460209797590359345e-04 8.598257417898790000e-03
1.025197044244779136e+03 8.055469034770329699e+02 1.195848948390727719e-03 -2.052555442553579641e-05
2.179492296678123182e+02 5.206197603928351327e+02 3.342300935655950268e-04 2.513000069926771447e-03
5.763591619975161393e+02 4.197995981356025368e+02 1.349975960095272818e-03 4.385585831063382178e-03
7.311708240232381968e+02 9.238650805315212438e+02 1.658126679241813881e-02 -3.227045760614501938e-03
9.576577910184761322e+02 8.469490079167655949e+02 2.738800675638006048e-03 -1.083709590537380689e-03
7.480867798680714031e+02 9.543209280884017289e+02 -2.790588142577482469e-03 7.766838476322620970e-03
2.653725213989654321e+02 6.668366040731630164e+02 2.633035995659111297e-02 -1.200524369183240958e-02
8.246947261064168515e+02 1.102192077242657660e+03 -4.897515067352629838e-04 -7.592090504690217042e-04
7.512524895515746266e+02 9.583900862684315598e+02 -3.655030453967243655e-03 -8.749557767363386196e-03
5.624548550078419566e+02 4.716493387262729016e+02 6.896636883310531749e-03 9.025999484247402421e-03
5.662753465217556368e+02 4.746781298506363100e+02 -7.373396722797035817e-05 -5.163745664613133592e-03
9.143226839954771776e+02 8.449406985090879516e+02 -1.287889121640051031e-02 -1.416216055425741950e-02
7.710242833931769155e+02 9.602933346518652797e+02 -7.175907869929354713e-03 2.434092206823548418e-03
7.708083080587281302e+02 9.436208262156948194e+02 1.013990905799927212e-04 7.023416279265451249e-03
7.714619035443832900e+02 9.500608769324504692e+02 7.758490518588785460e-03 -1.637201503918317468e-03
9.847250543034218708e+02 8.666752347018417595e+02 1.843754694698756169e-03 -5.288113100005371111e-05
8.007141440400459942e+02 9.514190638980630865e+02 -3.432395686902487125e-03 -3.946720628751826995e-04
2.103260375754889822e+02 6.741698516550138720e+02 3.735106671792092197e-03 -9.639914443402747865e-05
5.672746541202545814e+02 4.932214619037324042e+02 2.218976520754661723e-03 -1.655876415958852568e-03
9.743099689691580352e+02 8.842452594201129159e+02 1.994321853679607382e-04 2.782151531469385930e-03
7.574243924101704124e+02 5.288888140716060207e+02 4.158941102425818027e-03 -4.732945524149880304e-03
7.858676213830832467e+02 9.428761819617021729e+02 -2.834597587818757109e-03 4.877113207450549663e-04
8.067473464220886399e+02 3.661829656563254503e+02 -6.056422493920403383e-03 -1.217679614155702146e-02
2.347166661788520514e+02 6.997363908808750921e+02 1.994977147003879330e-03 -8.020272025510391707e-04
8.140057218712743179e+02 4.178499752739084556e+02 -3.891483945281915078e-03 -2.294503967759467869e-03
5.883966813058154912e+02 4.030839471292668463e+02 3.107712679075751248e-03 2.330861465430522292e-03
1.034144904125480934e+03 8.336537727548295607e+02 -2.741590952746264520e-02 -2.816089297230874814e-03
9.984722486112541446e+02 8.190659165146981877e+02 1.898400497556156086e-02 -1.068979381628619441e-02
2.258292771451561407e+02 7.155356863962834950e+02 -7.893037044980944633e-03 3.049460154801239900e-03
2.257876351787076032e+02 7.684721951978024208e+02 -9.162064748799218089e-03 8.404304273678670628e-06
7.337077608733570742e+02 9.800945211571737445e+02 9.979075780224189087e-04 5.024153311997943058e-03
9.916480312410006945e+02 8.333393333394293450e+02 4.545896596805685391e-03 6.553217034666381814e-03
1.058503991079996013e+03 8.512109218351222353e+02 3.539882982432563958e-03 4.450105871271288829e-03
8.272382875466540781e+02 4.012670284385981176e+02 -4.532245367497603162e-04 -5.900337888765489446e-03
1.018220425716215004e+03 8.301510695819439434e+02 1.642139950191822892e-02 -2.389057293255676239e-03
9.479783893142711122e+02 8.370861279131653419e+02 5.080821274607770673e-03 1.939046040456334939e-03
4.654396321801016256e+02 4.548829242849592447e+02 7.388315481154389018e-04 -4.148441281721274888e-03
2.684360852837859284e+02 3.006455865549650071e+02 9.347245309590387029e-05 2.541082382312633871e-03
9.576569878395424666e+02 8.215159710662001089e+02 -1.925782152446428586e-02 -1.124581427652313753e-02
8.176829119873948457e+02 9.354056137541584803e+02 -9.744174533715082090e-03 1.309210224277905683e-02
8.166355306945264374e+02 9.446611755806868587e+02 -3.387085193331036692e-03 2.549746428080157130e-03
5.492334232898493838e+02 4.328926767162261058e+02 -1.398000672435442118e-03 3.815399018851441809e-03
7.287466718765427913e+02 9.404555759332002935e+02 -7.004517022582743870e-03 2.403394533449288578e-02
9.314556669283509791e+02 8.600588512658620175e+02 1.443116000959574624e-02 2.387081137625149223e-03
7.425681941860218558e+02 9.501377985215144690e+02 -4.023535330918323605e-02 -9.910999483454563386e-02
1.032874635745570004e+03 8.248579840885130352e+02 1.434353314361897468e-02 -1.335283042466233090e-02
1.021963741983272485e+03 8.151667402286094557e+02 -1.258291493388809332e-03 -5.056692229870107189e-05
1.011570571206948216e+03 1.713481709530163073e+02 -3.907098884220016992e-03 1.151263562056862233e-03
9.558354469836235694e+02 8.773730169847232219e+02 -1.406442072056668900e-02 -1.073948678419857881e-02
8.184080248902944277e+02 3.798232728428412770e+02 -1.216658224584894971e-03 -1.747034785882245359e-04
9.713989215180909014e+02 8.877099607796806140e+02 -1.418595065715770424e-03 -7.576732080883855254e-03
9.084644318152192000e+02 8.410170157491805867e+02 -3.758425081112517011e-03 -3.359680983432761312e-03
5.778463169022152215e+02 4.718664089805238859e+02 -7.084055990913379688e-03 3.419388668386757341e-02
7.749072193759481024e+02 9.252485267899346582e+02 -1.395246660564419261e-01 4.909206476924899559e-02
9.653775185201471913e+02 8.506656668568550685e+02 -1.117587207888823524e-03 1.964538178706807213e-03
1.916697557286245797e+02 5.881067029300907052e+02 8.835498635863645381e-03 3.242799478186389993e-03
2.324873399209969023e+02 6.930801235870088703e+02 3.667426522758268637e-03 2.226581488233446426e-02
4.933412394150457203e+02 4.485948169413311462e+02 4.599692760033540287e-03 -5.108889751503590398e-03
8.331705921769954557e+02 4.120854233669750215e+02 2.855521297667362301e-03 -1.339662826410966496e-03
9.677406388267183956e+02 8.751850799743367588e+02 3.810457063868942854e-03 4.143656514646737454e-03
8.266936454910796783e+02 8.707401925691317501e+02 1.463053421547227603e-02 4.343065657655759831e-03
1.192551779197859787e+03 2.040010254915083863e+02 -2.787229817902986406e-02 1.981849913229584426e-02
8.132506577806245787e+02 4.058261838754821156e+02 -2.809836704937149904e-03 4.015889116699034728e-02
7.673470658207023689e+02 3.852894024058904279e+02 -4.574192525258623417e-04 -1.346688581776052645e-03
5.596003654145176824e+02 4.181502441694875074e+02 -7.968527548971699251e-03 -3.192039510189274322e-03
9.494893845711497988e+02 8.562739394444062100e+02 6.372487017151031927e-03 5.500659022529118952e-03
3.333875032773262319e+02 5.584810274321964698e+02 -4.018979202626134402e-03 2.102932445917070001e-02
7.156577696331540892e+02 9.533268374657510549e+02 2.454156372261359631e-03 -6.059021560778128299e-03
9.967623854050231103e+02 8.740448522780268377e+02 1.283413083925633328e-03 1.368437651195554376e-02
8.020011830624414415e+02 9.381086171694606719e+02 8.331485831685412832e-03 -4.571059110165799806e-03
5.331194867961626187e+02 4.116595475043280885e+02 -4.681755939176051283e-03 -1.442989289087491522e-02
3.274618510149517761e+02 5.371028746860816909e+02 1.952202315088484054e-03 -2.727693734526622036e-03
7.478284378748996915e+02 3.979629341572510839e+02 2.666422545723102014e-03 -8.244539998377104027e-04
8.508106434568060195e+02 9.314421748173454034e+02 -2.402449302467580682e-04 -4.612672962109920006e-04
6.311650412360687596e+02 3.846076518474490626e+02 1.098336541470907451e-02 1.257893812107784177e-02
8.194029824587879602e+02 3.600652633372207561e+02 -1.115561671432566604e-03 -8.321704069376750139e-05
9.293036202766683118e+02 8.356618523692751523e+02 -2.409216320800867256e-03 -2.931590100706896358e-03
6.117157986365336910e+02 4.186442749500105833e+02 7.059866267487486299e-04 2.127817378864435376e-04
5.442600642887528011e+02 4.083556862531299885e+02 -3.138554724444583312e-03 1.092764462525635041e-02
2.380958827060394185e+02 7.389504954823214575e+02 4.089702380437671564e-03 -3.323529780289274232e-02
9.772862214298177150e+02 8.455290896068443089e+02 1.427501856467345686e-03 -3.023519324446764280e-03
5.448096046226437466e+02 4.826445739536264909e+02 -3.676293925571704965e-03 4.551126825675163613e-03
3.138650540208802227e+02 4.706495592094939298e+02 -2.575998392098363676e-03 -1.167883826810501126e-03
9.339903808983883664e+02 8.659036472734593417e+02 6.726356490304116059e-03 1.041855980856375456e-03
3.217629269810145161e+02 4.819442362077885491e+02 -5.234261137558752185e-03 9.408951310385783515e-03
9.729476261335812524e+02 8.306946600254054829e+02 -3.871816041199432033e-03 2.801256459638307682e-03
2.201096832035228488e+02 6.855785055745892578e+02 -1.273169444622586572e-03 1.150855615218695106e-03
5.052654906418544556e+02 4.465602818087616583e+02 -7.263608384458747347e-03 5.801750138831190083e-03
6.596581121098914764e+02 5.248117172599936566e+02 7.887409133837256989e-03 -7.373644834944012095e-04
6.202516086190348688e+02 4.253099405367797772e+02 8.114659530830598856e-04 5.373039887015553483e-03
4.764246290309942538e+02 4.662563554753696167e+02 3.077582161133907905e-04 2.150672909056759296e-03
1.016228670136540245e+03 2.738741661169960366e+02 -2.336910178386649838e-03 -7.023797342337346865e-03
2.066605954442314612e+02 6.966564389966789577e+02 -3.279826277622645368e-03 -8.871296552439558378e-03
2.472373875733848365e+02 4.963139437747654483e+02 3.066579891243565326e-03 2.266286489633006010e-02
2.265984859557120501e+02 7.015023181573197917e+02 -2.650840274157525468e-03 -2.607165729834900244e-03
3.011393637522479594e+02 6.238999716772383408e+02 -3.442283451479881407e-02 1.989043930100138913e-01
2.622746991372968068e+02 7.359990678640235728e+02 -4.528833268698697484e-02 -1.094053704829129475e-02
2.545827342829407769e+02 6.456807835011971974e+02 1.975406819347051007e-03 -9.245644601531528113e-05
5.873389952319497525e+02 4.513806901030423546e+02 1.682620258256209509e-03 4.625191951961909326e-03
2.384966353206329188e+02 6.943072677357231441e+02 -9.122392269191123169e-04 1.028532777123734475e-03
2.647012649444851036e+02 6.356828381069890384e+02 1.351499703595423173e-03 4.731597080196911324e-03
1.002088655523090210e+03 8.756169747397221954e+02 -2.259312986309554023e-04 -3.659633889568714073e-03
2.625515243035276285e+02 7.277934757254299711e+02 1.035414601913111927e-03 1.106023074497344306e-02
2.662433990801380901e+02 6.189528077357363145e+02 2.215938798666355469e-03 7.180047883157205952e-04
1.268987681529008796e+03 3.914749421739549007e+02 1.032268822647514940e-02 -2.395060718184665108e-02
2.542915481148647814e+02 6.860373042674852968e+02 2.957278251225453018e-03 1.074251261479618018e-02
9.298191324243341569e+02 9.052581956006607697e+02 -1.298800771714337700e-02 -5.633517511238222975e-03
9.522436054182727503e+02 8.970198381379693728e+02 4.707738890170722230e-03 -2.784618210514486474e-03
2.501127684866200127e+02 6.702215441006592300e+02 3.207279791533520965e-03 4.040956945737609815e-03
1.012727120598324632e+03 8.521394570606660182e+02 -9.627826100816689117e-03 -3.206491067165116900e-03
2.317760644118289974e+02 6.678057000660541007e+02 3.422380642529285893e-03 5.462949189707993168e-03
2.978410715051900297e+02 6.181600939197243179e+02 -1.256265159534761255e-02 2.297844801712021767e-01
2.523673461349276295e+02 6.331287457790299413e+02 1.620520290958443179e-03 1.595517074695698484e-03
4.392559322219983073e+02 1.084676567222779568e+03 8.217415521781699927e-03 -6.599824210930404882e-03
2.697494529740437770e+02 6.848575512844553259e+02 1.545079680244775336e-02 3.985809038001526805e-02
7.328164216135965034e+02 9.317559375538129416e+02 2.714446996628569302e-03 -3.879486169876595562e-03
2.326976513259641877e+02 7.373923761934828462e+02 2.263144339685924447e-02 5.237279544433990144e-03
3.111756832777041382e+02 6.485274438555280767e+02 5.058343740050433128e-03 -1.183168321850950255e-03
1.186317707272279677e+03 3.906771704693455263e+02 -1.657899537065189721e-02 9.700905524526449303e-03
2.287171531301831351e+02 7.502078487067826700e+02 1.228875082967751959e-03 -3.044538291440872040e-04
1.046093465614424531e+03 1.701629872647880291e+02 6.296775706997854473e-03 1.026673751656117552e-02
2.403576250639476370e+02 7.260997226870842951e+02 -3.623358935663875506e-03 -5.610272300023188066e-03
2.619380097209135556e+02 5.750435535971924992e+02 1.314927830913793522e-03 -7.654708830957565428e-03
1.000338658539141420e+03 2.251892274416693454e+02 -7.965616254633720375e-03 1.682579597827008749e-02
1.017964116685557428e+03 2.632390956861266886e+02 2.301055409985241270e-03 -3.055574167885902149e-04
2.422035795268671450e+02 6.856798573597912991e+02 -1.420229830470973002e-02 -7.639922032594633101e-03
2.762231979315071158e+02 6.984802014462176203e+02 6.434862873275636226e-03 -2.195012115736413860e-02
1.153278943729268121e+03 3.626283657382129491e+02 6.173030965233956488e-03 -5.451706888305976259e-03
2.196483871883755796e+02 6.051249026396956197e+02 -4.014551866414495240e-02 -4.980204266147517794e-02
6.046308976565146622e+02 3.999023866236032632e+02 8.159129525837994015e-03 1.244887880395618637e-02
2.262903333316032501e+02 5.977615488021913279e+02 -7.464283742231066915e-03 -9.833313330461513832e-03
2.444929492137351588e+02 7.613158925600320117e+02 -3.383279800721309023e-04 1.491732453278828922e-03
2.636818489559138925e+02 6.571577962818373635e+02 1.412723164059237826e-03 1.802246727906396326e-02
3.265412059496915731e+02 4.963000131075749550e+02 4.664386135848507323e-03 6.665838144711680457e-03
3.125588273283775038e+02 5.879387354956296576e+02 6.797264662742407522e-04 9.479523211635157431e-03
2.062555556038409463e+02 7.243181690365308896e+02 -3.006520907453957402e-03 -1.190573386999390151e-02
4.935588783016893331e+02 4.545972654949205207e+02 1.543264635870400525e-03 -8.666228333241984350e-04
7.201392575674455543e+01 3.168248760189517270e+02 1.205589675078354295e-03 2.021365471770116690e-03
3.148202210807880874e+02 5.689401227002932728e+02 -2.261247949093666589e-03 3.336550896075086720e-03
1.013366587175957420e+03 2.598074664635906288e+02 4.400171364631034164e-03 -1.193260567291330038e-02
2.329979507109751182e+02 7.745929809065746667e+02 -1.450522835290764170e-03 2.732692955452993306e-03
1.063788232023451656e+03 1.738151641419720761e+02 -1.041451556298686049e-01 -1.627245362606129231e-02
1.947305126208565014e+02 5.080792622140899653e+02 -4.685329283812292994e-02 4.495589198718661500e-02
1.022284466123512971e+03 8.647066262941384593e+02 -2.680304649379875066e-03 3.763752529477129224e-03
4.887419661399127335e+02 4.762478168707442592e+02 -2.885502071162906156e-03 5.132905562104520154e-03
5.358504977776406122e+02 4.292087561022247542e+02 -8.644139181660874180e-03 9.706568515266305805e-03
2.665846008983879756e+02 6.258273461267118591e+02 3.478967064190985960e-05 -8.589342588709426667e-05
5.220392741336315794e+02 4.619662904825856913e+02 -1.342576358127297404e-03 9.839278855294408127e-03
1.058291324424626055e+03 3.027572748122227040e+02 -1.456076338856724089e-03 6.149656659554149233e-04
2.848178096252875093e+02 5.495968650424324551e+02 -4.996763094364984562e-04 5.581986759064573936e-03
2.331186281057964322e+02 6.305172878160635719e+02 2.838828501712770559e-03 9.373476134159642106e-03
7.113812013218522452e+02 4.244008154600979879e+02 1.912556399984754237e-03 1.421686612103946999e-02
1.005411770262872892e+03 2.262323114810827178e+02 3.672118942223044202e-03 -1.539081738824808407e-02
5.533779514559467998e+02 4.832986978408507639e+02 -1.523190675430164927e-03 -2.005123121329918483e-03
2.554482633966350136e+02 6.996123481298787965e+02 -1.192757776961384138e-02 -2.970346723290871217e-03
5.026370563749647431e+02 4.676576771253340894e+02 -8.911658272003060086e-03 -1.336266043428435864e-02
2.395634798722632297e+02 7.103239122657918188e+02 2.207097119743298922e-03 -2.827540863528732809e-03
2.193355767171259458e+02 7.188754363665151459e+02 1.148137313171644462e-03 -8.961988536801000944e-05
2.106654464327018275e+02 6.330747844895337266e+02 -1.873697815999081709e-02 2.127891454685622991e-02
1.121875409478472648e+03 2.430358799117671822e+02 -6.770380724235407210e-03 2.230660793438204656e-02
2.582860568833436901e+02 6.951098203498786461e+02 -7.883696808860777769e-03 -1.856327292581217998e-03
3.007990277403959567e+02 5.647402936882788254e+02 -2.817557551436144711e-02 -1.163556023818773100e-01
2.174548708602415559e+02 7.232595811530468382e+02 2.475311285101414269e-03 5.523667483836818166e-03
4.973079585582060531e+02 4.671657623296638349e+02 6.999891422567250561e-03 -7.989402311870822185e-03
5.718663734144105320e+02 4.124212396425115230e+02 2.047494409934827800e-03 7.744405589050984418e-03
1.205225738985998532e+03 2.794060606016215615e+02 -2.472067625957255314e-03 1.822828875108348495e-03
7.609669986559317749e+02 4.539280321859232004e+02 -1.496881513142145998e-03 3.053271389761236720e-04
2.393962231105532794e+02 6.843271523712196540e+02 2.471355504586552829e-02 3.636034966284073817e-03
4.980078353752426779e+02 4.589041528593288604e+02 3.113992325731852404e-03 -4.944943666031360527e-03
2.159398370306779213e+02 6.974962147695398471e+02 -4.694036143750637650e-03 -1.365583266151543761e-02
2.726954570616263709e+02 6.250681671985838648e+02 -1.812269315430715217e-03 -8.282378819646086642e-04
1.041598103580739462e+03 1.919199771479304104e+02 1.558812703466074846e-02 -4.976098906084443566e-03
3.009768918505436659e+02 4.092074576589062644e+02 2.392720503892313381e-03 2.096374164644806276e-03
1.939807513516344954e+02 3.192232368351269542e+02 -1.450455550648167488e-03 1.277991352441008041e-03
7.845671607334944611e+02 9.363806306233273062e+02 -7.170243929328651983e-03 5.942749058368634353e-03
2.477742594867186199e+02 7.312724052003284214e+02 2.429604084012047891e-03 4.544387530402916459e-03
6.065703553713784686e+02 4.069745402373711727e+02 7.256220734636218903e-03 3.152876996088959782e-03
2.257698281406106844e+02 7.433656932909559600e+02 -6.709571315376547038e-03 -1.660628026853049662e-03
9.771477634676992921e+02 8.644464163931259009e+02 1.377292700167030010e-02 1.055649961028960922e-02
2.476352772722698319e+02 5.035208211269068102e+02 -5.138799436548311707e-03 -2.296892001030466368e-01
2.264638787409751615e+02 3.093376205016664926e+02 -4.302545829726019122e-02 -1.564615429404169755e-01
1.157688192353524528e+03 2.258506857600147839e+02 1.513860207990429772e-02 2.435961439590415833e-02
2.451349959855590157e+02 6.180703806966462253e+02 -1.432134020212957014e-03 -3.136956100008481737e-03
8.121364856067370965e+02 3.988108615152471543e+02 2.696368797847699741e-02 -3.007361815407466263e-02
5.447476761347364800e+02 4.282272884521670449e+02 3.458037185183537952e-03 9.719266290030961764e-03
1.176037440688072593e+03 2.083254227450210578e+02 5.066615645897526443e-03 -7.076595215762766788e-03
2.717399943181234789e+02 5.625743126911967238e+02 8.678714808729863159e-03 3.109367937581467359e-03
2.702768347433577674e+02 5.361942128245980257e+02 -1.404109777105068228e-02 5.486221468485458913e-02
9.418142937177152589e+02 9.001552858771766523e+02 -2.464441898527328090e-02 2.301315077150180993e-02
3.249825530970516638e+02 5.044715596198154230e+02 -8.033750898810372576e-03 2.608977394271111590e-03
1.159705108876916938e+03 3.747497283782775526e+02 5.259281655573413462e-03 7.490150460646778641e-03
2.333197206621641158e+02 6.138283103265831642e+02 -1.431349411684333661e-01 8.786832668980504302e-02
2.411006475189712432e+02 5.562532485654602397e+02 1.698543515198090159e-01 -1.959383082527784703e-01
1.087209682767852200e+03 2.009166809403992886e+02 -9.879214088691877504e-02 -2.295205055783116656e-03
2.489016202420556851e+02 4.021978473184382210e+02 -1.454080897765858138e-01 -3.039256598401483545e-01
2.806391149210037383e+02 5.985166789124560864e+02 -4.727254269897515973e-03 -8.067336470087029671e-03
9.724189714444664787e+02 8.634704409628598114e+02 2.878440302701578985e-03 -3.986369427933606976e-03
2.612559291625928495e+02 6.484871907509992752e+02 -1.094980179873075894e-02 1.158618317737868456e-02
1.251032779084274580e+03 3.038681599247520921e+02 6.905487957722174219e-03 3.243900553181812071e-03
7.698861933367877555e+02 3.977050090111796408e+02 -1.690822831593809250e-03 1.125020273992270291e-03
1.170468610806873585e+03 2.308734141486208955e+02 3.453086137677126993e-02 1.241764271367624094e-02
2.752174078393637728e+02 6.837370768219093407e+02 -2.757389909752779034e-03 -1.017422378760721342e-02
2.436220320775931896e+02 3.920000762256737517e+02 -1.528814693022576554e-01 -3.869651794612175566e-01
2.644417105968084911e+02 4.298462091633074351e+02 -6.258637836093342011e-02 -1.877550412382924805e-01
4.918602126392901823e+02 4.816493624511379039e+02 -1.972940254108947276e-03 2.797467158241641674e-03
1.202462784222951086e+03 2.438974684165563360e+02 8.857995724523302916e-03 -2.976149739464461347e-02
2.865335389078918524e+02 4.960222012340074684e+02 -6.528949610288456960e-04 8.786961401949047734e-02
2.644469467480553249e+02 6.859891399762099127e+02 1.181533450714668352e-04 -1.689548010013408640e-03
7.543877142396787576e+02 9.102948183643858329e+02 -6.152247801258742266e-02 2.373333447787157047e-02
2.311946126036244777e+02 3.277745553794529769e+02 -7.831656656753017975e-02 -3.571829100349437902e-01
5.432974986324188649e+02 5.126333168710972359e+02 -6.526216480118377829e-03 4.772564014922746851e-07
1.179620186320267067e+03 3.926124549268492387e+02 -9.278530635448519652e-04 3.244340038378649722e-03
2.992195306764258476e+02 5.104050709974892470e+02 -1.176531275265436070e-02 -1.142487900480012621e-02
3.134862878856582711e+02 5.537726554639544929e+02 1.558834754844595077e-02 2.265430578558206773e-02
5.926971877454185460e+02 4.838034724575877021e+02 1.947559758076128529e-03 -7.158599993034602330e-03
1.075439130281449025e+03 3.106542868528338204e+02 7.473665494887994729e-04 5.354624723152186239e-03
2.326212778859723755e+02 3.423133382136656451e+02 -1.145969658791758800e-01 -3.434095936102219415e-01
3.933816637200908986e+02 1.089016576212226028e+03 6.192641956768664760e-03 6.940978131148434552e-03
1.225343437706062105e+03 3.623121657680627550e+02 2.345943951724783257e-03 1.489219757028949253e-03
3.954909422316175664e+02 1.095731187882778841e+03 2.069200622155910763e-03 -1.346106792058692110e-02
1.025245596649508343e+03 2.605116937400480879e+02 1.641716924468980359e-04 -8.797150382081168896e-03
2.730969431888577788e+02 4.730582906111289390e+02 1.317499922336623150e-02 -1.101387176007006530e-01
1.118433426292595868e+03 1.905149674633512120e+02 6.602781465159238139e-02 -2.972962896175367353e-01
8.861144655835380490e+02 9.296785480666801504e+02 6.440923141225188752e-04 1.352941845148547529e-04
2.713418751489767828e+02 5.491724585505497771e+02 -1.784902393208625745e-02 6.730216620353147994e-02
1.294929345874468936e+03 3.217278305261231708e+02 -4.783317967617717326e-02 7.137276554420951546e-02
2.653800855119248467e+02 4.694406599284403683e+02 -1.979771765063852943e-03 -8.486839706869216127e-02
2.757185514386701470e+02 6.032598216379631140e+02 2.135772645095756084e-03 9.600572126623548377e-03
2.359552328287219041e+02 6.498825248355152553e+02 2.339847447026588857e-03 -1.906970057483600711e-02
2.798699111782322575e+02 4.654667654624839201e+02 3.786164977521586789e-02 1.057697179397617399e-01
1.026722691384197788e+03 2.431141864915684607e+02 4.160126199011945913e-03 6.952996063739984994e-03
2.234143592482620022e+02 7.563299622339284269e+02 5.871612864134116488e-04 7.649342274425459083e-04
2.069650486291839115e+02 6.479424704401368444e+02 -1.041353829414039776e-02 -1.149618860215874047e-02
2.398432287671143399e+02 5.190060840071230359e+02 1.260592052458909818e-01 -1.472667488575055417e-01
1.189823398045361955e+03 2.211037791307901443e+02 4.695949408162528038e-02 -5.201703890639609862e-02
2.907357689018558062e+02 5.389949493170953474e+02 1.672626648013588726e-03 2.825107900464602848e-02
2.207124460100179704e+02 3.072064270009549887e+02 -4.566336915769341614e-02 -1.701320351980460943e-01
1.067345950861839356e+03 2.311075629870608168e+02 8.863365007692384709e-03 1.039763844456903681e-02
2.769731007739213169e+02 6.741619376094545260e+02 3.820302012276316928e-03 4.608689569044153826e-03
9.607397978336265396e+02 8.316926574061448036e+02 2.157910006503180322e-02 1.606501184502495336e-02
2.676098504265753490e+02 4.401873656050500472e+02 -2.510453621891433479e-02 -1.812390843069952850e-01
2.587301199264659886e+02 4.932407181902676143e+02 6.299541217966754536e-02 -1.652798527790240168e-01
1.974551362070115488e+02 6.914246293058896526e+02 -1.673343217100498742e-02 -5.208529050468323034e-03
2.918370081980760347e+02 5.519581675554961748e+02 -3.702902398041679147e-03 2.881770769452842579e-02
2.332359612048749398e+02 5.230237611667930651e+02 2.032873365231922802e-02 -8.594649869616259596e-02
1.155531694977734332e+03 1.858063046624968706e+02 2.495258650517574034e-02 4.433999183369916053e-02
6.115020851972187756e+02 4.244532894043217652e+02 -3.228365246207651890e-02 -1.720581961957507941e-02
9.365753889439165505e+02 8.876760380884699089e+02 -6.241936636439673544e-03 -8.260567171358314600e-03
5.484999630100218155e+02 4.421273157279947554e+02 4.921700614710908250e-03 -2.276623028281207425e-03
2.533046444389843828e+02 4.779923525156094684e+02 -1.068564081411848415e-01 5.016171891196000848e-02
1.034035513037149030e+03 2.594339792234979996e+02 1.587057838022620489e-03 -1.018236672431857906e-02
1.034496318277571618e+03 2.850392067270822736e+02 3.604333342698485404e-02 -8.844964381760763925e-03
2.640926450722642471e+02 5.067288278738536746e+02 6.112070800079020400e-02 -1.764468226739595857e-01
2.249448012812696049e+02 3.153314649695122398e+02 -4.098652261547606340e-02 -2.569128750246362780e-01
2.174461683278966291e+02 2.954918597480220228e+02 -3.989923861749276879e-02 -1.533731536924605177e-01
1.025519913757042559e+03 1.827317273710559959e+02 1.998230972429443537e-03 9.704503215595317381e-03
2.650339693124010410e+02 4.783559943492244315e+02 1.355135602951129392e-01 -1.692172544968024994e-01
9.822102515841120294e+02 1.918908864706754116e+02 -6.977726713866203197e-03 2.401242823291250758e-03
2.758825752235267714e+02 4.448559783658367337e+02 7.852023471906083296e-02 2.029430186761520261e-01
3.088118841584416714e+02 4.949530564257872811e+02 1.635187949769413909e-03 -2.068790602183102900e-03
2.987206258575654942e+02 5.194906557755049334e+02 2.220390022452618448e-02 -4.897147003488147576e-02
4.445107500838732904e+02 1.083339469633972840e+03 -9.995763795806810598e-03 -2.461500812353166479e-02
1.040637745168474567e+03 2.803568159601612138e+02 -1.670565977327995860e-02 3.986771298774004907e-02
5.710458497068345878e+02 4.042889565629085382e+02 -3.186528364526701462e-02 7.128395418630019409e-02
3.915126657546432511e+02 1.065500160916116556e+03 -4.368701272621572027e-03 1.552459691896332936e-03
1.161378062490662614e+03 1.442594916462617221e+02 7.539855685613384984e-02 2.173871569722408970e-02
2.156355929725150702e+02 6.466116747695615459e+02 2.312794984683847269e-02 -7.242555981619180384e-04
1.181368230842992716e+03 3.290805243751266289e+02 -6.503975767442837091e-03 -4.982556663453961872e-03
2.121545543934614670e+02 6.640593587485889202e+02 -3.798491164244546543e-03 1.179202666752653377e-03
1.071513563035951393e+03 2.204723043084183587e+02 1.653822338508095140e-03 1.536814942525750564e-02
1.218992968422308650e+03 3.470577592807530891e+02 1.095259253739272118e-02 -1.497968089464305624e-02
2.472910771922865649e+02 5.323112012909120949e+02 4.289099491182079421e-02 -1.398909294658114699e-01
2.568088315469217946e+02 5.139464173500455217e+02 2.922560635858215822e-02 -1.961732956473213607e-01
9.437704848010827163e+02 8.556916733204348020e+02 -6.704236083982602692e-03 5.818602986911209848e-03
5.160291658996869728e+02 4.223534693717289770e+02 3.802828815422583386e-02 7.574554767423291417e-03
2.699323786809365515e+02 6.979663464690100909e+02 6.022768335942421409e-04 5.153758196776366506e-03
7.911813171955353710e+02 4.003594382485674146e+02 1.571018127084010049e-02 1.624921749192699289e-03
1.040244936696815557e+03 8.612212403591245220e+02 7.505563961013640879e-03 -1.435483144824515819e-02
4.800734945394275428e+02 4.700869048815910674e+02 -2.276321811621636639e-03 -1.136392015758580162e-03
1.051629887240890639e+03 8.450036366217275372e+02 2.844881155671810137e-03 -3.610072212816451288e-03
7.905928483191955820e+02 4.058958835607242008e+02 -6.825023008645129258e-03 -4.227241541803386515e-03
3.149056680762148517e+02 1.078691550879885654e+03 -2.460054179976346386e-02 -1.960500788597510299e-02
3.335784935007927743e+02 5.256519326152265421e+02 2.448902829810930062e-02 1.123711253384080538e-02
2.269368421271191210e+02 5.273848129333435963e+02 3.977769394514815010e-02 -1.368831812285384482e-02
1.051686987836836124e+03 2.990215635973989379e+02 -2.668132860741601400e-03 -3.301597528480998845e-03
2.254814624059152379e+02 5.317526094996575239e+02 5.661587095433485983e-02 1.287650399521482643e-02
9.801967588973305965e+02 8.532174005732958904e+02 -7.427772401528462409e-03 -3.122069154905697313e-04
1.735292350393455649e+02 5.384000592244594827e+02 -1.332740862974096663e-01 -2.080352115589164941e-01
1.289476337099530383e+03 3.448297098612334253e+02 3.090532382582138471e-01 1.544649599003355689e-01
1.180464173934578184e+03 1.941277885481037515e+02 -7.177095391625698539e-03 -9.140660023676518142e-02
5.608951162892335560e+02 3.920667834530077585e+02 4.352230242689344650e-03 -3.173549802317220375e-03
9.253582573073779258e+02 8.919725249717442921e+02 6.935411053266555062e-03 -9.853157915923735702e-03
2.824953896788384782e+02 5.624981330674503397e+02 -1.447052205932635935e-02 -8.485303378884820683e-03
2.911347457127652660e+02 5.646617631399882384e+02 -1.836846394259156407e-03 5.463921850483836190e-03
1.144835039198974073e+03 1.914700571309811608e+02 5.131848994282300208e-02 -4.251150962003597857e-03
2.594612226258853411e+02 5.270278282268064913e+02 1.989393013753098030e-02 -1.996984371142609682e-01
1.199451490479212453e+03 3.499543676138019350e+02 -5.366569924370934901e-04 -8.929964528051912234e-05
2.724590619442043362e+02 4.166238335878020393e+02 4.766478426700242882e-02 1.004547098592796228e-01
5.024432632459310639e+02 4.385516131460728388e+02 4.834147620450642696e-03 3.998823838300254868e-02
2.239735599197806835e+02 7.231552364143991554e+02 1.343274915426164763e-02 -7.138433655349767093e-03
2.704362161218997471e+02 5.094287541456487247e+02 8.696597405138008219e-02 1.276787018418410746e-01
5.046028227689040477e+02 5.220517470808155167e+02 -1.839680160625761438e-02 8.795299029434384963e-02
9.609480704702856428e+02 8.944048950910446365e+02 1.105683543828445657e-02 -5.163372367412580669e-03
6.398680408184744692e+02 3.746676965002467909e+02 9.473196104271674328e-03 -2.868384175453999284e-03
1.993033529855156871e+02 6.483503997445782261e+02 -1.303025892787989803e-01 3.002572102259679632e-01
9.875051215498564261e+02 1.934301228089651374e+02 3.419327348264331870e-04 8.495306224716333426e-03
2.047335832606193549e+02 5.119242579423265056e+02 -8.147597221913053384e-03 -1.281069225212933330e-02
2.230945048934328554e+02 2.908654685869395848e+02 -2.822901868254230201e-02 -1.452097876600860482e-01
1.054367810538587491e+03 1.847483260283092648e+02 5.680363671611456458e-03 1.206057496656403639e-02
1.274525740169044639e+03 2.862880125847698309e+02 6.424127955095191266e-03 5.113555967306305031e-03
1.081272056915666326e+03 2.234408055732319553e+02 3.083002870797295868e-03 -3.115017180620031933e-04
1.077170369576137318e+03 2.047422424368407690e+02 2.892503474269309850e-04 1.191467013708267728e-02
2.574889247934542595e+02 6.043117800405348135e+02 -1.311761592762425085e-02 7.937672757384687736e-03
2.844534180306986855e+02 6.792456863581695643e+02 4.233731447319350957e-03 4.673814892991757890e-03
2.949219246916453585e+02 6.516572165220984516e+02 2.442048390658594151e-02 -8.913026860022572884e-02
2.674461614017388911e+02 3.897031178168613792e+02 -2.740031311389267647e-03 6.806100191198257354e-04
1.030094374451614613e+03 2.457595018579863790e+02 1.433127329581940050e-02 -2.690496652628120156e-02
2.194015867606539132e+02 5.580058560012174667e+02 3.332815949627955521e-02 3.398565045962065323e-02
2.397157518007971362e+02 5.696965522613143094e+02 -9.045036841629865848e-03 -8.502897490860608642e-02
2.102661610255224218e+02 5.595981689428083428e+02 5.636067653287540197e-02 1.290718346088122470e-01
2.051244901462667656e+02 5.627880486278361332e+02 5.582452228780077075e-02 1.226824823926695868e-01
1.233809512112071616e+03 2.534310244190873220e+02 3.176254384101466011e-04 9.106185936722192148e-04
2.756103940586471595e+02 4.794008533741368865e+02 8.447229978039198783e-03 -1.191825304393251544e-01
1.225579269658375551e+03 2.462084791072657026e+02 8.080920278285648461e-02 -6.975437412852679431e-02
2.580211085369100488e+02 6.221782438003790503e+02 -2.935049655519887191e-04 3.684642727524862094e-03
2.595797619651917216e+02 4.506031619910666564e+02 8.659289628821871532e-02 2.890435225209394554e-01
2.129879226176944087e+02 7.368450160233842325e+02 1.102913173667392256e-02 -5.176532610027724263e-04
2.620137908696481190e+02 3.876532224075020849e+02 1.223432207017041088e-03 -5.231452888547255022e-03
2.173481288041894288e+02 7.648942758326002149e+02 1.369013165789666154e-03 1.847847466582480886e-03
1.181826699670049038e+03 3.415500889627723495e+02 -3.319935141556889461e-03 5.551032991550050415e-03
2.749268327553307358e+02 5.868617253415218329e+02 -2.772664070551339455e-02 1.920954160348038731e-02
1.113813284836673802e+03 2.302749665586401022e+02 3.985881671483319615e-03 -1.895595533545758188e-02
2.337878924996362855e+02 3.606374954686540377e+02 -1.520725513952033148e-01 -3.933492843481100065e-01
1.050439484107089584e+03 2.076668936033720456e+02 -2.932301752716649432e-03 3.627612595053197886e-02
1.072142706521732634e+03 3.061177177111104584e+02 2.417243514845371366e-02 2.424531348237669512e-02
3.078416532609101068e+02 1.061507704836421681e+03 -3.879087278258086958e-03 3.263168318208180263e-02
1.042396415296065015e+03 2.479169744998437466e+02 1.726044984466305714e-03 -1.573914427414104368e-03
1.934211533610445031e+02 6.966755674814771737e+02 -1.932927656314810090e-03 1.172221838332195964e-03
1.120608975791216380e+03 2.204973838461401385e+02 -1.534697703334248799e-02 1.840085163728502060e-01
2.556076482620374009e+02 7.471728769455428392e+02 -2.434597808587287120e-03 -8.217193172965993331e-03
5.298328948816293860e+02 4.374179874978851217e+02 2.841707499226118951e-03 -1.783515674776256152e-02
2.250730106546193099e+02 5.666765247567323058e+02 1.555177988077880158e-01 -1.546100209725387031e-01
1.429210272688371219e+02 3.929199730119025276e+02 3.390253716127130551e-04 6.113445043207312198e-03
3.716856166512616824e+02 1.049549249923076559e+03 -1.611327417517297370e-02 -2.817924196006511145e-02
1.031495959020048076e+03 1.853392111274746412e+02 2.118878721013502629e-03 -3.420262206986427432e-03
2.796811725397341206e+02 5.127903387882423658e+02 -3.350963619118036991e-03 6.085128556858623167e-02
1.112051561194794203e+03 2.793583688231187807e+02 1.778677715903860534e-01 4.036408808698322970e-01
4.660278254612036335e+02 1.099588632212171433e+03 1.904519817706854835e-03 1.249532158438044615e-03
2.683635030006394118e+02 3.746577127158777216e+02 -5.745955593371522563e-03 6.198590498210777670e-03
2.840237898074587406e+02 5.830663134596279633e+02 1.359863492295138900e-03 7.377010102436768087e-03
2.339702192026109344e+02 5.740378167162157297e+02 2.148922221724286485e-01 -2.110252314478427704e-01
2.583602665622832433e+02 4.162071843602149102e+02 -5.095918245196722624e-02 -3.282270355410400464e-01
1.216449231852450112e+03 2.194988022019992115e+02 -3.265395823072959544e-03 3.996431868761991107e-03
7.690748030507286330e+02 9.548627501001752762e+02 -1.030388369438827410e-02 -1.555801864347106621e-02
1.195549026342778234e+03 1.848353762318306508e+02 -2.043721548289065965e-02 -1.355443745308740865e-02
1.035739631472918063e+03 2.994508559825102338e+02 -2.425366020773226869e-03 1.293872627243645426e-03
1.698756055074332210e+02 5.489103677023482533e+02 -1.688610586827420934e-01 -1.811066361680926384e-01
1.020194459399046082e+03 2.346359566821495548e+02 -1.591753639975015261e-02 -5.779551978340667986e-03
2.470620543651525054e+02 3.871318616726372852e+02 -1.041778061141726414e-01 -3.724828970463671673e-01
2.755064796873866726e+02 5.251557311939405963e+02 -8.776823685674107339e-03 6.364431447219534577e-02
2.174041473423255013e+02 7.603270994433274836e+02 1.878078525525063826e-03 -2.864418878918360487e-03
5.897874024937707418e+02 4.783045735345989442e+02 -7.503424988185273051e-03 -1.857206092560012090e-03
1.168923441612425677e+03 1.688589833388719796e+02 2.929682173208846430e-03 2.197654981198281926e-02
1.097376083671856577e+03 1.654252128503186441e+02 3.405667289769661633e-03 5.545759111760162341e-02
2.787717847269250910e+02 6.052222449410396621e+02 5.040148599919526537e-04 4.975918058733549455e-03
1.102642870543782237e+03 3.195492223548610013e+02 -1.655246877420146409e-02 2.857123672697525762e-02
1.034840131314012297e+03 2.161129243549834484e+02 1.059041824815915717e-01 1.796829246336390795e-01
1.123626426743834600e+03 3.403286170497278249e+02 -9.617986932308928653e-04 4.277905811883250115e-03
1.102075741907802922e+03 1.862370372994165564e+02 -9.245201620146106802e-02 -1.334386642395911371e-01
1.274301423385522639e+03 3.109676141727032359e+02 4.885580182199394383e-01 -1.536074754133085196e-01
2.624049444352726255e+02 6.921178361173089115e+02 -6.840514153262993238e-03 2.750031842134097269e-03
1.389264409833401714e+02 3.881323356320691573e+02 -5.769211400113160269e-03 1.878741411761069647e-03
1.030042054343769450e+03 1.932399698778473578e+02 -2.109947051270738994e-03 3.708123195578294029e-04
8.273669399150057870e+02 8.741557430365080563e+02 -1.520908242541015986e-03 -5.646498399624031578e-03
1.104181731435221536e+03 2.340804015915602463e+02 -1.532491797478776306e-02 3.605509813500436950e-02
1.659727401101692124e+02 5.241035640150199697e+02 -1.304836064971903187e-01 -2.145895487117669143e-01
2.403075808650957583e+02 3.645334972889230016e+02 -1.644363725036334933e-01 -4.099796839432680029e-01
2.389768079716792499e+02 6.173934451961971490e+02 -1.199848352590966944e-03 -2.857879519842979228e-03
2.379975219861133837e+02 7.646486070373290431e+02 -1.863763363728324204e-03 -3.046403932716661763e-03
1.161201373856441933e+03 1.949807758355080125e+02 6.182533824837021380e-02 7.001270129561612716e-03
2.131473328738934754e+02 7.570885733587156210e+02 2.674793952012756350e-03 -2.496432249379065393e-03
2.393520841469519098e+02 5.984844842874281312e+02 2.029180689728243706e-04 -4.199165916663381848e-02
2.695295986168396212e+02 5.795206808869149882e+02 2.926340967587072895e-03 4.216759813514295470e-03
2.484724002504062241e+02 6.873216550446130668e+02 -2.463529248663097818e-03 4.857245150299600162e-02
1.169249888475777425e+03 2.224967909102456929e+02 3.944527212750040257e-02 -3.564148289444436096e-02
1.018462190330729527e+03 2.170275332049836834e+02 -1.376489459758967367e-02 -3.131231242250994817e-03
2.911374606626246759e+02 6.318750620357499201e+02 -3.703619726665427058e-03 -3.000853448712756453e-04
1.270280512678076548e+03 3.559893201747204330e+02 3.286856517333224259e-01 1.487459110247051630e-01
2.592507433959576701e+02 7.185758426346392298e+02 3.992676819675040206e-03 6.496931517950984246e-03
4.821224825192255139e+02 4.482681365784966374e+02 3.654221047900654828e-03 9.933016796019341829e-03
2.173282792797055265e+02 6.356419242756497852e+02 -4.650259237327909398e-03 8.970611047302419440e-04
2.685627723794551116e+02 3.663963553263797621e+02 2.242400662515200982e-03 5.604505829824525144e-03
1.033740322569143245e+03 2.081656248005654390e+02 -2.665779578406088021e-02 -4.989938063280986713e-02
1.168752962792568724e+03 3.048656573477145457e+02 2.500615486656438541e-02 2.487153078179080504e-02
1.146749762526621225e+03 3.741556162218959685e+02 2.122078447189436421e-03 2.534819673094757236e-03
3.229986546443938096e+02 5.455908465367213012e+02 7.899538965093575588e-03 -3.315960091776789902e-03
7.645245209916074600e+02 9.181723733548151358e+02 2.261163740885115819e-02 -1.080171695550891618e-02
1.070918447028190485e+03 1.858150605513387745e+02 -9.543879121928745823e-02 1.252230102217015591e-02
2.726516284339938352e+02 4.636654771340890306e+02 -2.480427320584468326e-02 -9.901677677854840709e-02
5.083614484517299843e+02 4.953846241573177736e+02 -2.969879811902532973e-03 3.396266220998894313e-03
2.354587967804614550e+02 6.406048552453762568e+02 2.496560615836946641e-03 -3.660645320803611238e-03
2.693757551063035294e+02 4.569597984546006728e+02 -1.298941265198357876e-02 -1.173699842099812513e-01
1.177462357992632633e+03 3.424674993011740867e+02 3.768000174699238231e-02 -8.054329288289310005e-04
2.731395760089490636e+02 4.900917690824027204e+02 4.787652588700074680e-02 -1.508969216349286546e-01
4.644871777012502889e+02 1.100185659360647378e+03 1.551546646639242587e-03 2.530577966117652025e-03
2.420295151120956803e+02 6.597895222957747592e+02 1.453824996393632794e-03 1.377565904809977459e-03
2.560610213727442215e+02 7.396118178306932123e+02 6.047920813730039112e-03 2.492710141717848979e-02
3.370179656627513509e+02 1.056077835824980411e+03 -2.014722899815805674e-03 4.648054537215507744e-03
1.167979713340473609e+03 3.208057740274355751e+02 7.188749175627277832e-03 2.716585445440533510e-03
2.467627575701906721e+02 3.612594820536015163e+02 3.401111581446444009e-03 2.382397768578452257e-03
1.791317474492194890e+02 5.496754181613050605e+02 -2.377858475799098925e-01 -1.341252417270648034e-01
5.057129526793433456e+02 4.846135311913486703e+02 -1.140428179564709731e-02 -6.073622125317081240e-03
1.175208531223855289e+03 3.599344743486499283e+02 -4.725432767899481745e-03 4.111882396289116837e-03
2.400516228554249096e+02 5.429442989362873959e+02 6.101746007170270186e-02 -1.607433134631989502e-01
5.371536379644446697e+02 4.708808557338533660e+02 -1.916895851681741465e-03 1.496675793729050630e-03
2.832193042378912082e+02 4.837423109418759850e+02 2.459007530574981986e-03 6.471188732661679877e-02
4.800823333236127723e+02 4.459174939590291160e+02 2.718394943287583739e-03 2.173041712829291636e-02
1.161929122089983139e+03 3.311092133928788144e+02 1.231990563182269391e-02 1.243744922759794889e-02
2.242445872224342054e+02 6.045844961023079804e+02 -4.745922644525310367e-03 -1.342578859835990256e-02
2.970132148455713832e+02 5.777528528801386756e+02 2.953141567735147535e-02 2.051736469186920750e-02
2.512548101472746964e+02 3.580205858415696980e+02 -1.102581225275442965e-02 1.412069421291454368e-03
1.196276404013877936e+03 1.751387926943364448e+02 1.801252595471779239e-02 -1.390428630751521736e-04
1.263819870553450755e+03 2.924088030511247212e+02 -1.125081898296212066e-02 4.687840769957635385e-03
2.622166822111491911e+02 4.676781464101105712e+02 6.005727832333526001e-02 2.581702394351511609e-01
9.688000225663978426e+02 8.254297955348525875e+02 -1.759688569395373436e-02 -3.674810345863547580e-03
1.007414274911367784e+03 2.118291312622038731e+02 -5.944017524697219924e-03 9.096884901163431597e-03
1.037747994123270246e+03 1.781896536363956329e+02 -1.155394123016587494e-04 5.571303765859479673e-03
2.087833496868171324e+02 5.384011491700136958e+02 1.649821958430109647e-01 6.479710862718228437e-02
1.953256357015022502e+02 5.563297662523692679e+02 5.989852191377499635e-02 1.790112092215365713e-01
1.181790925318683094e+03 3.567920318781066840e+02 3.602328340041885402e-03 -2.284870032204451389e-03
2.836739774726077030e+02 6.475333089068820982e+02 -2.382880381633591029e-03 -3.719304306415405301e-03
3.878310372583191565e+02 1.077446110783134600e+03 -6.887651135804105759e-05 -3.548424669746298027e-03
2.349941673915085119e+02 5.502552493777237714e+02 1.540363111167331323e-01 -1.780857106274492396e-01
9.914017346135998423e+02 2.281003728411078555e+02 -3.521695407556816888e-03 -3.215983581999229401e-02
1.199796082305971822e+03 2.568036143018364328e+02 6.323351856076217352e-03 7.700476702449249311e-03
9.986178253233300666e+02 1.997294974390061952e+02 -2.404110964715924434e-02 2.546285712612773172e-02
2.642962139936990980e+02 3.470330171676833970e+02 6.062925051053591301e-03 1.574625399689747948e-02
3.301494083661491459e+02 1.055684528795072310e+03 2.625487184578033546e-03 8.822985487583564655e-04
1.134099400429151046e+03 3.898307265841061167e+02 -3.966826526408059189e-03 2.346343879181721562e-02
7.842928956617122367e+02 9.595293374799573485e+02 -4.198676610332480202e-05 -1.190992661421849241e-03
3.529603383418959766e+02 1.053693615140462725e+03 -5.604160873095715908e-03 -1.674072685554984716e-02
5.925407748767963767e+02 4.584321152652901787e+02 1.895643995722632192e-03 -8.522400774666039069e-03
2.119441563892938234e+02 7.127963564473033102e+02 -1.050920979672256318e-02 -1.001858364387285538e-02
9.932858476985110201e+02 2.200382368921429190e+02 9.067409851508777133e-04 8.966001474313750608e-02
2.609279433487851634e+02 3.567929586504716895e+02 -1.585043105848734507e-02 4.146643010553005722e-03
2.425691053501165584e+02 3.764970991930463811e+02 -1.205652305585708239e-01 -3.979119101996000385e-01
2.682259773400680274e+02 4.554948079250017940e+02 8.148975212775057264e-02 -1.983057585098935705e-01
2.704488760430303387e+02 6.478778659785824630e+02 2.921647491650550266e-02 -1.531093235652775586e-03
3.829283232456735959e+02 1.060445497103097296e+03 -2.670865813361712401e-02 -8.691119805257359679e-03
2.691098918891178187e+02 6.043271977271191417e+02 -1.582293059191339224e-02 3.095680822606131088e-02
2.246660654214057899e+02 5.516689339085983192e+02 5.477567906872100878e-02 6.992154708245271189e-02
1.181297102977867098e+03 3.715755419829696393e+02 -5.300090987995447096e-03 2.877666476002438065e-03
2.194181486161486987e+02 5.838602452751416649e+02 1.441310116637593841e-01 -2.249720496517234603e-01
1.591940123750281657e+02 5.245871319412669891e+02 -1.324174047107123386e-01 -2.607426877474584015e-01
1.035905918506873377e+03 2.000823337969586646e+02 -2.719781457163563624e-03 1.262829501529110290e-02
1.041301457758429933e+03 2.687085685389412788e+02 1.504267942044690970e-02 1.648276463144402251e-02
1.133333169269906193e+03 3.812071952414990506e+02 1.762585291725606365e-02 5.517733726359964723e-03
7.440746760817603445e+02 3.950895815698368096e+02 6.179607098872138713e-04 1.319637884076916732e-03
1.260532204258999400e+03 1.957435361723208587e+02 -1.351628380500259727e-04 -1.071058575688269140e-03
1.017623704878229546e+03 1.736887330078502316e+02 -1.738489296198874462e-02 -1.131053814917450974e-02
1.065930179699609425e+03 1.960206661466018545e+02 -1.179212322538228212e-02 -4.705147821816313154e-04
2.196873862093360401e+02 5.921931110323872645e+02 1.598804092708768776e-01 -2.421191907023944878e-01
5.706207012156885412e+02 4.957873377490028020e+02 8.387616866988681016e-03 -1.923455189751841973e-02
1.026928025960738069e+03 1.634822935042584220e+02 9.877787500986098812e-03 2.411992019439634927e-02
1.057644694479277860e+03 2.726600908389360143e+02 -2.228619024861761000e-02 -1.736734209525438166e-02
2.128943426000947738e+02 7.219535662872298190e+02 -5.551310699066316391e-03 -2.334936998583390586e-03
1.004217394270206341e+03 1.979875093512857802e+02 -1.616846237865083441e-02 3.151161116515667319e-04
1.145127463068070483e+03 2.066895111287109899e+02 -2.988660250885522562e-01 1.053220271677671460e-01
1.370890265629820419e+02 4.947195537234883318e+02 -1.876639058021044859e-01 -2.616771889769127779e-01
9.946764260154052408e+02 2.436843995143625534e+02 -9.536045312316753994e-03 2.377096154145705645e-02
3.035585241540751440e+02 5.519379624331937748e+02 1.256745717765087034e-02 -1.864232919662961452e-02
1.194910619630008796e+03 3.225681610674809008e+02 1.472187371162020919e-01 2.266042691093550221e-01
2.968559672146839716e+02 5.395487767963880970e+02 4.198771497638940811e-04 -9.896722628626109658e-03
2.764038293731728686e+02 6.513013122137085702e+02 1.509600854976071889e-02 3.905255977196527006e-02
2.573434738998365106e+02 6.735262620563844393e+02 2.233291826126621200e-03 4.661992486128586390e-03
2.693255656715792270e+02 6.096783934308360813e+02 3.824390450235438553e-04 8.191154710918300760e-04
5.921209317833452133e+02 3.915918550271372851e+02 2.613159388451576776e-02 -5.255500936901527469e-03
2.096437536739373968e+02 5.427179723847755213e+02 1.421024313810686779e-01 2.070319327868383463e-01
1.167591225849589136e+03 3.299659780680112249e+02 -2.205854168370915665e-04 -9.598567381388955697e-03
1.318229179945267902e+02 3.925007904768294793e+02 2.206452963848997556e-02 2.849623359086893640e-02
2.967757204813905787e+02 4.686753457968114844e+02 3.947213108413862720e-02 6.395307349830016419e-02
3.435872029152204732e+02 1.050723652659734171e+03 9.424561063450943854e-03 -2.535811717063894601e-04
1.072563776576265582e+03 3.432973009079180997e+02 7.984832137564429333e-03 8.077946573233038855e-04
1.212468520426467876e+03 2.496317426884215820e+02 1.280110122302806352e-02 -1.081383106872274569e-02
2.535918157427643109e+02 4.943684468240863907e+02 7.171691448495448595e-02 -2.111281105499761002e-01
2.334287734946979924e+02 6.762511473932810304e+02 1.423020461375006226e-03 -3.719864391036305142e-03
1.139347814451588192e+03 3.373185743552937765e+02 -7.066726072957637932e-03 1.271696559778340285e-02
1.953058426386073450e+02 6.756875013076046343e+02 1.903471086096782811e-02 3.157183041115840250e-01
7.858188055091825390e+02 9.547178971395516101e+02 1.942365680040686457e-03 -1.728612453612951485e-03
1.266218694643708204e+03 2.035965261774597934e+02 -4.447363693530086192e-04 -3.390663605743908949e-03
5.466989608478663740e+02 4.608046074097648557e+02 -4.680750457419881501e-03 -1.150518007111398606e-03
1.193069301268739991e+03 2.253134834707244352e+02 -7.137775124719344944e-03 1.982097617959377098e-02
1.206702455893241222e+03 3.566683397177504844e+02 2.985390089928851090e-02 -4.949440477852958681e-02
9.985028121084732220e+02 2.502340458192610413e+02 4.246770993761243840e-03 -2.459599316825088200e-02
1.089307703682494548e+03 3.315470583459973568e+02 9.968834295581346927e-03 2.429555653729566049e-03
2.597680566959597286e+02 4.339680063433499413e+02 -8.758436884137145439e-02 -1.895746542378266841e-01
2.458019408947440354e+02 5.113440374067546372e+02 1.135085199191189914e-01 -1.293061063302430591e-01
1.159790545404437580e+03 2.312343466831239027e+02 3.985811912902235271e-02 -2.887153368251071592e-02
1.025631663431569905e+03 8.711777274130040496e+02 9.073420773473676176e-03 -6.586904020579849653e-03
2.600932651675497027e+02 3.330201112515985642e+02 1.774233591250869158e-02 1.037326113711659059e-02
2.293980142058235288e+02 6.484906910531325366e+02 -2.075482424913984575e-02 -2.652723494129914650e-02
2.050773439480327909e+02 5.251251685998036010e+02 2.008169091730905575e-01 1.331930961015612702e-01
1.148958942849563755e+03 3.554248040086977198e+02 4.395415593879727252e-03 -6.287087651147917067e-03
1.192027789843459459e+03 2.364091041489986935e+02 -1.560015332598361538e-02 1.686807264789423610e-02
2.497121207614854086e+02 6.492719472241552694e+02 4.839164769031815624e-03 7.569902426393362339e-03
1.135371181534754669e+03 1.820440519860995892e+02 1.465701212073147047e-03 4.267173014437646017e-02
5.904321223479502123e+02 4.162070448969117820e+02 1.756034947205908610e-03 -2.548092517103966049e-03
2.164067383374309941e+02 6.766308628475468367e+02 -1.213116465044939384e-02 6.558086498629753236e-03
4.635601090094612573e+02 3.926097444106779903e+02 -1.457976565918648086e-05 2.348279907643232266e-03
5.504926925610325270e+02 5.025853660958434261e+02 9.161237810294641090e-04 8.506823324479894505e-03
1.008293764550431320e+03 2.460721675795537067e+02 2.108614958516758647e-02 -1.673155985210540708e-02
3.720220827937289982e+02 1.090167874569834112e+03 -9.642781252962480398e-04 -4.095861440674696680e-02
4.165835219852903606e+02 1.100050526290129255e+03 1.824322768476856118e-03 -9.653443063269709834e-04
1.236263495456909368e+03 2.992692748505799045e+02 1.065088170832387965e-02 -4.506386905115442043e-03
1.729852353595454701e+02 5.213797697336691499e+02 -1.471540848929720757e-01 -2.911957711033633656e-01
2.413844092691635979e+02 5.001392889986173032e+02 -4.206258026355012836e-03 2.160613023492899756e-02
2.855308000478428880e+02 4.727694445511292543e+02 -1.116504301693350791e-02 7.476798405117889013e-02
1.144394169548625996e+03 2.086130810946803251e+02 -6.982083383475286287e-02 9.637182174361500495e-04
1.319547859108432704e+03 3.432630605538620898e+02 1.922214176199669167e-01 -1.584299170991248368e-02
1.160575981265708151e+03 2.517819553012249969e+02 -1.340733148923292130e-02 1.054817953973867690e-02
2.863745433595440772e+02 4.885443923128913184e+02 -4.505735119474449379e-02 1.072153783298494117e-01
1.260175361590536795e+03 2.677346607100596998e+02 6.215520213595257353e-04 5.167017251842412687e-03
2.838314324346175113e+02 5.406498752501877334e+02 -3.354759488995748967e-03 3.745028059518850858e-03
2.942350655084354685e+02 5.993480211688558938e+02 6.409898439547233491e-03 5.832524069081829188e-03
2.882695714369035613e+02 4.638895684775222321e+02 2.072311392338417602e-02 8.566608994291953494e-02
1.065589938215277471e+03 1.811433068193352369e+02 1.463966011823740129e-02 -1.191359088326833342e-02
1.216959893852756522e+03 3.635040873810889366e+02 1.036914498350183277e-03 -5.999697777568511331e-02
1.112710355172817344e+03 3.509749212334477306e+02 1.640152803378720769e-02 -9.696158724111818977e-03
1.172626316868743061e+03 2.365492022927197127e+02 -6.570389321452671516e-02 1.910077429716020569e-01
1.206132848802407807e+03 2.624817079446962680e+02 -3.387368005207625431e-04 7.675264686817721838e-03
3.246860717462692492e+02 1.068369451621334292e+03 2.137156193037474759e-03 -6.581552280621427199e-03
1.185585914953588826e+03 1.666191743747330918e+02 3.703581751321985156e-03 6.073468606940808645e-03
6.194087278196332136e+02 9.358680388751745340e+02 -1.634049566642841977e-05 4.061972370150800484e-04
1.218321231670431644e+03 3.804508999471618722e+02 -1.169847050825617574e-02 1.399002694603212289e-03
1.176555445622309207e+03 3.297045410249710926e+02 9.684657952988399293e-03 5.833843391629031302e-03
1.240753516591993503e+03 3.132522283816693403e+02 -3.135277519423914083e-01 -4.769389051665259838e-02
2.450290791360937988e+02 6.324002063083720486e+02 -2.125595577788660581e-02 -9.416790667205082385e-03
1.128628588501868308e+03 3.505712465763294858e+02 2.653651872016312384e-03 1.171281978166475654e-02
2.851912889538005516e+02 4.522675248815121449e+02 7.020407896534368308e-02 1.366253334954747323e-01
1.190214418433725996e+03 2.601251311492229092e+02 -2.154346155120407096e-03 4.905186338317430242e-03
2.288818519163603753e+02 5.729532330436744587e+02 1.242779760710637643e-01 -1.648775318078977148e-01
1.022753428399734048e+03 2.793029706137558605e+02 5.332883573926368304e-03 -2.749673127993901289e-03
2.534778419473932729e+02 3.766495680778058386e+02 -8.864617301709235703e-03 6.396744250963874029e-03
1.118016946713149991e+03 1.681163727103979681e+02 9.456221160354910671e-02 -5.889864703953948816e-02
1.179089508155077056e+03 2.557671891493428404e+02 2.920221732962757083e-03 3.537251605160130277e-03
2.261140056656760180e+02 6.846865913908247876e+02 -2.529739773027833618e-03 -4.977901448561476011e-04
1.063664193136128915e+03 1.946455379966592432e+02 1.689877754931177686e-02 5.765749754794292914e-02
2.722905178920397020e+02 3.697281230128381821e+02 5.188445909155770495e-03 -1.619600931608732378e-02
2.516000787742168257e+02 3.263390072368629262e+02 9.158339359706049385e-03 1.197529834361722584e-01
1.106885677318595526e+03 1.810379171973899304e+02 1.009429915128082361e-01 8.830668793783272297e-02
2.089184583632354020e+02 5.894118718093277494e+02 1.786779862110656480e-01 -2.094530539694327564e-01
5.191170946815358320e+02 4.718683148451960392e+02 5.118458247082317489e-03 -4.421456610054186678e-03
1.052825679855257022e+03 2.342818104951054181e+02 9.024145093939979836e-03 3.892446161132277066e-02
1.062444444770354721e+03 2.073697458703185816e+02 6.124593603395300095e-02 1.415644414151294717e-01
9.803185010960053205e+02 1.748086848359101566e+02 1.188132574015125526e-03 -1.843522795409588064e-02
1.314362670038435908e+03 3.409664879481006210e+02 1.911424402778923448e-01 -4.267523031825980716e-03
2.685525043859325365e+02 5.236864795309804776e+02 -1.638324195636018180e-02 9.027387769915977411e-02
1.170153092017596464e+03 1.716316174445925640e+02 -3.927099514162319359e-03 7.526233419886048034e-03
2.468384771899477528e+02 3.298463669254679758e+02 2.497240117916692259e-02 1.618589434490039225e-01
1.220557594795163141e+03 2.411912666785721342e+02 2.824596342024690912e-02 -4.555551229151377259e-03
1.144904771448024576e+03 2.797154696574254444e+02 1.326132955140416625e-01 2.714693693780897976e-01
1.957808959090640712e+02 5.229066561389355456e+02 1.864276419060499346e-01 2.342481994552968738e-01
1.109989148866220148e+03 1.631649316209666551e+02 -1.456506260873255132e-01 1.924473135354294040e-01
1.179480628962281116e+03 2.940898488931559882e+02 2.753626538846836724e-01 -5.797766629100554320e-02
1.151494730561063534e+03 2.282009016447054819e+02 4.346074186702872377e-02 4.177480512469522456e-02
5.441456633287468776e+02 4.133142307858084905e+02 -2.273058541702832006e-03 -5.103181887434267601e-03
1.015368970873304193e+03 2.405896232906595742e+02 -2.131765661792231568e-03 6.012543167503169028e-02
1.114279621174882323e+03 3.603236386959184188e+02 9.500949185536174818e-03 -1.834103349919996920e-02
5.064423969738182336e+02 4.525155202237369849e+02 7.471128649134279806e-03 -1.236634934555961175e-03
1.900063303033882676e+02 5.327179324625674326e+02 1.984250152431744074e-01 2.636312968635343146e-01
2.802339753439667902e+02 4.736165857226197886e+02 1.833966955322835837e-02 9.677865360943076201e-02
2.176441697098715622e+02 7.706420600459952084e+02 -5.451224597519254301e-04 1.828497019026612859e-03
2.695024117087567106e+02 3.607238699121174932e+02 1.839611625946350418e-03 1.923408829975977591e-02
1.165241753532312941e+03 2.165127863653612224e+02 5.583853027273747230e-03 -1.176176831049050020e-02
2.951486765741919385e+02 4.607422609097199597e+02 3.839575453826236939e-02 1.179660137425075084e-01
2.445183984209459993e+02 6.092397812256434690e+02 -6.954842740210698260e-02 1.148045408970885112e-01
1.023857230328193737e+03 2.431622291852527553e+02 -4.777390995480228914e-03 6.332852487617227771e-03
1.143110595899923283e+03 2.183249820959686645e+02 4.199138184292065812e-03 2.015598758202547143e-03
1.187936887300357739e+03 1.973621280703484331e+02 -2.039357809990583956e-02 -1.704829314880300720e-02
1.105658491033632799e+03 2.168427842883009475e+02 1.727724275877623623e-03 3.343026492792592567e-03
1.004118012886120709e+03 8.211796813260281169e+02 1.294783545768716550e-02 6.937915680767597036e-03
2.600897737971725974e+02 4.841187808037189484e+02 1.275849914186429346e-01 -1.865672316621261317e-01
1.972175675100484966e+02 6.019349799532269572e+02 9.683198900489967120e-02 -2.158288190881842428e-01
5.482589790873535094e+02 4.108154672010963395e+02 -1.784644943963129612e-03 2.895677647681694881e-03
9.324707025337752384e+02 8.978222111343653751e+02 1.026519777810497823e-02 2.094692750650138831e-03
1.257889683640870317e+03 3.289932887995458941e+02 -3.988984767179767910e-01 -6.349581466084749937e-02
2.657105557280662538e+02 7.151200329326333076e+02 -7.427077104664769934e-04 6.493344149630097227e-03
1.073669091604149799e+03 2.857531478352598810e+02 1.685188314069170912e-01 1.398057744542507974e-01
1.094453101999985620e+03 1.862945949064849174e+02 5.793344247880857084e-02 -8.539575103340789342e-02
2.407498999872295826e+02 3.152552227018823601e+02 5.253472526165477857e-02 1.746872212519455791e-01
1.096043957186418083e+03 2.165543072313799939e+02 -5.742513857552072887e-02 6.562325586781586617e-02
1.171259453880534465e+03 3.004887616202930190e+02 2.228839993164690447e-01 2.531123488997251703e-01
1.860413446190922855e+02 5.261160459413924855e+02 2.072206943514691424e-01 3.028779785633390342e-01
1.080960890512698143e+03 1.687225752804340573e+02 6.992972059761806691e-02 2.993527831990117419e-02
1.051357479409172583e+03 2.152188571283989234e+02 -7.518502129508053411e-02 3.018724306316784012e-01
1.291369460568528666e+03 3.478147496392683138e+02 3.041197809338567204e-01 1.163442734208017804e-01
1.890185413317210816e+02 5.204328698697856908e+02 1.635893330783318722e-01 2.956545272556478365e-01
1.148459082496915926e+03 2.524213627289095427e+02 -7.550885993659543771e-03 4.396631466144837463e-02
1.145858618994317567e+03 1.776090767532222969e+02 5.500401415400633237e-02 9.389146898925390672e-02
1.202742602338046709e+03 3.227916212413343828e+02 1.836367833680465078e-01 2.167334689617761989e-01
2.413000057295366503e+02 3.515835591142670182e+02 1.482860684636942185e-02 3.072698513667130107e-02
1.028854211254943266e+03 1.686351127880128331e+02 -5.518762980750355034e-03 2.273407937103217105e-02
9.914908955015735046e+02 2.615704589340783741e+02 -1.998680024665771757e-02 1.914548029713787972e-02
2.944937135056229067e+02 6.460480773499664338e+02 1.009818433542387581e-02 -5.032579571740154745e-02
8.651143714695386961e+02 1.102301004779405957e+03 7.176385355003479273e-03 1.382918471378643275e-03
1.099992235309386615e+03 1.744560192114921620e+02 1.440271002471121553e-01 1.076799300605025822e-01
1.240609290401581120e+03 2.868754606153481745e+02 -1.117256446531707248e-02 2.347933010328503642e-03
4.929378725350262016e+02 4.483115136473378470e+02 1.040013579722428791e-02 -4.347207901799823686e-03
1.183893528157592755e+03 2.122918656152499750e+02 9.415753736808291693e-04 1.354918541425414145e-02
2.355224486115282332e+02 3.187817032187116411e+02 3.502937086850039378e-02 1.735975464607662777e-01
1.052644221216605501e+03 2.851043633429335955e+02 -2.630547281864216869e-03 -2.049943641764295169e-03
1.185988353666254170e+03 1.722029546136651561e+02 8.203628742108722482e-04 1.625534369394765087e-03
1.138980352529638822e+03 3.003572473065865438e+02 1.050263144078810579e-01 2.903838713179807685e-01
9.927522186010153291e+02 2.453174929692755768e+02 -1.135223259796989135e-03 1.985255805407751782e-03
1.234395833961527387e+03 2.873717936034136642e+02 -4.888289968189698381e-02 5.485838074910776019e-02
2.030401034416526898e+02 6.824648105560069098e+02 2.571288740655842345e-03 3.603482392795943068e-01
1.011799579816703272e+03 1.794130851328244489e+02 -9.070494463665201845e-03 6.791632198230661624e-03
1.096800831903755807e+03 2.236742265821183366e+02 3.914470162402325717e-03 -4.038587977639972182e-02
1.144024093304890130e+03 2.649730973040381059e+02 -1.506593861186047434e-01 1.397212418712198700e-02
2.261416400070706061e+02 3.254190951881431602e+02 -9.366377885706413109e-02 -3.495214205942834274e-01
1.241275727159872076e+03 3.035223288525255043e+02 7.803254121156419365e-02 -3.923127908194263408e-02
2.651617892812070068e+02 5.418923509092165887e+02 7.951605554450956112e-03 -1.460552134308092803e-03
1.077389941793568369e+03 1.940605837110053642e+02 1.569293897068971657e-03 6.506059325378957085e-03
3.848869973248349652e+02 1.091544029953618065e+03 2.616609160587484925e-02 -7.674154412109258916e-02
1.026122735393933681e+03 2.244721882605183509e+02 -1.478790680159750709e-02 2.858706537286687110e-02
1.204094578563687492e+03 2.072260258975881300e+02 2.029949869621971298e-02 2.650535225877960477e-02
2.607335333355170519e+02 6.075274913736261624e+02 -1.129730553218011996e-02 3.395224924161489855e-02
1.119820923619432733e+03 1.626626229482115775e+02 -9.089659566237932864e-02 1.206203549588533153e-01
2.602303288047608021e+02 5.395399988699216465e+02 6.193679200200446350e-02 -2.481719734529034826e-01
1.008363553213383511e+03 9.275784609445561273e+02 7.009237384580154713e-06 6.589022997309482328e-04
1.213788862521776764e+03 2.699002255742604461e+02 -2.124168952292111983e-03 2.236452570076439064e-03
1.177979008284840347e+03 2.398402111055899582e+02 3.412550861698136068e-02 2.409764073774459635e-03
2.772243263889743048e+02 6.351981786605446132e+02 -1.133825105263427079e-03 -7.777030973930679041e-03
1.185936951835190712e+03 2.689328138390069967e+02 -2.646941016420518468e-03 2.845884879939779375e-03
2.397753217123141383e+02 3.245929381270962608e+02 2.247001773815866452e-02 1.213402763511401694e-01
2.759321957283025313e+02 4.002889173712454181e+02 1.086491803420918875e-02 2.152070021996072696e-02
1.040165181788761402e+03 1.660086635118402683e+02 2.946447645436900756e-02 -4.843762571361834995e-02
1.043220064372328579e+03 2.023213733622593509e+02 2.056038459832142465e-03 -3.194954678349967193e-03
1.085710126844884371e+03 2.261173494586152231e+02 3.788850705687214770e-02 5.043441770362789255e-03
8.201396329784679438e+02 1.102200515353966011e+03 1.419982841723887502e-04 -9.818042314583351579e-05
2.651705115324218696e+02 4.147241781312203557e+02 1.556088737235052435e-02 4.163422805157272755e-02
2.517201492945367818e+02 4.024117525656463386e+02 -1.400350752309218738e-01 -3.256134588810594144e-01
2.874746209788851843e+02 6.292066268618050344e+02 -1.265584363637450513e-02 3.583977962144145601e-02
1.235884615793106377e+03 1.327699023594123275e+02 1.002401405786609813e-03 1.985546935514722038e-03
5.815317765374651344e+02 3.862673384549409548e+02 1.168519883558946995e-02 -3.254559746653289728e-03
5.457258926794773970e+02 4.981797981272238758e+02 2.171680056193562875e-03 1.494028923099278332e-03
2.884874424526794883e+02 4.372635149979003586e+02 -4.465541517670362152e-04 1.445093144314123397e-02
1.162927229962718684e+03 3.770181149022795921e+02 9.987335016247845046e-03 -4.862590138179768290e-02
2.792746081291662676e+02 5.060951128023579599e+02 3.924509663692230151e-03 7.847957016750481407e-02
9.939970692666231571e+02 1.844050162973294675e+02 -6.360430547585052205e-03 -8.191754581461696549e-02
2.506371241019476201e+02 5.147698513211421414e+02 9.066480815427789552e-02 -1.553068803068042847e-01
1.072322626045007610e+03 2.002734544618070913e+02 7.657778566413701860e-02 -2.312115403875074360e-01
1.087784467501931204e+03 1.580220833662245639e+02 -8.367622954541603653e-03 5.265951384799370111e-02
1.169282842068935679e+03 1.450242813013199452e+02 3.519769890540869195e-02 -2.561985962308082135e-02
1.128123347476920571e+03 3.420129960251512102e+02 9.357577373588589487e-03 -9.236766975828519105e-03
1.264101952345376048e+03 3.325857929272573870e+02 4.482882141855074609e-01 -4.342798097563855403e-02
2.876584344965440323e+02 5.789731950174722215e+02 3.990202794365457946e-03 8.971152333183364178e-03
9.212065225756754216e+02 9.191448610783303366e+02 -4.528790791381301188e-03 9.854133115673353871e-03
2.509078464124955588e+02 3.062331370146855534e+02 5.012501913870381215e-02 1.861961827883500675e-01
1.268251447446021757e+03 2.602238481920830964e+02 -7.611226056760282688e-03 1.194333111136462039e-02
1.112483870483539249e+03 3.110387232523545435e+02 -4.531973307761327611e-03 -4.421565628223448480e-02
2.692714009729108398e+02 5.535264363034286816e+02 3.958105483435486044e-03 3.104435200496693387e-02
1.171572613866524762e+03 1.861559250809607420e+02 -2.204540248724660284e-02 2.544804082980398063e-02
1.177608298665637676e+03 1.936694222142308774e+02 3.125673063139829122e-03 -1.083087672013679191e-02
1.227348326047494083e+03 1.489727545372083739e+02 1.258047269796397447e-03 -2.873783686956142558e-03
2.757154882723298783e+02 4.305779084951377058e+02 6.893249948876285782e-02 1.592713056410589301e-01
1.153499201817917452e+02 3.849553010707887779e+02 -2.094331319997578406e-03 1.219136564895961826e-03
2.897486605352755191e+02 4.758008006817420892e+02 3.562791592004755509e-02 1.242081987793535180e-01
1.170328424957629295e+03 2.563433819883034062e+02 1.811065926675537591e-02 1.217943940466140532e-02
1.150075020145995268e+03 3.644855047084285502e+02 6.134839534633615594e-03 -7.981613969749530926e-03
2.921661932137241706e+02 5.822806024573194463e+02 -1.901231363778220843e-03 -2.971532463364027089e-03
9.444253897244320228e+01 3.353095630213253457e+02 9.806356809339699006e-04 2.410393722808184223e-03
2.545047182886451651e+02 6.676825099491007904e+02 -2.439807693666405132e-03 -5.005751934909362724e-03
1.114370063672727582e+02 4.318178498715537330e+02 -1.244416189055366773e-01 -2.686575171083707692e-01
1.113839798543596544e+03 2.165462406936509865e+02 2.235770368671283898e-02 -3.929066878253466982e-02
1.060153080661189279e+03 2.628662281675462964e+02 8.820253012794788960e-02 -1.238874590620708954e-01
1.212057479977947878e+03 3.412422552117982946e+02 -1.106704571854303732e-03 -8.761910125509252134e-02
2.584816496625826971e+02 5.392259595226815918e+02 1.051028639560943057e-01 -1.977786666898446732e-01
2.632651775725673815e+02 3.425314691453309024e+02 -8.122597528806739997e-04 6.425724187036766129e-03
1.050834065179963318e+03 1.775866537786584729e+02 2.971546008342071041e-02 -3.901178970767980175e-02
1.183215002348092185e+03 2.040181176163168573e+02 8.862638626032487074e-03 9.403897836422007647e-03
1.277547092239636186e+03 3.720717196866820018e+02 -1.841283925251828435e-02 -8.867760070074837131e-04
1.149903098051296411e+03 1.561909258431300884e+02 6.377803544669979896e-02 6.135709685703111954e-02
1.075311612407029315e+03 1.772839533154757703e+02 -7.253832473222099342e-02 -1.341748289891261381e-01
1.144711425201703378e+03 1.676801499775552600e+02 4.529496058809621972e-02 2.174625453882418537e-03
1.191267596467624344e+03 3.030096412437892468e+02 3.649487107434866151e-01 2.378865662169901418e-01
1.988356309833201010e+02 7.148211120097154208e+02 8.957838097812247536e-04 -4.181672111556455039e-03
2.066955692283659118e+02 7.160808222719446121e+02 -9.173819896937749491e-03 -3.534171479549486766e-02
1.515817726562667360e+02 4.547571089209812385e+02 5.944756129476544545e-04 8.271580343850325548e-03
5.111596402809342976e+02 4.390166390701107275e+02 1.360407488478479129e-03 2.997895349340589863e-03
1.042678861587958181e+03 1.973541929695756778e+02 5.213328974581961373e-02 -2.862399506338282953e-02
4.997242819498531503e+02 4.361541586783462776e+02 -2.740833644698714711e-02 -1.935985001964188887e-03
1.145031341023564210e+03 1.832491339130588131e+02 4.082678877629697389e-02 1.851451407810951119e-02
2.411424069095313314e+02 6.403018619071521016e+02 -8.868308908533413092e-04 -1.473975206483182964e-03
3.021967657157034637e+02 6.463098705092556884e+02 4.794573609854490409e-02 -1.054470903853081953e-01
2.352787339369587585e+02 3.086140469991345867e+02 6.549155161352829269e-02 2.262998870968956910e-01
1.159254833852626689e+03 3.967314271857114250e+02 -6.834513699257627022e-03 -1.729604258576102754e-02
2.886509460596253689e+02 4.842295694778002257e+02 -8.763562357404308667e-02 -6.241289290958147717e-02
1.127510701488900395e+03 2.414934965755801670e+02 1.042007621779363624e-01 2.808075636955873478e-01
1.952171078528946850e+02 6.539739057167759029e+02 -1.132774086910625921e-01 2.869488528225503376e-01
1.294748956936312197e+03 3.241055120916946635e+02 -3.673042361555335922e-01 -5.124933422096689117e-02
2.820655053100812779e+02 5.035647389580145727e+02 -1.698637182354420863e-02 8.876605068502090023e-02
5.406978028024869900e+02 4.797960038948363035e+02 1.415086922351109673e-02 -5.382952132317812832e-02
5.461205511195371400e+02 4.894283096249855021e+02 -1.708381682269114821e-03 2.829559018287945205e-04
1.899162668532471514e+02 6.359699071744132652e+02 1.034011706225291538e-01 -3.666785016108958239e-01
1.395703104568493700e+02 3.965939217659695828e+02 -9.125214757949157846e-03 2.830344873460133998e-02
2.601442031225139431e+02 5.109122862169044197e+02 3.785463310960191646e-02 -2.108646592827449207e-01
2.473573702197475086e+02 7.398594210075630144e+02 5.415819909104584683e-03 -1.271450087131294551e-02
1.087635273776979602e+03 1.834938128607527403e+02 2.845346536091336934e-02 1.158763665769876744e-01
1.044208838756765545e+03 2.205498317298773543e+02 -1.851660147426254302e-02 -6.570482786988555805e-03
2.632606344362542927e+02 5.304273332253494573e+02 4.450142512167885173e-03 9.444979213505967294e-03
1.061511348859029795e+03 1.545275057010054525e+02 -2.222579336087006918e-01 -2.174681648524151856e-01
1.310230337825823426e+03 3.520372704382364191e+02 2.424438960586630665e-01 -2.752155014043072140e-02
2.810435170380573027e+02 4.871984101168068264e+02 -3.156014931991175249e-02 2.110919633603428394e-02
1.010775468082734051e+03 2.028386740056473911e+02 2.813883091062693072e-03 -9.176785069353749977e-03
1.178172342805639801e+03 3.725465402242036816e+02 2.361892907171276451e-03 4.749011934611932582e-04
1.010251564110013533e+03 2.330099547555329025e+02 -2.198806104573030554e-03 -5.662820173472317940e-03
1.019124240267731807e+03 1.788480955710136016e+02 7.286867508960714543e-03 -2.313293038206572520e-04
1.036739922089814172e+03 1.731730981538395326e+02 1.032863932433334027e-02 -2.805063611868105489e-02
2.157780085303029693e+02 7.401653028354428443e+02 4.572866740623952875e-03 -5.813483550632485286e-03
1.037422741335020191e+03 3.005938521372437435e+02 -2.639283621412857883e-04 -3.137666784978065948e-03
3.689525842734975072e+02 5.181645458371526729e+02 1.628835390494122416e-03 3.698340081343072516e-03
1.011396034734292357e+03 2.560540521856233340e+02 -8.298546529370049926e-03 -8.858666314331855099e-03
2.024761604666293806e+02 7.100014146631015137e+02 -2.831737884620332685e-03 -1.364142191246245882e-02
2.573381141850046561e+02 3.801316464671460835e+02 4.101135849677553687e-03 2.548304378670386214e-02
1.112516814529773455e+03 1.790484446348687584e+02 6.591096085663418480e-02 2.301175249919006419e-02
5.343306333678190185e+02 4.149254845443393265e+02 -5.401798476417171528e-03 2.744621371179998995e-04
1.180067075105878075e+03 2.166074808574777251e+02 -5.813577853005568119e-05 -2.924994944442890765e-02
1.277730205191099230e+03 3.405630521576217120e+02 -4.491951269693041926e-01 2.429762251958815511e-01
2.526299320508857704e+02 6.237119097326242354e+02 1.750636761958427809e-02 3.145896515659387521e-02
2.195705461360977040e+02 7.435936744892808292e+02 -4.964775988839200023e-03 1.043276214148073505e-02
5.682233126339707496e+02 4.385079212126229891e+02 1.639709320090189208e-03 1.850841386233999632e-03
1.205056231199012018e+03 3.537474682975716860e+02 1.874725842650517421e-02 -3.091730095143487358e-02
1.207138300420643645e+03 3.975775072265149106e+02 -2.298554374407071887e-02 4.664237927223686617e-03
2.699017593186468957e+02 7.114570897604476158e+02 4.171454557101976490e-02 7.336554762018590581e-02
3.319002461057983169e+02 1.070914028923551996e+03 2.064577211549396829e-02 6.203724328112289813e-03
2.317082265972582888e+02 2.999545994584269692e+02 6.054045582970195988e-02 1.596353976276166653e-01
2.545986688144895425e+02 4.239668167279299951e+02 -1.517662672602873297e-01 -3.169006133226334732e-01
1.188263141371031679e+03 2.543259284910947997e+02 2.932055835149022932e-02 -4.225820841307026399e-02
1.283470618563668268e+03 3.219929144238984691e+02 -2.084267721602779122e-01 -5.062109575247676629e-02
2.553138865965134698e+02 3.634963292110420525e+02 -5.437473515381829187e-04 -3.503051344209366386e-03
2.216234364635825216e+02 5.648913620700363936e+02 -2.563987460155048650e-02 1.149213673665950702e-01
7.420604687057568754e+02 9.636389777689298626e+02 2.279030964502823994e-03 2.142075929970975109e-02
2.697698868566114925e+02 4.096880139829220866e+02 4.204421396860343746e-02 8.476717851122747560e-02
1.093936151526660069e+03 1.591981652207305729e+02 -9.342003178726543400e-02 1.478662863490591006e-01
2.663362178376567044e+02 4.497622509250591065e+02 9.356973492059567771e-03 -1.225563098216097269e-01
3.078049856417579804e+02 4.594331508585198094e+02 2.961135534634379025e-03 1.361994782292605529e-03
1.136537899842099250e+03 2.042317633715872773e+02 -1.695871819349926701e-01 -7.376622062785670453e-02
2.924018179271657232e+02 4.403356630636881164e+02 4.288520351938065328e-02 1.607066619251082129e-01
1.261684970333135652e+03 2.004796679108393676e+02 1.480287332451909804e-03 -1.608677584364252497e-03
1.211495059970675584e+03 2.164492439729516207e+02 -8.221213626925686496e-03 -1.287058458210171320e-02
5.713840125176038782e+02 4.969798846346287746e+02 6.029649085582925935e-03 -4.120291273923113351e-04
5.127558752725187787e+02 4.758420751468741514e+02 -5.453777408665928111e-02 4.483059913018450776e-02
7.171423891563193820e+02 4.755959876201360998e+02 -2.797719320665237363e-04 8.502370475644055806e-03
9.881219528628200806e+02 1.784144336947360898e+02 1.678071118360502552e-03 8.523612361753930486e-03
1.027944065459199919e+03 2.333793888392764586e+02 8.358454057450179567e-03 -1.942763014398170979e-02
1.031140416446611653e+03 4.449870033113013505e+02 -2.379450606616844560e-05 9.921627811274205504e-04
1.144648446228696230e+03 3.636707192883407060e+02 -3.803901245034040091e-03 -2.269393299165785305e-02
1.805310427846287382e+02 6.333282010440980230e+02 6.290492699077750161e-02 -2.819659150405010584e-01
2.170838171661912952e+02 6.601671155418515582e+02 1.733988453446557929e-02 9.898547137576853283e-03
2.296585938325221434e+02 6.956324978788259159e+02 4.812378807688515864e-03 2.198372547900362406e-02
9.940541099989836766e+02 2.496695502786439249e+02 1.387459024402793980e-03 3.362885453210319995e-04
2.619234975570938673e+02 6.690560713906476167e+02 1.184406434257764297e-02 3.697957483113702669e-03
1.086562448348476210e+03 3.399337877161970027e+02 1.307914920477307348e-02 1.671551409663893720e-02
1.154958061948856084e+03 1.900661474389855528e+02 8.264880106198392584e-02 8.691979504759773933e-02
1.137030740770587272e+03 2.285973651049937700e+02 -1.139635881501184847e-02 2.801923682973618546e-02
1.148801492083778612e+03 2.476368290973528588e+02 -4.576626877372330475e-03 2.037329707995206088e-02
2.447203776534916528e+02 7.099287333646672096e+02 -1.918067126329402476e-04 -5.022662625660616852e-03
1.125600722310158744e+03 2.985025724452843292e+02 -6.356341393393966088e-02 1.383241795726904144e-01
1.241280349443060004e+03 2.774089160936533176e+02 -4.107300881108650811e-03 -6.991324711640075143e-03
1.488451182853631281e+02 5.355580159320238636e+02 -6.676194022812002599e-04 5.694109399004025282e-03
8.925874941729427974e+02 3.502650946414585178e+02 4.363291624821497017e-01 2.022739355194718147e+00
1.009353138906649519e+03 1.973397313561214617e+02 -6.873836949741261686e-03 -2.495776142893161090e-02
1.165017408522333881e+03 1.855168825318218353e+02 3.875812361308440118e-02 9.758893925570909234e-02
1.203663314720777180e+03 2.562870350891315638e+02 -1.013726368265873562e-02 8.460386692266228144e-04
1.297131545797747549e+03 3.321212981633862569e+02 9.577478770962643065e-03 2.562369954580944994e-04
2.412042945404812713e+02 3.065661691450225135e+02 -6.002617425182279337e-02 8.939845224286528669e-02
2.523754880350773817e+02 3.439788397557582584e+02 -1.073550880834090934e-02 1.573208476199567871e-02
1.163919028954084297e+03 2.231416708457269067e+02 -4.729212006293437125e-03 -6.314960477565278660e-03
1.148144668756413466e+03 2.814724117994869061e+02 5.040935129090940055e-03 -4.951687604261678644e-03
1.943805343333547171e+02 7.016691336075281242e+02 -4.502491757124004942e-03 1.257366199300236033e-03
2.541475952555064737e+02 3.388481713433237132e+02 5.270825591131401977e-02 1.435333393509833355e-01
2.718856982916781249e+02 4.844205114578282405e+02 -4.807301118139898841e-03 -1.227184557171694806e-01
8.210841514850339706e+01 3.241031669277450078e+02 -1.075561485335110911e-03 4.398906074979286318e-02
1.945252424007558716e+02 5.354738198309602240e+02 1.826182708237816532e-01 1.473155102097627178e-01
5.555203323676348646e+02 4.147690578507977079e+02 7.990887960428799328e-03 -1.547866132476117818e-01
1.165583240690780713e+03 2.075203664406059829e+02 -1.505944080344976885e-02 2.347458471623559834e-03
1.974891981756677808e+02 5.498518316281781608e+02 -1.852200326494375313e-02 1.824157654263947326e-01
3.130139659143209769e+02 5.776918037876205290e+02 4.352289060471106058e-02 9.164620933950716475e-02
2.370289175302810918e+02 5.327158144583595458e+02 1.241277477577321375e-01 -2.747967385544819452e-02
1.006600995173512615e+03 1.664149658510442293e+02 3.017465564893907076e-02 6.818632127835304313e-02
1.023782679780132753e+03 1.975771117932371510e+02 1.389095266195245447e-03 -5.950638958489969967e-03
1.192953663804403050e+03 1.762251660780906377e+02 1.995379725453121089e-02 -2.268457526454113055e-02
2.109846616770395258e+02 5.773990946058274858e+02 -9.775494698520312276e-02 1.982599800314678584e-01
2.303286081221977497e+02 5.936329211354741346e+02 -2.206707720651809868e-01 1.130711136506054593e-01
2.832352258715148992e+02 6.236582395750421028e+02 -1.779499731730686167e-03 -3.418639167595658584e-02
3.094347529885075119e+02 5.145908981900252002e+02 1.435323002682480364e-01 2.346248518763758284e-01
2.452886489432624444e+02 3.584506297623526621e+02 2.897780722403402696e-03 9.514408310699959057e-03
4.642739156603833521e+02 4.569094543513214717e+02 -4.390619207785156387e-03 2.584043777876721473e-02
1.119879382352120047e+03 1.983678961398381659e+02 -2.695153823898571027e-02 6.278520173261929738e-02
1.137533943937492950e+03 2.689720219207382570e+02 5.637291900650650417e-02 3.278120936916820716e-01
2.256166803813079298e+02 5.752042247869786706e+02 1.764200173100229085e-01 -1.895255715781461736e-01
1.299871267863664571e+03 3.137101967569149110e+02 2.093727414884436616e-02 -3.951479453386790019e-02
2.431963239037791595e+02 4.956971621731415780e+02 -3.018491386128310250e-01 2.827060619728912760e-01
9.998617105499763511e+02 1.685199188082996216e+02 6.261851007336920183e-02 9.030845577941125357e-02
1.090105145556611205e+03 1.601603254575861683e+02 -8.618977836607139009e-02 2.112414503099902321e-02
1.164405615971339103e+03 2.335560442902524585e+02 -2.281237854054146003e-02 6.183825359181238136e-03
1.956304885389062065e+02 5.791110444608773378e+02 2.250705907580609171e-04 7.822374329565938769e-03
2.102463310511380428e+02 7.111069325594028214e+02 -1.186002535817120770e-02 -3.541872365052644439e-02
2.033473380551378682e+02 6.430998960367094242e+02 -1.784364911879503524e-01 2.693140983816668665e-01
1.858757450423673561e+02 6.486779983951494160e+02 1.853307109820381271e-01 -3.114106700965635355e-01
2.930209104120302754e+02 4.625848870393944026e+02 3.369269057844253429e-02 6.092436487127146638e-02
1.121685998288771771e+03 2.080464293808494745e+02 1.099555035239650480e-01 1.368577137553216028e-01
2.807861275421302025e+02 4.824993158833089524e+02 -3.137135608597342584e-02 -1.265760301822448780e-02
2.582862671327660564e+02 5.067323840427405912e+02 1.055808893220576833e-01 -1.094642790154997242e-01
2.052366530036970005e+02 6.013052827004821665e+02 1.566932373128082645e-01 -2.107463993855200612e-01
1.139765547509852013e+03 2.513257520481729443e+02 1.821275287350168637e-01 -2.712544491849312456e-01
1.179318696491932315e+03 2.592182306937327780e+02 -9.964931279039869125e-03 -1.893666595132038888e-02
2.111710876581744003e+02 5.720807872690265867e+02 -1.132030724729290658e-02 2.404504209769756651e-01
2.523741905586686016e+02 7.056068357794940766e+02 4.739800295781072988e-03 4.708222994078180984e-02
2.265980816443968422e+02 7.263813760804422373e+02 -1.383323158010747386e-02 -2.433835666968677675e-02
1.082438621717781189e+03 1.882559875155945122e+02 -3.059188953295688407e-01 -6.638104801063551830e-02
1.274721073915051875e+03 3.412102721014301778e+02 3.274382567909291386e-01 4.415724913291642351e-02
5.201278761464539002e+02 4.332249924778808463e+02 -3.570104221580550075e-03 1.711092871173773566e-02
1.079668013125237167e+03 1.518909988933671684e+02 1.960333620599562232e-02 5.349776213900322682e-04
1.096304921374522337e+03 1.998035949484315381e+02 1.130599295933852472e-01 -1.726567768985879103e-01
1.022596726474299203e+03 2.359164896624289156e+02 -5.638957737691002031e-02 7.388419411239827150e-02
1.250043544882355491e+03 2.792578735520378359e+02 1.127603707937446936e-01 -2.942777697636845269e-01
2.575357802410136969e+02 4.970682673445704722e+02 -6.054989910629816202e-02 -2.320166131874980830e-01
1.094255235508336455e+03 1.925796103252112346e+02 -2.070182745211468500e-01 1.609816248228121693e-01
1.167716500378219507e+03 1.586696870812206441e+02 -3.824708518130557136e-03 -1.700445172565969928e-02
1.185115108256116855e+03 2.253489995786068789e+02 -2.099614290124498725e-03 -9.664843149839551575e-03
8.223121744745235446e+02 8.774348662120485187e+02 -1.925759349308884052e-02 1.000666235625675797e-02
9.682273201768211948e+02 8.565925197845645016e+02 -4.107800247057779609e-03 2.611999942045118935e-04
1.567495544979173303e+02 4.828576947295712785e+02 1.153318804748607873e-01 3.694763000660600261e-01
1.126049913287564777e+03 2.195975686608979913e+02 -1.395373555578498792e-01 -3.246087400734608969e-02
1.049838498009719842e+03 2.839665558127003351e+02 3.084465425077723838e-02 7.430957954481982874e-02
1.176584737609555759e+03 1.459833741090456840e+02 1.343667835520591380e-01 -3.493474455719137728e-01
1.129813665331738321e+03 2.850525167450959430e+02 2.467757487289418475e-02 3.238530329954210085e-01
2.726162377939562589e+02 6.579887544650757718e+02 9.289979048005533868e-03 -1.322677682298490330e-02
2.677327206916560840e+02 4.005100893882220134e+02 1.486994033868664113e-02 1.373631944865015553e-01
2.648391719912695521e+02 4.588188393158925464e+02 -5.900613713163001955e-02 -1.932713842474527155e-01
1.102594381828876294e+03 1.957778601027227126e+02 1.072143019687246124e-01 4.765434978961498487e-03
1.216035954855875161e+03 2.740806614058838022e+02 -3.277099060407332679e-03 -9.779977753675931154e-03
2.629036917253037018e+02 3.684517415770677076e+02 1.035178618237207228e-02 3.139169577447684795e-02
9.307097211471827904e+02 1.889702870794541241e+02 -2.327832576544670157e-02 1.270924321393042920e-02
1.077961416726451262e+03 1.763620504461028133e+02 2.125784656745271783e-01 5.189886116930176457e-02
1.664842622436298143e+02 5.403153980825609324e+02 -8.585189657973579802e-02 -1.939906213267180435e-01
2.626677975986941647e+02 3.608105775741330490e+02 -4.984601257445640116e-02 5.706340817619609887e-03
1.057746720653709644e+03 1.643502754994538861e+02 -1.747674284226935493e-01 -2.008569088169296635e-01
1.186705576708535773e+03 2.984407508366750790e+02 3.409743408738925563e-01 2.633673644084963406e-01
1.591565041745882070e+02 4.870718056729955379e+02 1.538887199087450031e-01 1.745460250055706208e-01
2.732959186015511932e+02 3.829145802483312764e+02 -2.599241672288328531e-02 -2.291601009049297130e-02
2.278326037586303130e+02 5.907683566605194301e+02 -1.141814367245555795e-01 2.250100713984823364e-01
1.104643039845563180e+03 3.216588760089620678e+02 -8.248745098876497650e-02 1.198874213078227058e-02
1.110008592690543537e+03 3.199193931069284531e+02 2.763479070592893619e-02 -1.420687610324165573e-01
1.278990453845981165e+03 3.326585243037688997e+02 -3.395202361232804722e-01 -2.422195448141053337e-02
2.179889509903936755e+02 5.635912884388180828e+02 -9.527112195675471740e-02 7.232760614987228387e-02
1.080642496394203135e+03 2.718593781510725194e+02 3.533094783983391496e-01 1.288404707230872692e-01
1.170023245574458542e+03 2.042533397233180779e+02 3.630751799870554977e-03 -3.793483169067862759e-02
1.196202226963237536e+03 2.112043984984069311e+02 -8.303831830373479411e-03 3.415783908198627341e-03
2.131603497801478397e+02 5.794014704270523453e+02 -2.564374389870157506e-02 2.287172585417321935e-01
2.343254929994101303e+02 2.937893073318699635e+02 5.347974869739699488e-02 1.934662902380858140e-01
2.746957639726615525e+02 5.095005823733551438e+02 1.020999120466272933e-02 -6.486930888870763579e-02
2.684619040131207726e+02 6.824615728975685442e+02 1.443608746992847656e-03 -2.653121022630481815e-02
2.298292616607779735e+02 3.377034588619299598e+02 -1.408167039804331666e-01 -3.555981331176834570e-01
2.213582700721250944e+02 6.809101126331252090e+02 -2.926922798047826291e-02 -1.311890683306875596e-02
2.967740366428822654e+02 5.009336466445477640e+02 -3.163661741050916021e-02 -3.373101702726089002e-02
8.691094294417313222e+02 3.165634339071370960e+02 4.484988970457531310e-01 1.804755268026152271e+00
1.126837716215543196e+03 1.757057817682423888e+02 -1.474879191825342051e-01 1.713037051540406142e-01
9.894368763027345040e+02 2.013118660905421677e+02 3.197246799664602013e-02 -2.171138809421790938e-02
1.146583774471791685e+03 2.202852341518287176e+02 1.438741038493086995e-02 -1.980890297563462354e-01
1.953086652144404809e+02 6.466342739256040204e+02 1.123121811749153154e-01 -1.141029530722335004e-02
2.524002694965127205e+02 5.546577659715355821e+02 4.821340439760847529e-02 -2.919663488050413744e-02
2.396539068054933637e+02 3.169639637185563288e+02 2.657692374950215708e-02 5.080452676518758953e-02
9.997074138097775631e+02 1.881613386243150501e+02 -3.331936332643600784e-02 1.347861645689647503e-01
1.056198301375307210e+03 1.785841574506313805e+02 -1.714742774293671716e-03 -3.954322291770040465e-02
1.063143348323468899e+03 2.142661988665534523e+02 4.239481141472914438e-02 2.045996323084295909e-01
1.045830240492707162e+03 2.245682856362738562e+02 3.508059806068349051e-02 -3.976737942862813152e-02
1.168652385589176447e+03 3.115054246460830427e+02 6.380827192921199875e-02 6.984399541969511793e-02
2.447469199856621458e+02 3.768257853094701204e+02 -1.252321212242790693e-01 2.060327662976154176e-02
5.839018613506063957e+02 3.895268617892020302e+02 -2.543075136329283129e-02 6.373341809852679958e-03
5.724648220057317758e+02 4.003792329850374472e+02 1.745674434031722552e-02 -1.213128632504757859e-01
1.072110080824629222e+03 1.558978148927965890e+02 7.034716052724358792e-02 5.817915030442340901e-02
1.112096841116827136e+03 2.206868775971513799e+02 2.876870012895930626e-02 -5.646164474657430071e-02
1.123528794644059872e+03 2.260014700953670399e+02 1.379660712371446607e-01 1.369759869453162082e-01
1.207811196387692007e+03 2.130948536642661963e+02 -1.012561357614079859e-02 2.030986663129870709e-02
2.509397987442486908e+02 3.667881994305991498e+02 -1.458128749761365001e-02 -3.151306777159458301e-03
1.175007088386344520e+02 4.449750201736251256e+02 -6.083143297747994893e-02 -3.071263963895903282e-01
2.345301904866501559e+02 5.110519160360221917e+02 -6.638242924985217341e-02 -7.111660057128946222e-02
1.003453112917799217e+03 2.504495108516301798e+02 -4.541286082098849874e-02 2.110023471346044732e-01
1.168939875959323444e+03 2.526141693523132972e+02 6.876316889536776208e-03 -1.103823190718923250e-02
2.505700813067614092e+02 5.448402484109142279e+02 3.641495694913032821e-02 -5.898507086465087923e-02
1.848810412711601998e+02 6.499220956945189300e+02 1.705074786387761054e-01 -3.675929158742147762e-01
2.473163523557608698e+02 6.658269472570854077e+02 -5.209492805730323202e-03 -1.684191849820267095e-02
2.755973720289145490e+02 6.656445263124730900e+02 -1.733412694735327747e-02 -5.551085774845887499e-02
9.096824991915389091e+02 8.400831483141746503e+02 4.112382512000129289e-03 8.639330625927950716e-03
5.893180736046367656e+02 3.920903436926540735e+02 -3.779982422679495444e-03 1.479074535346285371e-02
4.889382038058489002e+02 4.757800556871598587e+02 1.229418032788203233e-02 -2.557353029294517823e-03
9.305273709593971034e+02 1.890359605737589277e+02 -4.683785949655430020e-02 7.794983196542659698e-02
1.133791888030103109e+03 1.679430456247391987e+02 -5.003884136885972111e-02 2.430099457770154570e-01
2.515938484177451642e+02 7.083685180270842920e+02 -5.551812447436077491e-03 -1.259081419669882962e-02
2.428138691281490082e+02 2.935553695272737968e+02 -3.380621790509192497e-04 2.007274108371082944e-01
2.874736417913368314e+02 4.376411213538129346e+02 4.483022584633999941e-02 4.351649153780575048e-03
1.062524815839974735e+03 1.882386755893154202e+02 -2.671736209953855246e-02 3.533043675715122345e-02
2.439527058551098264e+02 6.126445600636006930e+02 -1.926395272688649998e-04 1.476608854951816929e-01
1.100443843043182596e+03 2.425861404207366547e+02 -7.461176989403384141e-02 6.833268184708529702e-02
1.086899339109961375e+03 3.278560584968940930e+02 4.952193243158831137e-02 4.597737253556033465e-02
1.151483432583991316e+03 2.668483118656922102e+02 2.567353769186127010e-01 -1.712684398631267868e-01
1.324946261466562646e+03 3.243735362429052316e+02 -5.359981448166593054e-01 1.621054507810839596e-01
1.237639332478289134e+03 4.174437696191961322e+02 -1.093857271516185392e-02 1.912139903605947211e-02
2.823188590140031806e+02 5.848058629133523709e+02 2.989981376909867095e-02 4.091266265436388494e-02
1.171283057076467003e+03 1.894481210629675445e+02 3.105697641649385332e-02 -1.362407947252311791e-01
1.154970894030540421e+03 2.548275707623938899e+02 1.361475734018508243e-01 7.382079005914274350e-02
1.140465680119189074e+03 2.933449028884454037e+02 -7.495366755879980837e-03 2.934507543898315918e-01
3.145648080485386231e+02 5.468418255999353050e+02 7.470365284234503633e-05 8.089546391569715431e-03
2.295205919182638752e+02 7.191147915439863709e+02 9.753685922224317531e-03 -7.502914044104207550e-03
9.306138447438053163e+02 1.891657075100575582e+02 -4.905665975572522791e-02 1.605029424757589140e-01
1.054476522143638249e+03 2.035598808464924616e+02 1.922487497667285938e-01 -1.895747620418148927e-01
1.073465628407424902e+03 2.269708255417305907e+02 -1.589904594335772858e-01 1.008352210884268629e+00
1.112583956858625925e+03 2.385997008970709885e+02 -8.346577142015121353e-02 4.998178950907572471e-02
1.144084609692148433e+03 1.986363488030863209e+02 -1.054526616011723129e-02 4.449508273911343542e-02
1.136225543510163561e+03 2.631060292487402421e+02 8.152912655111776985e-02 -4.134876395477249389e-02
1.260448934361596912e+03 3.447494762652867735e+02 2.376249077306435142e-01 4.493876547737348653e-02
2.857614851135728600e+02 5.511637846542474790e+02 2.089937556200046134e-02 6.465627149481179003e-02
2.677670962671197685e+02 7.116816649726264359e+02 -2.242611791157855805e-02 4.670601566302442359e-02
7.432532655533790376e+02 9.501587377204749600e+02 3.786882013927576202e-02 -2.584708504663997888e-02
2.458483774489417613e+02 3.100875640349245828e+02 2.348412805829980243e-02 1.024694767383721172e-01
2.388274020351495039e+02 3.310565177738049556e+02 -5.879010148477732678e-02 3.286172044238355565e-03
1.082944693410296850e+03 2.100615377382355575e+02 5.161607553654903174e-02 5.248383261480284862e-02
1.197891219909126221e+03 1.694700220954877636e+02 3.348721101292540143e-03 -1.343409346341104503e-02
1.160360135403899221e+03 3.135733723788454199e+02 -4.710398077913850734e-02 1.896542836801131671e-01
1.136461778851796225e+03 3.594561109361767421e+02 -1.423030268424554413e-02 -1.275721243881662234e-02
2.728796471402332600e+02 5.404988230816243231e+02 -1.103277546972321888e-01 2.234371450181242905e-02
3.241471999085450193e+02 5.293696467121709475e+02 -2.998991444945886542e-02 -7.421552360542590931e-02
2.512981745850515267e+02 3.153812117715527279e+02 1.833924431462463644e-02 -1.025142511758900810e-01
2.414448535021261932e+02 3.747542436903854650e+02 -9.105837747461009712e-02 -1.625526337148528455e-01
5.601756735571348145e+02 3.943352143099060640e+02 -4.247029002158342337e-03 -8.736042005669730770e-02
9.923038163230971804e+02 2.119287377975956588e+02 -8.143634597283266885e-02 4.088672375215907095e-02
1.135383990966322017e+03 3.309639406205421892e+02 2.015530994661958175e-01 -2.544886695926749098e-01
1.258981999024020297e+03 3.172480540730499001e+02 -1.282833661406357351e-02 -1.392295625732344888e-01
1.153898016891521365e+03 4.129573711883823535e+02 -1.267160087467118501e-01 9.393386759163036004e-02
2.474855808740246346e+02 5.337028265393016682e+02 -9.788542019667545446e-02 -4.989825576905104754e-02
2.442323688542975901e+02 3.791059648018687653e+02 -1.214274922711335164e-01 7.567048176950190441e-02
7.111639769549741459e+02 4.244812823952722738e+02 1.724078872594721548e-02 2.478102287559143593e-02
1.031790949149731887e+03 2.244593899032125819e+02 1.129779488541468452e-01 -3.255690388456855544e-01
1.168265618984191633e+03 1.684263707226016322e+02 3.481445173207854960e-01 4.492236933718061209e-01
1.166976102483033628e+03 1.807864437818355725e+02 -5.414601725813857763e-02 1.338701829120623188e-01
1.181499943468787706e+03 2.183689876806030554e+02 1.677117403204041179e-01 -7.239381421958530904e-02
1.947950477847093964e+02 6.429796833442210300e+02 -7.793671857342587828e-03 -2.889829521245701471e-01
1.159601886204034372e+03 6.405357601847250635e+02 -1.068507548067524661e-02 3.954073236664801816e-01
9.220753630315882674e+02 7.199958640534302958e+02 5.155001443573231645e-01 -6.156604386260369211e-01
1.703536448590637065e+02 4.550617021670897202e+02 3.324387299619502301e-02 1.346815370425247238e-03
2.894191782003708795e+02 4.721686031720599317e+02 1.205479218856453372e-02 3.467701037366737182e-01
2.977207773885477309e+02 5.261148817359789973e+02 2.910085298935882747e-03 4.127538208643954931e-02
3.111245492850912342e+02 5.037275556610623539e+02 -8.147434290970068105e-02 -1.496254460067234504e-01
1.087958064863631535e+03 1.675869899508583956e+02 4.341690572664447245e-02 -9.496779304032543223e-02
1.098755452470266846e+03 1.704903078967340662e+02 9.959206922405883233e-02 -2.477623361973684268e-01
1.135924579325616378e+03 1.863487761586113720e+02 8.557823588967039541e-02 -1.166308326658906935e-01
1.008043482624844273e+03 2.096397944085786378e+02 -2.499001294432900977e-02 -1.044577630490550746e-02
2.359435854200609981e+02 5.649997141399762768e+02 -2.217441411654874628e-02 -2.172926118848863553e-01
2.703385072337949850e+02 5.756600175411035707e+02 -2.169299301777698474e-01 -1.929381865501227367e-01
2.818943514295903583e+02 5.954543432869668322e+02 -1.387371573969176097e-03 8.679576516783527040e-03
9.241417979583675333e+02 7.211801092287057600e+02 3.700139627902103712e-01 -4.392959527908715245e-01
7.172767768781308177e+02 9.696797249267425514e+02 -8.595593123351363829e-02 4.010559504109778572e-02
2.561566920537416649e+02 3.333859024195317602e+02 0.000000000000000000e+00 0.000000000000000000e+00
2.376848188722343025e+02 3.580841320269340144e+02 0.000000000000000000e+00 0.000000000000000000e+00
2.616738189166189841e+02 3.878408803268694669e+02 0.000000000000000000e+00 0.000000000000000000e+00
2.865396672636784956e+02 4.885637180420803247e+02 0.000000000000000000e+00 0.000000000000000000e+00
2.778111629016702864e+02 4.979999625045770131e+02 0.000000000000000000e+00 0.000000000000000000e+00
2.441663915773711437e+02 5.057470546472694082e+02 0.000000000000000000e+00 0.000000000000000000e+00
5.666593265785965059e+02 4.301267076030984526e+02 0.000000000000000000e+00 0.000000000000000000e+00
5.921581257190752012e+02 4.796942850368370728e+02 0.000000000000000000e+00 0.000000000000000000e+00
1.110566981760291128e+03 1.610048048365326849e+02 0.000000000000000000e+00 0.000000000000000000e+00
1.062959462279203990e+03 2.137087191177275542e+02 0.000000000000000000e+00 0.000000000000000000e+00
1.184406006137229269e+03 2.084735686752246977e+02 0.000000000000000000e+00 0.000000000000000000e+00
1.141498038278864442e+03 2.315458850990180792e+02 0.000000000000000000e+00 0.000000000000000000e+00
2.412167912622429071e+02 5.565439775241052303e+02 0.000000000000000000e+00 0.000000000000000000e+00
2.330334166958297430e+02 5.960055079172711885e+02 0.000000000000000000e+00 0.000000000000000000e+00
2.227946684642598996e+02 6.118466518642429719e+02 0.000000000000000000e+00 0.000000000000000000e+00
3.165124427293865210e+02 7.177174564422094818e+02 0.000000000000000000e+00 0.000000000000000000e+00
2.781257801776831116e+02 7.785139452234672035e+02 0.000000000000000000e+00 0.000000000000000000e+00
9.200680716373877885e+02 7.185847755988172594e+02 0.000000000000000000e+00 0.000000000000000000e+00
9.262007250388842294e+02 7.224194707256183392e+02 0.000000000000000000e+00 0.000000000000000000e+00
9.159644310435659236e+02 7.286600441915988995e+02 0.000000000000000000e+00 0.000000000000000000e+00
9.441300667116483964e+02 8.325562920862837473e+02 0.000000000000000000e+00 0.000000000000000000e+00
1.058531061501626482e+03 8.511356523949027633e+02 0.000000000000000000e+00 0.000000000000000000e+00
3.727429717326633636e+02 1.049475576369889495e+03 0.000000000000000000e+00 0.000000000000000000e+00
