1.331791010843421361e+02 3.820742149680837088e+02 -4.753758676213969657e-03 -7.303414221361985426e-03
2.521818013726004324e+02 4.636333007163989919e+02 -6.934672459322266435e-04 4.128242241253841081e-04
3.146001491017515832e+02 4.761749958141475645e+02 8.045416967312427753e-04 -2.218925812303608556e-03
5.629220856248439304e+02 3.801220234470443984e+02 -6.642621654025175626e-03 1.556148642555005464e-02
7.062343978604079666e+02 4.144248871133212333e+02 3.206836455160555488e-02 -3.574484244805685440e-02
6.343720224492527677e+02 8.219496373918873360e+02 2.083333722229065491e-04 3.256836506174709284e-04
9.124062787242853574e+02 8.058862351944848115e+02 -1.057797947924378175e-03 8.686474956097173889e-04
4.599553990281143570e+02 9.415581924786018817e+02 8.651307925305499547e-05 -6.648105006233620464e-04
9.039199921935855855e+02 9.223423518089380195e+02 -1.329161352109307220e-02 -6.958273073914734638e-03
9.008343712415902473e+02 9.263182915352358577e+02 1.218316902137046680e-02 9.005455654939603519e-04
7.072160752430668254e+02 9.903319617725496755e+02 -6.213013081916491688e-04 -1.023192761401855218e-03
7.151202094956122437e+02 1.011414005076735180e+03 4.621599629589050705e-04 6.251799047551667406e-04
7.049072759925237506e+02 1.023810725733247182e+03 -3.110036447115717981e-04 1.670406010112171664e-04
4.817101741273903031e+02 1.099056705260184572e+03 4.382250336041777490e-04 1.191123048110876868e-04
7.044813520281642241e+02 1.036463413074144910e+03 1.593190548052493387e-04 3.074445309253086333e-04
7.518422671685989371e+02 1.067529007354676878e+03 -1.139693176979238691e-04 -3.152424496019562796e-04
7.455358066007845537e+02 1.071397111736229817e+03 -1.387916751825584317e-03 -7.884236062753837478e-04
1.311466721800420601e+02 3.250419607644179791e+02 -9.903115240149980725e-04 -2.940916657109937660e-03
8.996843223110162171e+02 1.102222359735016425e+03 -9.572731210804668548e-04 4.699299606524825904e-04
2.423734187546185979e+02 7.564645782947776524e+02 7.819516600006740786e-03 1.670992087031884440e-02
1.245063134626913325e+03 3.724691666671859593e+02 2.362502578168036553e-04 2.062587131823163770e-03
1.184442843246295070e+03 2.338451674851742155e+02 -6.822036704883124164e-03 1.791097308499009066e-03
7.157584519791244020e+02 8.818265205365430575e+02 -1.205089473814095497e-03 -3.751984255147660361e-04
2.365030593593639310e+02 7.212359544584645619e+02 9.977897452770187123e-04 4.554438491621536078e-03
2.504644112425434912e+02 7.472309007396274865e+02 -1.430995558727732276e-03 -4.265883714082303857e-04
7.195290603000984220e+02 3.575391557885931775e+02 1.723479506567135010e-03 6.757742375132486231e-04
5.709019286218160687e+02 3.779050809961287882e+02 1.374310754849740121e-03 -1.303052877479484242e-02
9.325066890730311115e+02 8.437897231226387476e+02 1.836942898249405848e-02 -6.163103608228669324e-03
1.010237358920660540e+03 8.120575786479356566e+02 3.817442870498699483e-03 -2.341574090177017328e-02
2.429014437366084564e+02 7.427372099778085612e+02 -7.328880401222713330e-03 1.105953874889789969e-03
9.867193429568284273e+02 8.252621945040895071e+02 4.103763575818956955e-02 -2.228279133320785685e-02
3.078952094362304024e+02 6.622006996566580028e+02 -5.254380893200951037e-03 -1.573168431140839138e-02
1.015029474998813271e+03 8.147142375181903162e+02 -3.062135554351148869e-03 2.567247628096785885e-03
9.441889644725894186e+02 8.345250576410858230e+02 -2.783195525735929644e-04 1.916597424157078086e-03
1.003948032225038901e+03 8.366049670934723963e+02 -1.737738836973987035e-03 6.445206469450541140e-03
2.324944445356748588e+02 7.242497776485934082e+02 -6.088455975687997838e-03 3.148192817069693766e-03
4.801160857804887314e+02 4.348326298136616401e+02 1.653829022600213257e-03 -9.392388477472691372e-03
1.024265477279663628e+03 8.054199339004572948e+02 -6.152114683586525253e-03 4.048554506279386685e-03
2.174181724793262163e+02 5.225280505698988236e+02 4.711801156222148444e-04 2.038730017681592704e-02
5.761371597609304445e+02 4.208163281852965838e+02 -3.831660702733435866e-03 1.453690118124554773e-02
7.308712507299399022e+02 9.239360357684037126e+02 -1.282410555151304588e-03 1.685641255357725075e-03
9.574109349426684048e+02 8.471865511751975646e+02 7.876065181769920315e-04 1.519867779940327866e-03
7.488683724323901743e+02 9.544516258778535303e+02 2.130779174636488610e-02 -6.539584368254347350e-03
2.644961157437950305e+02 6.669960074555027632e+02 -5.631389849730738563e-03 -2.097603320880627592e-03
8.247325400358267871e+02 1.102240764333616426e+03 -3.487200634629849437e-05 3.255931679420725187e-04
7.512324300660548033e+02 9.592448528418065052e+02 5.465699272297633304e-03 1.455460866898733094e-02
5.618655545368102366e+02 4.716171101587318617e+02 -6.192263985396250642e-03 4.759410105049987315e-03
5.661865748913887728e+02 4.750638271934234353e+02 1.478092467720563312e-03 1.439089129901434123e-04
9.161914939174467918e+02 8.443923328815930063e+02 2.691709740204012435e-02 -2.188023495678223171e-03
7.717387236073171835e+02 9.594173516143022198e+02 5.312842528616045813e-03 -2.988608140366757083e-03
7.711025712996818129e+02 9.426766448693414304e+02 6.125921253877968445e-03 -2.496256847857604086e-03
7.711265164121895168e+02 9.495173097652523211e+02 -1.928677554673467482e-03 -1.229079037462760867e-03
9.845185779248745348e+02 8.659404618643079630e+02 -7.394170061735338235e-04 1.518414800996354796e-03
8.008431423781095191e+02 9.521665910864649049e+02 3.728293453340628203e-03 5.067814634309464675e-03
2.103052081789795977e+02 6.742815107940756434e+02 3.513015834988326720e-03 2.236244405928641040e-03
9.740872484967428591e+02 8.841789574475545805e+02 -1.307136415243578429e-03 -2.668961762582971239e-03
7.570966291345276886e+02 5.291321706128055666e+02 3.720470052892796940e-03 -1.099997609379321437e-03
7.847574771657677957e+02 9.424405148084953225e+02 1.604912419150598957e-02 1.713693175587771914e-02
8.083260441666429870e+02 3.674567844394572376e+02 2.679084032185510313e-03 -1.240054636314603638e-03
2.346300969636760669e+02 7.008199204217061151e+02 -2.514994562003516638e-03 4.228980220048443248e-03
8.143605579845454940e+02 4.185155795225030033e+02 -3.602766146962107390e-04 3.283176241188474637e-03
5.830531385742857537e+02 4.032034183791123496e+02 -1.123868075599193141e-02 2.852180457127792817e-03
1.033515797975530404e+03 8.354938854524374392e+02 -1.011236406804194923e-02 -4.808500601970675512e-04
9.977628095857976405e+02 8.192712165728557920e+02 -5.988854976267518268e-03 4.362223120349178682e-03
2.278430746433918443e+02 7.688802267300827680e+02 1.521646836116469746e-02 -4.336534501170141373e-03
7.319665890753569784e+02 9.800241894293611722e+02 -2.123959613821976844e-02 5.680832234975916571e-03
9.922521432699820707e+02 8.334325523143101009e+02 4.217329240406239750e-03 1.843695333445118534e-03
1.056904524894283213e+03 8.509356192599304904e+02 -3.377765687326984411e-03 2.157483205909295661e-03
8.271705732465965184e+02 4.015183205540383824e+02 -1.056617231768649341e-03 -2.318469755783161834e-03
1.018449013940697455e+03 8.296788298427643440e+02 -2.866057831665379664e-04 6.993557258114703077e-04
9.479643751877274553e+02 8.372580917702908891e+02 1.166231264318128708e-02 2.690434277892023423e-03
4.660349214920603345e+02 4.548352129785810121e+02 5.445934452859884506e-03 -4.538829837451097485e-03
2.683644165123746461e+02 3.005920353007054473e+02 9.816934532483796022e-03 -2.890008211699575304e-03
9.580700069201584483e+02 8.226647039255263962e+02 1.975386341505687426e-03 3.084418616000707269e-03
8.173893308841529688e+02 9.350723722729427436e+02 -1.697058876695138781e-03 -4.469158439795335551e-03
8.167270891178910688e+02 9.442218629830982763e+02 5.370796749354334824e-04 7.500458029205607328e-04
5.494241179865846334e+02 4.331245710597830225e+02 1.078420456540491032e-03 8.205806277004231569e-03
7.286890699966586453e+02 9.399966451853548506e+02 -2.265426451243559951e-03 -8.779620498696410688e-03
9.265068177255773207e+02 8.638000568842427356e+02 -2.364714689767676779e-05 5.587059781950445489e-04
1.033707504804608334e+03 8.250953167858505140e+02 5.595303842075718438e-03 -3.681467150720504227e-04
1.022411404803169262e+03 8.155920635181895477e+02 2.287248495635464066e-03 5.041032052137626659e-03
9.558451590823201514e+02 8.769212665488471430e+02 -2.746714606024568562e-03 -9.119835044096965410e-03
8.183831646666983488e+02 3.804647365119070059e+02 3.098549832043768441e-03 -1.673688118683453472e-03
9.713469194825140676e+02 8.880463520869823242e+02 -2.879566532861095596e-03 7.573648893869608422e-04
9.096504969441018602e+02 8.397943256717710483e+02 3.818296482634623776e-03 -7.808355021955384889e-03
5.765142639584141762e+02 4.721243279757633218e+02 -7.171908137527878251e-03 1.010994508536803942e-02
7.511626926645600406e+02 9.347988005622127048e+02 -1.595535025024552231e-03 6.789682611809277728e-03
9.653583790550956110e+02 8.508660260582495312e+02 5.300844695886670205e-03 -1.656853644625122177e-03
2.318884590936555696e+02 6.924979876958317391e+02 -7.013389462463462572e-03 -9.770020408009574830e-04
4.928350585912638167e+02 4.486964257231339275e+02 -8.681130033238278676e-04 6.271684935363805100e-03
8.330161297730841170e+02 4.123556482749780798e+02 -1.100776487610706728e-03 1.106029187926336254e-05
9.678781195791110576e+02 8.747838955820310503e+02 -3.048549635945398562e-03 2.128493062130447019e-03
8.262318123708536177e+02 8.716247872515220934e+02 -6.541194355007757741e-03 4.229648380361492217e-03
1.205075350601932087e+03 2.053103906594184878e+02 6.213590206392936161e-02 5.089313759843394624e-02
8.177201107477773121e+02 4.015973926623924513e+02 3.876829005122824079e-02 -3.621058302851823396e-02
7.670613633529069375e+02 3.858147390451424599e+02 -5.029238614110234130e-04 9.617221402649111552e-04
5.599649839091069907e+02 4.155791203872087181e+02 -1.131360341789764171e-04 -2.259622146714331675e-02
9.495240907974173297e+02 8.564844152664350077e+02 4.207739439430672676e-03 2.244472638865025512e-03
3.329109083665333060e+02 5.583610401201353852e+02 1.538850194266939368e-03 -3.538025721104756834e-03
7.143189443115553559e+02 9.528176243666290475e+02 1.538126916306291597e-03 -6.270983338273290394e-03
9.972407667471322839e+02 8.742489504937523179e+02 1.030086325800262355e-03 -1.467566880796316621e-02
8.022452588883376166e+02 9.400408910126125193e+02 6.476984191103478394e-03 1.892599709111720402e-02
5.341284923985620026e+02 4.116352313632496589e+02 -6.703803663550379939e-03 7.345702706181152578e-03
3.260505240502910169e+02 5.370202588645365722e+02 -7.210966188700573473e-03 4.903637989254192205e-03
7.468233280853947917e+02 3.966747150577048728e+02 1.122213919480523868e-02 3.886283097309536222e-03
8.507782234932150232e+02 9.314435290734447790e+02 -3.784384982264053202e-04 -1.747880267392175238e-04
6.323182473096911735e+02 3.862790434760313474e+02 1.645584235541151796e-02 2.277797057267732031e-02
8.189730416836783888e+02 3.597517456044949427e+02 5.220614186765884165e-03 5.092101811139472349e-03
9.299340707145423721e+02 8.355345158831208892e+02 -9.756748452860343609e-04 -6.126246059071121380e-03
6.182192212048823876e+02 4.168453818769119152e+02 -2.456725695626033393e-02 2.975244357160777842e-02
5.443969560005649555e+02 4.087385021039973481e+02 2.370107287948251384e-03 3.908998698820466021e-04
2.383823799525034417e+02 7.389608921912066535e+02 -2.197980854197618928e-04 1.008656994113468113e-03
5.453883376605513149e+02 4.826977815547915043e+02 4.711646799625785614e-03 -3.630839561116326868e-03
3.148647108077217922e+02 4.705881826282844713e+02 1.037723138873807797e-03 3.865658439224262111e-03
9.339849793182055464e+02 8.658009232426921926e+02 1.075912985755274982e-03 2.243123077457114152e-03
3.215810683652501325e+02 4.812870267552913219e+02 -8.735964539644191021e-03 1.110254288154901821e-03
9.723008470660214471e+02 8.299783069075292588e+02 -3.019538489851503107e-03 -5.489338966530078918e-03
2.204932604091791291e+02 6.861031509633426140e+02 2.118881568569374717e-03 8.968262880743357434e-04
5.045453293435874684e+02 4.462361350548318910e+02 -4.199714155413741129e-03 -1.126521648573449060e-02
6.608614150075428597e+02 5.237589696987101888e+02 -1.106519524823132081e-02 3.157647354798725093e-03
6.251754527282478193e+02 4.288246214970482129e+02 3.151091578558862238e-02 3.773174699379260727e-02
4.767406889873291220e+02 4.657714554428662836e+02 4.618004225077097791e-03 -2.778382973395642982e-03
1.016803211973548741e+03 2.747633575987004519e+02 1.531546374469981665e-03 3.503718846232432502e-03
2.067785348267808558e+02 6.966799182973069264e+02 -1.821957761672529869e-03 -3.031206448772626530e-03
2.546490424375384123e+02 5.171083311495159478e+02 1.645757481645631834e-02 1.608546844509110840e-01
2.266469062328732207e+02 7.043697421869198934e+02 -4.412605957399044591e-03 1.134054814594541785e-02
3.023580408917144950e+02 6.240347388208055008e+02 2.630333128599819052e-03 3.171244655970782884e-05
2.658060538786694451e+02 7.371474916953889078e+02 3.473556441874092737e-02 1.966126580981102101e-02
2.546181169473275929e+02 6.454959265006484657e+02 -4.373401748625951012e-03 -4.807723268555437945e-04
5.878467232644530895e+02 4.522271472873298421e+02 1.674649726187273785e-03 3.464525145904356722e-03
2.374149529317851375e+02 6.930237383413563066e+02 -1.133836437785385939e-02 -1.236029697504746616e-02
2.663455067588730003e+02 6.335676105580714648e+02 1.600689793518103934e-02 -1.517382862310470183e-02
1.002285479466819083e+03 8.756968311630517974e+02 1.779258714725191282e-03 1.240103172735285923e-03
2.621882098893371449e+02 7.270643016909826883e+02 -3.492004748409271997e-03 -9.399498155540631644e-03
2.659982999703015594e+02 6.190721019946212209e+02 4.960512124934311198e-04 -5.919818806493669025e-04
2.548460001596895381e+02 6.871074786745376741e+02 1.075787853735455865e-02 -3.338513112112195813e-04
9.302790525632339040e+02 9.055788792765016524e+02 2.603574572650259886e-04 5.600524729456452661e-03
9.517301523825254890e+02 8.970379397577200962e+02 7.135604794307885343e-03 4.130879387451449891e-03
2.514254320148700970e+02 6.707645190953642214e+02 -7.522270574054233574e-04 7.274123202991501661e-05
1.012970270529989875e+03 8.517295317940674977e+02 6.579863300306770801e-03 3.491282770093477876e-04
2.305932087894972256e+02 6.720231155858481316e+02 1.659124141485340256e-03 5.477324775881134943e-03
2.943313239343982559e+02 6.187749174281782416e+02 -6.473913007452849946e-04 -1.920124369926855604e-02
2.526964122829785424e+02 6.326855627797140187e+02 1.442654059971319172e-03 -4.956466159699017549e-03
4.338783572665356587e+02 1.083953897813792082e+03 -3.737740737801011504e-03 -8.840854956786480326e-03
7.326137034394708962e+02 9.313837125251206999e+02 -7.132609066592531660e-04 -1.690279648430375193e-03
2.312287548010172316e+02 7.371733001151407052e+02 -9.513654973587373775e-03 -4.879254767066449824e-03
3.106744916088461537e+02 6.478026329185164514e+02 -1.853601773857485244e-02 -2.749538709794575528e-02
1.186130433016777943e+03 3.916843331437404458e+02 -7.379868697765655950e-04 6.924751383635767074e-03
2.290485282672053984e+02 7.514189401627068037e+02 7.051012618968896702e-03 6.767614932015822947e-03
2.406947835168525103e+02 7.302793698719655140e+02 3.973475283674874139e-03 3.617405259294313030e-02
2.609551873764656875e+02 5.781788866612762376e+02 -1.553030411123630314e-02 4.864519320281573272e-03
1.000579052633387164e+03 2.240865921049998235e+02 -1.344094828773945193e-03 -1.235987557405755256e-03
2.437977626317928355e+02 6.866407742578766147e+02 1.079208558806808715e-02 2.588857099560822658e-03
2.756912034624879198e+02 6.981597681794180517e+02 6.238418263300297278e-03 -4.440334433438422948e-03
2.075439219835621714e+02 5.709718360371467725e+02 -1.218631668760259829e-01 -1.659101543228725106e-01
6.040763787607789936e+02 3.985836303283373354e+02 -1.568734748147026766e-03 -6.965874910531398047e-03
2.088869774354227218e+02 5.619605725419818327e+02 -1.605957800682732695e-01 -2.033527901924601089e-01
2.448116137537794827e+02 7.609105648164849072e+02 -8.307015308108669279e-04 -1.125557482688497798e-02
2.640472982599224565e+02 6.562493932006717614e+02 6.586710634189560203e-03 2.394148718419481046e-03
3.126526842414279486e+02 5.879167046427095329e+02 1.031029069971430842e-04 -1.622180609934046171e-03
2.068931601456547469e+02 7.249691209860155823e+02 1.953259367222597975e-03 -5.443440306648746020e-04
4.935500550634864680e+02 4.546268878008746697e+02 -4.608760434007758491e-04 9.183073771674292755e-04
7.268095648428288769e+01 3.174940151853415387e+02 7.833829234202749695e-03 3.912757072312880724e-03
3.134771233672353787e+02 5.688255977924783338e+02 1.998904762448848113e-03 5.663246696733292623e-04
1.013067737408940275e+03 2.599763566605864185e+02 4.327572670149493206e-03 -1.471596597570684790e-02
2.287698267171195710e+02 7.749825858789846507e+02 -1.245602252483010578e-03 6.950698354787595949e-03
1.020237382939024315e+03 8.612757115148084495e+02 -1.579584896088849499e-02 -2.991206763652322007e-02
4.885731355772724100e+02 4.748327160449782696e+02 8.031480458534683009e-03 -1.449120724632364625e-02
5.357419555231336972e+02 4.290579618828618322e+02 2.583705323063846451e-03 -6.543472586881222269e-03
2.665211044442013417e+02 6.278206267286351476e+02 -8.105216135475930977e-03 1.109113775376360106e-02
5.220016569888139202e+02 4.611821826159782631e+02 2.129237166938386695e-03 -1.326883355903705217e-03
1.058610225945745015e+03 3.029263979269001652e+02 4.012221769073113196e-03 5.375828129004249153e-03
2.851412610493399029e+02 5.549923379770858674e+02 2.477687139225333204e-03 5.379653304950158393e-02
2.327153073199046673e+02 6.293777728875164712e+02 -3.978330974513030575e-03 -1.018616782467837191e-02
7.076368024707815039e+02 4.261140322548308177e+02 2.974940526677087062e-03 7.196363058535598135e-03
1.005023260783760406e+03 2.275251634462248091e+02 -7.096285523013450176e-03 -1.226788478556718482e-03
5.536993960563378323e+02 4.832713043004601445e+02 1.455003496709317626e-03 -9.202708406975251007e-04
2.560984018797085469e+02 6.997403817163163922e+02 -2.131315376779171122e-04 -1.473396375966349063e-03
5.032727026201212652e+02 4.666490644552388289e+02 4.085947404749361994e-03 -1.292203611557631547e-02
2.389219513134539170e+02 7.113126601262777058e+02 2.779476965990357058e-03 -1.283187511477432109e-03
2.201638660044483231e+02 7.167376415465643049e+02 -2.414550912724359316e-03 -1.341902152411520409e-02
2.135180380027728120e+02 6.326417831334915718e+02 5.147780818739341319e-03 8.413136773110816563e-03
3.000102206741892701e+02 5.654591034325618466e+02 2.721419075828184538e-03 -1.289445122128794058e-02
2.162871408480581579e+02 7.246892980449587185e+02 -1.881146408306695952e-02 1.482676337361613778e-02
4.976406326650391634e+02 4.673010309689397559e+02 1.034025378075313813e-02 -2.002858195105050327e-03
1.205290233493515188e+03 2.792977800075041728e+02 -8.700309165305952774e-03 1.537161509292114879e-04
2.192575448675848975e+02 6.974880780968214822e+02 2.319500063675989775e-03 5.888624343145751902e-04
2.730389973745478187e+02 6.251538695601281006e+02 7.118018059784817332e-04 -1.606893991216151773e-03
1.044569906113867546e+03 1.982098273202695680e+02 -1.257313637100844830e-02 1.743783988949883235e-02
3.008444510961875835e+02 4.090591738064644005e+02 -1.956945438806060797e-03 -3.910737390256009867e-03
7.826715159435293572e+02 9.354334839715910448e+02 1.739319852409643759e-03 -8.357817157891059626e-03
2.474158368213169865e+02 7.308858555954374197e+02 -4.317814377571667838e-04 -1.385549733434813559e-03
6.054295729878592738e+02 4.072156555299687852e+02 -8.283155167182575454e-03 3.965902076266380680e-03
9.753372743140325838e+02 8.630556908022233529e+02 -6.017984035241683363e-03 -8.921060502915013207e-03
2.452798028310408256e+02 6.185775387417337470e+02 1.680008600153755881e-03 2.153723601658934228e-03
8.104474870781644995e+02 4.030379389863998085e+02 1.159641870444289360e-02 -8.538497994356030601e-03
5.448329205483948954e+02 4.278855712166490548e+02 3.144587461467228048e-03 -2.982626350611252211e-03
1.183126161375987294e+03 1.910928793813169762e+02 7.849246253376894467e-02 -1.961237591974135941e-01
2.690642621427898007e+02 5.625606844885062401e+02 -2.474288906568693214e-02 -7.845816308361570901e-03
2.709519914297031278e+02 5.370852122591213629e+02 1.250352420744646996e-02 -1.474548523888323298e-04
9.426267643383414452e+02 9.000721909502046856e+02 -7.092283827965180365e-03 7.657976422181734383e-03
3.249645789245088849e+02 5.049319238336385638e+02 -1.269055539624463179e-02 7.157718054729526880e-03
1.155586782579661531e+03 3.770563591720375030e+02 -3.913014859017944352e-02 1.926468060989209446e-02
2.494981500267867034e+02 5.344016716757890890e+02 1.330608237412523286e-02 -6.554631439050380426e-02
2.324242229366912511e+02 3.255014809355522516e+02 -3.814677834321124339e-02 -2.267035672978479910e-01
2.737121117306761562e+02 5.989286350907602809e+02 -7.043502650056028547e-02 3.186923839717285822e-02
2.644425614418756822e+02 6.500578206542531916e+02 -3.092203076770565998e-03 3.486899439188632412e-03
7.697696919075032156e+02 3.976284656052641253e+02 1.737785008151266708e-03 -2.637914002936649939e-03
1.173418106314752549e+03 2.339329199258605456e+02 -2.645371194405177814e-03 -6.032495016597186864e-03
2.750030399765739162e+02 6.801034400866529950e+02 7.567887573967223280e-03 5.307703844459640656e-04
2.238524180434872335e+02 3.238675435247706105e+02 -5.018346671137759868e-02 -1.804031816634753538e-01
2.328192511889420473e+02 3.497322170501376490e+02 -1.263166069529868818e-01 -2.687684857952850614e-01
4.920584025176621594e+02 4.821369313707149900e+02 6.214117458146930888e-03 -3.926257379702638960e-03
1.203896523641935801e+03 2.428621952663629031e+02 1.191440422045917866e-02 -1.318676585201934877e-02
2.888910057194510728e+02 4.992603585997294431e+02 -4.990819466610387986e-03 9.892352733326861131e-03
2.636832847126136130e+02 6.874341056296115084e+02 -3.207289224908526151e-03 5.132753935461749177e-03
7.544428251657377587e+02 9.116029003296098381e+02 -4.661932118852242513e-02 9.361234030609578635e-03
5.432419335198251247e+02 5.112740651996931547e+02 -4.281838492193621414e-03 -8.472555801173517823e-03
1.180732550680877239e+03 3.926834431867800959e+02 8.274823798481267811e-03 1.482884377768380448e-03
3.001546516764713033e+02 5.144438078132076271e+02 1.053871583486839202e-03 4.066076017174243690e-02
3.131726487272844111e+02 5.530132262241182843e+02 -1.621169493774340204e-03 5.179058765956106106e-03
5.924353533174902395e+02 4.848213268345528490e+02 4.168795166216825447e-04 7.756021505221976980e-04
1.075409279586107914e+03 3.108948415086295540e+02 2.399170567397311375e-03 1.033014580384182838e-03
3.933907941225575087e+02 1.088953088158808441e+03 8.571293765232151527e-04 1.881828116231442543e-03
1.226281792353479432e+03 3.613122383659994057e+02 9.532576594717220853e-03 8.231861079844738499e-04
3.937653582887974721e+02 1.094761909560025742e+03 -5.339755940183588167e-04 -4.238014747990278240e-03
1.023000489958654612e+03 2.622975952013977690e+02 -2.753870235701447525e-02 1.054131303570525480e-02
2.535500227584670370e+02 4.115502382982697327e+02 -9.668705815561967620e-02 -3.140221335791388291e-01
8.861516941243933161e+02 9.297494114918974901e+02 9.137040310352489069e-04 1.242968080727322507e-03
2.709963787107027429e+02 5.496044969104976872e+02 -3.168368852535008700e-03 2.726577196356872379e-04
2.468730113804510893e+02 4.076513515917429231e+02 -9.575037286815710202e-02 -3.085296467260819631e-01
2.698948230555089367e+02 6.120045162347439600e+02 -2.017238481018673868e-02 5.170906019916086255e-02
2.343993289007158864e+02 6.495821257344709920e+02 -1.342469048907305720e-03 -1.599454800754918473e-03
2.799757780421066400e+02 4.688010318691043494e+02 -7.847167488324488863e-03 3.807617161415221413e-02
2.234050729794427355e+02 7.556879319977791738e+02 -8.012977156768934760e-04 -6.730541448533667280e-03
2.077787561731241226e+02 6.479187553911314126e+02 -1.881649136484019394e-03 1.642072375253825689e-03
2.422211508193621796e+02 5.091083151110960898e+02 -2.472295417787380087e-02 -3.706885315049102125e-02
1.073057366691693687e+03 2.321550822663954250e+02 2.871788837103282643e-02 -1.126256872133763430e-02
2.747113396488471153e+02 6.699477043833204561e+02 -1.355283129917795454e-02 -1.497663012954638696e-02
9.605578374209683261e+02 8.317141838903824009e+02 -4.613979072244114811e-04 4.793255752643420416e-03
2.422625376871211813e+02 3.579572025852858133e+02 -7.365326335762140131e-02 -2.840619278915642587e-01
2.584963591758091184e+02 4.428000107477096776e+02 -8.181325122010174589e-02 -3.240861400025485950e-01
2.919727207328352847e+02 5.583174224332794893e+02 -1.485428704526303408e-03 8.795722867411299994e-02
2.327402361534593638e+02 5.081453240246065661e+02 -6.863926326260108568e-03 -9.231086180442962807e-02
6.130976987462044008e+02 4.258175850774373430e+02 2.109225774526550697e-03 -1.510020314687027460e-03
9.364089068400962788e+02 8.848902069482057868e+02 -1.342722967675480557e-02 -3.816167255918499757e-02
5.472275009202610363e+02 4.407607431610836670e+02 -7.572317209942051874e-03 -2.814829262509964750e-02
2.406625062285536387e+02 5.210861219967027864e+02 -1.023532476026075286e-03 1.243853903181467713e-01
1.034158662633008817e+03 2.594049675661105994e+02 6.086202469419947983e-03 -9.335856096639656362e-03
1.033794703518361757e+03 2.850026088554067769e+02 -3.437944222358703568e-03 -1.287686691926360734e-03
2.731946245986557074e+02 4.702629923519489239e+02 2.709320075190238541e-02 -1.927563450706151760e-01
1.032477799825045850e+03 1.785137549837822348e+02 7.065668028847332804e-02 -3.378695652675291206e-02
2.561715423928433779e+02 4.184496265771239223e+02 -7.379893337360278471e-02 -3.000824587669012056e-01
9.821874733797650379e+02 1.915417157997175650e+02 -4.310873457322288334e-03 -1.492564789803583689e-03
2.784591241786214937e+02 4.537884763402078647e+02 1.118611185721827585e-02 7.907301368429794919e-02
3.092663039138372483e+02 4.946240604866587773e+02 -9.078769601904304612e-06 -4.307363460922900358e-03
1.042197333198490469e+03 2.787174483094884749e+02 -1.803254557025505897e-02 7.231277054563859004e-03
3.923168878315895540e+02 1.062922608479955898e+03 2.141153420777777445e-03 -2.640714844485253510e-02
1.164343782912971392e+03 1.432602530879432265e+02 1.229733253998491291e-03 -2.485011234564961716e-03
2.176976815376013690e+02 6.469094595977344397e+02 1.410207893404686295e-03 1.321203092952780850e-03
1.182447220196725084e+03 3.275945937032769280e+02 1.619774639595228730e-02 -1.235393716915338461e-02
2.125687298150893128e+02 6.636490472017480897e+02 4.424475965812676125e-03 -4.574505666952144965e-03
1.089612432079093878e+03 2.193770703521961138e+02 1.322217586435222580e-01 -2.226592144142787791e-02
2.571917324408377681e+02 4.968291880279917905e+02 3.632976575687451443e-02 -1.529354617767921809e-01
2.655051032851635000e+02 4.730109508921910333e+02 7.254704124470168387e-03 -2.047754299771045727e-01
9.438212324832855984e+02 8.559444008500595373e+02 -3.990184070014965965e-03 4.068609894008236305e-03
5.048155652659715429e+02 4.246898469052413816e+02 -4.185226556731858061e-02 1.883320563954745059e-03
2.697380541189269820e+02 6.960902700535698386e+02 -1.783698314108670075e-03 7.776399634741381446e-04
7.886153034739319310e+02 3.996404714380241217e+02 1.044715947336323470e-04 -2.783664839189542786e-02
1.040301380897172749e+03 8.635625105147544218e+02 -2.511244928736331480e-03 8.558965094961071751e-04
4.799356603530463872e+02 4.699568215634987496e+02 8.272192666361273712e-04 6.857925062128274706e-03
1.051044929086444199e+03 8.453096913315226857e+02 2.718466141788109143e-03 -2.776719383966860018e-03
7.906417481099483666e+02 4.067493706692104638e+02 -1.077443473537745278e-02 1.459790601597212457e-03
3.145563497029785367e+02 1.077887088315291749e+03 -3.659453182847593414e-03 -3.346002308931154794e-03
3.311364760455730902e+02 5.257041712730340350e+02 -2.216361306637558773e-02 -4.498593004043842034e-03
2.278082542154749603e+02 5.326892047054061550e+02 -3.132850436226884000e-02 3.567738470168015097e-02
9.806799288741605096e+02 8.532011371361194279e+02 3.933395902579084509e-03 1.922186262515766710e-03
1.295158653280762110e+03 3.253071332328499352e+02 -4.536197445979565923e-02 -1.517716531735844310e-01
5.605452890855505075e+02 3.917445986457746585e+02 -7.394160941023056018e-04 -1.320636669891704987e-02
9.250367617300863685e+02 8.922409827491703709e+02 -4.972279640138493884e-03 -3.042646772852626059e-03
2.774478143932017815e+02 5.795993402118095901e+02 -5.284947786071656634e-02 1.743023735292986709e-01
2.868719161895369894e+02 5.789735993122998252e+02 -4.527379000217024441e-02 1.398209350608833057e-01
1.148773984569516188e+03 1.895793272506625442e+02 -4.785975248856936398e-03 4.159078365596891383e-03
2.720974932520422271e+02 4.847576542138048126e+02 8.695808370958844902e-02 -2.005271547555519951e-01
1.199111157722028793e+03 3.517894241028112674e+02 -9.930654142602062234e-04 9.119116724466741833e-03
5.015029273528695626e+02 4.386373661832231505e+02 -8.500759783701839628e-03 -2.741198499563216560e-03
2.692022003084570088e+02 5.110250677466560205e+02 -1.729817427527711613e-03 3.117577137908875140e-03
5.050691288248296473e+02 5.210194517123608193e+02 -5.281259952186931339e-02 -2.571179653886143668e-02
9.631542180649370266e+02 8.937533371844642716e+02 2.614992607540992872e-02 -2.844336595142810294e-03
6.396763953436044403e+02 3.759181647878506851e+02 1.374258790525516956e-03 -3.010570187256581508e-03
9.871934849679001900e+02 1.922785670812814374e+02 -9.653207416489398979e-03 9.291247521965355360e-03
1.054784015966789411e+03 1.825827950742612700e+02 1.520903805696056411e-03 -5.871595848353842323e-03
1.104065890965275003e+03 2.094782104164173688e+02 7.832429416987789217e-02 5.604981731726561139e-02
1.084770614388870399e+03 2.096638379031480781e+02 4.153314961716223636e-02 4.913925507251001856e-02
2.066394468430625579e+02 6.323044920797458417e+02 -2.407376364157740034e-01 1.680411265914202035e-01
2.844011321099006295e+02 6.798390236368883279e+02 3.995275782554895405e-03 1.412102394356405145e-02
2.991108714752985520e+02 6.504821014187127730e+02 -4.433714444878030306e-03 3.721089865028054302e-03
2.741612340853362184e+02 4.118650753276372143e+02 2.247029724113678954e-03 1.749030332691385234e-02
2.250777655858205151e+02 6.061839756707635161e+02 6.836087853516216277e-03 2.890243804356757429e-01
2.086012364373252694e+02 6.048340624647396453e+02 -2.420548332971978953e-02 2.389844965655131548e-01
2.025056633250420646e+02 6.092029556279619555e+02 -4.250105930070067345e-02 2.301172068083351396e-01
1.236193661399252278e+03 2.582745902195748045e+02 -3.801690331356169864e-03 1.452645359567684286e-02
2.576588730583484335e+02 6.221984998468267349e+02 -7.059737250901011729e-03 2.693560127958749290e-04
2.367061320389072989e+02 5.139611343743231373e+02 -3.434220643330578721e-02 1.631671854684015877e-01
2.682314547593746852e+02 4.090933324808719362e+02 1.325360315038245397e-02 -6.509910403022754755e-03
2.199464739895686023e+02 7.703421235600810633e+02 1.863235493787685632e-02 3.857630951221952681e-02
2.492406171549984037e+02 6.087423689684371766e+02 -1.569358568212767813e-01 1.420814710537660064e-01
1.128969044257175256e+03 2.111667622935570705e+02 2.797595115514310907e-02 -1.525123216226774436e-01
2.180177579712375575e+02 3.023805330960505557e+02 -7.117738681985134874e-02 -2.305690742922310577e-01
1.059641754064345832e+03 2.375838760508111989e+02 4.640813861196604884e-02 3.250305085512059100e-02
3.083451511076926863e+02 1.059024785502387431e+03 -7.464972860101723624e-03 -6.274158951638659533e-03
1.042220639403377390e+03 2.526598535997693489e+02 -2.471850074189746189e-03 2.760155425422377261e-03
2.559148500442375678e+02 7.475423753075695004e+02 3.496480307425786378e-03 9.943677482379096461e-03
5.287375649705071510e+02 4.399327052319313225e+02 -7.554875324247783096e-03 1.308004240767295795e-02
2.388381122545618211e+02 5.402125910350133609e+02 6.816486145915108541e-02 -3.705369955787881503e-02
2.789468036427699076e+02 5.135265259585048625e+02 3.655888925903685686e-03 -9.683098365447149330e-03
4.657723670122411477e+02 1.100443924540627449e+03 1.036665258928422088e-02 1.039621854115106540e-02
2.756881399534220236e+02 3.992786678968053593e+02 -7.760209134739334824e-03 2.287856137382509453e-02
2.591518543410402913e+02 5.279543532109978514e+02 5.878183884199064679e-02 -1.744938719831328755e-01
2.346019111827802135e+02 3.416380000515404731e+02 -4.806184060464686880e-02 -2.466387944153173584e-01
1.216766860451147750e+03 2.195548382778712551e+02 -4.355479442915341330e-03 7.092845785191491219e-03
1.036137950788272519e+03 2.988589996652178229e+02 9.468069126936339008e-03 2.919683784739953748e-03
1.021529062153209566e+03 2.366904912846513298e+02 1.192422082301438334e-02 2.009884418152122973e-02
2.262510168506659625e+02 3.196809330143393595e+02 -5.933248916101272613e-02 -1.912448029595773535e-01
2.167286113513340524e+02 7.606852903925857845e+02 -8.023620003319482247e-03 2.471650912836216053e-03
5.881416226442497646e+02 4.797197643292863063e+02 -2.297265928424203126e-03 8.339139782031627576e-03
1.110680878882473735e+03 1.953253822006553548e+02 5.235438401773490590e-03 1.239320272907753206e-01
2.757894961847128457e+02 6.063275303593632088e+02 -2.544708839104658366e-02 1.760848167555646021e-02
1.123157176807613041e+03 3.411234705179634261e+02 -6.898073871800061187e-03 8.263541209308384108e-03
1.116746303346882087e+03 1.838228182176158327e+02 2.360233348150980737e-02 -2.445954663001751947e-02
1.117267938994863471e+03 2.381810219861277176e+02 7.029633052654012115e-02 2.872998002576811899e-02
2.198682855742264621e+02 2.958650271162949252e+02 -1.253440459508205762e-01 -2.816606631897183854e-01
2.391754793021179921e+02 6.186349296971773128e+02 -2.103488175013936649e-03 8.105502792573989401e-04
2.127299704124517348e+02 7.576970987601897605e+02 -8.136554441586323766e-03 1.121523862410201550e-03
2.164279736045512550e+02 5.757694534933757495e+02 -1.345598898320730930e-01 -1.385246669432139144e-01
2.684215218657254809e+02 5.793262551157749840e+02 -5.538054814127629615e-03 -7.120127953280553854e-03
2.486452469289338580e+02 6.869286605154213703e+02 -1.933365893213848195e-03 -5.105388186660381362e-03
2.883975223621845885e+02 6.298246576704602830e+02 -3.069589605868349239e-02 -2.127639396363938812e-02
4.810962226382268341e+02 4.474626878818361888e+02 -6.221005531413107033e-03 2.511990675919483981e-03
2.194565676378629462e+02 6.363120746349702586e+02 2.708179086797295708e-03 -8.607708569293704131e-04
2.743522611982432977e+02 3.921908303095835890e+02 2.997481162508179239e-02 1.053424922896634697e-01
7.609050527812602240e+02 9.181208624703709802e+02 -3.330547625539858475e-02 -2.512516661291142300e-03
5.083097476532394126e+02 4.956223319054687408e+02 3.153184440680654576e-03 -2.041026639036803980e-03
2.430503028750112549e+02 3.972122918880249358e+02 -1.480105268744059677e-01 -3.205400473581305754e-01
1.177118650722531129e+03 3.412171337510875446e+02 7.260289737456728995e-03 -5.933996797112529170e-03
2.411480412576530057e+02 6.601408030384418453e+02 -3.216332753088645396e-03 -1.168441502812417494e-02
2.567774223573201766e+02 7.346668821746701497e+02 8.427775763799794442e-03 -5.065376127265721305e-03
3.367581684366016361e+02 1.056261870143427814e+03 -1.020152897760818675e-03 -8.194336129136981471e-04
1.167991975432150412e+03 3.215366694457473500e+02 2.018639329084054735e-03 1.576877410964288781e-02
2.536458748832052095e+02 3.791635482938202131e+02 6.338641406431615166e-02 1.594537803332519710e-01
1.734791385820853975e+02 4.775396377001303563e+02 1.046636500749102278e-01 -3.789990489347582203e-01
5.061733724625495938e+02 4.852578594989444127e+02 -4.240135754486399483e-03 5.613830402840242276e-03
1.174855496706755730e+03 3.595893517162935495e+02 -2.830392558795967115e-03 -9.501726049323467238e-04
5.368760429614951590e+02 4.706652404894364281e+02 -7.493799712527574692e-04 2.610408771662907010e-04
2.798568226255492846e+02 4.873646343363030269e+02 2.127928066130098644e-03 -3.288474117087812620e-02
4.798294720857077209e+02 4.425788096716005953e+02 1.917238752571505476e-03 1.615666973561523693e-03
1.160324695597515301e+03 3.312784006988023293e+02 -5.777942987903527533e-03 1.000914512352403876e-02
2.112874235907764842e+02 5.706587235916699683e+02 -1.184499903743031074e-01 -1.749779688155157498e-01
2.960325276314125063e+02 5.762189623363378814e+02 1.339485263974837109e-02 5.873919339495445660e-03
2.615765543507332609e+02 3.819551131669754795e+02 8.615007430425340729e-02 1.780919204668255651e-01
1.197802184546894750e+03 1.875344728562512273e+02 2.915085173937525392e-02 1.306286196809356981e-01
9.682675941484310442e+02 8.242063397982610695e+02 -9.194671451147166247e-03 -2.231283621101693218e-02
1.036480507665066398e+03 1.775971152163386648e+02 -8.964637180035947214e-03 9.598533188539709257e-03
2.076815433337310992e+02 5.943583338383433556e+02 5.767792283347463606e-02 2.046662138127374464e-01
2.835063679687023068e+02 6.480043877495887727e+02 -3.693942481007043629e-03 5.594420549637264817e-02
3.822778366694798819e+02 1.077129014623918692e+03 -1.581342003007727565e-02 -1.128860454384203633e-02
1.198505960212049786e+03 2.568002776366074613e+02 2.758130331090292899e-03 -9.878711042569023482e-04
2.707075463207262374e+02 3.700669990501607458e+02 4.556295360433041536e-02 2.112222956363955795e-01
3.290563958821725805e+02 1.055363980993737869e+03 3.174636537041783651e-03 7.726966032411684490e-03
1.134161605505368698e+03 3.888029297613185236e+02 5.077247936710456606e-03 -1.010053098440942022e-02
7.845381539689158217e+02 9.589947794046012177e+02 -9.346843869660023977e-05 -7.828048461143937917e-03
3.534576158638384413e+02 1.053702638394296855e+03 6.787825130918981320e-03 1.268794900309754003e-03
5.928464178779560143e+02 4.585742134725781511e+02 5.682447417281971322e-03 -9.200717150037288766e-03
2.690085128753732420e+02 3.832031802702176151e+02 6.610477270515451031e-02 2.526420093706696623e-01
2.242141843278892281e+02 3.092442807944769356e+02 -5.410084565758581376e-02 -2.281546076228641029e-01
2.381588663484698998e+02 3.686263084733855635e+02 -9.765927143545038991e-02 -3.256712920775163278e-01
3.836568550819761754e+02 1.061482338895139037e+03 3.896448253522967324e-04 -1.467750794923217183e-03
2.597607276849944924e+02 6.096276469308646710e+02 -7.607031385862171591e-02 2.197714750461570235e-02
2.321718888925152555e+02 5.939735430121891113e+02 5.270904719325407439e-02 2.489098708468591714e-01
1.182005570169472776e+03 3.706276946017728733e+02 -4.422958337551727293e-03 2.818254328090996717e-03
2.690700565426448634e+02 5.812489495350605466e+02 2.073843029137210081e-01 8.837681862731115723e-02
1.041100342825961661e+03 2.640961777527011805e+02 2.361042266009930979e-04 -1.109345290520686450e-02
1.260381391109824335e+03 1.959039770974250985e+02 -4.702969498420415386e-04 -1.640440966180321033e-03
2.592487273571049400e+02 5.858606028960163030e+02 1.815582844024091480e-01 5.587794359489252349e-02
5.689871968663029520e+02 4.995682748324375666e+02 1.559060377148695567e-02 1.823398860029040724e-02
1.027824310796367627e+03 1.652591193718940588e+02 -1.096112816879546079e-02 -7.678734817727278679e-03
1.057973449458447931e+03 2.713728440861951867e+02 6.497496505636434806e-03 -7.824115044927408558e-03
2.130873291217632755e+02 7.218441067701830889e+02 -5.377310753297508301e-03 -2.759027865246736939e-03
1.196439618059749137e+03 3.278042603474604562e+02 -1.076346190504211438e-02 1.613924552935885187e-02
2.965875677045984276e+02 5.401264568655049061e+02 8.884739378007646456e-04 -2.330901004572999554e-04
2.770379608056425127e+02 6.514821792273655774e+02 9.327635394894590037e-03 6.804393516425547885e-03
2.572596061977897079e+02 6.729685110227973155e+02 -3.114476265439785306e-03 -6.075049648098675321e-03
5.888022555050656592e+02 3.921271197177746899e+02 6.826773190218007534e-03 -4.717959202641940422e-03
2.350082298502500748e+02 5.637683594193288172e+02 1.463662533708652014e-01 3.528567272527233928e-02
3.429284033960572629e+02 1.050627511036887199e+03 -4.990030571038891853e-03 -6.592613687925592131e-03
2.613582102084365033e+02 4.574474174229228538e+02 1.832330135866497289e-02 -2.485419968605794006e-01
2.343557093141998280e+02 6.769789001030774216e+02 3.631711645973812342e-03 -1.814689283833104128e-03
1.139613352440958124e+03 3.378178788288823284e+02 -8.984586399812074424e-04 1.207932622628504760e-02
1.954888279780638811e+02 6.752467316007943055e+02 -8.532095263078217154e-03 -3.329572111933975370e-02
7.847566368533614423e+02 9.561110838411163968e+02 -9.376148222762109921e-03 1.557667974980919863e-02
1.266223335094636241e+03 2.034329479453880936e+02 -8.151568751582269606e-04 -2.033094157780516130e-03
1.193128181261202371e+03 2.262983070176336753e+02 -5.927656152470271549e-03 1.486024944605760824e-02
1.204705931065927643e+03 3.616467796111516577e+02 2.091781075626719319e-03 1.063093528634705999e-02
2.584144837916833239e+02 4.828023966442292476e+02 2.942305091623651642e-02 -1.552600902963742757e-01
1.162127721821423620e+03 2.507566338747770942e+02 2.707966648941773167e-03 -2.160839187084347482e-03
2.623912642923310727e+02 3.484583312385083218e+02 3.125724799401093101e-02 1.429275198593069895e-01
2.301987457447559393e+02 6.479338442461240675e+02 8.453169983313543398e-03 -5.128297637800570581e-03
2.272064158419400144e+02 5.520038119545775999e+02 9.319675879418898301e-02 6.494982028468622437e-02
1.195639772254752870e+03 2.318626971956587681e+02 4.518284533492753462e-03 -2.207237751478449261e-04
5.901393430012832368e+02 4.165960672608687787e+02 -3.871463655533297684e-03 1.231953167758650979e-03
1.008563235015594159e+03 2.348675511158341180e+02 -3.254621585391318829e-03 -3.077701090308094893e-05
3.741033967148563875e+02 1.090250470799111099e+03 2.571173811085517014e-02 -9.726380111251363555e-04
4.172796483907557104e+02 1.099819571741352775e+03 7.268240177488746387e-03 -2.729125903379729743e-03
1.238262647748446625e+03 3.064332479307046242e+02 3.246242974141255733e-02 8.246972575081863710e-02
1.170410420283645180e+03 2.567614396190480761e+02 -3.643435181676959707e-04 -5.263395516801710507e-03
2.869980125946886460e+02 4.937385309522720149e+02 6.158867922652412098e-03 -9.868050542480084897e-03
2.847664047147101201e+02 5.427687306385111015e+02 1.232028346497949026e-02 2.116388946192070825e-02
2.942607478969589465e+02 5.985621971519933595e+02 2.823431286990195983e-04 -9.577524549051826160e-04
2.861069762693252869e+02 4.540315616597115422e+02 2.612850648526573311e-02 4.669231427335647500e-02
1.215865535680700759e+03 3.616212428937301979e+02 -7.948157287075608909e-03 -2.799618677858457111e-02
3.232114784645398231e+02 1.069867733426857740e+03 7.607518667345341927e-03 -5.800290964390736152e-03
1.183754214752938879e+03 1.671532101681744678e+02 -2.221353948322649791e-02 1.725901949751320469e-02
6.193926362492510407e+02 9.358599076619401558e+02 -1.817697447411702096e-04 -5.568136176218175908e-05
1.180309371669538450e+03 2.766130724941909307e+02 -3.364468078373395454e-01 -2.091202594441669282e-01
1.186888958809762698e+03 2.575732342320525277e+02 -3.953166636059373545e-02 -6.551955166204638525e-03
2.556399575333325060e+02 5.283620357397990119e+02 1.556719775448853205e-01 -2.078501644080974486e-01
1.021589664298452249e+03 2.793717807455209368e+02 -5.325441313307057584e-03 1.743148406559261220e-03
2.636368984899427801e+02 3.977644039832282488e+02 5.953104301106701413e-02 7.445772772165422382e-02
2.257834489019378452e+02 6.851207472155533651e+02 -4.685570495712004443e-03 3.897968185690455552e-03
2.551914845249691837e+02 3.321042148485442453e+02 2.270064889501944086e-02 5.941575169264420864e-02
1.121316154779972294e+03 1.773160517162663439e+02 1.401600446282071435e-02 -3.867270032732154222e-02
1.271173529462949546e+03 3.604034524631364889e+02 -3.881357452677264841e-01 1.248518017285177722e-01
2.679109550588804609e+02 5.243450231162989894e+02 -2.450794452583144635e-03 -1.322191736423096453e-03
1.165143286104860408e+03 2.965034033443467365e+02 1.490135876982022446e-03 -6.448174664214012010e-03
1.110926819980144728e+03 1.637433828497515549e+02 8.078448614680995565e-03 4.333088454136722716e-03
2.287824890290315523e+02 5.430847907425512631e+02 1.087679641899259447e-01 5.850092364305127524e-02
2.759633547091169703e+02 3.855672668544216890e+02 3.329729970385196525e-02 1.239825510805815656e-01
1.186998361984579560e+03 1.845795370360501977e+02 2.236898048311419807e-01 -3.075610701323143736e-01
2.981668906958116736e+02 4.742818958122855975e+02 1.435533308332120027e-02 8.440738313537518578e-02
1.134977464207543790e+03 2.191166590648948613e+02 -7.452130791239817108e-03 8.583378315934439215e-03
1.004381109958198635e+03 8.202026717970539949e+02 1.242700329572755252e-02 1.682133703891935603e-02
2.520456033034780035e+02 4.252698917650994304e+02 -8.291987223821992159e-02 -3.021453031514399479e-01
1.872017513015727275e+02 6.027419038142003274e+02 5.464513193199462340e-04 -2.300743922661456411e-03
5.477558529400412226e+02 4.097667288203138583e+02 -5.345375569618227019e-03 -1.301264547421092897e-02
1.165822412285535165e+03 2.770053640578821046e+02 -3.800779349857663081e-01 -2.655501272952942582e-01
2.656790069250965303e+02 7.152118105849716585e+02 1.520833166559535992e-03 -8.792025729806005746e-03
1.086035819455939645e+03 1.911515499551944970e+02 1.559940419235209680e-02 7.517408455895250100e-03
2.213541880572435616e+02 5.352377584994676454e+02 7.504589067126415936e-02 2.387348518564720232e-02
1.148775237491026246e+03 2.530233152934430905e+02 3.021335196441249978e-03 2.538784136426597542e-03
1.203636365110061206e+03 3.283057370569120508e+02 7.474252605593077227e-03 4.862022230915751496e-03
2.464994206652487492e+02 3.714142399120143523e+02 3.601484254468069468e-02 1.815358086578603425e-01
8.650100826510209799e+02 1.102300022747604999e+03 -9.964179099428617395e-05 9.354325720845970728e-04
1.121610068277403116e+03 2.219256187090497292e+02 8.192599250581017586e-04 1.668139464811246309e-01
1.191337424602912506e+03 2.141860331989726944e+02 7.479984497524920506e-02 6.577199595998274757e-03
2.394181960242512730e+02 3.203970371067993597e+02 3.583690594001243818e-02 1.945001154560468612e-02
1.051734336158430324e+03 2.840002356834123702e+02 1.332184906216455755e-03 -2.330100762257602837e-03
2.036665187242921888e+02 6.826908793636580413e+02 4.942559238216544595e-03 -1.586896726161114062e-03
2.633107113343628498e+02 5.506606860112343611e+02 -2.936806533245256250e-03 5.660614979296051119e-02
3.842598390551200396e+02 1.089047507072686358e+03 1.338650747072733793e-03 -1.038032880882662490e-02
1.205688200994072758e+03 2.065153608798313769e+02 2.732034897786830493e-03 5.129927120240965026e-03
2.109796126644380365e+02 6.281970963609397813e+02 -2.430164342032305747e-01 1.328287873723949519e-01
2.707945760144843916e+02 5.001513637250495208e+02 7.423246493891780262e-02 -1.813691252916978802e-01
1.177961086226709313e+03 2.408810613698856287e+02 8.129639908925173977e-03 1.993394416865387590e-03
2.405701947970430012e+02 3.295122260641811067e+02 7.927918668798383806e-03 2.716136218188890117e-02
1.048039181589016835e+03 2.060947992054395570e+02 6.187441374016422121e-03 -9.668410719573859377e-03
5.819713673761538075e+02 3.812866268285262663e+02 1.685798670707461754e-04 -4.360759365008471874e-03
1.006443122483777188e+03 1.645882150938557800e+02 5.980475444890444997e-02 -7.701089736860612656e-02
2.630158426112064376e+02 4.861273342544113802e+02 4.551093423051418702e-02 -1.395895404947981311e-01
1.172300673769584364e+03 1.441587462861208735e+02 -4.141733951128837021e-03 -1.275005343685850154e-02
1.127137956946862914e+03 3.434159289358364049e+02 -1.189030365997559074e-03 1.452536827429860324e-02
2.850970266845025662e+02 5.899059836117002078e+02 -3.430153107656100375e-02 9.145330577256693960e-02
2.528343530711160270e+02 3.116939444662020833e+02 2.034730170274961451e-03 1.046641438457729910e-02
1.171680479512332795e+03 1.909990751593156233e+02 5.433594252605358429e-03 2.020579525324678067e-03
2.812117386455083761e+02 4.420880615689384285e+02 2.824557097440363873e-02 2.610988583559827395e-02
3.003805851513188259e+02 5.805061154297718531e+02 1.167058679422917564e-03 9.943200583119739255e-03
2.547910508432944994e+02 6.681597271680955146e+02 4.438085866755694161e-04 1.175118461015690636e-03
1.212180403823743745e+03 3.400505000891944292e+02 5.676893662754568803e-03 1.654424370494690308e-03
2.656981918463234820e+02 5.017733075997862784e+02 6.258580178429820617e-02 -1.576869061479926337e-01
2.669259328861996323e+02 3.597179673165722420e+02 3.888575312038818760e-02 1.576224789667058090e-01
1.282766621923463845e+03 3.718127033216146629e+02 9.033700414411304294e-03 1.947548119297756253e-03
1.157986550200354941e+03 1.716482998648000944e+02 8.450368073739683572e-02 3.837628773713801233e-02
1.982920540860778260e+02 7.135615445949248397e+02 1.481748182788977060e-03 -1.569650448797716216e-02
2.065269190420410723e+02 7.186272790245956230e+02 2.028117456505485611e-03 1.964914078275166454e-02
2.414907996489556581e+02 6.400363984712786305e+02 1.537624405476618016e-03 -1.079401345312290495e-03
1.161770338430027550e+03 3.789825743547848447e+02 1.614956228688314887e-03 -2.531252545975067395e-02
1.154552153596214794e+03 2.943663999920846663e+02 2.414307591605636266e-02 8.796367535192772813e-02
2.813891112689697138e+02 5.037714545474777879e+02 1.918627208165207300e-03 -7.109093972345736402e-03
5.404905145649335054e+02 4.803119950960146411e+02 6.408734488406192141e-04 -1.031125565538611091e-03
5.467147717339267956e+02 4.921981264681065227e+02 2.033030205585319942e-03 1.034498524333712054e-02
1.882986193030337176e+02 6.236290638705378342e+02 8.555824859643458916e-03 -5.613474966444660652e-03
2.478816717321501244e+02 7.401508774963170936e+02 -7.151143520855099064e-03 -1.928618887723020092e-02
1.096837327703397705e+03 2.021288313427910737e+02 5.244299195543486447e-02 -2.385802965355113357e-03
2.791233898935072375e+02 4.948849125600023058e+02 -2.626897123370849126e-03 -6.883138930170884344e-03
1.020950218794249281e+03 1.792274220634872108e+02 1.466522101043998480e-02 1.772173773686699233e-02
2.531012685600959742e+02 6.231262054485071076e+02 8.644640111032343352e-03 -1.126687341724445530e-03
5.679459050652819769e+02 4.387632732951240087e+02 -6.516272047092300582e-03 1.750366657026882281e-02
3.317281501644344530e+02 1.070367930945555145e+03 4.334998314666426225e-03 6.321746009617338225e-04
1.190982724580162767e+03 2.500890728888059584e+02 2.894087254087998606e-02 -1.904331516707901198e-02
7.423616637693481835e+02 9.631793771012553407e+02 4.490418591105912842e-03 -3.606292659622628745e-03
2.757840473300369126e+02 4.291084159059513468e+02 1.935796778545661317e-02 3.082490182320516206e-02
2.364512597215961591e+02 3.629180439794365043e+02 -7.173027368696890949e-02 -3.119948569188171761e-01
1.124106540993823046e+03 1.796017121482109928e+02 5.262508921517938809e-02 -1.587169037563667950e-01
2.957153306209880270e+02 4.467699863637832891e+02 1.856752200230272695e-02 5.757960575177134555e-02
1.211368409222045557e+03 2.170836986385663181e+02 -1.208107468642308571e-02 6.854316994991172841e-03
5.125197694553818337e+02 4.740113697399947910e+02 2.366398177754139233e-04 3.772343909724670645e-03
9.885533892774283231e+02 1.770269805552921980e+02 8.292256447472287975e-03 -1.433959948669110904e-02
1.026291394636964469e+03 2.426583665634231579e+02 -8.279240769277496081e-03 -9.569604225658162946e-04
1.791356276741577460e+02 6.188280222956639136e+02 -2.899591518450736309e-03 3.496027630600371909e-03
2.170576826009291835e+02 6.609870560330892886e+02 -2.080703581135245547e-03 -3.560769581165932306e-03
1.086127082505669478e+03 3.381610662126477109e+02 -2.998855742299104486e-03 -2.226870984050307797e-02
1.141020645265983831e+03 2.277277909779929246e+02 2.218292210853736561e-03 7.615703457316998215e-03
1.140378912540297279e+03 3.113610050879840969e+02 3.361732556451745013e-02 2.933672235716605625e-02
1.013098453227253344e+03 1.858214618193438241e+02 -1.070061639314973356e-04 1.944997284936175047e-02
2.597290083882400609e+02 3.571858841508770297e+02 5.999396407882714305e-02 1.113108985178214300e-01
2.625149608502242700e+02 4.359276883089280545e+02 -1.040740090625684316e-01 -2.854068524334663071e-01
8.185288661174297431e+01 3.237273913095544344e+02 -2.711939582838307581e-03 -6.339682003129220970e-03
1.166776929563756084e+03 2.096066574756478929e+02 8.166523991322080164e-03 2.682267928441117028e-02
2.115802405790690273e+02 5.918007937997600720e+02 5.854716467330893515e-02 2.358692452936329564e-01
3.226044630418693373e+02 5.322542570032379672e+02 1.906371943949120712e-02 -2.781963600429239458e-03
1.949116962868072562e+02 5.805063290906629163e+02 -1.434913641965562857e-03 -1.154222013225521606e-02
1.146601197683803093e+03 2.889613997383565902e+02 1.316443753080060453e-01 3.417685275029914704e-01
2.513507195828907470e+02 5.443664069709914202e+02 1.714337580631213054e-01 -2.271026973347434752e-01
1.181692182757764840e+03 3.015163709054159540e+02 4.623936466989089084e-02 5.148633413169323436e-02
1.179479113374161443e+03 2.556747381437577928e+02 -1.214461392428707815e-03 -2.868059434161460142e-02
2.271722127949286971e+02 7.272940677747723157e+02 -5.917967197449748064e-03 1.985586650051226511e-03
5.208985629203084500e+02 4.330132997932930721e+02 1.271475515596932199e-02 1.946272537806729638e-02
1.185144232248127764e+03 2.252186600132762919e+02 -1.192920977499141270e-02 1.889354028783359583e-03
2.381258177224717940e+02 3.736843111870007874e+02 -9.248605418724173410e-02 -3.204198495876084962e-01
2.696393300046559602e+02 3.946371173204556158e+02 2.238209129090494923e-02 1.091926825002461909e-01
2.020012610331416170e+02 6.237686567962890649e+02 -1.702490067782742034e-01 1.985248242904917026e-01
1.115207420529185356e+03 3.232855722726374665e+02 5.274547004818045531e-02 2.467825119264126787e-01
2.359223731004088904e+02 3.042970914652249803e+02 -4.906871498921492811e-03 2.003239880144128127e-03
2.686979309287580122e+02 6.825346487908178688e+02 1.193323301064670890e-02 2.572136199468881557e-03
1.069256948542593364e+03 2.226607355253265723e+02 5.096904237632203516e-02 5.375687529333796066e-02
1.208558884204976266e+03 2.155599635361479045e+02 1.116148013262309186e-03 4.723652240273557186e-03
2.612611951583609198e+02 3.859131186610370037e+02 6.900956782812296686e-02 8.854042465447765908e-02
2.428900308368352228e+02 2.979554145339260458e+02 -1.557668381333022177e-02 -3.733194588558643237e-03
2.579474153400245768e+02 5.985617269836952801e+02 -1.718741789742307957e-01 1.013373577842086454e-01
1.151511397749357229e+03 3.149201286145392942e+02 1.524790662295182932e-02 9.117116709667232033e-02
7.442361956579834441e+02 9.493319799574521767e+02 -4.197371755990973903e-03 4.113249722053350516e-03
2.461759848932483408e+02 3.131275041106031836e+02 1.509952529731001247e-02 7.541090856811438932e-03
1.161911470226426218e+03 3.185385333776956713e+02 -2.804636427559797571e-02 5.008180356081665119e-03
3.013345512776327269e+02 5.250834218896712855e+02 1.158193938650270774e-02 2.476506209941902945e-02
5.651963171955839016e+02 4.358666610192795474e+02 -7.048514083072576243e-03 5.061557752447069791e-02
2.494155429679275073e+02 2.925040574066579211e+02 -3.114580943890353070e-03 -1.304414036367954402e-02
9.980682010893164033e+02 2.479526890503521770e+02 -9.471778221842384882e-03 1.254333987285373084e-03
1.003747181805129003e+03 2.494874646013408039e+02 -3.928425537107933796e-02 2.226937453930067853e-02
1.142577299095276658e+03 2.434257515805463186e+02 3.692794261246715344e-03 -2.316647087474307115e-02
7.180159714971696303e+02 9.666900037705638624e+02 3.253905339483305261e-03 -1.012087717513528336e-02
1.072195380856560178e+03 1.999624045527754390e+02 1.640252057938938746e-02 3.526903672233366177e-02
1.102876198085527449e+03 3.212567613683699506e+02 -5.220985023800602670e-02 -3.468252515634697060e-03
2.747394703220764427e+02 5.877369799287924934e+02 -4.744895929784287425e-02 9.405455057632669535e-02
7.155890681847697579e+02 9.738182829763306927e+02 6.416001216080931963e-03 -1.026244256200306397e-02
5.009721503708879027e+02 4.824985972046471829e+02 -3.354728441552039687e-03 1.368473654541179328e-02
2.231027489588066146e+02 5.754916527545473173e+02 -1.406538954364842386e-01 -1.441996245564113599e-01
2.116137883172976615e+02 5.327829125339264920e+02 1.285139228813081402e-01 2.484442991905295162e-01
2.057017674111260419e+02 5.343032307490096855e+02 1.327655080185866920e-01 2.336109733508289488e-01
1.149849652021288421e+03 1.842200405887236911e+02 1.496814820170089093e-02 3.989358677309477741e-03
3.130820479450529206e+02 5.778641627012447088e+02 -1.831655597764850554e-02 -5.915450028592744020e-02
1.102153316053500021e+03 2.720826843220145861e+02 1.687910576793271444e-01 1.172260841050899172e-01
3.265366730629076528e+02 5.530536552282775347e+02 -3.312757146058273924e-03 1.883746864619427933e-05
8.787250604019925504e+01 3.384883840711596008e+02 -7.376069795039972947e-03 -1.106412661304395769e-03
2.398098949383181093e+02 6.298193459416872884e+02 -2.585894444483429703e-03 8.660962927243723991e-03
1.915352916347431176e+02 5.843227428883128596e+02 -9.782253455973591652e-03 -2.347308866041932646e-02
2.540526893771760797e+02 3.686451478743766188e+02 6.041889067249414658e-02 1.717235040621695186e-01
1.166209069397554913e+03 3.326179020165488964e+02 4.259582296486264939e-04 -1.401339957471175839e-03
2.554161041986415910e+02 7.098041777404780532e+02 -2.396594840187072847e-03 8.062070359452120152e-03
2.425168861929092543e+02 7.001279764049696723e+02 5.932644369074683080e-03 2.466135695199947898e-03
1.160117099023749688e+03 3.463480487503206291e+02 8.731446813478871416e-03 -2.065658675551523740e-03
8.243025497330950202e+02 3.975235959225057627e+02 -3.207652582375993856e-03 1.013113223658390107e-02
1.068040779635701938e+03 3.076671060952728567e+02 9.190030227298145657e-03 -9.690587847772592217e-03
1.158799779590620574e+03 1.439371119618276964e+02 4.752375832219180377e-03 -1.423436866963244223e-02
1.159353258619259805e+03 1.830399505004806429e+02 3.731639043350903906e-02 -2.978837632026951759e-02
1.157480362953749136e+03 3.123113915964975718e+02 1.566956579559894425e-01 1.617908608709614227e-01
1.175330831992466756e+03 2.720205023438074363e+02 7.924419505807146422e-03 6.602840664209898465e-03
1.108393019358825313e+03 2.194468034471917690e+02 -2.107933558154580223e-01 5.311045740173041263e-02
2.398463316266753509e+02 3.188377022492211381e+02 -9.134524834947099076e-03 1.269100558400985783e-02
9.795910262334610934e+02 1.778853653317504211e+02 1.273248646044737717e-03 -5.701456265280785331e-04
1.005493918378142553e+03 1.910713120877063034e+02 4.109856569863887255e-03 4.356594077514705510e-02
1.229736713416928978e+03 2.555599937271560691e+02 3.769398130573043348e-04 3.191769328944022571e-02
2.622332134779180706e+02 6.926785570725108983e+02 -4.596500657744220092e-03 -1.866532757374146211e-03
1.154899344905221142e+03 3.264269945053747506e+02 -5.170027468545080121e-03 1.435271056000850531e-01
2.622796494709339754e+02 5.190032041627157469e+02 5.569204305170095265e-02 -1.654033265623456317e-01
2.405274651574748077e+02 2.951960881882923786e+02 1.089776669371673090e-03 1.004229975751119892e-02
1.167739352898858442e+03 2.183213231469873676e+02 3.368150178261932609e-02 -4.407216924661529200e-02
1.106831031524130594e+03 3.585794970142812872e+02 -7.548331699063685549e-03 2.255528372754747341e-03
1.150535336856507001e+03 2.030263747076060667e+02 6.472172892209654416e-02 4.385765490966540836e-02
3.729107884689985326e+02 1.050344838399831815e+03 -5.710941381352366980e-03 -4.114434971071015412e-03
1.795670515190801382e+02 5.232128434981229930e+02 9.994651060852624558e-02 2.190117814406720154e-01
1.100652153995054050e+03 2.274384286047247485e+02 -2.438083252646756210e-02 -2.484726724220274463e-01
2.680167344457972263e+02 7.108204569082034823e+02 2.168027312616839855e-03 -1.763911075799303851e-03
2.449818624582236168e+02 7.217405696797434302e+02 6.648158946409194435e-03 5.902295634103724500e-03
1.185531972452389482e+03 1.734061462328934056e+02 -4.989262561368809461e-03 1.282239255051158960e-02
1.235911682006526689e+03 1.323054684362726903e+02 -9.976013286812322745e-04 -3.902617417210341080e-03
1.184242288772893971e+03 2.043426689341560802e+02 -1.413331125131820354e-01 -5.497753145557611465e-02
3.076025237601223807e+02 5.637609766688699438e+02 1.146540505921152774e-03 -8.153266758752282517e-03
1.024955607968769300e+03 2.680499175169431396e+02 -3.060221455228265275e-02 1.524476648461471802e-02
1.261568192071210206e+03 2.005369050543491198e+02 1.039679935103669144e-03 -2.928712526377442050e-03
1.997210722672132590e+02 5.162626836083725266e+02 2.249215814171561245e-01 2.654895824553495931e-01
3.085853627177100975e+02 4.596753468877141131e+02 2.387043909555365898e-02 9.608465648624371072e-04
1.103633465587375440e+03 1.823928583547195217e+02 1.236399214900518601e-01 5.585956967434858866e-02
1.155440167329922588e+03 2.552079052664772405e+02 -6.562947385348949980e-04 5.985586054890182882e-03
2.280906643359805912e+02 3.010027372707165796e+02 -3.409103837209993826e-02 -4.138653389428003510e-02
5.712359672793627396e+02 4.018660552914362256e+02 2.128018235587003214e-03 -2.939420831843830850e-02
1.061721998959952089e+03 1.611679759046346305e+02 -3.831619555125378041e-03 -2.516096595898901014e-02
9.292099849536921283e+02 9.127865854473963054e+02 -5.755933522008004066e-03 1.139775269462569435e-02
3.292004975084061016e+02 5.225251663826624053e+02 1.048378874879452548e-02 2.037019484276081024e-02
4.976035850817339110e+02 4.591137174146938946e+02 -1.411392067857174986e-03 -3.771549071677444704e-03
9.605325051342744018e+02 1.024561965987966687e+03 2.987304156605286010e-04 9.708280642353381545e-05
2.135737245974118252e+02 7.139720046944088381e+02 2.330366268353990019e-03 -5.193958895830238370e-03
1.151143305256255644e+03 2.255947283534885628e+02 1.012933177369830344e-03 8.589951853486406082e-04
2.281497141987440216e+02 3.351586977472949229e+02 -5.963687599768460745e-02 -1.782475233250597479e-01
1.008366578870567992e+03 9.275021851852753798e+02 -2.450196603662658609e-05 -5.705540556474792725e-04
5.215500633266599380e+02 4.433510466153527432e+02 -2.711513513987699655e-03 -4.700451093260473584e-03
1.153140121174960996e+03 2.438484606508802699e+02 4.574585059733162623e-02 -3.714499294884315850e-02
2.868143715731017664e+02 6.024555945472020539e+02 -2.986677602576032989e-03 -5.499764691877533432e-03
1.072304903266236352e+03 3.434735560696432799e+02 -6.985232202695631620e-04 -1.062264128604668411e-03
1.228450264043932521e+03 2.725705747866994102e+02 4.941100596282931023e-02 1.095970196243529621e-01
5.340650457934450515e+02 4.145483745974369754e+02 1.515672497687476760e-03 -5.902736971800568409e-03
1.099437677034259195e+03 1.722520783902275809e+02 1.730367600146560103e-01 1.504224006317596285e-01
1.962024072695985808e+02 5.212245873500514790e+02 2.495574370441880907e-01 2.621107922544481661e-01
1.013502642328098773e+03 2.382677695379071281e+02 3.470835790575719278e-03 -1.461598674735782935e-02
1.160292826641473766e+03 2.314342149862041538e+02 7.011189202136964421e-03 -1.561598300845436736e-02
2.886104681743697142e+02 4.439869838143073366e+02 3.255992465961181619e-03 3.712909551416820886e-02
2.590139051763189855e+02 5.115769790426405166e+02 5.568722260551424441e-02 -1.500476617180523942e-01
2.507682572335623092e+02 7.148017726602242874e+02 6.351725398477831366e-03 -2.506506019824315725e-03
2.514832972310204298e+02 5.051249122403175420e+02 4.998015625481194019e-02 5.966529161225586630e-02
5.251051559712697099e+02 5.001104675868284630e+02 2.141946380776413479e-03 -4.125939082499452924e-03
1.070876930539878686e+03 1.876318312603949892e+02 -5.631144796705772615e-02 1.778810731331972317e-01
1.114052906265909996e+03 3.607685087964379704e+02 3.725449625138629178e-02 -1.950713681113069864e-02
2.367233483269343139e+02 2.976124042017754050e+02 2.946394034443028907e-03 6.716576775208932780e-03
2.527175335707662498e+02 3.828188509722447179e+02 2.393932151607972014e-02 1.298832524820302814e-01
1.121484860804705022e+03 1.987730388956487388e+02 -1.183596229504410742e-02 -4.454380909664049787e-03
2.633158897722433949e+02 5.301783187096691563e+02 4.837015637566075520e-03 -2.692424812101371079e-03
2.250732027507102089e+02 5.587347047858733049e+02 1.268019084588042911e-01 7.270100793442285658e-02
1.170675728701041862e+03 2.296665763658312471e+02 6.324748656733489467e-03 -8.302249339593425689e-03
1.027419802106270481e+03 8.697304337446470299e+02 -7.637744241373012853e-03 7.689327378894892599e-04
1.227529407511420004e+03 1.487742154937418775e+02 3.327778268378619227e-03 -5.834120937450533798e-03
1.164193129261515423e+03 2.363320288536338296e+02 1.743712888837492666e-03 -2.638628031332522581e-03
2.843078844554750049e+02 6.072811461401553288e+02 6.828698877910429482e-03 1.246389269875063576e-03
1.390969137140241685e+02 3.946646349437696131e+02 -3.214222218620890140e-03 -1.796510396091340403e-02
1.059427735777973794e+03 1.908661155574086763e+02 -6.035106601624386918e-02 8.350265494687640622e-02
1.027178053870247140e+03 1.974910366169257543e+02 -4.920912448398153533e-02 -1.534875552531809462e-01
1.117213250208089676e+03 1.639432465547404831e+02 1.914424427898008679e-02 -4.970864607159482945e-02
1.175933430771444137e+03 3.632672485499692243e+02 -5.239460466987336425e-03 3.699935647701560904e-04
1.375149336001964571e+02 3.889592675917075439e+02 5.156990440602074108e-03 -1.525053067362113282e-02
1.078786735944630209e+03 1.871367441536630452e+02 -1.721926512488995004e-02 1.340959310189990539e-01
1.089769407222529480e+03 2.901628903186146431e+02 1.792361409573792475e-01 3.420992638522733498e-01
1.147170493239461393e+03 2.179634464964260303e+02 3.567723221720208674e-03 9.195865705710376536e-03
1.019871342729654202e+03 8.066558971385899213e+02 -9.170393968343157603e-04 -3.435694293780260848e-05
1.400338335919896622e+02 3.887260214524394542e+02 1.206833394150290915e-02 1.389110806786787895e-02
1.221170059354518571e+03 2.334174632052366860e+02 6.962615608348515783e-03 -8.275108653968166195e-02
5.171146782428851338e+02 4.356831068574746837e+02 2.931548094547096464e-04 1.262161766420311602e-02
1.031477736578577833e+03 1.885096204362389471e+02 7.098185294790430866e-02 -8.979587545552093764e-02
1.207200752038920655e+03 3.964124765265833048e+02 6.538368053531602025e-03 1.229897728126949294e-02
1.922204981124747576e+02 5.345431553286592816e+02 1.127564104120124533e-01 2.164926430124622936e-01
1.158826452342927269e+03 2.494832688182609957e+02 4.811432318799440874e-03 -6.232163547944273921e-03
2.951866864275017974e+02 4.878153946099918130e+02 4.013259558784247963e-03 2.355312299945893847e-02
1.315359565591132593e+02 3.933795201449822798e+02 9.625875024561940038e-03 5.160066640863389745e-03
1.133796282759490623e+03 1.920913948335270618e+02 -3.466102607110473077e-02 6.011035561210060357e-02
3.359423724365298085e+02 5.307632566094223421e+02 -5.626141198614966789e-03 -8.487547092741886887e-03
2.307173316646260730e+02 5.283581346347767749e+02 -6.579005374861268685e-02 1.351423844894585891e-01
2.268107496243533774e+02 5.206542130386774261e+02 -3.524037341968618703e-02 5.122693138688272363e-02
1.199569112639869672e+03 2.436694006928588578e+02 1.019443325802256162e-01 1.718626733638065063e-02
5.176344003239880749e+02 4.825184453920523424e+02 -3.429771616905295806e-03 6.826747165106472094e-03
1.161804452064795214e+03 1.928681442847334040e+02 9.135066300539637293e-03 1.218037900065045221e-03
1.023941089400198848e+03 1.837488710905670644e+02 -5.258411338827095015e-03 1.081140618201791442e-01
1.100769040762586883e+03 1.958061326848826411e+02 4.576563918563617689e-02 -1.513669584512503108e-02
1.089746045331386767e+03 2.246255096093745749e+02 9.087798116516832003e-02 -2.182996206924361915e-02
1.203093569309611667e+03 2.275452046651651870e+02 -8.334349835519274871e-03 8.108141560800806100e-03
1.159767334564897283e+03 3.960553427511468954e+02 -1.063120978644049169e-02 2.297381317885364635e-02
1.269105717136010071e+03 3.913079106448129210e+02 -3.992933220136158159e-03 -3.295992183921336253e-03
1.028224588748007363e+03 2.507472645893504932e+02 -4.086616515244056135e-03 3.446028751280897501e-02
1.132556171324815978e+03 3.164900253331715021e+02 1.870233693218756668e-02 -1.723203468234957986e-02
1.932871056670634289e+02 6.989864019116504323e+02 -2.786009869278177099e-03 2.056976479751947487e-02
2.572708142316358817e+02 3.775842348049438897e+02 5.712469781442034572e-02 2.050120344057421440e-01
2.522709952238439826e+02 4.055207334593945347e+02 -1.548100892146508922e-01 -3.372087369072033769e-01
2.701429863977272703e+02 4.742748777851001591e+02 6.506654571890269079e-02 -1.184956139684897047e-01
2.230185826769316861e+02 5.482058690178099596e+02 9.674439171882459609e-02 2.901074648830352654e-02
1.119019341115905263e+03 3.283017079308590382e+02 8.490372113627890627e-02 2.005184447560580396e-01
2.751600034010509148e+02 5.463927338752391734e+02 -7.349323797891902125e-04 3.392483145786839155e-03
1.128241119177762357e+03 1.842684613336362531e+02 -1.360730782986219363e-02 7.967968107059356098e-02
1.145231521498265010e+03 3.400607496402274137e+02 -2.455314717386806317e-02 1.217516198323670557e-01
2.755515439155621493e+02 5.269781379883286263e+02 5.066026304147348315e-03 1.117478818074763881e-02
5.185049927768972111e+02 4.711082905481882221e+02 3.286188140153550007e-03 1.177787030611068403e-01
5.025643275269340506e+02 4.993138372934405993e+02 2.129880811218421224e-03 9.312232392001124417e-03
2.652751764828442447e+02 5.418239859533483695e+02 -1.422034143742378215e-03 2.171736680950424325e-02
1.087317837063575325e+03 3.327455197742431210e+02 -1.666685001103333091e-02 1.676638937678404453e-02
1.141593039308636435e+03 2.456294989650120044e+02 6.465274580408065380e-03 -3.058199942956456308e-02
1.117225244721862055e+03 3.387563909914044302e+02 -4.175824740390327028e-02 1.779626261352573735e-01
1.055788073277507010e+03 2.219964252161236971e+02 9.541871261035339558e-03 4.843338949733420884e-02
5.110837645955282937e+02 4.387003740850007603e+02 -2.248342314496677360e-03 -5.014295395491250723e-02
2.671906618367468127e+02 4.534252723127441413e+02 -7.764300003486766799e-02 -1.835284048094998621e-01
2.920914516942747809e+02 4.775104026068788130e+02 1.577134741553706679e-03 5.307500920092943220e-02
1.127236912324055993e+03 2.360715754461812139e+02 4.478058361219650063e-02 2.059367450800101557e-02
1.843816303647566031e+02 6.664180455130235714e+02 -2.364362488812951635e-01 3.771845222233202732e-01
1.017194890652388835e+03 2.646591622360941187e+02 -5.147020316381839544e-03 -7.280291200914342821e-03
1.189356465106297037e+03 2.264896697883528702e+02 -6.179204196663398013e-03 1.383464011055146950e-02
1.104428775998964511e+03 1.527188110013817948e+02 1.517109609937691006e-01 5.841515774914857358e-03
1.133687298634264152e+03 1.782463605543090353e+02 -8.876163119461719098e-02 6.835149933239463571e-02
1.051777258833764108e+03 2.999808822327924531e+02 -1.311163655287546619e-03 4.608163602346402980e-03
1.116010291397057017e+03 2.206623224392463101e+02 3.726240532864946720e-02 1.400216058605265324e-01
2.465136444126323170e+02 6.326722415487932949e+02 -7.874087285787513546e-03 -5.217772121570737713e-03
2.378304975908504559e+02 7.640741127908577255e+02 4.959115909639872158e-03 -8.094507921997670186e-04
2.315638201075506970e+02 2.909359587574124930e+02 -1.038716638865650995e-03 -1.519554210576643579e-03
2.717708456651179745e+02 6.309284934564090008e+02 -1.594919925578324252e-03 -2.239365736513718608e-03
1.514185908256472999e+02 4.546663204676403325e+02 -2.011558674526571847e-03 3.260767602306131104e-03
1.040574956800447808e+03 2.021564372406450616e+02 -7.264058942384986339e-03 -9.380729328150972518e-03
2.853102581294708671e+02 4.722532568943536262e+02 1.529596668834825885e-03 9.186247893857182878e-02
1.276422792942274555e+03 3.375329669129841363e+02 3.690373081832561963e-01 3.422957957576964333e-02
2.257148307484334850e+02 7.440551179785310296e+02 2.486831675958117282e-03 5.796101793166321152e-04
3.074761020115647625e+02 5.174699180457495231e+02 9.055265854711476783e-03 -8.242892338006940073e-03
5.339708303775128115e+02 4.266319256747297572e+02 -7.935512719325639452e-03 -3.547986208796786219e-03
1.094518787756339862e+03 3.174479348333584880e+02 -5.669473604979081982e-02 1.505274361652711966e-02
2.239954154138482068e+02 7.233913489566072030e+02 -1.545487154309759073e-05 1.163837101499458522e-02
1.178177753681441800e+03 3.658252852181212234e+02 -3.277120164392071690e-03 4.725052658985014545e-03
2.222694880186342061e+02 5.416070093296963250e+02 9.349486546506052820e-02 3.466929203712117158e-02
2.690217812094564351e+02 6.485525993238061346e+02 -1.237296571253627270e-02 2.629970913128618863e-03
1.246053493121522024e+03 3.764271710800899200e+02 -3.470900622767079668e-01 1.855339822890652857e-01
3.065019860755581931e+02 6.465166933559760309e+02 1.595050867216353530e-02 1.835743944451080287e-02
1.050147974308696575e+03 1.720392095471147513e+02 9.008460685214200736e-02 -9.865343218007054105e-02
9.922460278869035619e+02 2.094233454346588417e+02 -1.594234522062007095e-02 -5.055778922001896020e-02
1.084638006423011348e+03 2.968598939749259102e+02 2.281247859610857631e-01 3.446438342847302772e-01
1.252046395341008292e+03 3.294801103920053720e+02 2.630810372299921540e-01 8.109318678460458729e-02
1.033412652544377863e+02 4.132815317480019530e+02 -1.978531204926962106e-01 -4.845508985730641038e-01
3.024636206263978693e+02 5.534635168911715937e+02 -8.779665948623666463e-03 -3.204135198421512285e-04
1.166436797349991593e+03 2.275910310853506928e+02 -9.264412195710476985e-03 1.590881919777417663e-02
1.153905762915178911e+03 3.945331007209608174e+02 -1.467326530989036294e-02 6.784901937023828100e-02
2.018339988509519003e+02 7.118339305296264001e+02 -3.044220447187112252e-03 -6.507311244050805604e-03
1.174249797825987343e+03 3.072010066735898022e+02 -6.875545828925935972e-03 1.351358392808143377e-02
2.386377293617436521e+02 3.489189141780134946e+02 -6.563600351568631142e-02 -2.806669584247257765e-01
2.336520943501875536e+02 5.307940008374060881e+02 -2.937707255764105980e-03 -2.374130509568941200e-02
1.118981343908120380e+03 2.516037148042343574e+02 6.734048772318323994e-02 3.784218179420718517e-03
2.449480857090479731e+02 5.414925854779177143e+02 5.224486710359546593e-02 -5.809272825839051357e-02
2.676231586139516594e+02 3.802752606797316162e+02 3.099901539166141987e-02 1.678030501065974067e-01
2.216734088824985633e+02 6.666400441825763892e+02 4.498888515928312591e-03 -4.716691411103274972e-04
2.530555831432717184e+02 7.091662828833187859e+02 2.306632063953367728e-02 7.119921985378501426e-03
3.218464287801832597e+02 5.454446943606831155e+02 -5.332686743934967472e-02 -4.700334826173598046e-02
2.114404689123277308e+02 7.359807775621985684e+02 -1.976238022670337782e-03 5.809704500055163680e-03
2.474069642457592408e+02 5.267297232152875495e+02 5.425000931079902028e-02 -7.972179636806527026e-02
1.060020942185430613e+03 2.173089547260753989e+02 -4.485372207083353213e-02 8.095313901232296938e-02
1.195456367186472335e+03 2.971985220372018830e+02 -4.575526424327180375e-01 -2.021155305840642569e-01
1.250328841969110954e+03 3.053399381743344065e+02 -1.859677677557975209e-02 -2.293621723345040664e-02
1.019966965110089973e+03 2.354492997683706790e+02 -7.146893263560135170e-03 5.344352828644976378e-02
1.125720214815749614e+03 2.278489174452295742e+02 -1.987627764701452651e-02 1.859032894984011253e-02
1.112918720357658913e+03 3.690961220929060005e+02 7.136545862931597921e-03 -1.089761256928265150e-02
3.087365567162448770e+02 5.634980483924055079e+02 1.210740322342947689e-04 -4.454002420760237724e-03
7.707789876532507378e+02 9.561409033816212286e+02 3.778720452210260899e-02 -2.113175012993754806e-02
2.502986461940791969e+02 5.944217882838511287e+02 4.220232441735782269e-01 -1.312340406101929480e-01
7.532210759543737595e+02 8.452454135821418504e+02 7.774551280092104662e-04 1.312362443939005642e-03
2.712158386371604024e+02 4.421990177665728652e+02 -2.650249917695251395e-02 -3.020846884769241569e-01
1.275067931726020561e+03 2.604739275784137931e+02 1.387451503699487221e-01 -9.778935690440387907e-02
2.799155494167567895e+02 4.073349623590228248e+02 -3.403978751710953245e-03 -1.295345862465589748e-02
5.065365908884149917e+02 4.254359789140133898e+02 8.653611574601828213e-03 -2.449185246290762341e-02
1.006047379472116859e+03 1.841069531233857788e+02 1.352379187176883935e-01 -9.778342737006424923e-02
1.171840170803485989e+03 1.982454533712596856e+02 -1.098329993103593777e-01 4.509572554476543732e-02
2.895268026944434610e+02 5.420332332898746017e+02 -2.282484211827561296e-02 2.307345198982737114e-02
2.490021817231097430e+02 3.323267466212203658e+02 2.512869241283840344e-02 8.839178316236237509e-02
1.024619223466825588e+03 2.277173878504165145e+02 -3.648273925636783682e-02 9.012552040919828700e-02
9.918522034981260731e+02 2.267198823860929053e+02 -8.501074559433163813e-03 2.081975248815837176e-02
1.013738050426921404e+03 1.758953405583084475e+02 6.666616500540456514e-03 3.983304179561386604e-03
1.011524526346049583e+03 1.711295840625357698e+02 8.103020453247500787e-04 9.325705970904133238e-03
1.134854753310452452e+03 2.976928403597189003e+02 1.291900347510165636e-01 3.530539264258042431e-01
1.268029106785650583e+03 3.315546677522587515e+02 -2.854663887310600057e-01 -1.338954905093619509e-02
2.182824097541348465e+02 5.287655650471295985e+02 -1.559560383386239812e-01 9.834546864487016260e-02
1.265075346015812556e+03 3.372921806316360858e+02 3.605657696465656148e-01 2.719235552002675915e-02
1.214976185638025299e+03 2.434201338991152568e+02 3.224356138089205792e-02 -4.925815129008317972e-02
2.133186083064942693e+02 5.867641857118161397e+02 1.168448475194191899e-01 2.690594468640635228e-01
5.457411871668872436e+02 4.988606498576104400e+02 2.851730309056604764e-03 1.409940130213464511e-04
1.193627912730897378e+03 2.961650273674597429e+02 -4.073850168655692716e-01 -3.144551646265991152e-01
1.259905350404389310e+03 3.061858974698050133e+02 1.370292241032553156e-02 -8.265763639319899728e-03
1.086698321659169011e+02 3.961892274087846886e+02 2.881366884996675037e-01 3.728151094355486306e-01
2.863515254619588859e+02 4.587652931710817370e+02 4.508680339445594876e-02 1.266694956699556673e-01
7.175012299061490921e+02 4.761986379332583397e+02 5.637438663053091423e-03 1.061680784702263847e-02
1.224111759164607975e+03 2.418379489336062420e+02 1.577136321576478456e-02 -4.484800024965611420e-02
1.943451336719744802e+02 6.563765683524007954e+02 -1.976391825420453774e-01 4.675591848756951441e-01
2.955724650673793690e+02 4.610639913025452188e+02 6.227222585522340648e-02 1.393354290522915151e-01
2.595270793120834583e+02 3.959733230858408888e+02 5.366469354083643929e-03 2.392338873772408697e-02
1.206010170718885774e+03 2.587534158485929652e+02 1.965588303581609561e-02 1.781962571670041989e-02
2.256474369083025238e+02 7.153052557137455096e+02 1.326022181873197110e-03 -5.572206676559078413e-03
2.392260821889630904e+02 5.346755233554594042e+02 -5.055883745037384166e-04 -1.232726857522638136e-01
2.498438249933227553e+02 3.988947925985996790e+02 -2.315078713326353399e-01 -3.442267736390581812e-01
1.252995565970742973e+03 3.507890325872293715e+02 -2.299884041736179052e-01 1.157036830633572655e-01
1.495761055557679526e+02 5.370216341727216331e+02 1.310198896754855100e-03 1.536163599660085371e-03
4.999719438926454131e+02 4.360937481314623483e+02 -3.425062647386312078e-04 -1.267801185989810703e-02
1.194708818161088629e+03 2.854869165822764785e+02 -3.198719524443140449e-01 -1.951320017897091863e-01
2.976209104168275417e+02 4.820890375381692934e+02 -5.284607960342262503e-03 -8.743428721717863561e-03
1.237213189046867683e+03 1.355081892887320123e+02 2.101220000445302646e-02 -1.438709076354621665e-03
1.179101979309567014e+03 2.093897563405341486e+02 4.966753892042607976e-02 -4.034104684861673090e-02
2.457447687499623896e+02 6.635537845875728635e+02 -7.920521860577471943e-03 -1.801696824312255807e-02
2.133875577569071709e+02 6.711949380536782428e+02 7.496634149237373177e-04 2.422853374401730091e-03
1.031017783673222539e+03 4.449409220815942376e+02 -2.749079260812767843e-03 -3.224617853544607866e-04
1.004711189536565598e+03 1.787786926264662100e+02 -1.844142937969318885e-02 9.281843713506902557e-03
2.311973383174937737e+02 3.044148352201900707e+02 4.885418687340840373e-03 -8.012120498021128856e-03
1.045796203041384615e+03 2.026170188430483563e+02 1.289040921438855576e-02 -5.683407266921246953e-02
1.140596066188559689e+03 2.088364123382455659e+02 -2.987236921313120297e-03 1.236872949775779003e-02
1.159048974099155203e+03 2.262438170258313619e+02 -6.401890594027766571e-03 1.625711238331683031e-02
2.809748772065064486e+02 4.807331448976065644e+02 1.009232348101172377e-02 4.460805414278080222e-02
1.022820505175658468e+03 1.891947653062242978e+02 7.263870645697455969e-03 -8.606814572258708260e-03
1.055789038200825416e+03 2.691362877513520857e+02 5.681467763352285316e-02 -1.671308495098755287e-01
2.377105712397567459e+02 5.570414946030958845e+02 1.402344816286781315e-01 -2.384571582313748869e-02
1.007696585145657536e+03 1.974031407052563338e+02 -1.119318833032482835e-01 8.715989077875106739e-02
1.100269667863879249e+03 2.026317420623335011e+02 -1.823356832075057610e-01 3.270509563972776035e-01
1.204336989027772006e+03 3.863618136675743813e+02 2.212030103021598443e-02 -7.384725877348627399e-02
2.563492018188119914e+02 3.491717308790601919e+02 6.167984669434171258e-02 1.871851872345920154e-01
2.286606040609963202e+02 5.276537454779007703e+02 -3.624902953346655771e-02 1.098255222963459843e-01
7.444687543360158770e+02 3.949528485295020346e+02 -7.200644047508203069e-03 3.659118249897476459e-04
7.063963416095651837e+02 5.828198945230573145e+02 -1.312777047374078399e-03 3.361226067155013574e-04
2.455646195808343748e+02 7.125616008663644152e+02 1.170443399180329941e-02 -4.014956860497732871e-02
9.336056368985848621e+02 8.983642503831765680e+02 1.811696025669246035e-02 -1.599151103549202937e-02
2.238766800728238309e+02 2.960912070481639375e+02 -7.753244425888823621e-02 -3.567137400972953398e-01
2.912875030751855547e+02 4.774748141400355621e+02 -2.730346618294277137e-03 -1.625307458642453323e-02
2.788911468919545769e+02 3.948653520167895294e+02 2.111291791864857575e-02 7.916361642191986625e-02
2.499998682643907841e+02 7.038311815417272328e+02 -5.275759513929756048e-03 2.207335975476780801e-02
3.329380168299616685e+02 5.344543407644626996e+02 -1.323414025450802070e-02 -1.074662677850994966e-02
2.294827750789223160e+02 7.194397798799948305e+02 3.162003997979212326e-03 -7.804522824224590857e-03
2.062534490087896017e+02 5.429683859981629439e+02 7.375751077061447336e-02 1.963017077157095114e-01
4.920464865175897557e+02 4.484687644064500773e+02 6.162347879843274936e-03 2.024876143061705086e-05
1.079022262012748115e+03 2.419218465230694051e+02 1.976884231863049179e-01 -1.330358427755457332e-02
1.901483590295019042e+02 5.436875928422207380e+02 1.295114708377637647e-01 8.663503624718370266e-02
1.084374686025615574e+03 2.492129958924290918e+02 -2.313033331919613356e-01 -1.678616154088575230e-01
2.567600231462417923e+02 3.590699397483738267e+02 5.674818750268563472e-02 2.364670626528639352e-01
2.733900068389597209e+02 4.296045565978410536e+02 2.169663191128355997e-02 -5.232483790417684355e-02
1.019847441948134929e+03 1.740527497385067477e+02 1.788993398285177935e-02 6.747248063905661106e-03
3.882439259881173825e+02 1.078967197358241265e+03 7.760665996917813850e-03 8.641368830006507934e-03
2.778350827401600895e+02 3.991397469889430454e+02 -9.448230401859960409e-03 -1.164972828991355652e-02
2.529438161843111743e+02 3.418774041928125484e+02 3.860091391226530555e-02 1.440508011708288849e-01
6.830961002284587948e+02 4.168290686839703199e+02 -4.797695354520555844e-01 -1.986275670526392034e-01
1.065685895223479520e+03 1.813313053448444805e+02 1.998344552733085158e-02 -4.801346874144038490e-02
1.134154747572696579e+03 1.772838303619255100e+02 -2.477041304203469740e-01 3.138328946558886084e-02
1.053169376833546266e+03 2.033772898711911239e+02 -6.225426876835626726e-03 -9.534694931674688595e-03
1.076819724129881479e+03 2.202385211228920809e+02 9.183871894917632062e-02 -6.049554803857566665e-02
1.091568916404008860e+03 2.269131463968536195e+02 1.062347427659720567e-01 5.000276873155209273e-02
1.136751332405776793e+03 3.574101398869206605e+02 3.665017133347906603e-02 -7.705843335252861304e-02
2.215452107759971625e+02 6.825143619949440108e+02 -1.401642484855837416e-02 1.370579320134116333e-02
1.143301630768873565e+03 1.487632952006381117e+02 -1.268969514387663367e-02 2.679225261889391432e-02
1.033239704297211574e+03 1.982404266889293751e+02 1.808967701094843505e-03 -3.629909159976437566e-02
1.186168761959327639e+03 2.759847638176239570e+02 -2.873551367560581160e-01 -2.421054731222762602e-01
1.144310206527229639e+03 3.639140071654086341e+02 9.588001967933771621e-04 7.724651642544198317e-03
1.177372630365342047e+03 1.593982140541583021e+02 -4.516656990683093689e-03 7.259191388213580287e-02
1.289877968752629613e+03 3.140567465659312916e+02 5.140843454160430870e-01 -7.355593480191442712e-02
1.131525105613432515e+03 3.735564642238906004e+02 1.538263837605055410e-02 1.020410542966642825e-01
2.858706594271756671e+02 4.840535522911590078e+02 -1.109148397412162979e-02 6.447367078257215667e-03
2.561879825552787793e+02 5.127643911148862799e+02 8.227659932383790675e-02 1.556876371790441027e-01
8.158320022679409931e+02 3.700827931413101055e+02 1.842405868458740770e-03 -8.150635096994029993e-02
1.068756284564180078e+03 2.008366048276229492e+02 -9.692082633533516400e-02 3.433140426934535583e-01
1.083420226504985749e+03 2.190831059609271847e+02 5.818259566079575507e-02 1.224106895572978360e-01
1.126489458979574238e+03 3.069792333899832215e+02 1.280818203100082542e-01 2.726534493678158810e-01
1.243704497752576117e+03 3.063243074840516442e+02 4.649427871221689657e-03 9.328528410072500776e-02
7.500355462470711245e+02 9.159535801369220280e+02 8.032863263682799015e-03 -3.462503543845940612e-02
2.657972303195641643e+02 4.512127707168324946e+02 -5.417840730340854616e-02 -1.634484286544009846e-01
2.399599256663514097e+02 5.080582333510868693e+02 -6.876368945013620892e-02 -5.439501945579282988e-02
1.122709895677633767e+03 2.147723194594493634e+02 -6.746272205858135085e-02 4.153030683412251706e-02
1.128259826187110775e+03 3.241697905430094693e+02 7.424672427605988161e-03 -1.260575786436528463e-02
1.147214080812427028e+03 3.740469785551337054e+02 -2.661781147474856155e-02 3.283814422166180663e-02
1.203153658164326316e+03 1.813422153721449490e+02 5.422867704972531566e-01 -6.814715836495272017e-01
2.082853172461742588e+02 5.825702120392215875e+02 1.397595559291090750e-01 3.616091814943994676e-01
2.353405597206329389e+02 6.405642844674933940e+02 7.076313373156039796e-03 -9.230791218245333607e-03
5.053404084776861964e+02 4.525827501699780555e+02 -4.003839666805121891e-03 -3.685553403758588462e-03
2.246633482478530368e+02 6.774095708136655958e+02 5.296365093520523371e-02 3.447958948688743808e-02
1.019009817211660675e+03 2.148975128176144835e+02 -5.333477115990652509e-03 8.451553034001742237e-02
9.924727565574307846e+02 2.572149697852551071e+02 9.674248004663306075e-03 -5.050872526453937389e-02
1.128260951085921761e+03 2.432196430164127321e+02 -2.378757640907939140e-03 2.141352129225282397e-02
1.195520587615980276e+03 3.290519834960890080e+02 1.022197222893542548e-02 2.037701568550939410e-02
2.375262784422452285e+02 6.624722771309584459e+02 2.528566146493866403e-03 1.144604690281880721e-02
9.777882441952014005e+02 8.453322413840827494e+02 5.063573485005333670e-03 8.751187271782003702e-03
2.703967561965548612e+02 4.056135033491509603e+02 -7.631725505595138292e-02 1.520821273783486416e-01
2.357640231754849367e+02 5.224063735329331166e+02 2.146913774799519975e-02 -3.539357246427243808e-02
1.186170627652924395e+03 2.200320700609655660e+02 1.335560492294815826e-01 -9.829904398343471128e-02
1.317592158024052424e+03 3.245315324255710152e+02 -3.792613889743616240e-01 -5.981096617471461097e-02
2.001329476349988852e+02 5.750784098779924989e+02 3.499761977190966183e-02 2.733967581058112661e-01
7.379571040281817886e+02 6.701172837654402201e+02 3.258875478672541154e-02 -6.300648779190648474e-02
1.061837106380481970e+02 4.066110372894110583e+02 3.484077049134937654e-01 3.247812640740641021e-01
1.123672223114737335e+03 2.428254174531710419e+02 2.853947281363826416e-02 -1.892515346676213253e-02
1.179371856296660553e+03 2.931706671400084474e+02 -4.585862088717931329e-01 -2.650932481586734668e-01
4.639837978651361823e+02 1.099940528186443089e+03 -3.163944196603989296e-03 -6.025651939335847744e-03
1.100368691021411678e+03 1.842434103490225823e+02 -1.960773788020196695e-01 4.084934612023857770e-01
1.066986870598143241e+03 2.107269047322283484e+02 1.354645299434196213e-03 1.303575503116883305e-01
2.595176864144163460e+02 7.189736067634040637e+02 -1.462009226522695791e-03 5.843685395120701287e-03
9.906563092837047861e+02 1.986487339744741689e+02 -1.214900623907055888e-03 -5.329604581862904672e-02
1.111614184554623307e+03 2.263661915298493170e+02 -5.318591851850366231e-02 1.560995961881239680e-01
2.430166851873930796e+02 5.924240076887575697e+02 3.941513744473432723e-01 -1.224921920192751229e-01
5.734607452913686529e+02 4.081539267448599730e+02 -1.654734413536674761e-02 1.126890834463848551e-01
1.044003815923961838e+03 2.260262102072701680e+02 -2.045661111649915986e-01 -7.196814577778068434e-02
2.552267874732129371e+02 8.414075903240437810e+02 6.183219641044339354e-03 -6.452357118303592154e-02
7.229669965916708634e+02 6.825314585193148105e+02 -3.663496222822251736e-02 6.579487761654412292e-02
1.153508057376606217e+02 4.515188967808919642e+02 -1.648015186512174768e-01 -2.768292519080597924e-01
1.060874723775457369e+03 2.601928711640446750e+02 1.000799002583169749e-02 -3.066584535054320618e-02
1.107879262848230155e+03 2.790358565904595025e+02 1.756903999871197442e-01 1.263692618373759291e-01
1.182228261998263406e+03 3.560557486489389021e+02 6.101624765371773708e-03 5.343022070705542338e-04
2.493308904476575378e+02 7.163145061921226215e+02 -3.537020358488069185e-03 5.171517193549458186e-03
2.342292214493814413e+02 3.107859283937667101e+02 -2.493441275668200827e-03 8.179679875613168893e-02
2.645348370588476996e+02 4.271274738112059595e+02 -1.761254884075734994e-01 -1.985628219896533597e-01
2.715131701554175834e+02 3.695932237700201881e+02 4.491378483936885047e-02 1.465887383126192600e-01
1.078581613904052347e+03 2.312512851323038774e+02 1.123385522230797712e-01 -4.907450225589725552e-03
1.173966850897905488e+03 2.972479291555900431e+02 2.967123251602017675e-02 5.479810018117686754e-02
2.255878070120769792e+02 6.819517277532721664e+02 -7.395328548666059258e-03 -2.626839773452480792e-02
9.972915620024101599e+02 1.894911366140109124e+02 2.203816066109425334e-02 1.808537116052093621e-02
1.119271479661261310e+03 1.960323459207050121e+02 8.897096710053346846e-02 -5.672880443824510760e-02
1.176528996656249319e+03 2.039156379149499401e+02 -1.490803993515328260e-02 -1.590956845833105260e-01
1.168013303789135080e+03 3.405349505367768188e+02 1.967740275749747456e-02 2.650183049892120696e-02
2.337891361419572718e+02 5.181115593641884516e+02 -3.690155545422457023e-02 4.790639240075291599e-02
1.082763115377685381e+03 1.976905533689399590e+02 7.942908049108154955e-02 4.101984086778399929e-02
1.182044611615481244e+03 3.413491967335110076e+02 -4.769595596120492983e-03 2.362630203933684461e-02
2.570653724086523084e+02 3.860625784155809015e+02 -4.180921128038209145e-02 -3.762774237850723819e-02
2.878878815829614837e+02 4.366498780136429900e+02 2.254612649049173804e-03 -8.006087543990424160e-02
2.909918069997872294e+02 4.695933269997204320e+02 3.224270572397358592e-02 9.777455189497648302e-02
1.351357157995037596e+03 2.612244321458493914e+02 -4.886141565887353565e-03 6.472354017470631320e-03
1.294723916080857407e+03 3.314188003767170585e+02 -1.340029211776380957e-01 2.320166448189853459e-01
1.047016424178734496e+03 1.665378974605461053e+02 3.299051219032127918e-02 -1.498667307810254701e-01
1.177656195735241681e+03 1.783080995611998674e+02 -8.499610917419886391e-02 1.772519232553038948e-01
1.177695750686280235e+03 3.286723378327796468e+02 -8.921979161614752851e-03 1.418323113706024177e-03
1.302254666780057505e+03 3.233811547959021482e+02 1.467831009889885296e-01 -2.630874665294881676e-01
1.306952360406422940e+03 3.293847474981677124e+02 1.717057377623351644e-01 -1.648976023933762247e-01
1.245870040349690044e+03 3.382531373893527302e+02 2.258823034212047512e-02 -5.236640509143692945e-01
1.287462506824341972e+03 3.588285491690861022e+02 -2.710651877990478686e-01 2.362415539386789054e-02
9.696755126426916149e+01 3.879419658439960585e+02 3.039493563305377677e-01 2.940061431322433805e-01
1.076535120747038263e+03 1.551565717713717731e+02 2.637478131263833458e-01 1.354670396595660520e-01
1.090034983936707249e+03 2.095609923719993049e+02 1.463041617720288456e-01 1.569892680675688268e-01
1.224007871068135955e+03 2.618057448732523085e+02 -1.087876197592171044e-02 1.716748875838144603e-02
1.909294222739408156e+02 5.876859929086660941e+02 -5.120801535202114396e-02 -2.236777661710221028e-03
2.198169570312197152e+02 7.038340075231124047e+02 -8.778949819226984294e-03 1.463688468290153324e-02
1.180581356621754821e+03 2.130576119893262899e+02 3.661003215032516273e-02 -8.730210469559754327e-02
1.247702547021520559e+03 2.918722919640988493e+02 3.857562159966424625e-02 -6.703340648968492133e-02
1.190806110725259032e+03 3.049932883732936375e+02 -4.734564875686179120e-01 -2.704157558266534478e-01
1.121589812370131767e+03 3.355454810789187832e+02 -4.720317244862469626e-03 -5.305049383589935906e-03
4.169769943633929188e+02 1.099869722720500704e+03 -5.332428507094684120e-03 5.370956436568771666e-04
2.545686264780925399e+02 3.855078078584071477e+02 1.682827099760795782e-03 8.970730571965864764e-01
1.040582085167938430e+03 2.719237398245971917e+02 -2.470828879542680614e-02 2.446328535818207139e-01
1.110593046574430218e+03 3.624455751488636679e+02 1.036067976116590572e-01 -3.394250502868334518e-01
1.249587061908591522e+03 3.598237441634477705e+02 -1.128802984981995550e-01 -2.942869768819141724e-02
9.684695480921865283e+02 8.540187945678633241e+02 1.171719415029096739e-02 -1.530723987198493591e-02
1.126443403460179297e+03 4.381699130223016141e+02 3.293126970298013850e-02 1.059999578847244626e-02
3.085657506887359887e+02 5.196373223012075186e+02 -5.156826792931083758e-02 -7.899370458876960044e-02
5.713874729980628899e+02 3.996405205089648689e+02 -3.164300948955397542e-04 7.810687683054724773e-02
5.132019320480395663e+02 4.837395845135766876e+02 1.890754425741389064e-02 2.025867994504696248e-02
1.024493188080250320e+03 2.346647766709427856e+02 2.663650756203010672e-02 3.694624576670497290e-02
1.036770317185003478e+03 2.575891644063946728e+02 -4.881176184345680652e-02 1.459806324074861550e-01
1.172515337286850581e+03 2.051600786497040190e+02 -1.247332787218469602e-01 3.374712550641912473e-02
1.205224023878510025e+03 2.168990597048401980e+02 4.466745481967005632e-02 -1.924992340445612626e-01
1.278527730781269838e+03 2.811304590331462805e+02 -1.583319246657000912e-01 -2.942206693698649622e-01
1.113814771762132068e+03 3.376360285487044735e+02 2.831793527430322144e-02 6.277400451088252509e-02
2.785347861326009138e+02 4.481508001219984294e+02 1.120425684018925977e-01 -3.920688447067277702e-04
2.825576018500872237e+02 4.938052484245657183e+02 -9.866931164640390522e-03 9.236118702295926033e-03
1.014278668636157590e+03 1.934012990159187382e+02 7.219271831457944877e-02 4.284822410917854194e-03
1.016312845872339835e+03 2.288919428611034732e+02 3.651196169456625423e-02 -1.117638145714039410e-01
1.148916897128651954e+03 2.808928277187831668e+02 -2.378005173679866718e-02 2.467574187576247052e-02
1.113802364728786870e+03 3.472070793948837490e+02 1.671180599239505821e-02 -1.465287847224772122e-03
1.207530374805779957e+03 2.699380608885828678e+02 3.190133591313800560e-02 -4.283917931796724088e-02
9.456847024984033112e+01 3.347679435611871099e+02 2.043462609049839784e-02 2.134047869624566829e-03
2.498154751546875900e+02 3.398977373221282505e+02 1.413997441748442441e-01 2.796236458051595264e-01
2.513904135948906742e+02 5.166207242629149050e+02 -6.136684540427239654e-02 1.725672407154945631e-01
1.065150738412299916e+03 2.258247931856626849e+02 5.624705794051010344e-02 1.067105456627359672e-02
1.177946060218579532e+03 2.621864051305792032e+02 -3.958057005630166714e-02 1.273066721426232561e-01
1.044551442787261294e+03 1.818918113620108556e+02 4.660920219456394370e-02 -2.788270567306280409e-02
1.105397348789144189e+03 1.747583640326676004e+02 2.288756030335597352e-02 4.747209920497296072e-03
1.122626841079638780e+03 1.864444468161753719e+02 -5.174131482895712869e-02 -7.502590936314845749e-02
1.050713900061712820e+03 2.289486929769432493e+02 2.071501430279373002e-01 -4.807312688100751075e-02
1.167668816597227760e+03 4.022390402226998276e+02 9.239847360624610373e-02 -6.221725539299021585e-02
2.927298986894276140e+02 6.161900129766643204e+02 3.206986234459918705e-02 -9.460446803180795269e-03
2.782932930758291263e+02 6.845430595251727937e+02 -1.666143064837959792e-02 -1.302181175942353393e-02
3.149119997448081563e+02 5.823204022381306686e+02 3.363177758533960541e-04 -2.134496890611054659e-02
7.509583806188257995e+02 9.340692455527824904e+02 -6.605746300189301382e-03 9.899002578630902369e-03
1.201805418036150286e+03 2.250734855808628083e+02 7.612237194128587117e-04 1.320794857217796013e-02
1.307439493923909595e+03 3.092176907884017396e+02 -1.535838911317644884e-01 2.715904273728521612e-01
2.423759910598031695e+02 5.498623853283189646e+02 -1.275021865318611523e-02 -5.779116193828789244e-02
2.776712041727280393e+02 6.998773397900348527e+02 -8.024183758910415076e-02 -6.924175811315080864e-02
2.075655641814665842e+02 7.314466790470083879e+02 1.114481779523638673e-02 2.251726065526327147e-02
2.473304721708464058e+02 5.322826308027333653e+02 1.297730188207594781e-01 -6.211598086258618423e-02
1.038203171739283334e+03 1.755552396524732046e+02 -1.314330660154610086e-01 2.266886879300329949e-01
1.171210861898892517e+03 3.400077102199211936e+02 -1.371329638175666221e-01 1.491981512254369480e-01
2.015678291301375111e+02 5.841782808960199418e+02 -6.596865744680827093e-02 2.192047843284626596e-01
1.035338671277237381e+03 8.668816090190493924e+02 -4.510748312895884737e-04 -8.540130519531886205e-03
1.495473289841713154e+02 5.370779390724233053e+02 1.505092551784770194e-02 2.293909876371458267e-02
4.647246238400385323e+02 4.561138608839822268e+02 4.334012410174636898e-02 -2.520778495587165935e-01
4.646253983596100738e+02 4.083282626165407692e+02 -2.822500806786365501e-03 9.139651031034645712e-03
1.064257190870163413e+03 1.784417538412267845e+02 -1.564457825293175119e-01 4.811906448795539859e-01
1.081507920401593537e+03 3.400416848956922422e+02 -2.038929396167077357e-02 3.166761525855577020e-02
1.131496159428448209e+03 3.065388165833434186e+02 2.108823530875270080e-03 1.618459783903176685e-01
1.280497583670156018e+03 3.298906995464720353e+02 -2.279720049326670051e-01 2.148127465940206093e-01
2.961662521545719642e+02 6.423998883168526390e+02 -4.179649462372481139e-02 1.527996406520060191e-02
7.007891665101933540e+02 4.382720960073026504e+02 -3.270126670012511033e-02 2.056057681378812771e-02
1.040337284847747014e+03 1.602773646763295403e+02 1.405176454588854540e-01 3.545040392667431206e-01
2.212450826386493361e+02 5.859510656658119387e+02 -1.344385622414847603e-01 -1.117527528902731576e-01
3.731237819752716405e+02 1.050543957444326907e+03 -6.021649657175960797e-03 -7.794939804928920904e-04
2.788953266300273413e+02 4.637294106176950663e+02 -3.398843086318947826e-02 -1.189878132449280201e-01
2.755976108661394051e+02 5.136783014106734981e+02 3.626738405182550196e-02 -1.224089404476558229e-01
5.179716394679054474e+02 4.634008872102565988e+02 -4.653453583011923911e-02 -2.368200279308894096e-01
5.232521234752679220e+02 4.947596642141135135e+02 2.263567724213544352e-02 -9.643519183501325642e-02
1.249193354127772864e+03 2.870291682127712534e+02 1.223038444837698080e+00 -6.798996118712352654e-01
1.168007982996903138e+03 3.088240210736014433e+02 -3.426095458283953121e-01 6.522443424667301315e-01
1.144593928339063268e+03 3.408314504398182976e+02 2.473555027427210007e-02 -5.794959237107377703e-03
1.152855137196282840e+03 3.389797037438993925e+02 -2.274939902872574748e-02 1.661607558696687192e-02
1.299499059730316276e+03 3.417047043562521935e+02 8.402737972812701628e-02 2.379605167658382925e-02
9.448279087321609495e+02 9.193857227219924653e+02 -1.698978068742462710e-02 1.054905938997308112e-02
2.477985697139464492e+02 3.176915395279106065e+02 0.000000000000000000e+00 0.000000000000000000e+00
1.031424619043352493e+02 4.130906576990885242e+02 0.000000000000000000e+00 0.000000000000000000e+00
2.234152951000827727e+02 5.313622908569935817e+02 0.000000000000000000e+00 0.000000000000000000e+00
2.927231630469034371e+02 4.445074078066829202e+02 0.000000000000000000e+00 0.000000000000000000e+00
1.141049445461398818e+03 1.565125674925971566e+02 0.000000000000000000e+00 0.000000000000000000e+00
1.042920168725669328e+03 2.076335391683066973e+02 0.000000000000000000e+00 0.000000000000000000e+00
1.111150434246712166e+03 2.145838181474429973e+02 0.000000000000000000e+00 0.000000000000000000e+00
1.177597199658381214e+03 3.738179517313406564e+02 0.000000000000000000e+00 0.000000000000000000e+00
1.244717329756507525e+03 3.732513135964908884e+02 0.000000000000000000e+00 0.000000000000000000e+00
2.720224845548167991e+02 5.902139092263769271e+02 0.000000000000000000e+00 0.000000000000000000e+00
7.472918338426480886e+02 6.614610208436184848e+02 0.000000000000000000e+00 0.000000000000000000e+00
